season,week,celebrity_name,c_hat,pi_hat,p_mean,j_metric,risk_rank,alive_n,m_elim,is_elim_obs
1,2,Evander Holyfield,0.06464193850215286,0.3173158473401343,0.06464073591073263,1.202591421187391e-06,2.0,6,1,False
1,2,Joey McIntyre,0.45245596051515785,0.023914161821034292,0.44887108595410136,0.003584874502136416,5.0,6,1,False
1,2,John O'Hurley,0.9322779218913753,0.000975951635511384,0.05508804724232743,0.8771898688524947,6.0,6,1,False
1,2,Kelly Monaco,0.38675240984872644,0.03705837971728253,0.3867282551537427,2.4154694393768075e-05,4.0,6,1,False
1,2,Rachel Hunter,0.14769056062978356,0.1824069465068914,0.028975818267284317,0.11871473935343953,3.0,6,1,False
1,2,Trista Sutter,0.016181217481513945,0.4383287129791461,0.015696057471811277,0.00048516000611434286,1.0,6,1,True
1,3,Evander Holyfield,0.033022662738881485,0.7170691529102966,0.03300689184427524,1.577089515763756e-05,1.0,5,1,True
1,3,Joey McIntyre,0.36660919888964527,0.07757630576758191,0.36024676581001513,0.006362433205746139,4.0,5,1,False
1,3,John O'Hurley,0.3437812676595765,0.0903280687251485,0.2967688901292401,0.0470123758829574,3.0,5,1,False
1,3,Kelly Monaco,0.30965172699195,0.11340647878849679,0.3073111187155232,0.002340608372220518,2.0,5,1,False
1,3,Rachel Hunter,0.9469351561709294,0.0016199938084763903,0.0026663335009464804,0.9442688116439183,5.0,5,1,False
1,4,Joey McIntyre,0.47516651828018225,0.1689263040137543,0.4721965953166524,0.0029699230231969107,3.0,4,1,False
1,4,John O'Hurley,0.45482484123106964,0.19346057195856128,0.4518549182675398,0.0029699230231969107,2.0,4,1,False
1,4,Kelly Monaco,0.7890994409494158,0.020833794373632534,0.06238322057054006,0.7267162032220472,4.0,4,1,False
1,4,Rachel Hunter,0.2809092041959456,0.6167793296540519,0.013565265845268144,0.26734395073155903,1.0,4,1,True
1,6,Joey McIntyre,,,0.5394275951175823,,,3,3,True
1,6,John O'Hurley,0.6269817982265997,,0.35804036598897454,0.2689414213699951,1.0,3,3,True
1,6,Kelly Monaco,0.8335906364581395,,0.10253203889344224,0.7310585786300049,2.0,3,3,True
2,1,Drew Lachey,0.9368776308646548,0.00038426206123237883,0.03304179779199243,0.9038358051199642,10.0,10,1,False
2,1,George Hamilton,0.09017446758769514,0.1086636408255683,0.09017419110221529,2.7648547013883303e-07,6.0,10,1,False
2,1,Giselle Fernandez,0.06192021503995938,0.13118636303148326,0.016920880078783458,0.04499933502283101,5.0,10,1,False
2,1,Jerry Rice,0.3817871041800622,0.015551747367280573,0.38171945041258865,6.765376393125247e-05,9.0,10,1,False
2,1,Kenny Mayne,0.010884063206647721,0.1843543909634426,0.010884062790968619,4.1567909209555184e-10,1.0,10,1,True
2,1,Lisa Rinna,0.16140456633320785,0.06758526069217334,0.16140252336663682,2.0429666493950526e-06,7.0,10,1,False
2,1,Master P,0.035388456926662794,0.1565690799813424,0.03538845683391225,9.27505423896344e-11,3.0,10,1,False
2,1,Stacy Keibler,0.22896517985439307,0.043076854402388155,0.22287518191090233,0.00608999775077406,8.0,10,1,False
2,1,Tatum O'Neal,0.061307387079965886,0.13172342384563632,0.016308052118789967,0.04499933502283101,4.0,10,1,False
2,1,Tia Carrere,0.03129095695239812,0.16090497682945265,0.031285403593210505,5.553359119198432e-06,2.0,10,1,False
2,2,Drew Lachey,0.34575914467336294,0.022532059630825857,0.22662316138507482,0.11913598673436808,7.0,9,1,False
2,2,George Hamilton,0.09360675219697587,0.12101991482281307,0.0936034716147984,3.280582064443076e-06,5.0,9,1,False
2,2,Giselle Fernandez,0.021219646123151942,0.19608256578349695,0.020732764563670097,0.00048688154787924944,2.0,9,1,False
2,2,Jerry Rice,0.382423973076355,0.01764596205003786,0.3823580808254958,6.589225218491863e-05,8.0,9,1,False
2,2,Lisa Rinna,0.1691755157982428,0.07312449211008502,0.16917545571228348,6.008595643719746e-08,6.0,9,1,False
2,2,Master P,0.03551908228265497,0.17825342079903844,0.035519082037097395,2.455575706203347e-10,4.0,9,1,False
2,2,Stacy Keibler,0.9079402035650699,0.0005310311702534679,0.027637714761206335,0.8803024893817034,9.0,9,1,False
2,2,Tatum O'Neal,0.010693809486940941,0.21033638211473712,0.010693809082084959,4.0485598986319473e-10,1.0,9,1,True
2,2,Tia Carrere,0.03366186878373466,0.18047417151871215,0.03365646001828847,5.408765429924638e-06,3.0,9,1,False
2,3,Drew Lachey,0.5818676783966992,0.006546738141170825,0.10414324545144776,0.4777244394581647,8.0,8,1,False
2,3,George Hamilton,0.10550162446686945,0.1567638644053014,0.10549364565629721,7.978810648018094e-06,4.0,8,1,False
2,3,Giselle Fernandez,0.014319032302894497,0.28790327485232536,0.014297343646405947,2.1688655997223125e-05,1.0,8,1,True
2,3,Jerry Rice,0.4293474884685816,0.01809739848950734,0.4293470912269891,3.972415912271176e-07,6.0,8,1,False
2,3,Lisa Rinna,0.1922723301153319,0.08790610478588519,0.1869652908693688,0.005307039144174497,5.0,8,1,False
2,3,Master P,0.04012775745589643,0.2423944613775057,0.04012775018016308,7.275733536502043e-09,2.0,8,1,False
2,3,Stacy Keibler,0.5621958077122787,0.007464158782692782,0.08447137476702726,0.4777244394581647,7.0,8,1,False
2,3,Tia Carrere,0.07436826948402928,0.1929239991656114,0.03515425820230054,0.03921400995552628,3.0,8,1,False
2,4,Drew Lachey,0.9578373686112713,0.0006476697786048175,0.03567614710705988,0.9221612379182113,7.0,7,1,False
2,4,George Hamilton,0.10051196165853503,0.19659158410101957,0.10050987727039205,2.0843881640445854e-06,3.0,7,1,False
2,4,Jerry Rice,0.40459948856455874,0.025890554736533417,0.4042901379261412,0.0003093506322218766,6.0,7,1,False
2,4,Lisa Rinna,0.20777931119029178,0.09615992934620318,0.16186760793153895,0.045911704598428034,4.0,7,1,False
2,4,Master P,0.02316892288384826,0.3292273870482074,0.023168819108271684,1.0377557602845418e-07,1.0,7,1,True
2,4,Stacy Keibler,0.26072656997889154,0.06756100792416202,0.23287971393614879,0.027846856478616098,5.0,7,1,False
2,4,Tia Carrere,0.04537635894404069,0.2839218670652696,0.04160769672044829,0.0037686622087828125,2.0,7,1,False
2,5,Drew Lachey,0.3092421852811415,0.06716124310032887,0.2912736051543791,0.017968580022232318,4.0,6,1,False
2,5,George Hamilton,0.09617256591731221,0.27798314174993854,0.0960991324347002,7.343347962461509e-05,2.0,6,1,False
2,5,Jerry Rice,0.3957850861675725,0.03771823516891911,0.3957751480271073,9.938140764047308e-06,5.0,6,1,False
2,5,Lisa Rinna,0.17282681374480444,0.1667560809862842,0.17193221083279195,0.0008946029220403149,3.0,6,1,False
2,5,Stacy Keibler,1.0019599079795984,0.0006629724721787587,0.02090870139085329,0.9810512279363985,6.0,6,1,False
2,5,Tia Carrere,0.024013419659000036,0.4497183265223505,0.024011202160168367,2.2174989402595147e-06,1.0,6,1,True
2,6,Drew Lachey,0.6082979616821365,0.020267629341039786,0.11112089726334372,0.49717707427615354,5.0,5,1,False
2,6,George Hamilton,0.08654819383008248,0.6567850429284708,0.08648683730206062,6.135652533280864e-05,1.0,5,1,True
2,6,Jerry Rice,0.4901799857416115,0.0445440315274096,0.4901186292135896,6.135652533280864e-05,3.0,5,1,False
2,6,Lisa Rinna,0.2284832707169767,0.25496414803274986,0.22296013250307398,0.005523138397027227,2.0,5,1,False
2,6,Stacy Keibler,0.586490568136725,0.02343914817032989,0.08931350371793224,0.49717707427615354,4.0,5,1,False
2,7,Drew Lachey,0.5427160242031052,0.09129092700618079,0.18372177867393033,0.358994242617783,2.0,4,1,False
2,7,Jerry Rice,0.5652324115302266,0.07856624530883365,0.564692685534604,0.0005397260144048746,3.0,4,1,False
2,7,Lisa Rinna,0.21865021231660026,0.7919435808337795,0.1700656244445719,0.04858458750499092,1.0,4,1,True
2,7,Stacy Keibler,0.6734013653378295,0.03819924685120597,0.0815199113468932,0.5918814438628213,4.0,4,1,False
2,8,Drew Lachey,0.8260940822781541,0.07690543615097235,0.09861891595735332,0.7274751568004648,3.0,3,3,True
2,8,Jerry Rice,0.6844195176472,0.19776385407411004,0.6795178286355964,0.004901689049672921,2.0,3,3,True
2,8,Stacy Keibler,0.48948641171617835,0.7253307097749176,0.2218632554070505,0.2676231541498624,1.0,3,3,True
3,1,Emmitt Smith,0.3062350707788264,0.03311668900008197,0.19302752192209116,0.11320754716981132,11.0,11,1,False
3,1,Harry Hamlin,0.09311910445287425,0.13711369381873703,0.012930427737977084,0.08018867924528301,3.0,11,1,False
3,1,Jerry Springer,0.08868192232365728,0.1412302698440329,0.013210223085833788,0.07547169811320754,2.0,11,1,False
3,1,Joey Lawrence,0.28389254058892716,0.03843573231596344,0.18483593906457413,0.09905660377358491,9.0,11,1,False
3,1,Mario Lopez,0.29614929795646394,0.035419971941816744,0.17350778669500078,0.12264150943396226,10.0,11,1,False
3,1,Monique Coleman,0.12173487584431575,0.11329994179156216,0.03211223672469066,0.08962264150943396,6.0,11,1,False
3,1,Sara Evans,0.2514429238958022,0.04771846042044176,0.18068820958563298,0.07075471698113207,7.0,11,1,False
3,1,Shanna Moakler,0.09777994217313563,0.13291877296802013,0.012874280530584207,0.08490566037735849,4.0,11,1,False
3,1,Tucker Carlson,0.06482927455998239,0.16557252717847593,0.00822550013161477,0.05660377358490566,1.0,11,1,True
3,1,Vivica A. Fox,0.11983795497831778,0.11474184666472093,0.01606436852631049,0.10377358490566038,5.0,11,1,False
3,1,Willa Ford,0.27629709244769707,0.040432094056147005,0.1725235059956898,0.10377358490566038,8.0,11,1,False
3,2,Emmitt Smith,0.3069425478443819,0.041452924876766564,0.2025947227940279,0.10434782608695652,10.0,10,1,False
3,2,Harry Hamlin,0.10383447220473409,0.16055110139748574,0.012530125285674334,0.09130434782608696,2.0,10,1,False
3,2,Jerry Springer,0.09434975648406707,0.17103081052860022,0.011741064136063684,0.08260869565217391,1.0,10,1,False
3,2,Joey Lawrence,0.3022127155292985,0.042780853676849945,0.17612576522717446,0.12608695652173912,9.0,10,1,False
3,2,Mario Lopez,0.28722450498915514,0.047276439430178924,0.19592015807009538,0.09130434782608696,8.0,10,1,False
3,2,Monique Coleman,0.141744280516118,0.12469618081787623,0.028700800894707633,0.11304347826086956,5.0,10,1,False
3,2,Sara Evans,0.2678609797270485,0.05379078825683906,0.17655663280798872,0.09130434782608696,6.0,10,1,False
3,2,Shanna Moakler,0.10461346211185678,0.1597194781032943,0.008961291632559144,0.09565217391304348,3.0,10,1,True
3,2,Vivica A. Fox,0.11687100373037027,0.1471867326080088,0.012523178680016263,0.10434782608695652,4.0,10,1,False
3,2,Willa Ford,0.27434626196180834,0.05151469030410022,0.17434626047169222,0.1,7.0,10,1,False
3,3,Emmitt Smith,0.3076611249185566,0.05426749095770189,0.21587368235359233,0.09178743961352658,9.0,9,1,False
3,3,Harry Hamlin,0.11383233756233521,0.19757480460638666,0.007552144829524235,0.10628019323671498,2.0,9,1,True
3,3,Jerry Springer,0.11131089881138377,0.2009240270643494,0.009861625284715224,0.10144927536231885,1.0,9,1,False
3,3,Joey Lawrence,0.28853839453961166,0.06164611580282415,0.1822582018068007,0.10628019323671498,7.0,9,1,False
3,3,Mario Lopez,0.29828005966693794,0.05776977929827218,0.19199986693412693,0.10628019323671498,8.0,9,1,False
3,3,Monique Coleman,0.16302260088812245,0.14233482168267278,0.032587819575179956,0.13043478260869565,4.0,9,1,False
3,3,Sara Evans,0.28551865158089,0.06289972824960292,0.16474570122965176,0.12077294685990338,5.0,9,1,False
3,3,Vivica A. Fox,0.14541818149087965,0.1600593969487546,0.014983400177937136,0.13043478260869565,3.0,9,1,False
3,3,Willa Ford,0.2864177505412825,0.0625238353894354,0.18013755780847152,0.10628019323671498,6.0,9,1,False
3,4,Emmitt Smith,0.33436976483273373,0.05906784269282835,0.21315764000820983,0.12121212121212122,8.0,8,1,False
3,4,Jerry Springer,0.12327775471563167,0.24128208517052774,0.012166642776678274,0.1111111111111111,1.0,8,1,False
3,4,Joey Lawrence,0.3294539056869811,0.061035707011402686,0.19309026525939163,0.13636363636363635,6.0,8,1,False
3,4,Mario Lopez,0.3339660643593959,0.05922702824805032,0.18750141849681656,0.14646464646464646,7.0,8,1,False
3,4,Monique Coleman,0.15312447944463198,0.19774702495148597,0.03191235462010804,0.12121212121212122,3.0,8,1,False
3,4,Sara Evans,0.2827688285576741,0.08332035701822382,0.18175872950429123,0.10101010101010101,4.0,8,1,False
3,4,Vivica A. Fox,0.13044571817604428,0.2300232300020752,0.009233593351520342,0.12121212121212122,2.0,8,1,True
3,4,Willa Ford,0.3125934916774885,0.068296724905406,0.17117935598298475,0.1414141414141414,5.0,8,1,False
3,5,Emmitt Smith,0.3556095316777345,0.07651534264362465,0.20643825379706587,0.14917127071823205,7.0,7,2,False
3,5,Jerry Springer,0.14430654950792177,0.31299206098562327,0.011709863025492269,0.13259668508287292,1.0,7,2,False
3,5,Joey Lawrence,0.33287168891236324,0.08903921552767088,0.19475014359757442,0.13812154696132597,5.0,7,2,False
3,5,Mario Lopez,0.3477548815089112,0.08062877636182805,0.19858360362824254,0.14917127071823205,6.0,7,2,False
3,5,Monique Coleman,0.180672781062591,0.24560788044422044,0.03150150318192235,0.14917127071823205,2.0,7,2,False
3,5,Sara Evans,0.30984627991265107,0.10381179780253917,0.17724959343022156,0.13259668508287292,3.0,7,2,True
3,5,Willa Ford,0.32893831722014977,0.09140492623449357,0.17976703933948113,0.14917127071823205,4.0,7,2,True
3,7,Emmitt Smith,0.5358957075971904,0.04941050016826032,0.32478459416812094,0.2111111111111111,5.0,5,1,False
3,7,Jerry Springer,0.1832361500359089,0.5186486467496314,0.012865779886296473,0.17037037037037037,1.0,5,1,True
3,7,Joey Lawrence,0.5086023540159365,0.05927091100840355,0.29749124058686693,0.2111111111111111,3.0,5,1,False
3,7,Mario Lopez,0.5145695418053433,0.05695932372530717,0.30716214179332696,0.2074074074074074,4.0,5,1,False
3,7,Monique Coleman,0.2576962465456209,0.3157106183483976,0.057696243565388654,0.2,2.0,5,1,False
3,8,Emmitt Smith,0.5822331068458756,0.09374571291667497,0.33452667867567143,0.24770642201834864,4.0,4,1,False
3,8,Joey Lawrence,0.5584388354619029,0.10986083305998119,0.3107324072916987,0.24770642201834864,2.0,4,1,False
3,8,Mario Lopez,0.5787668699313973,0.09593723552285092,0.31729896607893443,0.26146788990825687,3.0,4,1,False
3,8,Monique Coleman,0.28056121756314667,0.7004562185004929,0.03744194795369538,0.24311926605504589,1.0,4,1,True
3,10,Emmitt Smith,0.7425796191518136,,0.24257961915181359,0.5,2.0,3,3,True
3,10,Joey Lawrence,,,0.5300984338223923,,,3,3,True
3,10,Mario Lopez,0.7273219470257941,,0.22732194702579417,0.5,1.0,3,3,True
4,2,Apolo Anton Ohno,0.339440913516595,0.02556414786802558,0.2333184644761821,0.10612244897959183,9.0,11,1,False
4,2,Billy Ray Cyrus,0.13202168757808155,0.10189936774930221,0.0463073995221848,0.08571428571428572,7.0,11,1,False
4,2,Clyde Drexler,0.09554516277535936,0.12995166421804297,0.022075777270636768,0.07346938775510205,2.0,11,1,False
4,2,Heather Mills,0.113439578400195,0.11533794411229548,0.015480395243704669,0.09795918367346938,6.0,11,1,False
4,2,Ian Ziering,0.1648592159634457,0.0818647814695606,0.07506329869087794,0.08979591836734693,8.0,11,1,False
4,2,Joey Fatone,0.3794465868815557,0.019579564737483342,0.28148740372506537,0.09795918367346938,11.0,11,1,False
4,2,John Ratzenberger,0.10591366254450701,0.12127239767049854,0.020199374488610256,0.08571428571428572,5.0,11,1,False
4,2,Laila Ali,0.37637546203711125,0.019984571933213686,0.26617138378002736,0.11020408163265306,10.0,11,1,False
4,2,Leeza Gibbons,0.09724915274742683,0.12848377534555183,0.011534864691530075,0.08571428571428572,3.0,11,1,False
4,2,Paulina Porizkova,0.09309537620719446,0.13209144898598127,0.007381088151297711,0.08571428571428572,1.0,11,1,True
4,2,Shandi Finnessey,0.10261320134852811,0.12397033591004458,0.02098054995988293,0.08163265306122448,4.0,11,1,False
4,3,Apolo Anton Ohno,0.3431739356007328,0.030690635521221685,0.23766934830806158,0.10550458715596331,8.0,10,1,False
4,3,Billy Ray Cyrus,0.1394372141513471,0.11936695284927686,0.04310693652960104,0.0963302752293578,6.0,10,1,False
4,3,Clyde Drexler,0.0943745031960762,0.1611959102151859,0.02098001092751388,0.07339449541284404,1.0,10,1,False
4,3,Heather Mills,0.1248698982134676,0.13154089941501546,0.014778152360043522,0.11009174311926606,5.0,10,1,False
4,3,Ian Ziering,0.18246096894542346,0.08960197425924506,0.07236922309199938,0.11009174311926606,7.0,10,1,False
4,3,Joey Fatone,0.3909574227256646,0.022318166662140707,0.2808656768722405,0.11009174311926606,10.0,10,1,False
4,3,John Ratzenberger,0.11280482663809088,0.14255838511910213,0.021061707577097685,0.09174311926605505,3.0,10,1,False
4,3,Laila Ali,0.37899842062000066,0.024170374186777664,0.2826681429982546,0.0963302752293578,9.0,10,1,False
4,3,Leeza Gibbons,0.12349851037490693,0.1327490376849619,0.013406764521482855,0.11009174311926606,4.0,10,1,False
4,3,Shandi Finnessey,0.10942431443545057,0.14580766408707257,0.013094036813704506,0.0963302752293578,2.0,10,1,True
4,4,Apolo Anton Ohno,0.3742335197554856,0.029870142991392276,0.23739141794312293,0.1368421052631579,7.0,9,1,False
4,4,Billy Ray Cyrus,0.15564084244649223,0.12827083599244885,0.04511452657859137,0.11052631578947368,5.0,9,1,False
4,4,Clyde Drexler,0.10074080279115065,0.18496085333688825,0.02179343750718458,0.07894736842105263,2.0,9,1,False
4,4,Heather Mills,0.1363353765267124,0.14588914330461047,0.01528274628102683,0.12105263157894737,4.0,9,1,False
4,4,Ian Ziering,0.20274829420458912,0.09369963148819205,0.07643250677001118,0.12631578947368421,6.0,9,1,False
4,4,Joey Fatone,0.4236340529287905,0.021488599346015737,0.27626563673864313,0.14736842105263157,9.0,9,1,False
4,4,John Ratzenberger,0.10649178048969372,0.17800370199118798,0.022281250566254695,0.08421052631578947,3.0,9,1,False
4,4,Laila Ali,0.406364475839223,0.0241106353853706,0.2958381599713222,0.11052631578947368,8.0,9,1,False
4,4,Leeza Gibbons,0.09381084756728154,0.19370645616389381,0.00960031764384252,0.08421052631578947,1.0,9,1,True
4,5,Apolo Anton Ohno,0.4020245558209436,0.03142795387125586,0.23157000901174712,0.17045454545454544,6.0,8,1,False
4,5,Billy Ray Cyrus,0.1466012394165874,0.17252115332347906,0.050010333034980335,0.09659090909090909,4.0,8,1,False
4,5,Clyde Drexler,0.08867698489573499,0.2538342649170816,0.014813351918726162,0.07386363636363637,1.0,8,1,True
4,5,Heather Mills,0.13417574486783146,0.18742082456449652,0.014857565081626164,0.11931818181818182,3.0,8,1,False
4,5,Ian Ziering,0.2175728849058903,0.10748760661866519,0.08120924447830088,0.13636363636363635,5.0,8,1,False
4,5,Joey Fatone,0.4423343788700379,0.02402189230385291,0.3002889256792344,0.14204545454545456,7.0,8,1,False
4,5,John Ratzenberger,0.12480784076127158,0.19949899152092623,0.022535114165869816,0.10227272727272728,2.0,8,1,False
4,5,Laila Ali,0.44380636301112253,0.02378731288024258,0.2847154566295155,0.1590909090909091,8.0,8,1,False
4,6,Apolo Anton Ohno,0.40937014254377335,0.043839458596515536,0.2446642551069066,0.16470588235294117,5.0,7,1,False
4,6,Billy Ray Cyrus,0.17118429619213243,0.2145279290762467,0.047654884339772656,0.12352941176470589,3.0,7,1,False
4,6,Heather Mills,0.1454920701413911,0.25460706684120227,0.010197945657328893,0.13529411764705881,2.0,7,1,True
4,6,Ian Ziering,0.22530331633784864,0.14955234536044434,0.08412683926322553,0.1411764705882353,4.0,7,1,False
4,6,Joey Fatone,0.45717306770860755,0.031875832642845735,0.2983495328623017,0.1588235294117647,7.0,7,1,False
4,6,John Ratzenberger,0.13467709275835632,0.27364216661022667,0.02291238608711837,0.11176470588235295,1.0,7,1,False
4,6,Laila Ali,0.4568000441202132,0.031955200872518776,0.29209415668334643,0.16470588235294117,6.0,7,1,False
4,7,Apolo Anton Ohno,0.43253355183224845,0.05785866672017637,0.2577762649260061,0.17475728155339806,4.0,6,1,False
4,7,Billy Ray Cyrus,0.17596981114219726,0.3200343052683623,0.052992464960327744,0.12297734627831715,2.0,6,1,False
4,7,Ian Ziering,0.2569117251348156,0.1865716661291772,0.08215443822857321,0.17475728155339806,3.0,6,1,False
4,7,Joey Fatone,0.4816593061579505,0.04169987900491613,0.2907207887066642,0.19093851132686085,5.0,6,1,False
4,7,John Ratzenberger,0.16039484770142573,0.35505094407512605,0.014763772796030228,0.14563106796116504,1.0,6,1,True
4,7,Laila Ali,0.4925307878336847,0.03878453880224186,0.3015922703823984,0.19093851132686085,6.0,6,1,False
4,8,Apolo Anton Ohno,0.48012155939155793,0.07577086062575035,0.24904585529381013,0.23107569721115537,3.0,5,1,False
4,8,Billy Ray Cyrus,0.1889830986079565,0.5277574832515375,0.037588671785294146,0.15139442231075698,1.0,5,1,True
4,8,Ian Ziering,0.28211882535174826,0.28364742941519694,0.09486782375529745,0.18725099601593626,2.0,5,1,False
4,8,Joey Fatone,0.52630387035503,0.055691733299394586,0.307180357848545,0.21912350597609562,5.0,5,1,False
4,8,Laila Ali,0.5224726760960294,0.05713249340812058,0.31131729131705294,0.21115537848605578,4.0,5,1,False
4,9,Apolo Anton Ohno,0.5291872798793236,0.14731369970436922,0.2802421330802361,0.2489451476793249,2.0,4,1,False
4,9,Ian Ziering,0.3077145447937953,0.6448703089447946,0.06298881079835765,0.24472573839662448,1.0,4,1,True
4,9,Joey Fatone,0.5825035575269645,0.10324682426254113,0.32933899792422705,0.25316455696202533,4.0,4,1,False
4,9,Laila Ali,0.5805946177999155,0.10456916708829511,0.32743005819717813,0.25316455696202533,3.0,4,1,False
4,10,Apolo Anton Ohno,0.6271058670798779,0.4261585571705662,0.2873373679439069,0.3397685007685367,1.0,3,3,True
4,10,Joey Fatone,0.6861140451829049,0.28755772506870186,0.3540679834286781,0.33204606818489824,2.0,3,3,True
4,10,Laila Ali,0.6867800877372179,0.286283717760732,0.3585946486274156,0.3281854310465651,3.0,3,3,True
5,1,Albert Reed,0.10050945678592998,0.10778571261272164,0.01879739710928279,0.08171206225680934,5.0,12,1,False
5,1,Cameron Mathison,0.12367195629817213,0.09236318330966885,0.04195989662152494,0.08171206225680934,8.0,12,1,False
5,1,Floyd Mayweather Jr.,0.08675614940793212,0.11813568414173096,0.016717242178031763,0.07003891050583658,3.0,12,1,False
5,1,Helio Castroneves,0.33994056497914094,0.0218442499270759,0.24266430204016465,0.09727626459143969,11.0,12,1,False
5,1,Jane Seymour,0.1158933858613396,0.09727923812974675,0.022508173737945593,0.0933852140077821,6.0,12,1,False
5,1,Jennie Garth,0.17621229608129868,0.06506973352729822,0.0945002364046515,0.08171206225680934,9.0,12,1,False
5,1,Josie Maran,0.07218089988396184,0.13019094228412137,0.009924090559935731,0.0622568093385214,1.0,12,1,True
5,1,Marie Osmond,0.3448334123461388,0.02114320850879062,0.2631213526694916,0.08171206225680934,12.0,12,1,False
5,1,Mark Cuban,0.09569213122446946,0.11130349032174301,0.013980071547822263,0.08171206225680934,4.0,12,1,False
5,1,Mel B,0.3364934871310785,0.02235205458697793,0.24310827500768453,0.0933852140077821,10.0,12,1,False
5,1,Sabrina Bryan,0.1234476040801177,0.09250143257260604,0.022280290325559143,0.10116731517509728,7.0,12,1,False
5,1,Wayne Newton,0.08436862984338818,0.12003107007751877,0.010438671797905549,0.07392996108949416,2.0,12,1,False
5,2,Albert Reed,0.10048815776381183,0.12682439394621023,0.012252861454817531,0.08823529411764706,3.0,11,1,True
5,2,Cameron Mathison,0.1309170273630707,0.10353857764392943,0.042681731054076404,0.08823529411764706,6.0,11,1,False
5,2,Floyd Mayweather Jr.,0.10792047094931276,0.12069354539078382,0.01968517464031846,0.08823529411764706,4.0,11,1,False
5,2,Helio Castroneves,0.36192202188222783,0.02219597524836013,0.2484766430422582,0.1134453781512605,10.0,11,1,False
5,2,Jane Seymour,0.11204629667875017,0.11741904828076606,0.023811000369755878,0.08823529411764706,5.0,11,1,False
5,2,Jennie Garth,0.18409835734958002,0.07263174420058685,0.09586306104058573,0.08823529411764706,8.0,11,1,False
5,2,Marie Osmond,0.36284948921855953,0.02205915838122461,0.26200915164407756,0.10084033613445378,11.0,11,1,False
5,2,Mark Cuban,0.09281331497661166,0.13348231849801112,0.017183059933105038,0.07563025210084033,2.0,11,1,False
5,2,Mel B,0.3421389887932537,0.025325147251335195,0.24550033164060098,0.09663865546218488,9.0,11,1,False
5,2,Sabrina Bryan,0.13349333295254476,0.10177544874042083,0.02424963453440435,0.1092436974789916,7.0,11,1,False
5,2,Wayne Newton,0.07131256442401919,0.15405464241837172,0.008287350646000242,0.06302521008403361,1.0,11,1,False
5,3,Cameron Mathison,0.14047110431816875,0.11897304498518722,0.04423679762509167,0.09623430962343096,6.0,10,1,False
5,3,Floyd Mayweather Jr.,0.10611237821933435,0.14959851345851236,0.018246273080078826,0.08786610878661087,3.0,10,1,False
5,3,Helio Castroneves,0.3523002051624323,0.02898281155002291,0.25188179396715416,0.100418410041841,8.0,10,1,False
5,3,Jane Seymour,0.13605778002176888,0.12252549327494366,0.023087070221048677,0.11297071129707113,4.0,10,1,False
5,3,Jennie Garth,0.20890605962166353,0.07538919175899,0.10011944687256379,0.1087866108786611,7.0,10,1,False
5,3,Marie Osmond,0.37265011285403987,0.02530588298662341,0.26386350010494014,0.1087866108786611,10.0,10,1,False
5,3,Mark Cuban,0.10021916239924539,0.15559293941175634,0.016537154311610347,0.08368200836820083,2.0,10,1,False
5,3,Mel B,0.3631611478707615,0.02695844656451691,0.25019043807004127,0.11297071129707113,9.0,10,1,False
5,3,Sabrina Bryan,0.13849090372255518,0.12055406108459842,0.025520193921834973,0.11297071129707113,5.0,10,1,False
5,3,Wayne Newton,0.08163113835945003,0.1761196149248487,0.00631733182563656,0.07531380753138076,1.0,10,1,True
5,4,Cameron Mathison,0.16111921766267734,0.13311488786265346,0.04573460170494037,0.11538461538461539,5.0,9,1,False
5,4,Floyd Mayweather Jr.,0.1098514405623956,0.18735360264217493,0.011560840679792909,0.09829059829059829,2.0,9,1,True
5,4,Helio Castroneves,0.37322289375978845,0.032368575706316134,0.2578382778020515,0.11538461538461539,8.0,9,1,False
5,4,Jane Seymour,0.13398536390222293,0.15950973139816604,0.022874251963269525,0.1111111111111111,3.0,9,1,False
5,4,Jennie Garth,0.21513885623275883,0.09285894766714606,0.09975424027502186,0.11538461538461539,6.0,9,1,False
5,4,Marie Osmond,0.37335818404644483,0.03233939450882981,0.26224707210749143,0.1111111111111111,9.0,9,1,False
5,4,Mark Cuban,0.10931302425356408,0.18802730592950032,0.015295928389744955,0.09401709401709402,1.0,9,1,False
5,4,Mel B,0.3724754475823894,0.032530270018926465,0.261364335643436,0.1111111111111111,7.0,9,1,False
5,4,Sabrina Bryan,0.15153558689891958,0.1418972842662869,0.0233304514342513,0.1282051282051282,4.0,9,1,False
5,5,Cameron Mathison,0.16983706613360328,0.16862192670289267,0.03918380399523657,0.1306532663316583,4.0,8,1,False
5,5,Helio Castroneves,0.3790096537924079,0.04181165678068813,0.26343176232340615,0.11557788944723618,6.0,8,1,False
5,5,Jane Seymour,0.15792459867769537,0.18255938884904488,0.02727133653932866,0.1306532663316583,2.0,8,1,False
5,5,Jennie Garth,0.22903967140979542,0.1136331245981818,0.10341152786082997,0.12562814070351758,5.0,8,1,False
5,5,Marie Osmond,0.38983963822511647,0.03889926184692616,0.2843119988360784,0.10552763819095477,7.0,8,1,False
5,5,Mark Cuban,0.11532812331057321,0.24251220545494134,0.009800483921535128,0.10552763819095477,1.0,8,1,True
5,5,Mel B,0.39400417957864536,0.03783413228756662,0.24827553186975254,0.1457286432160804,8.0,8,1,False
5,5,Sabrina Bryan,0.1650170688721625,0.17412830347975822,0.02431355465383213,0.1407035175879397,3.0,8,1,False
5,6,Cameron Mathison,0.18274704066646497,0.21398623086799168,0.04385814515483777,0.1388888888888889,3.0,7,1,False
5,6,Helio Castroneves,0.4243104502939143,0.04275511940444504,0.26875488910903117,0.15555555555555556,7.0,7,1,False
5,6,Jane Seymour,0.15154792811081735,0.263461106828376,0.02932570572302668,0.12222222222222222,1.0,7,1,False
5,6,Jennie Garth,0.2528894975878728,0.13406104980217892,0.10288949162740832,0.15,4.0,7,1,False
5,6,Marie Osmond,0.41214460420101967,0.04636730517353158,0.28436681913822975,0.12777777777777777,5.0,7,1,False
5,6,Mel B,0.4201598789767556,0.0439546937449735,0.2534932073430352,0.16666666666666666,6.0,7,1,False
5,6,Sabrina Bryan,0.156200637416058,0.25541449417850337,0.017311741904430803,0.1388888888888889,2.0,7,1,True
5,7,Cameron Mathison,0.2093335815556962,0.28583551706843346,0.045872045386644085,0.16346153846153846,2.0,6,1,False
5,7,Helio Castroneves,0.4439459323042774,0.05981964937846163,0.277279260670557,0.16666666666666666,5.0,6,1,False
5,7,Jane Seymour,0.17764289928856697,0.3530775585289249,0.01738648368302194,0.16025641025641027,1.0,6,1,True
5,7,Jennie Garth,0.27562020022798805,0.18373706463738435,0.10574840803076058,0.16987179487179488,3.0,6,1,False
5,7,Marie Osmond,0.4525999045696968,0.05646613305481278,0.2859332329359764,0.16666666666666666,6.0,6,1,False
5,7,Mel B,0.44085749695493576,0.06106407733198291,0.26778056929304,0.17307692307692307,4.0,6,1,False
5,8,Cameron Mathison,0.22282519984078025,0.4830484971666322,0.028908849237676604,0.19391634980988592,1.0,5,1,True
5,8,Helio Castroneves,0.49066917356404827,0.08100335433320387,0.2739391302720027,0.21673003802281368,5.0,5,1,False
5,8,Jennie Garth,0.30907241059799984,0.2718187956359755,0.1189583445932467,0.19011406844106463,2.0,5,1,False
5,8,Marie Osmond,0.4887304302777377,0.08205711429300802,0.3024186488713351,0.18631178707224336,4.0,5,1,False
5,8,Mel B,0.48870278571943415,0.08207223857118044,0.2757750270257391,0.21292775665399238,3.0,5,1,False
5,9,Helio Castroneves,0.5556111188938276,0.1335561890862938,0.2992008479644911,0.2564102564102564,3.0,4,1,False
5,9,Jennie Garth,0.32974262641235486,0.6020329820092017,0.08187937842174665,0.24786324786324787,1.0,4,1,True
5,9,Marie Osmond,0.5648189714999841,0.12560431358590926,0.325502731546943,0.23931623931623933,4.0,4,1,False
5,9,Mel B,0.5498273129961557,0.1388065153185952,0.29341704206681923,0.2564102564102564,2.0,4,1,False
5,10,Helio Castroneves,0.6662536387200617,0.3341584300070563,0.3133126919026637,0.35294095402801606,2.0,3,3,True
5,10,Marie Osmond,0.6712190153958513,0.3232780247357366,0.38130220202228565,0.2899168190830813,3.0,3,3,True
5,10,Mel B,0.6625273458840868,0.3425635452572071,0.3053851060750505,0.35714222688890257,1.0,3,3,True
6,2,Adam Carolla,0.08620725856696973,0.1179931024345956,0.012277300521487088,0.07392996108949416,2.0,12,2,False
6,2,Cristian de la Fuente,0.3510348201603093,0.020188418361189803,0.2732138112992444,0.07782101167315175,11.0,12,2,False
6,2,Jason Taylor,0.3550682746762619,0.01965279160724251,0.25000991010612106,0.10505836575875487,12.0,12,2,False
6,2,Kristi Yamaguchi,0.33743629430966215,0.02210416230821952,0.2323779297395213,0.10505836575875487,10.0,12,2,False
6,2,Mario,0.1385037499760239,0.08326121985001957,0.03733643622146535,0.10116731517509728,9.0,12,2,False
6,2,Marissa Jaret Winokur,0.13586823284191546,0.08473705633450841,0.05415617316526827,0.08171206225680934,8.0,12,2,False
6,2,Marlee Matlin,0.1105385791616753,0.10032524566566448,0.017153367038281284,0.0933852140077821,6.0,12,2,False
6,2,Monica Seles,0.11014970300917842,0.10058567707523272,0.0517839445007346,0.058365758754863814,5.0,12,2,True
6,2,Penn Jillette,0.09574161962640032,0.11072656255568465,0.029593763212082232,0.06614785992217899,4.0,12,2,True
6,2,Priscilla Presley,0.091797461484218,0.11367666531157848,0.010085401807570813,0.08171206225680934,3.0,12,2,False
6,2,Shannon Elizabeth,0.11598278049671729,0.0967492605785201,0.022597568373323277,0.0933852140077821,7.0,12,2,False
6,2,Steve Guttenberg,0.07167120333892649,0.1299998379175441,0.009414394014900372,0.0622568093385214,1.0,12,2,False
6,3,Adam Carolla,0.10972892555337346,0.14337811173178414,0.017623663571886185,0.09210526315789473,3.0,10,1,False
6,3,Cristian de la Fuente,0.39270472473665713,0.021736219070616576,0.2830556029753351,0.10964912280701754,10.0,10,1,False
6,3,Jason Taylor,0.385913824090341,0.02274289119788737,0.285036628493646,0.10087719298245613,9.0,10,1,False
6,3,Kristi Yamaguchi,0.3672173304552869,0.025761880842649243,0.24879627507875723,0.11842105263157894,8.0,10,1,False
6,3,Mario,0.1363029302591171,0.12010006223631028,0.04419766827762982,0.09210526315789473,6.0,10,1,False
6,3,Marissa Jaret Winokur,0.14642662352409508,0.11226183539220914,0.0630932877072349,0.08333333333333333,7.0,10,1,False
6,3,Marlee Matlin,0.10856364171479213,0.14449629073736242,0.016458379733304863,0.09210526315789473,2.0,10,1,False
6,3,Priscilla Presley,0.12677059069213342,0.12798002252769808,0.012735505848497856,0.11403508771929824,4.0,10,1,False
6,3,Shannon Elizabeth,0.12773518842364098,0.12715966813196533,0.0224720297446325,0.10526315789473684,5.0,10,1,False
6,3,Steve Guttenberg,0.09863622055056273,0.1543830181315174,0.006530958569075453,0.09210526315789473,1.0,10,1,True
6,4,Adam Carolla,0.09406718879130753,0.19746186697276272,0.009622747890028083,0.08444444444444445,1.0,9,1,True
6,4,Cristian de la Fuente,0.40740017736271844,0.02445070125276097,0.29184462273434625,0.11555555555555555,9.0,9,1,False
6,4,Jason Taylor,0.3983620060773657,0.025969255870569623,0.26947311593015655,0.1288888888888889,8.0,9,1,False
6,4,Kristi Yamaguchi,0.3908082187192691,0.027310519406769224,0.2619193285720599,0.1288888888888889,7.0,9,1,False
6,4,Mario,0.15379411681046026,0.13260383076335044,0.047127447560925656,0.10666666666666667,5.0,9,1,False
6,4,Marissa Jaret Winokur,0.16670062105494063,0.12167123416873514,0.06003395180540603,0.10666666666666667,6.0,9,1,False
6,4,Marlee Matlin,0.12485956826392719,0.1608163381932402,0.01819289901439258,0.10666666666666667,3.0,9,1,False
6,4,Priscilla Presley,0.1108877006329591,0.17651550887074569,0.013109924212842666,0.09777777777777778,2.0,9,1,False
6,4,Shannon Elizabeth,0.15312040973763252,0.13320074450106598,0.028675962279842135,0.12444444444444444,4.0,9,1,False
6,5,Cristian de la Fuente,0.4205091634178758,0.029754845108722026,0.30316222099310164,0.11734693877551021,8.0,8,1,False
6,5,Jason Taylor,0.41093728392553863,0.031715467938984575,0.2731821879668289,0.1377551020408163,7.0,8,1,False
6,5,Kristi Yamaguchi,0.40770476996831856,0.03240635684668967,0.2597455823414799,0.14795918367346939,6.0,8,1,False
6,5,Mario,0.18365861582693543,0.1443145987548626,0.04590351986822573,0.1377551020408163,4.0,8,1,False
6,5,Marissa Jaret Winokur,0.18630362334300118,0.14179214911951882,0.06385464253474313,0.12244897959183673,5.0,8,1,False
6,5,Marlee Matlin,0.13095362342024974,0.20507222746435,0.01870872682954005,0.11224489795918367,2.0,8,1,False
6,5,Priscilla Presley,0.11487310525391652,0.22827834610670597,0.00773024704669071,0.10714285714285714,1.0,8,1,True
6,5,Shannon Elizabeth,0.14505981484416408,0.18666600866016633,0.0277128724193899,0.11734693877551021,3.0,8,1,False
6,6,Cristian de la Fuente,0.4443926980776622,0.03600928895697002,0.2943926921171977,0.15,7.0,7,1,False
6,6,Jason Taylor,0.4296607617828177,0.03972536261006432,0.29632742149560914,0.13333333333333333,6.0,7,1,False
6,6,Kristi Yamaguchi,0.420892990239849,0.042116586877059985,0.2542263186061286,0.16666666666666666,5.0,7,1,False
6,6,Mario,0.2004894775645327,0.18305715048941748,0.04493391637964959,0.15555555555555556,3.0,7,1,False
6,6,Marissa Jaret Winokur,0.21283361407029816,0.1685958040877393,0.06838916333425232,0.14444444444444443,4.0,7,1,False
6,6,Marlee Matlin,0.12847567527105894,0.2958611975456977,0.011809008107686899,0.11666666666666667,1.0,7,1,True
6,6,Shannon Elizabeth,0.16325482024668428,0.23463460943305123,0.02992147995947571,0.13333333333333333,2.0,7,1,False
6,7,Cristian de la Fuente,0.46805143922985293,0.049659977934959895,0.3191841301363776,0.1488673139158576,6.0,6,1,False
6,7,Jason Taylor,0.4553727986409769,0.05403995099969739,0.2773792775466547,0.1779935275080906,5.0,6,1,False
6,7,Kristi Yamaguchi,0.4449063980982613,0.05794530856849173,0.27014911119201895,0.17475728155339806,4.0,6,1,False
6,7,Mario,0.21403063593982125,0.2700673460447414,0.048982096301301965,0.1650485436893204,2.0,6,1,False
6,7,Marissa Jaret Winokur,0.2357802763733745,0.23361483496965715,0.06749548764561418,0.16828478964401294,3.0,6,1,False
6,7,Shannon Elizabeth,0.1818584368165522,0.3346725814824525,0.016809897178032922,0.1650485436893204,1.0,6,1,True
6,8,Cristian de la Fuente,0.5220172100904382,0.06228233208234144,0.30853407021788726,0.21348314606741572,5.0,5,1,False
6,8,Jason Taylor,0.4962887652348357,0.0739360667616617,0.301532212657817,0.1947565543071161,4.0,5,1,False
6,8,Kristi Yamaguchi,0.48869527987328126,0.07777530721598346,0.2827027749189432,0.20599250936329588,3.0,5,1,False
6,8,Mario,0.23096330895521244,0.43356300776486534,0.032461438919087246,0.19850187265917604,1.0,5,1,True
6,8,Marissa Jaret Winokur,0.2620354209450715,0.35244328617514803,0.07476950328626564,0.18726591760299627,2.0,5,1,False
6,9,Cristian de la Fuente,0.5784892148750724,0.09922128874833053,0.3239437646645012,0.2545454545454545,4.0,4,1,False
6,9,Jason Taylor,0.5706409094643341,0.10455096246887638,0.3206409094643341,0.25,3.0,4,1,False
6,9,Kristi Yamaguchi,0.5623517954918966,0.11049114604658763,0.3032608950707541,0.2590909090909091,2.0,4,1,False
6,9,Marissa Jaret Winokur,0.28851806526753626,0.6857366027362055,0.052154430800411315,0.23636363636363636,1.0,4,1,True
6,10,Cristian de la Fuente,0.6775893086347421,0.30941373219751866,0.3698969894800027,0.3076923076923077,3.0,3,3,True
6,10,Jason Taylor,0.6658917786846232,0.33450868838275444,0.3286136808166575,0.33727810650887574,2.0,3,3,True
6,10,Kristi Yamaguchi,0.6565189126806347,0.35607757941972684,0.30148932970333975,0.35502958579881655,1.0,3,3,True
7,1,Brooke Burke,0.31470272413389994,0.02259936208648074,0.21748050025599314,0.09722222222222222,12.0,13,2,False
7,1,Cloris Leachman,0.0702340920634045,0.1153201945816443,0.006742024905182303,0.06349206349206349,1.0,13,2,False
7,1,Cody Linley,0.13846896330026398,0.07317204276025212,0.05711975434926758,0.08134920634920635,10.0,13,2,False
7,1,Jeffrey Ross,0.08724378294682882,0.10295732900279754,0.039624734440807316,0.047619047619047616,4.0,13,2,True
7,1,Kim Kardashian,0.13123325583204176,0.07678823730229214,0.05782055434450055,0.07341269841269842,8.0,13,2,False
7,1,Lance Bass,0.33904592943300865,0.01921389363741261,0.25372846675028465,0.08531746031746032,13.0,13,2,False
7,1,Maurice Greene,0.10172999481364156,0.09347928632178298,0.024349039594372766,0.07738095238095238,7.0,13,2,False
7,1,Misty May-Treanor,0.136009626001941,0.0743816298324729,0.0526762901850808,0.08333333333333333,9.0,13,2,False
7,1,Rocco DiSpirito,0.08213334615395372,0.10652547937404896,0.012688898398140126,0.06944444444444445,2.0,13,2,False
7,1,Susan Lucci,0.08418228723202685,0.10508027609593723,0.010769585744485648,0.07341269841269842,3.0,13,2,False
7,1,Ted McGinley,0.10172300709380244,0.09348364113697348,0.02831030560626125,0.07341269841269842,6.0,13,2,True
7,1,Toni Braxton,0.10079319299805059,0.09406492360613142,0.011507476583598995,0.08928571428571429,5.0,13,2,False
7,1,Warren Sapp,0.3124998315247494,0.022933704261773522,0.22718236884202542,0.08531746031746032,11.0,13,2,False
7,2,Brooke Burke,0.3395151274830729,0.026072248634514038,0.2309178414375216,0.1085972850678733,9.0,11,2,False
7,2,Cloris Leachman,0.07485518576901977,0.15221151344411266,0.0069818791965824845,0.06787330316742081,1.0,11,2,False
7,2,Cody Linley,0.15870557291988457,0.08703135955558608,0.06368294669870463,0.09502262443438914,8.0,11,2,False
7,2,Kim Kardashian,0.13939618059651943,0.0989879168360082,0.062473100807834595,0.07692307692307693,6.0,11,2,True
7,2,Lance Bass,0.3586741971206574,0.022946016467268918,0.2681764575076012,0.09049773755656108,11.0,11,2,False
7,2,Maurice Greene,0.11380465026757723,0.11740247544302225,0.02783179726264483,0.08597285067873303,4.0,11,2,False
7,2,Misty May-Treanor,0.15336027084979742,0.0901886741558325,0.05833764462861747,0.09502262443438914,7.0,11,2,True
7,2,Rocco DiSpirito,0.08443049595113528,0.14279866314899964,0.01203230277057421,0.07239819004524888,2.0,11,2,False
7,2,Susan Lucci,0.10577385013473764,0.12385935156479448,0.010751223913557685,0.09502262443438914,3.0,11,2,False
7,2,Toni Braxton,0.1170364063209458,0.1149000881865345,0.012964006883518273,0.10407239819004525,5.0,11,2,False
7,2,Warren Sapp,0.354448084938394,0.023601692563326622,0.24585079889284273,0.1085972850678733,10.0,11,2,False
7,4,Brooke Burke,0.3892425687619918,0.02712845819736273,0.2611637504407638,0.12807881773399016,7.0,9,1,False
7,4,Cloris Leachman,0.11755033409414134,0.16597959503640947,0.009175947068308214,0.10837438423645321,2.0,9,1,False
7,4,Cody Linley,0.18296684339400549,0.10731353650176818,0.06966634854432363,0.11330049261083744,6.0,9,1,False
7,4,Lance Bass,0.4246316184942879,0.021427096157037345,0.29655280017305985,0.12807881773399016,9.0,9,1,False
7,4,Maurice Greene,0.1312654473605531,0.1514765414265116,0.03274328343299801,0.09852216748768473,5.0,9,1,False
7,4,Rocco DiSpirito,0.09762677413935945,0.18955677661005968,0.008956825859501815,0.08866995073891626,1.0,9,1,True
7,4,Susan Lucci,0.1301719747241218,0.1525848124193452,0.011945372050591194,0.11822660098522167,4.0,9,1,False
7,4,Toni Braxton,0.12320600195359405,0.1598379368045216,0.014831614927760911,0.10837438423645321,3.0,9,1,False
7,4,Warren Sapp,0.4033384445285257,0.02469524684698418,0.29496405750269256,0.10837438423645321,8.0,9,1,False
7,5,Brooke Burke,0.40257371262126046,0.03273792701320879,0.25385575786643105,0.14871794871794872,6.0,8,1,False
7,5,Cloris Leachman,0.11578453130175977,0.22150875812291648,0.008092222577833217,0.1076923076923077,1.0,8,1,False
7,5,Cody Linley,0.21336777697905907,0.11557355390061388,0.06977802704676996,0.14358974358974358,5.0,8,1,False
7,5,Lance Bass,0.44075171683789044,0.025381339157765394,0.3330594081139639,0.1076923076923077,8.0,8,1,False
7,5,Maurice Greene,0.1692449949202831,0.15509828891353847,0.030783449810534283,0.13846153846153847,4.0,8,1,False
7,5,Susan Lucci,0.12632759151429518,0.20647411649153855,0.01350707796782835,0.11282051282051282,3.0,8,1,False
7,5,Toni Braxton,0.12238013399788678,0.21197989687638918,0.00955962045141995,0.11282051282051282,2.0,8,1,True
7,5,Warren Sapp,0.4095695716298874,0.0312461195240293,0.2813644361652191,0.1282051282051282,7.0,8,1,False
7,6,Brooke Burke,0.43305747763523367,0.035466567725597066,0.27055748359569814,0.1625,5.0,7,1,False
7,6,Cloris Leachman,0.09927635047119172,0.32825738563842355,0.0055263504711917264,0.09375,1.0,7,1,True
7,6,Cody Linley,0.22025187722347864,0.1465394244736252,0.07650188020371088,0.14375,4.0,7,1,False
7,6,Lance Bass,0.475087571126617,0.02679967807366118,0.30633756814638474,0.16875,7.0,7,1,False
7,6,Maurice Greene,0.1671193963514615,0.20882801958822472,0.03586940231192599,0.13125,3.0,7,1,False
7,6,Susan Lucci,0.1580654712329672,0.22182095361707954,0.014315474213199437,0.14375,2.0,7,1,False
7,6,Warren Sapp,0.44714184105788946,0.032287970883388736,0.29089184105788946,0.15625,6.0,7,1,False
7,7,Brooke Burke,0.4579400413250476,0.051096433431949126,0.2538584016775638,0.20408163265306123,5.0,6,1,False
7,7,Cody Linley,0.23028046295277993,0.23309479618488063,0.08062060579888743,0.14965986394557823,3.0,6,1,False
7,7,Lance Bass,0.4791283799161924,0.04436536548155616,0.30906035432720314,0.17006802721088435,6.0,6,1,False
7,7,Maurice Greene,0.20490978825119227,0.2760502882010974,0.034841762662203006,0.17006802721088435,2.0,6,1,False
7,7,Susan Lucci,0.17211867665117828,0.34350115132860604,0.008853373873887932,0.16326530612244897,1.0,6,1,True
7,7,Warren Sapp,0.4556226509036104,0.05189196537191065,0.31276550166025563,0.14285714285714285,4.0,6,1,False
7,8,Brooke Burke,0.4811339827205238,0.07900712313834642,0.2654477061654625,0.21568627450980393,3.0,5,1,False
7,8,Cody Linley,0.2727651549995891,0.3169244865899154,0.08452985720047868,0.18823529411764706,2.0,5,1,False
7,8,Lance Bass,0.5254030415301297,0.05881582527242395,0.32932460694360477,0.19607843137254902,5.0,5,1,False
7,8,Maurice Greene,0.21043769659891154,0.4801890700044226,0.02220239879980112,0.18823529411764706,1.0,5,1,True
7,8,Warren Sapp,0.5102601390520065,0.06506349499489157,0.29849543089065245,0.21176470588235294,4.0,5,1,False
7,9,Brooke Burke,0.5419645110308826,0.12568782011125,0.2981834212481677,0.24378109452736318,2.0,4,1,False
7,9,Cody Linley,0.2875819895527612,0.6851821332884342,0.058726275350834044,0.22885572139303484,1.0,4,1,True
7,9,Lance Bass,0.5984852687784287,0.08622810449548933,0.31490317744694674,0.2835820895522388,4.0,4,1,False
7,9,Warren Sapp,0.5719682157367658,0.10290194210482653,0.328187125954051,0.24378109452736318,3.0,4,1,False
7,10,Brooke Burke,0.6460752328680839,0.37971296186816816,0.29313404763210665,0.35294117647058826,1.0,3,3,True
7,10,Lance Bass,0.6895805168709628,0.28411536688423805,0.36605109458779017,0.3235294117647059,3.0,3,3,True
7,10,Warren Sapp,0.6643442800632752,0.33617167124759384,0.34081485778010256,0.3235294117647059,2.0,3,3,True
8,2,Belinda Carlisle,0.07342582416079739,0.11246306667918757,0.005501294846756248,0.06792452830188679,2.0,13,1,True
8,2,Chuck Wicks,0.10147629456275223,0.09328149369930755,0.026004595324928742,0.07547169811320754,7.0,13,1,False
8,2,David Alan Grier,0.07452205272707806,0.11164416117369784,0.01037110837492809,0.06415094339622641,3.0,13,1,False
8,2,Denise Richards,0.09378814060286345,0.0981872230391984,0.014542856403148792,0.07924528301886792,5.0,13,1,False
8,2,Gilles Marini,0.3111611233814491,0.023051316361116254,0.20927432941038737,0.1018867924528302,12.0,13,1,False
8,2,Holly Madison,0.19429688750213492,0.05024031452630865,0.12637235818809378,0.06792452830188679,10.0,13,1,False
8,2,Lawrence Taylor,0.08847861385138156,0.10172498437505857,0.013006914613558077,0.07547169811320754,4.0,13,1,False
8,2,Lil' Kim,0.11764046763332545,0.08375204444925666,0.030848013509828437,0.08679245283018867,8.0,13,1,False
8,2,Melissa Rycroft,0.32505406015614435,0.021012201614562832,0.22694085114697382,0.09811320754716982,13.0,13,1,False
8,2,Shawn Johnson,0.3045757291013803,0.02408587346331852,0.2140096900159921,0.09056603773584905,11.0,13,1,False
8,2,Steve Wozniak,0.095340903987054,0.0971760555832761,0.03118995963490403,0.06415094339622641,6.0,13,1,False
8,2,Steve-O,0.06718194596015484,0.1172432370864303,0.014351756493678394,0.052830188679245285,1.0,13,1,False
8,2,Ty Murray,0.15305797127464574,0.06613802794928073,0.07758627203682225,0.07547169811320754,9.0,13,1,False
8,3,Chuck Wicks,0.11768046698230596,0.09695480703168775,0.02712928435462804,0.09055118110236221,6.0,12,1,False
8,3,David Alan Grier,0.1063838007303589,0.1045385676138945,0.011895612105976878,0.09448818897637795,5.0,12,1,False
8,3,Denise Richards,0.07230392260395162,0.13120424863848076,0.009311796854363608,0.06299212598425197,2.0,12,1,True
8,3,Gilles Marini,0.3218279942000962,0.024860033863753083,0.2155287801350213,0.1062992125984252,11.0,12,1,False
8,3,Holly Madison,0.19501956401415582,0.05789615546654673,0.1280904322678637,0.06692913385826772,9.0,12,1,False
8,3,Lawrence Taylor,0.09213186670159644,0.11495824378626222,0.013391709514611428,0.07874015748031496,4.0,12,1,False
8,3,Lil' Kim,0.13006627639333446,0.08927066194966018,0.03164108177224832,0.0984251968503937,7.0,12,1,False
8,3,Melissa Rycroft,0.33468001282583903,0.022818721651520754,0.22838079876076411,0.1062992125984252,12.0,12,1,False
8,3,Shawn Johnson,0.3169436056251404,0.025682865019013085,0.21064439156006548,0.1062992125984252,10.0,12,1,False
8,3,Steve Wozniak,0.07047901155005254,0.13281023868387945,0.03110893295656003,0.03937007874015748,1.0,12,1,False
8,3,Steve-O,0.07356621831461242,0.1301047576676689,0.014511098561728514,0.05905511811023622,3.0,12,1,False
8,3,Ty Murray,0.16891726378384642,0.06890069862763253,0.07836608115616849,0.09055118110236221,8.0,12,1,False
8,4,Chuck Wicks,0.11705448110139446,0.11576587773063861,0.026145387483001513,0.09090909090909091,5.0,11,2,False
8,4,David Alan Grier,0.10321481903310223,0.12695520020902967,0.012305725414709284,0.09090909090909091,4.0,11,2,False
8,4,Gilles Marini,0.3362603405141068,0.02684816457360041,0.21229340076677328,0.12396694214876033,10.0,11,2,False
8,4,Holly Madison,0.19285421611705383,0.0698421914652092,0.12673851640859207,0.06611570247933884,8.0,11,2,True
8,4,Lawrence Taylor,0.09421831670201332,0.13480252802187379,0.015705916313295668,0.07851239669421488,3.0,11,2,False
8,4,Lil' Kim,0.14072677521559962,0.09886492870950775,0.029156528697941386,0.1115702479338843,6.0,11,2,False
8,4,Melissa Rycroft,0.35200187089880636,0.024173425844292856,0.23216715726097753,0.11983471074380166,11.0,11,2,False
8,4,Shawn Johnson,0.3266862804235845,0.028617674812045208,0.22338049357551623,0.10330578512396695,9.0,11,2,False
8,4,Steve Wozniak,0.08222502001392637,0.14602330955157117,0.032638243369934906,0.049586776859504134,2.0,11,2,True
8,4,Steve-O,0.0776736875834115,0.15052188360490637,0.015690217709744745,0.06198347107438017,1.0,11,2,False
8,4,Ty Murray,0.1770841998475819,0.07758481547732483,0.07377841299951367,0.10330578512396695,7.0,11,2,False
8,5,Chuck Wicks,0.14352995671927798,0.14455212796962275,0.03400614627301563,0.10952380952380952,4.0,9,1,False
8,5,David Alan Grier,0.11300758593098167,0.17717229224084002,0.008245679962792431,0.10476190476190476,3.0,9,1,True
8,5,Gilles Marini,0.3854038882502323,0.028822240042267883,0.24730864348495066,0.1380952380952381,8.0,9,1,False
8,5,Lawrence Taylor,0.11219358443412619,0.17813636246419906,0.016955487422083197,0.09523809523809523,2.0,9,1,False
8,5,Lil' Kim,0.16240420885869727,0.12746117929229597,0.03859468497821556,0.12380952380952381,5.0,9,1,False
8,5,Melissa Rycroft,0.39649676904712616,0.02676766888001497,0.27744914964471756,0.11904761904761904,9.0,9,1,False
8,5,Shawn Johnson,0.3853806766384125,0.02882670045835472,0.2615711527579308,0.12380952380952381,7.0,9,1,False
8,5,Steve-O,0.10520258708314913,0.18663521452860324,0.01948829902725237,0.08571428571428572,1.0,9,1,False
8,5,Ty Murray,0.19638075793915766,0.10162621412380145,0.09638075644904152,0.1,6.0,9,1,False
8,6,Chuck Wicks,0.1555752937291771,0.17494825373913625,0.03191937846886216,0.12365591397849462,3.0,8,1,False
8,6,Gilles Marini,0.40647952265329834,0.03284486374082758,0.2666945756156015,0.13978494623655913,7.0,8,1,False
8,6,Lawrence Taylor,0.13714417816292113,0.19782134809682958,0.018864609311927016,0.11827956989247312,2.0,8,1,False
8,6,Lil' Kim,0.1864363070829052,0.14241568612076436,0.03589866722656669,0.15053763440860216,4.0,8,1,False
8,6,Melissa Rycroft,0.42095238095486465,0.029823887184096436,0.2757910949584276,0.14516129032258066,8.0,8,1,False
8,6,Shawn Johnson,0.39553045334505504,0.0353320036847668,0.2557455063073582,0.13978494623655913,6.0,8,1,False
8,6,Steve-O,0.09823588195976837,0.25640365561352213,0.012214376663538057,0.08602150537634409,1.0,8,1,True
8,6,Ty Murray,0.19964598211201,0.1304103018200568,0.10287179144771862,0.0967741935483871,5.0,8,1,False
8,7,Chuck Wicks,0.1805106332775746,0.2126119867654098,0.032158978867212355,0.14835164835164835,2.0,7,1,False
8,7,Gilles Marini,0.41782470036876024,0.043701178315775906,0.269473045958398,0.14835164835164835,6.0,7,1,False
8,7,Lawrence Taylor,0.12722327966180041,0.3032986216575836,0.011838663704063446,0.11538461538461539,1.0,7,1,True
8,7,Lil' Kim,0.18552034186524782,0.20562842724682753,0.042663192621893026,0.14285714285714285,3.0,7,1,False
8,7,Melissa Rycroft,0.4430480381264602,0.03693721134446876,0.2837073733820831,0.15934065934065933,7.0,7,1,False
8,7,Shawn Johnson,0.4168158804789478,0.043996079664640086,0.2629697209015781,0.15384615384615385,5.0,7,1,False
8,7,Ty Murray,0.2290571634741117,0.1538264950052945,0.09718902456477178,0.13186813186813187,4.0,7,1,False
8,8,Chuck Wicks,0.183907702351653,0.3455622559292126,0.02044616618260086,0.16346153846153846,1.0,6,1,True
8,8,Gilles Marini,0.4478215321679373,0.05948637446206425,0.27153948394253447,0.1762820512820513,5.0,6,1,False
8,8,Lil' Kim,0.22319046779795715,0.265944519793488,0.043703284107886056,0.1794871794871795,2.0,6,1,False
8,8,Melissa Rycroft,0.45312789456357905,0.05741878625119231,0.3056919910143847,0.14743589743589744,6.0,6,1,False
8,8,Shawn Johnson,0.42914379521940704,0.0673744275024863,0.26247712358568664,0.16666666666666666,4.0,6,1,False
8,8,Ty Murray,0.26280862280062806,0.2042136360615566,0.09614195116690764,0.16666666666666666,3.0,6,1,False
8,9,Gilles Marini,0.49041550996638067,0.07840463513640726,0.28067768755293615,0.20973782771535582,3.0,5,1,False
8,9,Lil' Kim,0.22314366882492548,0.46577157033269834,0.028387116247906727,0.1947565543071161,1.0,5,1,True
8,9,Melissa Rycroft,0.510468620073157,0.06859335379165461,0.29698548020060594,0.21348314606741572,5.0,5,1,False
8,9,Shawn Johnson,0.4914531149777993,0.07786415303246844,0.2817152925643548,0.20973782771535582,4.0,5,1,False
8,9,Ty Murray,0.2845190712565772,0.30936628770677127,0.11223442343419716,0.17228464419475656,2.0,5,1,False
8,10,Gilles Marini,0.5598701359288702,0.11681687986376575,0.28589753523039924,0.273972602739726,3.0,4,1,False
8,10,Melissa Rycroft,0.5873166190614458,0.09728365846790035,0.3361750709047076,0.2511415525114155,4.0,4,1,False
8,10,Shawn Johnson,0.5536195784132709,0.12178752923139448,0.2979118078272572,0.2557077625570776,2.0,4,1,False
8,10,Ty Murray,0.29919366659641333,0.6641119324369394,0.08001558603763645,0.2191780821917808,1.0,4,1,True
8,11,Gilles Marini,0.6543624909638324,0.36074168281948804,0.3229339333294788,0.3314285714285714,1.0,3,3,True
8,11,Melissa Rycroft,0.6824057338318532,0.2992284084698025,0.35669144368979383,0.32571428571428573,3.0,3,3,True
8,11,Shawn Johnson,0.6632317752043138,0.3400299087107096,0.32037462298072666,0.34285714285714286,2.0,3,3,True
9,1,Aaron Carter,0.08918441482935945,0.0739012287250638,0.010366615141973887,0.07881779829674204,7.0,16,2,False
9,1,Ashley Hamiliton,0.08659460085115978,0.07518824341736352,0.03979663240395138,0.046797967676719905,6.0,16,2,True
9,1,Chuck Liddell,0.06511418858407798,0.08676450675135661,0.010926782729614405,0.05418740566465287,2.0,16,2,False
9,1,Debi Mazar,0.09385403426650907,0.07163606572786968,0.03966662841204549,0.05418740566465287,8.0,16,2,False
9,1,Donny Osmond,0.23748797693293722,0.027495958786442357,0.16359630742114217,0.07389167050904633,15.0,16,2,False
9,1,Joanna Krupa,0.10575038891344182,0.06617413174582443,0.022006466501046353,0.08374392608443776,9.0,16,2,False
9,1,Kathy Ireland,0.05788289874937116,0.09104976530712637,0.008621868939657792,0.04926103157056776,1.0,16,2,False
9,1,Kelly Osbourne,0.24882412429848955,0.025494550536700546,0.17246963556805894,0.07635448809650482,16.0,16,2,False
9,1,Louie Vito,0.16327604741034596,0.045095625104601196,0.09677381158051578,0.06650223252111338,13.0,16,2,False
9,1,Macy Gray,0.08079022623043672,0.0781547403426465,0.03399225778322831,0.046797967676719905,5.0,16,2,True
9,1,Mark Dacascos,0.13932189266567932,0.052904034496748145,0.06789353411083923,0.0714283603088091,11.0,16,2,False
9,1,Melissa Joan Hart,0.12673973056864424,0.05753311431015922,0.06762619826388044,0.05911353345234858,10.0,16,2,False
9,1,Michael Irvin,0.1409153442811806,0.05234500889309997,0.0941171299648125,0.046798213983109294,12.0,16,2,False
9,1,Mya,0.21899865308220104,0.031102904268318018,0.14264391848261074,0.07635473440289418,14.0,16,2,False
9,1,Natalie Coughlin,0.0782229646567144,0.07950387711090152,0.011720728826884231,0.06650223252111338,4.0,16,2,False
9,1,Tom DeLay,0.0670425136794518,0.08565624447577812,0.01778148386973844,0.04926103157056776,3.0,16,2,False
9,2,Aaron Carter,0.10348534942711865,0.08542620132340696,0.011648613820925111,0.09183673469387756,6.0,14,1,False
9,2,Chuck Liddell,0.07617274579535961,0.10248709467236738,0.011546893985381132,0.06462585034013606,2.0,14,1,False
9,2,Debi Mazar,0.11634744223270244,0.0784064014706138,0.04491886761102504,0.07142857142857142,7.0,14,1,False
9,2,Donny Osmond,0.26005499708338636,0.03007984089770802,0.17502098428889173,0.08503401360544217,14.0,14,1,False
9,2,Joanna Krupa,0.09467017310614007,0.09059696403539486,0.02664295989031213,0.06802721088435375,5.0,14,1,False
9,2,Kathy Ireland,0.06717972973545405,0.1088194759630813,0.005955239331325029,0.061224489795918366,1.0,14,1,True
9,2,Kelly Osbourne,0.25928315866084306,0.03023501830793833,0.19465730685086455,0.06462585034013606,13.0,14,1,False
9,2,Louie Vito,0.169690341517048,0.05494244852183691,0.10506448970706952,0.06462585034013606,11.0,14,1,False
9,2,Mark Dacascos,0.1469404393778035,0.06394045509467113,0.0755118647561261,0.07142857142857142,9.0,14,1,False
9,2,Melissa Joan Hart,0.13865447670997894,0.06757188622179677,0.07402862490000045,0.06462585034013606,8.0,14,1,False
9,2,Michael Irvin,0.15905545069016008,0.05897924008674502,0.09102823747433214,0.06802721088435375,10.0,14,1,False
9,2,Mya,0.23962073439200987,0.034469801700743215,0.14778399878581633,0.09183673469387756,12.0,14,1,False
9,2,Natalie Coughlin,0.08746147131691726,0.09505719041837472,0.016032896695239853,0.07142857142857142,4.0,14,1,False
9,2,Tom DeLay,0.08138351230681995,0.09898798128532182,0.02015902190269092,0.061224489795918366,3.0,14,1,False
9,3,Aaron Carter,0.09422526950406494,0.10504617714294315,0.012829919107431791,0.08139534883720931,3.0,13,2,False
9,3,Chuck Liddell,0.07762496464097605,0.11733918230555498,0.01173349015557872,0.06589147286821706,1.0,13,2,False
9,3,Debi Mazar,0.11231165025474973,0.09311396417035374,0.046420175769352395,0.06589147286821706,4.0,13,2,True
9,3,Donny Osmond,0.2620989313730543,0.034303325060132416,0.18070358097642114,0.08139534883720931,12.0,13,2,False
9,3,Joanna Krupa,0.11459210218734295,0.0917090578376838,0.025444817560382194,0.08914728682170543,6.0,13,2,False
9,3,Kelly Osbourne,0.27230430938114336,0.032047091698565205,0.19478492982496434,0.07751937984496124,13.0,13,2,False
9,3,Louie Vito,0.18059038664411567,0.059064648906548445,0.10307100708793662,0.07751937984496124,10.0,13,2,False
9,3,Mark Dacascos,0.14583797710864604,0.0744639650995962,0.0760705317827946,0.06976744186046512,7.0,13,2,False
9,3,Melissa Joan Hart,0.14750403116624433,0.07364146802920804,0.07386062245051939,0.07364341085271318,8.0,13,2,False
9,3,Michael Irvin,0.1480071926869874,0.07339485818876618,0.09374362699766206,0.05426356589147287,9.0,13,2,False
9,3,Mya,0.2535218229973673,0.036321977996516076,0.14887066245917074,0.10465116279069768,11.0,13,2,False
9,3,Natalie Coughlin,0.1137186072414856,0.09224466514844454,0.012943410093162532,0.10077519379844961,5.0,13,2,False
9,3,Tom DeLay,0.07766276226440315,0.11730961841568714,0.019523225734623714,0.05813953488372093,2.0,13,2,True
9,4,Aaron Carter,0.08762195625653896,0.1519876481805455,0.0132417894279066,0.0743801652892562,2.0,11,1,False
9,4,Chuck Liddell,0.07884789805312536,0.1611431301074293,0.008599964784578307,0.07024793388429752,1.0,11,1,True
9,4,Donny Osmond,0.2881617363961336,0.039919598268446196,0.1889881831081507,0.09917355371900827,10.0,11,1,False
9,4,Joanna Krupa,0.13468512514629147,0.11105713474402151,0.02724711218871854,0.10743801652892562,4.0,11,1,False
9,4,Kelly Osbourne,0.3017347687300159,0.0364660067875651,0.20669344900211828,0.09504132231404959,11.0,11,1,False
9,4,Louie Vito,0.18916591091683166,0.07723398325987714,0.1230502112083699,0.06611570247933884,8.0,11,1,False
9,4,Mark Dacascos,0.16987560589014866,0.08783337830725049,0.07896651227175572,0.09090909090909091,5.0,11,1,False
9,4,Melissa Joan Hart,0.18904634897647576,0.07729556943382444,0.07334386889873223,0.11570247933884298,7.0,11,1,False
9,4,Michael Irvin,0.17029433047387094,0.08758853357614847,0.10417863076540917,0.06611570247933884,6.0,11,1,False
9,4,Mya,0.2745268633364579,0.04371828963709484,0.1588243832587144,0.11570247933884298,9.0,11,1,False
9,4,Natalie Coughlin,0.11603944837352925,0.125756727697797,0.016865895085546305,0.09917355371900827,3.0,11,1,False
9,5,Aaron Carter,0.11254225119309827,0.16045436737441515,0.013368697905115336,0.09917355371900827,2.0,10,1,False
9,5,Donny Osmond,0.3147925172476034,0.0416655429758336,0.19495780360977455,0.11983471074380166,10.0,10,1,False
9,5,Joanna Krupa,0.128705707433449,0.1440633612937633,0.029532154145466054,0.09917355371900827,3.0,10,1,False
9,5,Kelly Osbourne,0.30398983176529304,0.044776900065610976,0.2048162784773101,0.09917355371900827,9.0,10,1,False
9,5,Louie Vito,0.20783757307480516,0.08500477580409939,0.11692847945641222,0.09090909090909091,7.0,10,1,False
9,5,Mark Dacascos,0.18954635431496542,0.09602887228711081,0.08210834135739248,0.10743801652892562,5.0,10,1,False
9,5,Melissa Joan Hart,0.17469949097885815,0.1060200246591078,0.0796581712509605,0.09504132231404959,4.0,10,1,False
9,5,Michael Irvin,0.19036487191201928,0.09550629057962762,0.10358801185371162,0.08677685950413223,6.0,10,1,False
9,5,Mya,0.2757849913473246,0.0540400075259928,0.16421474482966633,0.1115702479338843,8.0,10,1,False
9,5,Natalie Coughlin,0.10173641073258369,0.1724398574344388,0.01082731711419074,0.09090909090909091,1.0,10,1,True
9,6,Aaron Carter,0.13991042374938317,0.1775177732068164,0.012987682217057426,0.12692274704027823,1.0,9,2,False
9,6,Donny Osmond,0.31356612611231705,0.05577724844194294,0.19433532673535245,0.11923079733737539,9.0,9,2,False
9,6,Joanna Krupa,0.16313628638783742,0.15205338106177763,0.02467465187112141,0.13846163313642237,2.0,9,2,False
9,6,Kelly Osbourne,0.31097169895041216,0.05675037324277923,0.21481829066145647,0.09615340976180302,8.0,9,2,False
9,6,Louie Vito,0.20922218065983553,0.11183139723536484,0.11691416602856416,0.09230801183542559,6.0,9,2,True
9,6,Mark Dacascos,0.20099532023463035,0.1181361876283392,0.07791797235998894,0.12307734911390078,5.0,9,2,False
9,6,Melissa Joan Hart,0.1770112750335629,0.13861935536226255,0.08470364783248256,0.09230762721870961,3.0,9,2,True
9,6,Michael Irvin,0.19204230141727358,0.1254020384346061,0.1074273912319365,0.08461490828237482,4.0,9,2,False
9,6,Mya,0.29314438745474813,0.06391224538611116,0.1662208710620403,0.12692351627371018,7.0,9,2,False
9,7,Aaron Carter,0.17092302230147918,0.26141256209172814,0.01992587533740601,0.150997150997151,1.0,7,2,False
9,7,Donny Osmond,0.38819990655695075,0.061410897019970545,0.24005175730501288,0.14814814814814814,6.0,7,2,False
9,7,Joanna Krupa,0.19147919404290753,0.22793459233218333,0.03478403675340254,0.15669515669515668,2.0,7,2,False
9,7,Kelly Osbourne,0.40415904233369204,0.055212703175038604,0.2560108930817542,0.14814814814814814,7.0,7,2,False
9,7,Mark Dacascos,0.23187025857136873,0.1741270053114257,0.10936313343213226,0.1225071225071225,3.0,7,2,True
9,7,Michael Irvin,0.2645126353660538,0.1400737547092806,0.1306095044771149,0.1339031339031339,4.0,7,2,True
9,7,Mya,0.348855940827548,0.07982848536037307,0.2092547996131773,0.1396011396011396,5.0,7,2,False
9,8,Aaron Carter,0.20701639699465377,0.46370194234805107,0.016176704044405042,0.19083969465648856,1.0,5,1,True
9,8,Donny Osmond,0.5233154741144025,0.05629363457036288,0.33247578116415377,0.19083969465648856,4.0,5,1,False
9,8,Joanna Krupa,0.2462583967573978,0.35696175544650116,0.04778510714844243,0.1984732824427481,2.0,5,1,False
9,8,Kelly Osbourne,0.5343959155116819,0.05228512201735678,0.3397394242320798,0.1946564885496183,5.0,5,1,False
9,8,Mya,0.48901381662186394,0.07075754561772805,0.2638229834109188,0.22519083969465647,3.0,5,1,False
9,9,Donny Osmond,0.5745141193284384,0.1006322040946262,0.3432639524354331,0.2312501699224591,3.0,4,1,False
9,9,Joanna Krupa,0.2859771412415852,0.6888697290048998,0.032851265053306974,0.2531258701201785,1.0,4,1,True
9,9,Kelly Osbourne,0.5941106224594788,0.08830784711457655,0.3503616595802978,0.2437489628870599,4.0,4,1,False
9,9,Mya,0.5453981169704981,0.12219021978589736,0.2735231229309626,0.27187499707030244,2.0,4,1,False
9,10,Donny Osmond,0.6884778789503323,0.28427240395293724,0.33720019974539145,0.35127769056340485,3.0,3,3,True
9,10,Kelly Osbourne,0.6791498397690856,0.30251167603114165,0.37363061655588975,0.305519216233502,2.0,3,3,True
9,10,Mya,0.6323722812805821,0.4132159200159211,0.28916918369871863,0.34320309320309317,1.0,3,3,True
10,2,Aiden Turner,0.10429600868174327,0.11899007379113993,0.017932372724502214,0.08636363636363636,4.0,11,1,False
10,2,Buzz Aldrin,0.061537302924616115,0.15823766544221846,0.006991848243696469,0.05454545454545454,1.0,11,1,False
10,2,Chad Ochocinco,0.1412162975921577,0.09302839942604789,0.06848902716779169,0.07272727272727272,8.0,11,1,False
10,2,Erin Andrews,0.37688655003277444,0.019332155554717418,0.27234109833208703,0.10454545454545454,10.0,11,1,False
10,2,Evan Lysacek,0.37344861608950136,0.01978035671309204,0.26435770672766207,0.10909090909090909,9.0,11,1,False
10,2,Jake Pavelka,0.1186277763327412,0.10814738345490096,0.027718682714348252,0.09090909090909091,6.0,11,1,False
10,2,Kate Gosselin,0.08479001772697485,0.13551468567483987,0.016608197513180142,0.06818181818181818,2.0,11,1,False
10,2,Nicole Scherzinger,0.38780212035616546,0.017975313271197675,0.2605293952508798,0.12727272727272726,11.0,11,1,False
10,2,Niecy Nash,0.13268128140861313,0.09847521819554945,0.03722673757964891,0.09545454545454546,7.0,11,1,False
10,2,Pamela Anderson,0.11856990582707526,0.10818911512960694,0.018569904336959143,0.1,5.0,11,1,False
10,2,Shannen Doherty,0.10014412302763706,0.12232963334668932,0.00923502940924412,0.09090909090909091,3.0,11,1,True
10,3,Aiden Turner,0.1172252103253072,0.13276036247985426,0.018703046397752103,0.09852216748768473,3.0,10,1,False
10,3,Buzz Aldrin,0.06935927550234089,0.18266464840488894,0.005319866341726879,0.06403940886699508,1.0,10,1,True
10,3,Chad Ochocinco,0.16594976450290183,0.09593926701443918,0.06742760057534676,0.09852216748768473,7.0,10,1,False
10,3,Erin Andrews,0.4008526716676707,0.020039312613503234,0.28755217681798884,0.11330049261083744,10.0,10,1,False
10,3,Evan Lysacek,0.38454868934797054,0.022340232264124363,0.2564698710267425,0.12807881773399016,9.0,10,1,False
10,3,Jake Pavelka,0.129034232306649,0.12270939332203393,0.02558595310466462,0.10344827586206896,5.0,10,1,False
10,3,Kate Gosselin,0.09120910357122533,0.1579038698005695,0.01731747876291387,0.07389162561576355,2.0,10,1,False
10,3,Nicole Scherzinger,0.3799617044310968,0.023033947127097647,0.2666612095814149,0.11330049261083744,8.0,10,1,False
10,3,Niecy Nash,0.13803403094788746,0.11556350969972858,0.03458575174590305,0.10344827586206896,6.0,10,1,False
10,3,Pamela Anderson,0.1238253248475309,0.1270454572737605,0.020377045645546484,0.10344827586206896,4.0,10,1,False
10,4,Aiden Turner,0.10054832550621211,0.1888233286631614,0.011599539247514598,0.0889487870619946,1.0,9,1,True
10,4,Chad Ochocinco,0.18668975126593973,0.10632874228496557,0.06809137207120323,0.11859838274932614,6.0,9,1,False
10,4,Erin Andrews,0.39698960196844046,0.026167982788311,0.291868309794578,0.10512129380053908,8.0,9,1,False
10,4,Evan Lysacek,0.3943804744735816,0.026627135191415532,0.2542187515750983,0.14016172506738545,7.0,9,1,False
10,4,Jake Pavelka,0.13003729392036414,0.1551230520497282,0.027611420640792618,0.10242587601078167,3.0,9,1,False
10,4,Kate Gosselin,0.10446087107102633,0.18396180817788527,0.01820750370661975,0.0862533692722372,2.0,9,1,False
10,4,Nicole Scherzinger,0.40448053661992955,0.024893259603102146,0.2697096515100281,0.1347708894878706,9.0,9,1,False
10,4,Niecy Nash,0.13743702169623975,0.1476562840373854,0.04040197875466947,0.09703504043126684,4.0,9,1,False
10,4,Pamela Anderson,0.14497610857710533,0.14041840720404533,0.018291472699496086,0.12668463611859837,5.0,9,1,False
10,5,Chad Ochocinco,0.175652817180943,0.1458756786772964,0.07160657673199128,0.10404624277456648,5.0,8,1,False
10,5,Erin Andrews,0.42218415693424344,0.028196912271530022,0.295016529718858,0.12716763005780346,6.0,8,1,False
10,5,Evan Lysacek,0.4330272593379984,0.026230559617633247,0.2769578912139902,0.15606936416184972,8.0,8,1,False
10,5,Jake Pavelka,0.1594129084408954,0.16255571447593908,0.026464927083320922,0.1329479768786127,4.0,8,1,False
10,5,Kate Gosselin,0.09737740853153372,0.24581784660894904,0.010672208157407286,0.08670520231213873,1.0,8,1,True
10,5,Nicole Scherzinger,0.4275010033802103,0.027214960352469016,0.25987094187298526,0.1676300578034682,7.0,8,1,False
10,5,Niecy Nash,0.1431634808471426,0.1811545109214745,0.03911724039819085,0.10404624277456648,3.0,8,1,False
10,5,Pamela Anderson,0.14168096534703367,0.18295381707470862,0.020293684823256657,0.12138728323699421,2.0,8,1,False
10,6,Chad Ochocinco,0.21975618102058092,0.15830789717688853,0.07143079735740344,0.14832537716633498,4.0,7,1,False
10,6,Erin Andrews,0.44995242372785893,0.0341205634070541,0.2872724534634241,0.16267997069846646,7.0,7,1,False
10,6,Evan Lysacek,0.4235183700888572,0.04069589629626264,0.2943313375084815,0.12918703555466454,5.0,7,1,False
10,6,Jake Pavelka,0.13828394936950478,0.2725140204736243,0.018666800135686733,0.1196171470430762,1.0,7,1,True
10,6,Nicole Scherzinger,0.4394730538811016,0.0365895507367359,0.26722415394442556,0.17224890226905065,6.0,7,1,False
10,6,Niecy Nash,0.16047595751136545,0.2350370927348356,0.03607458186000588,0.1244013735931173,2.0,7,1,False
10,6,Pamela Anderson,0.1685400644007312,0.22273497917459886,0.024999875730572798,0.1435401936752898,3.0,7,1,False
10,7,Chad Ochocinco,0.24010594081628,0.22046224993617744,0.07290336382138408,0.16720257234726688,3.0,6,1,False
10,7,Erin Andrews,0.4591245248112402,0.05119298878250442,0.2951373799833975,0.1639871382636656,4.0,6,1,False
10,7,Evan Lysacek,0.46237630684218006,0.05009514203168694,0.2887428655131777,0.17363344051446947,5.0,6,1,False
10,7,Nicole Scherzinger,0.46402794117831625,0.049546575301821445,0.29039449984931387,0.17363344051446947,6.0,6,1,False
10,7,Niecy Nash,0.19658545927089788,0.294672043732061,0.03902919367832281,0.15755627009646303,2.0,6,1,False
10,7,Pamela Anderson,0.17777984198224686,0.3340310002157488,0.013792697154404156,0.1639871382636656,1.0,6,1,True
10,8,Chad Ochocinco,0.2578331496495539,0.33005517254924843,0.07996754012291969,0.17786561264822134,2.0,5,1,False
10,8,Erin Andrews,0.5151346924265804,0.059377550161184185,0.30564852082337757,0.20948616600790515,5.0,5,1,False
10,8,Evan Lysacek,0.5138203836374151,0.05990010572291106,0.3043342120342123,0.20948616600790515,3.0,5,1,False
10,8,Nicole Scherzinger,0.5150323481399766,0.059418077005325365,0.2818307698805085,0.233201581027668,4.0,5,1,False
10,8,Niecy Nash,0.198179426146474,0.4912490945613309,0.02821895713898192,0.16996047430830039,1.0,5,1,True
10,9,Chad Ochocinco,0.28715814128966854,0.688494883969282,0.057069639121013135,0.23008849557522124,1.0,4,1,True
10,9,Erin Andrews,0.5749854799623688,0.1010543977023485,0.32719787026598063,0.24778761061946902,4.0,4,1,False
10,9,Evan Lysacek,0.5672393738319539,0.10641001202943243,0.30617743721505636,0.2610619469026549,2.0,4,1,False
10,9,Nicole Scherzinger,0.5706169900148477,0.10404070629893704,0.30955505339795014,0.2610619469026549,3.0,4,1,False
10,10,Erin Andrews,0.6757509910162178,0.3132851877045947,0.34913866749365,0.32661232765023673,3.0,3,3,True
10,10,Evan Lysacek,0.6560686481342441,0.35721203382008937,0.33080029014207196,0.325268368450467,1.0,3,3,True
10,10,Nicole Scherzinger,0.668180360849538,0.329502778475316,0.32006104236427807,0.3481193038992962,2.0,3,3,True
11,1,Audrina Patridge,0.10888210617030407,0.09846589859852778,0.02518166534627224,0.08370044052863436,6.0,12,1,False
11,1,Brandy,0.16674707101361974,0.06694985114936172,0.06542548553722127,0.1013215859030837,9.0,12,1,False
11,1,Bristol Palin,0.38867614767124564,0.015247517014972635,0.30938099673559577,0.07929515418502203,12.0,12,1,False
11,1,David Hasselhoff,0.0710985778654166,0.12667192417202888,0.0050192816937514075,0.06607929515418502,1.0,12,1,True
11,1,Florence Henderson,0.08800669317651577,0.11316870852193486,0.008711542240865903,0.07929515418502203,5.0,12,1,False
11,1,Jennifer Grey,0.35497613096290354,0.019088450173011678,0.2492492555981231,0.10572687224669604,11.0,12,1,False
11,1,Kurt Warner,0.11845165475442686,0.09238025732943958,0.03475121393039503,0.08370044052863436,7.0,12,1,False
11,1,Kyle Massey,0.33938679531766736,0.021179047202927258,0.2380652098412689,0.1013215859030837,10.0,12,1,False
11,1,Margaret Cho,0.07833229026066765,0.12070815867926225,0.012252994089002468,0.06607929515418502,2.0,12,1,False
11,1,Michael Bolton,0.07908832616456574,0.12010129132998408,0.008603747555099177,0.07048458149779736,3.0,12,1,False
11,1,Rick Fox,0.1211662553295948,0.09072345771398745,0.024249952290997696,0.09691629955947137,8.0,12,1,False
11,1,The Situation,0.08518795131307214,0.11531543811456178,0.01910865514140695,0.06607929515418502,4.0,12,1,False
11,2,Audrina Patridge,0.12576330753564774,0.10417105423212587,0.021690908098220232,0.10407239819004525,6.0,11,1,False
11,2,Brandy,0.1631092518990821,0.08121186342807218,0.06808662567790214,0.09502262443438914,8.0,11,1,False
11,2,Bristol Palin,0.40833991506506684,0.01583448648027397,0.3087924022357631,0.09954751131221719,11.0,11,1,False
11,2,Florence Henderson,0.09659163260235788,0.1265341374641604,0.010618779597425484,0.08597285067873303,3.0,11,1,False
11,2,Jennifer Grey,0.3556695557268726,0.022495740472942595,0.2470722696813213,0.1085972850678733,10.0,11,1,False
11,2,Kurt Warner,0.1299044144092174,0.10133449951996269,0.034881788188037444,0.09502262443438914,7.0,11,1,False
11,2,Kyle Massey,0.35065293747605253,0.02326081303393307,0.2511054246467488,0.09954751131221719,9.0,11,1,False
11,2,Margaret Cho,0.09398061409806319,0.1287559720299741,0.012532647701254559,0.08144796380090498,2.0,11,1,False
11,2,Michael Bolton,0.060254697037471584,0.16121814249546168,0.005956054014695934,0.05429864253393665,1.0,11,1,True
11,2,Rick Fox,0.11705272742039143,0.11039941493767982,0.022030101199211467,0.09502262443438914,5.0,11,1,False
11,2,The Situation,0.09868096535622808,0.12478387590541365,0.017232998959419456,0.08144796380090498,4.0,11,1,False
11,3,Audrina Patridge,0.1418913104399314,0.11690741018028432,0.02424425117813254,0.11764705882352941,6.0,10,1,False
11,3,Brandy,0.17405643631817913,0.09434403832372967,0.06545915027262784,0.1085972850678733,7.0,10,1,False
11,3,Bristol Palin,0.3958511235193633,0.021505674595692935,0.3098782705144309,0.08597285067873303,10.0,10,1,False
11,3,Florence Henderson,0.09986317219169577,0.15471269926632478,0.009365432578639591,0.09049773755656108,2.0,10,1,False
11,3,Jennifer Grey,0.36447918049500705,0.026508438647289172,0.25588189444945575,0.1085972850678733,9.0,10,1,False
11,3,Kurt Warner,0.13930474570648627,0.1189408154712677,0.03523234626905873,0.10407239819004525,5.0,10,1,False
11,3,Kyle Massey,0.35745867166699485,0.027778615942704577,0.25338627222956733,0.10407239819004525,8.0,10,1,False
11,3,Margaret Cho,0.08928015616744629,0.1660224938015418,0.007832189770637668,0.08144796380090498,1.0,10,1,True
11,3,Rick Fox,0.13002103101762716,0.12653481044184894,0.02142374497207585,0.1085972850678733,4.0,10,1,False
11,3,The Situation,0.10779418737843002,0.1467450033293161,0.01729644776537384,0.09049773755656108,3.0,10,1,False
11,4,Audrina Patridge,0.15098353631002423,0.13486240405825367,0.022491911120243034,0.12849162011173185,5.0,9,1,False
11,4,Brandy,0.19751100230158505,0.09889630953959454,0.06343278276861844,0.1340782122905028,6.0,9,1,False
11,4,Bristol Palin,0.4158090407607242,0.02307504352132417,0.3264235685226604,0.0893854748603352,9.0,9,1,False
11,4,Florence Henderson,0.10857753485393347,0.17892410219637786,0.010812171101091518,0.09776536312849161,2.0,9,1,False
11,4,Jennifer Grey,0.4011889758470682,0.02543735507508763,0.24476439384252108,0.1564245810055866,8.0,9,1,False
11,4,Kurt Warner,0.13192807431383208,0.15313064451846034,0.03695600773258284,0.09497206703910614,3.0,9,1,False
11,4,Kyle Massey,0.3711007510442161,0.03108753488378691,0.25936890888399117,0.11173184357541899,7.0,9,1,False
11,4,Rick Fox,0.1326960763621232,0.15234861723105314,0.023757531373490993,0.10893854748603352,4.0,9,1,False
11,4,The Situation,0.09020501565707419,0.2022379889760617,0.011992724654800621,0.0782122905027933,1.0,9,1,True
11,5,Audrina Patridge,0.14993674602347978,0.1880458948732468,0.02356311228114733,0.12637362637362637,2.0,8,1,False
11,5,Brandy,0.20632770314531235,0.1291205340460884,0.05797604873495009,0.14835164835164835,5.0,8,1,False
11,5,Bristol Palin,0.4237921445947681,0.030295021665914315,0.3248910441380535,0.0989010989010989,8.0,8,1,False
11,5,Florence Henderson,0.12124222483052255,0.22768950090094428,0.00585760887278558,0.11538461538461539,1.0,8,1,True
11,5,Jennifer Grey,0.3969340860362324,0.03623542100689958,0.2595714419598851,0.13736263736263737,7.0,8,1,False
11,5,Kurt Warner,0.16960857811156985,0.16493319406354584,0.037740439202229935,0.13186813186813187,4.0,8,1,False
11,5,Kyle Massey,0.3777274208891856,0.04118530654955496,0.26783731009845607,0.10989010989010989,6.0,8,1,False
11,5,Rick Fox,0.1544311336218323,0.18249512689380573,0.022562994712492387,0.13186813186813187,3.0,8,1,False
11,6,Audrina Patridge,0.17075275618077862,0.2278954571990827,0.01616383332254039,0.15458892856159417,3.0,7,1,True
11,6,Brandy,0.2374939613560955,0.14604950431819214,0.0635808103303234,0.1739131484985698,4.0,7,1,False
11,6,Bristol Palin,0.45837818111979806,0.03349459792367146,0.3231129946907743,0.13526519171803963,7.0,7,1,False
11,6,Jennifer Grey,0.4095793069201633,0.04637265704986951,0.26948221035777775,0.14009709211577043,6.0,7,1,False
11,6,Kurt Warner,0.14747605049208556,0.2661513257099497,0.04119598441914474,0.1062800695461289,1.0,7,1,False
11,6,Kyle Massey,0.4092512358473315,0.04647419156016978,0.2643236894653811,0.14492754323323798,5.0,7,1,False
11,6,Rick Fox,0.16706850063316797,0.2335622662390647,0.02214047741405938,0.14492802632665908,2.0,7,1,False
11,7,Brandy,0.2470920659571657,0.2170473713805604,0.0720321066647539,0.1750599520383693,3.0,6,1,False
11,7,Bristol Palin,0.4801090897036307,0.04590935027578895,0.3242337943030112,0.15587529976019185,6.0,6,1,False
11,7,Jennifer Grey,0.4429132615665249,0.058829356681995855,0.2678533022741131,0.1750599520383693,5.0,6,1,False
11,7,Kurt Warner,0.20891077401559466,0.27996303519296806,0.041045065545250115,0.16786570743405277,2.0,6,1,False
11,7,Kyle Massey,0.4405359088293924,0.05976917213294352,0.27986445118111514,0.1606714628297362,4.0,6,1,False
11,7,Rick Fox,0.1804388999276912,0.3384817143357432,0.01497128003175614,0.16546762589928057,1.0,6,1,True
11,8,Brandy,0.2885624351019673,0.28937809183515245,0.07346809227417035,0.21509433962264152,2.0,5,1,False
11,8,Bristol Palin,0.5306130887368536,0.057631142216584094,0.3532545955279684,0.17735849056603772,5.0,5,1,False
11,8,Jennifer Grey,0.49081886806874525,0.07514036438379276,0.2757245252409483,0.21509433962264152,4.0,5,1,False
11,8,Kurt Warner,0.2069098303250695,0.49873994511159253,0.025777752154293128,0.1811320754716981,1.0,5,1,True
11,8,Kyle Massey,0.4830957926685253,0.07911045645287813,0.27177503480261955,0.21132075471698114,3.0,5,1,False
11,9,Brandy,0.3041451635420492,0.6537016798853837,0.05414516354204919,0.25,1.0,4,1,True
11,9,Bristol Palin,0.5895189999457362,0.0975298863533419,0.35706285227499035,0.2324561403508772,4.0,4,1,False
11,9,Jennifer Grey,0.5594473679261076,0.11918017271741677,0.2962894637780058,0.2631578947368421,3.0,4,1,False
11,9,Kyle Massey,0.5468884983884297,0.12958826104385754,0.29250252040495495,0.2543859649122807,2.0,4,1,False
11,10,Bristol Palin,0.6968836725911778,0.26901373278619595,0.3876467884740514,0.3092368897274451,3.0,3,3,True
11,10,Jennifer Grey,0.6655028625483372,0.33161273586418605,0.3040562137122014,0.36144665408832316,2.0,3,3,True
11,10,Kyle Massey,0.6376134648604845,0.399373531349618,0.3082969978137469,0.3293164561842318,1.0,3,3,True
12,2,Chelsea Kane,0.3455076482127831,0.0251294652075839,0.2621743123959229,0.08333333333333333,9.0,11,1,False
12,2,Chris Jericho,0.1288649818509801,0.10651922792028234,0.022383496782182044,0.10648148148148148,6.0,11,1,False
12,2,Hines Ward,0.34763381224346823,0.024775781990782293,0.24115232717467017,0.10648148148148148,10.0,11,1,False
12,2,Kendra Wilkinson,0.1273196561813838,0.10762227939154378,0.03935669349436827,0.08796296296296297,5.0,11,1,False
12,2,Kirstie Alley,0.3579994140983251,0.023121493305505527,0.2654068245411542,0.09259259259259259,11.0,11,1,False
12,2,Mike Catherwood,0.08792758515379485,0.13994388078162937,0.009223883657670592,0.0787037037037037,1.0,11,1,True
12,2,Petra Nemcova,0.10277159371971689,0.12675821253919017,0.019438257902856693,0.08333333333333333,4.0,11,1,False
12,2,Ralph Macchio,0.16807827738258435,0.08201511360157075,0.07085605350467757,0.09722222222222222,8.0,11,1,False
12,2,Romeo,0.14655761451272017,0.09466786693411493,0.04007612944392211,0.10648148148148148,7.0,11,1,False
12,2,Sugar Ray Leonard,0.09710804721178871,0.13163571995627726,0.018404345715664447,0.0787037037037037,3.0,11,1,False
12,2,Wendy Williams,0.09023137688303483,0.1378109583715197,0.011527675386910559,0.0787037037037037,2.0,11,1,False
12,3,Chelsea Kane,0.36256684756048635,0.02728571436016357,0.25509021079309896,0.10747663551401869,9.0,10,1,False
12,3,Chris Jericho,0.12261240600529497,0.1351059869254474,0.024481561471851522,0.09813084112149532,3.0,10,1,False
12,3,Hines Ward,0.3593066145016469,0.027885258186660107,0.24248418550031559,0.11682242990654206,8.0,10,1,False
12,3,Kendra Wilkinson,0.14795116017816792,0.11410676337151758,0.04047452341078054,0.10747663551401869,6.0,10,1,False
12,3,Kirstie Alley,0.37101237130919273,0.02579188196930931,0.2728815267757493,0.09813084112149532,10.0,10,1,False
12,3,Petra Nemcova,0.13571882886697034,0.12380198652222267,0.018896399865639023,0.11682242990654206,5.0,10,1,False
12,3,Ralph Macchio,0.17641286192891334,0.0943857258589563,0.07828201739546989,0.09813084112149532,7.0,10,1,False
12,3,Romeo,0.13521072099891818,0.12422206269011635,0.04175277630773701,0.09345794392523364,4.0,10,1,False
12,3,Sugar Ray Leonard,0.1100590764075935,0.14689946228224213,0.016601131716412323,0.09345794392523364,2.0,10,1,False
12,3,Wendy Williams,0.07914912714397702,0.18051515783336472,0.009055666762945988,0.07009345794392523,1.0,10,1,True
12,4,Chelsea Kane,0.38177108753458466,0.030491507488458084,0.25555749226347413,0.1262135922330097,8.0,9,1,False
12,4,Chris Jericho,0.13553678448434564,0.1574346138919085,0.023886302664239144,0.11165048543689321,4.0,9,1,False
12,4,Hines Ward,0.37035539885986923,0.032902636554804264,0.24899617722262024,0.12135922330097088,7.0,9,1,False
12,4,Kendra Wilkinson,0.13115621121220009,0.1621000997315924,0.04377756775907891,0.08737864077669903,3.0,9,1,False
12,4,Kirstie Alley,0.38352097819470343,0.030137862272953432,0.27672486255787787,0.10679611650485436,9.0,9,1,False
12,4,Petra Nemcova,0.13058459742322703,0.16271900257529134,0.018934115603120513,0.11165048543689321,2.0,9,1,False
12,4,Ralph Macchio,0.19708674342032756,0.10444672811307909,0.07572752178307858,0.12135922330097088,6.0,9,1,False
12,4,Romeo,0.15810152820638426,0.1354467531439085,0.04645104638627775,0.11165048543689321,5.0,9,1,False
12,4,Sugar Ray Leonard,0.1118866632137778,0.18432079622800435,0.009944913760233175,0.10194174757281553,1.0,9,1,True
12,5,Chelsea Kane,0.3896513943881692,0.03871617953239217,0.255630782744378,0.13402061855670103,7.0,8,1,False
12,5,Chris Jericho,0.15760693709824258,0.1818569951048641,0.023586325454451374,0.13402061855670103,2.0,8,1,False
12,5,Hines Ward,0.3893468954122501,0.038794852938741554,0.2501716442859607,0.13917525773195877,6.0,8,1,False
12,5,Kendra Wilkinson,0.16112456570863704,0.17764190950024664,0.04772250454425792,0.1134020618556701,3.0,8,1,False
12,5,Kirstie Alley,0.4061406463273045,0.034685760488777466,0.2875839456804272,0.11855670103092783,8.0,8,1,False
12,5,Petra Nemcova,0.1254482563054264,0.2253403311571471,0.012046195141047262,0.1134020618556701,1.0,8,1,True
12,5,Ralph Macchio,0.19515144779474777,0.1415883493200928,0.08174938663036865,0.1134020618556701,5.0,8,1,False
12,5,Romeo,0.1755298271629,0.16137562195773825,0.041509215519108814,0.13402061855670103,4.0,8,1,False
12,6,Chelsea Kane,0.42165181853074585,0.04358345783134412,0.26609625734586273,0.15555555555555556,6.0,7,1,False
12,6,Chris Jericho,0.13862145433251571,0.28759313783995416,0.01639923194472503,0.12222222222222222,1.0,7,1,True
12,6,Hines Ward,0.41275266593613,0.046247405023662834,0.26275265997566555,0.15,5.0,7,1,False
12,6,Kendra Wilkinson,0.1797897986211639,0.218566679406082,0.040900903109536715,0.1388888888888889,2.0,7,1,False
12,6,Kirstie Alley,0.43106761354887524,0.040931736022676586,0.2866231628128294,0.14444444444444443,7.0,7,1,False
12,6,Ralph Macchio,0.2193589644101227,0.16788793416760667,0.08602562412291415,0.13333333333333333,4.0,7,1,False
12,6,Romeo,0.19675772187334967,0.19518964970867356,0.041202160688466556,0.15555555555555556,3.0,7,1,False
12,7,Chelsea Kane,0.4470712634457376,0.058549324652237326,0.2773099931610849,0.16976127320954906,5.0,6,1,False
12,7,Hines Ward,0.4464222027747667,0.058803220662090885,0.2713558955876863,0.17506631299734748,4.0,6,1,False
12,7,Kendra Wilkinson,0.18928496131493985,0.32650488259970645,0.02748125383450926,0.16180371352785147,1.0,6,1,True
12,7,Kirstie Alley,0.4543747555522016,0.05576685006839403,0.2952235590724042,0.15915119363395225,6.0,6,1,False
12,7,Ralph Macchio,0.2571973836814107,0.20761707979540886,0.08213107649433031,0.17506631299734748,3.0,6,1,False
12,7,Romeo,0.20564941832978206,0.2927586422221625,0.0464982218499847,0.15915119363395225,2.0,6,1,False
12,8,Chelsea Kane,0.4908310835379906,0.07905257640426618,0.2792926197070427,0.21153846153846154,3.0,5,1,False
12,8,Hines Ward,0.4997727379046735,0.07447787683848567,0.29208042769063086,0.2076923076923077,4.0,5,1,False
12,8,Kirstie Alley,0.4999098857866283,0.07440981140625443,0.29606372918949087,0.20384615384615384,5.0,5,1,False
12,8,Ralph Macchio,0.2779123938023641,0.3268727942419834,0.10098931252356316,0.17692307692307693,2.0,5,1,False
12,8,Romeo,0.23157391386950454,0.44518694110901036,0.03157391088927232,0.2,1.0,5,1,True
12,9,Chelsea Kane,0.5793514696571369,0.09468041727167165,0.2687131611320514,0.31063829787234043,4.0,4,1,False
12,9,Hines Ward,0.5662399540021692,0.10332891978916388,0.3109208057000909,0.2553191489361702,2.0,4,1,False
12,9,Kirstie Alley,0.5762863447487456,0.0966350351203738,0.3464991142571075,0.2297872340425532,3.0,4,1,False
12,9,Ralph Macchio,0.27812223159194804,0.7053556278187907,0.07386691891074991,0.20425531914893616,1.0,4,1,True
12,10,Chelsea Kane,0.665712894470694,0.33517750774272603,0.3260180964779878,0.33969480071129965,2.0,3,3,True
12,10,Hines Ward,0.6596409331701627,0.34902376252679596,0.31994613517745635,0.33969480071129965,1.0,3,3,True
12,10,Kirstie Alley,0.6746461723591424,0.3157987297304781,0.35403576834455497,0.32061039857740076,3.0,3,3,True
13,1,Carson Kressley,0.09852383468770787,0.10880318935358281,0.020182820004461262,0.07834101382488479,4.0,12,1,False
13,1,Chaz Bono,0.09851457668661098,0.10880990489446483,0.020173562003364363,0.07834101382488479,3.0,12,1,False
13,1,Chynna Phillips,0.11418443399926144,0.09801658043709023,0.012801947477063721,0.10138248847926268,8.0,12,1,False
13,1,David Arquette,0.10728321949198347,0.10263148419971214,0.024333908950830513,0.08294930875576037,6.0,12,1,False
13,1,Elisabetta Canalis,0.0850222930592319,0.11905087531764119,0.015897870091797967,0.06912442396313365,2.0,12,1,False
13,1,Hope Solo,0.17047121990884628,0.06734922616909894,0.0736970292445549,0.0967741935483871,9.0,12,1,False
13,1,J.R. Martinez,0.3443716113384275,0.02112707662595617,0.24298912481622975,0.10138248847926268,11.0,12,1,False
13,1,Kristin Cavallari,0.10697519133071581,0.1028424566595448,0.019417584931656517,0.08755760368663594,5.0,12,1,False
13,1,Metta World Peace (Ron),0.07323229767918318,0.12878584320533287,0.008716170569655598,0.06451612903225806,1.0,12,1,True
13,1,Nancy Grace,0.11085039504563243,0.10021958001086985,0.03711767622029216,0.07373271889400922,7.0,12,1,False
13,1,Ricki Lake,0.36508169652624234,0.018402531481113454,0.2729157942692767,0.09216589861751152,12.0,12,1,False
13,1,Rob Kardashian,0.32548923024615695,0.023961251645592676,0.2517565114208167,0.07373271889400922,10.0,12,1,False
13,2,Carson Kressley,0.10024971560925652,0.1286385964748186,0.019532226485912102,0.08071748878923767,2.0,11,1,False
13,2,Chaz Bono,0.09834655413481543,0.13028112792196184,0.02211336830708334,0.07623318385650224,1.0,11,1,False
13,2,Chynna Phillips,0.1100853373278049,0.12047425557519266,0.01591493086704287,0.09417040358744394,5.0,11,1,False
13,2,David Arquette,0.10745348019522755,0.12260671549362458,0.026735991071883118,0.08071748878923767,4.0,11,1,False
13,2,Elisabetta Canalis,0.10399653482773703,0.1254651586981495,0.009826128366975008,0.09417040358744394,3.0,11,1,True
13,2,Hope Solo,0.16486470677883006,0.08361645133929298,0.0796629143598733,0.08520179372197309,8.0,11,1,False
13,2,J.R. Martinez,0.3587097198760668,0.02296428538609422,0.26005501011969245,0.09865470852017937,10.0,11,1,False
13,2,Kristin Cavallari,0.11983823559473367,0.11289032381110672,0.02118352583835931,0.09865470852017937,6.0,11,1,False
13,2,Nancy Grace,0.1309372388566564,0.1048387448747639,0.036766832395894365,0.09417040358744394,7.0,11,1,False
13,2,Ricki Lake,0.3730335111739308,0.02087282884255049,0.2698944981219441,0.1031390134529148,11.0,11,1,False
13,2,Rob Kardashian,0.3324849805261021,0.027351511582444598,0.23831457406534007,0.09417040358744394,9.0,11,1,False
13,3,Carson Kressley,0.11657026458615646,0.139409964059558,0.019523852058595276,0.0970464135021097,3.0,10,1,False
13,3,Chaz Bono,0.09640724115191052,0.15946733901480165,0.02045787774143764,0.0759493670886076,1.0,10,1,False
13,3,Chynna Phillips,0.12296425738201772,0.13359226401169866,0.013259613894087424,0.10970464135021098,4.0,10,1,False
13,3,David Arquette,0.12704570104160917,0.13000627661250422,0.025779875710398074,0.10126582278481013,5.0,10,1,False
13,3,Hope Solo,0.17812980166508965,0.09248274255147479,0.07686397633387856,0.10126582278481013,7.0,10,1,False
13,3,J.R. Martinez,0.37428667641047636,0.02501084577520479,0.26458203292254606,0.10970464135021098,9.0,10,1,False
13,3,Kristin Cavallari,0.11406225999615065,0.14176049867064278,0.012796434664939554,0.10126582278481013,2.0,10,1,True
13,3,Nancy Grace,0.1311498397826961,0.12649740650038055,0.04254224541185411,0.08860759493670886,6.0,10,1,False
13,3,Ricki Lake,0.38273246523417126,0.023641515619299443,0.26880841639317166,0.11392405063291139,10.0,10,1,False
13,3,Rob Kardashian,0.3566515002003027,0.0281311471844351,0.2553856748690916,0.10126582278481013,8.0,10,1,False
13,4,Carson Kressley,0.12030844770815438,0.169576379680223,0.02461466573622293,0.09569377990430622,2.0,9,1,False
13,4,Chaz Bono,0.12393233317326877,0.16552863590585734,0.023453862847798802,0.10047846889952153,3.0,9,1,False
13,4,Chynna Phillips,0.10922419927875582,0.18258182568090506,0.008745728953285844,0.10047846889952153,1.0,9,1,True
13,4,David Arquette,0.1388589559269839,0.1498497893635644,0.028811108894436915,0.11004784688995216,4.0,9,1,False
13,4,Hope Solo,0.19316942031765505,0.10433048753823171,0.07833688493156954,0.11483253588516747,6.0,9,1,False
13,4,J.R. Martinez,0.3863697501340938,0.028776567478072668,0.26196783804093127,0.12440191387559808,8.0,9,1,False
13,4,Nancy Grace,0.14548047367303593,0.14337877956152484,0.04500200334756597,0.10047846889952153,5.0,9,1,False
13,4,Ricki Lake,0.40678272471713367,0.025115242418938748,0.2680267475633556,0.13875598086124402,9.0,9,1,False
13,4,Rob Kardashian,0.3758736950709194,0.03086229237268228,0.2610411596848339,0.11483253588516747,7.0,9,1,False
13,5,Carson Kressley,0.1132265823081158,0.2343154167414073,0.012162749667467913,0.10106382978723404,1.0,8,1,True
13,5,Chaz Bono,0.13419755851089687,0.20374345613633826,0.022495429266092493,0.11170212765957446,2.0,8,1,False
13,5,David Arquette,0.16063395953251058,0.17082146743338014,0.027655237079393213,0.13297872340425532,3.0,8,1,False
13,5,Hope Solo,0.21208767768113962,0.12121843588719927,0.0844281035301005,0.1276595744680851,5.0,8,1,False
13,5,J.R. Martinez,0.4208737250582324,0.030134997103997387,0.2719375576988803,0.14893617021276595,8.0,8,1,False
13,5,Nancy Grace,0.1617964148450027,0.16950276831384928,0.04477513729812007,0.11702127659574468,4.0,8,1,False
13,5,Ricki Lake,0.4134122490654805,0.031671916205982475,0.2857526749144414,0.1276595744680851,7.0,8,1,False
13,5,Rob Kardashian,0.38377183299862283,0.03859154217784575,0.25079311054550546,0.13297872340425532,6.0,8,1,False
13,6,Chaz Bono,0.12860840545424024,0.29357833338145384,0.014150574667535222,0.1144578313253012,1.0,7,1,True
13,6,David Arquette,0.1676394757754913,0.22631715634424054,0.029085260344277913,0.13855421686746988,2.0,7,1,False
13,6,Hope Solo,0.21319393602119519,0.16704127883394876,0.09271200534807279,0.12048192771084337,4.0,7,1,False
13,6,J.R. Martinez,0.4431130101305909,0.03606948197388705,0.2684142102820344,0.1746987951807229,6.0,7,1,False
13,6,Nancy Grace,0.18877508517636704,0.1965728891118257,0.04419677730931688,0.14457831325301204,3.0,7,1,False
13,6,Ricki Lake,0.4569291663219759,0.032895616939768266,0.28223036647341937,0.1746987951807229,7.0,7,1,False
13,6,Rob Kardashian,0.4017409285707202,0.04752524341487585,0.2692108055753436,0.13253012048192772,5.0,7,1,False
13,7,David Arquette,0.17912680711076534,0.3367421935928847,0.018717252271631117,0.16040955631399317,1.0,6,1,True
13,7,Hope Solo,0.25585128244510036,0.20190981376249106,0.08520281192412713,0.17064846416382254,3.0,6,1,False
13,7,J.R. Martinez,0.45704439675940195,0.05280118863160387,0.2932218650592677,0.16382252559726962,5.0,6,1,False
13,7,Nancy Grace,0.19593111946584446,0.30105376931037164,0.04576046540738805,0.15017064846416384,2.0,6,1,False
13,7,Ricki Lake,0.4782486832488055,0.045840674773670965,0.2973613119471545,0.18088737201365188,6.0,6,1,False
13,7,Rob Kardashian,0.4337977258712442,0.06165235992897769,0.25973629339043214,0.17406143344709898,4.0,6,1,False
13,8,Hope Solo,0.2991648767799011,0.268693105939931,0.09839268072544248,0.20077220077220076,2.0,5,1,False
13,8,J.R. Martinez,0.5106912819933926,0.06558807024859736,0.27903105004549383,0.23166023166023167,4.0,5,1,False
13,8,Nancy Grace,0.20059190798155158,0.5183874748227751,0.03070773291937202,0.16988416988416988,1.0,5,1,True
13,8,Ricki Lake,0.5160682230497391,0.06327862217383184,0.31529602699528053,0.20077220077220076,5.0,5,1,False
13,8,Rob Kardashian,0.47348371019541574,0.08405272681486461,0.2765725093144114,0.1969111969111969,3.0,5,1,False
13,9,Hope Solo,0.281164123230672,0.6988904200672507,0.07441387932846562,0.20675023945248716,1.0,4,1,True
13,9,J.R. Martinez,0.5732099956218557,0.0997354799360168,0.33692207395475676,0.2362879168266533,3.0,4,1,False
13,9,Ricki Lake,0.5903884833434053,0.08894322360544049,0.3076877062895723,0.2827007708893286,4.0,4,1,False
13,9,Rob Kardashian,0.5552374276063892,0.1124308763912921,0.2809763404272052,0.27426107283153095,2.0,4,1,False
13,10,J.R. Martinez,0.663584061210202,0.33847617443490235,0.3302511351752746,0.33333293885414844,2.0,3,3,True
13,10,Ricki Lake,0.6869324029893485,0.28968614905630025,0.35557107939430155,0.33136133188796163,3.0,3,3,True
13,10,Rob Kardashian,0.6494835059981263,0.3718376765087974,0.3141777854304231,0.33530572925789,1.0,3,3,True
14,2,Donald Driver,0.26459068591404067,0.03724108574926493,0.17537135417270766,0.08921933085501858,10.0,12,1,False
14,2,Gavin DeGraw,0.0952531173796071,0.1151608366704974,0.017186202105940712,0.07806691449814127,4.0,12,1,False
14,2,Gladys Knight,0.08101943858338025,0.1266238553672145,0.01038746513796475,0.07063197026022305,2.0,12,1,False
14,2,Jack Wagner,0.09060672478972119,0.11878387692565047,0.012539809516054807,0.07806691449814127,3.0,12,1,False
14,2,Jaleel White,0.10567978004035206,0.1074277626776916,0.023895390127269933,0.08178438661710037,6.0,12,1,False
14,2,Katherine Jenkins,0.28775376212300136,0.031912318635866264,0.19109948855341746,0.09665427509293681,12.0,12,1,False
14,2,Maria Menounos,0.11164280154596647,0.10324090800449152,0.018705995165217718,0.09293680297397769,7.0,12,1,False
14,2,Martina Navratilova,0.07125185975458331,0.13514362680730363,0.008054835587999305,0.06319702602230483,1.0,12,1,True
14,2,Melissa Gilbert,0.25782644300078544,0.03895891230741565,0.1834770023665348,0.07434944237918216,8.0,12,1,False
14,2,Roshon Fegan,0.2588259094778268,0.03870018770762453,0.1621716359082429,0.09665427509293681,9.0,12,1,False
14,2,Sherri Sheperd,0.09880873630803469,0.11246314914354687,0.01330687920611743,0.08550185873605948,5.0,12,1,False
14,2,William Levy,0.27674074853328107,0.03434348000343261,0.18380394215253232,0.09293680297397769,11.0,12,1,False
14,3,Donald Driver,0.26614379473767663,0.04451617587785395,0.1732866499646702,0.09285714285714286,8.0,11,1,False
14,3,Gavin DeGraw,0.10176463158674998,0.1331816137497755,0.016050343530853224,0.08571428571428572,4.0,11,1,False
14,3,Gladys Knight,0.09653573332511849,0.1379061022944023,0.010821445269221724,0.08571428571428572,2.0,11,1,False
14,3,Jack Wagner,0.09400122158373214,0.14025606397321455,0.00828693352783539,0.08571428571428572,1.0,11,1,True
14,3,Jaleel White,0.11375380616143754,0.12295099768266865,0.02446808974698595,0.08928571428571429,5.0,11,1,False
14,3,Katherine Jenkins,0.3029046058094089,0.034840501706521206,0.19933317596073796,0.10357142857142858,11.0,11,1,False
14,3,Maria Menounos,0.11596373239808919,0.12115285848666432,0.019535159266527907,0.09642857142857143,6.0,11,1,False
14,3,Melissa Gilbert,0.27090506865263675,0.043125341747266475,0.18519078059674,0.08571428571428572,9.0,11,1,False
14,3,Roshon Fegan,0.2549117590834346,0.047977534192561,0.165626042668983,0.08928571428571429,7.0,11,1,False
14,3,Sherri Sheperd,0.10066375285521781,0.13416265474350625,0.014949464799321053,0.08571428571428572,3.0,11,1,False
14,3,William Levy,0.2824519161582396,0.03993015554556571,0.1824519146681235,0.1,10.0,11,1,False
14,4,Donald Driver,0.2868653500427057,0.047548362970320696,0.17098552379501358,0.11587982832618025,9.0,10,1,False
14,4,Gavin DeGraw,0.11511859932046371,0.14941470561368234,0.016406155015043788,0.09871244635193133,3.0,10,1,False
14,4,Gladys Knight,0.09737353167638403,0.16817853945715788,0.0115366219650231,0.08583690987124463,1.0,10,1,False
14,4,Jaleel White,0.11919283389028565,0.14541098830854324,0.024772229482498326,0.0944206008583691,4.0,10,1,False
14,4,Katherine Jenkins,0.3100669361046208,0.0407342849717928,0.2070626444509877,0.10300429184549356,10.0,10,1,False
14,4,Maria Menounos,0.13233907134406536,0.13320943010438865,0.020751084994005842,0.11158798283261803,5.0,10,1,False
14,4,Melissa Gilbert,0.2728570674326759,0.05220278842623937,0.1784364630248886,0.0944206008583691,6.0,10,1,False
14,4,Roshon Fegan,0.2807175446572989,0.04953763729708913,0.16912955830723944,0.11158798283261803,7.0,10,1,False
14,4,Sherri Sheperd,0.09934914572202147,0.16597802327127034,0.009220388662447341,0.09012875536480687,2.0,10,1,True
14,4,William Levy,0.2861199347106391,0.04778523957951548,0.1916993303028518,0.0944206008583691,8.0,10,1,False
14,5,Donald Driver,0.29900326518804055,0.05526349713300451,0.17846754877358892,0.12053571428571429,7.0,9,1,False
14,5,Gavin DeGraw,0.09718082892319967,0.21221406610411375,0.01235940354487706,0.08482142857142858,1.0,9,1,True
14,5,Gladys Knight,0.10934497448807877,0.19568401838701416,0.011130690902530363,0.09821428571428571,2.0,9,1,False
14,5,Jaleel White,0.13404546205939585,0.165974023320096,0.02690260385217006,0.10714285714285714,3.0,9,1,False
14,5,Katherine Jenkins,0.32333257817113914,0.04698917155299614,0.19386829458559077,0.12946428571428573,9.0,9,1,False
14,5,Maria Menounos,0.14350570442383057,0.15582958521237056,0.02296998800937896,0.12053571428571429,4.0,9,1,False
14,5,Melissa Gilbert,0.2829340619668551,0.0615125134002526,0.18918406196685508,0.09375,5.0,9,1,False
14,5,Roshon Fegan,0.289794454136903,0.05876254582815786,0.17372302875858042,0.11607142857142858,6.0,9,1,False
14,5,William Levy,0.32085866319197626,0.04777057906199451,0.19139437960642786,0.12946428571428573,8.0,9,1,False
14,6,Donald Driver,0.3193067339247183,0.06473613133281592,0.187523814756246,0.13178291569008133,6.0,8,1,False
14,6,Gladys Knight,0.10135475645805779,0.27681036610373866,0.008331247670902635,0.09302350820331683,1.0,8,1,True
14,6,Jaleel White,0.16599446169023047,0.17990002944388642,0.02258398762826453,0.14341046661754508,3.0,8,1,False
14,6,Katherine Jenkins,0.34388695204910136,0.054951521479361956,0.192724133974875,0.151162813232439,8.0,8,1,False
14,6,Maria Menounos,0.13842518363633588,0.21619839719543751,0.02214618508258299,0.11627899765619518,2.0,8,1,False
14,6,Melissa Gilbert,0.31579446016610285,0.06626982385580646,0.1995150741821589,0.11627938525414604,5.0,8,1,False
14,6,Roshon Fegan,0.28824103262168266,0.07963264844325563,0.17971437808019017,0.10852665104130127,4.0,8,1,False
14,6,William Levy,0.3269964418055126,0.06150108214569747,0.1874611786247799,0.13953526230497523,7.0,8,1,False
14,7,Donald Driver,0.328448248264097,0.09294862547889278,0.1840340766875971,0.1444141689373297,5.0,7,1,False
14,7,Jaleel White,0.15616355627229178,0.29312863488656776,0.01719897776296103,0.13896457765667575,1.0,7,1,True
14,7,Katherine Jenkins,0.35204642654725293,0.07941805519109185,0.2049074584371684,0.14713896457765668,7.0,7,1,False
14,7,Maria Menounos,0.17647743952924252,0.2560021009315847,0.021164081818404207,0.1553133514986376,2.0,7,1,False
14,7,Melissa Gilbert,0.32194389166345005,0.09706776119599679,0.19387849928845768,0.12806539509536785,3.0,7,1,False
14,7,Roshon Fegan,0.3219583050967483,0.09705843444609621,0.18026893005383296,0.14168937329700274,4.0,7,1,False
14,7,William Levy,0.3429621475280784,0.08437638786977,0.1985479759515785,0.1444141689373297,6.0,7,1,False
14,8,Donald Driver,0.35863372790875553,0.12466888446473602,0.19043800342145084,0.16819571865443425,4.0,6,2,False
14,8,Katherine Jenkins,0.37825993430454946,0.10937911014500158,0.21006420981724477,0.16819571865443425,6.0,6,2,False
14,8,Maria Menounos,0.18729356409779582,0.39069572384744605,0.025214051024828286,0.1620795107033639,1.0,6,2,False
14,8,Melissa Gilbert,0.35544775996995814,0.12734514592381999,0.19948445831132777,0.1559633027522936,3.0,6,2,True
14,8,Roshon Fegan,0.3458042578207812,0.13580107063433275,0.17455044252746915,0.1712538226299694,2.0,6,2,True
14,8,William Levy,0.3745607558981594,0.11211006498466361,0.20024883489767878,0.1743119266055046,5.0,6,2,False
14,9,Donald Driver,0.5497642248413185,0.11611083730155715,0.3019381403467277,0.24782608695652175,2.0,4,1,False
14,9,Katherine Jenkins,0.5897275599606806,0.08895432135383528,0.3462493064769083,0.24347826086956523,4.0,4,1,False
14,9,Maria Menounos,0.2802437140415918,0.7001878346225384,0.023721982426525276,0.2565217391304348,1.0,4,1,True
14,9,William Levy,0.5802644713540874,0.09474700672206918,0.3280905707498393,0.25217391304347825,3.0,4,1,False
14,10,Donald Driver,0.6423308348730168,0.38900723173654556,0.3102415299490055,0.33208930162582334,1.0,3,3,True
14,10,Katherine Jenkins,0.6875791791307584,0.287706914977221,0.35175778897878085,0.3358213967483533,3.0,3,3,True
14,10,William Levy,0.670089985996225,0.32328585328623344,0.3380006810722138,0.33208930162582334,2.0,3,3,True
15,1,Apolo Anton Ohno,0.20252938226054035,0.05244277019673581,0.12296338036845049,0.07956600361663653,10.0,13,1,False
15,1,Bristol Palin,0.08790160972985803,0.11260742261413305,0.017377200316520326,0.0705244122965642,3.0,13,1,False
15,1,Drew Lachey,0.14335697188036237,0.07780496288090404,0.06559928550379071,0.07775768535262206,5.0,13,1,False
15,1,Emmitt Smith,0.16719387802974417,0.06637314366112122,0.0785862836589022,0.08860759493670886,7.0,13,1,False
15,1,Gilles Marini,0.1895822709158988,0.05717041584923361,0.102782992060575,0.0867992766726944,9.0,13,1,False
15,1,Helio Castroneves,0.14728218660934772,0.07579536334600205,0.06952450023277607,0.07775768535262206,6.0,13,1,False
15,1,Joey Fatone,0.08648246241992195,0.1136778551067803,0.01234141452496727,0.07414104882459313,2.0,13,1,False
15,1,Kelly Monaco,0.21251486970740296,0.04906532469136574,0.1347571833308313,0.07775768535262206,13.0,13,1,False
15,1,Kirstie Alley,0.18368969969199828,0.05946098405599803,0.11497360579417876,0.06871609403254973,8.0,13,1,False
15,1,Melissa Rycroft,0.20310128812963632,0.05224320203205916,0.12715192471916345,0.0759493670886076,11.0,13,1,False
15,1,Pamela Anderson,0.06842440718838529,0.12822104013941865,0.006941586528509419,0.06148282097649186,1.0,13,1,True
15,1,Sabrina Bryan,0.09814367556773604,0.10517516463410512,0.016769350709547416,0.081374321880651,4.0,13,1,False
15,1,Shawn Johnson,0.20979729414387743,0.04996235079214326,0.1302312922517876,0.07956600361663653,12.0,13,1,False
15,2,Apolo Anton Ohno,0.20942846874099766,0.059503165512154566,0.12066035161119495,0.08876811594202899,10.0,12,1,False
15,2,Bristol Palin,0.08180321752632891,0.13933268923339842,0.016585826869857656,0.06521739130434782,1.0,12,1,False
15,2,Drew Lachey,0.1489283349909023,0.08906475932688286,0.06740659294502294,0.08152173913043478,4.0,12,1,False
15,2,Emmitt Smith,0.16787988165066278,0.07849383554561995,0.08635813960478342,0.08152173913043478,6.0,12,1,False
15,2,Gilles Marini,0.1940227505598478,0.06593927883478788,0.10163144588808341,0.09239130434782608,7.0,12,1,False
15,2,Helio Castroneves,0.159066503242801,0.08324399129974086,0.0757331674259408,0.08333333333333333,5.0,12,1,False
15,2,Joey Fatone,0.08972311571486605,0.13216685797216696,0.00820137366898668,0.08152173913043478,2.0,12,1,True
15,2,Kelly Monaco,0.20473944632670943,0.06139262183936259,0.1250292980518109,0.07971014492753623,9.0,12,1,False
15,2,Kirstie Alley,0.19642610011711087,0.0648911967046841,0.12033914683475462,0.07608695652173914,8.0,12,1,False
15,2,Melissa Rycroft,0.2108473216234512,0.05894297751744859,0.12570239203561018,0.08514492753623189,11.0,12,1,False
15,2,Sabrina Bryan,0.11322072955476845,0.11300300835059003,0.01901783111202323,0.09420289855072464,3.0,12,1,False
15,2,Shawn Johnson,0.22391414485271444,0.05402561786316323,0.1333344339519309,0.09057971014492754,12.0,12,1,False
15,3,Apolo Anton Ohno,0.219340031430725,0.06748950845788193,0.127613415405754,0.09172661870503597,8.0,11,2,False
15,3,Bristol Palin,0.09493634048554901,0.15467561154931594,0.0140010857925177,0.08093525179856115,1.0,11,2,False
15,3,Drew Lachey,0.15408111955735618,0.10427499248703513,0.06775018419835502,0.08633093525179857,3.0,11,2,True
15,3,Emmitt Smith,0.17454203898367238,0.09097870230536591,0.08461397821363759,0.08992805755395683,5.0,11,2,False
15,3,Gilles Marini,0.19419131767649728,0.07980851852875599,0.10246470165152628,0.09172661870503597,6.0,11,2,False
15,3,Helio Castroneves,0.16268113478373916,0.09846470244973189,0.07095451875876815,0.09172661870503597,4.0,11,2,True
15,3,Kelly Monaco,0.2265473737226381,0.06432338216707598,0.12942506958111666,0.09712230215827339,10.0,11,2,False
15,3,Kirstie Alley,0.2043440037946205,0.07458546679261445,0.11801306843561934,0.08633093525179857,7.0,11,2,False
15,3,Melissa Rycroft,0.2240088844820169,0.06542120677628648,0.12688658034049544,0.09712230215827339,9.0,11,2,False
15,3,Sabrina Bryan,0.11111849964833673,0.1388576120129642,0.019391883623365722,0.09172661870503597,2.0,11,2,False
15,3,Shawn Johnson,0.23420925543484877,0.06112029647297223,0.13888551399884413,0.09532374100719425,11.0,11,2,False
15,4,Apolo Anton Ohno,0.2522504913043344,0.08403550406022169,0.14494100086205838,0.10730948678071539,6.0,9,1,False
15,4,Bristol Palin,0.11155467305658728,0.2146935148042897,0.012021234374031124,0.09953343701399689,1.0,9,1,True
15,4,Emmitt Smith,0.21408162596961822,0.10838595120315568,0.10210650745174255,0.1119751166407465,3.0,9,1,False
15,4,Gilles Marini,0.24256809736754215,0.08963883656169225,0.11970651085640704,0.12286158631415241,5.0,9,1,False
15,4,Kelly Monaco,0.2678903289605691,0.0757148107994067,0.15124958236709374,0.1166407465007776,8.0,9,1,False
15,4,Kirstie Alley,0.2408838091356615,0.09065102624102771,0.1475712103707651,0.09331259720062209,4.0,9,1,False
15,4,Melissa Rycroft,0.26271344157190607,0.07837354037258605,0.14762790682049082,0.1150855365474339,7.0,9,1,False
15,4,Sabrina Bryan,0.13269464795607713,0.18647148511774653,0.022274741280261554,0.1104199066874028,2.0,9,1,False
15,4,Shawn Johnson,0.2753628921282847,0.07203533083987358,0.15250130561714956,0.12286158631415241,9.0,9,1,False
15,6,Apolo Anton Ohno,0.2743381245275274,0.10114569459165548,0.14159476591546688,0.13274336283185842,5.0,8,1,False
15,6,Emmitt Smith,0.22041456011214206,0.14490124299034676,0.1031579261747832,0.1172566371681416,2.0,8,1,False
15,6,Gilles Marini,0.24707876480484667,0.12130294119494654,0.1253973502602643,0.12168141592920353,3.0,8,1,False
15,6,Kelly Monaco,0.27768529560597877,0.09891367739469588,0.15821627136500815,0.11946902654867257,6.0,8,1,False
15,6,Kirstie Alley,0.2621446265673153,0.10971125768855303,0.14046321202273293,0.12168141592920353,4.0,8,1,False
15,6,Melissa Rycroft,0.28159071733408986,0.09637158332812257,0.15105974902564107,0.13053097345132744,7.0,8,1,False
15,6,Sabrina Bryan,0.14700733809412014,0.23637839926113519,0.014263979482059607,0.13274336283185842,1.0,8,1,True
15,6,Shawn Johnson,0.28974055060223813,0.09127520355054457,0.16584674575404398,0.12389380530973451,8.0,8,1,False
15,8,Apolo Anton Ohno,0.2946929721754422,0.13315594924584073,0.147773647181355,0.1469193195013584,4.0,7,2,False
15,8,Emmitt Smith,0.2451638639138548,0.1852516270472832,0.09936006964906142,0.1458037890899821,1.0,7,2,False
15,8,Gilles Marini,0.2712552118716987,0.15567534663279162,0.12433588687761148,0.1469193195013584,2.0,7,2,True
15,8,Kelly Monaco,0.3020846869188697,0.12675332739352216,0.15990448252739017,0.1421801970519487,6.0,7,2,False
15,8,Kirstie Alley,0.27506474777937917,0.15177145766326613,0.14710242673636464,0.127962327890669,3.0,7,2,True
15,8,Melissa Rycroft,0.29980964088670226,0.12869044472694405,0.14926572764150112,0.15054391516549293,5.0,7,2,False
15,8,Shawn Johnson,0.31192889135521457,0.11870184729035205,0.17225775938671634,0.13967113179919047,7.0,7,2,False
15,9,Apolo Anton Ohno,0.4124854355950087,0.17866652189403404,0.20957010983416735,0.20291532535175605,2.0,5,2,True
15,9,Emmitt Smith,0.33172003913266984,0.3061138337588797,0.14023026812417833,0.19148976912716836,1.0,5,2,True
15,9,Kelly Monaco,0.4139351970557237,0.17694801443953706,0.2216581977013612,0.19227700484469115,4.0,5,2,False
15,9,Melissa Rycroft,0.41277829430952956,0.17831803520974113,0.20868069551840712,0.20409759737077457,3.0,5,2,False
15,9,Shawn Johnson,0.4290810339070681,0.15995359469780812,0.21986072882188587,0.2092203033056099,5.0,5,2,False
15,10,Kelly Monaco,0.6619902385731521,0.34353282027995036,0.3288689984341445,0.3331212530739241,2.0,3,3,True
15,10,Melissa Rycroft,0.6616333686231448,0.34435110356568654,0.3259694539426639,0.33566392755094215,1.0,3,3,True
15,10,Shawn Johnson,0.6763763630013808,0.31211607615436304,0.3451615476231917,0.3312148193751337,3.0,3,3,True
16,2,Alexandra Raisman,0.3284022885924105,0.022917733653223023,0.2300416309004549,0.09836065573770492,11.0,12,1,False
16,2,Andy Dick,0.09721206061976267,0.10703749489860273,0.015244848359993228,0.08196721311475409,6.0,12,1,False
16,2,D. L. Hughley,0.07686710623940399,0.12258592613080975,0.011293339411820674,0.06557377049180328,2.0,12,1,False
16,2,Dorothy Hamill,0.06681525912218242,0.1310821906507273,0.005339848064710195,0.06147540983606557,1.0,12,1,True
16,2,Ingo Rademacher,0.10646418549993555,0.10063482393670117,0.024496973240166114,0.08196721311475409,7.0,12,1,False
16,2,Jacoby Jones,0.31772417876529513,0.02460865979195313,0.22346188429403124,0.0942622950819672,10.0,12,1,False
16,2,Kellie Pickler,0.33404055413710226,0.022072281029743443,0.22748317745434393,0.10655737704918032,12.0,12,1,False
16,2,Lisa Vanderpump,0.08301106400901243,0.11766628250510687,0.009240570740045747,0.07377049180327869,3.0,12,1,False
16,2,Sean Lowe,0.11046757109501323,0.09798448235899579,0.0285003588352438,0.08196721311475409,8.0,12,1,False
16,2,Victor Ortiz,0.09228317522987992,0.11061308912722657,0.018512681960913244,0.07377049180327869,5.0,12,1,False
16,2,Wynonna Judd,0.08619118798735512,0.115197918198906,0.012420694718388438,0.07377049180327869,4.0,12,1,False
16,2,Zendaya,0.3005213687026467,0.02759911771800411,0.19396399201988834,0.10655737704918032,9.0,12,1,False
16,3,Alexandra Raisman,0.32925726008342887,0.027272907729993596,0.23138474953102256,0.09787250701703322,10.0,11,1,False
16,3,Andy Dick,0.09340818156915587,0.13139670224920036,0.01681230892854612,0.07659587505680861,3.0,11,1,False
16,3,D. L. Hughley,0.07992366675009697,0.14375605120892618,0.01183844331374138,0.06808522227271877,2.0,11,1,False
16,3,Ingo Rademacher,0.11869176379143798,0.11101482976581863,0.029329909893866406,0.08936185423294338,7.0,11,1,False
16,3,Jacoby Jones,0.3213122551651502,0.028756404799218982,0.21067462017255073,0.11063763512788959,9.0,11,1,False
16,3,Kellie Pickler,0.3435375694446934,0.024796233241057418,0.23715440968803295,0.10638315980112308,11.0,11,1,False
16,3,Lisa Vanderpump,0.0995910746831831,0.12609072925440984,0.010229220785611535,0.08936185423294338,4.0,11,1,False
16,3,Sean Lowe,0.11809345957727975,0.1114585183165586,0.028731605679708186,0.08936185423294338,5.0,11,1,False
16,3,Victor Ortiz,0.11845948140892187,0.11118687486927749,0.020586970856515563,0.09787250701703322,6.0,11,1,False
16,3,Wynonna Judd,0.07098805270650346,0.15257992154131791,0.007158153872274947,0.06382989588067384,1.0,11,1,True
16,3,Zendaya,0.30673724227072885,0.031690827024220956,0.19609960727812936,0.11063763512788959,8.0,11,1,False
16,4,Alexandra Raisman,0.35217194518000894,0.028575039110937766,0.23163622876555734,0.12053571428571429,10.0,10,1,False
16,4,Andy Dick,0.11251114376423985,0.14121340467283602,0.018761143764239853,0.09375,4.0,10,1,False
16,4,D. L. Hughley,0.10582483037320031,0.14765045312581737,0.01207483037320031,0.09375,3.0,10,1,False
16,4,Ingo Rademacher,0.12951880636280583,0.12607637034312774,0.026840231741128425,0.10267857142857142,6.0,10,1,False
16,4,Jacoby Jones,0.3262019895941607,0.033976415278264435,0.2190591313869349,0.10714285714285714,8.0,10,1,False
16,4,Kellie Pickler,0.3490395418962925,0.02917803694812703,0.2329681165179699,0.11607142857142858,9.0,10,1,False
16,4,Lisa Vanderpump,0.08647967206497537,0.16797504037319044,0.0061225302722011585,0.08035714285714286,1.0,10,1,True
16,4,Sean Lowe,0.11919547593012463,0.13505877310849476,0.029909759515673026,0.08928571428571429,5.0,10,1,False
16,4,Victor Ortiz,0.09852824148178435,0.15501030569231344,0.018171099689010147,0.08035714285714286,2.0,10,1,False
16,4,Zendaya,0.3205283533524076,0.03528616134689085,0.204456927974085,0.11607142857142858,7.0,10,1,False
16,5,Alexandra Raisman,0.35382441532644004,0.035384604014328434,0.23420719158681602,0.11961722488038277,8.0,9,1,False
16,5,Andy Dick,0.103707822594411,0.18748910972072735,0.017583417329556573,0.0861244019138756,2.0,9,1,False
16,5,D. L. Hughley,0.09346975735093169,0.20073277191200203,0.007345352086077255,0.0861244019138756,1.0,9,1,True
16,5,Ingo Rademacher,0.1289784547185877,0.1584200233463948,0.02849998439311773,0.10047846889952153,4.0,9,1,False
16,5,Jacoby Jones,0.34744017668282406,0.03692313803836674,0.22303826458966153,0.12440191387559808,7.0,9,1,False
16,5,Kellie Pickler,0.36771142690889747,0.03225576327479654,0.23852482646219642,0.1291866028708134,9.0,9,1,False
16,5,Sean Lowe,0.14578850879611668,0.1416250191016271,0.030955973410031166,0.11483253588516747,5.0,9,1,False
16,5,Victor Ortiz,0.12007208869212053,0.16811119827069554,0.019593618366650564,0.10047846889952153,3.0,9,1,False
16,5,Zendaya,0.3390073489296712,0.03905837232106168,0.2002513717758931,0.13875598086124402,6.0,9,1,False
16,6,Alexandra Raisman,0.376139956922124,0.041522771608508674,0.23820892295319854,0.13793103448275862,7.0,8,1,False
16,6,Andy Dick,0.13204955189996392,0.21134911867405212,0.017991198893124186,0.11405835543766578,2.0,8,1,False
16,6,Ingo Rademacher,0.1503477522473619,0.18707757206293665,0.028331836436300044,0.1220159151193634,3.0,8,1,False
16,6,Jacoby Jones,0.3517027600531779,0.04886965423216358,0.2323393626933299,0.11936339522546419,6.0,8,1,False
16,6,Kellie Pickler,0.38074254857425205,0.04026803773080402,0.23750647770289887,0.14323607427055704,8.0,8,1,False
16,6,Sean Lowe,0.15106697739382186,0.18618271316633,0.029051061582760006,0.1220159151193634,4.0,8,1,False
16,6,Victor Ortiz,0.1181875918311332,0.23181147281712813,0.01208679417793496,0.10610079575596817,1.0,8,1,True
16,6,Zendaya,0.33976285362758407,0.05291865970807686,0.20448434556045306,0.13527851458885942,5.0,8,1,False
16,7,Alexandra Raisman,0.4054596369053328,0.04564847510387279,0.23154659018768906,0.17391304347826086,6.0,7,1,False
16,7,Andy Dick,0.10501884422367022,0.3382917944628064,0.01262753955190585,0.09239130434782608,1.0,7,1,True
16,7,Ingo Rademacher,0.162121953804721,0.23118573222780744,0.02625239117883599,0.1358695652173913,2.0,7,1,False
16,7,Jacoby Jones,0.3788163587754875,0.05452133301810631,0.2320772335237175,0.14673913043478262,4.0,7,1,False
16,7,Kellie Pickler,0.40684222095460565,0.04522965588789036,0.2492335181757894,0.15760869565217392,7.0,7,1,False
16,7,Sean Lowe,0.16237072239196898,0.2308026383347157,0.03193594107902648,0.13043478260869565,3.0,7,1,False
16,7,Zendaya,0.37937027039479454,0.054320370964801135,0.21632678630303584,0.16304347826086957,5.0,7,1,False
16,8,Alexandra Raisman,0.42667576996517187,0.0646131796292203,0.24661146430206304,0.18006430868167203,5.0,6,1,False
16,8,Ingo Rademacher,0.18071955133988393,0.33299468642660357,0.026378717914362092,0.15434083601286175,2.0,6,1,False
16,8,Jacoby Jones,0.40359178049464994,0.07536264080207362,0.236389203499754,0.16720257234726688,3.0,6,1,False
16,8,Kellie Pickler,0.4268474000083947,0.06453929148994639,0.24999852651233914,0.17684887459807075,6.0,6,1,False
16,8,Sean Lowe,0.15801732136899424,0.38740657888626573,0.022969095846952923,0.13504823151125403,1.0,6,1,True
16,8,Zendaya,0.40414816192174385,0.07508362276589024,0.21765299192452855,0.1864951768488746,4.0,6,1,False
16,9,Alexandra Raisman,0.4562546946708844,0.1028970355401728,0.24703483662053805,0.20921985815602837,4.0,5,1,False
16,9,Ingo Rademacher,0.20011717812351307,0.5675405933563528,0.01926612095169148,0.18085106382978725,1.0,5,1,True
16,9,Jacoby Jones,0.448072393403663,0.1086658425100419,0.2388525353533166,0.20921985815602837,3.0,5,1,False
16,9,Kellie Pickler,0.4732111534596756,0.09189859810725741,0.26753739924443515,0.20567375886524822,5.0,5,1,False
16,9,Zendaya,0.4223445654411023,0.12899793048617503,0.22730910783001834,0.1950354609929078,2.0,5,1,False
16,10,Alexandra Raisman,0.5031394560515822,0.24382745901111724,0.25527599944471724,0.24786345971235874,3.0,4,4,True
16,10,Jacoby Jones,0.5007133783718842,0.2478031525211917,0.2613977940699357,0.2393155891586232,2.0,4,4,True
16,10,Kellie Pickler,0.5168664497063831,0.22250454957444288,0.26045597016078975,0.256410475564509,4.0,4,4,True
16,10,Zendaya,0.47928071587015075,0.28586483889324826,0.2228702363245575,0.256410475564509,1.0,4,4,True
17,2,Amber Riley,0.28821063762537896,0.030744440933586557,0.197985075172109,0.09022556390977443,9.0,12,1,False
17,2,Bill Engvall,0.3233666778089026,0.024320888594621882,0.24441931252493654,0.07894736842105263,12.0,12,1,False
17,2,Bill Nye,0.07350513059338827,0.12864790346129018,0.009595354084580138,0.06390977443609022,1.0,12,1,False
17,2,Brant Daugherty,0.10289478615384347,0.105757443702618,0.01642862275700814,0.08646616541353383,5.0,12,1,False
17,2,Christina Milian,0.10794476599892068,0.10225622494949753,0.013959804489216094,0.09398496240601503,6.0,12,1,False
17,2,Corbin Bleu,0.31017131817093063,0.02655729987988389,0.2124269576047914,0.09774436090225563,10.0,12,1,False
17,2,Elizabeth Berkley Lauren,0.11766679622485623,0.09583885026854631,0.023681834715151645,0.09398496240601503,8.0,12,1,False
17,2,Jack Osbourne,0.3107900516894105,0.026447979558072866,0.22056448923614053,0.09022556390977443,11.0,12,1,False
17,2,Keyshawn Johnson,0.07522433350509286,0.1271818420322157,0.007555157939850093,0.06766917293233082,2.0,12,1,True
17,2,Leah Remini,0.11653064345124359,0.09656752356915664,0.026305080997973625,0.09022556390977443,7.0,12,1,False
17,2,"Nicole ""Snooki"" Polizzi",0.09418350229249073,0.11208118007250457,0.018995536064959295,0.07518796992481203,4.0,12,1,False
17,2,Valerie Harper,0.07951134903496072,0.12359842297800597,0.008082774413283325,0.07142857142857142,3.0,12,1,False
17,3,Amber Riley,0.29135184139168957,0.035846274761933535,0.19723419249213436,0.09411764705882353,8.0,11,1,False
17,3,Bill Engvall,0.33632196958386945,0.02656086243373916,0.24220432068431424,0.09411764705882353,11.0,11,1,False
17,3,Bill Nye,0.06931375325617421,0.15751072808145092,0.006568651506277204,0.06274509803921569,1.0,11,1,True
17,3,Brant Daugherty,0.12287753978748818,0.1102115455778727,0.016995185706811147,0.10588235294117647,6.0,11,1,False
17,3,Christina Milian,0.11559695713180669,0.11569285505662963,0.01363617144483693,0.10196078431372549,4.0,11,1,False
17,3,Corbin Bleu,0.3217337189368533,0.029273825805070743,0.21977293324988356,0.10196078431372549,10.0,11,1,False
17,3,Elizabeth Berkley Lauren,0.12126609643755613,0.11140192597928959,0.023226879144293652,0.09803921568627451,5.0,11,1,False
17,3,Jack Osbourne,0.31307575912340807,0.031013218959213308,0.22680124701126742,0.08627450980392157,9.0,11,1,False
17,3,Leah Remini,0.12307805920830406,0.11006431364076413,0.028960410308748852,0.09411764705882353,7.0,11,1,False
17,3,"Nicole ""Snooki"" Polizzi",0.11454689764132718,0.11650559234882135,0.0165076803480647,0.09803921568627451,3.0,11,1,False
17,3,Valerie Harper,0.07083742985326485,0.15591885735521496,0.008092328103367845,0.06274509803921569,2.0,11,1,False
17,4,Amber Riley,0.3088118850250313,0.03916481821226755,0.19488783618403174,0.11392405063291139,7.0,10,1,False
17,4,Bill Engvall,0.3425673794212085,0.031272597032694784,0.25395978505036654,0.08860759493670886,10.0,10,1,False
17,4,Brant Daugherty,0.10771071350302946,0.1496730616051439,0.019103119132187478,0.08860759493670886,2.0,10,1,False
17,4,Christina Milian,0.1167413757368762,0.14092797033224586,0.015475550405665109,0.10126582278481013,3.0,10,1,False
17,4,Corbin Bleu,0.33225018301362397,0.033499266038685915,0.21832613417262436,0.11392405063291139,9.0,10,1,False
17,4,Elizabeth Berkley Lauren,0.13653231840982133,0.12350841523773054,0.022608269568821726,0.11392405063291139,6.0,10,1,False
17,4,Jack Osbourne,0.3261665047070766,0.03488585285392146,0.2249006793758655,0.10126582278481013,8.0,10,1,False
17,4,Leah Remini,0.12825265680377892,0.13051746345179366,0.026986831472567845,0.10126582278481013,5.0,10,1,False
17,4,"Nicole ""Snooki"" Polizzi",0.11912308377202946,0.1387079796758419,0.017857258440818372,0.10126582278481013,4.0,10,1,False
17,4,Valerie Harper,0.08184389960752442,0.17784257555967448,0.0058945361970515475,0.0759493670886076,1.0,10,1,True
17,5,Amber Riley,0.3187806299419964,0.04747403106475049,0.2081423318477238,0.11063829787234042,6.0,9,1,False
17,5,Bill Engvall,0.35484147808988786,0.037329249669527345,0.2527138217492888,0.10212765957446808,9.0,9,1,False
17,5,Brant Daugherty,0.1325895078618525,0.16426106046604538,0.017695892616033403,0.1148936170212766,3.0,9,1,False
17,5,Christina Milian,0.1294238722726263,0.16776450357433872,0.010274932424680153,0.11914893617021277,2.0,9,1,True
17,5,Corbin Bleu,0.3363357962639507,0.04223074055258613,0.21718685641600455,0.11914893617021277,8.0,9,1,False
17,5,Elizabeth Berkley Lauren,0.13549086388860973,0.16111439180532944,0.024852565794337127,0.11063829787234042,5.0,9,1,False
17,5,Jack Osbourne,0.3349911266756951,0.04261101844975933,0.22009751142987596,0.1148936170212766,7.0,9,1,False
17,5,Leah Remini,0.12325902937845337,0.17480309765480614,0.029642007340947265,0.09361702127659574,1.0,9,1,False
17,5,"Nicole ""Snooki"" Polizzi",0.13428769562692774,0.16241190676285683,0.019394080381108656,0.1148936170212766,4.0,9,1,False
17,7,Amber Riley,0.33758212316623615,0.055284989233905214,0.20439928460708542,0.13318284424379231,5.0,8,1,False
17,7,Bill Engvall,0.3662830228822527,0.04565723567726577,0.25341620397737596,0.11286681715575621,8.0,8,1,False
17,7,Brant Daugherty,0.14579947039569585,0.19855228138224496,0.01713129624808996,0.12866817155756208,2.0,8,1,False
17,7,Corbin Bleu,0.36284647455776436,0.04671533203899679,0.22966363599861367,0.13318284424379231,7.0,8,1,False
17,7,Elizabeth Berkley Lauren,0.14827025622175233,0.19530853564350925,0.02637409359262482,0.12189616252821671,3.0,8,1,False
17,7,Jack Osbourne,0.3566404480623565,0.04868864934616518,0.2279722739147506,0.12866817155756208,6.0,8,1,False
17,7,Leah Remini,0.1491807577059842,0.1941266017039822,0.029541934733209704,0.11963882618510158,4.0,8,1,False
17,7,"Nicole ""Snooki"" Polizzi",0.133397439557377,0.2156663749739307,0.011501276928249511,0.12189616252821671,1.0,8,1,True
17,8,Amber Riley,0.3566402056488468,0.06888147809580156,0.21080687728256722,0.14583333333333334,4.0,7,1,False
17,8,Bill Engvall,0.3991184781456967,0.05189377472981568,0.2741184781456967,0.125,7.0,7,1,False
17,8,Brant Daugherty,0.15218656713685655,0.2691884186899942,0.011561567136856552,0.140625,1.0,7,1,True
17,8,Corbin Bleu,0.37670873146422496,0.06025569837791346,0.22045873146422496,0.15625,5.0,7,1,False
17,8,Elizabeth Berkley Lauren,0.15744930526089101,0.25990772256495603,0.027240976894611427,0.13020833333333334,2.0,7,1,False
17,8,Jack Osbourne,0.3836233755246634,0.057541102568567266,0.22737337552466338,0.15625,6.0,7,1,False
17,8,Leah Remini,0.17427332191765837,0.2323318049729518,0.028439993551378766,0.14583333333333334,3.0,7,1,False
17,9,Amber Riley,0.38387023087216743,0.0950809934449892,0.22196546371652018,0.1619047619047619,3.0,6,1,False
17,9,Bill Engvall,0.40832055568200715,0.08077979929588781,0.2749872153947986,0.13333333333333333,6.0,6,1,False
17,9,Corbin Bleu,0.40710258821878104,0.08143838390775565,0.2229756001654592,0.18412698412698414,5.0,6,1,False
17,9,Elizabeth Berkley Lauren,0.19300850155986213,0.33938685424143694,0.015230719477304448,0.17777777777777778,1.0,6,1,True
17,9,Jack Osbourne,0.40662130738579094,0.08170010177083008,0.2351927312739974,0.17142857142857143,4.0,6,1,False
17,9,Leah Remini,0.20107684608371398,0.3216138673391004,0.029648269971920455,0.17142857142857143,2.0,6,1,False
17,10,Amber Riley,0.4362781382141845,0.11999208891923341,0.21056385701282188,0.2257142857142857,2.0,5,1,False
17,10,Bill Engvall,0.4629735992132414,0.1004295086511266,0.29154502310144786,0.17142857142857143,5.0,5,1,False
17,10,Corbin Bleu,0.450738576712853,0.10896458177826619,0.23645286029840143,0.21428571428571427,4.0,5,1,False
17,10,Jack Osbourne,0.44388198415339863,0.11406101319331832,0.24102484742701924,0.20285714285714285,3.0,5,1,False
17,10,Leah Remini,0.20612770170632258,0.5565528074580555,0.0204134121603097,0.18571428571428572,1.0,5,1,True
17,11,Amber Riley,0.4900810672986463,0.26660020779383614,0.216427232240434,0.27365383574062396,1.0,4,4,True
17,11,Bill Engvall,0.514899898874907,0.22594493293232323,0.2921921802641434,0.22270771724567986,4.0,4,4,True
17,11,Corbin Bleu,0.4987362174310317,0.2516525047002923,0.23963965456863545,0.25909655421775135,3.0,4,4,True
17,11,Jack Osbourne,0.49628283129657697,0.25580235457354816,0.25174093292678784,0.24454189279594477,2.0,4,4,True
18,2,Amy Purdy,0.3041418394684524,,0.20578118177649682,0.09836065573770492,10.0,12,3,False
18,2,Billy Dee Williams,0.07562308276623374,,0.014147671708761503,0.06147540983606557,1.0,12,3,True
18,2,Candace Cameron Bure,0.3202152908140627,,0.23414971533360157,0.0860655737704918,11.0,12,3,False
18,2,Charlie White,0.1328189438975939,,0.030359930435527264,0.10245901639344263,7.0,12,3,False
18,2,Cody Simpson,0.11157765588172276,,0.02141372463115056,0.09016393442622951,4.0,12,3,False
18,2,Danica McKellar,0.11301482136806008,,0.014654163676104514,0.09836065573770492,5.0,12,3,False
18,2,Diana Nyad,,,0.016468877553726464,,,12,3,True
18,2,Drew Carey,0.09537525624902651,,0.009309680768565396,0.0860655737704918,2.0,12,3,False
18,2,James Maslow,0.3008063256878985,,0.19834731222583185,0.10245901639344263,9.0,12,3,False
18,2,Meryl Davis,0.2990722890058903,,0.19661327554382363,0.10245901639344263,8.0,12,3,False
18,2,NeNe Leakes,0.10132963597474488,,0.015264060494283766,0.0860655737704918,3.0,12,3,False
18,2,Sean Avery,0.12955598133258808,,0.04349040585212696,0.0860655737704918,6.0,12,3,True
18,5,Amy Purdy,0.3398119760179563,0.040415094999857785,0.22490514344215826,0.11490683229813664,7.0,9,1,False
18,5,Candace Cameron Bure,0.3530084029745798,0.03701144444273555,0.24431275436398794,0.10869565217391304,9.0,9,1,False
18,5,Charlie White,0.1472148830727497,0.145938306389139,0.03230805049695169,0.11490683229813664,5.0,9,1,False
18,5,Cody Simpson,0.11954534473145455,0.17550149517206945,0.01395528437817543,0.10559006211180125,2.0,9,1,True
18,5,Danica McKellar,0.13941651543516598,0.15372619893223596,0.018298506344742397,0.12111801242236025,4.0,9,1,False
18,5,Drew Carey,0.10049661278641309,0.19926569972495203,0.01354008942759121,0.08695652173913043,1.0,9,1,False
18,5,James Maslow,0.34412641631169827,0.03926919693319249,0.2199028115133813,0.12422360248447205,8.0,9,1,False
18,5,Meryl Davis,0.3276081788296843,0.04384067334697407,0.215806934511199,0.11180124223602485,6.0,9,1,False
18,5,NeNe Leakes,0.12877166984029786,0.1650318900588437,0.016970425521812608,0.11180124223602485,3.0,9,1,False
18,6,Amy Purdy,0.3532112419873017,0.049226653408091146,0.218459475067212,0.1347517730496454,7.0,8,1,False
18,6,Candace Cameron Bure,0.3751746364576737,0.04252161704393556,0.26169946274589695,0.11347517730496454,8.0,8,1,False
18,6,Charlie White,0.16356246050292444,0.1742969445685241,0.035902886351885335,0.1276595744680851,4.0,8,1,False
18,6,Danica McKellar,0.1477351454628307,0.1936932759824961,0.02007557131179158,0.1276595744680851,3.0,8,1,False
18,6,Drew Carey,0.12143957001340286,0.23080649894432326,0.00796439630162613,0.11347517730496454,1.0,8,1,True
18,6,James Maslow,0.35011808640397735,0.05025229662984477,0.22600460863746352,0.12411347517730496,5.0,8,1,False
18,6,Meryl Davis,0.3531068792122792,0.04926091485980794,0.21126290462197767,0.14184397163120568,6.0,8,1,False
18,6,NeNe Leakes,0.1356519725090295,0.20994179856297718,0.01863069496214687,0.11702127659574468,2.0,8,1,False
18,7,Amy Purdy,0.3727288316964381,0.06139429762782172,0.2245074879407161,0.1482213438735178,5.0,7,1,False
18,7,Candace Cameron Bure,0.3980960623853917,0.05184207545726308,0.2518510000341649,0.14624505928853754,7.0,7,1,False
18,7,Charlie White,0.1749863406162661,0.22943051853874158,0.034670137379686224,0.14031620553359683,3.0,7,1,False
18,7,Danica McKellar,0.16102244334043248,0.25181454415945453,0.018729958699357355,0.1422924901185771,2.0,7,1,False
18,7,James Maslow,0.37143107575680384,0.06192776744165768,0.23309115392471919,0.1383399209486166,4.0,7,1,False
18,7,Meryl Davis,0.3791635132388865,0.05881630317645545,0.22501331036851752,0.1541501976284585,6.0,7,1,False
18,7,NeNe Leakes,0.1425717329657804,0.284774493598606,0.0121369516528379,0.13043478260869565,1.0,7,1,True
18,8,Amy Purdy,0.40884687967261646,0.08002893150765619,0.23185572988948203,0.17699115044247787,5.0,6,1,False
18,8,Candace Cameron Bure,0.4147764761391247,0.07692704998810479,0.2554844338837231,0.1592920353982301,6.0,6,1,False
18,8,Charlie White,0.21232167571548077,0.2966509631702606,0.03533052593234633,0.17699115044247787,2.0,6,1,False
18,8,Danica McKellar,0.18036258882566253,0.3670935861897406,0.012221000256975097,0.168141592920354,1.0,6,1,True
18,8,James Maslow,0.39472490666225524,0.08792944221667466,0.2354328644068536,0.1592920353982301,4.0,6,1,False
18,8,Meryl Davis,0.38896748788602187,0.09137002692756331,0.22967544563062026,0.1592920353982301,3.0,6,1,False
18,9,Amy Purdy,0.4465668169606918,0.11738472944029402,0.2423783359874481,0.20418848167539266,4.0,5,1,False
18,9,Candace Cameron Bure,0.4533371189458573,0.11220431825345162,0.26485544534756783,0.18848167539267016,5.0,5,1,False
18,9,Charlie White,0.22243902547757372,0.5230317149035298,0.02348614199559436,0.19895287958115182,1.0,5,1,True
18,9,James Maslow,0.4330968183758795,0.12841366573989915,0.23414393489390012,0.19895287958115182,2.0,5,1,False
18,9,Meryl Davis,0.444560220239998,0.11896557166282531,0.23513614177548997,0.2094240837696335,3.0,5,1,False
18,10,Amy Purdy,0.5063769814103859,0.23950270786052258,0.2476560172170418,0.2587209505138384,4.0,4,4,True
18,10,Candace Cameron Bure,0.498267293784224,0.2528077471736306,0.27152432582100533,0.22674296916969572,2.0,4,4,True
18,10,James Maslow,0.4949599535914869,0.25844379475322315,0.24205237941469862,0.2529075649013137,1.0,4,4,True
18,10,Meryl Davis,0.5003957861150641,0.24924575021262366,0.23876727754725408,0.2616285154151521,3.0,4,4,True
19,1,Alfonso Ribeiro,0.2950004941907829,0.025138779430914304,0.1982263035264915,0.0967741935483871,11.0,13,1,False
19,1,Antonio Sabato Jr.,0.07937251506096527,0.10584031669108104,0.012168211021486956,0.06720430107526881,3.0,13,1,False
19,1,Bethany Mota,0.31912781759395703,0.02140367911295406,0.23310631229772671,0.08602150537634409,13.0,13,1,False
19,1,Betsey Johnson,0.06282856869300991,0.11818184383974648,0.009065126951543389,0.053763440860215055,1.0,13,1,False
19,1,Janel Parrish,0.3045206099019475,0.023592862103233348,0.22656362049440815,0.07795698924731183,12.0,13,1,False
19,1,Jonathan Bennett,0.10105637717868199,0.09159461036927415,0.02041121829177251,0.08064516129032258,8.0,13,1,False
19,1,Lea Thompson,0.10879364247931086,0.08698978191593672,0.022772137183080556,0.08602150537634409,9.0,13,1,False
19,1,Lolo Jones,0.07004452189838244,0.11263112889554966,0.010904737472885378,0.05913978494623656,2.0,13,1,True
19,1,Michael Waltrip,0.08585997638005183,0.10136032778156764,0.018655672340573526,0.06720430107526881,4.0,13,1,False
19,1,Randy Couture,0.093266703716397,0.09647689866377684,0.009933367899536801,0.08333333333333333,6.0,13,1,False
19,1,Sadie Robertson,0.29007455416875155,0.02597803182999899,0.1986767024632004,0.0913978494623656,10.0,13,1,False
19,1,Tavis Smiley,0.08995065636499304,0.09863346147838631,0.011993666957453674,0.07795698924731183,5.0,13,1,False
19,1,Tommy Chong,0.10010356609805894,0.09217827788758051,0.0275229230998404,0.07258064516129033,7.0,13,1,False
19,2,Alfonso Ribeiro,0.29512618944129276,0.029420668698918948,0.20672839596947956,0.08839779005524862,10.0,12,1,False
19,2,Antonio Sabato Jr.,0.09898661545265411,0.10877642231111614,0.013351258847601154,0.0856353591160221,5.0,12,1,False
19,2,Bethany Mota,0.32587433831268847,0.02396776458354253,0.2347141154246956,0.09116022099447514,12.0,12,1,False
19,2,Betsey Johnson,0.08580819735652082,0.11876547199111019,0.008460129000006839,0.07734806629834254,4.0,12,1,False
19,2,Janel Parrish,0.3204930162688827,0.02484322961854345,0.22657036396471023,0.09392265193370165,11.0,12,1,False
19,2,Jonathan Bennett,0.09955682830434999,0.10836370250882259,0.0166839011154767,0.08287292817679558,6.0,12,1,False
19,2,Lea Thompson,0.12125313237607344,0.09377057974893802,0.024568050655721263,0.09668508287292818,8.0,12,1,False
19,2,Michael Waltrip,0.08345350430177087,0.12064455717977443,0.017155161060556125,0.06629834254143646,1.0,12,1,False
19,2,Randy Couture,0.08555692357052071,0.1189645897200546,0.008208855214006733,0.07734806629834254,3.0,12,1,False
19,2,Sadie Robertson,0.2917060513570717,0.03009919312374618,0.2060706947520188,0.0856353591160221,9.0,12,1,False
19,2,Tavis Smiley,0.08512720261209801,0.11930588888139264,0.007779134255584033,0.07734806629834254,2.0,12,1,True
19,2,Tommy Chong,0.1070580080966571,0.10307793163404039,0.029709939740143118,0.07734806629834254,7.0,12,1,False
19,3,Alfonso Ribeiro,0.30267933574886674,0.03287383999867092,0.21202777889938706,0.0906515580736544,8.0,11,1,False
19,3,Antonio Sabato Jr.,0.09590538486844612,0.13047350907119626,0.01375240728265358,0.0821529745042493,3.0,11,1,False
19,3,Bethany Mota,0.3437308560053287,0.025003114646152114,0.2304164062181888,0.11331444759206799,11.0,11,1,False
19,3,Betsey Johnson,0.0913561000257403,0.1344912009090586,0.00920312243994776,0.0821529745042493,2.0,11,1,False
19,3,Janel Parrish,0.337179156578795,0.026119401721010765,0.2238647067916551,0.11331444759206799,10.0,11,1,False
19,3,Jonathan Bennett,0.11148673154284558,0.11760065039716072,0.020835174693365904,0.0906515580736544,6.0,11,1,False
19,3,Lea Thompson,0.11065130431578779,0.11825745631290555,0.02283260722087049,0.08781869688385269,5.0,11,1,False
19,3,Michael Waltrip,0.09787114943033678,0.1287747962784216,0.01855103904968721,0.07932011331444759,4.0,11,1,False
19,3,Randy Couture,0.08030675881246112,0.1447721389549996,0.0066523679409363125,0.07365439093484419,1.0,11,1,True
19,3,Sadie Robertson,0.30686703078771577,0.03196876197505801,0.2162154739382361,0.0906515580736544,9.0,11,1,False
19,3,Tommy Chong,0.12196619933425704,0.1096651297353658,0.025648915525072005,0.09631728045325778,7.0,11,1,False
19,4,Alfonso Ribeiro,0.32351320514107057,0.034794762267560245,0.19851320514107057,0.125,8.0,10,1,False
19,4,Antonio Sabato Jr.,0.10821321160429229,0.1461743600594297,0.01758820862406005,0.090625,4.0,10,1,False
19,4,Bethany Mota,0.34551232776824764,0.030048298839648175,0.24238732925836376,0.103125,10.0,10,1,False
19,4,Betsey Johnson,0.09677028196752098,0.15776180839260986,0.006145278987288741,0.090625,3.0,10,1,True
19,4,Janel Parrish,0.34523438470643464,0.03010402856388185,0.23273438768666688,0.1125,9.0,10,1,False
19,4,Jonathan Bennett,0.09675117169245168,0.15778190881669021,0.02175116871221943,0.075,2.0,10,1,False
19,4,Lea Thompson,0.14572203554222957,0.11383400945404808,0.023847032561997328,0.121875,6.0,10,1,False
19,4,Michael Waltrip,0.09556567598705665,0.15903384803060105,0.017440675987056647,0.078125,1.0,10,1,False
19,4,Sadie Robertson,0.3232542645650247,0.03485487931367256,0.2076292630749086,0.115625,7.0,10,1,False
19,4,Tommy Chong,0.11946344847625155,0.13561209626185844,0.03196344996636767,0.0875,5.0,10,1,False
19,6,Alfonso Ribeiro,0.33819901458424917,0.04030352282159062,0.20509321502847067,0.13310580204778158,7.0,9,1,False
19,6,Antonio Sabato Jr.,0.1094198371470598,0.18523650171920167,0.013856693655314802,0.09556313993174062,1.0,9,1,False
19,6,Bethany Mota,0.36386608072409227,0.03396481397933639,0.24099918939957216,0.12286689419795221,9.0,9,1,False
19,6,Janel Parrish,0.35387567664956043,0.03630399533809792,0.2412476935562987,0.11262798634812286,8.0,9,1,False
19,6,Jonathan Bennett,0.12192367660186011,0.1704214465667909,0.012708662919017859,0.10921501706484642,2.0,9,1,True
19,6,Lea Thompson,0.13432153314593762,0.15690210716698755,0.02510651946309537,0.10921501706484642,5.0,9,1,False
19,6,Michael Waltrip,0.1228115864578271,0.1694156338599226,0.02042251159582377,0.10238907849829351,3.0,9,1,False
19,6,Sadie Robertson,0.32824872797552046,0.04306773565652068,0.2087948060614198,0.11945392491467577,6.0,9,1,False
19,6,Tommy Chong,0.12733385181273177,0.16438424289155168,0.031770708320986774,0.09556313993174062,4.0,9,1,False
19,7,Alfonso Ribeiro,0.339833989285038,0.05304004931437361,0.20830593957762528,0.13152804642166344,5.0,8,1,False
19,7,Antonio Sabato Jr.,0.12277043722617688,0.22545884183254936,0.008650512621284146,0.11411992263056092,1.0,8,1,True
19,7,Bethany Mota,0.3917668465273026,0.037518277992165505,0.24669915472432408,0.1450676982591876,8.0,8,1,False
19,7,Janel Parrish,0.371195280833139,0.04303320378010859,0.24160147635449372,0.12959381044487428,7.0,8,1,False
19,7,Lea Thompson,0.16246543241213124,0.1730368056781934,0.027068907148344937,0.13539651837524178,4.0,8,1,False
19,7,Michael Waltrip,0.1267134586570446,0.21960946573697857,0.01839624738671226,0.10831721470019343,2.0,8,1,False
19,7,Sadie Robertson,0.34131580200708544,0.05251865942942669,0.22139317151821292,0.11992263056092843,6.0,8,1,False
19,7,Tommy Chong,0.1439387456015016,0.1957846962362043,0.027884590669002663,0.11605415860735009,3.0,8,1,False
19,8,Alfonso Ribeiro,0.3803850535767679,0.053648145325010596,0.21506246668273257,0.16532258064516128,4.0,7,1,False
19,8,Bethany Mota,0.4094708373606324,0.04419190702584046,0.2481805195868134,0.16129032258064516,7.0,7,1,False
19,8,Janel Parrish,0.4085955028024775,0.04445054563230948,0.2352084074703318,0.17338709677419356,6.0,7,1,False
19,8,Lea Thompson,0.15835806763837357,0.2357157912258871,0.029325813419318395,0.12903225806451613,3.0,7,1,False
19,8,Michael Waltrip,0.11406282055848006,0.31669160708379623,0.013256368224552909,0.10080645161290322,1.0,7,1,True
19,8,Sadie Robertson,0.3806375974586116,0.05355789791194131,0.22741178812290297,0.1532258064516129,5.0,7,1,False
19,8,Tommy Chong,0.1484901206046565,0.2517441057952149,0.031554636493347436,0.11693548387096774,2.0,7,1,False
19,9,Alfonso Ribeiro,0.3963560893313498,0.08106618649217398,0.21644954226180022,0.17990654205607476,3.0,6,1,False
19,9,Bethany Mota,0.4336963227508015,0.06320169047000809,0.26079913289522594,0.17289719626168223,6.0,6,1,False
19,9,Janel Parrish,0.420997976434504,0.06878506829899558,0.24109142936495445,0.17990654205607476,5.0,6,1,False
19,9,Lea Thompson,0.18265812393973732,0.33694477375053045,0.019106718867525112,0.16355140186915887,2.0,6,1,True
19,9,Sadie Robertson,0.3974862075664316,0.08045771900037811,0.22692546018140658,0.1705607476635514,4.0,6,1,False
19,9,Tommy Chong,0.16880527997717534,0.36954456198791386,0.035627716429087276,0.13317757009345793,1.0,6,1,False
19,10,Alfonso Ribeiro,0.4354261012986054,0.11542970913219963,0.22994664332417147,0.2054794520547945,2.0,5,1,False
19,10,Bethany Mota,0.4705966865435279,0.09130368949477412,0.26237750107199315,0.20821917808219179,5.0,5,1,False
19,10,Janel Parrish,0.46591554132718505,0.09419798891310664,0.25221691576260985,0.2136986301369863,4.0,5,1,False
19,10,Sadie Robertson,0.4358031498665434,0.11513992278636723,0.23306341938921032,0.20273972602739726,3.0,5,1,False
19,10,Tommy Chong,0.19225853586529998,0.5839286896735524,0.022395520452015687,0.16986301369863013,1.0,5,1,True
19,11,Alfonso Ribeiro,0.4851251874324325,0.27478824728851653,0.22926110366549526,0.255864084998049,1.0,4,4,True
19,11,Bethany Mota,0.5225962915006201,0.21404653202236437,0.27952540596156533,0.2430708807481466,4.0,4,4,True
19,11,Janel Parrish,0.5027542953862962,0.24431867172552266,0.2532880847825822,0.24946620355267282,3.0,4,4,True
19,11,Sadie Robertson,0.4895242405818119,0.26684654896359644,0.23792540559035683,0.2515988307011316,2.0,4,4,True
20,2,Charlotte McKinney,0.09221069390305264,0.12057960157605038,0.017282738037192658,0.07492795389048991,3.0,12,1,False
20,2,Chris Soules,0.2528370778028636,0.04132499693316857,0.19231834737106845,0.06051873198847262,9.0,12,1,False
20,2,Michael Sam,0.09572445494533804,0.11778784178195816,0.015032811886084355,0.08069164265129683,4.0,12,1,False
20,2,Nastia Liukin,0.1202498016786875,0.10002125802596525,0.022267089588672087,0.09798270893371758,7.0,12,1,False
20,2,Noah Galloway,0.2668564997992519,0.037637645370513166,0.18904670406198537,0.07780979827089338,11.0,12,1,False
20,2,Patti LaBelle,0.08947967549540327,0.12279507612546625,0.00878803243614957,0.08069164265129683,1.0,12,1,False
20,2,Redfoo,0.09731378481952234,0.11654640533118561,0.007976607244887789,0.0893371757925072,5.0,12,1,True
20,2,Riker Lynch,0.24960591779579994,0.042224838426958136,0.15738690034975883,0.09221902017291066,8.0,12,1,False
20,2,Robert Herjavec,0.2582794266575451,0.039852504195314616,0.17758778359829142,0.08069164265129683,10.0,12,1,False
20,2,Rumer Willis,0.27052975900898657,0.03672715359488044,0.17831074156294546,0.09221902017291066,12.0,12,1,False
20,2,Suzanne Somers,0.09107638793527334,0.12149488566613988,0.010384744876019652,0.08069164265129683,2.0,12,1,False
20,2,Willow Shields,0.11583651643298526,0.10300779297239955,0.02361749898694416,0.09221902017291066,6.0,12,1,False
20,3,Charlotte McKinney,0.0807892746244922,0.15092443528793878,0.010501734069491895,0.07028753993610223,1.0,11,1,True
20,3,Chris Soules,0.2761741490440576,0.04102630529522683,0.1867172778921335,0.08945686900958466,8.0,11,1,False
20,3,Michael Sam,0.09352943030870012,0.13863504597758747,0.0168521153715854,0.07667731629392971,4.0,11,1,False
20,3,Nastia Liukin,0.13408709933914406,0.10579047125026085,0.025460897590296103,0.10862619808306709,6.0,11,1,False
20,3,Noah Galloway,0.28249471621964445,0.039333490794297196,0.1866480706856059,0.09584664536741214,10.0,11,1,False
20,3,Patti LaBelle,0.08159261933780804,0.1501183002478718,0.011305078782807738,0.07028753993610223,2.0,11,1,False
20,3,Riker Lynch,0.26643002504496105,0.043779876895376046,0.15780382329611312,0.10862619808306709,7.0,11,1,False
20,3,Robert Herjavec,0.279211678216302,0.040203869976219685,0.18655992359861098,0.0926517571884984,9.0,11,1,False
20,3,Rumer Willis,0.2879208679203835,0.03793605557778839,0.18248955708788306,0.10543130990415335,11.0,11,1,False
20,3,Suzanne Somers,0.09011602270235308,0.1418260011845532,0.010243816848890863,0.07987220447284345,3.0,11,1,False
20,3,Willow Shields,0.1276541246927343,0.11042614751287973,0.025417704776581347,0.10223642172523961,5.0,11,1,False
20,4,Chris Soules,0.27398528853697174,0.05230352714992737,0.19090836445135467,0.08307692307692308,7.0,10,1,False
20,4,Michael Sam,0.10290205647187338,0.16363178497008232,0.010594362215567681,0.09230769230769231,2.0,10,1,True
20,4,Nastia Liukin,0.13750722730817377,0.12991982780856268,0.02673800016107141,0.11076923076923077,4.0,10,1,False
20,4,Noah Galloway,0.2884102785783451,0.04750795683112602,0.18994874002510723,0.09846153846153846,8.0,10,1,False
20,4,Patti LaBelle,0.10302230661139461,0.16350065923691218,0.010714612355088908,0.09230769230769231,3.0,10,1,False
20,4,Riker Lynch,0.26916117720554655,0.0540129888409116,0.16454579435537645,0.10461538461538461,6.0,10,1,False
20,4,Robert Herjavec,0.2968839051858018,0.04489858883530492,0.1922685223356317,0.10461538461538461,10.0,10,1,False
20,4,Rumer Willis,0.2895625108660467,0.047144420202281524,0.18187020214212016,0.1076923076923077,9.0,10,1,False
20,4,Suzanne Somers,0.09557326661713166,0.17182513264551025,0.009419424108338782,0.08615384615384615,1.0,10,1,False
20,4,Willow Shields,0.14299197516813433,0.12525511347938112,0.022991977850343334,0.12,5.0,10,1,False
20,5,Chris Soules,0.29511949180967284,0.057938569158385314,0.1997131308854289,0.09540636042402827,7.0,9,1,False
20,5,Nastia Liukin,0.1574479009249953,0.1450667385951911,0.023172285709693798,0.13427561837455831,4.0,9,1,False
20,5,Noah Galloway,0.2926674873164298,0.058893456736661354,0.19372755443364395,0.0989399293286219,6.0,9,1,False
20,5,Patti LaBelle,0.10581336406613591,0.20467516234163033,0.010407003141891982,0.09540636042402827,2.0,9,1,False
20,5,Riker Lynch,0.29573223161610285,0.05770237678405006,0.1614566164008013,0.13427561837455831,8.0,9,1,False
20,5,Robert Herjavec,0.29030363206744825,0.059828912361474466,0.2054979795682493,0.08480565371024736,5.0,9,1,False
20,5,Rumer Willis,0.3144184462515347,0.05094382731569473,0.17660925907769132,0.13780918727915195,9.0,9,1,False
20,5,Suzanne Somers,0.1051381054470311,0.20559863049811017,0.006198172564245299,0.0989399293286219,1.0,9,1,True
20,5,Willow Shields,0.14335934050064877,0.15935232620880255,0.023217998218353558,0.12014134275618374,3.0,9,1,False
20,6,Chris Soules,0.3106642858252043,0.07138767808918493,0.18698937158436718,0.12367491166077739,5.0,8,1,False
20,6,Nastia Liukin,0.15634032187145963,0.19972705411449973,0.027365049692809743,0.12897526501766785,3.0,8,1,False
20,6,Noah Galloway,0.31781246765085336,0.06806551744585537,0.1976711253685581,0.12014134275618374,7.0,8,1,False
20,6,Patti LaBelle,0.12623243560232655,0.24412269489147082,0.0060910933200313405,0.12014134275618374,1.0,8,1,True
20,6,Riker Lynch,0.30151194385898694,0.07587907022621841,0.16723632864368546,0.13427561837455831,4.0,8,1,False
20,6,Robert Herjavec,0.3156952021844308,0.06903308181378434,0.1973206458814065,0.11837455830388692,6.0,8,1,False
20,6,Rumer Willis,0.3186508914504199,0.06768612706830773,0.1932091912303119,0.1254416961130742,8.0,8,1,False
20,6,Willow Shields,0.15309246645747948,0.20409877635067866,0.024117194278829572,0.12897526501766785,2.0,8,1,False
20,7,Chris Soules,0.3243545416613701,0.09846001666926198,0.2023072961588982,0.1220472440944882,5.0,7,1,False
20,7,Nastia Liukin,0.1887926993836269,0.24308134947395546,0.02737537901295276,0.16141732283464566,2.0,7,1,False
20,7,Noah Galloway,0.3359464592581708,0.09113765838362345,0.186340156877609,0.14960629921259844,6.0,7,1,False
20,7,Riker Lynch,0.3160625766739914,0.10405611388425172,0.17039328029013365,0.14566929133858267,3.0,7,1,False
20,7,Robert Herjavec,0.32374260970170643,0.09886250931107829,0.2016953641992345,0.1220472440944882,4.0,7,1,False
20,7,Rumer Willis,0.3417526681026456,0.08767730044640268,0.19608337171878784,0.14566929133858267,7.0,7,1,False
20,7,Willow Shields,0.16934846011964927,0.27672505183142637,0.01580515174238334,0.15354330708661418,1.0,7,1,True
20,8,Chris Soules,0.3544500725297699,0.13178218023281754,0.20314983594701388,0.15130023640661938,3.0,6,2,True
20,8,Nastia Liukin,0.2037223457390107,0.3599632423942211,0.024053308277729876,0.17966903073286053,1.0,6,2,False
20,8,Noah Galloway,0.35734299691307503,0.12926495947148603,0.2084068295537229,0.14893617021276595,5.0,6,2,False
20,8,Riker Lynch,0.35510770062251684,0.1312056871241347,0.17071053961558938,0.18439716312056736,4.0,6,2,False
20,8,Robert Herjavec,0.34754706009479397,0.13798851992369618,0.20097496195884582,0.14657210401891252,2.0,6,2,True
20,8,Rumer Willis,0.38182982410083344,0.10979541085364446,0.1927045246470981,0.18912529550827423,6.0,6,2,False
20,9,Nastia Liukin,0.2848307570441002,0.6921854371861278,0.030053683183931784,0.25477707006369427,1.0,4,1,True
20,9,Noah Galloway,0.5788613351976055,0.09748027386244981,0.3368231150304455,0.24203821656050956,3.0,4,1,False
20,9,Riker Lynch,0.5538838984181422,0.11514201544244759,0.29910682455797377,0.25477707006369427,2.0,4,1,False
20,9,Rumer Willis,0.582424024241313,0.09519227350897487,0.33401637722764876,0.2484076433121019,4.0,4,1,False
20,10,Noah Galloway,0.6669080930870481,0.33111711265792515,0.3565632778328367,0.3103448275862069,2.0,3,3,True
20,10,Riker Lynch,0.6480593257132153,0.37545197866009666,0.30323173334032105,0.3448275862068966,1.0,3,3,True
20,10,Rumer Willis,0.6850325811997368,0.29343090868197813,0.34020498882684247,0.3448275862068966,3.0,3,3,True
21,2,Alek Skarlatos,0.21343255708105385,0.046755840878384934,0.13025326201803505,0.08317929759704251,8.0,13,3,False
21,2,Alexa PenaVega,0.24444153263772112,0.03802381533623755,0.1594138081332503,0.08502772643253234,13.0,13,3,False
21,2,Andy Grammer,0.09591032853538702,0.10235229246466619,0.01457946291382024,0.08133086876155268,4.0,13,3,False
21,2,Bindi Irwin,0.2367282952838704,0.0400302038392438,0.14800371189649553,0.08872458410351201,12.0,13,3,False
21,2,Carlos PenaVega,0.22889972164005506,0.042174878860087577,0.14572042657703627,0.08317929759704251,11.0,13,3,False
21,2,Chaka Khan,0.08042271678634114,0.11348508914699494,0.024969852169231834,0.05545286506469501,3.0,13,3,True
21,2,Gary Busey,0.06845739925942775,0.12290850768781643,0.007459246317962362,0.06099815157116451,1.0,13,3,False
21,2,Hayes Grier,0.10114108990948394,0.09884460471978362,0.017961794846465137,0.08317929759704251,5.0,13,3,False
21,2,Kim Zolciak-Biermann,0.11272825894969285,0.09149654152700018,0.044336391967709665,0.06839186691312385,7.0,13,3,True
21,2,Nick Carter,0.2191456149182878,0.04500853481118184,0.135966319855269,0.08317929759704251,10.0,13,3,False
21,2,Paula Deen,0.07577291680130908,0.11705806827318582,0.007381049819325902,0.06839186691312385,2.0,13,3,False
21,2,Tamar Braxton,0.2183579708315462,0.04524549444153461,0.1277849580027193,0.09057301293900184,9.0,13,3,False
21,2,Victor Espinoza,0.10456158246466254,0.09661612801388253,0.03616971548267936,0.06839186691312385,6.0,13,3,True
21,4,Alek Skarlatos,0.2485650324517901,0.06196524523518788,0.14687012073342157,0.1016949152542373,5.0,10,1,False
21,4,Alexa PenaVega,0.26896340326107304,0.05408649521880645,0.17998035178221025,0.08898305084745763,9.0,10,1,False
21,4,Andy Grammer,0.11492431294426741,0.15103503008071922,0.017466687972400807,0.09745762711864407,3.0,10,1,False
21,4,Bindi Irwin,0.29043411284022735,0.046873217858999915,0.1717900466852705,0.11864406779661017,10.0,10,1,False
21,4,Carlos PenaVega,0.26754670953735527,0.05459974176962601,0.16161450362190422,0.1059322033898305,8.0,10,1,False
21,4,Gary Busey,0.07425195765275044,0.19807798810771837,0.00645534735697789,0.06779661016949153,1.0,10,1,True
21,4,Hayes Grier,0.1340935172483371,0.13291596704942532,0.01968673783988219,0.11440677966101695,4.0,10,1,False
21,4,Nick Carter,0.2573786912275374,0.05842921034792518,0.1429719118190825,0.11440677966101695,6.0,10,1,False
21,4,Paula Deen,0.08526878580224977,0.18405144510271207,0.008997602013473363,0.07627118644067797,2.0,10,1,False
21,4,Tamar Braxton,0.25857346958383165,0.057965659228879626,0.14416669017537678,0.11440677966101695,7.0,10,1,False
21,6,Alek Skarlatos,0.24708153763750335,0.081568758290651,0.1512348921034648,0.09584664536741214,4.0,9,1,False
21,6,Alexa PenaVega,0.28144578802474474,0.06486779801011953,0.18559914249070622,0.09584664536741214,8.0,9,1,False
21,6,Andy Grammer,0.1459372400482964,0.1600908780552529,0.018141707702524608,0.12779552715654952,3.0,9,1,False
21,6,Bindi Irwin,0.29728587504332404,0.058367004683286684,0.16949034269755223,0.12779552715654952,9.0,9,1,False
21,6,Carlos PenaVega,0.2793526413589025,0.0657793285433437,0.15794689084582567,0.12140575079872204,7.0,9,1,False
21,6,Hayes Grier,0.12375543450042609,0.18560492313043878,0.02151901458427313,0.10223642172523961,2.0,9,1,False
21,6,Nick Carter,0.2771996252551837,0.06673029674054073,0.15259898382575943,0.12460063897763578,6.0,9,1,False
21,6,Paula Deen,0.08210358676878227,0.24501007456314883,0.005426271831667552,0.07667731629392971,1.0,9,1,True
21,6,Tamar Braxton,0.26583828626399797,0.07198093798321768,0.13804275391822618,0.12779552715654952,5.0,9,1,False
21,7,Alek Skarlatos,0.2667655874074329,0.10132510521656354,0.14685608484157214,0.11990950226244344,3.0,8,1,False
21,7,Alexa PenaVega,0.30069665286503366,0.08081213241207451,0.17626226369104914,0.1244343891402715,7.0,8,1,False
21,7,Andy Grammer,0.14651090270867745,0.225886375351404,0.01981406278005042,0.12669683257918551,2.0,8,1,False
21,7,Bindi Irwin,0.3018385894682851,0.08019925272467088,0.17061686293153436,0.13122171945701358,8.0,8,1,False
21,7,Carlos PenaVega,0.29199960192968594,0.08563614489233097,0.16530276200105892,0.12669683257918551,6.0,8,1,False
21,7,Hayes Grier,0.1402769568638833,0.23547193817820483,0.013580116935256284,0.12669683257918551,1.0,8,1,True
21,7,Nick Carter,0.27978835546695513,0.09289926714922286,0.1576164095970325,0.12217194570135746,5.0,8,1,False
21,7,Tamar Braxton,0.2721233830923687,0.09776978407552851,0.14995143722244608,0.12217194570135746,4.0,8,1,False
21,8,Alek Skarlatos,0.28429051146890416,0.12917188031132876,0.15542413697625893,0.12886637793725134,2.0,7,1,False
21,8,Alexa PenaVega,0.3274430000656041,0.09687879544566237,0.18826834498576253,0.13917465724120795,7.0,7,1,False
21,8,Andy Grammer,0.1364165095769287,0.34618406116279504,0.01270581764806517,0.1237106918887378,1.0,7,1,True
21,8,Bindi Irwin,0.3268289254684579,0.09727621375414751,0.18249858782483455,0.1443303432897215,6.0,7,1,False
21,8,Carlos PenaVega,0.3145975465970089,0.1055407381683129,0.16511358274984858,0.14948396747618806,5.0,7,1,False
21,8,Nick Carter,0.31210134029323255,0.10731177659364731,0.14199771583015122,0.17010361887717176,4.0,7,1,False
21,8,Tamar Braxton,0.2983221516287019,0.11763653456410623,0.15399181398507858,0.1443303432897215,3.0,7,1,False
21,9,Alek Skarlatos,0.3125235856376666,0.18962573409733655,0.15750838526115596,0.15501519756838905,2.0,6,2,False
21,9,Alexa PenaVega,0.3642379420660755,0.13432872033926746,0.18186711546409337,0.182370820668693,6.0,6,2,True
21,9,Bindi Irwin,0.35808472947787173,0.13995365751172564,0.17571390287588962,0.182370820668693,5.0,6,2,False
21,9,Carlos PenaVega,0.3307400836922615,0.16794037213072432,0.16660634124059368,0.1641337386018237,4.0,6,2,False
21,9,Nick Carter,0.32547055688522647,0.1739450017444643,0.15829730537556003,0.16717325227963525,3.0,6,2,False
21,9,Tamar Braxton,0.30894311714205935,0.19420651417648171,0.16000694978270721,0.14893617021276595,1.0,6,2,True
21,11,Alek Skarlatos,0.4762943315201152,0.2908771056648975,0.2390068399601329,0.23728748922668577,1.0,4,4,True
21,11,Bindi Irwin,0.5189646138874999,0.21886001216018425,0.26472711107416075,0.25423750359110475,4.0,4,4,True
21,11,Carlos PenaVega,0.5134695132319688,0.22702640128119458,0.25923201041862953,0.25423750359110475,3.0,4,4,True
21,11,Nick Carter,0.4912715413604162,0.26323648089372365,0.23703403854707694,0.25423750359110475,2.0,4,4,True
22,2,Antonio Brown,0.22032440371817352,0.05247821123169911,0.1398159257323146,0.08050847457627118,8.0,12,1,False
22,2,Doug Flutie,0.0936160091593797,0.12213423047352548,0.008870244427018871,0.0847457627118644,3.0,12,1,False
22,2,Geraldo Rivera,0.059942539134387664,0.15287345533500724,0.0048577928034111775,0.05508474576271186,1.0,12,1,True
22,2,Ginger Zee,0.2239909065177145,0.05121101815821091,0.13500785503885174,0.08898305084745763,9.0,12,1,False
22,2,Jodie Sweetin,0.10605621465632792,0.11241371913494891,0.017073163177465156,0.08898305084745763,5.0,12,1,False
22,2,Kim Fields,0.19171825792447336,0.06350417793065023,0.11120977993861444,0.08050847457627118,6.0,12,1,False
22,2,Marla Maples,0.09718013536740713,0.11926642406559732,0.012434370635046293,0.0847457627118644,4.0,12,1,False
22,2,Mischa Barton,0.08412640431913732,0.1301105823005361,0.020567080769866686,0.0635593220338983,2.0,12,1,False
22,2,Nyle DiMarco,0.23105777290151952,0.04885429343191169,0.14631200816915868,0.0847457627118644,10.0,12,1,False
22,2,Paige VanZant,0.2389669926847957,0.04634503343891022,0.13727208096642718,0.1016949152542373,12.0,12,1,False
22,2,Von Miller,0.22007662496584518,0.05256496943946248,0.13533086023348434,0.0847457627118644,7.0,12,1,False
22,2,Wanya Morris,0.23294374982670926,0.04824388505954035,0.13124883810834073,0.1016949152542373,11.0,12,1,False
22,3,Antonio Brown,0.2227798659141232,0.06305639957277451,0.1383916768963505,0.08438818565400844,7.0,11,1,False
22,3,Doug Flutie,0.09386974346876849,0.1489231458971492,0.009481554450995812,0.08438818565400844,2.0,11,1,False
22,3,Ginger Zee,0.22394718109416756,0.06256759272902312,0.13533958672332558,0.08860759493670886,8.0,11,1,False
22,3,Jodie Sweetin,0.11572087675823663,0.12873501592389958,0.018674464230675435,0.0970464135021097,4.0,11,1,False
22,3,Kim Fields,0.20191574484027647,0.07246645011471767,0.10908873766578457,0.09282700421940929,5.0,11,1,False
22,3,Marla Maples,0.10154615103136876,0.14149357689854947,0.012938556660526776,0.08860759493670886,3.0,11,1,False
22,3,Mischa Barton,0.08902876281997876,0.1538077702923882,0.013079399409505886,0.0759493670886076,1.0,11,1,True
22,3,Nyle DiMarco,0.2543196556985094,0.051098967523993205,0.148834425014229,0.10548523206751055,11.0,11,1,False
22,3,Paige VanZant,0.24342457750660243,0.05494859691135404,0.14637816497904124,0.0970464135021097,10.0,11,1,False
22,3,Von Miller,0.22194738311965306,0.06340732826385061,0.1375591941018804,0.08438818565400844,6.0,11,1,False
22,3,Wanya Morris,0.23150006519889588,0.059495155872300386,0.1302342398676848,0.10126582278481013,9.0,11,1,False
22,4,Antonio Brown,0.2559031623416546,0.06116772048220201,0.14618529407316477,0.109717868338558,8.0,10,1,False
22,4,Doug Flutie,0.08578360171529709,0.19013797854014888,0.01054849566432891,0.07523510971786834,1.0,10,1,False
22,4,Ginger Zee,0.2390368150766709,0.06844715052930415,0.12618415227492835,0.11285266457680251,6.0,10,1,False
22,4,Jodie Sweetin,0.10262108698449385,0.16994929190631444,0.017981589883186926,0.08463949843260188,3.0,10,1,False
22,4,Kim Fields,0.21399391397190676,0.08088388408749814,0.11368043675375566,0.10031347962382445,4.0,10,1,False
22,4,Marla Maples,0.09649675661523521,0.17703172942199497,0.008722464980675587,0.0877742946708464,2.0,10,1,True
22,4,Nyle DiMarco,0.2622278000413246,0.05864224585886193,0.1556447263060875,0.10658307210031348,10.0,10,1,False
22,4,Paige VanZant,0.2580203876092577,0.06031041280464941,0.14516772480751516,0.11285266457680251,9.0,10,1,False
22,4,Von Miller,0.23817867698645212,0.0688398534830257,0.13786519976830103,0.10031347962382445,5.0,10,1,False
22,4,Wanya Morris,0.247737783756546,0.06458973288600045,0.13801991548805617,0.109717868338558,7.0,10,1,False
22,6,Antonio Brown,0.2651394656975745,0.07606962515969069,0.1461967355688094,0.11894273127753303,7.0,9,1,False
22,6,Doug Flutie,0.09934610752686202,0.22973767071940399,0.006835094376646862,0.09251101321585903,1.0,9,1,True
22,6,Ginger Zee,0.24841237143722558,0.08504350959908541,0.14268549607244516,0.10572687224669604,5.0,9,1,False
22,6,Jodie Sweetin,0.12794384073982357,0.18985992076972516,0.01781168293724179,0.11013215859030837,2.0,9,1,False
22,6,Kim Fields,0.21642110465351921,0.10526048789467145,0.11069422928873877,0.10572687224669604,3.0,9,1,False
22,6,Nyle DiMarco,0.2702129102862033,0.07353975008421916,0.16008075248362152,0.11013215859030837,9.0,9,1,False
22,6,Paige VanZant,0.26734238552451617,0.07496062002044983,0.14399436550736908,0.12334801762114538,8.0,9,1,False
22,6,Von Miller,0.24701954519991384,0.08583685943694747,0.14129266983513342,0.10572687224669604,4.0,9,1,False
22,6,Wanya Morris,0.25816227638494227,0.07969155631580674,0.13040897392999382,0.1277533039647577,6.0,9,1,False
22,7,Antonio Brown,0.2657765511464024,0.10643160267746961,0.14428122230280885,0.12149532710280374,5.0,8,2,False
22,7,Ginger Zee,0.2653817038797721,0.10671213325392427,0.1368770252727851,0.12850467289719625,4.0,8,2,False
22,7,Jodie Sweetin,0.13576695142191897,0.25321355289569275,0.01660807249945651,0.1191588785046729,1.0,8,2,False
22,7,Kim Fields,0.23279165176119165,0.13260859301498712,0.11129632291759806,0.12149532710280374,2.0,8,2,True
22,7,Nyle DiMarco,0.2902453642078524,0.0904120115809568,0.1594042431303149,0.1308411214953271,8.0,8,2,False
22,7,Paige VanZant,0.2764457956773321,0.09912426386321739,0.14794111707034505,0.12850467289719625,7.0,8,2,False
22,7,Von Miller,0.2627629770940475,0.10859149007193974,0.1412676482504539,0.12149532710280374,3.0,8,2,True
22,7,Wanya Morris,0.2708290271632246,0.10290635264181232,0.1423243485562376,0.12850467289719625,6.0,8,2,False
22,8,Antonio Brown,0.35466955029868535,0.12919519696714052,0.19490624391936712,0.15976331360946747,3.0,6,1,False
22,8,Ginger Zee,0.35806107983026536,0.12630684428732655,0.18054628834161787,0.17751479289940827,4.0,6,1,False
22,8,Jodie Sweetin,0.19219666022907772,0.3816397176097701,0.01468186874043026,0.17751479289940827,1.0,6,1,True
22,8,Nyle DiMarco,0.377400390350651,0.111028339751357,0.2058027605651133,0.17159763313609466,6.0,6,1,False
22,8,Paige VanZant,0.36846664148671326,0.11784188962739295,0.20278617340428526,0.16568047337278108,5.0,6,1,False
22,8,Wanya Morris,0.349205662903446,0.1339880117570127,0.2012766650291861,0.14792899408284024,2.0,6,1,False
22,9,Antonio Brown,0.39821146554194164,0.20177015666131742,0.20657383031092358,0.1916376306620209,3.0,5,2,True
22,9,Ginger Zee,0.3805094823158298,0.22704368247269974,0.1853875383651767,0.1951219512195122,1.0,5,2,False
22,9,Nyle DiMarco,0.41404253133647007,0.18156047115661245,0.2154362637650208,0.1986062717770035,5.0,5,2,False
22,9,Paige VanZant,0.41017626258787243,0.1863010470116136,0.20460134777483072,0.20557491289198607,4.0,5,2,False
22,9,Wanya Morris,0.39706025821788565,0.20332464269775685,0.18800101978404776,0.20905923344947736,2.0,5,2,True
22,10,Ginger Zee,0.6377033220267959,0.4003955277163864,0.3120328711009689,0.32567046285270274,1.0,3,3,True
22,10,Nyle DiMarco,0.684844819314121,0.29241564422241134,0.3515122509070623,0.3333325670462853,3.0,3,3,True
22,10,Paige VanZant,0.6774518586590824,0.3071888280612021,0.33645487799196816,0.340996970101012,2.0,3,3,True
23,2,Amber Rose,0.08857286660172113,0.10368206568711086,0.02039104638792642,0.06818181818181818,4.0,13,1,False
23,2,Babyface,0.12494530441121987,0.0813569478868769,0.039718031006621635,0.08522727272727272,7.0,13,1,False
23,2,Calvin Johnson Jr.,0.28201329192215496,0.028551980996587963,0.2024678387313514,0.07954545454545454,11.0,13,1,False
23,2,Jake T. Austin,0.07935918144408181,0.11025035384527769,0.01117736123028711,0.06818181818181818,2.0,13,1,True
23,2,James Hinchcliffe,0.2637509984460651,0.03224861007261863,0.1813646314230739,0.08238636363636363,10.0,13,1,False
23,2,Jana Kramer,0.2879904671977948,0.027436616378821572,0.20560410017480363,0.08238636363636363,13.0,13,1,False
23,2,Laurie Hernandez,0.2829101908261984,0.02838176877779234,0.19200109720780545,0.09090909090909091,12.0,13,1,False
23,2,Marilu Henner,0.09413926685807561,0.09990500865084698,0.01743472004887913,0.07670454545454546,6.0,13,1,False
23,2,Maureen McCormick,0.08353545892466739,0.10722311752395053,0.009671825947658575,0.07386363636363637,3.0,13,1,False
23,2,Rick Perry,0.07060326940687234,0.11687751086529521,0.00810326940687233,0.0625,1.0,13,1,False
23,2,Ryan Lochte,0.0906392737652346,0.10226352994079083,0.0224574535514399,0.06818181818181818,5.0,13,1,False
23,2,Terra Jole,0.12628989342805888,0.08063092901448296,0.03822171364185358,0.08806818181818182,9.0,13,1,False
23,2,Vanilla Ice,0.12525054421843546,0.0811915603595476,0.05138691124142663,0.07386363636363637,8.0,13,1,False
23,3,Amber Rose,0.09620345036222792,0.11529397425485156,0.01928037057354308,0.07692307692307693,3.0,12,1,False
23,3,Babyface,0.12295593802905068,0.09646065902083052,0.046032858240365834,0.07692307692307693,6.0,12,1,False
23,3,Calvin Johnson Jr.,0.3012235200104659,0.02939088817061587,0.20276198145722796,0.09846153846153846,12.0,12,1,False
23,3,James Hinchcliffe,0.27882932636300595,0.03412326209040174,0.18959855798045666,0.08923076923076922,9.0,12,1,False
23,3,Jana Kramer,0.291687464409446,0.03132004801429411,0.21168746619758533,0.08,11.0,12,1,False
23,3,Laurie Hernandez,0.2834938231032008,0.03307847204906127,0.1881092104237193,0.09538461538461539,10.0,12,1,False
23,3,Marilu Henner,0.10311515041717553,0.1101019950702293,0.01696130790838265,0.08615384615384615,5.0,12,1,False
23,3,Maureen McCormick,0.09480470030610086,0.11637411895574472,0.008650857797307978,0.08615384615384615,2.0,12,1,False
23,3,Rick Perry,0.0759652638792588,0.13194780235543985,0.005196035838086765,0.07076923076923076,1.0,12,1,True
23,3,Ryan Lochte,0.09782557364103941,0.11405388467042196,0.020902493852354573,0.07692307692307693,4.0,12,1,False
23,3,Terra Jole,0.1270860570559446,0.09384093047416232,0.034778362799638904,0.09230769230769231,8.0,12,1,False
23,3,Vanilla Ice,0.126809724972503,0.09401396487394682,0.05604049693133099,0.07076923076923076,7.0,12,1,False
23,4,Amber Rose,0.1111139390610692,0.12493521184155464,0.01915991641511888,0.09195402298850575,4.0,11,2,False
23,4,Babyface,0.11518815639245897,0.1215874611645504,0.04622263940799623,0.06896551724137931,5.0,11,2,True
23,4,Calvin Johnson Jr.,0.2986838317382176,0.03577786286741487,0.2105612254607518,0.08812260536398467,9.0,11,2,False
23,4,James Hinchcliffe,0.28844961514318007,0.03830411980533812,0.18116991957271117,0.10727969348659004,8.0,11,2,False
23,4,Jana Kramer,0.3027943099778516,0.0348107469052819,0.2146717037003858,0.08812260536398467,10.0,11,2,False
23,4,Laurie Hernandez,0.30583609707958226,0.034111943681179945,0.19089356877214436,0.11494252873563218,11.0,11,2,False
23,4,Marilu Henner,0.10002877669010485,0.13451777953289368,0.01956900314960803,0.08045977011494253,1.0,11,2,False
23,4,Maureen McCormick,0.10064953975533059,0.13396223872880703,0.008695517109380276,0.09195402298850575,2.0,11,2,False
23,4,Ryan Lochte,0.10332317820409734,0.13159561575192422,0.019031988295116008,0.0842911877394636,3.0,11,2,False
23,4,Terra Jole,0.13270859175543342,0.10818372577568632,0.036923152740998604,0.09578544061302682,6.0,11,2,False
23,4,Vanilla Ice,0.14122397165325468,0.10221329394536881,0.05310136537578887,0.08812260536398467,7.0,11,2,True
23,6,Amber Rose,0.10609283420825871,0.18886149061865853,0.014289559159525953,0.09180327868852459,1.0,9,1,True
23,6,Calvin Johnson Jr.,0.3534315167038199,0.03630986046546924,0.23212003838703596,0.12131147540983607,8.0,9,1,False
23,6,James Hinchcliffe,0.32992624710720886,0.04246971101542238,0.20533608119410385,0.12459016393442623,6.0,9,1,False
23,6,Jana Kramer,0.3566410447837859,0.035541196508291184,0.22549351112861923,0.13114754098360656,9.0,9,1,False
23,6,Laurie Hernandez,0.3455317209039852,0.038273381244376854,0.22422024258720127,0.12131147540983607,7.0,9,1,False
23,6,Marilu Henner,0.12900332536327225,0.16211035140101934,0.017527917286032264,0.11147540983606558,4.0,9,1,False
23,6,Maureen McCormick,0.11347924893444628,0.17978669630675764,0.0118399036461696,0.10163934426229508,2.0,9,1,False
23,6,Ryan Lochte,0.12201074029003146,0.16984640330065845,0.023650082598075894,0.09836065573770492,3.0,9,1,False
23,6,Terra Jole,0.14388332170519155,0.14680090913934635,0.04552266401323598,0.09836065573770492,5.0,9,1,False
23,7,Calvin Johnson Jr.,0.37122185313060513,0.04400395909553366,0.2369205781157278,0.13430127041742287,8.0,8,1,False
23,7,James Hinchcliffe,0.3411666045980202,0.05376635677809719,0.20686532958314285,0.13430127041742287,5.0,8,1,False
23,7,Jana Kramer,0.36310901263126766,0.046449477318898286,0.23788215735325252,0.12522686025408347,7.0,8,1,False
23,7,Laurie Hernandez,0.3482761568058453,0.05127744147559258,0.22304930152783015,0.12522686025408347,6.0,8,1,False
23,7,Marilu Henner,0.13906690506444297,0.20684697384413683,0.022914454622128808,0.1161524500907441,2.0,8,1,False
23,7,Maureen McCormick,0.12642293210144348,0.2250387064723971,0.006640715254500573,0.11978221415607986,1.0,8,1,True
23,7,Ryan Lochte,0.1417748794194653,0.2031462373490859,0.021992662572522394,0.11978221415607986,3.0,8,1,False
23,7,Terra Jole,0.16896165624891024,0.16947084766625842,0.04373480097089512,0.12522686025408347,4.0,8,1,False
23,8,Calvin Johnson Jr.,0.389646066922054,0.05288239529580334,0.24039219190488786,0.14925387985460684,6.0,7,1,False
23,8,James Hinchcliffe,0.37754996996071993,0.057323527282443935,0.20342143755105196,0.1741285314711756,4.0,7,1,False
23,8,Jana Kramer,0.3918908668648964,0.05209688501459866,0.24263699184773024,0.14925387985460684,7.0,7,1,False
23,8,Laurie Hernandez,0.389550703813504,0.052916026182510095,0.225371438314389,0.1641792678400675,5.0,7,1,False
23,8,Marilu Henner,0.137057106761504,0.28485973248830765,0.022629130451250867,0.11442797455519857,1.0,7,1,False
23,8,Ryan Lochte,0.14500235257446872,0.2701638392467504,0.01564899323284733,0.12935336254065924,2.0,7,1,True
23,8,Terra Jole,0.16930291820169174,0.22975759448958583,0.049899816697842714,0.11940310388368545,3.0,7,1,False
23,9,Calvin Johnson Jr.,0.4077369272089544,0.07985478805417875,0.2447413354492727,0.16299559471365638,5.0,6,1,False
23,9,James Hinchcliffe,0.38582300968720107,0.09241623063545186,0.22723270781590132,0.15859030837004406,3.0,6,1,False
23,9,Jana Kramer,0.41645328197977044,0.07534675090974181,0.24024183545610406,0.1762114537444934,6.0,6,1,False
23,9,Laurie Hernandez,0.40136170999003395,0.08332188869456444,0.22515026346636757,0.1762114537444934,4.0,6,1,False
23,9,Marilu Henner,0.17339928773561716,0.38087101168365106,0.014808985864317432,0.15859030837004406,1.0,6,1,True
23,9,Terra Jole,0.21522575359610024,0.28818933002241204,0.047824871948036585,0.16740088105726872,2.0,6,1,False
23,10,Calvin Johnson Jr.,0.4449066225235792,0.12233832402168358,0.2537803355400892,0.19112627986348124,4.0,5,1,False
23,10,James Hinchcliffe,0.4263109867285751,0.13848489518889476,0.2249457989644073,0.20136518771331058,2.0,5,1,False
23,10,Jana Kramer,0.45033674334380425,0.11798878161699883,0.25238451753947533,0.19795221843003413,5.0,5,1,False
23,10,Laurie Hernandez,0.44418989687480287,0.1229242762278131,0.23941174715079622,0.20477815699658702,3.0,5,1,False
23,10,Terra Jole,0.23425575052923883,0.4982637229446096,0.029477600805232183,0.20477815699658702,1.0,5,1,True
23,11,Calvin Johnson Jr.,0.5189108360236914,0.21972852890393843,0.26699466590345206,0.25191616266698036,4.0,4,4,True
23,11,James Hinchcliffe,0.4867691946266347,0.2722362986476535,0.2304716360805684,0.25629755904896034,1.0,4,4,True
23,11,Jana Kramer,0.4976367408830977,0.25321023848500246,0.2643390501339293,0.2332976924558098,3.0,4,4,True
23,11,Laurie Hernandez,0.49668324336773795,0.25482493396340566,0.23819464788205066,0.2584885858282496,2.0,4,4,True
24,2,Bonner Bolton,0.10505910915372728,0.10804048846662899,0.019693254950026256,0.08536585365853659,5.0,12,1,False
24,2,Charo,0.08574577169608898,0.12288655751015737,0.009526257683752249,0.07621951219512195,3.0,12,1,False
24,2,Chris Kattan,0.07343092560286028,0.13340113038344314,0.006357751781887844,0.06707317073170732,1.0,12,1,True
24,2,David Ross,0.2852814540346589,0.032492969760433706,0.20296437741121912,0.08231707317073171,11.0,12,1,False
24,2,Erika Jayne,0.09731066416901935,0.11376812092481141,0.011944809965318319,0.08536585365853659,4.0,12,1,False
24,2,Heather Morris,0.11138424008108115,0.10357940437190473,0.019920823266277074,0.09146341463414634,6.0,12,1,False
24,2,Mr. T,0.07649084217814166,0.1307073903292671,0.009417668357169211,0.06707317073170732,2.0,12,1,False
24,2,Nancy Kerrigan,0.20751568967758116,0.05456879394656978,0.12214983547388013,0.08536585365853659,8.0,12,1,False
24,2,Nick Viall,0.2870851755391056,0.032104587761507666,0.2108656615267689,0.07621951219512195,12.0,12,1,False
24,2,Normani,0.2817413528180132,0.0332689465427523,0.18418038084268668,0.0975609756097561,10.0,12,1,False
24,2,Rashad Jennings,0.271712655092738,0.035569282365596346,0.17415168311741144,0.0975609756097561,9.0,12,1,False
24,2,Simone Biles,0.11724212740756515,0.09961232763692755,0.0288274956236029,0.08841463414634146,7.0,12,1,False
24,3,Bonner Bolton,0.09807474509856862,0.13496121446516265,0.021884265998818098,0.0761904761904762,4.0,11,1,False
24,3,Charo,0.08146650666435874,0.15076299383148667,0.005276027564608222,0.0761904761904762,1.0,11,1,True
24,3,David Ross,0.2993612898506872,0.035271565821940846,0.20094858985326214,0.09841269841269841,11.0,11,1,False
24,3,Erika Jayne,0.09499458600284992,0.1377612109424183,0.012454900932335243,0.08253968253968254,3.0,11,1,False
24,3,Heather Morris,0.12548323242900455,0.1124225104181455,0.020721326460815308,0.10476190476190476,5.0,11,1,False
24,3,Mr. T,0.08523057539597298,0.14702685172876118,0.009040096296222454,0.0761904761904762,2.0,11,1,False
24,3,Nancy Kerrigan,0.22485955631926333,0.05796013009974915,0.12009765035107409,0.10476190476190476,7.0,11,1,False
24,3,Nick Viall,0.2936021829541952,0.03665211682579501,0.21106249788368053,0.08253968253968254,10.0,11,1,False
24,3,Normani,0.2929646767824098,0.036808221320653416,0.18502816782883846,0.10793650793650794,9.0,11,1,False
24,3,Rashad Jennings,0.27285290068668766,0.04208956017015195,0.18396400964540882,0.08888888888888889,8.0,11,1,False
24,3,Simone Biles,0.13110977016774367,0.10828362437573519,0.029522467184936504,0.10158730158730159,6.0,11,1,False
24,4,Bonner Bolton,0.11773384625584896,0.1476732444863012,0.019574339338849146,0.09815950920245399,3.0,10,1,False
24,4,David Ross,0.30159835482161107,0.04334704934282348,0.20650633389275136,0.0950920245398773,10.0,10,1,False
24,4,Erika Jayne,0.10394499652342318,0.16189171573036992,0.01192045413212298,0.09202453987730061,2.0,10,1,False
24,4,Heather Morris,0.1254904592088919,0.1402310293873398,0.018128494327471777,0.10736196319018405,4.0,10,1,False
24,4,Mr. T,0.09169086278019117,0.17567257889867702,0.005801292365171183,0.08588957055214724,1.0,10,1,True
24,4,Nancy Kerrigan,0.23352092655480688,0.06824390709721989,0.13229393364966696,0.10122699386503067,6.0,10,1,False
24,4,Nick Viall,0.3007302431066744,0.04359864389010813,0.20870570071537417,0.09202453987730061,9.0,10,1,False
24,4,Normani,0.2925043222167878,0.046056344116017785,0.19434481529978798,0.09815950920245399,7.0,10,1,False
24,4,Rashad Jennings,0.2928112509169054,0.0459622003747078,0.17317934953350547,0.1196319018404908,8.0,10,1,False
24,4,Simone Biles,0.13997473761485923,0.1273232866764348,0.029545286745299007,0.11042944785276074,5.0,10,1,False
24,5,Bonner Bolton,0.11711139177610873,0.19028519462666946,0.018427177720570554,0.09868421052631579,2.0,9,1,False
24,5,David Ross,0.3060550123607737,0.05399545270594218,0.21066027434226095,0.09539473684210527,7.0,9,1,False
24,5,Erika Jayne,0.11289662671874795,0.19570773625494192,0.0076334680397394696,0.10526315789473684,1.0,9,1,True
24,5,Heather Morris,0.1314670422488856,0.17291837020482104,0.019624938946406822,0.1118421052631579,3.0,9,1,False
24,5,Nancy Kerrigan,0.2467811455032232,0.08016275024991591,0.1283600901266935,0.11842105263157894,5.0,9,1,False
24,5,Nick Viall,0.31783965409790305,0.04991569865682607,0.20599755079542426,0.1118421052631579,9.0,9,1,False
24,5,Normani,0.3160212217162228,0.05052450358807822,0.18773174567919734,0.12828947368421054,8.0,9,1,False
24,5,Rashad Jennings,0.29888390571558465,0.056639533408307775,0.19362074703657614,0.10526315789473684,6.0,9,1,False
24,5,Simone Biles,0.1529440073131306,0.14985076030449734,0.027944007313130598,0.125,4.0,9,1,False
24,6,Bonner Bolton,0.137957228020975,0.22740255608532295,0.020856855110475414,0.1171003717472119,1.0,8,1,False
24,6,David Ross,0.32942607206204405,0.06345067684378383,0.21418443274596205,0.11524163568773234,8.0,8,1,False
24,6,Heather Morris,0.14981629351073766,0.21011634164299917,0.01226982870990302,0.137546468401487,2.0,8,1,True
24,6,Nancy Kerrigan,0.25942201717991603,0.10118561076976043,0.13488670244116557,0.12453531598513011,4.0,8,1,False
24,6,Nick Viall,0.3166008460712121,0.06911448745538942,0.20321794780012822,0.11338289962825279,5.0,8,1,False
24,6,Normani,0.3267484563567554,0.06459349007183461,0.1929194587447559,0.13382899628252787,7.0,8,1,False
24,6,Rashad Jennings,0.3203305527738276,0.06741716484022432,0.19021902235066326,0.13011152416356878,6.0,8,1,False
24,6,Simone Biles,0.15969854147511295,0.19671967229068527,0.03144575209694674,0.12825278810408922,3.0,8,1,False
24,7,Bonner Bolton,0.14271527977455808,0.3136940432659059,0.020185638980757724,0.1225296442687747,1.0,7,2,False
24,7,David Ross,0.3511572863706388,0.07816365338866146,0.22467506786668678,0.12648221343873517,5.0,7,2,False
24,7,Nancy Kerrigan,0.2720828349475344,0.13241855253377022,0.12979035030645925,0.1422924901185771,3.0,7,2,True
24,7,Nick Viall,0.3555566177697699,0.07590449255381027,0.2211692587466757,0.13438735177865613,6.0,7,2,True
24,7,Normani,0.3562216628045397,0.07556870477790754,0.19021375660603815,0.16600790513833993,7.0,7,2,False
24,7,Rashad Jennings,0.3390988192501394,0.0847066854842121,0.18494861637977048,0.1541501976284585,4.0,7,2,False
24,7,Simone Biles,0.1831675139839815,0.23954386799573243,0.029017311113612564,0.1541501976284585,2.0,7,2,False
24,8,Bonner Bolton,0.1890869898756476,0.5056174484869219,0.022897885557028833,0.166189111747851,1.0,5,1,True
24,8,David Ross,0.5283136468930512,0.0526817610710588,0.34206722197964484,0.18624641833810887,5.0,5,1,False
24,8,Normani,0.5126708171206524,0.05847239939723187,0.28630978081999325,0.22636103151862463,3.0,5,1,False
24,8,Rashad Jennings,0.5148192038522583,0.057640892757435315,0.2999194850908142,0.2148997134670487,4.0,5,1,False
24,8,Simone Biles,0.2551093571595516,0.3255874982873523,0.04880562655251881,0.20630372492836677,2.0,5,1,False
24,9,David Ross,0.5788988572303246,0.10181740369524177,0.3478757542315911,0.23102310231023102,4.0,4,1,False
24,9,Normani,0.5568035269975289,0.11797624029211262,0.3059784497022256,0.2508250825082508,2.0,4,1,False
24,9,Rashad Jennings,0.5682071752868778,0.1093396321085652,0.3140817590080387,0.25412541254125415,3.0,4,1,False
24,9,Simone Biles,0.29609044048526845,0.6708667239040805,0.03206403705814441,0.264026402640264,1.0,4,1,True
24,10,David Ross,0.6845472302147833,0.29476498147670926,0.36951796671838427,0.3150292500591764,3.0,3,3,True
24,10,Normani,0.653483859416494,0.36258810916362805,0.3124438739981743,0.34103999632369203,1.0,3,3,True
24,10,Rashad Jennings,0.6619689103687231,0.34264690935966263,0.3180381592834417,0.3439307536171316,2.0,3,3,True
25,2,Barbara Corcoran,0.07826409782787412,0.11492246047068391,0.0161068766893968,0.062157221206581355,1.0,13,2,True
25,2,Debbie Gibson,0.11050318022701089,0.09269647335187287,0.03554888655874077,0.07495429616087751,6.0,13,2,True
25,2,Derek Fisher,0.07978112763095954,0.11376604606074187,0.010311295747052229,0.06946983546617916,2.0,13,2,False
25,2,Drew Scott,0.26000901114851294,0.03421365689251418,0.18505471748024283,0.07495429616087751,13.0,13,2,False
25,2,Frankie Muniz,0.23848894549253347,0.03949175804614448,0.15073757184388997,0.08775137111517367,11.0,13,2,False
25,2,Jordan Fisher,0.2357691701361216,0.0402143472526662,0.1480177964874781,0.08775137111517367,10.0,13,2,False
25,2,Lindsey Stirling,0.2594500076837641,0.03434139845622567,0.17718309581948338,0.08226691042047532,12.0,13,2,False
25,2,Nick Lachey,0.08061071274182689,0.11313859196244253,0.011140880857919574,0.06946983546617916,3.0,13,2,False
25,2,Nikki Bella,0.166900082489624,0.06364692926443277,0.0956020941940689,0.0712979890310786,8.0,13,2,False
25,2,Sasha Pieterse,0.10472814454681403,0.09633490036213566,0.02246123268253334,0.08226691042047532,5.0,13,2,False
25,2,Terrell Owens,0.08465664103635501,0.11012770968029323,0.013358652740799894,0.0712979890310786,4.0,13,2,False
25,2,Vanessa Lachey,0.19021184622886214,0.05448575664232569,0.10428862899186644,0.08592321755027423,9.0,13,2,False
25,2,Victoria Arlen,0.11062702535916065,0.09261997155752086,0.030188269906527745,0.08043875685557587,7.0,13,2,False
25,4,Derek Fisher,0.09122146024162342,0.14763945543718732,0.006350615162201428,0.08487084870848709,1.0,11,1,True
25,4,Drew Scott,0.27867059851439185,0.04231375742828718,0.190109711833312,0.08856088560885608,10.0,11,1,False
25,4,Frankie Muniz,0.2540559476274216,0.04985954439987761,0.16549506094634175,0.08856088560885608,8.0,11,1,False
25,4,Jordan Fisher,0.2654402159268344,0.046215480534659806,0.15842914358920698,0.1070110701107011,9.0,11,1,False
25,4,Lindsey Stirling,0.28434276366663747,0.04074356175808227,0.18840180123282246,0.0959409594095941,11.0,11,1,False
25,4,Nick Lachey,0.09399232109961071,0.14493723461518151,0.012811510171265982,0.08118081180811808,2.0,11,1,False
25,4,Nikki Bella,0.1855628867715899,0.07871473329080485,0.09700200009051005,0.08856088560885608,6.0,11,1,False
25,4,Sasha Pieterse,0.11002643911482136,0.13024361572475976,0.021465552433741503,0.08856088560885608,4.0,11,1,False
25,4,Terrell Owens,0.10378607849602452,0.1357763528807488,0.015225191814944652,0.08856088560885608,3.0,11,1,False
25,4,Vanessa Lachey,0.2008900381011924,0.07106886505447244,0.11232915142011254,0.08856088560885608,7.0,11,1,False
25,4,Victoria Arlen,0.13201125789043283,0.11248739887593848,0.032380261305540545,0.0996309963099631,5.0,11,1,False
25,5,Drew Scott,0.2829767379313747,0.05062531209142358,0.18719129891693986,0.09578544061302682,9.0,10,1,False
25,5,Frankie Muniz,0.2758739134666195,0.0530801934138362,0.16476280152766606,0.1111111111111111,7.0,10,1,False
25,5,Jordan Fisher,0.28018774306147776,0.05157540900952066,0.16524521475403986,0.11494252873563218,8.0,10,1,False
25,5,Lindsey Stirling,0.29207307172097646,0.047646513806343514,0.18479337615050756,0.10727969348659004,10.0,10,1,False
25,5,Nick Lachey,0.09821743525759286,0.1735004815120131,0.013926245348611532,0.0842911877394636,1.0,10,1,False
25,5,Nikki Bella,0.20282528705639685,0.08638332815397383,0.09937700785441246,0.10344827586206896,5.0,10,1,False
25,5,Sasha Pieterse,0.10721991245543597,0.16339390163205064,0.015265889809485646,0.09195402298850575,2.0,10,1,True
25,5,Terrell Owens,0.11293952080763026,0.1572808620964037,0.017154081793195435,0.09578544061302682,3.0,10,1,False
25,5,Vanessa Lachey,0.21229293962939488,0.08109951754308176,0.12033891698344457,0.09195402298850575,6.0,10,1,False
25,5,Victoria Arlen,0.1353934460636815,0.13541448074135307,0.0319451668616971,0.10344827586206896,4.0,10,1,False
25,6,Drew Scott,0.2997419335990167,0.0576078019121961,0.2017027163057542,0.09803921568627451,8.0,9,1,False
25,6,Frankie Muniz,0.2819441875899067,0.06486509479583094,0.1806369966352215,0.10130718954248366,6.0,9,1,False
25,6,Jordan Fisher,0.29551572478829735,0.05925396714447333,0.16806473709164974,0.12745098039215685,7.0,9,1,False
25,6,Lindsey Stirling,0.3112075913014155,0.05336847897838307,0.1804886299433451,0.13071895424836602,9.0,9,1,False
25,6,Nick Lachey,0.0929719376863399,0.22863449753140874,0.008004615038768335,0.08496732026143791,1.0,9,1,True
25,6,Nikki Bella,0.2172509362249811,0.09984290401506164,0.09960387696318224,0.11764705882352941,4.0,9,1,False
25,6,Terrell Owens,0.13719319683968528,0.1702582247082619,0.016278163916463695,0.12091503267973856,3.0,9,1,False
25,6,Vanessa Lachey,0.23133818794091954,0.09089299899385266,0.11369112867912066,0.11764705882352941,5.0,9,1,False
25,6,Victoria Arlen,0.13283632638118034,0.17527603192053162,0.03152913542649513,0.10130718954248366,2.0,9,1,False
25,7,Drew Scott,0.3256672431086922,0.06717730316557578,0.1931091059302712,0.1325581395348837,8.0,8,2,False
25,7,Frankie Muniz,0.30782341405300734,0.07566338065002043,0.16828852340130446,0.13953488372093023,6.0,8,2,False
25,7,Jordan Fisher,0.30134439578396,0.07900315239969573,0.17576299717765964,0.12558139534883722,5.0,8,2,False
25,7,Lindsey Stirling,0.3198375064999054,0.06983954179245057,0.2012328539163063,0.1186046511627907,7.0,8,2,False
25,7,Nikki Bella,0.21527110698132862,0.14023361083953007,0.10364320042043078,0.11162790697674418,3.0,8,2,True
25,7,Terrell Owens,0.12759301120942693,0.2515974323013614,0.01363952512448888,0.11395348837209303,1.0,8,2,False
25,7,Vanessa Lachey,0.23639218177020602,0.12181488003100854,0.11081078316390566,0.12558139534883722,4.0,8,2,True
25,7,Victoria Arlen,0.1660711480440537,0.19467069882035742,0.03351301086563267,0.1325581395348837,2.0,8,2,False
25,8,Drew Scott,0.415759143822559,0.07452259716735461,0.2655993974140965,0.1501597444089457,6.0,6,1,False
25,8,Frankie Muniz,0.39114831767943836,0.08780992817076311,0.22181924067405204,0.16932907348242812,3.0,6,1,False
25,8,Jordan Fisher,0.4006460926788753,0.08242230329676323,0.20895280161079818,0.19169329073482427,4.0,6,1,False
25,8,Lindsey Stirling,0.4154351514451724,0.07468373615355264,0.24291119097401911,0.17252396166134185,5.0,6,1,False
25,8,Terrell Owens,0.1756902730300172,0.36928235299092715,0.012750977857325839,0.16293929712460065,1.0,6,1,True
25,8,Victoria Arlen,0.20132102134393773,0.3112790822206394,0.047966391469708304,0.15335463258785942,2.0,6,1,False
25,9,Drew Scott,0.4440503026264996,0.12270741676151367,0.2662725205439419,0.17777777777777778,4.0,5,1,False
25,9,Frankie Muniz,0.4318849627229572,0.13307395977794442,0.24299607019156222,0.18888888888888888,3.0,5,1,False
25,9,Jordan Fisher,0.42726640785287573,0.13723508827214903,0.2124515959079142,0.21481481481481482,2.0,5,1,False
25,9,Lindsey Stirling,0.46315321738148596,0.10803443632489206,0.25204210395241644,0.2111111111111111,5.0,5,1,False
25,9,Victoria Arlen,0.23364510941618136,0.498949098863501,0.026237709404165067,0.2074074074074074,1.0,5,1,True
25,10,Drew Scott,0.5151460044612104,0.22494246571806706,0.27535885801212134,0.2397871457464638,4.0,4,4,True
25,10,Frankie Muniz,0.48740186864581914,0.27064434179038604,0.23873492652622075,0.24866694332774683,2.0,4,4,True
25,10,Jordan Fisher,0.4838076902155324,0.277207620122427,0.22803474195045673,0.2557729554628947,1.0,4,4,True
25,10,Lindsey Stirling,0.5136444217762763,0.22720557236911995,0.2578714735112007,0.2557729554628947,3.0,4,4,True
26,1,Adam Rippon,0.2237491038751253,0.0825881720118556,0.10946338895078983,0.11428571428571428,7.0,10,2,False
26,1,Arike Ogunbowale,0.23972526356126755,0.0742441319104143,0.14448716654922455,0.09523809523809523,10.0,10,2,False
26,1,Chris Mazdzer,0.2149952111312096,0.08755137459119507,0.11499520964109347,0.1,6.0,10,2,False
26,1,Jamie Anderson,0.21492981258020005,0.08758955446719988,0.12445362004623019,0.09047619047619047,5.0,10,2,True
26,1,Jennie Finch Daigle,0.18923676957879637,0.10395402176080329,0.08923676808868027,0.1,4.0,10,2,False
26,1,Johnny Damon,0.1592732412947683,0.12693886062743923,0.07355895323887154,0.08571428571428572,2.0,10,2,True
26,1,Josh Norman,0.22864778974850145,0.07993458146556584,0.11436207482416597,0.11428571428571428,8.0,10,2,False
26,1,Kareem Abdul-Jabbar,0.11626843856263686,0.16908545585026954,0.03531605498481322,0.08095238095238096,1.0,10,2,False
26,1,Mirai Nagasu,0.2331693413326613,0.07756101300740872,0.12364553088639893,0.10952380952380952,9.0,10,2,False
26,1,Tonya Harding,0.1800050432359947,0.1105528343078485,0.07048123278973235,0.10952380952380952,3.0,10,2,False
26,2,Adam Rippon,0.28389272900055884,0.09427301773627392,0.14557496519516946,0.1383177570093458,6.0,8,2,False
26,2,Arike Ogunbowale,0.31651696302010424,0.07584563247542027,0.1856758419425667,0.1308411214953271,8.0,8,2,True
26,2,Chris Mazdzer,0.2573015534947666,0.11255809855017829,0.13393706769450028,0.1233644859813084,4.0,8,2,False
26,2,Jennie Finch Daigle,0.23211667816146336,0.13313567070546556,0.11435967068179569,0.11775700934579439,3.0,8,2,False
26,2,Josh Norman,0.2604710814654305,0.11020467662432167,0.14271407398576286,0.11775700934579439,5.0,8,2,False
26,2,Kareem Abdul-Jabbar,0.15347237840255573,0.22490183553923096,0.043192006200159325,0.1102803738317757,1.0,8,2,True
26,2,Mirai Nagasu,0.29077726928738923,0.09004396772169274,0.15245950548199982,0.1383177570093458,7.0,8,2,False
26,2,Tonya Harding,0.2054513546183121,0.1590371006474165,0.08208686881804585,0.1233644859813084,2.0,8,2,False
26,3,Adam Rippon,0.36458390001403307,0.13066018646297795,0.17027110401736714,0.1943127962085308,5.0,6,3,False
26,3,Chris Mazdzer,0.344520475792447,0.14935949497597314,0.18812237315134134,0.15639810426540285,3.0,6,3,True
26,3,Jennie Finch Daigle,0.2880189065166604,0.21768155685390175,0.1505781505533349,0.13744075829383887,2.0,6,3,True
26,3,Josh Norman,0.3544711504349599,0.13977280556530108,0.17437635699604845,0.18009478672985782,4.0,6,3,False
26,3,Mirai Nagasu,0.37585029278596327,0.12120589018625039,0.20997351680596751,0.16587677725118483,6.0,6,3,True
26,3,Tonya Harding,0.27255527445593697,0.24132006595559552,0.10667849847594121,0.16587677725118483,1.0,6,3,False
26,4,Adam Rippon,0.7372434040419883,0.17899192836540703,0.39806212986634437,0.3391812865497076,3.0,3,3,True
26,4,Josh Norman,0.7077194575849024,0.217928498750679,0.37438611431746155,0.3333333333333333,2.0,3,3,True
26,4,Tonya Harding,0.5550371383731095,0.603079572883914,0.22755175581619427,0.32748538011695905,1.0,3,3,True
27,1,Alexis Ren,0.21447821890587948,0.0481943629592136,0.12820370679373883,0.08627450980392157,12.0,13,1,False
27,1,Bobby Bones,0.19021107500460366,0.05665742362089599,0.11177969967987755,0.0784313725490196,10.0,13,1,False
27,1,Danelle Umstead,0.08613426301597896,0.11339399500181584,0.015546024478667403,0.07058823529411765,2.0,13,1,False
27,1,DeMarcus Ware,0.18582929110588628,0.058336905187325726,0.09563321060003835,0.09019607843137255,8.0,13,1,False
27,1,Evanna Lynch,0.18303553226503774,0.05943361492328236,0.11244729372772619,0.07058823529411765,7.0,13,1,False
27,1,Joe Amabile,0.20156605353813528,0.05252678161960514,0.14666409230094313,0.054901960784313725,11.0,13,1,False
27,1,John Schneider,0.16272248839235356,0.0680525544741125,0.09213424985504201,0.07058823529411765,6.0,13,1,False
27,1,Juan Pablo Di Pace,0.1893074846351665,0.05699975435715535,0.10303297252302586,0.08627450980392157,9.0,13,1,False
27,1,Mary Lou Retton,0.09156690465259634,0.10936061596498457,0.013135529327870236,0.0784313725490196,4.0,13,1,False
27,1,Milo Manheim,0.22383151512285318,0.045280965432213154,0.14540013979812708,0.0784313725490196,13.0,13,1,False
27,1,Nancy McKeon,0.0893766066839729,0.11096921397976449,0.012906015556100436,0.07647058823529412,3.0,13,1,False
27,1,Nikki Glaser,0.07528996268196379,0.1218954574611237,0.00666250834150588,0.06862745098039216,1.0,13,1,True
27,1,Tinashe,0.10665063752318477,0.09889835501850751,0.01645455701733683,0.09019607843137255,5.0,13,1,False
27,2,Alexis Ren,0.22538730073732657,0.05269821476207631,0.13481428790849967,0.09057301293900184,11.0,12,1,False
27,2,Bobby Bones,0.19155869105410106,0.06602976624361352,0.11946996518921384,0.07208872458410351,7.0,12,1,False
27,2,Danelle Umstead,0.07837303220532593,0.1404254443923657,0.00998116522334274,0.06839186691312385,1.0,12,1,True
27,2,DeMarcus Ware,0.1868240332955428,0.06814719711359553,0.09994787934961998,0.08687615526802218,6.0,12,1,False
27,2,Evanna Lynch,0.19939974854894083,0.06266680787060765,0.11067516516156593,0.08872458410351201,8.0,12,1,False
27,2,Joe Amabile,0.20653631193581518,0.05975511764868811,0.14184130383673604,0.06469500924214418,10.0,12,1,False
27,2,John Schneider,0.17357591727121324,0.07443980428443149,0.0940934736405179,0.07948243992606285,5.0,12,1,False
27,2,Juan Pablo Di Pace,0.2009272576191009,0.06203188540740207,0.10480895646591792,0.09611829944547134,9.0,12,1,False
27,2,Mary Lou Retton,0.09800639225880374,0.1231973616897992,0.012978667754332915,0.08502772643253234,3.0,12,1,False
27,2,Milo Manheim,0.23625145869754888,0.04901634724689329,0.1401331575443659,0.09611829944547134,12.0,12,1,False
27,2,Nancy McKeon,0.08792240199417178,0.1317642364036891,0.012136817246380488,0.07578558225508318,2.0,12,1,False
27,2,Tinashe,0.11523746183268958,0.10982781693683788,0.019119160679506603,0.09611829944547134,4.0,12,1,False
27,3,Alexis Ren,0.23654949070805664,0.05922079874373895,0.14060852827424164,0.0959409594095941,10.0,11,1,False
27,3,Bobby Bones,0.1982757040128637,0.0764342877692743,0.11340485893344172,0.08487084870848709,6.0,11,1,False
27,3,DeMarcus Ware,0.19710686976991545,0.07703220772746726,0.10116590733610045,0.0959409594095941,5.0,11,1,False
27,3,Evanna Lynch,0.20524659600694845,0.07296346051844316,0.10561559942205616,0.0996309963099631,7.0,11,1,False
27,3,Joe Amabile,0.21433234045684474,0.06867513139912437,0.1479116735833897,0.06642066420664207,9.0,11,1,False
27,3,John Schneider,0.17717017307273925,0.0879822357732568,0.09967939629547179,0.07749077490774908,4.0,11,1,False
27,3,Juan Pablo Di Pace,0.21259388826375591,0.06947568440058703,0.10189278177505125,0.11070110701107011,8.0,11,1,False
27,3,Mary Lou Retton,0.10247319755601875,0.14476543815197346,0.013912310874938879,0.08856088560885608,2.0,11,1,False
27,3,Milo Manheim,0.2498557803036804,0.05419367547666562,0.15022478371878814,0.0996309963099631,11.0,11,1,False
27,3,Nancy McKeon,0.08996590755292239,0.15735378816961934,0.008785096624577653,0.08118081180811808,1.0,11,1,True
27,3,Tinashe,0.11643005974683523,0.13190329186984967,0.016799063161942962,0.0996309963099631,3.0,11,1,False
27,4,Alexis Ren,0.24548785712214777,0.07077787796740449,0.1377292382309086,0.10775862068965517,9.0,10,1,False
27,4,Bobby Bones,0.21262647585074843,0.08811320153950658,0.12641957775752485,0.08620689655172414,6.0,10,1,False
27,4,DeMarcus Ware,0.19818331312476128,0.09701931869100124,0.10335572820244758,0.09482758620689655,4.0,10,1,False
27,4,Evanna Lynch,0.2166280090650072,0.08579369173034088,0.1131797298630228,0.10344827586206896,7.0,10,1,False
27,4,Joe Amabile,0.21799310525689825,0.08501645615328834,0.15333793541227086,0.06465517241379311,8.0,10,1,False
27,4,John Schneider,0.1919539486199953,0.1011332765862556,0.10143671083751696,0.09051724137931035,3.0,10,1,False
27,4,Juan Pablo Di Pace,0.2096528065984751,0.08987742796729556,0.1062045273964907,0.10344827586206896,5.0,10,1,False
27,4,Mary Lou Retton,0.12505114487060603,0.15797833585707755,0.012982178839531497,0.11206896551724138,2.0,10,1,False
27,4,Milo Manheim,0.25885378237110335,0.06474395424330755,0.13385378237110332,0.125,10.0,10,1,False
27,4,Tinashe,0.12356955712025744,0.15954645926452218,0.011500591089182909,0.11206896551724138,1.0,10,1,True
27,6,Alexis Ren,0.25583700252235647,0.08434618108525173,0.13793306959331747,0.11790393013100436,8.0,9,1,False
27,6,Bobby Bones,0.2196714158290189,0.10734344329494612,0.1236015434497159,0.09606986899563319,3.0,9,1,False
27,6,DeMarcus Ware,0.22103901900980127,0.10636920306057628,0.1075019011709417,0.11353711790393013,4.0,9,1,False
27,6,Evanna Lynch,0.23995887174859176,0.09376425798864463,0.11332132354035508,0.12663755458515283,6.0,9,1,False
27,6,Joe Amabile,0.24232346035504282,0.09229775464033195,0.14625358797573984,0.09606986899563319,7.0,9,1,False
27,6,John Schneider,0.19106967710803613,0.12989308678811526,0.1081002425486909,0.08296943231441048,2.0,9,1,False
27,6,Juan Pablo Di Pace,0.23673109388818467,0.09580379112927875,0.10572673058976853,0.13100436681222707,5.0,9,1,False
27,6,Mary Lou Retton,0.11302387122221867,0.2185504926192728,0.008220376113137398,0.10480349344978165,1.0,9,1,True
27,6,Milo Manheim,0.2803455883167495,0.07163178939358252,0.14934122501833336,0.13100436681222707,9.0,9,1,False
27,7,Alexis Ren,0.2659074472624525,0.11149066418886995,0.13947066239898054,0.12643678160919541,7.0,8,2,False
27,7,Bobby Bones,0.24437593845695227,0.12870001744933618,0.1225368547257778,0.12183908045977011,4.0,8,2,False
27,7,DeMarcus Ware,0.2280225669930407,0.14352463983249122,0.10618348326186622,0.12183908045977011,2.0,8,2,True
27,7,Evanna Lynch,0.25258165393241916,0.12184862313639609,0.11694946680435213,0.135632183908046,5.0,8,2,False
27,7,Joe Amabile,0.2564564000354361,0.11874137867650866,0.1484104197011542,0.10804597701149425,6.0,8,2,False
27,7,John Schneider,0.22472267696057574,0.14671706342632426,0.10058474638854281,0.12413793103448276,1.0,8,2,True
27,7,Juan Pablo Di Pace,0.2391740459833866,0.13324153493566315,0.11043841427905617,0.12873563218390804,3.0,8,2,False
27,7,Milo Manheim,0.2887592927274789,0.09573607835441039,0.15542595244027033,0.13333333333333333,8.0,8,2,False
27,8,Alexis Ren,0.35246332480449316,0.1454162998465383,0.17233910157222387,0.18012422360248448,5.0,6,2,False
27,8,Bobby Bones,0.30270127545675884,0.20262311111743514,0.1629497219212974,0.13975155279503104,1.0,6,2,False
27,8,Evanna Lynch,0.3234786699287064,0.17641368056789714,0.1433544466964371,0.18012422360248448,3.0,6,2,False
27,8,Joe Amabile,0.3397072921585849,0.15832357469145245,0.19685014291523012,0.14285714285714285,4.0,6,2,True
27,8,Juan Pablo Di Pace,0.3203716662064449,0.18010590751588534,0.13403626645955008,0.18633540372670807,2.0,6,2,True
27,8,Milo Manheim,0.3612777714450126,0.13711742626079162,0.19047032043526227,0.17080745341614906,6.0,6,2,False
27,9,Alexis Ren,0.5159494969145026,0.22012543159891518,0.26919625132238534,0.24675324675324675,3.0,4,4,True
27,9,Bobby Bones,0.4675986321513389,0.30385074970625325,0.23383240419075235,0.23376623376623376,1.0,4,4,True
27,9,Evanna Lynch,0.47345307057270664,0.2922200272392984,0.21371280734905856,0.2597402597402597,2.0,4,4,True
27,9,Milo Manheim,0.5429988003614523,0.18380379145553322,0.28325853713780424,0.2597402597402597,4.0,4,4,True
28,2,Ally Brooke,0.1810050926268789,0.04182996548476048,0.1809775736946224,2.751893301983347e-05,9.0,12,2,False
28,2,Hannah Brown,1.0262761196119192,0.00014934036943727773,0.02691222038096228,0.9993638856741766,12.0,12,2,False
28,2,James Van Der Beek,0.038454409026991515,0.10819669828150738,0.03842689009473502,2.751893301983347e-05,6.0,12,2,False
28,2,Karamo Brown,0.02692995008725912,0.11683709068911756,0.026929644379515557,3.0570773165345196e-07,4.0,12,2,False
28,2,Kate Flannery,0.02511367619287805,0.11826041148518603,0.024560943637216698,0.0005527325452565936,3.0,12,2,False
28,2,Kel Mitchell,0.27258970402583815,0.022715531199168783,0.27256218509358165,2.751893301983347e-05,11.0,12,2,False
28,2,Lamar Odom,0.013433778588095326,0.12783687714938605,0.01343377858809067,4.655922560884117e-15,1.0,12,2,False
28,2,Lauren Alaina,0.2722966191071247,0.02275995845232775,0.27229611508028134,5.04026839794533e-07,10.0,12,2,False
28,2,Mary Wilson,0.016744109849926383,0.12504656386227586,0.01674410984804805,1.878333221333085e-12,2.0,12,2,True
28,2,Ray Lewis,0.04836482384916092,0.10127923639672655,0.04836482384728259,1.878333221333085e-12,8.0,12,2,True
28,2,Sailor Brinkley-Cook,0.04259284421786608,0.10525240083111699,0.042592828997573495,1.5220291736415017e-08,7.0,12,2,False
28,2,Sean Spicer,0.036198886380973266,0.10983592579898925,0.03619888635809049,2.2882783125079008e-11,5.0,12,2,False
28,4,Ally Brooke,0.38994749524348,0.015503796357572755,0.1410870317434571,0.24886046672720671,7.0,10,1,False
28,4,Hannah Brown,0.4573276489068537,0.009893558569276059,0.2084671854068308,0.24886046672720671,10.0,10,1,False
28,4,James Van Der Beek,0.052767872294553736,0.14678208518713703,0.05276782612119882,4.6173356046224044e-08,4.0,10,1,False
28,4,Karamo Brown,0.03700488300897776,0.16304653786980144,0.03700483683562284,4.6173356046224044e-08,3.0,10,1,False
28,4,Kate Flannery,0.033132562797491875,0.1673104613525544,0.033132560498655865,2.29883603424708e-09,2.0,10,1,False
28,4,Kel Mitchell,0.4482058249418789,0.010513877546020496,0.19934536144185602,0.24886046672720671,8.0,10,1,False
28,4,Lamar Odom,0.010549769669782471,0.1944943455127428,0.010549769667686204,2.0962671213967765e-12,1.0,10,1,True
28,4,Lauren Alaina,0.453665242077213,0.010138093283096622,0.2048047785771901,0.24886046672720671,9.0,10,1,False
28,4,Sailor Brinkley-Cook,0.06333910444737947,0.136793732927377,0.058781066015228395,0.004558038442257366,6.0,10,1,False
28,4,Sean Spicer,0.05405958369354533,0.14552351139442138,0.05405958369227388,1.27145028007469e-12,5.0,10,1,False
28,6,Ally Brooke,0.16884226388661389,0.11432554032872998,0.1687318165453287,0.00011044733950855347,3.0,9,1,False
28,6,Hannah Brown,0.25377539603998134,0.06489879878040412,0.25377337312640424,2.0229135866600886e-06,6.0,9,1,False
28,6,James Van Der Beek,0.34385898151005295,0.03559737425639916,0.014620089908490464,0.3292388788555319,9.0,9,1,False
28,6,Karamo Brown,0.02417462181838293,0.2999155523629115,0.02406417447709775,0.00011044733950855347,1.0,9,1,False
28,6,Kate Flannery,0.3387387319409357,0.03683346752230424,0.009499840339373157,0.3292388788555319,7.0,9,1,False
28,6,Kel Mitchell,0.24614911975872997,0.06828369122855829,0.2401188992203522,0.0060302204132496205,4.0,9,1,False
28,6,Lauren Alaina,0.24811612463364735,0.06739410767010862,0.2420859040952696,0.0060302204132496205,5.0,9,1,False
28,6,Sailor Brinkley-Cook,0.33980196023387893,0.036573308075857625,0.010563068632316428,0.3292388788555319,8.0,9,1,True
28,6,Sean Spicer,0.03654283866966883,0.27617815977472654,0.03654283365536741,5.014301456141645e-09,2.0,9,1,False
28,7,Ally Brooke,0.4295444258083809,0.02016708951540171,0.09670299967427143,0.33284142031600816,7.0,8,1,False
28,7,Hannah Brown,0.3175460226776335,0.042551200339963534,0.3161857758824039,0.0013602468100852758,4.0,8,1,False
28,7,James Van Der Beek,0.35520015359572643,0.033104874098469045,0.02235872746161696,0.33284142031600816,6.0,8,1,False
28,7,Karamo Brown,0.020552908837281822,0.30817325991259215,0.02054953712259837,3.3717147413023483e-06,1.0,8,1,True
28,7,Kate Flannery,0.030972441042038747,0.28749302784334757,0.030971984730072757,4.5631196950721565e-07,2.0,8,1,False
28,7,Kel Mitchell,0.32380749151564875,0.04081154222769089,0.3236958356596317,0.0001116558575340126,5.0,8,1,False
28,7,Lauren Alaina,0.4719339983683991,0.015202424070429038,0.13909257223428964,0.33284142031600816,8.0,8,1,False
28,7,Sean Spicer,0.050442575592761475,0.2524965819921061,0.05044256723511623,8.357645254101244e-09,3.0,8,1,False
28,8,Ally Brooke,0.18277102409190113,0.12173629763372527,0.1726715776909011,0.010099446587794745,3.0,7,1,False
28,8,Hannah Brown,0.3067360029699629,0.05327270070174109,0.23211062263272458,0.07462537740536912,6.0,7,1,False
28,8,James Van Der Beek,0.9137822687396857,0.0009309487168858392,0.004659086442932815,0.9091232095561267,7.0,7,1,False
28,8,Kate Flannery,0.01567156557603804,0.37087074312893864,0.01564653155065381,2.5034025212621854e-05,1.0,7,1,True
28,8,Kel Mitchell,0.2784825995091971,0.06431417391429985,0.2723569756832596,0.006125624001627652,5.0,7,1,False
28,8,Lauren Alaina,0.2637867676630442,0.07093416925821283,0.2637855212923007,1.246370724783634e-06,4.0,7,1,False
28,8,Sean Spicer,0.03876974676037384,0.3179409666461964,0.03876968470722722,6.205314448650691e-08,2.0,7,1,False
28,9,Ally Brooke,1.0169580397536329,0.0005792707285861275,0.018520694725709382,0.9984373302687561,6.0,6,1,False
28,9,Hannah Brown,0.3054939374269087,0.06649379828343098,0.305483823163704,1.0114263607989463e-05,5.0,6,1,False
28,9,James Van Der Beek,0.045320812371831574,0.3767554053756604,0.045275483388725855,4.532898466644442e-05,2.0,6,1,False
28,9,Kel Mitchell,0.3018513303217009,0.06812830269842715,0.3003502405448348,0.0015010898140579406,4.0,6,1,False
28,9,Lauren Alaina,0.3012209471687126,0.06841521805993445,0.30121481255782756,6.134610978661329e-06,3.0,6,1,False
28,9,Sean Spicer,0.029154947677131893,0.41962800485396085,0.02915494561919918,2.0579327200613295e-09,1.0,6,1,True
28,10,Ally Brooke,0.9059032943335077,0.0021999863369291193,0.02652664447694027,0.8793766310201364,5.0,5,1,False
28,10,Hannah Brown,0.34737084335333135,0.09110391909638318,0.34656895564088996,0.0008018876907573506,3.0,5,1,False
28,10,James Van Der Beek,0.034456765134295506,0.7336959295412883,0.0344478569665667,8.908167580682524e-06,1.0,5,1,True
28,10,Kel Mitchell,0.3733469682169401,0.07661758788938963,0.25433628134255043,0.11901068543076841,4.0,5,1,False
28,10,Lauren Alaina,0.33892214928549447,0.09638257713600969,0.3381202615730531,0.0008018876907573506,2.0,5,1,False
28,11,Ally Brooke,0.8957622239085431,0.009748942912053716,0.030807335087894936,0.8649548767993754,4.0,4,4,True
28,11,Hannah Brown,0.359722129644433,0.34749820109375185,0.34387992845622634,0.01584220117850692,2.0,4,4,True
28,11,Kel Mitchell,0.38789637547874206,0.2879915624680259,0.27083746504926437,0.11705891323853293,3.0,4,4,True
28,11,Lauren Alaina,0.35661928028150686,0.35476129352616853,0.35447527140661367,0.002144008783584634,1.0,4,4,True
29,2,AJ McLean,0.015453240905061168,0.1006100722254311,0.015451462834506376,1.778070543828434e-06,5.0,15,1,False
29,2,Anne Heche,0.011918669235193578,0.10300898169100713,0.011918664827797352,4.407396230781067e-09,3.0,15,1,False
29,2,Carole Baskin,0.009196293742537392,0.10489557749456381,0.009196293742492746,4.464733634406441e-14,2.0,15,1,False
29,2,Charles Oakley,0.006218123202047082,0.10699903604888501,0.006218123202046781,3.0083138593664827e-16,1.0,15,1,True
29,2,Chrishell Stause,0.01784022750097033,0.09902171110741352,0.017840223093574106,4.407396230781067e-09,7.0,15,1,False
29,2,Jeannie Mai,0.14035561721529716,0.04375342368697393,0.14035561280790093,4.407396230781067e-09,10.0,15,1,False
29,2,Jesse Metcalfe,0.01543851447345104,0.10061995022596829,0.015003434967318287,0.0004350795170714727,4.0,15,1,False
29,2,Johnny Weir,0.11396845462527604,0.05216878266254974,0.11396845021787981,4.407396230781067e-09,9.0,15,1,False
29,2,Justina Machado,0.2178465911848056,0.026100732323691683,0.11138614655561326,0.10646044772080253,14.0,15,1,False
29,2,Kaitlyn Bristowe,0.8012209510027967,0.0005340856677062969,0.014578757208546187,0.7866422205262835,15.0,15,1,False
29,2,Monica Aldama,0.08777425134817472,0.06212275236694571,0.08777425134810111,7.361101311056189e-14,8.0,15,1,False
29,2,Nelly,0.1555654587217543,0.03953438984305691,0.1555654543143581,4.407396230781067e-09,11.0,15,1,False
29,2,Nev Schulman,0.21417583105350552,0.026747342069639943,0.10771538642431316,0.10646044772080253,13.0,15,1,False
29,2,Skai Jackson,0.17559374144941214,0.034592920012758405,0.17559374144941184,3.0083138593664827e-16,12.0,15,1,False
29,2,Veron Davis,0.017434001413536338,0.09929024257340863,0.017433997006140112,4.407396230781067e-09,6.0,15,1,False
29,3,AJ McLean,0.01829151955693436,0.1117895134161918,0.018290840450371375,6.791065767531569e-07,6.0,14,1,False
29,3,Anne Heche,0.013309165316098697,0.11556503597810465,0.013309165316094893,3.804895908940717e-15,2.0,14,1,False
29,3,Carole Baskin,0.007063805236055957,0.12047824382011722,0.007063805236055442,5.149366655223208e-16,1.0,14,1,True
29,3,Chrishell Stause,0.017115760932553868,0.11266920649799568,0.01705462970455953,6.113122588663682e-05,5.0,14,1,False
29,3,Jeannie Mai,0.13735803279444814,0.050543836219345224,0.1372969015664538,6.113122588663682e-05,9.0,14,1,False
29,3,Jesse Metcalfe,0.015112901812224038,0.11418369869742526,0.015112897236439842,4.575784120893138e-09,3.0,14,1,False
29,3,Johnny Weir,0.5312383096116851,0.0036582046401438554,0.0358868460553954,0.4953514539549871,13.0,14,1,False
29,3,Justina Machado,0.15719492010485636,0.044282744579527314,0.15719491996667967,1.3817670755636667e-10,10.0,14,1,False
29,3,Kaitlyn Bristowe,0.11035659592932799,0.06051253797350981,0.10128391776568034,0.009072678353648979,8.0,14,1,False
29,3,Monica Aldama,0.08742467282675123,0.07050827438876758,0.08742399372018825,6.791065767531569e-07,7.0,14,1,False
29,3,Nelly,0.1621778632877299,0.04283585420946298,0.16217786328519912,2.53079467843664e-12,11.0,14,1,False
29,3,Nev Schulman,0.5407977936603392,0.00343234121369609,0.045446330104049505,0.4953514539549871,14.0,14,1,False
29,3,Skai Jackson,0.18581648640042064,0.03659035372793187,0.18581648639788986,2.53079467843664e-12,12.0,14,1,False
29,3,Veron Davis,0.01674219154970018,0.11295015463778066,0.01664140319494294,0.00010078835242327243,4.0,14,1,False
29,4,AJ McLean,0.015513716930693557,0.12019046666941217,0.015507574157093553,6.14277378001525e-06,2.0,13,1,False
29,4,Anne Heche,0.008190851302893033,0.12620364228544895,0.008190851302738788,1.5424499775544558e-13,1.0,13,1,True
29,4,Chrishell Stause,0.017782611335072446,0.11838615056459204,0.01778261127284557,6.222687334676905e-11,4.0,13,1,False
29,4,Jeannie Mai,0.1349347801186583,0.05421389741603348,0.13493478011850407,1.5424499775544558e-13,9.0,13,1,False
29,4,Jesse Metcalfe,0.016688188912030593,0.11925307236603222,0.01668818891187635,1.5424499775544558e-13,3.0,13,1,False
29,4,Johnny Weir,0.11449376479130642,0.06212886656704492,0.11448762201770642,6.14277378001525e-06,8.0,13,1,False
29,4,Justina Machado,0.15186230547339163,0.04842843380016324,0.15185616269979163,6.14277378001525e-06,11.0,13,1,False
29,4,Kaitlyn Bristowe,0.10703360465296578,0.06529693656308676,0.10683018392475356,0.0002034207300052098,7.0,13,1,False
29,4,Monica Aldama,0.08940814858624563,0.07343848832943553,0.08940200581264562,6.14277378001525e-06,6.0,13,1,False
29,4,Nelly,0.1574629958575395,0.04665355734968882,0.15746299585738527,1.5424499775544558e-13,12.0,13,1,False
29,4,Nev Schulman,0.1514996718044176,0.04854565397388769,0.1514935290308176,6.14277378001525e-06,10.0,13,1,False
29,4,Skai Jackson,1.0157185909926665,0.00015274967829435255,0.015952718037344216,0.9997658653005083,13.0,13,1,False
29,4,Veron Davis,0.019410776894239527,0.11710808443687995,0.01941077685649702,3.774250654287032e-11,5.0,13,1,False
29,5,AJ McLean,0.017744636449978674,0.13709420102326778,0.017744527307658603,1.0914232265918104e-07,4.0,12,1,False
29,5,Chrishell Stause,0.017466324211386997,0.13734880377366343,0.017466324211296243,9.075497576077713e-14,3.0,12,1,False
29,5,Jeannie Mai,0.13032098955940755,0.06472575999785825,0.13032088041708748,1.0914232265918104e-07,7.0,12,1,False
29,5,Jesse Metcalfe,0.008645160637032584,0.14566820402756003,0.008645160636941828,9.075497576077713e-14,1.0,12,1,True
29,5,Johnny Weir,0.9793994222322698,0.00022529072111574712,0.009548703257202739,0.9698507416144134,12.0,12,1,False
29,5,Justina Machado,0.1441783116488121,0.05901414259955203,0.14417820250649202,1.0914232265918104e-07,9.0,12,1,False
29,5,Kaitlyn Bristowe,0.12697539253980092,0.06618562190933948,0.09768843798786572,0.02928695470695039,6.0,12,1,False
29,5,Monica Aldama,0.08478102601363735,0.08768571703574671,0.08445567734886372,0.00032534867845517116,5.0,12,1,False
29,5,Nelly,0.1550230594034185,0.054898103423249495,0.15502295026109844,1.0914232265918104e-07,10.0,12,1,False
29,5,Nev Schulman,0.14014642967644886,0.060621907242962514,0.1396100204115528,0.0005364092865632172,8.0,12,1,False
29,5,Skai Jackson,0.18116365104694362,0.04611822420832996,0.18116354190462355,1.0914232265918104e-07,11.0,12,1,False
29,5,Veron Davis,0.014155573751139882,0.1404140240373544,0.01415557374931702,1.8228624166060906e-12,2.0,12,1,False
29,6,AJ McLean,0.2581977378599867,0.042781137924355235,0.009350312876008402,0.24884742657735825,8.0,11,1,False
29,6,Chrishell Stause,0.018045072505985613,0.2121121346313417,0.018044145137950805,9.273680516181263e-07,2.0,11,1,False
29,6,Jeannie Mai,0.14288908616402557,0.09227946607702994,0.14283845358261976,5.063258001819111e-05,4.0,11,1,False
29,6,Johnny Weir,0.12211586769401978,0.10598629258570218,0.12211586144546299,6.248556780448091e-09,3.0,11,1,False
29,6,Justina Machado,0.3339175328748781,0.02582385479793497,0.0850701078908998,0.24884742657735825,11.0,11,1,False
29,6,Kaitlyn Bristowe,0.30973379035878146,0.030341718673211095,0.06088636537480321,0.24884742657735825,10.0,11,1,False
29,6,Monica Aldama,0.30012628711638734,0.03234869373633513,0.05127886213240905,0.24884742657735825,9.0,11,1,False
29,6,Nelly,0.16361611283934543,0.0803700399702165,0.16361518547131063,9.273680516181263e-07,6.0,11,1,False
29,6,Nev Schulman,0.1530464567512575,0.08623756257398965,0.1484886572033468,0.004557799603581686,5.0,11,1,False
29,6,Skai Jackson,0.18807088000619665,0.06827950773803546,0.18807087999680233,9.394325163271417e-12,7.0,11,1,False
29,6,Veron Davis,0.010241169401299294,0.22343959129184804,0.010241168888386526,5.12912774724435e-10,1.0,11,1,True
29,7,AJ McLean,0.01528541910743893,0.19320602630825265,0.01528491482957502,5.04277871563252e-07,1.0,10,2,False
29,7,Chrishell Stause,0.020197288395105116,0.18698180602037884,0.020196456981432985,8.31413653189721e-07,2.0,10,2,False
29,7,Jeannie Mai,0.14656807307504582,0.0805227231901499,0.14656804796852807,2.5106516867920544e-08,6.0,10,2,True
29,7,Johnny Weir,0.11678714215748157,0.09820714375365384,0.11674174850930255,4.5393647376456936e-05,5.0,10,2,False
29,7,Justina Machado,0.15561451618250588,0.07580996887709514,0.15561368476883375,8.31413653189721e-07,7.0,10,2,False
29,7,Kaitlyn Bristowe,0.09996038340038224,0.1098655506515134,0.09996037779836117,5.602021129508366e-09,4.0,10,2,False
29,7,Monica Aldama,0.08748305529726504,0.11939526442798608,0.08748305529215665,5.10838203865402e-12,3.0,10,2,True
29,7,Nelly,0.16307507822958706,0.07213163540042075,0.16302968458140804,4.5393647376456936e-05,8.0,10,2,False
29,7,Nev Schulman,1.0131438902236536,0.00024941609970323707,0.013282292208822042,0.9998616212390463,10.0,10,2,False
29,7,Skai Jackson,0.18188513070975879,0.06363046527084609,0.18183973706157977,4.5393647376456936e-05,9.0,10,2,False
29,8,AJ McLean,0.022890933309513237,0.30561693091817554,0.022885880945027345,5.0523646311116375e-06,2.0,8,1,False
29,8,Chrishell Stause,0.015905907075823456,0.3201851107170838,0.015900854711337564,5.0523646311116375e-06,1.0,8,1,True
29,8,Johnny Weir,0.5514290911161281,0.009013691861655767,0.05268102707499041,0.4987480699876819,7.0,8,1,False
29,8,Justina Machado,0.21574497041766727,0.08449048101063623,0.2137067011139282,0.0020382693674147355,4.0,8,1,False
29,8,Kaitlyn Bristowe,0.14905026147789616,0.13179797663764886,0.14859546211846467,0.0004547993703768888,3.0,8,1,False
29,8,Nelly,0.2304884938711986,0.07658097830424873,0.23048849107681477,2.794383909755572e-09,5.0,8,1,False
29,8,Nev Schulman,0.5560866222710497,0.008738115351426115,0.05733855822991202,0.4987480699876819,8.0,8,1,False
29,8,Skai Jackson,0.2584037084927006,0.06357671519912503,0.25840302472952476,6.837631983661378e-07,6.0,8,1,False
29,9,AJ McLean,0.014697495614831751,0.48731228101046487,0.014696811834204964,6.837806249470629e-07,1.0,7,1,True
29,9,Johnny Weir,0.5465929128247216,0.01405440266483723,0.04783212319192428,0.49876078122107914,7.0,7,1,False
29,9,Justina Machado,0.21684066685218517,0.12663184395424087,0.21683561435900578,5.052493397095706e-06,3.0,7,1,False
29,9,Kaitlyn Bristowe,0.5413782676563111,0.014551586198351138,0.04261747802351389,0.49876078122107914,6.0,7,1,False
29,9,Nelly,0.22122420311316698,0.12298475874249996,0.22122411057352348,9.253964454891879e-08,4.0,7,1,False
29,9,Nev Schulman,0.21044532981384584,0.13214761462291372,0.20920902540590652,0.0012363043720875634,2.0,7,1,False
29,9,Skai Jackson,0.24882114101986078,0.10231751280669227,0.24758483661192146,0.0012363043720875634,5.0,7,1,False
29,10,Johnny Weir,0.1696156544957482,0.3293606582301276,0.16951406919080156,0.00010158530672567028,1.0,6,2,True
29,10,Justina Machado,0.22327404653095143,0.23031104443435058,0.22203648413904445,0.0012375623856816882,2.0,6,2,False
29,10,Kaitlyn Bristowe,0.5446302204247804,0.027032943983836533,0.045361927044043085,0.49926830012755435,5.0,6,2,False
29,10,Nelly,0.23343288440830443,0.2152295593771132,0.2334102176630237,2.2666745758426177e-05,3.0,6,2,False
29,10,Nev Schulman,0.5639789458978312,0.02376145587042574,0.06471065251709388,0.49926830012755435,6.0,6,2,False
29,10,Skai Jackson,0.2650682347509403,0.17430433810414622,0.2649666494459937,0.00010158530672567028,4.0,6,2,True
29,11,Justina Machado,0.5314632661135636,0.1983438418040977,0.19840511749105086,0.33305814380036614,4.0,4,4,True
29,11,Kaitlyn Bristowe,0.4727250354711662,0.2934156791087319,0.1396668868486534,0.33305814380036614,2.0,4,4,True
29,11,Nelly,0.4648490225581811,0.30923362413801136,0.464023453932012,0.0008255685989016145,1.0,4,4,True
29,11,Nev Schulman,0.5309626903507971,0.19900685494915904,0.19790454172828426,0.33305814380036614,3.0,4,4,True
30,2,Amanda Kloots,0.9886964413815167,0.00015027589769505738,0.008130833833756628,0.9805655830799377,15.0,15,1,False
30,2,Brian Austin Green,0.04388172356206445,0.08173501000167191,0.04388172356206445,1.5325084852705128e-18,6.0,15,1,False
30,2,Christine Chiu,0.01367321473224895,0.09997023462552408,0.013673214732248723,2.274444256505013e-16,3.0,15,1,False
30,2,Cody Rigsby,0.1202466418118927,0.04912573215865663,0.12024664181189247,2.274444256505013e-16,12.0,15,1,False
30,2,Iman Shumpert,0.0943832838246751,0.058370192705202974,0.09438328382461945,5.565381599514698e-14,7.0,15,1,False
30,2,Jimmie Allen,0.12228203197511621,0.04846363419664326,0.12228202648120688,5.4939093556519286e-09,13.0,15,1,False
30,2,JoJo Siwa,0.11200481049578681,0.05190050478221296,0.094045124499612,0.017959685126413213,10.0,15,1,False
30,2,Kenya Moore,0.014055648138773736,0.09971567954877077,0.014055648138773509,2.274444256505013e-16,4.0,15,1,False
30,2,Martin Kove,0.004889501018185952,0.10599909744041497,0.004889501018185952,5.711127607870836e-24,1.0,15,1,True
30,2,Matt James,0.10146057974774814,0.05568013206232426,0.10146057974774814,1.2579595690454328e-19,8.0,15,1,False
30,2,Melanie C,0.015726647873810173,0.09861101147895569,0.014252427102467657,0.0014742207288872843,5.0,15,1,False
30,2,Melora Hardin,0.11947835528683738,0.04937799522856627,0.11947834979292805,5.4939093556519286e-09,11.0,15,1,False
30,2,"Mike ""The Miz"" Mizanin",0.011387518603996869,0.10150524399514094,0.011387518566979199,3.7017670056162485e-11,2.0,15,1,False
30,2,Olivia Jade,0.10787136391784721,0.053350578794653075,0.10787135842393789,5.4939093556519286e-09,9.0,15,1,False
30,2,Suni Lee,0.12996226300956532,0.04604467708356709,0.12996176846357893,4.945459598208848e-07,14.0,15,1,False
30,3,Amanda Kloots,0.3704074611999592,0.011696298216206219,0.038310020241936124,0.3320974428521444,12.0,14,1,False
30,3,Brian Austin Green,0.04647909225756065,0.101371791242551,0.0464790922529485,4.6121506440286775e-12,5.0,14,1,False
30,3,Christine Chiu,0.008314025089647212,0.1307423562848253,0.008313987717003566,3.7372643755185236e-08,1.0,14,1,True
30,3,Cody Rigsby,0.1324561026175813,0.057146308244811705,0.13245610261755023,3.1076426591263137e-14,8.0,14,1,False
30,3,Iman Shumpert,0.10526162368666335,0.06850531385050283,0.1052616236820512,4.6121506440286775e-12,6.0,14,1,False
30,3,Jimmie Allen,0.13956543481325376,0.05450101048693872,0.13956543456143886,2.518148928381406e-10,11.0,14,1,False
30,3,JoJo Siwa,0.3802332587025054,0.010954683517173604,0.04813581774448232,0.3320974428521444,13.0,14,1,False
30,3,Kenya Moore,0.01173718236054265,0.12779246644826708,0.011737144987899004,3.7372643755185236e-08,2.0,14,1,False
30,3,Matt James,0.11218909024844712,0.06541347037606624,0.11218909009571366,1.527334530785835e-10,7.0,14,1,False
30,3,Melanie C,0.01573058804905084,0.1244351737637659,0.015721443264451938,9.144784414278624e-06,4.0,14,1,False
30,3,Melora Hardin,0.13837115516351478,0.05493667217657711,0.1346818858611019,0.0036892693430035936,10.0,14,1,False
30,3,"Mike ""The Miz"" Mizanin",0.01289267182378842,0.12681182936052027,0.012883527039189518,9.144784414278624e-06,3.0,14,1,False
30,3,Olivia Jade,0.38917473652239876,0.010320758249548019,0.057077295564375685,0.3320974428521444,14.0,14,1,False
30,3,Suni Lee,0.13718757174250124,0.05537186778224606,0.1371875343698576,3.7372643755185236e-08,9.0,14,1,False
30,4,Amanda Kloots,0.07733389115363407,0.08208748226237124,0.07733252388660203,1.36726705632517e-06,5.0,13,2,False
30,4,Brian Austin Green,0.04397786201846193,0.10253037160229646,0.04397786201846193,1.7315296351124622e-20,4.0,13,2,True
30,4,Cody Rigsby,0.13003626003356145,0.05776808205488279,0.13003626003356136,8.51006789670526e-17,11.0,13,2,False
30,4,Iman Shumpert,0.10735134771691959,0.06719972520749266,0.10735134767926992,3.7649680044075934e-11,7.0,13,2,False
30,4,Jimmie Allen,0.12890591160960305,0.058205046798493754,0.12890591036281693,1.2467861707597332e-09,10.0,13,2,False
30,4,JoJo Siwa,0.10406729862005329,0.06868719687094887,0.10159522182219541,0.0024720768297243944,6.0,13,2,False
30,4,Kenya Moore,0.011539212664469764,0.12728348005248036,0.011539212664469136,6.288136909446392e-16,1.0,13,2,False
30,4,Matt James,0.10768747407580796,0.06704930980602243,0.10768747407580795,1.8988528126658557e-17,8.0,13,2,True
30,4,Melanie C,0.014080764862721057,0.12514499737433732,0.014080761473604958,3.389116191950219e-09,2.0,13,2,False
30,4,Melora Hardin,1.0094766250834688,0.00016422803536146854,0.012169622539065802,0.9973069728370579,13.0,13,2,False
30,4,"Mike ""The Miz"" Mizanin",0.014732690133220844,0.12460227636533558,0.014732688886434725,1.2467861707597332e-09,3.0,13,2,False
30,4,Olivia Jade,0.1186996998709238,0.062303242894494335,0.11849677945210904,0.000202920423166099,9.0,13,2,False
30,4,Suni Lee,0.13211099182803776,0.05697456067548276,0.13209433510560087,1.6656722656350197e-05,12.0,13,2,False
30,5,Amanda Kloots,0.10269886823238657,0.09083912518242332,0.08471268610896394,0.017986182945004786,4.0,11,1,False
30,5,Cody Rigsby,0.15050091119151132,0.06604985267670306,0.1505009111914908,2.050410202467079e-14,8.0,11,1,False
30,5,Iman Shumpert,0.12039586876115246,0.08072998627158816,0.12039586876115245,1.8697320856187135e-17,5.0,11,1,False
30,5,Jimmie Allen,0.15331126150667662,0.06482388503851375,0.1533112614059037,1.0077292172916638e-10,10.0,11,1,False
30,5,JoJo Siwa,0.9942984737063013,0.00023813744239290015,0.012286142220552992,0.9820123149549516,11.0,11,1,False
30,5,Kenya Moore,0.014670946545536799,0.1633578017949148,0.01467064614568958,3.0039984590608944e-07,2.0,11,1,False
30,5,Melanie C,0.01068181522996264,0.16776045635833323,0.01068151483011542,3.0039984590608944e-07,1.0,11,1,True
30,5,Melora Hardin,0.14363664319612818,0.06914263792294187,0.14363634279628096,3.0039984590608944e-07,7.0,11,1,False
30,5,"Mike ""The Miz"" Mizanin",0.016473355821335404,0.1614066305207834,0.0164733558213149,2.050410202467079e-14,3.0,11,1,False
30,5,Olivia Jade,0.14007334994093898,0.07080480569812259,0.14007304954109176,3.0039984590608944e-07,6.0,11,1,False
30,5,Suni Lee,0.15325852157729083,0.06484668109328291,0.15325822117744362,3.0039984590608944e-07,9.0,11,1,False
30,6,Amanda Kloots,0.1005952291743352,0.12418979957847535,0.10042755413448781,0.00016767503691931753,3.0,10,1,False
30,6,Cody Rigsby,0.16147592478953446,0.08275957628231145,0.16147586854082566,5.624870851860496e-08,6.0,10,1,False
30,6,Iman Shumpert,0.5378683012951271,0.006730552416585648,0.038036058567847426,0.4998322405321563,10.0,10,1,False
30,6,Jimmie Allen,0.1676663966557165,0.07941362242370138,0.16749872161586912,0.00016767503691931753,7.0,10,1,False
30,6,JoJo Siwa,0.5352976902156296,0.006846890654611344,0.03546544748834994,0.4998322405321563,9.0,10,1,False
30,6,Kenya Moore,0.009673989574269133,0.2276826183626178,0.009673989574222362,4.6772416545705524e-14,1.0,10,1,True
30,6,Melora Hardin,0.15333312377074593,0.08737638687932496,0.1533331236861794,8.456651294124214e-11,5.0,10,1,False
30,6,"Mike ""The Miz"" Mizanin",0.01818253981478856,0.2151270892311671,0.01818253978367828,3.11102815226417e-11,2.0,10,1,False
30,6,Olivia Jade,0.14737759355027957,0.0909153276477501,0.14737753730157077,5.624870851860496e-08,4.0,10,1,False
30,6,Suni Lee,0.168529215555678,0.07895813652345489,0.1685291593069692,5.624870851860496e-08,8.0,10,1,False
30,7,Amanda Kloots,0.09433244631051195,0.14475139680320276,0.09433244603697606,2.7353587615831264e-10,2.0,9,1,False
30,7,Cody Rigsby,0.15716968354024619,0.09521170170421414,0.15716886814129782,8.153989547765792e-07,6.0,9,1,False
30,7,Iman Shumpert,0.12998411166424662,0.11413021086440868,0.1299841104383439,1.225902746524056e-09,3.0,9,1,False
30,7,Jimmie Allen,0.16634407636868564,0.08956281587496077,0.16544988283115236,0.0008941935311559038,8.0,9,1,False
30,7,JoJo Siwa,0.13543079306188044,0.110060342969015,0.1174704365134519,0.017960357186507465,4.0,9,1,False
30,7,Melora Hardin,0.15267889008084407,0.09810530811839877,0.15213653426310142,0.0005423557923627596,5.0,9,1,False
30,7,"Mike ""The Miz"" Mizanin",0.009860748119890163,0.2542104381793812,0.00986074811964073,2.4943243240091885e-13,1.0,9,1,True
30,7,Olivia Jade,0.9944836584991289,0.0003584413197348788,0.013881394094832064,0.9806022763177951,9.0,9,1,False
30,7,Suni Lee,0.1597155798347396,0.09360934416668396,0.15971557956120372,2.7353587615831264e-10,7.0,9,1,False
30,8,Amanda Kloots,0.3761010768914603,0.04216764889640529,0.0482104721570395,0.3278906144087204,6.0,8,2,False
30,8,Cody Rigsby,0.16496009728221725,0.17230391132477246,0.16495677571957276,3.3215626140728696e-06,4.0,8,2,False
30,8,Iman Shumpert,0.14538380729913966,0.19632440995956574,0.14538378491862622,2.238051284776677e-08,1.0,8,2,False
30,8,Jimmie Allen,0.1782366738530052,0.15770864842651186,0.17823667376154118,9.146404068443133e-11,5.0,8,2,True
30,8,JoJo Siwa,0.15099100183688832,0.1891210236513601,0.13466628987335397,0.01632471243674788,2.0,8,2,False
30,8,Melora Hardin,0.406911205151389,0.03433799469453386,0.07902060041696825,0.3278906144087204,7.0,8,2,False
30,8,Olivia Jade,0.1621537667885768,0.1755578667974305,0.16215366648607626,1.0030249981839698e-07,3.0,8,2,True
30,8,Suni Lee,0.4152623414012423,0.032478496249420286,0.08737173666682153,0.3278906144087204,8.0,8,2,False
30,9,Amanda Kloots,0.22411277790044015,0.19192052277711136,0.10495329548094934,0.11915947970478596,3.0,6,2,False
30,9,Cody Rigsby,0.22570331475068806,0.18989622969451464,0.22570258260955633,7.321411472183079e-07,4.0,6,2,False
30,9,Iman Shumpert,0.18850025962306158,0.24334936600023135,0.18832111058723153,0.0001791490320029908,1.0,6,2,False
30,9,JoJo Siwa,0.9041034076659864,0.002062276515751549,0.023627350136536884,0.8804760802580517,6.0,6,2,False
30,9,Melora Hardin,0.21949293417868238,0.1979234422468607,0.21948752434685365,5.409832009131521e-06,2.0,6,2,True
30,9,Suni Lee,0.23808728587470188,0.1748481627655304,0.23790813683887183,0.0001791490320029908,5.0,6,2,True
30,10,Amanda Kloots,0.2989739385361968,0.6418825158318496,0.28990073138132677,0.009073206793870135,1.0,4,4,True
30,10,Cody Rigsby,0.4733941320344437,0.20065840803238258,0.4732279504576562,0.00016618157919933503,2.0,4,4,True
30,10,Iman Shumpert,0.6188364227544758,0.07609546940527528,0.1234561105501148,0.49538030581346526,4.0,4,4,True
30,10,JoJo Siwa,0.6087955198152628,0.08136360673049253,0.11341520761090185,0.49538030581346526,3.0,4,4,True
31,1,Charli D'Amelio,1.004583357189385,0.00012211902479429939,0.0047180636865773624,0.9998653137824656,16.0,16,1,False
31,1,Cheryl Ladd,0.00787659668812033,0.09387392324197896,0.007876596688120328,9.478082914408377e-19,2.0,16,1,False
31,1,Daniel Durant,0.12383277258094352,0.04333286990690744,0.12383266006092356,1.1252001778223661e-07,14.0,16,1,False
31,1,Gabby Windey,0.08728106874433754,0.05528985804320875,0.08727734259320234,3.7261512432588607e-06,9.0,16,1,False
31,1,Heidi D'Amelio,0.09282036664496317,0.05328531835260555,0.09282036664454385,4.193230811905205e-13,10.0,16,1,False
31,1,Jason Lewis,0.0074940863248195416,0.09411361371561522,0.0074940863248195416,9.60138670585394e-24,1.0,16,1,True
31,1,Jessie James Decker,0.01948618234241544,0.08688239323050174,0.01948618234241544,1.7359714401778506e-20,5.0,16,1,False
31,1,Jordin Sparks,0.02539363377150156,0.08352720545894582,0.025393631710625645,2.060876013453394e-09,6.0,16,1,False
31,1,Joseph Baena,0.11844067716868015,0.044918905768977314,0.11844067716867548,4.6582586573505905e-15,13.0,16,1,False
31,1,Sam Champion,0.010645162066249096,0.09215717445685428,0.010645162066249096,1.7359714401778506e-20,3.0,16,1,False
31,1,Selma Blair,0.07318917317046697,0.060735930782663095,0.07318544701933177,3.7261512432588607e-06,8.0,16,1,False
31,1,Shangela,0.11186511830852933,0.04693181619254399,0.11186139215739413,3.7261512432588607e-06,12.0,16,1,False
31,1,Teresa Giudice,0.011264976413098676,0.09177715787071178,0.011264976413098676,1.7359714401778506e-20,4.0,16,1,False
31,1,Trevor Donovan,0.09757153830475902,0.05162398357403717,0.09757153830475902,9.478082914408377e-19,11.0,16,1,False
31,1,Vinny Guadagnino,0.13842816074658398,0.03931510827601362,0.13842816074658398,7.8812981453754085e-25,15.0,16,1,False
31,1,Wayne Brady,0.06982710925613772,0.06211262210364093,0.06970371607268006,0.00012339318248696045,7.0,16,1,False
31,2,Charli D'Amelio,0.3575878732584643,0.011528444236401838,0.024262904443614442,0.33332498226556995,13.0,15,1,False
31,2,Cheryl Ladd,0.008748375486591168,0.11796807596515112,0.008748375486591168,1.2913001908790166e-21,2.0,15,1,False
31,2,Daniel Durant,0.14019660782832172,0.04911146429532143,0.1401965058634354,1.0196488555626778e-07,12.0,15,1,False
31,2,Gabby Windey,0.37895452990419076,0.00999787945236265,0.0456295610893409,0.33332498226556995,15.0,15,1,False
31,2,Heidi D'Amelio,0.10073390235296224,0.06389091649610902,0.10073390193625507,4.167071820176124e-10,7.0,15,1,False
31,2,Jessie James Decker,0.022202288257276936,0.10784783445353867,0.022202288257276808,1.2747169394896435e-16,4.0,15,1,False
31,2,Jordin Sparks,0.029626296322633652,0.10264001908897392,0.029626296320930664,1.702987009672426e-12,5.0,15,1,False
31,2,Joseph Baena,0.13540197668628492,0.05070663165225205,0.13540197668628492,5.209476780432603e-19,10.0,15,1,False
31,2,Sam Champion,0.011932170020741874,0.11549055460427411,0.011932170020734914,6.9597186712046e-15,3.0,15,1,False
31,2,Selma Blair,0.08583690480983187,0.07056191253171969,0.0858369043931247,4.167071820176124e-10,6.0,15,1,False
31,2,Shangela,0.1193929628984321,0.05641772952855788,0.11939296248172493,4.167071820176124e-10,9.0,15,1,False
31,2,Teresa Giudice,0.006875647422833265,0.11945012245790357,0.006875647422833265,1.5731256776838862e-20,1.0,15,1,True
31,2,Trevor Donovan,0.10103103292144426,0.06376448213356935,0.10100608293700845,2.4949984869863263e-05,8.0,15,1,False
31,2,Vinny Guadagnino,0.13915441629914618,0.04945387612738861,0.13915441629744318,1.702987009672426e-12,11.0,15,1,False
31,2,Wayne Brady,0.36232497517825085,0.011170056976476106,0.029000006363400988,0.33332498226556995,14.0,15,1,False
31,3,Charli D'Amelio,0.35630418879653347,0.013203310939012286,0.026329358645929245,0.3299748230128774,12.0,14,1,False
31,3,Cheryl Ladd,0.005049205576827998,0.13729989046355348,0.005049205576827994,3.810623227603916e-18,1.0,14,1,True
31,3,Daniel Durant,0.14088795152238903,0.05551070446219292,0.14077725730058605,0.00011069422126956609,10.0,14,1,False
31,3,Gabby Windey,0.3781680830606404,0.011412489567130731,0.04819325291003616,0.3299748230128774,14.0,14,1,False
31,3,Heidi D'Amelio,0.10715344152852571,0.06951013773610873,0.09718906484052217,0.009964376250231544,7.0,14,1,False
31,3,Jessie James Decker,0.021875309635272556,0.1227308182827606,0.021875309635261197,1.1359307745932625e-14,3.0,14,1,False
31,3,Jordin Sparks,0.02665611345069459,0.1188808180782205,0.02665611040256884,3.048125817299111e-09,4.0,14,1,False
31,3,Joseph Baena,0.1381295089775048,0.056540969106611334,0.13812950395199503,5.0255098707512574e-09,9.0,14,1,False
31,3,Sam Champion,0.009874297153393965,0.1329536056686274,0.009874297153393838,1.2619051042639455e-16,2.0,14,1,False
31,3,Selma Blair,0.08764293018546161,0.07916566517141731,0.08764293015159999,3.386161915250283e-11,5.0,14,1,False
31,3,Shangela,0.11870662940885122,0.06435736348096649,0.11870617702686868,4.5238198188748435e-07,8.0,14,1,False
31,3,Trevor Donovan,0.10289806064623325,0.07151032282986901,0.10289806064585708,3.761686099444333e-13,6.0,14,1,False
31,3,Vinny Guadagnino,0.14437115186733496,0.05423652311494601,0.14437115186733496,3.1279500239406426e-19,11.0,14,1,False
31,3,Wayne Brady,0.36228315004182293,0.012687381098583191,0.0323083198912187,0.3299748230128774,13.0,14,1,False
31,4,Charli D'Amelio,0.35994407280209717,0.014895723159897541,0.026733604509860814,0.33321045575661873,11.0,13,1,False
31,4,Daniel Durant,0.14116553227194562,0.06404575431052927,0.1411655322718942,5.1408082416198625e-14,9.0,13,1,False
31,4,Gabby Windey,0.378445888885101,0.013167197448184474,0.0452354205928647,0.33321045575661873,13.0,13,1,False
31,4,Heidi D'Amelio,0.09938387287476386,0.0846175874948163,0.0991995793731027,0.00018429349504882206,5.0,13,1,False
31,4,Jessie James Decker,0.02358299080792997,0.1402576865265729,0.023582990555271133,2.5265884159866285e-10,2.0,13,1,False
31,4,Jordin Sparks,0.026792766752086434,0.1372882654329042,0.026608473250425275,0.00018429349504882206,3.0,13,1,False
31,4,Joseph Baena,0.13748239864206935,0.06563781402825224,0.1374823986420678,1.5523895757280997e-15,8.0,13,1,False
31,4,Sam Champion,0.007479291720609414,0.15615347577856167,0.007479291720609413,8.586024107156386e-19,1.0,13,1,True
31,4,Selma Blair,0.08604346081685565,0.09248793609347099,0.08604343807323178,2.2743624118424577e-08,4.0,13,1,False
31,4,Shangela,0.1156490259908142,0.07592209744097728,0.11564900324719032,2.2743624118424577e-08,7.0,13,1,False
31,4,Trevor Donovan,0.10775048692878103,0.08002705043746029,0.10775048692877948,1.5523895757280997e-15,6.0,13,1,False
31,4,Vinny Guadagnino,0.14731522253659762,0.06147310757255719,0.14731522253651286,8.475759896549191e-14,10.0,13,1,False
31,4,Wayne Brady,0.368965026590426,0.014026304275815601,0.0357545582981897,0.33321045575661873,12.0,13,1,False
31,5,Charli D'Amelio,0.997729208870419,0.00020855138856743803,0.004969742699154407,0.9927594497167903,12.0,12,2,False
31,5,Daniel Durant,0.1269509530504127,0.06924275869171459,0.1269509530504127,1.1464608675209287e-17,9.0,12,2,False
31,5,Gabby Windey,0.10122021364833415,0.08220012597896097,0.09453105305175484,0.006689160555032986,6.0,12,2,False
31,5,Heidi D'Amelio,0.09163791635139848,0.08762258782880919,0.0916378914232163,2.4928181400957205e-08,5.0,12,2,False
31,5,Jessie James Decker,0.020049829608864724,0.14121629587057305,0.02004982960871156,1.5316404010976777e-13,1.0,12,2,False
31,5,Jordin Sparks,0.027701356312936257,0.13419346806569082,0.02770135631292863,7.625588536443263e-15,2.0,12,2,False
31,5,Joseph Baena,0.12795209206286295,0.06878215332119374,0.12795209206285038,1.2572470021641066e-14,10.0,12,2,True
31,5,Selma Blair,0.07378523226176335,0.09869721315826124,0.07378298829845485,2.2439633782531904e-06,4.0,12,2,True
31,5,Shangela,0.11590557858651995,0.07453392580992386,0.11590553748689847,4.109962291562946e-08,8.0,12,2,False
31,5,Trevor Donovan,0.1052381044578061,0.08002754564101881,0.10523810445594017,1.8659199936341903e-12,7.0,12,2,False
31,5,Vinny Guadagnino,0.13920719309256532,0.06381002470361635,0.13920719309256532,7.724792561881563e-20,11.0,12,2,False
31,5,Wayne Brady,0.07262233819101319,0.09946534954167013,0.07207325845711246,0.0005490797349549209,3.0,12,2,False
31,6,Charli D'Amelio,1.0059312848215995,0.00026647593066175454,0.006278899109929691,0.9996523615961234,10.0,10,1,False
31,6,Daniel Durant,0.1641831339783332,0.07290687800344886,0.16418313191789605,2.0604370862831086e-09,8.0,10,1,False
31,6,Gabby Windey,0.122302499562701,0.09638853012882384,0.12196715355754251,0.0003353460082099876,6.0,10,1,False
31,6,Heidi D'Amelio,0.11744331723980136,0.09956211903681922,0.11743717516332905,6.14207638915262e-06,4.0,10,1,False
31,6,Jessie James Decker,0.015546777389389393,0.19638794750604663,0.015546777388249798,1.1395955480961307e-12,1.0,10,1,True
31,6,Jordin Sparks,0.03527978079359022,0.1721796951904221,0.035279778733153064,2.0604370862831086e-09,2.0,10,1,False
31,6,Shangela,0.1483330325572499,0.08103250138353497,0.14832689048077757,6.14207638915262e-06,7.0,10,1,False
31,6,Trevor Donovan,0.1212956865422831,0.09703767442917906,0.12129568448184594,2.0604370862831086e-09,5.0,10,1,False
31,6,Vinny Guadagnino,0.1766191440204979,0.06710618727039136,0.1766191440204975,3.8229171731033134e-16,9.0,10,1,False
31,6,Wayne Brady,0.09306536720721642,0.11713199112067224,0.09306536514677927,2.0604370862831086e-09,3.0,10,1,False
31,7,Charli D'Amelio,0.8872947463777368,0.0007876613578161445,0.009693718889028216,0.877601053270011,9.0,9,1,False
31,7,Daniel Durant,0.1803682849592044,0.08772053703372694,0.18036630129168793,1.9836674683037527e-06,6.0,9,1,False
31,7,Gabby Windey,0.12189769284096742,0.12953615004636113,0.12189753001162985,1.6282934140598636e-07,3.0,9,1,False
31,7,Heidi D'Amelio,0.1258406737267505,0.12617545696333518,0.1258406603609043,1.3365846265240737e-08,4.0,9,1,False
31,7,Jordin Sparks,0.02266207024419825,0.25101954645769087,0.022662068435327642,1.808870590003377e-09,1.0,9,1,True
31,7,Shangela,0.15565330333636995,0.10343284792519669,0.15561346030889,3.984302617794123e-05,5.0,9,1,False
31,7,Trevor Donovan,0.22283367668444437,0.06609237827045657,0.10406328593546671,0.11877038711304658,8.0,9,1,False
31,7,Vinny Guadagnino,0.18202203852517465,0.08675872775501828,0.1820220385248066,3.680479486993088e-13,7.0,9,1,False
31,7,Wayne Brady,0.10142749114207036,0.1484766941903981,0.09784093624225862,0.003586554918869863,2.0,9,1,False
31,8,Charli D'Amelio,0.5231575672959845,0.014013358729580615,0.024178863081888477,0.4989786928021567,7.0,8,2,False
31,8,Daniel Durant,0.18455988288310235,0.13393156569337714,0.18455946796798142,4.1491511328575e-07,5.0,8,2,False
31,8,Gabby Windey,0.1336659394729395,0.18803383532781226,0.1336648116167453,1.1278562127976804e-06,2.0,8,2,False
31,8,Heidi D'Amelio,0.13356866424527658,0.18815581510317103,0.1335686640157935,2.2948306409646606e-10,1.0,8,2,True
31,8,Shangela,0.16474521010417936,0.15284537420320887,0.16270599830199478,0.0020392118701459895,4.0,8,2,False
31,8,Trevor Donovan,0.13736872528019878,0.18344899694729763,0.1373668657596186,1.8595205283308257e-06,3.0,8,2,False
31,8,Vinny Guadagnino,0.1935670781039408,0.12612594832531382,0.19356707809973767,4.203128933071112e-12,6.0,8,2,True
31,8,Wayne Brady,0.5293669553703366,0.01344510567023864,0.030388251156240515,0.4989786928021567,8.0,8,2,False
31,9,Charli D'Amelio,0.5373541609734372,0.027777823348538115,0.037456233927615115,0.49989793763593093,5.0,6,2,False
31,9,Daniel Durant,0.28801196100474025,0.14642587302079113,0.28801127566512585,6.853396198666439e-07,4.0,6,2,True
31,9,Gabby Windey,0.5633710569826613,0.023354554244258197,0.0634731299368392,0.49989793763593093,6.0,6,2,False
31,9,Shangela,0.24634351743101052,0.19331267157966509,0.2462418040110022,0.00010171341804256758,3.0,6,2,False
31,9,Trevor Donovan,0.21855752455545271,0.2326531901732579,0.21855751200301984,1.2552432993619803e-08,2.0,6,2,True
31,9,Wayne Brady,0.1463617578764057,0.37647588763348955,0.1462600444563974,0.00010171341804256758,1.0,6,2,False
31,10,Charli D'Amelio,0.5706951852785197,0.10879614541606318,0.07086285314427286,0.4998323249347668,3.0,4,4,True
31,10,Gabby Windey,0.6277766990774282,0.07436106465348362,0.12794436694318131,0.4998323249347668,4.0,4,4,True
31,10,Shangela,0.4961707922274689,0.17880667471081996,0.4960031171585177,0.00016767506523323908,2.0,4,4,True
31,10,Wayne Brady,0.30535733782297914,0.6380361152196333,0.3051896627540279,0.00016767506523323908,1.0,4,4,True
32,1,Adrian Peterson,0.015225368137584827,0.10701367571693067,0.015218364887409496,7.003250373913446e-06,4.0,14,1,False
32,1,Alyson Hannigan,0.25773844912427457,0.0212467249499179,0.25773844912416793,1.0665936134185292e-13,11.0,14,1,False
32,1,Ariana Madix,0.2760245939664176,0.018808241119543812,0.12176774348538427,0.15425685481347184,12.0,14,1,False
32,1,Barry Williams,0.023724190567898484,0.10111897769539785,0.02372418003893767,1.0528961090376315e-08,7.0,14,1,False
32,1,Charity Lawson,0.7451628097890552,0.0008242404575101782,0.053831542432182675,0.6913312602422625,14.0,14,1,False
32,1,Harry Jowsey,0.07928041116824645,0.06982017558719801,0.07928041116824114,5.310256915199536e-15,9.0,14,1,False
32,1,Jamie Lynn Spears,0.014543342944876487,0.10750135706532311,0.014543342752031844,1.9284464920486544e-10,3.0,14,1,False
32,1,Jason Mraz,0.3004195157793411,0.015985184413773626,0.14616266529830776,0.15425685481347184,13.0,14,1,False
32,1,Lele Pons,0.035570738627299016,0.09344012281656779,0.035430074590564055,0.00014066404396756636,8.0,14,1,False
32,1,Matt Walsh,0.008371667237890963,0.11201670097926772,0.008371667237885653,5.310256915199536e-15,1.0,14,1,True
32,1,Mauricio Umansky,0.020162709537219856,0.10354859582605794,0.020162709344375213,1.9284464920486544e-10,6.0,14,1,False
32,1,Mira Sorvino,0.01600692680554921,0.10645754270470201,0.01600657813424227,3.486713051632974e-07,5.0,14,1,False
32,1,Tyson Beckford,0.010530057853697783,0.11041640350656358,0.010530057853692473,5.310256915199536e-15,2.0,14,1,False
32,1,Xochitl Gomez,0.19723921690275312,0.031802057161245775,0.1972322136525778,7.003250373913446e-06,10.0,14,1,False
32,2,Adrian Peterson,0.016711744876550534,0.1180107759034641,0.016711744875980858,5.696756764361716e-13,4.0,13,1,False
32,2,Alyson Hannigan,0.25369370985415185,0.024310203880719,0.25369302475975997,6.850944090666072e-07,10.0,13,1,False
32,2,Ariana Madix,0.16933359175555202,0.042661503760591045,0.16932524559734125,8.346158500965658e-06,9.0,13,1,False
32,2,Barry Williams,0.020808934996283154,0.11483098374428258,0.020808934995713478,5.696756764361716e-13,6.0,13,1,False
32,2,Charity Lawson,0.2563241163738601,0.023887615184930298,0.2560477295487251,0.0002763868108783597,11.0,13,1,False
32,2,Harry Jowsey,0.07679603329308113,0.07906055032802274,0.07679603329251146,5.696756764361716e-13,8.0,13,1,False
32,2,Jamie Lynn Spears,0.008715356498782714,0.12447254846853723,0.008715356479917646,1.886506749505759e-11,1.0,13,1,True
32,2,Jason Mraz,0.5648750232468921,0.003053700352902051,0.06515593993771854,0.49971907686432077,13.0,13,1,False
32,2,Lele Pons,0.03208963031142133,0.10651189885850172,0.03181324348628635,0.0002763868108783597,7.0,13,1,False
32,2,Mauricio Umansky,0.01897932361048353,0.11624020117562071,0.01897932361048301,5.194769755572148e-16,5.0,13,1,False
32,2,Mira Sorvino,0.014447607989831343,0.1198055710382276,0.014447587301772077,2.0688058551071054e-08,3.0,13,1,False
32,2,Tyson Beckford,0.009340262663820932,0.12395506938377432,0.009340241975761667,2.0688058551071054e-08,2.0,13,1,False
32,2,Xochitl Gomez,0.5578846774472024,0.0031993779204267,0.058165594138028756,0.49971907686432077,12.0,13,1,False
32,3,Adrian Peterson,0.015907837444091882,0.13629975835629665,0.01590783744408811,3.771524243171057e-15,3.0,12,1,False
32,3,Alyson Hannigan,0.2563357000219899,0.027440064368170987,0.25633570001785394,4.1359785428781776e-12,10.0,12,1,False
32,3,Ariana Madix,0.5437094409882316,0.0040397354568801015,0.05270255998962019,0.4910068664667835,11.0,12,1,False
32,3,Barry Williams,0.022488692618780906,0.13044924161883437,0.022488692481816105,1.3696479873886453e-10,5.0,12,1,False
32,3,Charity Lawson,0.25473399657008955,0.02773463995042862,0.2457408924698622,0.00899310445809453,9.0,12,1,False
32,3,Harry Jowsey,0.07587832308075286,0.09138243915727975,0.07587832307824426,2.5085977941691978e-12,7.0,12,1,False
32,3,Jason Mraz,0.5621463602915728,0.0035725027961301128,0.07113947929296144,0.4910068664667835,12.0,12,1,False
32,3,Lele Pons,0.031569331817758665,0.1227864421076881,0.031569276562214525,5.525554350619541e-08,6.0,12,1,False
32,3,Mauricio Umansky,0.0186446809684178,0.13383543421269656,0.01864468096834205,7.575308944290968e-14,4.0,12,1,False
32,3,Mira Sorvino,0.01573560964655586,0.13645634561593264,0.01573560689554444,2.7510115222464316e-09,2.0,12,1,False
32,3,Tyson Beckford,0.00657281524815563,0.14505167338747382,0.006572815248155605,2.541233045625251e-17,1.0,12,1,True
32,3,Xochitl Gomez,0.19627723965152466,0.04095172297218823,0.1872841355512973,0.00899310445809453,8.0,12,1,False
32,4,Adrian Peterson,0.009579115664485657,0.15443401598974194,0.009579074841421616,4.082306289836422e-08,1.0,11,1,True
32,4,Alyson Hannigan,0.23677448040267363,0.0339582272587372,0.23677448040082028,1.8533641882752367e-12,9.0,11,1,False
32,4,Ariana Madix,0.16711788079960965,0.05402832736785596,0.15616353056653165,0.010954349925618037,7.0,11,1,False
32,4,Barry Williams,0.020531031313995085,0.14356015603029024,0.02053103131214172,1.8533641882752367e-12,4.0,11,1,False
32,4,Charity Lawson,0.23944103418416535,0.03335988512565358,0.23795852417624747,0.0014825100498564842,10.0,11,1,False
32,4,Harry Jowsey,0.07036672307924016,0.10297808597217514,0.07036668225617612,4.082306289836422e-08,6.0,11,1,False
32,4,Jason Mraz,0.19193248796184767,0.04579055171888859,0.1904499779539298,0.0014825100498564842,8.0,11,1,False
32,4,Lele Pons,0.030330465878246636,0.13448122381141606,0.030329114004071366,1.3518741782174548e-06,5.0,11,1,False
32,4,Mauricio Umansky,0.016892542578046725,0.14708501379017644,0.01689254251667173,6.137499273878936e-11,3.0,11,1,False
32,4,Mira Sorvino,0.013829464717009276,0.15011944298426,0.013829423893945236,4.082306289836422e-08,2.0,11,1,False
32,4,Xochitl Gomez,1.0032047744768162,0.00020506995080490033,0.017125618078043116,0.9860791555662203,11.0,11,1,False
32,5,Alyson Hannigan,0.2817073605665904,0.032941798099118076,0.2817073600042616,5.623287777692353e-10,8.0,10,1,False
32,5,Ariana Madix,0.19487677050759455,0.058768906308102616,0.1948722139104896,4.5565972811550014e-06,6.0,10,1,False
32,5,Barry Williams,0.02335378650529466,0.18439855424460314,0.023349229908189696,4.5565972811550014e-06,3.0,10,1,False
32,5,Charity Lawson,0.5461824668700943,0.00564954457098607,0.09637446535184482,0.44980801379475094,10.0,10,1,False
32,5,Harry Jowsey,0.08440455368588339,0.1227431985566524,0.08440455367558397,1.029941083036457e-11,5.0,10,1,False
32,5,Jason Mraz,0.2776672113828293,0.03384112024148029,0.17730147579237138,0.10036573415406991,7.0,10,1,False
32,5,Lele Pons,0.036969920204653846,0.16839716152387868,0.03696536360754888,4.5565972811550014e-06,4.0,10,1,False
32,5,Mauricio Umansky,0.022938596622166012,0.18490966403824063,0.022934040025061046,4.5565972811550014e-06,2.0,10,1,False
32,5,Mira Sorvino,0.009892198039624347,0.20171249548298087,0.00989218674494893,1.129467542885497e-08,1.0,10,1,True
32,5,Xochitl Gomez,0.5220071124979498,0.006637556933957251,0.07219911097970036,0.44980801379475094,9.0,10,1,False
32,6,Alyson Hannigan,0.25002723965015483,0.046985326616159555,0.2500272396169062,3.3248606077805376e-11,6.0,9,1,False
32,6,Ariana Madix,0.25147282345798316,0.046534693348679844,0.13227947069909873,0.1191933550442934,8.0,9,1,False
32,6,Barry Williams,0.02546486905826479,0.2099601653515272,0.02546486903809849,2.0166298978896767e-11,2.0,9,1,False
32,6,Charity Lawson,0.2504761988850748,0.04684490688816622,0.2504672770440026,8.921840735519748e-06,7.0,9,1,False
32,6,Harry Jowsey,0.07290448030982047,0.1530330251741823,0.07290448030977048,4.9987257489244925e-14,4.0,9,1,False
32,6,Jason Mraz,0.20358348690997227,0.06403695711235488,0.20351756292866194,6.592398170048012e-05,5.0,9,1,False
32,6,Lele Pons,0.030593805619740025,0.2029023671832652,0.030588394249955755,5.41136994716584e-06,3.0,9,1,False
32,6,Mauricio Umansky,0.012379783535031655,0.22909842790992035,0.012379782867215574,6.678161050202817e-10,1.0,9,1,True
32,6,Xochitl Gomez,0.9030973202837959,0.0006041304157443421,0.0223709232462897,0.8807263870420425,9.0,9,1,False
32,7,Alyson Hannigan,0.26431367514451687,0.0653669619419607,0.26429266088380665,2.1014260999159214e-05,5.0,8,1,False
32,7,Ariana Madix,0.5219752190964565,0.011731450770801467,0.05910530671051591,0.4628699011011212,7.0,8,1,False
32,7,Barry Williams,0.024319601749608673,0.3237518900660247,0.02431959915624293,2.5933658329325893e-09,1.0,8,1,False
32,7,Charity Lawson,0.2770740715550999,0.06003619632051076,0.26859631387021343,0.008477757961032239,6.0,8,1,False
32,7,Harry Jowsey,0.08246465379244446,0.21971775057934426,0.0824646528383985,9.54045973372353e-10,3.0,8,1,False
32,7,Jason Mraz,0.2218457856029427,0.08675917920143834,0.2187269928213364,0.0031187928610912864,4.0,8,1,False
32,7,Lele Pons,0.08141497265268047,0.22126070015873828,0.018772346188313548,0.06264262916722314,2.0,8,1,True
32,7,Xochitl Gomez,0.5265920399171129,0.011375870961181464,0.06372212753117235,0.4628699011011212,8.0,8,1,False
32,8,Alyson Hannigan,0.2625930366170656,0.07920265350560782,0.26258999355261275,3.0430645500978514e-06,4.0,7,1,False
32,8,Ariana Madix,0.8429248390164953,0.0016538917043451061,0.026357179638443477,0.8165676840811231,7.0,7,1,False
32,8,Barry Williams,0.01429401400725421,0.4146092952350689,0.014293335007784227,6.789994804053432e-07,1.0,7,1,True
32,8,Charity Lawson,0.270226475782106,0.07527290236462093,0.2689988159103043,0.001227659859966489,5.0,7,1,False
32,8,Harry Jowsey,0.08070127525041716,0.2662994811794691,0.08070127511226224,1.3815491683715003e-10,2.0,7,1,False
32,8,Jason Mraz,0.22088303916172217,0.1045929815952692,0.2208829834260501,5.5735671414700596e-08,3.0,7,1,False
32,8,Xochitl Gomez,0.3083772962111081,0.05836879441561889,0.12617641735254181,0.18220087812105346,6.0,7,1,False
32,9,Alyson Hannigan,0.2704516024658407,0.10887681779893173,0.27045149533184126,1.071339999351587e-07,4.0,6,1,False
32,9,Ariana Madix,0.19130007088211853,0.1845451240658249,0.1912288116011608,7.125928367144602e-05,2.0,6,1,False
32,9,Charity Lawson,0.2817749886441486,0.10096035247752864,0.28124844982693664,0.0005265388446179275,5.0,6,1,False
32,9,Harry Jowsey,0.05436124688672571,0.4598128237401521,0.054361232387715716,1.4499010225495948e-08,1.0,6,1,True
32,9,Jason Mraz,0.9744391234294021,0.0009969715864013443,0.02243457154188991,0.9520045639279034,6.0,6,1,False
32,9,Xochitl Gomez,0.22767295597829929,0.1448079103311613,0.18027543931045642,0.04739751631079703,3.0,6,1,False
32,11,Alyson Hannigan,0.3286044784938671,0.2517276598317075,0.32851487934683554,8.95991437168287e-05,2.0,5,5,True
32,11,Ariana Madix,0.2596901272121063,0.3985276164008369,0.20009400590091858,0.05959612077118793,1.0,5,5,True
32,11,Charity Lawson,0.34944783896634046,0.21907016172494542,0.2898517176551527,0.05959612077118793,3.0,5,5,True
32,11,Jason Mraz,0.5390025002014845,0.06191077961168954,0.09864341440322097,0.4403590796569537,5.0,5,5,True
32,11,Xochitl Gomez,0.5232550684921359,0.06876378243082064,0.0828959826938723,0.4403590796569537,4.0,5,5,True
33,2,Anna Delvey,0.05852429634765928,0.08619788148436516,0.05852429634724032,4.1895323484422865e-13,8.0,13,2,True
33,2,Brooks Nader,0.012836337981013857,0.11688984431564764,0.012836296623721155,4.135729159510024e-08,1.0,13,2,False
33,2,Chandler Kinney,1.012252823569454,0.00014933777671970102,0.013269380786098108,0.998983424495483,13.0,13,2,False
33,2,Danny Amendola,0.2083696089391656,0.03174314669807257,0.2083658860744895,3.7228647477501054e-06,10.0,13,2,False
33,2,Dwight Howard,0.03054462577929449,0.10387380384127907,0.03020950416466881,0.0003351216048123053,6.0,13,2,False
33,2,Eric Roberts,0.02073383686532409,0.11089479922388139,0.02073383686531144,1.2651291468611819e-14,4.0,13,2,False
33,2,Ilona Maher,0.21233089718603543,0.03091582725587949,0.21232717432135934,3.7228647477501054e-06,11.0,13,2,False
33,2,Jenn Tran,0.02717676239481319,0.10623240141087861,0.027176761935375174,4.5943800916104617e-10,5.0,13,2,False
33,2,Joey Graziadei,0.12691252616457477,0.05463769714982644,0.1265774045499491,0.0003351216048123053,9.0,13,2,False
33,2,Phaedra Parks,0.014804730192374521,0.11536596443369282,0.014801007327698429,3.7228647477501054e-06,2.0,13,2,False
33,2,Reginald VelJohnson,0.01812793273935889,0.11283817259450604,0.01812793273934624,1.2651291468611819e-14,3.0,13,2,False
33,2,Stephen Nedoroscik,0.22345458889453515,0.028706119326069396,0.22311946727990947,0.0003351216048123053,12.0,13,2,False
33,2,Tori Spelling,0.03393105126349613,0.10155500448918155,0.0339310509848329,2.7866323879350823e-10,7.0,13,2,True
33,3,Brooks Nader,0.014886663682573065,0.1557608289267587,0.014886440055575257,2.236269978592214e-07,1.0,11,2,False
33,3,Chandler Kinney,0.3567339098817724,0.015948105448894034,0.08779912356203973,0.268934785680407,10.0,11,2,False
33,3,Danny Amendola,0.2425123606000696,0.03415185954328888,0.24251233033544678,3.0264623094631105e-08,7.0,11,2,False
33,3,Dwight Howard,0.03946522915640377,0.1322196532939592,0.039465229156290985,1.127857536573724e-13,6.0,11,2,False
33,3,Eric Roberts,0.020470575086472157,0.15006906280622836,0.020470575086471397,7.599444303952853e-16,3.0,11,2,True
33,3,Ilona Maher,0.24864818901287283,0.03278304673726517,0.24864818898527508,2.7597763994298818e-11,8.0,11,2,False
33,3,Jenn Tran,0.02958084448604774,0.14122586349500255,0.029568634865284424,1.2209620380579395e-05,5.0,11,2,False
33,3,Joey Graziadei,0.7594805352040211,0.0010880232736136155,0.02843999784669085,0.7310405409555782,11.0,11,2,False
33,3,Phaedra Parks,0.015931553452229977,0.15467957994126982,0.015931553248308555,2.0392142635892237e-10,2.0,11,2,False
33,3,Reginald VelJohnson,0.02058799657909416,0.14995163321907573,0.020587996579094145,1.391886776262483e-17,4.0,11,2,True
33,3,Stephen Nedoroscik,0.2517021399002861,0.032122343314644114,0.2516899302795228,1.2209620380579395e-05,9.0,11,2,False
33,4,Brooks Nader,0.011436591075146843,0.23350121241336438,0.011436556947239232,3.4127906213502016e-08,1.0,9,1,True
33,4,Chandler Kinney,0.1902742626126434,0.07087630154717582,0.1902742284847358,3.4127906213502016e-08,5.0,9,1,False
33,4,Danny Amendola,0.5762707692804497,0.00540663055776603,0.07627237860585866,0.4999983786316574,9.0,9,1,False
33,4,Dwight Howard,0.046163493886973925,0.18524413134620113,0.04616349388603416,9.397613608610196e-13,4.0,9,1,False
33,4,Ilona Maher,0.283594542040672,0.03804618930701122,0.2835945079127644,3.4127906213502016e-08,6.0,9,1,False
33,4,Jenn Tran,0.02936180824992597,0.20720027168635835,0.029361774122018357,3.4127906213502016e-08,3.0,9,1,False
33,4,Joey Graziadei,0.5490701003197613,0.006481577191377503,0.0490717096451703,0.4999983786316574,8.0,9,1,False
33,4,Phaedra Parks,0.02232542307974501,0.2171514542799412,0.0223253889518374,3.4127906213502016e-08,2.0,9,1,False
33,4,Stephen Nedoroscik,0.2915030335405473,0.03609223167080422,0.2914999614443414,3.072096214632705e-06,7.0,9,1,False
33,5,Chandler Kinney,1.0022370011061952,0.00036688430978620086,0.016609588310174755,0.9856273970464363,8.0,8,1,False
33,5,Danny Amendola,0.24407332402323445,0.057496024200439304,0.2435281889060985,0.000545135108095877,5.0,8,1,False
33,5,Dwight Howard,0.040309651063415414,0.22366296259119378,0.04030961025905641,4.0804360377005856e-08,3.0,8,1,False
33,5,Ilona Maher,0.25410894715838617,0.053775159802566065,0.24746784187533444,0.0066411051621454555,6.0,8,1,False
33,5,Jenn Tran,0.028798132361397766,0.24150344680730274,0.028252997244261824,0.000545135108095877,2.0,8,1,False
33,5,Joey Graziadei,0.16054836892740443,0.10033843631248363,0.1539072636443527,0.0066411051621454555,4.0,8,1,False
33,5,Phaedra Parks,0.011785773102511589,0.27050740519867766,0.011785732298152586,4.0804360377005856e-08,1.0,8,1,True
33,5,Stephen Nedoroscik,0.2581388182669278,0.052349680777550534,0.2581387774625688,4.0804360377005856e-08,7.0,8,1,False
33,6,Chandler Kinney,0.32775199326628823,0.0706077219153459,0.10325734230631967,0.2244946559826064,6.0,7,1,False
33,6,Danny Amendola,0.259915795810603,0.11098342107371817,0.2598701182472819,4.5677561504386576e-05,3.0,7,1,False
33,6,Dwight Howard,0.12005006631600401,0.28197517272821276,0.037463099861021254,0.08258696858885643,2.0,7,1,False
33,6,Ilona Maher,0.26770998765351284,0.10536384508569997,0.2677096798805342,3.0777298846402333e-07,4.0,7,1,False
33,6,Jenn Tran,0.09899658300022243,0.3244643220137191,0.016409616545239678,0.08258696858885643,1.0,7,1,True
33,6,Joey Graziadei,0.6473329207396734,0.008386304827011136,0.03709317655327206,0.6102397439436836,7.0,7,1,False
33,6,Stephen Nedoroscik,0.27824264416965305,0.09821921235629293,0.278196966606332,4.5677561504386576e-05,5.0,7,1,False
33,7,Chandler Kinney,1.00506300178636,0.0007434071218229904,0.01861578670609872,0.9864472010459637,6.0,6,1,False
33,7,Danny Amendola,0.255621064794852,0.10992168292909037,0.25559390154232653,2.7163253387802034e-05,3.0,6,1,False
33,7,Dwight Howard,0.028938037296613307,0.49819338361942966,0.02893773554011263,3.0175648785249137e-07,1.0,6,1,True
33,7,Ilona Maher,0.2624254206324818,0.10504677914339143,0.2623036833769416,0.0001217372558229358,4.0,6,1,False
33,7,Joey Graziadei,0.17497173862487292,0.18818590174383848,0.16401329988569235,0.010958438541578424,2.0,6,1,False
33,7,Stephen Nedoroscik,0.2729807510318203,0.09790884544242708,0.27053559294882845,0.0024451581467591194,5.0,6,1,False
33,9,Chandler Kinney,0.8477780942258045,0.005859310691567043,0.02712090056506839,0.8206571671594,5.0,5,5,True
33,9,Danny Amendola,0.28376470667959675,0.2516706322024673,0.28359772890931945,0.0001669777753188187,2.0,5,5,True
33,9,Ilona Maher,0.287621000891464,0.24528298614275768,0.2868726584062969,0.0007483424706357149,3.0,5,5,True
33,9,Joey Graziadei,0.25223556290734206,0.31054086697134015,0.14117169509995375,0.11106387015767362,1.0,5,5,True
33,9,Stephen Nedoroscik,0.3286006591754858,0.18664620399186785,0.2612370170193617,0.06736364243697204,4.0,5,5,True
34,2,Alix Earle,0.2064384761782111,0.03391374835911408,0.20458407998585415,0.0018543961602128396,10.0,14,2,False
34,2,Andy Richter,0.01164209219508304,0.12427079912780535,0.011642092194565763,5.172778920452367e-13,1.0,14,2,False
34,2,Baron Davis,0.03194464664445448,0.10853933972531213,0.03194464651788076,1.2657372692211176e-10,7.0,14,2,True
34,2,Corey Feldman,0.024750415092195315,0.11387191100943601,0.02475041509212531,7.000595003198006e-14,5.0,14,2,True
34,2,Danielle Fishel,0.025845511772008292,0.11304359994632131,0.025845492986802013,1.8785206671897456e-08,6.0,14,2,False
34,2,Dylan Efron,0.2034892084302604,0.03458715164890619,0.2034846118417639,4.596588518529313e-06,9.0,14,2,False
34,2,Elaine Hendrix,0.2375096905763825,0.02756864453028225,0.23565529438402555,0.0018543961602128396,11.0,14,2,False
34,2,Hilaria Baldwin,0.017686893068568552,0.11936241580267894,0.015832496876211608,0.0018543961602128396,4.0,14,2,False
34,2,Jen Affleck,0.2860986689286408,0.019940493965451205,0.010881880875128175,0.2752167923648753,12.0,14,2,False
34,2,Jordan Chiles,0.38822135198070573,0.010093934004486478,0.11300456392719317,0.2752167923648753,14.0,14,2,False
34,2,Lauren Jauregui,0.015198800279314502,0.12135882598187286,0.013344404086957558,0.0018543961602128396,2.0,14,2,False
34,2,Robert Irwin,0.3576716915399071,0.012374019249421204,0.08245490348639453,0.2752167923648753,13.0,14,2,False
34,2,Scott Hoying,0.01745963856432621,0.11954339050330504,0.017459638437752487,1.2657372692211176e-10,3.0,14,2,False
34,2,Whitney Leavitt,0.17604290636079628,0.04153172614560688,0.00911547930734473,0.16692742263706267,8.0,14,2,False
34,3,Alix Earle,0.20545273853796855,0.03956867234620183,0.19994824912729994,0.00550448921854225,8.0,12,1,False
34,3,Andy Richter,0.015090558680103906,0.14076881036025393,0.015090558675930094,4.17381221243862e-12,2.0,12,1,False
34,3,Danielle Fishel,0.026864482617589377,0.13014198875492464,0.026864070596509013,4.1202109060500645e-07,6.0,12,1,False
34,3,Dylan Efron,0.21107294611730432,0.03811354200854222,0.20773430463024234,0.003338641477103509,9.0,12,1,False
34,3,Elaine Hendrix,0.2441838437184468,0.03056422889923793,0.24418343169736645,4.1202109060500645e-07,10.0,12,1,False
34,3,Hilaria Baldwin,0.016276681099825087,0.13966007285248241,0.01623959214235541,3.7088956611575064e-05,3.0,12,1,False
34,3,Jen Affleck,0.018854281446014996,0.1372806563388808,0.018854281307797323,1.382176778056144e-10,5.0,12,1,False
34,3,Jordan Chiles,0.5647042451821829,0.0036075456237801423,0.06920591578116662,0.49549832872782446,12.0,12,1,False
34,3,Lauren Jauregui,0.009357844958198787,0.14625285295948495,0.009357844954024974,4.17381221243862e-12,1.0,12,1,True
34,3,Robert Irwin,0.17092876360062492,0.049809091904017874,0.17086761424822017,6.114935167357796e-05,7.0,12,1,False
34,3,Scott Hoying,0.017338848779565475,0.13867461659927272,0.01727769942716072,6.114935167357796e-05,4.0,12,1,False
34,3,Whitney Leavitt,0.49987476681294335,0.005557921352920617,0.0043764374119271005,0.49549832872782446,11.0,12,1,False
34,4,Alix Earle,0.23517137257637727,0.03689121544083248,0.16943174837412583,0.06573962504889612,8.0,11,1,False
34,4,Andy Richter,0.013884113455637406,0.16129288162963315,0.01388411342540339,3.023401761717123e-11,2.0,11,1,False
34,4,Danielle Fishel,0.024250863470385214,0.15052214047264634,0.024250830314759414,3.315562623150014e-08,5.0,11,1,False
34,4,Dylan Efron,0.2035111841532019,0.04556051223454603,0.2027808828997043,0.0007303012670935343,7.0,11,1,False
34,4,Elaine Hendrix,0.25467681054622593,0.032392833356739974,0.18893718634397447,0.06573962504889612,9.0,11,1,False
34,4,Hilaria Baldwin,0.008908910481925117,0.1667323567721056,0.00846596036871429,0.00044295010931921346,1.0,11,1,True
34,4,Jen Affleck,0.01960246403711955,0.15525974921206825,0.01887216278362195,0.0007303012670935343,4.0,11,1,False
34,4,Jordan Chiles,0.25775872638898123,0.03173407739005704,0.19201910218672982,0.06573962504889612,10.0,11,1,False
34,4,Robert Irwin,0.16332537867105215,0.059557769141993754,0.16332045794000818,4.920731231041193e-06,6.0,11,1,False
34,4,Scott Hoying,0.015824712866553847,0.15921962262395567,0.015824679710928047,3.315562623150014e-08,3.0,11,1,False
34,4,Whitney Leavitt,0.8030854399678263,0.0008368417254216832,0.0022128756520304648,0.8008725851370878,11.0,11,1,False
34,6,Alix Earle,0.21622950388647943,0.0515744004654866,0.21622444041069677,5.0634757645113915e-06,7.0,10,1,False
34,6,Andy Richter,0.014462211974963389,0.197974990830873,0.014462211974935019,2.836962397496072e-14,2.0,10,1,False
34,6,Danielle Fishel,0.02528375815379985,0.18419538562094767,0.025182055524036684,0.00010170262942775946,4.0,10,1,False
34,6,Dylan Efron,0.21499370891550162,0.0520010581551377,0.21499370868562018,2.2988144406286145e-10,6.0,10,1,False
34,6,Elaine Hendrix,0.24679690186806832,0.04206612483980342,0.24669519923830516,0.00010170262942775946,8.0,10,1,False
34,6,Jen Affleck,0.021354219105449913,0.1890844989575507,0.021354218875568466,2.2988144406286145e-10,3.0,10,1,False
34,6,Jordan Chiles,0.5724787382002123,0.004797191003202754,0.07263382948591786,0.499844914088042,10.0,10,1,False
34,6,Robert Irwin,0.1722867942799838,0.06912917333397267,0.17218509165022064,0.00010170262942775946,5.0,10,1,False
34,6,Scott Hoying,0.011722498743959161,0.20162417983348793,0.011722498743882044,7.711663333135178e-14,1.0,10,1,True
34,6,Whitney Leavitt,0.5043916541251117,0.007552996959537482,0.004546745410817237,0.499844914088042,9.0,10,1,False
34,7,Alix Earle,0.7668192086910859,0.0016137875079081908,0.03794911486860665,0.7288700682286369,9.0,9,1,False
34,7,Andy Richter,0.014673444337692946,0.24295810019654315,0.014673444337624741,6.820491291756397e-14,2.0,9,1,False
34,7,Danielle Fishel,0.027568894260851632,0.22294371380618055,0.027568891783955832,2.4768956974545534e-09,3.0,9,1,False
34,7,Dylan Efron,0.22303031297597803,0.06057263420925631,0.22302759673003342,2.7162459517974466e-06,5.0,9,1,False
34,7,Elaine Hendrix,0.2542329199509039,0.049196664699697384,0.25423291994718006,3.723862068470695e-12,7.0,9,1,False
34,7,Jen Affleck,0.012306371865025995,0.24682250731510239,0.01230637095382699,9.111990050195309e-10,1.0,9,1,True
34,7,Jordan Chiles,0.2485671926664189,0.05109043745647305,0.24855501929629542,1.2173369794520631e-05,6.0,9,1,False
34,7,Robert Irwin,0.17750707661133897,0.08205021622430993,0.17452835125249516,0.0029787253771881485,4.0,9,1,False
34,7,Whitney Leavitt,0.2752946133283033,0.04275193858452905,0.00715829082998176,0.268136313386542,8.0,9,1,False
34,8,Alix Earle,0.19551052147330636,0.08595955593239907,0.19405386742478156,0.0014566540920465066,4.0,8,1,False
34,8,Andy Richter,0.013260707648967935,0.2897086215525007,0.013260707485043117,1.639248227539774e-10,1.0,8,1,False
34,8,Danielle Fishel,0.01423510928283891,0.28783277056193596,0.014234812899803462,2.963830323213835e-07,2.0,8,1,True
34,8,Dylan Efron,0.19741412612821338,0.08487556206135674,0.19721698944086571,0.0001971366941248849,5.0,8,1,False
34,8,Elaine Hendrix,0.2255084830846734,0.07037868835040592,0.22549866822621498,9.814858068210327e-06,6.0,8,1,False
34,8,Jordan Chiles,0.22712824519848518,0.0696227986802497,0.19787056584036045,0.02925767955011252,7.0,8,1,False
34,8,Robert Irwin,0.15698707340251847,0.11112991173197209,0.1567899367151708,0.0001971366941248849,3.0,8,1,False
34,8,Whitney Leavitt,0.9699557610002001,0.000492091129179766,0.001074451967759922,0.9688812815645657,8.0,8,1,False
34,9,Alix Earle,0.24395674660082386,0.11737499063566734,0.2438889312052279,6.781539627497899e-05,2.0,7,1,False
34,9,Andy Richter,0.010228254363739118,0.5575564790936762,0.010228253231106686,1.1326324575566392e-09,1.0,7,1,True
34,9,Dylan Efron,0.4470557600133992,0.03030705231176658,0.11375877557927137,0.33329699650480477,7.0,7,1,False
34,9,Elaine Hendrix,0.2736606384013356,0.09628840556232071,0.27366057656169995,6.183963685008627e-08,4.0,7,1,False
34,9,Jordan Chiles,0.2684264408152898,0.09970766583050923,0.2683853086991234,4.113211704133668e-05,3.0,7,1,False
34,9,Robert Irwin,0.4153173445262928,0.03744862042785807,0.08202036009216501,0.33329699650480477,6.0,7,1,False
34,9,Whitney Leavitt,0.3413547790655331,0.06131678613820189,0.008057794631405267,0.33329699650480477,5.0,7,1,False
34,10,Alix Earle,0.26378574238603514,0.1481021365132925,0.19710261390989228,0.06668312801645071,3.0,6,1,False
34,10,Dylan Efron,0.2421586804825813,0.17107166461301576,0.242097873340291,6.08071418449645e-05,2.0,6,1,False
34,10,Elaine Hendrix,0.2724518055620685,0.13978819620802718,0.26697812104253915,0.005473684471467623,5.0,6,1,False
34,10,Jordan Chiles,0.26760309676501826,0.14438063605575088,0.2621294122454889,0.005473684471467623,4.0,6,1,False
34,10,Robert Irwin,0.8367571319714949,0.0032481736463607605,0.02439034835256793,0.8123668043412273,6.0,6,1,False
34,10,Whitney Leavitt,0.11724352343509933,0.39340919296355287,0.0073016311092211844,0.10994189155754193,1.0,6,1,True
34,11,Alix Earle,0.8871447367920057,0.004217275378661289,0.03350984289781014,0.8536348846197221,5.0,5,5,True
34,11,Dylan Efron,0.26109517708504293,0.27392463287248847,0.25534343037837837,0.005751746609138126,2.0,5,5,True
34,11,Elaine Hendrix,0.2852092544912114,0.2332457199656088,0.2847371223746552,0.00047213211249611767,3.0,5,5,True
34,11,Jordan Chiles,0.32228229579810574,0.18216973844884224,0.2522116788971849,0.0700706183293219,4.0,5,5,True
34,11,Robert Irwin,0.24426854235289297,0.3064426333343992,0.1741979254519721,0.0700706183293219,1.0,5,5,True
