season,week,celebrity_name,era,j_metric,q_hat,p_mean,ci_lo_05,ci_hi_95,ci_width,ci_rel_width,ess,ess_ratio,pcp_unweighted,pcp_weighted,has_posterior,alive_n,elim_this_week_end,B,kappa,tau_like
1,1,Evander Holyfield,rank,0.009928934765779536,0.1840459961304495,0.18067583000816806,0.029900017180974528,0.3976433528341663,0.3677433356531918,2.0353652188637956,1199.9999999999998,0.9999999999999998,,,False,6,False,1200,10.0,0.15
1,1,Joey McIntyre,rank,0.32880116223716216,0.12810677534592665,0.12473566063052331,0.013145868608463111,0.31164930294487414,0.298503434336411,2.3930689889205405,1199.9999999999998,0.9999999999999998,,,False,6,False,1200,10.0,0.15
1,1,John O'Hurley,rank,0.32880116223716216,0.1256982671665185,0.11978665791881642,0.012884636106862255,0.30083910440053724,0.287954468293675,2.4038742663190735,1199.9999999999998,0.9999999999999998,,,False,6,False,1200,10.0,0.15
1,1,Kelly Monaco,rank,1.4927549671390548e-05,0.4687050726635782,0.4765722106933288,0.22614342880873448,0.7263889289981211,0.5002455001893866,1.0496718845392483,1199.9999999999998,0.9999999999999998,,,False,6,False,1200,10.0,0.15
1,1,Rachel Hunter,rank,0.32880116223716216,0.033676273012714385,0.03475290656840417,1.1984335007266291e-05,0.1518326573301805,0.15182067299517324,4.368449132368848,1199.9999999999998,0.9999999999999998,,,False,6,False,1200,10.0,0.15
1,1,Trista Sutter,rank,0.003652650973062681,0.05976761568081275,0.06347673418075929,0.0006669161016241633,0.21853204526795797,0.2178651291663338,3.4321503749006026,1199.9999999999998,0.9999999999999998,,,False,6,False,1200,10.0,0.15
1,2,Evander Holyfield,rank,1.202591421187391e-06,0.14725262018393576,0.16195799173717837,0.023591615441237095,0.3674663655724278,0.3438747501311907,2.1232211095091227,1128.0307391365043,0.9400256159470869,0.8033333333333333,0.8794841356624143,True,6,False,1200,10.0,0.15
1,2,Joey McIntyre,rank,0.003584874502136416,0.37476035648090583,0.3716838226875403,0.14604852520576436,0.6062597342225776,0.4602112090168132,1.2381759515741468,1128.0307391365043,0.9400256159470869,0.8033333333333333,0.8794841356624143,True,6,False,1200,10.0,0.15
1,2,John O'Hurley,rank,0.8771898688524947,0.010125579217706099,0.009842530576891242,5.807394600602285e-15,0.06362185929334671,0.06362185929334091,6.463317078803021,1128.0307391365043,0.9400256159470869,0.8033333333333333,0.8794841356624143,True,6,False,1200,10.0,0.15
1,2,Kelly Monaco,rank,2.4154694393768075e-05,0.35999030742745836,0.36150166313899224,0.15667939415983226,0.605542574075524,0.4488631799156918,1.241659400288044,1128.0307391365043,0.9400256159470869,0.8033333333333333,0.8794841356624143,True,6,False,1200,10.0,0.15
1,2,Rachel Hunter,rank,0.11871473935343953,0.06136287644259066,0.06195823113775588,0.0008837380599851244,0.20869210022315338,0.20780836216316825,3.353953209992898,1128.0307391365043,0.9400256159470869,0.8033333333333333,0.8794841356624143,True,6,False,1200,10.0,0.15
1,2,Trista Sutter,rank,0.00048516000611434286,0.04650826024740331,0.033055760721641514,7.469752139775462e-05,0.12570459870331094,0.1256299011819132,3.8004298799811362,1128.0307391365043,0.9400256159470869,0.8033333333333333,0.8794841356624143,True,6,True,1200,10.0,0.15
1,3,Evander Holyfield,rank,1.577089515763756e-05,0.12436505501332819,0.08994996593666428,0.009219608582094706,0.22805720541332156,0.21883759683122686,2.4328543284939648,1059.486100086008,0.8829050834050067,0.72,0.8515843502885398,True,5,True,1200,10.0,0.15
1,3,Joey McIntyre,rank,0.006362433205746139,0.31293548154439044,0.3278050313992148,0.12492858664596392,0.5688501318203284,0.4439215451743645,1.354220187101255,1059.486100086008,0.8829050834050067,0.72,0.8515843502885398,True,5,False,1200,10.0,0.15
1,3,John O'Hurley,rank,0.0470123758829574,0.2597879470593342,0.2698389379931982,0.08096821116539608,0.5071511779165245,0.42618296675112843,1.5793917309670862,1059.486100086008,0.8829050834050067,0.72,0.8515843502885398,True,5,False,1200,10.0,0.15
1,3,Kelly Monaco,rank,0.002340608372220518,0.3011725714392586,0.31088445919296454,0.128324161268013,0.5493427414988178,0.4210185802308048,1.3542562631386417,1059.486100086008,0.8829050834050067,0.72,0.8515843502885398,True,5,False,1200,10.0,0.15
1,3,Rachel Hunter,rank,0.9442688116439183,0.0017389449436885094,0.0015216054779579212,7.894213378752177e-78,0.002155303569069942,0.002155303569069942,1.415536460541689,1059.486100086008,0.8829050834050067,0.72,0.8515843502885398,True,5,False,1200,10.0,0.15
1,4,Joey McIntyre,rank,0.0029699230231969107,0.4721184275451336,0.4820468433548631,0.26000038668230385,0.7030458825286903,0.4430454958463864,0.9190902976828281,1104.2729068114488,0.920227422342874,0.6891666666666667,0.8008132106577838,True,4,False,1200,10.0,0.15
1,4,John O'Hurley,rank,0.0029699230231969107,0.4632422296132034,0.4699523304912752,0.25410491659660517,0.6932548853034427,0.43914996870683753,0.934454423905802,1104.2729068114488,0.920227422342874,0.6891666666666667,0.8008132106577838,True,4,False,1200,10.0,0.15
1,4,Kelly Monaco,rank,0.7267162032220472,0.02279068165042984,0.02112555053426727,1.3905632062775692e-07,0.10783292829127554,0.10783278923495491,5.104136099267607,1104.2729068114488,0.920227422342874,0.6891666666666667,0.8008132106577838,True,4,False,1200,10.0,0.15
1,4,Rachel Hunter,rank,0.26734395073155903,0.04184866119123333,0.026875275619593436,2.9398250089412902e-05,0.1089577778981966,0.1089283796481072,4.0529566369194345,1104.2729068114488,0.920227422342874,0.6891666666666667,0.8008132106577838,True,4,True,1200,10.0,0.15
1,5,Joey McIntyre,rank,0.003951304309611276,0.534187129139446,0.5329870306769457,0.2784585771023964,0.7810037032260319,0.5025451261236354,0.942882573714376,1199.9999999999998,0.9999999999999998,,,False,3,False,1200,10.0,0.15
1,5,John O'Hurley,rank,0.9668522864827245,0.009997562900428893,0.010457084620207804,8.398212023213454e-16,0.07290863913951369,0.07290863913951284,6.97150977327473,1199.9999999999998,0.9999999999999998,,,False,3,False,1200,10.0,0.15
1,5,Kelly Monaco,rank,0.029196409207664163,0.4558153079601252,0.4565558847028456,0.20620624983844307,0.7130219194223999,0.5068156695839569,1.1100821969070134,1199.9999999999998,0.9999999999999998,,,False,3,False,1200,10.0,0.15
1,6,Joey McIntyre,rank,,0.6243737094326985,0.6217861882656903,0.3617598344784204,0.8411353783899799,0.47937554391155945,0.7709640098063933,1199.9999999999998,0.9999999999999998,,,False,3,True,1200,10.0,0.15
1,6,John O'Hurley,rank,0.2689414213699951,0.32826789184179045,0.3307334860405435,0.11927193410057352,0.5821169748101334,0.46284504070955984,1.399445961171468,1199.9999999999998,0.9999999999999998,,,False,3,True,1200,10.0,0.15
1,6,Kelly Monaco,rank,0.7310585786300049,0.04735839872551094,0.047480325693766035,0.00018634387988555813,0.17582220684211103,0.17563586296222547,3.6990513722173772,1199.9999999999998,0.9999999999999998,,,False,3,True,1200,10.0,0.15
2,1,Drew Lachey,rank,0.9038358051199642,0.0064029980371482385,0.005421251638636743,1.3738064918140403e-20,0.02833333020200268,0.02833333020200268,5.225380910046849,1174.386248651849,0.9786552072098741,0.7833333333333333,0.8247828329714049,True,10,False,1200,10.0,0.15
2,1,George Hamilton,rank,2.7648547013883303e-07,0.1375295443717982,0.13774186744682176,0.015975439191920033,0.3369824888222541,0.3210070496303341,2.3304803768098186,1174.386248651849,0.9786552072098741,0.7833333333333333,0.8247828329714049,True,10,False,1200,10.0,0.15
2,1,Giselle Fernandez,rank,0.04499933502283101,0.024806127337836027,0.02272620290587806,4.609551650272163e-07,0.10518296336256065,0.10518250240739563,4.628044323931816,1174.386248651849,0.9786552072098741,0.7833333333333333,0.8247828329714049,True,10,False,1200,10.0,0.15
2,1,Jerry Rice,rank,6.765376393125247e-05,0.2602692711734491,0.2684928460121847,0.07934743678724632,0.5088039364130345,0.42945649962578814,1.5995022083534038,1174.386248651849,0.9786552072098741,0.7833333333333333,0.8247828329714049,True,10,False,1200,10.0,0.15
2,1,Kenny Mayne,rank,4.1567909209555184e-10,0.013913664084963964,0.008465568710018747,7.171127424980033e-11,0.046602322780300194,0.04660232270858892,5.504275026250361,1174.386248651849,0.9786552072098741,0.7833333333333333,0.8247828329714049,True,10,True,1200,10.0,0.15
2,1,Lisa Rinna,rank,2.0429666493950526e-06,0.20597620791428914,0.20527672795692098,0.04856741703115672,0.4224589101863625,0.37389149315520576,1.8213933721717224,1174.386248651849,0.9786552072098741,0.7833333333333333,0.8247828329714049,True,10,False,1200,10.0,0.15
2,1,Master P,rank,9.27505423896344e-11,0.07068862015122111,0.06796903817285611,0.0011917965649130649,0.22521287176859536,0.2240210752036823,3.295879790945083,1174.386248651849,0.9786552072098741,0.7833333333333333,0.8247828329714049,True,10,False,1200,10.0,0.15
2,1,Stacy Keibler,rank,0.00608999775077406,0.17831912384107584,0.18042869560737027,0.03508077558727606,0.39505955937726667,0.3599787837899906,1.9951193875166413,1174.386248651849,0.9786552072098741,0.7833333333333333,0.8247828329714049,True,10,False,1200,10.0,0.15
2,1,Tatum O'Neal,rank,0.04499933502283101,0.014547115325983587,0.01393623436993951,3.197192782306584e-11,0.08115648529618918,0.08115648526421726,5.822997813630761,1174.386248651849,0.9786552072098741,0.7833333333333333,0.8247828329714049,True,10,False,1200,10.0,0.15
2,1,Tia Carrere,rank,5.553359119198432e-06,0.08754732776223471,0.08954156717937335,0.0034575781154711845,0.26549809196826557,0.26204051385279437,2.92643512585327,1174.386248651849,0.9786552072098741,0.7833333333333333,0.8247828329714049,True,10,False,1200,10.0,0.15
2,2,Drew Lachey,rank,0.11913598673436808,0.1653735092072032,0.15791209991238114,0.026675872260242255,0.3634815186221158,0.33680564636187355,2.132854377178029,1163.5945611083334,0.9696621342569446,0.5975,0.6470362414771469,True,9,False,1200,10.0,0.15
2,2,George Hamilton,rank,3.280582064443076e-06,0.14097751334495465,0.1463996539852261,0.01907167353242049,0.3536614286838154,0.3345897551513949,2.285438937896819,1163.5945611083334,0.9696621342569446,0.5975,0.6470362414771469,True,9,False,1200,10.0,0.15
2,2,Giselle Fernandez,rank,0.00048688154787924944,0.030535770257647327,0.032642533194432104,4.285136880176899e-06,0.14843463758775868,0.14843035245087852,4.5470063417092295,1163.5945611083334,0.9696621342569446,0.5975,0.6470362414771469,True,9,False,1200,10.0,0.15
2,2,Jerry Rice,rank,6.589225218491863e-05,0.26679964545661905,0.26628897023109976,0.08302890218302922,0.5027877062772342,0.419758804094205,1.5763222464966193,1163.5945611083334,0.9696621342569446,0.5975,0.6470362414771469,True,9,False,1200,10.0,0.15
2,2,Lisa Rinna,rank,6.008595643719746e-08,0.2111445159056246,0.21283802905393534,0.0506035846898501,0.4483200852963049,0.3977165006064548,1.8686257984463452,1163.5945611083334,0.9696621342569446,0.5975,0.6470362414771469,True,9,False,1200,10.0,0.15
2,2,Master P,rank,2.455575706203347e-10,0.0724617320033842,0.07352326087024635,0.0017812926533797774,0.23844200873105803,0.23666071607767825,3.218811223350218,1163.5945611083334,0.9696621342569446,0.5975,0.6470362414771469,True,9,False,1200,10.0,0.15
2,2,Stacy Keibler,rank,0.8803024893817034,0.005020896806830256,0.004326887165391801,6.096117936214006e-29,0.02156345323079567,0.02156345323079567,4.982443489569014,1163.5945611083334,0.9696621342569446,0.5975,0.6470362414771469,True,9,False,1200,10.0,0.15
2,2,Tatum O'Neal,rank,4.0485598986319473e-10,0.01794305006334143,0.011330596136037093,1.2356434781455701e-09,0.0620205821385645,0.06202058090292102,5.4732431475987084,1163.5945611083334,0.9696621342569446,0.5975,0.6470362414771469,True,9,True,1200,10.0,0.15
2,2,Tia Carrere,rank,5.408765429924638e-06,0.08974336695439533,0.09473796945125004,0.0048047122777130444,0.2791112839784198,0.2743065717007067,2.8953932398626843,1163.5945611083334,0.9696621342569446,0.5975,0.6470362414771469,True,9,False,1200,10.0,0.15
2,3,Drew Lachey,rank,0.4777244394581647,0.04411687509585981,0.04252966196401408,7.759170458899004e-05,0.1746197884963408,0.1745421967917518,4.1039144168373145,1132.6205905610038,0.9438504921341698,0.6833333333333333,0.7679709246663442,True,8,False,1200,10.0,0.15
2,3,George Hamilton,rank,7.978810648018094e-06,0.16430487683486797,0.17362020461110386,0.02586610693884679,0.39700740961510883,0.37114130267626205,2.137649623544461,1132.6205905610038,0.9438504921341698,0.6833333333333333,0.7679709246663442,True,8,False,1200,10.0,0.15
2,3,Giselle Fernandez,rank,2.1688655997223125e-05,0.03565731380791482,0.022605512918917235,5.556401688130005e-06,0.10143886259050498,0.10143330618881685,4.486906342107145,1132.6205905610038,0.9438504921341698,0.6833333333333333,0.7679709246663442,True,8,True,1200,10.0,0.15
2,3,Jerry Rice,rank,3.972415912271176e-07,0.31103639383238096,0.3086876149652787,0.10781653797733046,0.5582256397222923,0.45040910174496185,1.4591050006674977,1132.6205905610038,0.9438504921341698,0.6833333333333333,0.7679709246663442,True,8,False,1200,10.0,0.15
2,3,Lisa Rinna,rank,0.005307039144174497,0.2407750920696201,0.2398423913286557,0.05836304400580485,0.46687097193424515,0.4085079279284403,1.7032277840362289,1132.6205905610038,0.9438504921341698,0.6833333333333333,0.7679709246663442,True,8,False,1200,10.0,0.15
2,3,Master P,rank,7.275733536502043e-09,0.0844535084785209,0.09044780299263497,0.003940270874833836,0.25610384651345014,0.2521635756386163,2.787915011535856,1132.6205905610038,0.9438504921341698,0.6833333333333333,0.7679709246663442,True,8,False,1200,10.0,0.15
2,3,Stacy Keibler,rank,0.4777244394581647,0.0306349711009428,0.029368692212770144,2.280347320261569e-06,0.12602885138497674,0.1260265710376565,4.291041599096475,1132.6205905610038,0.9438504921341698,0.6833333333333333,0.7679709246663442,True,8,False,1200,10.0,0.15
2,3,Tia Carrere,rank,0.03921400995552628,0.08902096877989259,0.09289811900662576,0.00404154520073624,0.2634101755790228,0.25936863037828656,2.7919385366807177,1132.6205905610038,0.9438504921341698,0.6833333333333333,0.7679709246663442,True,8,False,1200,10.0,0.15
2,4,Drew Lachey,rank,0.9221612379182113,0.006642548753418761,0.005863601071211469,5.054444223110368e-21,0.03474579612078086,0.03474579612078086,5.9246649002850775,1071.5655433677935,0.8929712861398279,0.46416666666666667,0.5920113379710324,True,7,False,1200,10.0,0.15
2,4,George Hamilton,rank,2.0843881640445854e-06,0.153840210561894,0.16423246314479087,0.026683481368242168,0.36167250675493445,0.3349890253866923,2.0397123641688086,1071.5655433677935,0.8929712861398279,0.46416666666666667,0.5920113379710324,True,7,False,1200,10.0,0.15
2,4,Jerry Rice,rank,0.0003093506322218766,0.2908495269001987,0.293428238262926,0.09173218334254013,0.5370247824710159,0.4452925991284758,1.5175467917395242,1071.5655433677935,0.8929712861398279,0.46416666666666667,0.5920113379710324,True,7,False,1200,10.0,0.15
2,4,Lisa Rinna,rank,0.045911704598428034,0.1907692175363109,0.19618118058997297,0.039698277715810894,0.4236539050432678,0.38395562732745686,1.957138136464781,1071.5655433677935,0.8929712861398279,0.46416666666666667,0.5920113379710324,True,7,False,1200,10.0,0.15
2,4,Master P,rank,1.0377557602845418e-07,0.0790726710063982,0.05298660193027672,0.0016757450445852129,0.16086861614500433,0.15919287110041913,3.004341870573643,1071.5655433677935,0.8929712861398279,0.46416666666666667,0.5920113379710324,True,7,True,1200,10.0,0.15
2,4,Stacy Keibler,rank,0.027846856478616098,0.1823985724527238,0.18653614647717476,0.035820892065828266,0.40049595909843805,0.36467506703260977,1.954972904430231,1071.5655433677935,0.8929712861398279,0.46416666666666667,0.5920113379710324,True,7,False,1200,10.0,0.15
2,4,Tia Carrere,rank,0.0037686622087828125,0.09642725278905562,0.100771768523647,0.005423119385970072,0.30362011257250904,0.29819699318653897,2.9591029159486184,1071.5655433677935,0.8929712861398279,0.46416666666666667,0.5920113379710324,True,7,False,1200,10.0,0.15
2,5,Drew Lachey,rank,0.017968580022232318,0.2606118587906582,0.2714578324267892,0.08495392913203331,0.49518995997646925,0.41023603084443594,1.5112274195575277,1058.7258544544945,0.8822715453787454,0.5683333333333334,0.7131521612103275,True,6,False,1200,10.0,0.15
2,5,George Hamilton,rank,7.343347962461509e-05,0.1465167288092283,0.15410766948702004,0.019645777777017922,0.37488682217312946,0.35524104439611154,2.305133420323456,1058.7258544544945,0.8822715453787454,0.5683333333333334,0.7131521612103275,True,6,False,1200,10.0,0.15
2,5,Jerry Rice,rank,9.938140764047308e-06,0.2774264208679164,0.286759500469318,0.09075884189146297,0.5305324376721503,0.4397735957806873,1.5335919523816741,1058.7258544544945,0.8822715453787454,0.5683333333333334,0.7131521612103275,True,6,False,1200,10.0,0.15
2,5,Lisa Rinna,rank,0.0008946029220403149,0.21869808062944715,0.22456774347480013,0.05424053774231268,0.4515888457320945,0.3973483079897818,1.769383850314726,1058.7258544544945,0.8822715453787454,0.5683333333333334,0.7131521612103275,True,6,False,1200,10.0,0.15
2,5,Stacy Keibler,rank,0.9810512279363985,0.003449260698810196,0.003218017779543281,9.351039762040958e-41,0.017001796883521915,0.017001796883521915,5.281672251569282,1058.7258544544945,0.8822715453787454,0.5683333333333334,0.7131521612103275,True,6,False,1200,10.0,0.15
2,5,Tia Carrere,rank,2.2174989402595147e-06,0.0932976502039397,0.05988923636252857,0.00325117314502327,0.1797279107539201,0.17647673760889684,2.946669579673136,1058.7258544544945,0.8822715453787454,0.5683333333333334,0.7131521612103275,True,6,True,1200,10.0,0.15
2,6,Drew Lachey,rank,0.49717707427615354,0.051893198390724614,0.05437215841709968,0.0002797975139914897,0.2090569524915021,0.20877715497751062,3.839709905684876,980.4510284281301,0.8170425236901084,0.5991666666666666,0.7938432763183106,True,5,False,1200,10.0,0.15
2,6,George Hamilton,rank,6.135652533280864e-05,0.20931459064120636,0.1543573679678156,0.03585663744757296,0.33089140778651965,0.2950347703389467,1.9113623331419438,980.4510284281301,0.8170425236901084,0.5991666666666666,0.7938432763183106,True,5,True,1200,10.0,0.15
2,6,Jerry Rice,rank,6.135652533280864e-05,0.39622941868345385,0.4219422627165113,0.19935824291323798,0.6532660492994589,0.45390780638622086,1.0757555493691706,980.4510284281301,0.8170425236901084,0.5991666666666666,0.7938432763183106,True,5,False,1200,10.0,0.15
2,6,Lisa Rinna,rank,0.005523138397027227,0.30652790473691266,0.3342937316734131,0.12242490685381846,0.5825479001359906,0.4601229932821721,1.3763991761966685,980.4510284281301,0.8170425236901084,0.5991666666666666,0.7938432763183106,True,5,False,1200,10.0,0.15
2,6,Stacy Keibler,rank,0.49717707427615354,0.036034887547702385,0.03503447922516065,8.840715563393083e-06,0.15251843498515502,0.15250959426959163,4.353004372780698,980.4510284281301,0.8170425236901084,0.5991666666666666,0.7938432763183106,True,5,False,1200,10.0,0.15
2,7,Drew Lachey,rank,0.358994242617783,0.11922820836481983,0.12853064533910294,0.01156263851095249,0.3410814396075962,0.32951880109664367,2.563717287110731,921.4737354859,0.7678947795715833,0.5808333333333333,0.8064407255920559,True,4,False,1200,10.0,0.15
2,7,Jerry Rice,rank,0.0005397260144048746,0.5147460075323959,0.576436500345218,0.3499489387316966,0.8022120496118774,0.45226311088018084,0.7845830824839269,921.4737354859,0.7678947795715833,0.5808333333333333,0.8064407255920559,True,4,False,1200,10.0,0.15
2,7,Lisa Rinna,rank,0.04858458750499092,0.33424973649995926,0.2618799088122284,0.08899531657548801,0.4542917696780255,0.36529645310253744,1.394895316192977,921.4737354859,0.7678947795715833,0.5808333333333333,0.8064407255920559,True,4,True,1200,10.0,0.15
2,7,Stacy Keibler,rank,0.5918814438628213,0.031776047602825076,0.03315294550345039,6.334515713782849e-06,0.14104093487216685,0.14103460035645307,4.2539311148284105,921.4737354859,0.7678947795715833,0.5808333333333333,0.8064407255920559,True,4,False,1200,10.0,0.15
2,8,Drew Lachey,rank,0.7274751568004648,0.04016651041599425,0.04289033660589009,3.32626527544841e-05,0.16678108228141306,0.16674781962865856,3.887680655905691,1199.9999999999998,0.9999999999999998,,,False,3,True,1200,10.0,0.15
2,8,Jerry Rice,rank,0.004901689049672921,0.7750410026409182,0.7752398908039692,0.5408183325394391,0.9422310203472889,0.4014126878078498,0.5177909119210183,1199.9999999999998,0.9999999999999998,,,False,3,True,1200,10.0,0.15
2,8,Stacy Keibler,rank,0.2676231541498624,0.18479248694308753,0.18186977259014162,0.03623428114819269,0.39784285353355975,0.36160857238536703,1.988272041930987,1199.9999999999998,0.9999999999999998,,,False,3,True,1200,10.0,0.15
3,1,Emmitt Smith,rank,0.047373881454425115,0.17248807292230028,0.16996599585074668,0.02973136622489606,0.38133805025831125,0.35160668403341516,2.06867622901432,1174.4118154832008,0.9786765129026673,0.48833333333333334,0.5175951694636207,True,11,False,1200,10.0,0.15
3,1,Harry Hamlin,rank,1.961249187184316e-09,0.02835050164461759,0.030779606850418438,2.357444572434404e-06,0.1374128347956007,0.13741047735102827,4.464190001801744,1174.4118154832008,0.9786765129026673,0.48833333333333334,0.5175951694636207,True,11,False,1200,10.0,0.15
3,1,Jerry Springer,rank,1.6098913683114722e-10,0.08141960577426127,0.0796280601694888,0.002983262781583096,0.2523276140381737,0.24934435125659063,3.1313235485370083,1174.4118154832008,0.9786765129026673,0.48833333333333334,0.5175951694636207,True,11,False,1200,10.0,0.15
3,1,Joey Lawrence,rank,4.319938813660782e-05,0.21900984065253604,0.21751532320055078,0.044985729810180876,0.46385614483716575,0.41887041502698485,1.9256964666545275,1174.4118154832008,0.9786765129026673,0.48833333333333334,0.5175951694636207,True,11,False,1200,10.0,0.15
3,1,Mario Lopez,rank,0.9515298451475711,0.003538935883305013,0.0033423989736384987,8.535770123263586e-42,0.015870943799671612,0.015870943799671612,4.746948816102508,1174.4118154832008,0.9786765129026673,0.48833333333333334,0.5175951694636207,True,11,False,1200,10.0,0.15
3,1,Monique Coleman,rank,4.799018532637619e-07,0.13399375043773035,0.14181786309199176,0.018298035699431312,0.34975120807543536,0.331453172376004,2.3371585778473256,1174.4118154832008,0.9786765129026673,0.48833333333333334,0.5175951694636207,True,11,False,1200,10.0,0.15
3,1,Sara Evans,rank,2.1787510431061108e-11,0.15257753560480034,0.15388668113751372,0.024995737527228452,0.38324158450461376,0.3582458469773853,2.327969622579845,1174.4118154832008,0.9786765129026673,0.48833333333333334,0.5175951694636207,True,11,False,1200,10.0,0.15
3,1,Shanna Moakler,rank,3.9392742964762385e-08,0.014566892054708297,0.016657233544273512,3.4632201231155597e-10,0.09387412213564658,0.09387412178932457,5.635298697177591,1174.4118154832008,0.9786765129026673,0.48833333333333334,0.5175951694636207,True,11,False,1200,10.0,0.15
3,1,Tucker Carlson,rank,1.084736271396788e-12,0.010825714726423217,0.006715677545526856,4.8853707058845404e-14,0.03385204305029076,0.033852043050241906,5.039998246273791,1174.4118154832008,0.9786765129026673,0.48833333333333334,0.5175951694636207,True,11,True,1200,10.0,0.15
3,1,Vivica A. Fox,rank,0.00052627628508031,0.0340289482732675,0.034445611237752784,4.722519120137249e-06,0.14985074269965917,0.14984602018053902,4.350094676840398,1174.4118154832008,0.9786765129026673,0.48833333333333334,0.5175951694636207,True,11,False,1200,10.0,0.15
3,1,Willa Ford,rank,0.00052627628508031,0.14920020202605014,0.1452455483980982,0.019145102017688417,0.3366866819203921,0.31754157990270365,2.1862246187934984,1174.4118154832008,0.9786765129026673,0.48833333333333334,0.5175951694636207,True,11,False,1200,10.0,0.15
3,2,Emmitt Smith,rank,0.00012202383313657944,0.21399587289773872,0.2139415843461318,0.0495145955197143,0.4415033784752749,0.39198878295556056,1.8322148634110762,1171.4729196051528,0.976227433004294,0.5625,0.6013068724759691,True,10,False,1200,10.0,0.15
3,2,Harry Hamlin,rank,2.0380055503260133e-09,0.02896171800771441,0.029265229449280374,3.1813822070292515e-06,0.1386425432304735,0.13863936184826647,4.737178804961343,1171.4729196051528,0.976227433004294,0.5625,0.6013068724759691,True,10,False,1200,10.0,0.15
3,2,Jerry Springer,rank,2.2640196603490288e-11,0.08317495381133151,0.08205396434372736,0.002476543149315671,0.23863569225850087,0.2361591491091852,2.8780604683455477,1171.4729196051528,0.976227433004294,0.5625,0.6013068724759691,True,10,False,1200,10.0,0.15
3,2,Joey Lawrence,rank,0.9887693610701573,0.0038375311965321603,0.004526647291101173,6.116651779646796e-37,0.019759039268022454,0.019759039268022454,4.364085362138896,1171.4729196051528,0.976227433004294,0.5625,0.6013068724759691,True,10,False,1200,10.0,0.15
3,2,Mario Lopez,rank,5.539873453749878e-09,0.1808781275341342,0.18209783395555448,0.03147058242704997,0.39844561432124753,0.36697503189419756,2.0152519591847935,1171.4729196051528,0.976227433004294,0.5625,0.6013068724759691,True,10,False,1200,10.0,0.15
3,2,Monique Coleman,rank,0.010984235409248434,0.13083780070449463,0.13653911887874876,0.013934956553960556,0.3439079359965529,0.32997297944259235,2.4166741771743814,1171.4729196051528,0.976227433004294,0.5625,0.6013068724759691,True,10,False,1200,10.0,0.15
3,2,Sara Evans,rank,2.0380055503260133e-09,0.15586699595829911,0.15504382853920157,0.022816033430800266,0.3528974661766222,0.33008143274582197,2.128941905742855,1171.4729196051528,0.976227433004294,0.5625,0.6013068724759691,True,10,False,1200,10.0,0.15
3,2,Shanna Moakler,rank,1.1127133280508036e-07,0.014880939345134157,0.008681908001978786,3.988948872817076e-11,0.047012849742749614,0.04701284970286013,5.414412969957319,1171.4729196051528,0.976227433004294,0.5625,0.6013068724759691,True,10,True,1200,10.0,0.15
3,2,Vivica A. Fox,rank,0.00012202383313657944,0.03482042093342413,0.035978331971017595,1.4932596438852553e-05,0.1643693749013788,0.16435444230493992,4.568023731995142,1171.4729196051528,0.976227433004294,0.5625,0.6013068724759691,True,10,False,1200,10.0,0.15
3,2,Willa Ford,rank,2.234944463548745e-06,0.15274563961119686,0.15187155322325802,0.022982276350431024,0.3580677738071205,0.3350854974566895,2.2063598085699,1171.4729196051528,0.976227433004294,0.5625,0.6013068724759691,True,10,False,1200,10.0,0.15
3,3,Emmitt Smith,rank,1.6956478453627882e-09,0.20193476270001265,0.20641486455254188,0.047934221824279435,0.4357103387189111,0.3877761168946317,1.8786158599545322,1148.1281121589984,0.9567734267991653,0.6883333333333334,0.7593840669300389,True,9,False,1200,10.0,0.15
3,3,Harry Hamlin,rank,4.149113477214826e-07,0.027315639086543452,0.01766917875611405,1.6990431023676072e-06,0.08268828049710816,0.0826865814540058,4.679442273632656,1148.1281121589984,0.9567734267991653,0.6883333333333334,0.7593840669300389,True,9,True,1200,10.0,0.15
3,3,Jerry Springer,rank,9.257923546449528e-08,0.07844769468601626,0.08510309643506614,0.0022606211013952923,0.26270768473005435,0.26044706362865905,3.060335219320241,1148.1281121589984,0.9567734267991653,0.6883333333333334,0.7593840669300389,True,9,False,1200,10.0,0.15
3,3,Joey Lawrence,rank,5.054654987844301e-06,0.21104890530265066,0.20400696952588665,0.044825320978789586,0.4258686011883842,0.3810432802095946,1.8677862492094648,1148.1281121589984,0.9567734267991653,0.6883333333333334,0.7593840669300389,True,9,False,1200,10.0,0.15
3,3,Mario Lopez,rank,5.054654987844301e-06,0.17059441908656686,0.17414594970739355,0.030666581954435505,0.3916147040548383,0.3609481221004028,2.0726640501420075,1148.1281121589984,0.9567734267991653,0.6883333333333334,0.7593840669300389,True,9,False,1200,10.0,0.15
3,3,Monique Coleman,rank,0.4989741643184364,0.016590695912928,0.018324059996476377,7.68459440462308e-10,0.10139994512924626,0.10139994436078682,5.533403131028463,1148.1281121589984,0.9567734267991653,0.6883333333333334,0.7593840669300389,True,9,False,1200,10.0,0.15
3,3,Sara Evans,rank,0.002039193363268062,0.145780804733594,0.1474331396245027,0.02214397808276567,0.3429987964847483,0.3208548184019826,2.176258627880638,1148.1281121589984,0.9567734267991653,0.6883333333333334,0.7593840669300389,True,9,False,1200,10.0,0.15
3,3,Vivica A. Fox,rank,0.4989741643184364,0.004222479584016674,0.004106008415066957,1.9921496184361969e-32,0.023466052155943704,0.023466052155943704,5.713660597786025,1148.1281121589984,0.9567734267991653,0.6883333333333334,0.7593840669300389,True,9,False,1200,10.0,0.15
3,3,Willa Ford,rank,1.859503652242605e-06,0.14406459890767123,0.14279673298695186,0.018602727090838104,0.33597703480374186,0.31737430771290376,2.2225444415276803,1148.1281121589984,0.9567734267991653,0.6883333333333334,0.7593840669300389,True,9,False,1200,10.0,0.15
3,4,Emmitt Smith,rank,1.3120288196972422e-05,0.23872311388936748,0.2435571904478748,0.06661055236984978,0.504975996567999,0.43836544419814916,1.7998386479717507,1128.1240133686927,0.9401033444739105,0.6666666666666666,0.7543218356738275,True,8,False,1200,10.0,0.15
3,4,Jerry Springer,rank,1.4575323616090805e-07,0.09274423009934882,0.09232835971689043,0.005250113503858415,0.27255170404621687,0.26730159054235847,2.8950876661766687,1128.1240133686927,0.9401033444739105,0.6666666666666666,0.7543218356738275,True,8,False,1200,10.0,0.15
3,4,Joey Lawrence,rank,0.03911102789305426,0.2124487332826497,0.2159993709093091,0.05008774021854635,0.45065603598105297,0.40056829576250663,1.8544796662904393,1128.1240133686927,0.9401033444739105,0.6666666666666666,0.7543218356738275,True,8,False,1200,10.0,0.15
3,4,Mario Lopez,rank,0.7855659948497641,0.007976464994218236,0.007586186529140816,8.883264617189715e-18,0.04758789994722975,0.04758789994722974,6.2721405048438506,1128.1240133686927,0.9401033444739105,0.6666666666666666,0.7543218356738275,True,8,False,1200,10.0,0.15
3,4,Monique Coleman,rank,1.3120288196972422e-05,0.15262305233721626,0.15406694913906277,0.0208487980894332,0.3638543631712352,0.343005565081802,2.226326546166996,1128.1240133686927,0.9401033444739105,0.6666666666666666,0.7543218356738275,True,8,False,1200,10.0,0.15
3,4,Sara Evans,rank,4.401366357394678e-09,0.17379959227681369,0.17685259939714465,0.02533934282773533,0.4080800683192981,0.3827407254915628,2.164167010432598,1128.1240133686927,0.9401033444739105,0.6666666666666666,0.7543218356738275,True,8,False,1200,10.0,0.15
3,4,Vivica A. Fox,rank,1.3120288196972422e-05,0.03884392348135496,0.02562267954768308,3.545363602755513e-05,0.10354318326763567,0.10350772963160812,4.039534190981069,1128.1240133686927,0.9401033444739105,0.6666666666666666,0.7543218356738275,True,8,True,1200,10.0,0.15
3,4,Willa Ford,rank,0.17528346623798846,0.08284088963903077,0.08398666431289455,0.0020076930741063223,0.23975542898892774,0.23774773591482143,2.830745894171988,1128.1240133686927,0.9401033444739105,0.6666666666666666,0.7543218356738275,True,8,False,1200,10.0,0.15
3,5,Emmitt Smith,rank,0.24993957992685506,0.10827200571854853,0.1062786212418655,0.007182327394336288,0.28261683145334754,0.27543450405901126,2.591602236069247,1199.9999999999998,0.9999999999999998,,,False,7,False,1200,10.0,0.15
3,5,Jerry Springer,rank,6.882448583152926e-06,0.11754855674318702,0.1152918714672999,0.011128685163493642,0.30758693517221775,0.2964582500087241,2.571349349146946,1199.9999999999998,0.9999999999999998,,,False,7,False,1200,10.0,0.15
3,5,Joey Lawrence,rank,0.0002279153954135707,0.31596163921824494,0.3107067579133166,0.09919729212780952,0.5554289131397308,0.4562316210119212,1.4683625026807472,1199.9999999999998,0.9999999999999998,,,False,7,False,1200,10.0,0.15
3,5,Mario Lopez,rank,0.24993957992685506,0.09147005424654164,0.09789932942089202,0.004139809809360717,0.2926410089521402,0.28850119914277944,2.946886908852556,1199.9999999999998,0.9999999999999998,,,False,7,False,1200,10.0,0.15
3,5,Monique Coleman,rank,0.24993957992685506,0.06922163390971676,0.07040943599376172,0.000984180577357092,0.23166273660344838,0.2306785560260913,3.276198375572183,1199.9999999999998,0.9999999999999998,,,False,7,False,1200,10.0,0.15
3,5,Sara Evans,rank,6.882448583152926e-06,0.22028194463673334,0.21774423145578728,0.049613233021844255,0.4605882380752414,0.4109750050533971,1.887412194084465,1199.9999999999998,0.9999999999999998,,,False,7,True,1200,10.0,0.15
3,5,Willa Ford,rank,0.24993957992685506,0.07724416552702779,0.08166975250707767,0.0017226148768130726,0.24168903298472832,0.23996641810791525,2.9382173022970433,1199.9999999999998,0.9999999999999998,,,False,7,True,1200,10.0,0.15
3,6,Emmitt Smith,rank,0.010915951749440635,0.3165465702957116,0.3223838631764241,0.10790175049650322,0.5736788503775606,0.4657770998810574,1.4447858850809705,1199.9999999999998,0.9999999999999998,,,False,5,False,1200,10.0,0.15
3,6,Jerry Springer,rank,9.954059537178186e-06,0.12861241465635795,0.12598027234468795,0.012893011607024675,0.3369804301127776,0.32408741850575296,2.572504726091681,1199.9999999999998,0.9999999999999998,,,False,5,False,1200,10.0,0.15
3,6,Joey Lawrence,rank,0.0040157542294386485,0.3403620108304749,0.33648554930320024,0.12454380255215505,0.5909744757323727,0.4664306731802177,1.386179251878291,1199.9999999999998,0.9999999999999998,,,False,5,False,1200,10.0,0.15
3,6,Mario Lopez,rank,0.9826226618995585,0.004919472757728411,0.004460794800858932,1.1542537799659662e-27,0.021098638854380136,0.021098638854380136,4.728733569351615,1199.9999999999998,0.9999999999999998,,,False,5,False,1200,10.0,0.15
3,6,Monique Coleman,rank,0.002435678062025222,0.2095595314597273,0.2106895203748288,0.04815732920096803,0.4372841144537629,0.38912678525279487,1.8469116909508752,1199.9999999999998,0.9999999999999998,,,False,5,False,1200,10.0,0.15
3,7,Emmitt Smith,rank,0.6622395847834031,0.032034341115140585,0.03065177412744801,8.799747758848205e-06,0.13280755367983005,0.1327987539320712,4.332356783758655,996.7914689933776,0.8306595574944814,0.655,0.8298385536816901,True,5,False,1200,10.0,0.15
3,7,Jerry Springer,rank,4.956984474510876e-05,0.18946518198182777,0.13710387101511218,0.023253993078335995,0.31214976140950174,0.28889576833116576,2.1071152774675865,996.7914689933776,0.8306595574944814,0.655,0.8298385536816901,True,5,True,1200,10.0,0.15
3,7,Joey Lawrence,rank,0.24362432837172632,0.18722480664033214,0.1930974959772838,0.038807672385796035,0.41715689321514854,0.3783492208293525,1.9593587143934137,996.7914689933776,0.8306595574944814,0.655,0.8298385536816901,True,5,False,1200,10.0,0.15
3,7,Mario Lopez,rank,0.08962438177715865,0.28507522320142975,0.30259981553371224,0.0977585928460073,0.5390891165392364,0.4413305236932291,1.4584578131913901,996.7914689933776,0.8306595574944814,0.655,0.8298385536816901,True,5,False,1200,10.0,0.15
3,7,Monique Coleman,rank,0.0044621352229669365,0.30620044706126975,0.33654704334644414,0.12801255608815956,0.5770837039878276,0.44907114789966807,1.3343448484631126,996.7914689933776,0.8306595574944814,0.655,0.8298385536816901,True,5,False,1200,10.0,0.15
3,8,Emmitt Smith,rank,0.046442941510727705,0.3360259707153638,0.3685037739464699,0.15182039394694757,0.5898925413039805,0.4380721473570329,1.1887828281450397,960.6508769625076,0.8005423974687563,0.5816666666666667,0.7897494289314687,True,4,False,1200,10.0,0.15
3,8,Joey Lawrence,rank,0.010362820977052833,0.40736720040169605,0.433385696804543,0.21035150705793543,0.6745457123133656,0.46419420525543015,1.0710854963431915,960.6508769625076,0.8005423974687563,0.5816666666666667,0.7897494289314687,True,4,False,1200,10.0,0.15
3,8,Mario Lopez,rank,0.9328314165351665,0.007416786805362848,0.006038245580721553,8.65178304106619e-20,0.03862038601862287,0.03862038601862287,6.394902393422559,960.6508769625076,0.8005423974687563,0.5816666666666667,0.7897494289314687,True,4,False,1200,10.0,0.15
3,8,Monique Coleman,rank,0.010362820977052833,0.24919004207757742,0.1920722836682656,0.054391620555958156,0.37333681840948985,0.3189451978535317,1.6605391013379542,960.6508769625076,0.8005423974687563,0.5816666666666667,0.7897494289314687,True,4,True,1200,10.0,0.15
3,9,Emmitt Smith,rank,0.3333333333333333,0.34602399111632703,0.34802570416520295,0.13135243479300107,0.6175027857737524,0.4861503509807513,1.3968765763157738,1199.9999999999998,0.9999999999999998,,,False,3,False,1200,10.0,0.15
3,9,Joey Lawrence,rank,0.3333333333333333,0.36164898466384704,0.35947427363908474,0.1361588586148408,0.6139869278637177,0.4778280692488769,1.3292376535711858,1199.9999999999998,0.9999999999999998,,,False,3,False,1200,10.0,0.15
3,9,Mario Lopez,rank,0.3333333333333333,0.292327024219826,0.29250002219571275,0.0917542526500218,0.5381773138280143,0.44642306117799246,1.5262273541023401,1199.9999999999998,0.9999999999999998,,,False,3,False,1200,10.0,0.15
3,10,Emmitt Smith,rank,0.5,0.14516141600760993,0.14975206978677505,0.019059947755585033,0.36122224573137174,0.3421622979757867,2.2848432987916194,1199.9999999999998,0.9999999999999998,,,False,3,True,1200,10.0,0.15
3,10,Joey Lawrence,rank,,0.7322037209121158,0.7254734799818345,0.46474733898415577,0.9165928270780669,0.4518454880939111,0.6228275432999725,1199.9999999999998,0.9999999999999998,,,False,3,True,1200,10.0,0.15
3,10,Mario Lopez,rank,0.5,0.12263486308027431,0.12477445023138986,0.011114847020968432,0.3376889667329785,0.32657411971201006,2.6172946609801415,1199.9999999999998,0.9999999999999998,,,False,3,True,1200,10.0,0.15
4,1,Apolo Anton Ohno,rank,0.0008018928497836624,0.3339807104651669,0.3346689584363969,0.11827965338721935,0.5955043599449866,0.4772247065577673,1.4259562130625554,1199.9999999999998,0.9999999999999998,,,False,11,False,1200,10.0,0.15
4,1,Billy Ray Cyrus,rank,3.687949623900387e-13,0.11666396716711577,0.11580705037612099,0.010644381886017532,0.30796266608996153,0.297318284203944,2.5673369272543205,1199.9999999999998,0.9999999999999998,,,False,11,False,1200,10.0,0.15
4,1,Clyde Drexler,rank,4.044327844182927e-10,0.04511495044344375,0.04455368672616984,8.272678750964738e-05,0.16434269241095817,0.16425996562344852,3.6867045353271006,1199.9999999999998,0.9999999999999998,,,False,11,False,1200,10.0,0.15
4,1,Heather Mills,rank,6.002314718017014e-08,0.05044737365654148,0.048847247550535135,0.00023957587306384012,0.18383983310466842,0.18360025723160459,3.7585843185400667,1199.9999999999998,0.9999999999999998,,,False,11,False,1200,10.0,0.15
4,1,Ian Ziering,rank,0.0008018928497836624,0.16528669525804265,0.16659733494978007,0.02743326572641494,0.38457952859739436,0.3571462628709794,2.1437564965978724,1199.9999999999998,0.9999999999999998,,,False,11,False,1200,10.0,0.15
4,1,Joey Fatone,rank,0.8793822885794552,0.005486196199534779,0.005574752103468738,1.6221051813160708e-25,0.029910199570165615,0.029910199570165615,5.364334535525377,1199.9999999999998,0.9999999999999998,,,False,11,False,1200,10.0,0.15
4,1,John Ratzenberger,rank,2.9883765323134906e-09,0.10256343202717977,0.10348959563676456,0.007162263941517583,0.2975008001755826,0.290338536234065,2.8054581621416776,1199.9999999999998,0.9999999999999998,,,False,11,False,1200,10.0,0.15
4,1,Laila Ali,rank,0.11901145109816126,0.1347207905824391,0.13247760507227369,0.01440112858327897,0.33566619031952877,0.3212650617362498,2.42503354833019,1199.9999999999998,0.9999999999999998,,,False,11,False,1200,10.0,0.15
4,1,Leeza Gibbons,rank,1.2212811859635065e-11,0.014100309674140794,0.014780978429161718,4.270288299740245e-11,0.08311651825579805,0.08311651821309517,5.622827729820242,1199.9999999999998,0.9999999999999998,,,False,11,False,1200,10.0,0.15
4,1,Paulina Porizkova,rank,1.2055971389332352e-06,0.009100257353693776,0.009590229602917803,7.635918182709959e-17,0.06103974854629317,0.06103974854629309,6.364121293449575,1199.9999999999998,0.9999999999999998,,,False,11,False,1200,10.0,0.15
4,1,Shandi Finnessey,rank,1.2055971389332352e-06,0.02253531717270102,0.023612561116410635,1.028344666484085e-07,0.12264485931185479,0.12264475647738814,5.193827219569781,1199.9999999999998,0.9999999999999998,,,False,11,False,1200,10.0,0.15
4,2,Apolo Anton Ohno,rank,0.1188879964322194,0.2185279114747764,0.2189917662478486,0.055302670552146105,0.44987306362964913,0.394570393077503,1.8017508059190483,1179.0530798350562,0.9825442331958801,0.5083333333333333,0.5347147162339055,True,11,False,1200,10.0,0.15
4,2,Billy Ray Cyrus,rank,8.114823098534446e-09,0.12405131962603834,0.12330914293549397,0.013706733598293061,0.3208747273325386,0.3071679937342455,2.491019687609407,1179.0530798350562,0.9825442331958801,0.5083333333333333,0.5347147162339055,True,11,False,1200,10.0,0.15
4,2,Clyde Drexler,rank,3.6841239870845356e-13,0.047971704282882624,0.048911581323138796,0.00019505331043349157,0.1910098981232543,0.19081484481282082,3.9011403538940423,1179.0530798350562,0.9825442331958801,0.5083333333333333,0.5347147162339055,True,11,False,1200,10.0,0.15
4,2,Heather Mills,rank,0.0013207263408040889,0.05335127061781643,0.05189617502235715,0.00019847510588105798,0.18737875742423823,0.18718028231835718,3.6067528191605898,1179.0530798350562,0.9825442331958801,0.5083333333333333,0.5347147162339055,True,11,False,1200,10.0,0.15
4,2,Ian Ziering,rank,4.4305432902620807e-07,0.17633308048064888,0.17917611318768079,0.038275591365147014,0.38797945255248073,0.3497038611873337,1.9517217068958637,1179.0530798350562,0.9825442331958801,0.5083333333333333,0.5347147162339055,True,11,False,1200,10.0,0.15
4,2,Joey Fatone,rank,0.0013207263408040889,0.21576725267539096,0.21419095672053595,0.046519532419651836,0.4395014439536391,0.39298191153398726,1.834718341206085,1179.0530798350562,0.9825442331958801,0.5083333333333333,0.5347147162339055,True,11,False,1200,10.0,0.15
4,2,John Ratzenberger,rank,8.114823098534446e-09,0.10905791696973595,0.10876157587538834,0.007298966764340996,0.2994273474779108,0.2921283807135698,2.68592738230352,1179.0530798350562,0.9825442331958801,0.5083333333333333,0.5347147162339055,True,11,False,1200,10.0,0.15
4,2,Laila Ali,rank,0.878470075127136,0.006307421439036972,0.005705288927978003,1.5105569593808471e-22,0.03404618588019229,0.03404618588019229,5.96643217858518,1179.0530798350562,0.9825442331958801,0.5083333333333333,0.5347147162339055,True,11,False,1200,10.0,0.15
4,2,Leeza Gibbons,rank,8.114823098534446e-09,0.014993164254328454,0.018266733232597348,4.208455031589108e-11,0.09746885037400244,0.09746885033191789,5.335574430110043,1179.0530798350562,0.9825442331958801,0.5083333333333333,0.5347147162339055,True,11,False,1200,10.0,0.15
4,2,Paulina Porizkova,rank,8.114823098534446e-09,0.009676548444857465,0.00604672877491402,5.41967149439763e-16,0.035767729906692754,0.03576772990669221,5.91424173237675,1179.0530798350562,0.9825442331958801,0.5083333333333333,0.5347147162339055,True,11,True,1200,10.0,0.15
4,2,Shandi Finnessey,rank,2.4504642451073135e-10,0.023962409734487714,0.02474393775206734,2.7550729165847587e-07,0.12373690006114907,0.12373662455385741,5.000482352941854,1179.0530798350562,0.9825442331958801,0.5083333333333333,0.5347147162339055,True,11,False,1200,10.0,0.15
4,3,Apolo Anton Ohno,rank,0.002769552490107037,0.3333645666456712,0.3283923558331008,0.1205367550909765,0.578040704248702,0.4575039491577255,1.3931583603361408,1155.6666727126044,0.963055560593837,0.6158333333333333,0.6762761538267398,True,10,False,1200,10.0,0.15
4,3,Billy Ray Cyrus,rank,5.63516328051447e-07,0.11739447270024662,0.12421786723471355,0.011619240309221849,0.31640205822595596,0.3047828179167341,2.453595212238106,1155.6666727126044,0.963055560593837,0.6158333333333333,0.6762761538267398,True,10,False,1200,10.0,0.15
4,3,Clyde Drexler,rank,1.1465774817949505e-10,0.0453975484068087,0.047888335565818854,8.283827142663592e-05,0.18199812951418934,0.1819152912427627,3.7986597452942163,1155.6666727126044,0.963055560593837,0.6158333333333333,0.6762761538267398,True,10,False,1200,10.0,0.15
4,3,Heather Mills,rank,0.2493071701456523,0.018211083932792697,0.0174797321567869,9.703661495976691e-10,0.09354636736110543,0.09354636639073928,5.3513986457609475,1155.6666727126044,0.963055560593837,0.6158333333333333,0.6762761538267398,True,10,False,1200,10.0,0.15
4,3,Ian Ziering,rank,0.2493071701456523,0.059864181751211235,0.05868974844233354,0.0005726761810962211,0.19734411503808533,0.1967714388569891,3.3526823916775648,1155.6666727126044,0.963055560593837,0.6158333333333333,0.6762761538267398,True,10,False,1200,10.0,0.15
4,3,Joey Fatone,rank,0.2493071701456523,0.07365064604679615,0.07610094909539859,0.0016808430129881045,0.2504225195977343,0.24874167658474622,3.268532272056959,1155.6666727126044,0.963055560593837,0.6158333333333333,0.6762761538267398,True,10,False,1200,10.0,0.15
4,3,John Ratzenberger,rank,7.626364186529855e-08,0.10320585340311242,0.1063924190698502,0.007049875949491788,0.28859614187779686,0.28154626592830506,2.6462751962455706,1155.6666727126044,0.963055560593837,0.6158333333333333,0.6762761538267398,True,10,False,1200,10.0,0.15
4,3,Laila Ali,rank,5.63516328051447e-07,0.22114501619696728,0.2224343127084169,0.05812326812024652,0.44107623539873947,0.38295296727849293,1.7216374622157828,1155.6666727126044,0.963055560593837,0.6158333333333333,0.6762761538267398,True,10,False,1200,10.0,0.15
4,3,Leeza Gibbons,rank,0.2493071701456523,0.005090093715046281,0.004083464123863242,1.3052121135481237e-26,0.020143863946933686,0.020143863946933686,4.931825408685644,1155.6666727126044,0.963055560593837,0.6158333333333333,0.6762761538267398,True,10,False,1200,10.0,0.15
4,3,Shandi Finnessey,rank,5.63516328051447e-07,0.02267653720134728,0.014320815769717653,1.1333412764951458e-07,0.06984793385634858,0.06984782052222092,4.877022693582515,1155.6666727126044,0.963055560593837,0.6158333333333333,0.6762761538267398,True,10,True,1200,10.0,0.15
4,4,Apolo Anton Ohno,rank,0.047216274792558535,0.2782251443620684,0.26951802511383577,0.07728051210493153,0.5038905562960043,0.4266100441910728,1.5828568837056571,1168.2389902333568,0.9735324918611307,0.6791666666666667,0.7232050102205201,True,9,False,1200,10.0,0.15
4,4,Billy Ray Cyrus,rank,9.607018422800277e-06,0.1176201584567873,0.12371654937392638,0.011819793076663592,0.307679512323537,0.29585971924687343,2.391412703727756,1168.2389902333568,0.9735324918611307,0.6791666666666667,0.7232050102205201,True,9,False,1200,10.0,0.15
4,4,Clyde Drexler,rank,7.191029087114519e-10,0.045486514561679264,0.047349699733196006,0.00012335870349932762,0.1932377344307378,0.19311437572723847,4.07838483518444,1168.2389902333568,0.9735324918611307,0.6791666666666667,0.7232050102205201,True,9,False,1200,10.0,0.15
4,4,Heather Mills,rank,0.0005245254332192303,0.05075328329701686,0.05184376679044936,0.00028111649431176235,0.18324982851184599,0.18296871201753423,3.5291645298950405,1168.2389902333568,0.9735324918611307,0.6791666666666667,0.7232050102205201,True,9,False,1200,10.0,0.15
4,4,Ian Ziering,rank,0.0038757478513727944,0.16455487648986505,0.1682710164696653,0.023898073680010148,0.389433783098371,0.3655357094183609,2.1722905393735306,1168.2389902333568,0.9735324918611307,0.6791666666666667,0.7232050102205201,True,9,False,1200,10.0,0.15
4,4,Joey Fatone,rank,0.9483642307213096,0.004165287597490054,0.004205802125358083,5.929495976867269e-32,0.021642409152573674,0.021642409152573674,5.144622567844564,1168.2389902333568,0.9735324918611307,0.6791666666666667,0.7232050102205201,True,9,False,1200,10.0,0.15
4,4,John Ratzenberger,rank,3.2227956464204255e-09,0.103408138545735,0.10576242109763351,0.0061932236076014955,0.276934709742789,0.2707414861351875,2.5598782955900945,1168.2389902333568,0.9735324918611307,0.6791666666666667,0.7232050102205201,True,9,False,1200,10.0,0.15
4,4,Laila Ali,rank,9.607018422800277e-06,0.22157015785089382,0.2202080379879095,0.05396911161086692,0.4523136225568233,0.39834451094595635,1.80893806442144,1168.2389902333568,0.9735324918611307,0.6791666666666667,0.7232050102205201,True,9,False,1200,10.0,0.15
4,4,Leeza Gibbons,rank,3.2227956464204255e-09,0.014216438838464197,0.009124681308026471,6.884712046448595e-11,0.04789983771365227,0.04789983764480515,5.248905372432299,1168.2389902333568,0.9735324918611307,0.6791666666666667,0.7232050102205201,True,9,True,1200,10.0,0.15
4,5,Apolo Anton Ohno,rank,0.9215509308803957,0.008902638702027739,0.008619667126300967,5.842542507317142e-19,0.050081894848657715,0.050081894848657715,5.809514984734982,1101.3131036274997,0.9177609196895831,0.4325,0.5316900342614178,True,8,False,1200,10.0,0.15
4,5,Billy Ray Cyrus,rank,6.290141145281772e-08,0.13709296558743436,0.141143697954396,0.016530258316101297,0.34593081165009565,0.3294005533339944,2.3337791508146064,1101.3131036274997,0.9177609196895831,0.4325,0.5316900342614178,True,8,False,1200,10.0,0.15
4,5,Clyde Drexler,rank,1.1520795377614977e-09,0.05301503180041953,0.03406442681441302,0.000169820913990859,0.13046923443184105,0.13029941351785018,3.8249752227593032,1101.3131036274997,0.9177609196895831,0.4325,0.5316900342614178,True,8,True,1200,10.0,0.15
4,5,Heather Mills,rank,9.33539718572367e-06,0.05927895515754792,0.06335827582092199,0.0008328574698758437,0.22177055726776349,0.22093769979788763,3.487061632811961,1101.3131036274997,0.9177609196895831,0.4325,0.5316900342614178,True,8,False,1200,10.0,0.15
4,5,Ian Ziering,rank,0.0005096954161651335,0.19446356714504706,0.19945735755882593,0.04271195254906994,0.4147012671416507,0.3719893145925807,1.864997381635766,1101.3131036274997,0.9177609196895831,0.4325,0.5316900342614178,True,8,False,1200,10.0,0.15
4,5,Joey Fatone,rank,0.00228429637582869,0.23750822882851974,0.24097713073123478,0.06000203881566831,0.47774375719423645,0.41774171837856816,1.7335254328305811,1101.3131036274997,0.9177609196895831,0.4325,0.5316900342614178,True,8,False,1200,10.0,0.15
4,5,John Ratzenberger,rank,1.709837637366201e-07,0.12052323714497311,0.11960292292527562,0.010993276024135409,0.3058916072325591,0.2948983312084237,2.465624237029967,1101.3131036274997,0.9177609196895831,0.4325,0.5316900342614178,True,8,False,1200,10.0,0.15
4,5,Laila Ali,rank,0.07564550689316994,0.1892153756340305,0.19277652106863166,0.0399054006680929,0.406472731840458,0.3665673311723651,1.9015045381865954,1101.3131036274997,0.9177609196895831,0.4325,0.5316900342614178,True,8,False,1200,10.0,0.15
4,6,Apolo Anton Ohno,rank,0.44968834470363067,0.08018032700312326,0.07889915934833433,0.0023857000161665513,0.23846989517930467,0.2360841951631381,2.9921890793763284,1072.8030295654542,0.8940025246378784,0.615,0.7460239313682446,True,7,False,1200,10.0,0.15
4,6,Billy Ray Cyrus,rank,1.675832496236592e-06,0.17738026177925484,0.19248483376925007,0.0342370473282938,0.40095220098406514,0.36671515365577134,1.905153987048135,1072.8030295654542,0.8940025246378784,0.615,0.7460239313682446,True,7,False,1200,10.0,0.15
4,6,Heather Mills,rank,3.365999548023783e-05,0.07669200676000994,0.05089589091268725,0.000968454492637346,0.15942994179932127,0.1584614873066839,3.113382457457409,1072.8030295654542,0.8940025246378784,0.615,0.7460239313682446,True,7,True,1200,10.0,0.15
4,6,Ian Ziering,rank,0.00024871559489322945,0.2518821018198298,0.2591167291398994,0.08187365302329826,0.4808619579701342,0.39898830494683596,1.5397954677636878,1072.8030295654542,0.8940025246378784,0.615,0.7460239313682446,True,7,False,1200,10.0,0.15
4,6,Joey Fatone,rank,0.10033903237060343,0.2053358169953558,0.20870911982286625,0.047002706763390044,0.4342153602056327,0.3872126534422427,1.8552653497150633,1072.8030295654542,0.8940025246378784,0.615,0.7460239313682446,True,7,False,1200,10.0,0.15
4,6,John Ratzenberger,rank,2.2679926553529886e-07,0.1559422115236483,0.16243969750413287,0.023518377505271425,0.3991545663529741,0.37563618884770267,2.312451218317045,1072.8030295654542,0.8940025246378784,0.615,0.7460239313682446,True,7,False,1200,10.0,0.15
4,6,Laila Ali,rank,0.44968834470363067,0.05258727411877809,0.04745456950283035,0.0002964164948942675,0.17463022465296799,0.17433380815807373,3.6736216630521334,1072.8030295654542,0.8940025246378784,0.615,0.7460239313682446,True,7,False,1200,10.0,0.15
4,7,Apolo Anton Ohno,rank,0.0012362937534765109,0.4317856882882243,0.44367049790634894,0.20703070149199898,0.7128289096715704,0.5057982081795714,1.1400286260586798,1014.2344501754918,0.8451953751462432,0.47333333333333333,0.6432142583215334,True,6,False,1200,10.0,0.15
4,7,Billy Ray Cyrus,rank,6.837747519592571e-07,0.15109779801330003,0.16812845723073333,0.02644836324246884,0.3834590098929259,0.35701064665045706,2.12342710510575,1014.2344501754918,0.8451953751462432,0.47333333333333333,0.6432142583215334,True,6,False,1200,10.0,0.15
4,7,Ian Ziering,rank,0.0012362937534765109,0.21369027384090022,0.23000928010951843,0.05474442051227164,0.46982652575644995,0.4150821052441783,1.8046241456970475,1014.2344501754918,0.8451953751462432,0.47333333333333333,0.6432142583215334,True,6,False,1200,10.0,0.15
4,7,Joey Fatone,rank,0.4987564973676337,0.03398745208367173,0.03501349185363893,1.22491553993521e-05,0.16121326180479767,0.16120101264939832,4.603836986217615,1014.2344501754918,0.8451953751462432,0.47333333333333333,0.6432142583215334,True,6,False,1200,10.0,0.15
4,7,John Ratzenberger,rank,1.3733983027621148e-05,0.1328283078062312,0.08758971722737087,0.007042805465460587,0.2318611860117515,0.2248183805462909,2.566691855744256,1014.2344501754918,0.8451953751462432,0.47333333333333333,0.6432142583215334,True,6,True,1200,10.0,0.15
4,7,Laila Ali,rank,0.4987564973676337,0.03661047996767248,0.0355885556723894,1.87629634060625e-05,0.15268663377037694,0.1526678708069709,4.289681844086959,1014.2344501754918,0.8451953751462432,0.47333333333333333,0.6432142583215334,True,6,False,1200,10.0,0.15
4,8,Apolo Anton Ohno,rank,0.9182428316394537,0.011743789172681665,0.01057587500739832,3.204639290174769e-13,0.0617917522927745,0.06179175229245403,5.842155858817646,980.9627301033038,0.8174689417527532,0.5325,0.7299435415833513,True,5,False,1200,10.0,0.15
4,8,Billy Ray Cyrus,rank,9.301885830779368e-06,0.17839412130977805,0.1251957153733834,0.025501872029895338,0.28533118010300285,0.2598293080731075,2.0753684096120204,980.9627301033038,0.8174689417527532,0.5325,0.7299435415833513,True,5,True,1200,10.0,0.15
4,8,Ian Ziering,rank,0.00018683337130939517,0.2533942083793535,0.2770550609782428,0.09089628301980722,0.5180096489033371,0.4271133658835299,1.5416135073004995,980.9627301033038,0.8174689417527532,0.5325,0.7299435415833513,True,5,False,1200,10.0,0.15
4,8,Joey Fatone,rank,0.0753739615715295,0.2288423529673193,0.24411168138021241,0.06939524230385682,0.46657088169684025,0.3971756393929834,1.627017642620422,980.9627301033038,0.8174689417527532,0.5325,0.7299435415833513,True,5,False,1200,10.0,0.15
4,8,Laila Ali,rank,0.006187071531876798,0.3276255281708674,0.3430616672607633,0.1304044743437592,0.5891461863072931,0.45874171196353386,1.337195083412683,980.9627301033038,0.8174689417527532,0.5325,0.7299435415833513,True,5,False,1200,10.0,0.15
4,9,Apolo Anton Ohno,rank,0.06283993466455375,0.5372097940097356,0.5886229104354318,0.36354999971616875,0.804167916150457,0.44061791643428827,0.7485559261572354,1000.5385203772568,0.8337821003143806,0.7841666666666667,0.9273247491092999,True,4,False,1200,10.0,0.15
4,9,Ian Ziering,rank,0.008504460356397616,0.3324246111285722,0.26791977056075583,0.09848488737928358,0.47543039618211225,0.3769455088028287,1.406929026121734,1000.5385203772568,0.8337821003143806,0.7841666666666667,0.9273247491092999,True,4,True,1200,10.0,0.15
4,9,Joey Fatone,rank,0.4643278024895244,0.06276096593734094,0.06956286644925422,0.000683835594246071,0.2356904978674333,0.23500666227318723,3.3782863757957013,1000.5385203772568,0.8337821003143806,0.7841666666666667,0.9273247491092999,True,4,False,1200,10.0,0.15
4,9,Laila Ali,rank,0.4643278024895244,0.0676046289243512,0.07389445255455801,0.0017548620050542654,0.22849678854767616,0.2267419265426219,3.068415155522801,1000.5385203772568,0.8337821003143806,0.7841666666666667,0.9273247491092999,True,4,False,1200,10.0,0.15
4,10,Apolo Anton Ohno,rank,0.8990522695867426,0.023377309008566823,0.022469558361260567,1.875533055806511e-07,0.11095771508591826,0.11095752753261268,4.937907004745569,1199.9999999999998,0.9999999999999998,,,False,3,True,1200,10.0,0.15
4,10,Joey Fatone,rank,0.07379870431184087,0.4237064939844114,0.42606486506170027,0.19109486398442885,0.6767125969070983,0.4856177329226694,1.1397715065776162,1199.9999999999998,0.9999999999999998,,,False,3,True,1200,10.0,0.15
4,10,Laila Ali,rank,0.027149026101416524,0.5529161970070218,0.5514655765770401,0.3070590571423757,0.7817820230552235,0.4747229659128478,0.8608372403264385,1199.9999999999998,0.9999999999999998,,,False,3,True,1200,10.0,0.15
5,1,Albert Reed,rank,5.82405813913855e-08,0.017824660803939515,0.016769776839149722,1.544471633190219e-09,0.0850378787606527,0.08503787721618107,5.070598579409187,1180.5586605013027,0.9837988837510856,0.44,0.46333808672974097,True,12,False,1200,10.0,0.15
5,1,Cameron Mathison,rank,5.82405813913855e-08,0.13275000285306066,0.13570179338898297,0.01465471684438143,0.33266119398385513,0.3180064771394737,2.343404061167182,1180.5586605013027,0.9837988837510856,0.44,0.46333808672974097,True,12,False,1200,10.0,0.15
5,1,Floyd Mayweather Jr.,rank,9.727167642488697e-13,0.03891921885673994,0.039094528143957905,4.3917115994101436e-05,0.16170617274806384,0.16166225563206973,4.135057468383482,1180.5586605013027,0.9837988837510856,0.44,0.46333808672974097,True,12,False,1200,10.0,0.15
5,1,Helio Castroneves,rank,0.11547705226758334,0.11745008950457307,0.11366154791663009,0.008994763158982127,0.31549506615027456,0.30650030299129244,2.6965813155632072,1180.5586605013027,0.9837988837510856,0.44,0.46333808672974097,True,12,False,1200,10.0,0.15
5,1,Jane Seymour,rank,0.015628119575962517,0.07866661020604976,0.08374667552002185,0.0019439526887298452,0.247345480167862,0.24540152747913216,2.930248821299681,1180.5586605013027,0.9837988837510856,0.44,0.46333808672974097,True,12,False,1200,10.0,0.15
5,1,Jennie Garth,rank,5.82405813913855e-08,0.1673193411913078,0.16428978968748423,0.028064655423876133,0.36717726262614,0.3391126072022638,2.0640999282268204,1180.5586605013027,0.9837988837510856,0.44,0.46333808672974097,True,12,False,1200,10.0,0.15
5,1,Josie Maran,rank,7.984545425481176e-14,0.010819012281390315,0.006452388632057918,2.672698426018811e-13,0.038523229616701876,0.038523229616434604,5.969457569170129,1180.5586605013027,0.9837988837510856,0.44,0.46333808672974097,True,12,True,1200,10.0,0.15
5,1,Marie Osmond,rank,5.82405813913855e-08,0.21372761254725098,0.21332171383809373,0.04796512329220035,0.4394386657173871,0.3914735424251867,1.8351235805217851,1180.5586605013027,0.9837988837510856,0.44,0.46333808672974097,True,12,False,1200,10.0,0.15
5,1,Mark Cuban,rank,5.82405813913855e-08,0.06172644195970786,0.0645323669750549,0.0006432877113640349,0.21768030319643786,0.21703701548507381,3.363175139598226,1180.5586605013027,0.9837988837510856,0.44,0.46333808672974097,True,12,False,1200,10.0,0.15
5,1,Mel B,rank,0.015628119575962517,0.14403168674515254,0.14460317674789164,0.016933792971762705,0.350871192351391,0.3339373993796283,2.30932056659627,1180.5586605013027,0.9837988837510856,0.44,0.46333808672974097,True,12,False,1200,10.0,0.15
5,1,Sabrina Bryan,rank,0.8532664173443201,0.0006578730711886873,0.0005959320668301257,6.50699449334745e-201,3.880375661924541e-05,3.880375661924541e-05,0.06500531429866732,1180.5586605013027,0.9837988837510856,0.44,0.46333808672974097,True,12,False,1200,10.0,0.15
5,1,Wayne Newton,rank,3.221195527589808e-11,0.016107449979638817,0.017230310243845144,3.978337000787206e-10,0.09943010492815545,0.09943010453032175,5.770315961076564,1180.5586605013027,0.9837988837510856,0.44,0.46333808672974097,True,12,False,1200,10.0,0.15
5,2,Albert Reed,rank,5.989757798068088e-08,0.01977754682908894,0.013292391091428546,1.8019605444699486e-08,0.06590585857765349,0.06590584055804805,4.957789935221534,1162.713144119963,0.9689276200999692,0.37333333333333335,0.41218510078962994,True,11,True,1200,10.0,0.15
5,2,Cameron Mathison,rank,5.989757798068088e-08,0.1472942137225876,0.14609501250998588,0.01905307439172723,0.3376088654110104,0.31855579101928316,2.1804550688712974,1162.713144119963,0.9689276200999692,0.37333333333333335,0.41218510078962994,True,11,False,1200,10.0,0.15
5,2,Floyd Mayweather Jr.,rank,5.989757798068088e-08,0.043183233477667074,0.04640831526804734,8.78902327885417e-05,0.1805076851313074,0.18041979489851886,3.8875771783415494,1162.713144119963,0.9689276200999692,0.37333333333333335,0.41218510078962994,True,11,False,1200,10.0,0.15
5,2,Helio Castroneves,rank,0.8775426094688197,0.005676773735591863,0.006428260905009892,2.937734685337081e-25,0.0348825653500977,0.0348825653500977,5.425594926924812,1162.713144119963,0.9689276200999692,0.37333333333333335,0.41218510078962994,True,11,False,1200,10.0,0.15
5,2,Jane Seymour,rank,5.989757798068088e-08,0.09307869890928996,0.09405936452314345,0.0065784397169623525,0.26658628733277523,0.26000784761581286,2.76426578755006,1162.713144119963,0.9689276200999692,0.37333333333333335,0.41218510078962994,True,11,False,1200,10.0,0.15
5,2,Jennie Garth,rank,5.989757798068088e-08,0.18565100016332564,0.18668704472428543,0.03381166160400168,0.42085192065468513,0.38704025905068346,2.073192526186092,1162.713144119963,0.9689276200999692,0.37333333333333335,0.41218510078962994,True,11,False,1200,10.0,0.15
5,2,Marie Osmond,rank,0.003586316072412399,0.2336723984032603,0.22858719899549734,0.060521537676874154,0.4724183354733857,0.41189679779651156,1.801916282671377,1162.713144119963,0.9689276200999692,0.37333333333333335,0.41218510078962994,True,11,False,1200,10.0,0.15
5,2,Mark Cuban,rank,4.483443317695206e-12,0.06848926386515625,0.06654601540488808,0.0010043295370961646,0.22256765241788432,0.22156332288078814,3.3294253924498864,1162.713144119963,0.9689276200999692,0.37333333333333335,0.41218510078962994,True,11,False,1200,10.0,0.15
5,2,Mel B,rank,0.0001082973615122606,0.17034312989279274,0.17631060185018346,0.03029698864445514,0.38606076572539705,0.3557637770809419,2.017812630295558,1162.713144119963,0.9689276200999692,0.37333333333333335,0.41218510078962994,True,11,False,1200,10.0,0.15
5,2,Sabrina Bryan,rank,0.11876247760465893,0.014961544049723536,0.013941641385496487,2.261900091984419e-10,0.07618672338721492,0.07618672316102491,5.4642962588334525,1162.713144119963,0.9689276200999692,0.37333333333333335,0.41218510078962994,True,11,False,1200,10.0,0.15
5,2,Wayne Newton,rank,2.2321749898153395e-13,0.017872196951516036,0.021644153342033803,2.828137659365479e-09,0.11124598526428127,0.11124598243614361,5.139533117564452,1162.713144119963,0.9689276200999692,0.37333333333333335,0.41218510078962994,True,11,False,1200,10.0,0.15
5,3,Cameron Mathison,rank,7.292274650916405e-07,0.15366887845240731,0.16083351393988815,0.023568425868172753,0.3785810135491254,0.3550125876809526,2.207315948451453,1162.8990046878196,0.9690825039065163,0.6516666666666666,0.7033473069126688,True,10,False,1200,10.0,0.15
5,3,Floyd Mayweather Jr.,rank,2.202076136545765e-08,0.04505226774454225,0.047196224346815516,9.985332392536225e-05,0.17512304269449053,0.17502318937056516,3.708336492088105,1162.8990046878196,0.9690825039065163,0.6516666666666666,0.7033473069126688,True,10,False,1200,10.0,0.15
5,3,Helio Castroneves,rank,1.4646925175500694e-05,0.21857457500532854,0.21520999459330725,0.054337544841793824,0.436329945916875,0.3819924010750812,1.774966942543746,1162.8990046878196,0.9690825039065163,0.6516666666666666,0.7033473069126688,True,10,False,1200,10.0,0.15
5,3,Jane Seymour,rank,0.32261999637725935,0.02576999935241606,0.025002652936456163,1.6839476739554268e-06,0.12263356317092766,0.1226318792232537,4.904558527304317,1162.8990046878196,0.9690825039065163,0.6516666666666666,0.7033473069126688,True,10,False,1200,10.0,0.15
5,3,Jennie Garth,rank,0.01606230381647463,0.18130702712711316,0.18188092480768986,0.033070013357958596,0.3958759891353737,0.3628059757774151,1.994733540240585,1162.8990046878196,0.9690825039065163,0.6516666666666666,0.7033473069126688,True,10,False,1200,10.0,0.15
5,3,Marie Osmond,rank,0.01606230381647463,0.23159497144811034,0.22899741199953577,0.062125262595559276,0.46900893467256205,0.40688367207700277,1.776796915420652,1162.8990046878196,0.9690825039065163,0.6516666666666666,0.7033473069126688,True,10,False,1200,10.0,0.15
5,3,Mark Cuban,rank,4.913496010064922e-09,0.07145356801530921,0.0740614831446908,0.00125172221615959,0.22509515313119324,0.22384343091503364,3.022359248713361,1162.8990046878196,0.9690825039065163,0.6516666666666666,0.7033473069126688,True,10,False,1200,10.0,0.15
5,3,Mel B,rank,0.32261999637725935,0.04718261616241005,0.04842900678852699,0.00011278859869983867,0.1815723438777469,0.18145955527904706,3.7468414173758613,1162.8990046878196,0.9690825039065163,0.6516666666666666,0.7033473069126688,True,10,False,1200,10.0,0.15
5,3,Sabrina Bryan,rank,0.32261999637725935,0.0067503675168781845,0.006426108577746015,1.1953197773427337e-20,0.036512707208226546,0.036512707208226546,5.681047202882566,1162.8990046878196,0.9690825039065163,0.6516666666666666,0.7033473069126688,True,10,False,1200,10.0,0.15
5,3,Wayne Newton,rank,1.4837472295996256e-10,0.018645729175484932,0.011962678865343244,2.0137424217870312e-09,0.06019616556139774,0.060196163547655314,5.031576342460465,1162.8990046878196,0.9690825039065163,0.6516666666666666,0.7033473069126688,True,10,True,1200,10.0,0.15
5,4,Cameron Mathison,rank,0.00020331206174344852,0.12746412124690776,0.12923471557818494,0.012398892021142029,0.3298537817717926,0.31745488975065056,2.4564021511421656,1131.4667971269646,0.9428889976058038,0.4825,0.5626327727941092,True,9,False,1200,10.0,0.15
5,4,Floyd Mayweather Jr.,rank,7.576735398180771e-10,0.037400766528213794,0.02389619949571659,2.2298209632688442e-05,0.09674156690123903,0.09671926869160634,4.047305572727993,1131.4667971269646,0.9428889976058038,0.4825,0.5626327727941092,True,9,True,1200,10.0,0.15
5,4,Helio Castroneves,rank,0.00020331206174344852,0.18131199294447461,0.17883525833691197,0.03135744636056521,0.4033283151951609,0.3719708688345957,2.07995219925612,1131.4667971269646,0.9428889976058038,0.4825,0.5626327727941092,True,9,False,1200,10.0,0.15
5,4,Jane Seymour,rank,1.0122311518032447e-05,0.0806116060016535,0.08889633758230019,0.0032133991429713054,0.28383179198682484,0.28061839284385354,3.1566568861981956,1131.4667971269646,0.9428889976058038,0.4825,0.5626327727941092,True,9,False,1200,10.0,0.15
5,4,Jennie Garth,rank,0.0003352049207863214,0.16056985963023537,0.1589322495475037,0.024689392948089205,0.3823947295349074,0.3577053365868182,2.2506639586444956,1131.4667971269646,0.9428889976058038,0.4825,0.5626327727941092,True,9,False,1200,10.0,0.15
5,4,Marie Osmond,rank,6.139492282849008e-06,0.2053837901340057,0.20477116232729312,0.04182458103180964,0.43597190079538806,0.3941473197635784,1.9248090916459712,1131.4667971269646,0.9428889976058038,0.4825,0.5626327727941092,True,9,False,1200,10.0,0.15
5,4,Mark Cuban,rank,1.6905981827983527e-10,0.059318169033790086,0.06747633618810311,0.0006887398172613497,0.2440715288746168,0.24338278905735544,3.6068819963326604,1131.4667971269646,0.9428889976058038,0.4825,0.5626327727941092,True,9,False,1200,10.0,0.15
5,4,Mel B,rank,1.0122311518032447e-05,0.14759280402755828,0.14756695872020822,0.018898167034087206,0.34788741427064257,0.32898924723655537,2.229408403353505,1131.4667971269646,0.9428889976058038,0.4825,0.5626327727941092,True,9,False,1200,10.0,0.15
5,4,Sabrina Bryan,rank,0.9992317859136746,0.00034689045316111305,0.00039078222377816917,0.0,6.736398833821364e-08,6.736398833821364e-08,0.00017194243191685942,1131.4667971269646,0.9428889976058038,0.4825,0.5626327727941092,True,9,False,1200,10.0,0.15
5,5,Cameron Mathison,rank,0.002968707645323902,0.15241646051825056,0.156990226018783,0.02256220040979964,0.36098568247367,0.3384234820638704,2.1556840509251147,1074.6748898732365,0.8955624082276971,0.485,0.612689006991209,True,8,False,1200,10.0,0.15
5,5,Helio Castroneves,rank,7.358690537732683e-06,0.21946175538799376,0.2201274488332194,0.04972086775991774,0.4415396135830126,0.39181874582309484,1.7799550576034666,1074.6748898732365,0.8955624082276971,0.485,0.612689006991209,True,8,False,1200,10.0,0.15
5,5,Jane Seymour,rank,0.002968707645323902,0.0963155678614576,0.10197082534257307,0.0060317625761160155,0.3070528313695177,0.3010210687934017,2.952002357338659,1074.6748898732365,0.8955624082276971,0.485,0.612689006991209,True,8,False,1200,10.0,0.15
5,5,Jennie Garth,rank,0.0004017708900266079,0.19414559246465218,0.19751590976744401,0.04100910116070987,0.4121493135513856,0.37114021239067574,1.8790300679959777,1074.6748898732365,0.8955624082276971,0.485,0.612689006991209,True,8,False,1200,10.0,0.15
5,5,Marie Osmond,rank,4.958246682591455e-08,0.2484044784011285,0.2576845282916276,0.0775746196998384,0.483895014146946,0.4063203944471076,1.576807192630807,1074.6748898732365,0.8955624082276971,0.485,0.612689006991209,True,8,False,1200,10.0,0.15
5,5,Mark Cuban,rank,4.958246682591455e-08,0.07174143029913325,0.047209677940656086,0.0009602990094405249,0.15011709879803872,0.1491567997885982,3.1593869500473724,1074.6748898732365,0.8955624082276971,0.485,0.612689006991209,True,8,True,1200,10.0,0.15
5,5,Mel B,rank,0.7264188100618695,0.009003699199631673,0.009825316146131365,3.631714431930231e-15,0.05706707778374824,0.05706707778374461,5.807575996444203,1074.6748898732365,0.8955624082276971,0.485,0.612689006991209,True,8,False,1200,10.0,0.15
5,5,Sabrina Bryan,rank,0.2672345459019847,0.008511015867752502,0.008676067659565044,2.411479833044219e-16,0.05647948663507984,0.056479486635079595,6.50905223411739,1074.6748898732365,0.8955624082276971,0.485,0.612689006991209,True,8,False,1200,10.0,0.15
5,6,Cameron Mathison,rank,7.320095176441891e-05,0.16691797545805223,0.1638803512196971,0.027522079162900833,0.3511335351420396,0.32361145597913876,1.9746691955530051,1147.6439160858238,0.9563699300715198,0.7783333333333333,0.8449470075832084,True,7,False,1200,10.0,0.15
5,6,Helio Castroneves,rank,0.01791168233081565,0.2206406750930928,0.2277642875625743,0.050773094933334005,0.4744089291506571,0.4236358342173231,1.859966629466911,1147.6439160858238,0.9563699300715198,0.7783333333333333,0.8449470075832084,True,7,False,1200,10.0,0.15
5,6,Jane Seymour,rank,6.675062777539965e-08,0.10551114346188104,0.11043382205115056,0.008465313450351182,0.30495885384702,0.2964935403966688,2.684783068327313,1147.6439160858238,0.9563699300715198,0.7783333333333333,0.8449470075832084,True,7,False,1200,10.0,0.15
5,6,Jennie Garth,rank,0.003996636547002697,0.20701804926657025,0.20962006517035858,0.04929949244579069,0.43295134436969274,0.38365185192390205,1.830216116935142,1147.6439160858238,0.9563699300715198,0.7783333333333333,0.8449470075832084,True,7,False,1200,10.0,0.15
5,6,Marie Osmond,rank,4.932241332712663e-07,0.2688184335016658,0.26665772151266526,0.08211024393193417,0.5145753913367271,0.43246514740479297,1.6217926229885289,1147.6439160858238,0.9563699300715198,0.7783333333333333,0.8449470075832084,True,7,False,1200,10.0,0.15
5,6,Mel B,rank,0.9779447192438917,0.003463732656721599,0.002928021120404477,1.8128458616228528e-40,0.012448612036994934,0.012448612036994934,4.250092957771458,1147.6439160858238,0.9563699300715198,0.7783333333333333,0.8449470075832084,True,7,False,1200,10.0,0.15
5,6,Sabrina Bryan,rank,7.320095176441891e-05,0.027629990562016288,0.018715731363150016,1.744671225963645e-06,0.0877229310634459,0.08772118639221994,4.686779154448286,1147.6439160858238,0.9563699300715198,0.7783333333333333,0.8449470075832084,True,7,True,1200,10.0,0.15
5,7,Cameron Mathison,rank,0.0003289839941786096,0.17103140288984608,0.18216327728138124,0.031087744250465604,0.38403161486617976,0.35294387061571414,1.9375032025106498,1026.7388653992723,0.8556157211660602,0.5108333333333334,0.6735091223231402,True,6,False,1200,10.0,0.15
5,7,Helio Castroneves,rank,0.004007845522249017,0.23963193373113806,0.241130777678249,0.06168270523323846,0.4699696487646675,0.408286943531429,1.6932108553366256,1026.7388653992723,0.8556157211660602,0.5108333333333334,0.6735091223231402,True,6,False,1200,10.0,0.15
5,7,Jane Seymour,rank,7.340625130734327e-05,0.10819243329098849,0.07265203117145345,0.005902028335959108,0.20240564253657767,0.19650361420061857,2.7046856962772945,1026.7388653992723,0.8556157211660602,0.5108333333333334,0.6735091223231402,True,6,True,1200,10.0,0.15
5,7,Jennie Garth,rank,0.010894453654400456,0.20640469061676367,0.22025710110648167,0.05111356036689189,0.44793324786390104,0.39681968749700913,1.801612224492803,1026.7388653992723,0.8556157211660602,0.5108333333333334,0.6735091223231402,True,6,False,1200,10.0,0.15
5,7,Marie Osmond,rank,0.004007845522249017,0.27122655786984934,0.27933133277270605,0.08210293636554081,0.5342928431440376,0.4521899067784968,1.6188240805852065,1026.7388653992723,0.8556157211660602,0.5108333333333334,0.6735091223231402,True,6,False,1200,10.0,0.15
5,7,Mel B,rank,0.9806874650556157,0.0035129816014142427,0.004465479989728185,2.329032426786961e-37,0.02505352323474126,0.02505352323474126,5.609232167693183,1026.7388653992723,0.8556157211660602,0.5108333333333334,0.6735091223231402,True,6,False,1200,10.0,0.15
5,8,Cameron Mathison,rank,0.0010975665514039211,0.230523041650452,0.1660127240652367,0.04158244923733509,0.33603527759084934,0.2944528283535143,1.773665581032362,934.6548061996201,0.7788790051663501,0.5233333333333333,0.7451995696355529,True,5,True,1200,10.0,0.15
5,8,Helio Castroneves,rank,0.7300372083756727,0.01636841132303353,0.01698003481611657,2.1645850664277455e-10,0.08587240926166229,0.08587240904520378,5.0569597185975335,934.6548061996201,0.7788790051663501,0.5233333333333333,0.7451995696355529,True,5,False,1200,10.0,0.15
5,8,Jennie Garth,rank,0.00024490020038831677,0.2915739005239238,0.3174140850764138,0.1252717760255278,0.5489282812317203,0.4236565052061925,1.3347081633004383,934.6548061996201,0.7788790051663501,0.5233333333333333,0.7451995696355529,True,5,False,1200,10.0,0.15
5,8,Marie Osmond,rank,5.464462093302768e-05,0.372737334512686,0.3985617197312045,0.1693885786794043,0.6349752496065989,0.46558667092719463,1.1681641254385053,934.6548061996201,0.7788790051663501,0.5233333333333333,0.7451995696355529,True,5,False,1200,10.0,0.15
5,8,Mel B,rank,0.26856568025160227,0.08879731198990463,0.10103143631102833,0.005003041604999254,0.283427386829594,0.27842434522459475,2.755791658507229,934.6548061996201,0.7788790051663501,0.5233333333333333,0.7451995696355529,True,5,False,1200,10.0,0.15
5,9,Helio Castroneves,rank,0.4921984520893954,0.060019878637623855,0.06648699277337787,0.0006005243039787929,0.2288332855675252,0.22823276126354639,3.4326914040174175,935.6241405822465,0.7796867838185387,0.6791666666666667,0.8793761745442363,True,4,False,1200,10.0,0.15
5,9,Jennie Garth,rank,0.014863105377615135,0.3786147409653986,0.30576926482438915,0.12807071425346914,0.49836134303038676,0.37029062877691765,1.2110092817219622,935.6241405822465,0.7796867838185387,0.6791666666666667,0.8793761745442363,True,4,True,1200,10.0,0.15
5,9,Marie Osmond,rank,0.0007399904435940909,0.512546393205765,0.5762738678503758,0.35415113590608244,0.7878482654238338,0.43369712951775136,0.7525872699177931,935.6241405822465,0.7796867838185387,0.6791666666666667,0.8793761745442363,True,4,False,1200,10.0,0.15
5,9,Mel B,rank,0.4921984520893954,0.0488189871912126,0.05146987455185706,0.00027876101614014785,0.19303620083801248,0.19275743982187232,3.74498085568118,935.6241405822465,0.7796867838185387,0.6791666666666667,0.8793761745442363,True,4,False,1200,10.0,0.15
5,10,Helio Castroneves,rank,0.2676231541498623,0.22438089577059228,0.22960375722595047,0.05710389572909989,0.4619462895714641,0.4048423938423642,1.7632143111214595,1199.9999999999998,0.9999999999999998,,,False,3,True,1200,10.0,0.15
5,10,Marie Osmond,rank,0.00490168904967292,0.7480722472311792,0.7429991566277174,0.5072643890900693,0.9282192652563965,0.4209548761663272,0.5665609521227166,1199.9999999999998,0.9999999999999998,,,False,3,True,1200,10.0,0.15
5,10,Mel B,rank,0.7274751568004647,0.02754685699822853,0.027397086146331844,2.1809095060647744e-06,0.13621702283279327,0.1362148419232872,4.971691861824595,1199.9999999999998,0.9999999999999998,,,False,3,True,1200,10.0,0.15
6,1,Adam Carolla,rank,5.6295521116279867e-14,0.013468714414487246,0.012672483108646765,1.9176108658966495e-11,0.06968894334248117,0.06968894332330507,5.498799558564784,1199.9999999999998,0.9999999999999998,,,False,12,False,1200,10.0,0.15
6,1,Cristian de la Fuente,rank,5.002482224488475e-07,0.2275952800690937,0.2245646159312294,0.05420290487727294,0.4706198949619621,0.4164169900846892,1.8543221247735986,1199.9999999999998,0.9999999999999998,,,False,12,False,1200,10.0,0.15
6,1,Jason Taylor,rank,1.0047754142755326e-05,0.2512342096127958,0.2552203927310777,0.07134484736668774,0.48773218367618515,0.4163873363094974,1.6314750572191943,1199.9999999999998,0.9999999999999998,,,False,12,False,1200,10.0,0.15
6,1,Kristi Yamaguchi,rank,0.9918717971286549,0.003545371194500756,0.003599608101005213,4.067385321706471e-38,0.01736210997318537,0.01736210997318537,4.8219938094174255,1199.9999999999998,0.9999999999999998,,,False,12,False,1200,10.0,0.15
6,1,Mario,rank,0.004053553331123412,0.09954023294463696,0.10166581584226507,0.004848369378933176,0.28847890512749275,0.28363053574855956,2.7898044548637104,1199.9999999999998,0.9999999999999998,,,False,12,False,1200,10.0,0.15
6,1,Marissa Jaret Winokur,rank,1.0178468992214094e-10,0.14842254070505148,0.15039754261811378,0.018017150830955984,0.35710591516839485,0.33908876433743884,2.254601397291728,1199.9999999999998,0.9999999999999998,,,False,12,False,1200,10.0,0.15
6,1,Marlee Matlin,rank,1.0047754142755326e-05,0.04522598620408117,0.04277150910508925,0.00012374950443266378,0.16402286772606361,0.16389911822163095,3.831879907230636,1199.9999999999998,0.9999999999999998,,,False,12,False,1200,10.0,0.15
6,1,Monica Seles,rank,5.6295521116279867e-14,0.07055436173941744,0.07228227524365041,0.0011322364980460642,0.24547945658741757,0.24434722008937151,3.3804115719124908,1199.9999999999998,0.9999999999999998,,,False,12,False,1200,10.0,0.15
6,1,Penn Jillette,rank,6.858198460137343e-13,0.046120300937970496,0.04385176715896044,9.887584706049323e-05,0.1773029190885132,0.1772040432414527,4.040886236417228,1199.9999999999998,0.9999999999999998,,,False,12,False,1200,10.0,0.15
6,1,Priscilla Presley,rank,0.004053553331123412,0.021971731531989166,0.0235020491290893,4.374232071779162e-08,0.12512123225572688,0.12512118851340617,5.323615154194863,1199.9999999999998,0.9999999999999998,,,False,12,False,1200,10.0,0.15
6,1,Shannon Elizabeth,rank,5.002482224488475e-07,0.06316139427603146,0.0602142077352318,0.0007542977255381098,0.20207456242718336,0.20132026470164524,3.3433458468972974,1199.9999999999998,0.9999999999999998,,,False,12,False,1200,10.0,0.15
6,1,Steve Guttenberg,rank,1.0178468992214094e-10,0.009159876369944045,0.009257733295640953,5.9839038166603015e-15,0.059221171343214134,0.05922117134320815,6.396249838094992,1199.9999999999998,0.9999999999999998,,,False,12,False,1200,10.0,0.15
6,2,Adam Carolla,rank,6.001142158161142e-10,0.01692056040622109,0.015150365452296276,5.896225446976084e-10,0.08500769855731101,0.08500769796768846,5.610563499067674,1199.9999999999998,0.9999999999999998,,,False,12,False,1200,10.0,0.15
6,2,Cristian de la Fuente,rank,7.3108878099121134e-09,0.28592539580450316,0.2881448295780876,0.08927122126828137,0.5261401498304373,0.436868928562156,1.5161383012269638,1199.9999999999998,0.9999999999999998,,,False,12,False,1200,10.0,0.15
6,2,Jason Taylor,rank,0.4800326679653152,0.0438469152827222,0.0431555279178751,8.02990335952373e-05,0.17088351637129226,0.17080321733769702,3.957760866739042,1199.9999999999998,0.9999999999999998,,,False,12,False,1200,10.0,0.15
6,2,Kristi Yamaguchi,rank,0.4800326679653152,0.036542379459367946,0.03774245479180882,2.078992460929194e-05,0.15763178584930082,0.15761099592469152,4.175849741208551,1199.9999999999998,0.9999999999999998,,,False,12,False,1200,10.0,0.15
6,2,Mario,rank,0.03940348088935937,0.10813320160631064,0.11023290785359449,0.007682932959861258,0.2940117556033919,0.2863288226435306,2.5974659541582605,1199.9999999999998,0.9999999999999998,,,False,12,False,1200,10.0,0.15
6,2,Marissa Jaret Winokur,rank,8.906484659163497e-08,0.18646112582488278,0.18428321832732963,0.03559262151547709,0.40227896310232597,0.3666863415868489,1.9897869981222842,1199.9999999999998,0.9999999999999998,,,False,12,False,1200,10.0,0.15
6,2,Marlee Matlin,rank,0.0002654985658119805,0.05675713424521575,0.05947837972718924,0.0007303590710167204,0.199663326862058,0.19893296779104128,3.3445703150146495,1199.9999999999998,0.9999999999999998,,,False,12,False,1200,10.0,0.15
6,2,Monica Seles,rank,1.221042607122065e-13,0.0886364730842777,0.08478027490370166,0.003433426786850007,0.2425214041144793,0.2390879773276293,2.820056405134224,1199.9999999999998,0.9999999999999998,,,False,12,True,1200,10.0,0.15
6,2,Penn Jillette,rank,6.666666746051211e-12,0.05794029896728443,0.057771195769043895,0.0004074317835213172,0.2059984387701452,0.2055910069866239,3.5586496973131463,1199.9999999999998,0.9999999999999998,,,False,12,True,1200,10.0,0.15
6,2,Priscilla Presley,rank,8.906484659163497e-08,0.028066715532520284,0.030790886069523047,1.6946679392877897e-06,0.13065844802998147,0.1306567533620422,4.243220212852197,1199.9999999999998,0.9999999999999998,,,False,12,False,1200,10.0,0.15
6,2,Shannon Elizabeth,rank,0.0002654985658119805,0.07926237323444908,0.0764335014671528,0.002099207216569547,0.23890634731183477,0.2368071400952652,3.098170793944819,1199.9999999999998,0.9999999999999998,,,False,12,False,1200,10.0,0.15
6,2,Steve Guttenberg,rank,9.022352323209475e-13,0.011507426552245036,0.012036458142397462,8.542666599611627e-13,0.06919935219142648,0.06919935219057222,5.748668146711412,1199.9999999999998,0.9999999999999998,,,False,12,False,1200,10.0,0.15
6,3,Adam Carolla,rank,1.3924376684803925e-08,0.015457746610122426,0.016234779065164583,5.648527392136869e-10,0.08523718072896068,0.08523718016410795,5.249959353474602,1177.2148389273111,0.9810123657727593,0.5766666666666667,0.6065359430280337,True,10,False,1200,10.0,0.15
6,3,Cristian de la Fuente,rank,0.010156668293821648,0.25052227536349936,0.25502929860879,0.0740054850774519,0.4907861631877855,0.4167806781103336,1.6342398545737682,1177.2148389273111,0.9810123657727593,0.5766666666666667,0.6065359430280337,True,10,False,1200,10.0,0.15
6,3,Jason Taylor,rank,1.526993318300412e-05,0.2883297888116087,0.285506944237256,0.09333772452062364,0.5325272947093225,0.43918957018869886,1.5382744300233344,1177.2148389273111,0.9810123657727593,0.5766666666666667,0.6065359430280337,True,10,False,1200,10.0,0.15
6,3,Kristi Yamaguchi,rank,0.9142741433807903,0.00559830173529397,0.006097760542102731,1.0541970854230012e-25,0.03165596847928716,0.03165596847928716,5.190557697871642,1177.2148389273111,0.9810123657727593,0.5766666666666667,0.6065359430280337,True,10,False,1200,10.0,0.15
6,3,Mario,rank,1.3924376684803925e-08,0.11616025613778971,0.11501059241772048,0.00774236567899566,0.3012673625603457,0.29352499688135003,2.552134012850386,1177.2148389273111,0.9810123657727593,0.5766666666666667,0.6065359430280337,True,10,False,1200,10.0,0.15
6,3,Marissa Jaret Winokur,rank,1.546858523886687e-10,0.17034128764692405,0.16980044264907523,0.028341116573415273,0.3866789801744352,0.35833786360101993,2.1103346238440897,1177.2148389273111,0.9810123657727593,0.5766666666666667,0.6065359430280337,True,10,False,1200,10.0,0.15
6,3,Marlee Matlin,rank,1.3924376684803925e-08,0.05190701189270749,0.05356325966236285,0.0002533845981548433,0.18713541712953366,0.1868820325313788,3.488931494794695,1177.2148389273111,0.9810123657727593,0.5766666666666667,0.6065359430280337,True,10,False,1200,10.0,0.15
6,3,Priscilla Presley,rank,0.07504819180127842,0.018832220950830793,0.017527062967197624,4.5076876260141985e-09,0.09072365233806892,0.0907236478303813,5.175908370489277,1177.2148389273111,0.9810123657727593,0.5766666666666667,0.6065359430280337,True,10,False,1200,10.0,0.15
6,3,Shannon Elizabeth,rank,0.0005056707387342145,0.0723385226703074,0.0746007000170045,0.0012866541553034553,0.23485259586312743,0.23356594170782397,3.130839399833859,1177.2148389273111,0.9810123657727593,0.5766666666666667,0.6065359430280337,True,10,False,1200,10.0,0.15
6,3,Steve Guttenberg,rank,1.3924376684803925e-08,0.010512588180915976,0.006629159833325906,4.2648747651959344e-14,0.03790357061522716,0.03790357061518451,5.716841157382904,1177.2148389273111,0.9810123657727593,0.5766666666666667,0.6065359430280337,True,10,True,1200,10.0,0.15
6,4,Adam Carolla,rank,6.096194834413317e-10,0.01989376976893074,0.012456900996339065,3.158082419933601e-08,0.06578495071338782,0.06578491913256361,5.280578096735193,1163.4261831706506,0.9695218193088755,0.5625,0.6103956586126786,True,9,True,1200,10.0,0.15
6,4,Cristian de la Fuente,rank,0.00044466643060020705,0.3355529026119671,0.34085932278197795,0.1252554456482226,0.5805828308372012,0.4553273851889786,1.3358180895704204,1163.4261831706506,0.9695218193088755,0.5625,0.6103956586126786,True,9,False,1200,10.0,0.15
6,4,Jason Taylor,rank,0.48763595223621403,0.04996471134762389,0.05093609542826526,0.0003730333641274302,0.20612287271686372,0.2057498393527363,4.039292732003024,1163.4261831706506,0.9695218193088755,0.5625,0.6103956586126786,True,9,False,1200,10.0,0.15
6,4,Kristi Yamaguchi,rank,0.48763595223621403,0.041641000965970426,0.03963868191502475,7.579081289057464e-05,0.15401175278872634,0.15393596197583576,3.8833803537028113,1163.4261831706506,0.9695218193088755,0.5625,0.6103956586126786,True,9,False,1200,10.0,0.15
6,4,Mario,rank,1.8172500682206903e-06,0.14949450189179173,0.1477344182374437,0.022256039941932357,0.3571444655471308,0.33488842560519844,2.266812045483624,1163.4261831706506,0.9695218193088755,0.5625,0.6103956586126786,True,9,False,1200,10.0,0.15
6,4,Marissa Jaret Winokur,rank,1.8172500682206903e-06,0.21922372895190073,0.21823479652079558,0.05403206620886586,0.4380837061331765,0.38405163992431063,1.7598013068754947,1163.4261831706506,0.9695218193088755,0.5625,0.6103956586126786,True,9,False,1200,10.0,0.15
6,4,Marlee Matlin,rank,1.8172500682206903e-06,0.06680264959459883,0.06958300019567945,0.0010102746828093395,0.2212172742506135,0.22020699956780415,3.1646211621716605,1163.4261831706506,0.9695218193088755,0.5625,0.6103956586126786,True,9,False,1200,10.0,0.15
6,4,Priscilla Presley,rank,1.2244534643755461e-08,0.032998490591651615,0.03579411493483596,1.56515351395929e-05,0.13931954925762932,0.13930389772248972,3.891701366962746,1163.4261831706506,0.9695218193088755,0.5625,0.6103956586126786,True,9,False,1200,10.0,0.15
6,4,Shannon Elizabeth,rank,0.024277964492612825,0.08442824427556492,0.08476266898963805,0.003135440408141431,0.24813836189299734,0.24500292148485592,2.8904237441020437,1163.4261831706506,0.9695218193088755,0.5625,0.6103956586126786,True,9,False,1200,10.0,0.15
6,5,Cristian de la Fuente,rank,2.0555804495630897e-06,0.2829743072399571,0.28864306235299936,0.08584447442741405,0.5311335601396862,0.4452890857122721,1.5426926924542192,1142.187488895042,0.951822907412535,0.57,0.6440693739900412,True,8,False,1200,10.0,0.15
6,5,Jason Taylor,rank,0.04527717246077481,0.2593145614301191,0.25681793979846834,0.07251599888934779,0.4897317371797675,0.4172157382904197,1.6245520623121426,1142.187488895042,0.951822907412535,0.57,0.6440693739900412,True,8,False,1200,10.0,0.15
6,5,Kristi Yamaguchi,rank,0.9094163192384284,0.0061872535231688305,0.005830818142615767,1.0072279391211159e-22,0.03270733061000765,0.03270733061000765,5.608427733882886,1142.187488895042,0.951822907412535,0.57,0.6440693739900412,True,8,False,1200,10.0,0.15
6,5,Mario,rank,0.04527717246077481,0.1044642540516419,0.10824790249772094,0.005744138171462723,0.2866411131766896,0.28089697500522687,2.5949175328695904,1142.187488895042,0.951822907412535,0.57,0.6440693739900412,True,8,False,1200,10.0,0.15
6,5,Marissa Jaret Winokur,rank,2.5042096412542475e-05,0.18451924672753767,0.1832090239351681,0.03676169646334085,0.40425904743287383,0.36749735096953295,2.0058801536949638,1142.187488895042,0.951822907412535,0.57,0.6440693739900412,True,8,False,1200,10.0,0.15
6,5,Marlee Matlin,rank,1.6873231837369952e-07,0.05623312508678325,0.05714727760085554,0.0003573613834003596,0.20676829812433936,0.206410936740939,3.6118487801607673,1142.187488895042,0.951822907412535,0.57,0.6440693739900412,True,8,False,1200,10.0,0.15
6,5,Priscilla Presley,rank,1.3850392121512378e-08,0.02777727634488411,0.019154736813156343,1.7140944820724193e-06,0.09177583560970126,0.09177412151521919,4.790947088612527,1142.187488895042,0.951822907412535,0.57,0.6440693739900412,True,8,True,1200,10.0,0.15
6,5,Shannon Elizabeth,rank,2.0555804495630897e-06,0.07852997559590809,0.08094923885901573,0.0017751025391180473,0.2553878886526567,0.25361278611353866,3.132946729845169,1142.187488895042,0.951822907412535,0.57,0.6440693739900412,True,8,False,1200,10.0,0.15
6,6,Cristian de la Fuente,rank,0.003949994596738489,0.2712696926523999,0.26921122745930726,0.07877624553363319,0.49593489450935296,0.41715864897571975,1.5495531273325072,1094.2346278025532,0.911862189835461,0.5133333333333333,0.6267677706512805,True,7,False,1200,10.0,0.15
6,6,Jason Taylor,rank,3.6019288368036125e-06,0.3043556369816733,0.30422614493351485,0.10692779866867723,0.5620027709983588,0.4550749723296816,1.4958394735917886,1094.2346278025532,0.911862189835461,0.5133333333333333,0.6267677706512805,True,7,False,1200,10.0,0.15
6,6,Kristi Yamaguchi,rank,0.966531810309171,0.004766560737674448,0.0046359842216372096,1.1078640813520136e-27,0.024834908908354762,0.024834908908354762,5.355832092865337,1094.2346278025532,0.911862189835461,0.5133333333333333,0.6267677706512805,True,7,False,1200,10.0,0.15
6,6,Mario,rank,0.02918673166577365,0.10874434464218946,0.111790130142459,0.0074609154653720675,0.30380133442062307,0.296340418955251,2.6508401746866226,1094.2346278025532,0.911862189835461,0.5133333333333333,0.6267677706512805,True,7,False,1200,10.0,0.15
6,6,Marissa Jaret Winokur,rank,0.0003242353010376866,0.1795609535872565,0.18956478962368703,0.03321049424718991,0.40992201116358223,0.3767115169163923,1.9872336546811222,1094.2346278025532,0.911862189835461,0.5133333333333333,0.6267677706512805,True,7,False,1200,10.0,0.15
6,6,Marlee Matlin,rank,2.426960559686031e-08,0.054789458645380304,0.03754829160720667,0.00015993102719278837,0.13670765789890482,0.13654772687171204,3.6364927546464028,1094.2346278025532,0.911862189835461,0.5133333333333333,0.6267677706512805,True,7,True,1200,10.0,0.15
6,6,Shannon Elizabeth,rank,3.6019288368036125e-06,0.07651335275342633,0.08302343201218712,0.0019907872995956147,0.26681936886849483,0.2648285815688992,3.1897668571827764,1094.2346278025532,0.911862189835461,0.5133333333333333,0.6267677706512805,True,7,False,1200,10.0,0.15
6,7,Cristian de la Fuente,rank,3.361652030410721e-06,0.3304428484104042,0.3359891688498797,0.13159786243882254,0.5715214827741036,0.4399236203352811,1.309334799411464,1055.965000289414,0.8799708335745118,0.5725,0.718671057917783,True,6,False,1200,10.0,0.15
6,7,Jason Taylor,rank,0.902056584067801,0.008935829906638375,0.009414321582722663,7.31128448533436e-17,0.061676975039038816,0.06167697503903874,6.550702968257339,1055.965000289414,0.8799708335745118,0.5725,0.718671057917783,True,6,False,1200,10.0,0.15
6,7,Kristi Yamaguchi,rank,0.0740453134618843,0.22421361688432603,0.22606778480569067,0.05625198551347974,0.447275329077002,0.39102334356352225,1.7296653489760312,1055.965000289414,0.8799708335745118,0.5725,0.718671057917783,True,6,False,1200,10.0,0.15
6,7,Mario,rank,0.003686499083646749,0.14474126267969578,0.15509350232735394,0.021910434743923096,0.366392379430813,0.34448194468688986,2.221109965328112,1055.965000289414,0.8799708335745118,0.5725,0.718671057917783,True,6,False,1200,10.0,0.15
6,7,Marissa Jaret Winokur,rank,0.016521742650990927,0.20134155297843778,0.2089828296668056,0.04775622002216943,0.4211819442520171,0.37342572422984766,1.7868642029635537,1055.965000289414,0.8799708335745118,0.5725,0.718671057917783,True,6,False,1200,10.0,0.15
6,7,Shannon Elizabeth,rank,0.003686499083646749,0.0903248891404976,0.06445239276754813,0.003152838795320386,0.1878162255836082,0.1846633867882878,2.8650685225257004,1055.965000289414,0.8799708335745118,0.5725,0.718671057917783,True,6,True,1200,10.0,0.15
6,8,Cristian de la Fuente,rank,0.9126189286279658,0.008167564491405837,0.007377362633337383,3.793015756586049e-18,0.036558952855736675,0.03655895285573667,4.954886967815014,1006.1479249029769,0.8384566040858141,0.5758333333333333,0.7531843158082355,True,5,False,1200,10.0,0.15
6,8,Jason Taylor,rank,0.0022621561558034903,0.38084453844522154,0.3961329409338387,0.17820650678878452,0.6439470927028074,0.46574058591402284,1.1757149231295223,1006.1479249029769,0.8384566040858141,0.5758333333333333,0.7531843158082355,True,5,False,1200,10.0,0.15
6,8,Kristi Yamaguchi,rank,0.07491232350057056,0.23543240842269755,0.24440785311221544,0.06559279977781814,0.4724410713251631,0.406848271547345,1.6646216631136055,1006.1479249029769,0.8384566040858141,0.5758333333333333,0.7531843158082355,True,5,False,1200,10.0,0.15
6,8,Mario,rank,0.010138280518862473,0.1485331143935147,0.10610079103020632,0.016380269379400285,0.2538201005742525,0.23743983119485224,2.237849416955224,1006.1479249029769,0.8384566040858141,0.5758333333333333,0.7531843158082355,True,5,True,1200,10.0,0.15
6,8,Marissa Jaret Winokur,rank,6.831119679795607e-05,0.22702237424716054,0.2459810522904013,0.07163103719426127,0.4739760773580197,0.40234504016375844,1.6356682791180157,1006.1479249029769,0.8384566040858141,0.5758333333333333,0.7531843158082355,True,5,False,1200,10.0,0.15
6,9,Cristian de la Fuente,rank,0.23063148249486842,0.2247521126162955,0.260185205308765,0.07082438988539363,0.4922601254970682,0.4214357356116746,1.6197466545605428,900.5823475207966,0.7504852896006639,0.5291666666666667,0.7740041167555307,True,4,False,1200,10.0,0.15
6,9,Jason Taylor,rank,0.1398850652281152,0.3603230561774111,0.4029070858957988,0.1796006109683625,0.6405808069610738,0.4609801959927113,1.144132401730779,900.5823475207966,0.7504852896006639,0.5291666666666667,0.7740041167555307,True,4,False,1200,10.0,0.15
6,9,Kristi Yamaguchi,rank,0.6269213679363712,0.04053184835227709,0.043128460189418176,4.6336863926752557e-05,0.16912506140670402,0.16907872454277728,3.9202606246451652,900.5823475207966,0.7504852896006639,0.5291666666666667,0.7740041167555307,True,4,False,1200,10.0,0.15
6,9,Marissa Jaret Winokur,rank,0.002562084340645184,0.3743929828540162,0.29377924860601945,0.1310446880006218,0.5016461972652474,0.3706015092646256,1.2614922583227475,900.5823475207966,0.7504852896006639,0.5291666666666667,0.7740041167555307,True,4,True,1200,10.0,0.15
6,10,Cristian de la Fuente,rank,0.00235563308079668,0.5164643999163794,0.5182003390347618,0.26273995925090804,0.7682322920824609,0.5054923328315528,0.975474771588044,1199.9999999999998,0.9999999999999998,,,False,3,True,1200,10.0,0.15
6,10,Jason Taylor,rank,0.047314155221824035,0.47389886388411695,0.47174931110888324,0.2230116447927269,0.7256417368002571,0.5026300920075302,1.0654578919642084,1199.9999999999998,0.9999999999999998,,,False,3,True,1200,10.0,0.15
6,10,Kristi Yamaguchi,rank,0.9503302116973793,0.009636736199503643,0.010050349856355098,1.2869835220248275e-15,0.05903441479191352,0.05903441479191224,5.873282259157158,1199.9999999999998,0.9999999999999998,,,False,3,True,1200,10.0,0.15
7,1,Brooke Burke,rank,0.9957720809737654,0.003536834079417947,0.0032663782507526577,2.4893369846462546e-37,0.013826316374214833,0.013826316374214833,4.2316240462915085,1199.9999999999998,0.9999999999999998,,,False,13,False,1200,10.0,0.15
7,1,Cloris Leachman,rank,3.427922594005699e-14,0.02721071715855459,0.027320348903473277,1.0625364625186526e-06,0.12431572487821207,0.12431466234174955,4.550092412382531,1199.9999999999998,0.9999999999999998,,,False,13,False,1200,10.0,0.15
7,1,Cody Linley,rank,2.250772917275721e-06,0.14352702250636099,0.14086482976037368,0.016857268874057463,0.33418026205368895,0.3173229931796315,2.2526612289114287,1199.9999999999998,0.9999999999999998,,,False,13,False,1200,10.0,0.15
7,1,Jeffrey Ross,rank,2.309716075537797e-16,0.06105305194534788,0.057367126162959664,0.0007398532081733485,0.19667290661838444,0.19593305341021108,3.415364358487925,1199.9999999999998,0.9999999999999998,,,False,13,True,1200,10.0,0.15
7,1,Kim Kardashian,rank,6.197829443434555e-11,0.08733468017872907,0.08917301118880694,0.003033450557148122,0.25748899197911146,0.25445554142196336,2.85347197047364,1199.9999999999998,0.9999999999999998,,,False,13,False,1200,10.0,0.15
7,1,Lance Bass,rank,1.66310873517041e-05,0.1696705660452386,0.17153017846220547,0.027145760540683125,0.40049471029592043,0.3733489497552373,2.1765661094522217,1199.9999999999998,0.9999999999999998,,,False,13,False,1200,10.0,0.15
7,1,Maurice Greene,rank,2.5003828546385526e-08,0.09000341024732168,0.09204970127747661,0.003046798273412759,0.26512904917106067,0.2620822508976479,2.8471510511107363,1199.9999999999998,0.9999999999999998,,,False,13,False,1200,10.0,0.15
7,1,Misty May-Treanor,rank,1.66310873517041e-05,0.07985225692152853,0.07915331501740691,0.0021754261616227294,0.2491391818903603,0.24696375572873758,3.1200289671438317,1199.9999999999998,0.9999999999999998,,,False,13,False,1200,10.0,0.15
7,1,Rocco DiSpirito,rank,4.1760646299233413e-13,0.009745881857634635,0.009644084621134223,1.1137713463314762e-15,0.05971110516515126,0.059711105165150144,6.190832689462538,1199.9999999999998,0.9999999999999998,,,False,13,False,1200,10.0,0.15
7,1,Susan Lucci,rank,3.7591735811127444e-11,0.06421819279448335,0.061987738202430115,0.00071164226758599,0.21864791645639975,0.21793627418881376,3.5157398022383055,1199.9999999999998,0.9999999999999998,,,False,13,False,1200,10.0,0.15
7,1,Ted McGinley,rank,3.7591735811127444e-11,0.052201761761967905,0.05401573825010754,0.00040978537200233873,0.1892021179201236,0.18879233254812125,3.4950709477121267,1199.9999999999998,0.9999999999999998,,,False,13,True,1200,10.0,0.15
7,1,Toni Braxton,rank,0.0040694928997435115,0.017870046087301087,0.016312428736364327,1.2364981180775107e-08,0.08469130948252439,0.08469129711754321,5.191508081238465,1199.9999999999998,0.9999999999999998,,,False,13,False,1200,10.0,0.15
7,1,Warren Sapp,rank,0.0001228880374279576,0.19377557841611387,0.19731512116650834,0.03801594943929352,0.42193746431517193,0.3839215148758784,1.9457179302237555,1199.9999999999998,0.9999999999999998,,,False,13,False,1200,10.0,0.15
7,2,Brooke Burke,rank,0.49544214324933894,0.03729830118426687,0.0374429451607175,8.395146789034554e-06,0.15251031706210263,0.1525019219153136,4.072805930591512,1199.9999999999998,0.9999999999999998,,,False,11,False,1200,10.0,0.15
7,2,Cloris Leachman,rank,2.531258018115376e-12,0.03667085615766523,0.03487980124953982,2.1667334757899567e-05,0.14175444055345085,0.14173277321869296,4.063346257579528,1199.9999999999998,0.9999999999999998,,,False,11,False,1200,10.0,0.15
7,2,Cody Linley,rank,1.3642717483315598e-05,0.1934168887692005,0.20008184524827216,0.0374540668748466,0.4401690131308619,0.4027149462560153,2.0127410011403413,1199.9999999999998,0.9999999999999998,,,False,11,False,1200,10.0,0.15
7,2,Kim Kardashian,rank,1.382020050456626e-10,0.11769765106804969,0.12023749028887798,0.010669169219291362,0.32665963606126414,0.3159904668419728,2.6280308916287334,1199.9999999999998,0.9999999999999998,,,False,11,True,1200,10.0,0.15
7,2,Lance Bass,rank,4.119743707660492e-07,0.22867386619212185,0.23025447066282972,0.05838646656777712,0.4667723718486685,0.40838590528089136,1.7736208573254861,1199.9999999999998,0.9999999999999998,,,False,11,False,1200,10.0,0.15
7,2,Maurice Greene,rank,3.3816915657412724e-08,0.12129419346331301,0.11525960686089723,0.011160166058113806,0.30749275666530645,0.29633259060719264,2.570978920532866,1199.9999999999998,0.9999999999999998,,,False,11,False,1200,10.0,0.15
7,2,Misty May-Treanor,rank,1.3642717483315598e-05,0.10761519416296185,0.10688040346477132,0.00812247672891508,0.2926895514175064,0.2845670746885913,2.6624563812205757,1199.9999999999998,0.9999999999999998,,,False,11,True,1200,10.0,0.15
7,2,Rocco DiSpirito,rank,3.0837035518672806e-11,0.013134157016421283,0.013794512077389035,2.6321231859556545e-11,0.0764287149441313,0.07642871491781006,5.540114385683254,1199.9999999999998,0.9999999999999998,,,False,11,False,1200,10.0,0.15
7,2,Susan Lucci,rank,1.3642717483315598e-05,0.08653957896879153,0.08402204404185205,0.002927844092295793,0.25432622591963816,0.25139838182734237,2.9920170673907065,1199.9999999999998,0.9999999999999998,,,False,11,False,1200,10.0,0.15
7,2,Toni Braxton,rank,0.009074339386015403,0.023592232428871523,0.0229410641726332,3.5348880384371144e-07,0.11336079141753712,0.11336043792873328,4.941161225760891,1199.9999999999998,0.9999999999999998,,,False,11,False,1200,10.0,0.15
7,2,Warren Sapp,rank,0.49544214324933894,0.0340670805883368,0.034205816772220225,1.2062225917930487e-05,0.13914918514396735,0.13913712291804942,4.06752618475287,1199.9999999999998,0.9999999999999998,,,False,11,False,1200,10.0,0.15
7,3,Brooke Burke,rank,0.9488685435789888,0.006260992705686927,0.0060408001908276885,2.007269360184811e-23,0.0348249850683684,0.0348249850683684,5.764008071838866,1199.9999999999998,0.9999999999999998,,,False,9,False,1200,10.0,0.15
7,3,Cloris Leachman,rank,5.905895043363501e-11,0.03971986627637701,0.04080587605814549,3.6989219099119924e-05,0.15932229814174656,0.15928530892264745,3.9033938470487834,1199.9999999999998,0.9999999999999998,,,False,9,False,1200,10.0,0.15
7,3,Cody Linley,rank,2.902610893320005e-07,0.20951010101575196,0.20878036623247453,0.04300812255953494,0.4504743749550778,0.40746625239554285,1.9516408947235073,1199.9999999999998,0.9999999999999998,,,False,9,False,1200,10.0,0.15
7,3,Lance Bass,rank,5.83004982714257e-06,0.2476815101782333,0.2514207752267948,0.06986585578651011,0.48161200427976186,0.41174614849325175,1.6376709937786278,1199.9999999999998,0.9999999999999998,,,False,9,False,1200,10.0,0.15
7,3,Maurice Greene,rank,0.003877808862755608,0.1293009681736498,0.12785563387662915,0.01217451111833799,0.3328096442397389,0.3206351331214009,2.5077708007766475,1199.9999999999998,0.9999999999999998,,,False,9,False,1200,10.0,0.15
7,3,Rocco DiSpirito,rank,2.3826081118388624e-08,0.014226199333301087,0.014534629939814622,3.8135303819395376e-11,0.08552219291385653,0.08552219287572123,5.883624805380256,1199.9999999999998,0.9999999999999998,,,False,9,False,1200,10.0,0.15
7,3,Susan Lucci,rank,2.902610893320005e-07,0.0937400867472712,0.09426392876688439,0.0050689645455850125,0.26197709873404995,0.2569081341884649,2.7253840590469705,1199.9999999999998,0.9999999999999998,,,False,9,False,1200,10.0,0.15
7,3,Toni Braxton,rank,5.83004982714257e-06,0.026524694141124502,0.026434134555218827,9.637447534262738e-07,0.12431787481724574,0.1243169110724923,4.702715275112895,1199.9999999999998,0.9999999999999998,,,False,9,False,1200,10.0,0.15
7,3,Warren Sapp,rank,0.0472413830512826,0.2330355814286042,0.22986385515321064,0.05856057630735469,0.470656409039779,0.41209583273242434,1.792774421551969,1199.9999999999998,0.9999999999999998,,,False,9,False,1200,10.0,0.15
7,4,Brooke Burke,rank,0.4981782818595698,0.045998309353053976,0.0470534188348566,7.024573786367465e-05,0.17267965420078507,0.1726094084629214,3.668293281205232,1160.308129366685,0.9669234411389043,0.54,0.5880920782598483,True,9,False,1200,10.0,0.15
7,4,Cloris Leachman,rank,3.0609131535613914e-06,0.04573562520524158,0.050116042980115114,8.955005592477537e-05,0.19377343419250007,0.19368388413657528,3.8646311238558715,1160.308129366685,0.9669234411389043,0.54,0.5880920782598483,True,9,False,1200,10.0,0.15
7,4,Cody Linley,rank,0.0002755346212436301,0.24097153340941005,0.24258961105377744,0.06057262391560808,0.4821948486686014,0.4216222247529933,1.7379989395365685,1160.308129366685,0.9669234411389043,0.54,0.5880920782598483,True,9,False,1200,10.0,0.15
7,4,Lance Bass,rank,0.4981782818595698,0.036771000628849325,0.035437278351759714,1.0246877286826692e-05,0.14572059688935965,0.14571035001207283,4.111665599715497,1160.308129366685,0.9669234411389043,0.54,0.5880920782598483,True,9,False,1200,10.0,0.15
7,4,Maurice Greene,rank,3.400367362677384e-08,0.15127914021695846,0.14926734113226112,0.01910910111908373,0.359241897509625,0.3401327963905413,2.2786666871923114,1160.308129366685,0.9669234411389043,0.54,0.5880920782598483,True,9,False,1200,10.0,0.15
7,4,Rocco DiSpirito,rank,3.7774669260735177e-10,0.016381031299830907,0.011910912821057542,4.2144048179048435e-10,0.06607621036371214,0.06607620994227166,5.547069638174652,1160.308129366685,0.9669234411389043,0.54,0.5880920782598483,True,9,True,1200,10.0,0.15
7,4,Susan Lucci,rank,0.0033566988592652423,0.10645933714207238,0.1097235495148841,0.007768518379103683,0.29170007504266576,0.28393155666356207,2.5876757564180917,1160.308129366685,0.9669234411389043,0.54,0.5880920782598483,True,9,False,1200,10.0,0.15
7,4,Toni Braxton,rank,5.046592624042474e-06,0.03054246553451076,0.030812274662248715,6.430243573606825e-06,0.14068891799235095,0.14068248774877734,4.565645465820493,1160.308129366685,0.9669234411389043,0.54,0.5880920782598483,True,9,False,1200,10.0,0.15
7,4,Warren Sapp,rank,3.0609131535613914e-06,0.3258615572100725,0.32308957064903954,0.12638033346403968,0.5523031887904268,0.4259228553263872,1.3182769601439415,1160.308129366685,0.9669234411389043,0.54,0.5880920782598483,True,9,False,1200,10.0,0.15
7,5,Brooke Burke,rank,0.8568701320425027,0.009656508600813046,0.008907732771972902,4.800437491247658e-16,0.05534648375857426,0.05534648375857378,6.212610162995934,1138.083259209188,0.9484027160076568,0.5508333333333333,0.6233450391660136,True,8,False,1200,10.0,0.15
7,5,Cloris Leachman,rank,9.642803002111768e-08,0.041965559929110566,0.044464491547119254,9.03900600252699e-05,0.18287859121081182,0.18278820115078656,4.1107878219920115,1138.083259209188,0.9484027160076568,0.5508333333333333,0.6233450391660136,True,8,False,1200,10.0,0.15
7,5,Cody Linley,rank,0.11596476201696583,0.13740422238411942,0.1374940106680824,0.014022445245782672,0.33904450675007014,0.3250220615042875,2.3638825869027476,1138.083259209188,0.9484027160076568,0.5508333333333333,0.6233450391660136,True,8,False,1200,10.0,0.15
7,5,Lance Bass,rank,9.642803002111768e-08,0.2616912747054839,0.2681914656960651,0.08042933912984776,0.5241672783268614,0.44373793919701365,1.654550354519986,1138.083259209188,0.9484027160076568,0.5508333333333333,0.6233450391660136,True,8,False,1200,10.0,0.15
7,5,Maurice Greene,rank,0.025875235920420136,0.12479696043086798,0.12614829198269406,0.012715615295408053,0.3188376971262229,0.30612208183081485,2.426665080869503,1138.083259209188,0.9484027160076568,0.5508333333333333,0.6233450391660136,True,8,False,1200,10.0,0.15
7,5,Susan Lucci,rank,7.125121233354074e-07,0.09903985903031648,0.10165112576820537,0.005394889419495434,0.2820463673198049,0.2766514779003095,2.7215513282147237,1138.083259209188,0.9484027160076568,0.5508333333333333,0.6233450391660136,True,8,False,1200,10.0,0.15
7,5,Toni Braxton,rank,7.125121233354074e-07,0.02802495604733355,0.018280957211112628,7.557563182073814e-07,0.09185563486463481,0.0918548791083166,5.024346028579638,1138.083259209188,0.9484027160076568,0.5508333333333333,0.6233450391660136,True,8,True,1200,10.0,0.15
7,5,Warren Sapp,rank,0.0012882521398045663,0.297420658871955,0.29486192435474795,0.09465251223048088,0.5371228462647122,0.4424703340342313,1.5005967094794792,1138.083259209188,0.9484027160076568,0.5508333333333333,0.6233450391660136,True,8,False,1200,10.0,0.15
7,6,Brooke Burke,rank,0.074567724247385,0.23450954662685589,0.22814728878518992,0.05747933738349611,0.44771802443796815,0.39023868705447207,1.7104607232969267,1128.0269470040125,0.9400224558366771,0.6708333333333333,0.7578058597201697,True,7,False,1200,10.0,0.15
7,6,Cloris Leachman,rank,6.200520422989611e-08,0.040849940420479944,0.027581636362370862,3.8428994028600885e-05,0.10734756912575838,0.10730914013172978,3.8904598792494114,1128.0269470040125,0.9400224558366771,0.6708333333333333,0.7578058597201697,True,7,True,1200,10.0,0.15
7,6,Cody Linley,rank,0.00018483490878726236,0.21530750348214805,0.2166669454467943,0.054450728779191854,0.4458932687331871,0.39144253995399525,1.8066472137666492,1128.0269470040125,0.9400224558366771,0.6708333333333333,0.7578058597201697,True,7,False,1200,10.0,0.15
7,6,Lance Bass,rank,0.9084208503071698,0.006078863044156202,0.005793296403723523,3.7917472025289987e-22,0.03341694136687019,0.03341694136687019,5.767212969187396,1128.0269470040125,0.9400224558366771,0.6708333333333333,0.7578058597201697,True,7,False,1200,10.0,0.15
7,6,Maurice Greene,rank,3.3853694433796178e-06,0.1351152951902219,0.14240183015289756,0.016630522206252014,0.34292306106607523,0.32629253885982323,2.2913346491041207,1128.0269470040125,0.9400224558366771,0.6708333333333333,0.7578058597201697,True,7,False,1200,10.0,0.15
7,6,Susan Lucci,rank,0.00018483490878726236,0.09633399037040939,0.10678892759723671,0.004946649014244956,0.29837837327143146,0.2934317242571865,2.7477471973188163,1128.0269470040125,0.9400224558366771,0.6708333333333333,0.7578058597201697,True,7,False,1200,10.0,0.15
7,6,Warren Sapp,rank,0.016638308253222968,0.2718048608657287,0.27262007525178733,0.08484060697653534,0.5117803332014909,0.4269397262249555,1.5660554703287068,1128.0269470040125,0.9400224558366771,0.6708333333333333,0.7578058597201697,True,7,False,1200,10.0,0.15
7,7,Brooke Burke,rank,0.9954738028158384,0.0053457389761183425,0.004763332138416178,3.2800492618180037e-28,0.027062383847605353,0.027062383847605353,5.680205128730128,1037.1514717279342,0.8642928931066118,0.505,0.6603292505298426,True,6,False,1200,10.0,0.15
7,7,Cody Linley,rank,1.0084242797509295e-05,0.21666066969746556,0.22172579787969085,0.053369125764810475,0.45517744440749813,0.4018083186426877,1.8121775197453094,1037.1514717279342,0.8642928931066118,0.505,0.6603292505298426,True,6,False,1200,10.0,0.15
7,7,Lance Bass,rank,0.0024675328555440967,0.25356544148428767,0.258078188816347,0.07332691025604218,0.4902875953065913,0.41696068505054906,1.6156307951946662,1037.1514717279342,0.8642928931066118,0.505,0.6603292505298426,True,6,False,1200,10.0,0.15
7,7,Maurice Greene,rank,0.001496634330735759,0.1350351101149943,0.14888051312337736,0.01800372590447687,0.354068806272545,0.33606508036806815,2.257265346904237,1037.1514717279342,0.8642928931066118,0.505,0.6603292505298426,True,6,False,1200,10.0,0.15
7,7,Susan Lucci,rank,0.0005505810012290667,0.09672422140753732,0.06678713705035796,0.002809674170736729,0.19022909594982643,0.18741942177908968,2.8061783133399314,1037.1514717279342,0.8642928931066118,0.505,0.6603292505298426,True,6,True,1200,10.0,0.15
7,7,Warren Sapp,rank,1.364753855227692e-06,0.29266881831959674,0.29976503099181123,0.09807096174278963,0.5425615835943982,0.4444906218516086,1.4827918306185628,1037.1514717279342,0.8642928931066118,0.505,0.6603292505298426,True,6,False,1200,10.0,0.15
7,8,Brooke Burke,rank,0.816299518708467,0.014758554573567673,0.016248048721987013,5.155819208052247e-10,0.0831664742004791,0.08316647368489717,5.118236464659155,988.5141174911686,0.8237617645759738,0.5858333333333333,0.7717027659462947,True,5,False,1200,10.0,0.15
7,8,Cody Linley,rank,0.0001660911316957856,0.28613214744434673,0.29997166964616373,0.10003817459583735,0.5453573753739074,0.44531920077807,1.4845325785957486,988.5141174911686,0.8237617645759738,0.5858333333333333,0.7717027659462947,True,5,False,1200,10.0,0.15
7,8,Lance Bass,rank,0.0012272566896350382,0.33679848548910923,0.3653001705630665,0.14132869144061233,0.6230481585511797,0.48171946711056735,1.3186912770305568,988.5141174911686,0.8237617645759738,0.5858333333333333,0.7717027659462947,True,5,False,1200,10.0,0.15
7,8,Maurice Greene,rank,0.0001660911316957856,0.17942707167313512,0.12762202004938017,0.019000569129376407,0.2837509745270732,0.2647504053976968,2.0744721860935353,988.5141174911686,0.8237617645759738,0.5858333333333333,0.7717027659462947,True,5,True,1200,10.0,0.15
7,8,Warren Sapp,rank,0.18214104233850642,0.18288374081984118,0.1908580910194031,0.03338342060373977,0.42678214762540645,0.39339872702166667,2.061199835546073,988.5141174911686,0.8237617645759738,0.5858333333333333,0.7717027659462947,True,5,False,1200,10.0,0.15
7,9,Brooke Burke,rank,0.0066184806963226935,0.38371193442168433,0.42082193284531566,0.1944189878856041,0.6611958895091553,0.46677690162355123,1.1092002483503607,936.3387942160394,0.7802823285133662,0.5358333333333334,0.7590425867233856,True,4,False,1200,10.0,0.15
7,9,Cody Linley,rank,0.0001998607992600699,0.266399126137395,0.20025385130818182,0.059316358457619796,0.37473748801912654,0.31542112956150675,1.5750985681544862,936.3387942160394,0.7802823285133662,0.5358333333333334,0.7590425867233856,True,4,True,1200,10.0,0.15
7,9,Lance Bass,rank,0.9822696286006719,0.0055519183353823,0.004812340414825228,4.295514116601748e-25,0.028516071647927473,0.028516071647927473,5.924382900510661,936.3387942160394,0.7802823285133662,0.5358333333333334,0.7590425867233856,True,4,False,1200,10.0,0.15
7,9,Warren Sapp,rank,0.01091202990374542,0.34433702110553815,0.3741118754316784,0.1657047845434945,0.5961589946098115,0.430454210066317,1.15059982784508,936.3387942160394,0.7802823285133662,0.5358333333333334,0.7590425867233856,True,4,False,1200,10.0,0.15
7,10,Brooke Burke,rank,0.978264916850449,0.010814175330970547,0.011597143661670807,5.060361282187094e-14,0.05968565609658819,0.05968565609653759,5.146138713023959,1199.9999999999998,0.9999999999999998,,,False,3,True,1200,10.0,0.15
7,10,Lance Bass,rank,0.010867541574775536,0.4616822167994906,0.4630541200981122,0.2201196443139012,0.7222351153131724,0.5021154709992712,1.0843535665751476,1199.9999999999998,0.9999999999999998,,,False,3,True,1200,10.0,0.15
7,10,Warren Sapp,rank,0.010867541574775536,0.5275036078695389,0.5253487362402176,0.2639063986539653,0.7671836479547729,0.5032772493008075,0.9579851565218691,1199.9999999999998,0.9999999999999998,,,False,3,True,1200,10.0,0.15
8,1,Belinda Carlisle,rank,2.463246542134573e-10,0.00768185732671075,0.006305863913100989,3.800774151158553e-19,0.04009914363693987,0.04009914363693987,6.358016311980915,1199.9999999999998,0.9999999999999998,,,False,13,False,1200,10.0,0.15
8,1,Chuck Wicks,rank,8.945403638821689e-06,0.09974978715208806,0.1057423115679817,0.00580370066070058,0.31742248669709955,0.311618786036399,2.946936136344295,1199.9999999999998,0.9999999999999998,,,False,13,False,1200,10.0,0.15
8,1,David Alan Grier,rank,2.7012778354890165e-07,0.01473718247534421,0.013607821081378466,1.6722110825134272e-10,0.07325012981986952,0.0732501296526484,5.382547776521194,1199.9999999999998,0.9999999999999998,,,False,13,False,1200,10.0,0.15
8,1,Denise Richards,rank,8.157152252847243e-09,0.010217419061220928,0.009228958672912457,1.3653485161705612e-15,0.051931765107649845,0.05193176510764848,5.626435279721759,1199.9999999999998,0.9999999999999998,,,False,13,False,1200,10.0,0.15
8,1,Gilles Marini,rank,0.8830524172087455,0.00432848860330205,0.005039896770771349,6.7032717388710614e-34,0.022861255102692133,0.022861255102692133,4.5351563704396085,1199.9999999999998,0.9999999999999998,,,False,13,False,1200,10.0,0.15
8,1,Holly Madison,rank,8.157152252847243e-09,0.10254532728115645,0.10259939447031005,0.007566830290975251,0.27972837649112464,0.2721615462001494,2.652636450427157,1199.9999999999998,0.9999999999999998,,,False,13,False,1200,10.0,0.15
8,1,Lawrence Taylor,rank,2.0219558902143994e-11,0.04467471656139308,0.04524567289083153,0.0001003757487540689,0.16934448679759942,0.16924411104884535,3.7404763761788065,1199.9999999999998,0.9999999999999998,,,False,13,False,1200,10.0,0.15
8,1,Lil' Kim,rank,0.000488402489979421,0.09326712562769136,0.09317010708646507,0.005346376650736644,0.25823909681509,0.2528927201643534,2.714282657709141,1199.9999999999998,0.9999999999999998,,,False,13,False,1200,10.0,0.15
8,1,Melissa Rycroft,rank,0.04396459106797933,0.1899594039205885,0.18685218084861832,0.033269619329000674,0.4257066348748532,0.39243701554585253,2.100242627733433,1199.9999999999998,0.9999999999999998,,,False,13,False,1200,10.0,0.15
8,1,Shawn Johnson,rank,0.07248535645141038,0.17023996193294824,0.17210647102677015,0.029231897899243516,0.3963079313125069,0.3670760334132634,2.1328303252806915,1199.9999999999998,0.9999999999999998,,,False,13,False,1200,10.0,0.15
8,1,Steve Wozniak,rank,4.114040671933889e-15,0.08803994395524263,0.08731757206693985,0.0028275876581241696,0.26314564304441257,0.2603180553862884,2.9812449886001833,1199.9999999999998,0.9999999999999998,,,False,13,False,1200,10.0,0.15
8,1,Steve-O,rank,6.695798314498989e-10,0.0311539919706665,0.02992237835067095,7.613320836926231e-06,0.13145587503712106,0.13144826171628413,4.392828248730703,1199.9999999999998,0.9999999999999998,,,False,13,False,1200,10.0,0.15
8,1,Ty Murray,rank,3.039887731820186e-14,0.14340479413164725,0.14286137125324905,0.016318368297257087,0.35205590150404925,0.33573753320679217,2.350076722523648,1199.9999999999998,0.9999999999999998,,,False,13,False,1200,10.0,0.15
8,2,Belinda Carlisle,rank,1.131351068915515e-11,0.0078762683273915,0.004511957289356437,7.45702255077342e-19,0.029943106208050088,0.029943106208050088,6.634919031622406,1181.7907258380528,0.984825604865044,0.5116666666666667,0.5327583246230758,True,13,True,1200,10.0,0.15
8,2,Chuck Wicks,rank,2.0455307182394555e-08,0.1022779893571116,0.09860413373137857,0.0058345568654500565,0.26782157446418536,0.26198701759873533,2.6569308076032216,1181.7907258380528,0.984825604865044,0.5116666666666667,0.5327583246230758,True,13,False,1200,10.0,0.15
8,2,David Alan Grier,rank,5.632665301615269e-13,0.0151101650872623,0.0169850361980319,1.508397383600443e-10,0.09703769977228466,0.09703769962144491,5.712792466125102,1181.7907258380528,0.984825604865044,0.5116666666666667,0.5327583246230758,True,13,False,1200,10.0,0.15
8,2,Denise Richards,rank,1.116821930518431e-06,0.01047595181345124,0.009410096653045593,1.1989165126588514e-14,0.05646267350526635,0.05646267350525436,5.999584914153663,1181.7907258380528,0.984825604865044,0.5116666666666667,0.5327583246230758,True,13,False,1200,10.0,0.15
8,2,Gilles Marini,rank,0.8146281983250556,0.005880077838712817,0.005046696416825701,3.0105515564064607e-24,0.03158025350912855,0.03158025350912855,6.256369421081019,1181.7907258380528,0.984825604865044,0.5116666666666667,0.5327583246230758,True,13,False,1200,10.0,0.15
8,2,Holly Madison,rank,1.131351068915515e-11,0.10514052856086431,0.1084383674191288,0.008225127938080395,0.2985734438859534,0.290348315947873,2.6775176106076706,1181.7907258380528,0.984825604865044,0.5116666666666667,0.5327583246230758,True,13,False,1200,10.0,0.15
8,2,Lawrence Taylor,rank,3.372510005031901e-08,0.04580532949462856,0.047635398764082265,9.852927587445959e-05,0.18106675923279172,0.18096822995691728,3.798948590827712,1181.7907258380528,0.984825604865044,0.5116666666666667,0.5327583246230758,True,13,False,1200,10.0,0.15
8,2,Lil' Kim,rank,0.00027327731617361175,0.09571214092193515,0.10192701134033655,0.005556274806572635,0.28703280891147387,0.28147653410490125,2.761522867007128,1181.7907258380528,0.984825604865044,0.5116666666666667,0.5327583246230758,True,13,False,1200,10.0,0.15
8,2,Melissa Rycroft,rank,0.1817681203536965,0.1105158051441096,0.10673007054748516,0.00828388401279759,0.29014297408860856,0.28185909007581095,2.640834469569107,1181.7907258380528,0.984825604865044,0.5116666666666667,0.5327583246230758,True,13,False,1200,10.0,0.15
8,2,Shawn Johnson,rank,0.003329199253882278,0.2319612346799956,0.2293141175765817,0.05727660774974998,0.46387923017775595,0.406602622428006,1.7731173885307305,1181.7907258380528,0.984825604865044,0.5116666666666667,0.5327583246230758,True,13,False,1200,10.0,0.15
8,2,Steve Wozniak,rank,5.632665301615269e-13,0.09026804221385101,0.08933098868425621,0.004173194962587089,0.26066824793336674,0.2564950529707796,2.8712564977967863,1181.7907258380528,0.984825604865044,0.5116666666666667,0.5327583246230758,True,13,False,1200,10.0,0.15
8,2,Steve-O,rank,5.136325906547654e-16,0.03194243139815109,0.03168709253627049,8.484481141955606e-06,0.14712811947749915,0.1471196349963572,4.642741901487527,1181.7907258380528,0.984825604865044,0.5116666666666667,0.5327583246230758,True,13,False,1200,10.0,0.15
8,2,Ty Murray,rank,3.372510005031901e-08,0.14703403516253516,0.15037903284322057,0.0186180403051482,0.36969199957659143,0.35107395927144325,2.334578285652172,1181.7907258380528,0.984825604865044,0.5116666666666667,0.5327583246230758,True,13,False,1200,10.0,0.15
8,3,Chuck Wicks,rank,3.374899531851575e-06,0.12700209512125768,0.1324174689202441,0.013992335166038728,0.33852857017174254,0.32453623500570383,2.4508381470652147,1174.4646873965557,0.9787205728304631,0.5416666666666666,0.5732935469709154,True,12,False,1200,10.0,0.15
8,3,David Alan Grier,rank,2.493732196910608e-05,0.018761146297584616,0.019976966348156117,3.846141302219736e-09,0.10086578259421071,0.1008657787480694,5.048851168846768,1174.4646873965557,0.9787205728304631,0.5416666666666666,0.5732935469709154,True,12,False,1200,10.0,0.15
8,3,Denise Richards,rank,3.418804814363142e-11,0.01300858863895326,0.007583594901431295,3.3504596271131904e-12,0.04356703762321522,0.04356703761986476,5.744148261846283,1174.4646873965557,0.9787205728304631,0.5416666666666666,0.5732935469709154,True,12,True,1200,10.0,0.15
8,3,Gilles Marini,rank,0.33315580937058287,0.05287314057485374,0.05070864294339554,0.00028150161942970753,0.18999151030829933,0.1897100086888696,3.741103223712948,1174.4646873965557,0.9787205728304631,0.5416666666666666,0.5732935469709154,True,12,False,1200,10.0,0.15
8,3,Holly Madison,rank,1.532202017015045e-10,0.13055840920310383,0.12492941705991578,0.012389071186236405,0.3154055119854577,0.3030164407992213,2.425481703578214,1174.4646873965557,0.9787205728304631,0.5416666666666666,0.5732935469709154,True,12,False,1200,10.0,0.15
8,3,Lawrence Taylor,rank,5.073956228547319e-09,0.05687884340835229,0.060521365744484995,0.0005254207946213891,0.2064179322305399,0.2058925114359185,3.4019243779260253,1174.4646873965557,0.9787205728304631,0.5416666666666666,0.5732935469709154,True,12,False,1200,10.0,0.15
8,3,Lil' Kim,rank,0.000500879501175899,0.11873951508009235,0.11584317605363106,0.009090698458382064,0.2945776697242927,0.28548697126591066,2.464405039522591,1174.4646873965557,0.9787205728304631,0.5416666666666666,0.5732935469709154,True,12,False,1200,10.0,0.15
8,3,Melissa Rycroft,rank,0.33315580937058287,0.07363930995423769,0.07252277815651235,0.0016730217715861275,0.224654998891672,0.22298197712008588,3.0746050852297326,1174.4646873965557,0.9787205728304631,0.5416666666666666,0.5732935469709154,True,12,False,1200,10.0,0.15
8,3,Shawn Johnson,rank,0.33315580937058287,0.07420668691468907,0.07585306356653265,0.0015938691374012691,0.24295373501609085,0.24135986587868957,3.181897640420931,1174.4646873965557,0.9787205728304631,0.5416666666666666,0.5732935469709154,True,12,False,1200,10.0,0.15
8,3,Steve Wozniak,rank,5.1399651510539614e-14,0.11209047701713235,0.11406717252851753,0.00810736443980707,0.2985296689540773,0.2904223045142702,2.5460415300478614,1174.4646873965557,0.9787205728304631,0.5416666666666666,0.5732935469709154,True,12,False,1200,10.0,0.15
8,3,Steve-O,rank,4.6268491788253094e-12,0.039664562170827054,0.040626710599408165,3.176947492397392e-05,0.15996587821648256,0.15993410874155858,3.9365769417459715,1174.4646873965557,0.9787205728304631,0.5416666666666666,0.5732935469709154,True,12,False,1200,10.0,0.15
8,3,Ty Murray,rank,3.374899531851575e-06,0.18257722561891598,0.1849496431777703,0.03469043018469135,0.39654527095820347,0.3618548407735121,1.9564940924574432,1174.4646873965557,0.9787205728304631,0.5416666666666666,0.5732935469709154,True,12,False,1200,10.0,0.15
8,4,Chuck Wicks,rank,2.2246983337452174e-07,0.10737432432099432,0.10594755892197785,0.0072482207150707,0.2781383465009695,0.2708901257858988,2.5568080259155432,1199.9999999999998,0.9999999999999998,,,False,11,False,1200,10.0,0.15
8,4,David Alan Grier,rank,2.2246983337452174e-07,0.015863077093702035,0.0158985153584516,5.058799773243002e-10,0.08777306491227702,0.08777306440639704,5.52048678387798,1199.9999999999998,0.9999999999999998,,,False,11,False,1200,10.0,0.15
8,4,Gilles Marini,rank,0.7272577501522873,0.008841553119666997,0.009534951577348414,1.308553195266306e-17,0.05677526088240409,0.056775260882404074,5.953811784999765,1199.9999999999998,0.9999999999999998,,,False,11,False,1200,10.0,0.15
8,4,Holly Madison,rank,1.2304458766884083e-10,0.11037959053177455,0.10667290729887041,0.0076425032010157025,0.29400384978784516,0.28636134658682943,2.684455400930662,1199.9999999999998,0.9999999999999998,,,False,11,True,1200,10.0,0.15
8,4,Lawrence Taylor,rank,1.4989899461729027e-09,0.04808777600131896,0.0469272302447552,0.0001849739385113244,0.1651041786688194,0.16491920473030808,3.5142856201942494,1199.9999999999998,0.9999999999999998,,,False,11,False,1200,10.0,0.15
8,4,Lil' Kim,rank,0.004900224175200253,0.09858771797585865,0.09580818079396794,0.005802676514323508,0.2671089359823744,0.26130625946805086,2.7273613791769575,1199.9999999999998,0.9999999999999998,,,False,11,False,1200,10.0,0.15
8,4,Melissa Rycroft,rank,0.2675431747136239,0.08153896975136049,0.08122239101180934,0.002617786632333791,0.26030426900607356,0.25768648237373976,3.172564936820649,1199.9999999999998,0.9999999999999998,,,False,11,False,1200,10.0,0.15
8,4,Shawn Johnson,rank,5.443657339891087e-05,0.2468210142821814,0.25396502759499284,0.06846784300870179,0.4963691141649395,0.4279012711562377,1.6848760253817279,1199.9999999999998,0.9999999999999998,,,False,11,False,1200,10.0,0.15
8,4,Steve Wozniak,rank,3.049970395111538e-13,0.09476602104477942,0.096955412614742,0.004112136995457077,0.2936353815656594,0.2895232445702023,2.986117542535613,1199.9999999999998,0.9999999999999998,,,False,11,True,1200,10.0,0.15
8,4,Steve-O,rank,2.745495855194597e-11,0.033534095251366636,0.03375752793556629,9.514390036973375e-06,0.15555818173390681,0.15554866734386985,4.607685134871998,1199.9999999999998,0.9999999999999998,,,False,11,False,1200,10.0,0.15
8,4,Ty Murray,rank,0.0002439677960285547,0.1542058606269965,0.15331029664751808,0.02471143293220067,0.3456041380281046,0.3208927050959039,2.0930793236566023,1199.9999999999998,0.9999999999999998,,,False,11,False,1200,10.0,0.15
8,5,Chuck Wicks,rank,6.123701968952256e-06,0.11277050332325253,0.11292587936975203,0.008573722121632337,0.2994697006617875,0.2908959785401552,2.5759675655933605,1167.5879670186057,0.9729899725155048,0.6025,0.6446004020215872,True,9,False,1200,10.0,0.15
8,5,David Alan Grier,rank,8.287529404247564e-07,0.016660650940089464,0.009752038747663203,9.257629028219087e-10,0.049398296249943165,0.04939829532418026,5.064913264700803,1167.5879670186057,0.9729899725155048,0.6025,0.6446004020215872,True,9,True,1200,10.0,0.15
8,5,Gilles Marini,rank,0.996661836668968,0.0030671156225605925,0.002668044760711632,5.641907329188331e-44,0.011050215523341914,0.011050215523341914,4.140138706551949,1167.5879670186057,0.9729899725155048,0.6025,0.6446004020215872,True,9,False,1200,10.0,0.15
8,5,Lawrence Taylor,rank,2.05427315499651e-09,0.05050568948424924,0.052588108014996936,0.00023952107030581133,0.20923763425680159,0.20899811318649578,3.9741710988308716,1167.5879670186057,0.9729899725155048,0.6025,0.6446004020215872,True,9,False,1200,10.0,0.15
8,5,Lil' Kim,rank,0.0014984204673931384,0.10500340836859096,0.10752359471211156,0.007329943703299891,0.29744985239450517,0.2901199086912053,2.6981725387384903,1167.5879670186057,0.9729899725155048,0.6025,0.6446004020215872,True,9,False,1200,10.0,0.15
8,5,Melissa Rycroft,rank,0.00033434279885911607,0.2569535103890698,0.25528273247848243,0.07526640645201264,0.489471602915165,0.41420519646315235,1.6225287543461675,1167.5879670186057,0.9729899725155048,0.6025,0.6446004020215872,True,9,False,1200,10.0,0.15
8,5,Shawn Johnson,rank,0.0014984204673931384,0.2576968249634785,0.2618147529822893,0.07769851547775962,0.49280145094569816,0.4151029354679385,1.5854773089074534,1167.5879670186057,0.9729899725155048,0.6025,0.6446004020215872,True,9,False,1200,10.0,0.15
8,5,Steve-O,rank,6.203367411560553e-11,0.03522023155075103,0.03574098226586653,2.1982436245908728e-05,0.14819294714305076,0.14817096470680485,4.145572106343627,1167.5879670186057,0.9729899725155048,0.6025,0.6446004020215872,True,9,False,1200,10.0,0.15
8,5,Ty Murray,rank,2.502617030438025e-08,0.1621220653579578,0.16170386666812636,0.022851961698478244,0.38145664104243604,0.3586046793439578,2.2176492688988585,1167.5879670186057,0.9729899725155048,0.6025,0.6446004020215872,True,9,False,1200,10.0,0.15
8,6,Chuck Wicks,rank,3.536986451912489e-05,0.12614242284971705,0.13321684890455812,0.013416028565346641,0.32143010980388914,0.3080140812385425,2.3121082030022455,1124.7482418817667,0.9372902015681389,0.5616666666666666,0.6481689487673408,True,8,False,1200,10.0,0.15
8,6,Gilles Marini,rank,0.023525969446808556,0.18762125348160524,0.1908204987882538,0.03528221363044852,0.42268029702457643,0.3873980833941279,2.0301595252849705,1124.7482418817667,0.9372902015681389,0.5616666666666666,0.6481689487673408,True,8,False,1200,10.0,0.15
8,6,Lawrence Taylor,rank,4.786790632736384e-06,0.056500154741666364,0.06076389359531149,0.0004322229648415831,0.21423894542152905,0.21380672245668747,3.5185895968257634,1124.7482418817667,0.9372902015681389,0.5616666666666666,0.6481689487673408,True,8,False,1200,10.0,0.15
8,6,Lil' Kim,rank,0.7790731109974519,0.004800892910126614,0.004239483018471288,3.915779730503412e-28,0.022306045910482096,0.022306045910482096,5.260260638544785,1124.7482418817667,0.9372902015681389,0.5616666666666666,0.6481689487673408,True,8,False,1200,10.0,0.15
8,6,Melissa Rycroft,rank,0.1738347080241969,0.14084260806763943,0.140575501638311,0.01567271525448276,0.3342537412863484,0.3185810260318656,2.2662466508914987,1124.7482418817667,0.9372902015681389,0.5616666666666666,0.6481689487673408,True,8,False,1200,10.0,0.15
8,6,Shawn Johnson,rank,0.023525969446808556,0.26332371151549494,0.26543306714396286,0.07446894545342368,0.5175313289169453,0.4430623834635216,1.669199391889734,1124.7482418817667,0.9372902015681389,0.5616666666666666,0.6481689487673408,True,8,False,1200,10.0,0.15
8,6,Steve-O,rank,3.225314157909654e-08,0.03940125244550371,0.024928746174217333,1.601605421222018e-05,0.1031213642287227,0.10310534817451047,4.1358362597828355,1124.7482418817667,0.9372902015681389,0.5616666666666666,0.6481689487673408,True,8,True,1200,10.0,0.15
8,6,Ty Murray,rank,5.317644056835919e-08,0.1813677039882467,0.1800219607369143,0.03306461378304445,0.40322626833944675,0.3701616545564023,2.056191349376577,1124.7482418817667,0.9372902015681389,0.5616666666666666,0.6481689487673408,True,8,False,1200,10.0,0.15
8,7,Chuck Wicks,rank,0.006148321747984417,0.13662213938760412,0.14465755662365107,0.017250969844879845,0.337423835621229,0.3201728657763492,2.213300569625636,1082.5123449810137,0.9020936208175114,0.58,0.7062255511289774,True,7,False,1200,10.0,0.15
8,7,Gilles Marini,rank,0.006148321747984417,0.223816268983957,0.22986866143297785,0.0502888478476446,0.4437269672091566,0.393438119361512,1.7115704478306075,1082.5123449810137,0.9020936208175114,0.58,0.7062255511289774,True,7,False,1200,10.0,0.15
8,7,Lawrence Taylor,rank,1.0268743019699592e-07,0.06275299745689701,0.04315133215622684,0.0004614514714532306,0.15237171306875938,0.15191026159730614,3.5203256465336983,1082.5123449810137,0.9020936208175114,0.58,0.7062255511289774,True,7,True,1200,10.0,0.15
8,7,Lil' Kim,rank,0.00030610691521452493,0.13110733516462542,0.13617226500341034,0.016493240004407834,0.34931898905737874,0.3328257490529709,2.4441343096578874,1082.5123449810137,0.9020936208175114,0.58,0.7062255511289774,True,7,False,1200,10.0,0.15
8,7,Melissa Rycroft,rank,0.9124918537974431,0.007502578473313029,0.007002439573452992,2.6160020134385317e-20,0.03995257159392371,0.03995257159392371,5.70470711925132,1082.5123449810137,0.9020936208175114,0.58,0.7062255511289774,True,7,False,1200,10.0,0.15
8,7,Shawn Johnson,rank,0.07490189256328199,0.2367657596238473,0.2362307814560608,0.06519591451337019,0.4605827571411779,0.3953868426278077,1.6737241711964561,1082.5123449810137,0.9020936208175114,0.58,0.7062255511289774,True,7,False,1200,10.0,0.15
8,7,Ty Murray,rank,3.4005406614501886e-06,0.20143292090975612,0.20291696375421955,0.043925750638885416,0.4226436254935886,0.37871787485470315,1.866359527012689,1082.5123449810137,0.9020936208175114,0.58,0.7062255511289774,True,7,False,1200,10.0,0.15
8,8,Chuck Wicks,rank,0.00024372630982979134,0.13205294887822652,0.09037733987304504,0.009826245214515094,0.22885629111815453,0.21903004590363945,2.4234794112318525,1017.0670556445816,0.847555879703818,0.5441666666666667,0.7164719828780785,True,6,True,1200,10.0,0.15
8,8,Gilles Marini,rank,0.26727835294075714,0.07215161376450994,0.07159268608752664,0.0018107075691287115,0.21744372101040832,0.2156330134412796,3.0118998647123454,1017.0670556445816,0.847555879703818,0.5441666666666667,0.7164719828780785,True,6,False,1200,10.0,0.15
8,8,Lil' Kim,rank,0.7265378899393233,0.00624307952621973,0.005755359827413791,6.5543894103515775e-24,0.03509770872292081,0.03509770872292081,6.09720548666421,1017.0670556445816,0.847555879703818,0.5441666666666667,0.7164719828780785,True,6,False,1200,10.0,0.15
8,8,Melissa Rycroft,rank,1.6422149579158172e-06,0.3015960105040355,0.31220392674712405,0.1093807103401917,0.5699874113780082,0.46060670103781653,1.4753345049256483,1017.0670556445816,0.847555879703818,0.5441666666666667,0.7164719828780785,True,6,False,1200,10.0,0.15
8,8,Shawn Johnson,rank,0.0029691942975659763,0.3002337049206626,0.3149411469886559,0.11126736705242575,0.5570767925095752,0.44580942545714947,1.4155279936959577,1017.0670556445816,0.847555879703818,0.5441666666666667,0.7164719828780785,True,6,False,1200,10.0,0.15
8,8,Ty Murray,rank,0.0029691942975659763,0.1877226424063457,0.2051295404762336,0.042444845754688244,0.43967658524269754,0.39723173948800927,1.936482683494087,1017.0670556445816,0.847555879703818,0.5441666666666667,0.7164719828780785,True,6,False,1200,10.0,0.15
8,9,Gilles Marini,rank,0.10629582518814523,0.21161704432152628,0.22585809457534814,0.056432617450225486,0.43580278223023494,0.37937016478000946,1.6796762844254163,986.5613419733822,0.8221344516444852,0.5916666666666667,0.7810289632732887,True,5,False,1200,10.0,0.15
8,9,Lil' Kim,rank,0.0019468759495260828,0.18586607004924444,0.13488298755723485,0.024672553280479553,0.29422963421102105,0.2695570809305415,1.9984364772442782,986.5613419733822,0.8221344516444852,0.5916666666666667,0.7810289632732887,True,5,True,1200,10.0,0.15
8,9,Melissa Rycroft,rank,0.7854258153973307,0.018056324220212534,0.01803493019875307,6.009316260117923e-09,0.08841296107089024,0.08841295506157397,4.902045754628529,986.5613419733822,0.8221344516444852,0.5916666666666667,0.7810289632732887,True,5,False,1200,10.0,0.15
8,9,Shawn Johnson,rank,0.10629582518814523,0.29700145637363295,0.3061621454799557,0.10683996945646777,0.5432708879115005,0.4364309184550327,1.4254848269567624,986.5613419733822,0.8221344516444852,0.5916666666666667,0.7810289632732887,True,5,False,1200,10.0,0.15
8,9,Ty Murray,rank,3.5658276852681205e-05,0.28745910503538374,0.3150618421887095,0.11304071206704823,0.5600944334991023,0.447053721432054,1.4189350871287054,986.5613419733822,0.8221344516444852,0.5916666666666667,0.7810289632732887,True,5,False,1200,10.0,0.15
8,10,Gilles Marini,rank,0.9754413181355928,0.005095889772678782,0.004702605852519785,8.82015626167657e-28,0.02729563239116825,0.02729563239116825,5.803129183655049,977.8701443176469,0.8148917869313724,0.61,0.8069996326718758,True,4,False,1200,10.0,0.15
8,10,Melissa Rycroft,rank,0.006572471902315689,0.38133665654127635,0.4162508431452654,0.20054205934722713,0.6606293178105883,0.4600872584633612,1.1053098407609885,977.8701443176469,0.8148917869313724,0.61,0.8069996326718758,True,4,False,1200,10.0,0.15
8,10,Shawn Johnson,rank,0.01786583094012239,0.36683782792753106,0.39172988498744077,0.17609801976646228,0.608726065027634,0.43262804526117177,1.104401163760785,977.8701443176469,0.8148917869313724,0.61,0.8069996326718758,True,4,False,1200,10.0,0.15
8,10,Ty Murray,rank,0.00012037902196916597,0.24672962575851382,0.18731666601477376,0.05909306828866589,0.3602072700797802,0.3011142017911143,1.6075056250560233,977.8701443176469,0.8148917869313724,0.61,0.8069996326718758,True,4,True,1200,10.0,0.15
8,11,Gilles Marini,rank,0.04692926104148601,0.3768883092264993,0.3795639005014839,0.1485690917424388,0.6355483794532076,0.4869792877107688,1.2829934671708798,1199.9999999999998,0.9999999999999998,,,False,3,True,1200,10.0,0.15
8,11,Melissa Rycroft,rank,0.010471333531834241,0.6098094281987945,0.605266242702416,0.33666132717526753,0.843809067406981,0.5071477402317135,0.8378906117029966,1199.9999999999998,0.9999999999999998,,,False,3,True,1200,10.0,0.15
8,11,Shawn Johnson,rank,0.9425994054266796,0.013302262574706203,0.015169856796100962,1.2886437544778426e-11,0.08853294564398906,0.08853294563110262,5.835724825631228,1199.9999999999998,0.9999999999999998,,,False,3,True,1200,10.0,0.15
9,1,Aaron Carter,rank,0.006678668706845166,0.043970308609111365,0.040099707936215756,6.876722057632424e-05,0.15161483563172656,0.15154606841115023,3.7791369831225827,1199.9999999999998,0.9999999999999998,,,False,16,False,1200,10.0,0.15
9,1,Ashley Hamiliton,rank,5.130022136193171e-17,0.05128966976636209,0.051986483853349544,0.00022328006744578292,0.18528305352494423,0.18505977345749844,3.5596985993692223,1199.9999999999998,0.9999999999999998,,,False,16,True,1200,10.0,0.15
9,1,Chuck Liddell,rank,1.1299625710946017e-12,0.009858961244349233,0.008658155131197488,3.422549984529596e-15,0.05487800480819364,0.05487800480819022,6.33757034915265,1199.9999999999998,0.9999999999999998,,,False,16,False,1200,10.0,0.15
9,1,Debi Mazar,rank,1.1299625710946017e-12,0.07225557876820829,0.07156185843278073,0.0017727486174343807,0.23617324541346738,0.234400496796033,3.275449051776017,1199.9999999999998,0.9999999999999998,,,False,16,False,1200,10.0,0.15
9,1,Donny Osmond,rank,7.419330754441019e-05,0.12473734412160004,0.12087164263207657,0.010772081719529099,0.3130811088244139,0.30230902710488483,2.501054171745721,1199.9999999999998,0.9999999999999998,,,False,16,False,1200,10.0,0.15
9,1,Joanna Krupa,rank,0.9912023213824112,0.0013612580463208304,0.0009571969659095362,2.4973357037816187e-95,0.0009834330697030937,0.0009834330697030937,1.0263370733694643,1199.9999999999998,0.9999999999999998,,,False,16,False,1200,10.0,0.15
9,1,Kathy Ireland,rank,6.249646369244843e-16,0.007404375340894841,0.007843487466100257,8.793323386168039e-20,0.0443033076953752,0.0443033076953752,5.647699468809246,1199.9999999999998,0.9999999999999998,,,False,16,False,1200,10.0,0.15
9,1,Kelly Osbourne,rank,0.0005482185116108615,0.13061251786316702,0.13240901582829356,0.012864817063035626,0.3315399586154658,0.3186751415524302,2.406729880356492,1199.9999999999998,0.9999999999999998,,,False,16,False,1200,10.0,0.15
9,1,Louie Vito,rank,1.8390682256978328e-07,0.1010284331475792,0.1059726124905664,0.005972957122111765,0.2940642106398932,0.2880912535177814,2.718518759030007,1199.9999999999998,0.9999999999999998,,,False,16,False,1200,10.0,0.15
9,1,Macy Gray,rank,5.130022136193171e-17,0.042883500120340284,0.04299102744911808,8.443440528805e-05,0.17407633089733687,0.17399189649204883,4.047073534691326,1199.9999999999998,0.9999999999999998,,,False,16,True,1200,10.0,0.15
9,1,Mark Dacascos,rank,6.090157547685409e-06,0.09220161310676998,0.09311722876778256,0.004264448791055757,0.26541930017658555,0.2611548513855298,2.8045513197721528,1199.9999999999998,0.9999999999999998,,,False,16,False,1200,10.0,0.15
9,1,Melissa Joan Hart,rank,6.169386598846046e-11,0.09468845571036544,0.0922728533738918,0.004601749712403005,0.28373531831151155,0.27913356859910854,3.025055943725087,1199.9999999999998,0.9999999999999998,,,False,16,False,1200,10.0,0.15
9,1,Michael Irvin,rank,2.5540876282330484e-18,0.0938190391040192,0.09578865708700735,0.005382744511939774,0.2603819774368173,0.25499923292487753,2.662074807233702,1199.9999999999998,0.9999999999999998,,,False,16,False,1200,10.0,0.15
9,1,Mya,rank,0.0014902124181366686,0.05240682945461148,0.05219382497250935,0.00035434699945410564,0.19222961816645678,0.19187527116700268,3.676135924740854,1199.9999999999998,0.9999999999999998,,,False,16,False,1200,10.0,0.15
9,1,Natalie Coughlin,rank,1.1154512641890487e-07,0.019280765473842727,0.01829873334611317,1.3685788627336092e-08,0.09696170101118848,0.09696168732539985,5.298530065521109,1199.9999999999998,0.9999999999999998,,,False,16,False,1200,10.0,0.15
9,1,Tom DeLay,rank,6.249646369244843e-16,0.062201350122457984,0.06497751426708759,0.0008247290912981119,0.21115497007811138,0.21033024098681327,3.236919824332581,1199.9999999999998,0.9999999999999998,,,False,16,False,1200,10.0,0.15
9,2,Aaron Carter,rank,0.48785495581116417,0.006831631810603072,0.007525732783123277,7.957888184134007e-21,0.049317281495552166,0.049317281495552166,6.552282765522541,1182.0042868702851,0.9850035723919043,0.485,0.5073414339417751,True,14,False,1200,10.0,0.15
9,2,Chuck Liddell,rank,6.775302240549951e-12,0.01107859420323274,0.011651683303533127,2.7977432841623013e-13,0.07069524114309383,0.07069524114281406,6.066863682923492,1182.0042868702851,0.9850035723919043,0.485,0.5073414339417751,True,14,False,1200,10.0,0.15
9,2,Debi Mazar,rank,4.0566540651398506e-07,0.08119404073002634,0.08344924086832146,0.002196255444266271,0.2479332305977293,0.24573697515346302,2.9447125927559448,1182.0042868702851,0.9850035723919043,0.485,0.5073414339417751,True,14,False,1200,10.0,0.15
9,2,Donny Osmond,rank,0.024288868038571675,0.1268841059371023,0.12517933996330846,0.011233995773635763,0.31883819036403527,0.3076041945903995,2.457288378355269,1182.0042868702851,0.9850035723919043,0.485,0.5073414339417751,True,14,False,1200,10.0,0.15
9,2,Joanna Krupa,rank,1.6578617969142692e-09,0.09009302761004831,0.09259955216511928,0.0048881159083878,0.27063823476142074,0.26575011885303296,2.8698545812034104,1182.0042868702851,0.9850035723919043,0.485,0.5073414339417751,True,14,False,1200,10.0,0.15
9,2,Kathy Ireland,rank,2.768911168364114e-14,0.008320356242307831,0.005648464939288677,2.139659667747618e-17,0.0335534159364686,0.03355341593646858,5.939220138021298,1182.0042868702851,0.9850035723919043,0.485,0.5073414339417751,True,14,True,1200,10.0,0.15
9,2,Kelly Osbourne,rank,6.775302240549951e-12,0.14710157077460484,0.1467537847282999,0.019113159774470027,0.3654255670761368,0.3463124073016668,2.359803177407984,1182.0042868702851,0.9850035723919043,0.485,0.5073414339417751,True,14,False,1200,10.0,0.15
9,2,Louie Vito,rank,6.775302240549951e-12,0.11352655036238818,0.11562158403177965,0.0097147354793458,0.2915469610783089,0.2818322255989631,2.4375188286874785,1182.0042868702851,0.9850035723919043,0.485,0.5073414339417751,True,14,False,1200,10.0,0.15
9,2,Mark Dacascos,rank,4.0566540651398506e-07,0.10361011750493906,0.10676324891739168,0.008143884977470959,0.2985040527958863,0.29036016781841534,2.719638556564755,1182.0042868702851,0.9850035723919043,0.485,0.5073414339417751,True,14,False,1200,10.0,0.15
9,2,Melissa Joan Hart,rank,6.775302240549951e-12,0.10640218079855139,0.10748159095794198,0.007307646011826474,0.2870679018423152,0.2797602558304887,2.6028425006981744,1182.0042868702851,0.9850035723919043,0.485,0.5073414339417751,True,14,False,1200,10.0,0.15
9,2,Michael Irvin,rank,1.6578617969142692e-09,0.1054252096086643,0.10312147975559807,0.006325981679554901,0.2984557078120238,0.2921297261324689,2.832842332969698,1182.0042868702851,0.9850035723919043,0.485,0.5073414339417751,True,14,False,1200,10.0,0.15
9,2,Mya,rank,0.48785495581116417,0.007970530661997674,0.006506723001783456,5.313464791539152e-17,0.03641203019654226,0.036412030196542204,5.5952028361630335,1182.0042868702851,0.9850035723919043,0.485,0.5073414339417751,True,14,False,1200,10.0,0.15
9,2,Natalie Coughlin,rank,4.0566540651398506e-07,0.02166592534322665,0.020366607579827306,1.4366291238977257e-07,0.10839581737548871,0.10839567371257633,5.32196397086591,1182.0042868702851,0.9850035723919043,0.485,0.5073414339417751,True,14,False,1200,10.0,0.15
9,2,Tom DeLay,rank,2.768911168364114e-14,0.06989615841230735,0.0673309670046837,0.0012896654860027358,0.2236247779770842,0.22233511249108145,3.3020736268645696,1182.0042868702851,0.9850035723919043,0.485,0.5073414339417751,True,14,False,1200,10.0,0.15
9,3,Aaron Carter,rank,1.3721475488234492e-05,0.04937546354003127,0.05021642765604262,0.0002178836209913036,0.18195823350602428,0.18174034988503296,3.6190692826768935,1199.9999999999998,0.9999999999999998,,,False,13,False,1200,10.0,0.15
9,3,Chuck Liddell,rank,1.1409800936942632e-11,0.010771607351998731,0.009446489962023852,3.051798560648606e-14,0.055412774685633034,0.05541277468560252,5.865343589497917,1199.9999999999998,0.9999999999999998,,,False,13,False,1200,10.0,0.15
9,3,Debi Mazar,rank,1.1409800936942632e-11,0.07894429283091582,0.08041181769502997,0.0031441834393864908,0.24651722747365437,0.24337304403426788,3.026545406694658,1199.9999999999998,0.9999999999999998,,,False,13,True,1200,10.0,0.15
9,3,Donny Osmond,rank,2.2622888502842634e-05,0.13631320921164386,0.13562373084577584,0.014213829843985329,0.3408516482725948,0.32663781842860945,2.408394224207103,1199.9999999999998,0.9999999999999998,,,False,13,False,1200,10.0,0.15
9,3,Joanna Krupa,rank,0.0033575343507322346,0.08639550182106907,0.08269700197711491,0.0034869326452693678,0.2536302175387653,0.2501432848934959,3.0247802717497128,1199.9999999999998,0.9999999999999998,,,False,13,False,1200,10.0,0.15
9,3,Kelly Osbourne,rank,1.1263272965695893e-06,0.1430247370447091,0.1481068857241703,0.01719312766606657,0.36669197068826653,0.34949884302219997,2.3597585051824415,1199.9999999999998,0.9999999999999998,,,False,13,False,1200,10.0,0.15
9,3,Louie Vito,rank,4.143526564381619e-07,0.1103805517769128,0.10625245103812483,0.007925534117601447,0.28892781075196755,0.2810022766343661,2.6446414105979446,1199.9999999999998,0.9999999999999998,,,False,13,False,1200,10.0,0.15
9,3,Mark Dacascos,rank,3.7784071478556624e-10,0.10073925833335552,0.09881182908846624,0.005915103084176375,0.27385041079571504,0.2679353077115387,2.711543735597921,1199.9999999999998,0.9999999999999998,,,False,13,False,1200,10.0,0.15
9,3,Melissa Joan Hart,rank,2.0629404034492808e-08,0.10345377714574015,0.10962675221562374,0.006849637317401571,0.29806679464702995,0.2912171573296284,2.6564182102068603,1199.9999999999998,0.9999999999999998,,,False,13,False,1200,10.0,0.15
9,3,Michael Irvin,rank,3.827561806151317e-15,0.10250388721146834,0.10152986263335906,0.006181000921918419,0.2824053981034766,0.27622439718155817,2.720595393531126,1199.9999999999998,0.9999999999999998,,,False,13,False,1200,10.0,0.15
9,3,Mya,rank,0.4983022797875894,0.0074237985619294705,0.00838245704013138,1.838027548205996e-18,0.05232947628079796,0.05232947628079796,6.241992537243072,1199.9999999999998,0.9999999999999998,,,False,13,False,1200,10.0,0.15
9,3,Natalie Coughlin,rank,0.4983022797875894,0.002714573034110929,0.0025015865734683536,3.205024885965052e-52,0.00831302628388612,0.00831302628388612,3.321773708857166,1199.9999999999998,0.9999999999999998,,,False,13,False,1200,10.0,0.15
9,3,Tom DeLay,rank,7.687863398323514e-14,0.06795934213611496,0.06639270755066883,0.0013072679324825625,0.2217719436586172,0.22046467572613462,3.3205658165404524,1199.9999999999998,0.9999999999999998,,,False,13,True,1200,10.0,0.15
9,4,Aaron Carter,rank,5.469051587504571e-10,0.06316181317997879,0.0655464257674758,0.0011471594056848618,0.22334687769952816,0.2221997182938433,3.3899076232540217,1173.9649464868035,0.9783041220723362,0.6591666666666667,0.6996186101685136,True,11,False,1200,10.0,0.15
9,4,Chuck Liddell,rank,7.401556456305774e-11,0.013778419840104857,0.008051689804465679,3.995171800548149e-12,0.0450152743046331,0.045015274300637925,5.590091682865317,1173.9649464868035,0.9783041220723362,0.6591666666666667,0.6996186101685136,True,11,True,1200,10.0,0.15
9,4,Donny Osmond,rank,8.901143503840788e-05,0.1743164148557631,0.17556851344639912,0.030172029663467086,0.39530487309199713,0.36513284342853003,2.0797052760529753,1173.9649464868035,0.9783041220723362,0.6591666666666667,0.6996186101685136,True,11,False,1200,10.0,0.15
9,4,Joanna Krupa,rank,0.013210468270303888,0.10612423713428241,0.11171584509661828,0.00746945408332038,0.31724473986873386,0.30977528578541347,2.77286102662051,1173.9649464868035,0.9783041220723362,0.6591666666666667,0.6996186101685136,True,11,False,1200,10.0,0.15
9,4,Kelly Osbourne,rank,4.431618401778893e-06,0.18294652108099443,0.18006240919214228,0.028207525752753107,0.41185455614300737,0.3836470303902543,2.130621829895888,1173.9649464868035,0.9783041220723362,0.6591666666666667,0.6996186101685136,True,11,False,1200,10.0,0.15
9,4,Louie Vito,rank,1.0016917394059214e-11,0.14119268614848218,0.14017600452153128,0.018528797964989546,0.342452290507874,0.32392349254288444,2.3108176241070235,1173.9649464868035,0.9783041220723362,0.6591666666666667,0.6996186101685136,True,11,False,1200,10.0,0.15
9,4,Mark Dacascos,rank,5.997543316013313e-07,0.12885954061803104,0.12647011445434783,0.012411809474731094,0.3235792894372375,0.31116747996250643,2.4603837904411625,1173.9649464868035,0.9783041220723362,0.6591666666666667,0.6996186101685136,True,11,False,1200,10.0,0.15
9,4,Melissa Joan Hart,rank,0.7212671286301432,0.0068174276649936765,0.007350022932778214,7.216748434102823e-21,0.039781621453997905,0.039781621453997905,5.411712331437797,1173.9649464868035,0.9783041220723362,0.6591666666666667,0.6996186101685136,True,11,False,1200,10.0,0.15
9,4,Michael Irvin,rank,1.0016917394059214e-11,0.13111706984805122,0.13180416402170317,0.01322120935458766,0.33159935616841035,0.3183781468138227,2.4155210395352813,1173.9649464868035,0.9783041220723362,0.6591666666666667,0.6996186101685136,True,11,False,1200,10.0,0.15
9,4,Mya,rank,0.2653393482157879,0.024749828374946093,0.024181697355650233,1.5593288460203428e-07,0.1259532731483052,0.1259531172154206,5.208398193264075,1173.9649464868035,0.9783041220723362,0.6591666666666667,0.6996186101685136,True,11,False,1200,10.0,0.15
9,4,Natalie Coughlin,rank,8.901143503840788e-05,0.026936041254372062,0.0290731134068881,1.0990300707865057e-06,0.13376611799377303,0.13376501896370224,4.600828822935363,1173.9649464868035,0.9783041220723362,0.6591666666666667,0.6996186101685136,True,11,False,1200,10.0,0.15
9,5,Aaron Carter,rank,3.4226084915819913e-06,0.06488637697193952,0.0649196208817919,0.0008209842373732035,0.22365387465431782,0.22283289041694462,3.4323900078325025,1145.621522901111,0.9546846024175925,0.6,0.6744734675084845,True,10,False,1200,10.0,0.15
9,5,Donny Osmond,rank,0.9184134754544148,0.004102909887306685,0.005264040918284622,2.393879377466573e-31,0.02880738052500405,0.02880738052500405,5.4714447564805715,1145.621522901111,0.9546846024175925,0.6,0.6744734675084845,True,10,False,1200,10.0,0.15
9,5,Joanna Krupa,rank,3.4226084915819913e-06,0.11510783338426994,0.11590619525290713,0.00950693487802105,0.2957965849577442,0.2862896500797231,2.4699903181596703,1145.621522901111,0.9546846024175925,0.6,0.6744734675084845,True,10,False,1200,10.0,0.15
9,5,Kelly Osbourne,rank,3.4226084915819913e-06,0.1879450988995313,0.17941298465446656,0.034861735817934225,0.3930292777934778,0.35816754197554357,1.9963189751642745,1145.621522901111,0.9546846024175925,0.6,0.6744734675084845,True,10,False,1200,10.0,0.15
9,5,Louie Vito,rank,1.8929912618292524e-09,0.14504983696640913,0.1417752891567093,0.018033876634704946,0.3463217637278639,0.3282878870931589,2.315534487789373,1145.621522901111,0.9546846024175925,0.6,0.6744734675084845,True,10,False,1200,10.0,0.15
9,5,Mark Dacascos,rank,0.006188221320857728,0.1290540746576293,0.13803284399770852,0.015461936626265603,0.33799080923683716,0.32252887261057156,2.336592702699244,1145.621522901111,0.9546846024175925,0.6,0.6744734675084845,True,10,False,1200,10.0,0.15
9,5,Melissa Joan Hart,rank,6.268726118933095e-08,0.13594718654155336,0.1387915406792323,0.016348040469248554,0.3615108063845249,0.34516276591527634,2.486897092783917,1145.621522901111,0.9546846024175925,0.6,0.6744734675084845,True,10,False,1200,10.0,0.15
9,5,Michael Irvin,rank,5.716338294855644e-11,0.13469897249876767,0.14226805269863352,0.014796362018794385,0.3445658717067404,0.32976950968794605,2.3179286249026485,1145.621522901111,0.9546846024175925,0.6,0.6744734675084845,True,10,False,1200,10.0,0.15
9,5,Mya,rank,0.07538796886884574,0.05552569069284537,0.05523221951161382,0.00041629773686322787,0.19164118423003645,0.19122488649317324,3.4621354355953233,1145.621522901111,0.9546846024175925,0.6,0.6744734675084845,True,10,False,1200,10.0,0.15
9,5,Natalie Coughlin,rank,1.8929912618292524e-09,0.027682019499747586,0.01839721224865211,1.1678400480071884e-06,0.08526804138666007,0.08526687354661205,4.634519506255771,1145.621522901111,0.9546846024175925,0.6,0.6744734675084845,True,10,True,1200,10.0,0.15
9,6,Aaron Carter,rank,0.0024674495322674736,0.060812862141325336,0.060426300669790545,0.0005167835159803379,0.20817673807012638,0.20765995455414604,3.4365254157043887,1199.9999999999998,0.9999999999999998,,,False,9,False,1200,10.0,0.15
9,6,Donny Osmond,rank,4.51929146091871e-05,0.16957576401281257,0.1680822881151431,0.03059718642159637,0.3832546929300375,0.35265750650844113,2.0981116591844517,1199.9999999999998,0.9999999999999998,,,False,9,False,1200,10.0,0.15
9,6,Joanna Krupa,rank,0.9954401878068804,0.001818393807081859,0.0014288849951539684,3.041646721789793e-80,0.0010552689889429207,0.0010552689889429207,0.7380096948491236,1199.9999999999998,0.9999999999999998,,,False,9,False,1200,10.0,0.15
9,6,Kelly Osbourne,rank,1.5160533897371724e-08,0.17794233615121072,0.16943775765805888,0.026507065561539037,0.38439922353460615,0.3578921579730671,2.112221329522036,1199.9999999999998,0.9999999999999998,,,False,9,False,1200,10.0,0.15
9,6,Louie Vito,rank,2.0517551490190697e-09,0.13732810988489183,0.1409429889067853,0.017589703392986236,0.34164056450699837,0.32405086111401216,2.2991463745809435,1199.9999999999998,0.9999999999999998,,,False,9,True,1200,10.0,0.15
9,6,Mark Dacascos,rank,0.0005505624092930096,0.1250494242928211,0.12668172775699485,0.011904822032109408,0.326718956806139,0.3148141347740296,2.485059647420222,1199.9999999999998,0.9999999999999998,,,False,9,False,1200,10.0,0.15
9,6,Melissa Joan Hart,rank,5.577248738025819e-09,0.12871006930296072,0.12877672002860674,0.012412349530989613,0.33338741489218643,0.3209750653611968,2.492473583861364,1199.9999999999998,0.9999999999999998,,,False,9,True,1200,10.0,0.15
9,6,Michael Irvin,rank,7.547985376417648e-10,0.12752827333400132,0.1277371191999131,0.013801257538228749,0.3187104118553469,0.3049091543171181,2.3869864080269436,1199.9999999999998,0.9999999999999998,,,False,9,False,1200,10.0,0.15
9,6,Mya,rank,0.0014965837926138193,0.07123476707289468,0.07648621266955376,0.0013434841264058869,0.258172489901813,0.2568290057754071,3.3578031779636235,1199.9999999999998,0.9999999999999998,,,False,9,False,1200,10.0,0.15
9,7,Aaron Carter,rank,0.01095424139797284,0.08038371272630546,0.08031737913012647,0.0019198562854018473,0.24486114064251457,0.24294128435711274,3.024728424406019,1199.9999999999998,0.9999999999999998,,,False,7,False,1200,10.0,0.15
9,7,Donny Osmond,rank,0.0014824953622368825,0.2307413535290371,0.22618613131191642,0.054403996278083386,0.4525171231522021,0.3981131268741187,1.760105115463501,1199.9999999999998,0.9999999999999998,,,False,7,False,1200,10.0,0.15
9,7,Joanna Krupa,rank,0.9860693862189328,0.0025867282009239155,0.0020689880862662757,1.2362774371951553e-49,0.008084708146154607,0.008084708146154607,3.90567858810112,1199.9999999999998,0.9999999999999998,,,False,7,False,1200,10.0,0.15
9,7,Kelly Osbourne,rank,0.0014824953622368825,0.242080753593649,0.24646751472365055,0.06254452538092514,0.48108134823902077,0.4185368228580956,1.698135047096682,1199.9999999999998,0.9999999999999998,,,False,7,False,1200,10.0,0.15
9,7,Mark Dacascos,rank,4.0822658453470984e-08,0.17155098758575002,0.1714701358445477,0.031748680536659434,0.3788580705188054,0.34710938998214597,2.0243021560015113,1199.9999999999998,0.9999999999999998,,,False,7,True,1200,10.0,0.15
9,7,Michael Irvin,rank,1.3518607848420231e-06,0.17455506967509393,0.1739066187990604,0.0322788148497294,0.39415482180646727,0.3618760069567379,2.0808519457382917,1199.9999999999998,0.9999999999999998,,,False,7,True,1200,10.0,0.15
9,7,Mya,rank,9.988975177142125e-06,0.09810139468924052,0.09958323210443137,0.005241416205319905,0.2902622224786729,0.28502080627335297,2.8621077880528225,1199.9999999999998,0.9999999999999998,,,False,7,False,1200,10.0,0.15
9,8,Aaron Carter,rank,0.000122442915413429,0.1191245945641316,0.08445980464518117,0.006476093977635684,0.2202702708637364,0.21379417688610072,2.531282738593925,1051.5049810678688,0.8762541508898907,0.645,0.7895958007025627,True,5,True,1200,10.0,0.15
9,8,Donny Osmond,rank,0.000122442915413429,0.3288850166999943,0.3351193680475448,0.12161850732623407,0.5798434028343844,0.4582248955081503,1.36734421180613,1051.5049810678688,0.8762541508898907,0.645,0.7895958007025627,True,5,False,1200,10.0,0.15
9,8,Joanna Krupa,rank,0.006685156666237985,0.2056994079420354,0.21972386926949117,0.05121265602276131,0.4467857003092191,0.3955730442864578,1.8003107504471418,1051.5049810678688,0.8762541508898907,0.645,0.7895958007025627,True,5,False,1200,10.0,0.15
9,8,Kelly Osbourne,rank,0.0009047375709064472,0.3439393664618363,0.35879037741645164,0.13820582439931767,0.6044822718606884,0.4662764474613707,1.2995753989933834,1051.5049810678688,0.8762541508898907,0.645,0.7895958007025627,True,5,False,1200,10.0,0.15
9,8,Mya,rank,0.9921652199320287,0.0023516143320023285,0.0019065806213306388,5.2423102286253964e-55,0.004958487614136873,0.004958487614136873,2.599359397286215,1051.5049810678688,0.8762541508898907,0.645,0.7895958007025627,True,5,False,1200,10.0,0.15
9,9,Donny Osmond,rank,0.00011726631224247568,0.38801110817907974,0.40986030142118596,0.19571703189646425,0.636049163744576,0.4403321318481117,1.0743442484598296,986.6149009468826,0.8221790841224021,0.62,0.810473453493694,True,4,False,1200,10.0,0.15
9,9,Joanna Krupa,rank,0.047308606865324315,0.20534218432836904,0.14913455634598688,0.03152458061394396,0.31606334083938337,0.2845387602254394,1.907920332327215,986.6149009468826,0.8221790841224021,0.62,0.810473453493694,True,4,True,1200,10.0,0.15
9,9,Kelly Osbourne,rank,0.002355356844392299,0.40335011520220787,0.4381294036919761,0.21441995576797723,0.6680430229586644,0.4536230671906871,1.035360850030401,986.6149009468826,0.8221790841224021,0.62,0.810473453493694,True,4,False,1200,10.0,0.15
9,9,Mya,rank,0.950218769978041,0.0032965922903433306,0.002875738540851009,4.8044801361457775e-42,0.008775919190840923,0.008775919190840923,3.050648874139529,986.6149009468826,0.8221790841224021,0.62,0.810473453493694,True,4,False,1200,10.0,0.15
9,10,Donny Osmond,rank,0.9503302116973794,0.014275800553092298,0.012445629814899283,1.2671745826669086e-10,0.071751615042255,0.07175161491553754,5.764742422856267,1199.9999999999998,0.9999999999999998,,,False,3,True,1200,10.0,0.15
9,10,Kelly Osbourne,rank,0.0023556330807966807,0.7384754643965915,0.744368290961917,0.5016403122104003,0.9311026788427712,0.4294623666323709,0.5769479905295325,1199.9999999999998,0.9999999999999998,,,False,3,True,1200,10.0,0.15
9,10,Mya,rank,0.04731415522182405,0.24724873505031625,0.2431860792231844,0.06612732059089091,0.48714252260706203,0.42101520201617115,1.7312400122614466,1199.9999999999998,0.9999999999999998,,,False,3,True,1200,10.0,0.15
10,1,Aiden Turner,rank,7.776260447814208e-12,0.02533972880090841,0.027283283094935003,6.25121557890217e-07,0.1276814151893196,0.12768079006776173,4.679646139995671,1199.9999999999998,0.9999999999999998,,,False,11,False,1200,10.0,0.15
10,1,Buzz Aldrin,rank,1.0524024102266046e-12,0.00870005935300953,0.00934907025967751,4.2283242539709184e-16,0.05684493464754758,0.056844934647547155,6.079626470048342,1199.9999999999998,0.9999999999999998,,,False,11,False,1200,10.0,0.15
10,1,Chad Ochocinco,rank,6.301169105132347e-08,0.18282233695397695,0.1817831882293532,0.035463110080835344,0.3960036350548437,0.36054052497400835,1.9833437026938896,1199.9999999999998,0.9999999999999998,,,False,11,False,1200,10.0,0.15
10,1,Erin Andrews,rank,0.0008418189795207311,0.27580798014290986,0.2806973732988567,0.08383863433143712,0.5315415985057268,0.4477029641742897,1.5949610213723076,1199.9999999999998,0.9999999999999998,,,False,11,False,1200,10.0,0.15
10,1,Evan Lysacek,rank,0.07577812961078893,0.1887385047667414,0.18373971512284387,0.03585389900567182,0.4034983825130732,0.36764448350740137,2.0008874095303515,1199.9999999999998,0.9999999999999998,,,False,11,False,1200,10.0,0.15
10,1,Jake Pavelka,rank,2.54207304967724e-05,0.05959822461683939,0.05418328464916277,0.000552966906474878,0.18711227415845214,0.18655930725197725,3.4430519561147306,1199.9999999999998,0.9999999999999998,,,False,11,False,1200,10.0,0.15
10,1,Kate Gosselin,rank,9.473424594235387e-11,0.035247587313185155,0.03465013410198592,7.797211378989379e-06,0.1531438640550208,0.1531360668436418,4.419366661793194,1199.9999999999998,0.9999999999999998,,,False,11,False,1200,10.0,0.15
10,1,Nicole Scherzinger,rank,0.9231666063368412,0.002943071877968278,0.0030050933981074857,5.665471287141483e-44,0.011444349956025638,0.011444349956025638,3.807050693511564,1199.9999999999998,0.9999999999999998,,,False,11,False,1200,10.0,0.15
10,1,Niecy Nash,rank,6.301169105132347e-08,0.12308352727035003,0.12684213115882595,0.010506520150793319,0.337745384944661,0.32723886479386766,2.5798705992531614,1199.9999999999998,0.9999999999999998,,,False,11,False,1200,10.0,0.15
10,1,Pamela Anderson,rank,0.0001878352037164485,0.08866742511107246,0.08869408815823157,0.003724826875104018,0.27819410873423556,0.27446928185913155,3.0945262872897743,1199.9999999999998,0.9999999999999998,,,False,11,False,1200,10.0,0.15
10,1,Shannen Doherty,rank,6.301169105132347e-08,0.00905155379303849,0.009772638528020253,6.83123413356254e-17,0.05663846634207828,0.05663846634207821,5.795023642392768,1199.9999999999998,0.9999999999999998,,,False,11,False,1200,10.0,0.15
10,2,Aiden Turner,rank,2.4336579977963048e-08,0.024397465518761426,0.025171961836571388,5.321669147612738e-07,0.12399341943300145,0.12399288726608669,4.925637597636575,1178.3778605955852,0.981981550496321,0.3466666666666667,0.36422355058550115,True,11,False,1200,10.0,0.15
10,2,Buzz Aldrin,rank,1.4952911533836053e-13,0.008376546607070205,0.008665745347211998,2.6244628073041483e-17,0.051506925010293685,0.05150692501029366,5.943052777806943,1178.3778605955852,0.981981550496321,0.3466666666666667,0.36422355058550115,True,11,False,1200,10.0,0.15
10,2,Chad Ochocinco,rank,3.658856816190291e-11,0.17602411210418095,0.17413479993907144,0.030741767386200342,0.3803076443845844,0.3495658769983841,2.00743257343231,1178.3778605955852,0.981981550496321,0.3466666666666667,0.36422355058550115,True,11,False,1200,10.0,0.15
10,2,Erin Andrews,rank,0.0014571318384638053,0.26488098992990733,0.26339187778528333,0.07313764102377372,0.5106139704654313,0.4374763294416576,1.6609269511011089,1178.3778605955852,0.981981550496321,0.3466666666666667,0.36422355058550115,True,11,False,1200,10.0,0.15
10,2,Evan Lysacek,rank,0.02926727534341709,0.22002030819732812,0.21963183750053739,0.0487474748462009,0.4578179097452193,0.4090704348990184,1.8625194645496372,1178.3778605955852,0.981981550496321,0.3466666666666667,0.36422355058550115,True,11,False,1200,10.0,0.15
10,2,Jake Pavelka,rank,1.798243547132814e-07,0.057388013509340835,0.05752518162807175,0.000544406408116572,0.20655845005784584,0.20601404364972928,3.581222285561851,1178.3778605955852,0.981981550496321,0.3466666666666667,0.36422355058550115,True,11,False,1200,10.0,0.15
10,2,Kate Gosselin,rank,8.164013073567137e-12,0.03393690158188911,0.03315869592770851,2.073378701788771e-05,0.141743738091575,0.14172300430455712,4.273953675978441,1178.3778605955852,0.981981550496321,0.3466666666666667,0.36422355058550115,True,11,False,1200,10.0,0.15
10,2,Nicole Scherzinger,rank,0.9691990505967487,0.0023449767788472145,0.00309683619139534,3.693192101954144e-52,0.00976474486876992,0.00976474486876992,3.152117886637396,1178.3778605955852,0.981981550496321,0.3466666666666667,0.36422355058550115,True,11,False,1200,10.0,0.15
10,2,Niecy Nash,rank,3.61186871628201e-06,0.1185049222778907,0.12185332872735874,0.0107261172645204,0.3161368246973086,0.3054107074327882,2.506359114382593,1178.3778605955852,0.981981550496321,0.3466666666666667,0.36422355058550115,True,11,False,1200,10.0,0.15
10,2,Pamela Anderson,rank,7.254632246258876e-05,0.08541079699651041,0.08768702142246315,0.0038497895749035546,0.2625953709789683,0.25874558140406473,2.95075173560458,1178.3778605955852,0.981981550496321,0.3466666666666667,0.36422355058550115,True,11,False,1200,10.0,0.15
10,2,Shannen Doherty,rank,1.798243547132814e-07,0.008714966498273668,0.005682713694326374,5.821712160706473e-18,0.03523773596094452,0.03523773596094451,6.199773221532904,1178.3778605955852,0.981981550496321,0.3466666666666667,0.36422355058550115,True,11,True,1200,10.0,0.15
10,3,Aiden Turner,rank,1.846787806931359e-07,0.02722520697358607,0.028904001270001076,2.386028775010464e-06,0.13908327408634932,0.13908088805757432,4.811654798365942,1175.2504768613035,0.9793753973844196,0.6616666666666666,0.6945872263010742,True,10,False,1200,10.0,0.15
10,3,Buzz Aldrin,rank,5.085397890529601e-12,0.009347420340944683,0.006163750989392658,4.797226253539699e-16,0.03659303136255824,0.03659303136255776,5.93584905951941,1175.2504768613035,0.9793753973844196,0.6616666666666666,0.6945872263010742,True,10,True,1200,10.0,0.15
10,3,Chad Ochocinco,rank,1.846787806931359e-07,0.19642582963555402,0.19492333426265146,0.038461578551533565,0.41375031451077604,0.3752887359592425,1.9253046951724273,1175.2504768613035,0.9793753973844196,0.6616666666666666,0.6945872263010742,True,10,False,1200,10.0,0.15
10,3,Erin Andrews,rank,0.004067820845963969,0.2924255830677716,0.2873245415423762,0.09300813507928005,0.5356848444730271,0.44267670939374704,1.5406799792926134,1175.2504768613035,0.9793753973844196,0.6616666666666666,0.6945872263010742,True,10,False,1200,10.0,0.15
10,3,Evan Lysacek,rank,0.9953629429035992,0.004621979033057553,0.003425242127148054,8.82597949963802e-31,0.01687514316728533,0.01687514316728533,4.925262880160753,1175.2504768613035,0.9793753973844196,0.6616666666666666,0.6945872263010742,True,10,False,1200,10.0,0.15
10,3,Jake Pavelka,rank,6.115721289833415e-06,0.064037940313075,0.06652234084644906,0.000947093624263182,0.22054100090314646,0.21959390727888328,3.3010053987780883,1175.2504768613035,0.9793753973844196,0.6616666666666666,0.6945872263010742,True,10,False,1200,10.0,0.15
10,3,Kate Gosselin,rank,3.7576290298506805e-11,0.037870318044372804,0.03995858095762403,2.103718279422803e-05,0.17405924821708085,0.17403821103428663,4.355356259087128,1175.2504768613035,0.9793753973844196,0.6616666666666666,0.6945872263010742,True,10,False,1200,10.0,0.15
10,3,Nicole Scherzinger,rank,0.0005505196863443313,0.140470715800703,0.1410366878258787,0.016686425113742288,0.3457759003758701,0.3290894752621278,2.333344231142053,1175.2504768613035,0.9793753973844196,0.6616666666666666,0.6945872263010742,True,10,False,1200,10.0,0.15
10,3,Niecy Nash,rank,6.115721289833415e-06,0.13223873372296374,0.13451123839360943,0.014488178926896139,0.3345181194305491,0.32002994050365297,2.379188275546958,1175.2504768613035,0.9793753973844196,0.6616666666666666,0.6945872263010742,True,10,False,1200,10.0,0.15
10,3,Pamela Anderson,rank,6.115721289833415e-06,0.09533627306797153,0.09723028178486914,0.005111990797267592,0.27860375315863106,0.27349176236136347,2.8127960193560204,1175.2504768613035,0.9793753973844196,0.6616666666666666,0.6945872263010742,True,10,False,1200,10.0,0.15
10,4,Aiden Turner,rank,4.233677428699475e-10,0.02840661703481267,0.01920139992441966,1.3509873555339683e-06,0.08559461130235693,0.0855932603150014,4.457425147476102,1139.3822254096424,0.9494851878413687,0.47,0.5377310159817825,True,9,True,1200,10.0,0.15
10,4,Chad Ochocinco,rank,0.00011360535132218903,0.20485381007354617,0.20637173247042329,0.04821218937662844,0.4263456744092326,0.37813348503260413,1.8322841419313818,1139.3822254096424,0.9494851878413687,0.47,0.5377310159817825,True,9,False,1200,10.0,0.15
10,4,Erin Andrews,rank,5.656077393233027e-06,0.310254156790296,0.30507859802451587,0.10513140058871626,0.5570091857395262,0.4518777851508099,1.481179954598267,1139.3822254096424,0.9494851878413687,0.47,0.5377310159817825,True,9,False,1200,10.0,0.15
10,4,Evan Lysacek,rank,0.9205536963853846,0.006559502981990289,0.0058776127513916615,2.724614814740021e-21,0.033480434381768946,0.033480434381768946,5.695295097273251,1139.3822254096424,0.9494851878413687,0.47,0.5377310159817825,True,9,False,1200,10.0,0.15
10,4,Jake Pavelka,rank,1.2620414545639988e-06,0.06681808428604445,0.06938486944946809,0.0010662826939232997,0.23758212990992308,0.23651584721599977,3.408703372784686,1139.3822254096424,0.9494851878413687,0.47,0.5377310159817825,True,9,False,1200,10.0,0.15
10,4,Kate Gosselin,rank,1.5574828865701118e-10,0.039513631875599836,0.040019414493333794,4.220844804989945e-05,0.1541006615561889,0.154058453108139,3.8494966895907723,1139.3822254096424,0.9494851878413687,0.47,0.5377310159817825,True,9,False,1200,10.0,0.15
10,4,Nicole Scherzinger,rank,0.07556364890101926,0.1076650463642189,0.10902644261881665,0.007885087532861565,0.29071360370957844,0.2828285161767169,2.594103919006393,1139.3822254096424,0.9494851878413687,0.47,0.5377310159817825,True,9,False,1200,10.0,0.15
10,4,Niecy Nash,rank,3.811034969832963e-08,0.13798044225005207,0.14494790634591503,0.014473945495379321,0.35925143207884,0.3447774865834607,2.378613921795742,1139.3822254096424,0.9494851878413687,0.47,0.5377310159817825,True,9,False,1200,10.0,0.15
10,4,Pamela Anderson,rank,0.003762092553960312,0.0979487083434396,0.10009202392171615,0.005513617913202444,0.28503720396671506,0.27952358605351263,2.7926380391118073,1139.3822254096424,0.9494851878413687,0.47,0.5377310159817825,True,9,False,1200,10.0,0.15
10,5,Chad Ochocinco,rank,1.632594881673817e-07,0.197151158076374,0.19978734618589492,0.04087820533133549,0.4113771738459948,0.37049896851465935,1.854457357437281,1134.1957864425117,0.9451631553687597,0.5383333333333333,0.6189718118597218,True,8,False,1200,10.0,0.15
10,5,Erin Andrews,rank,0.00017903576815240933,0.2982364264618643,0.30947366541038024,0.10031452358308045,0.5479539347919095,0.447639411208829,1.4464492937256588,1134.1957864425117,0.9451631553687597,0.5383333333333333,0.6189718118597218,True,8,False,1200,10.0,0.15
10,5,Evan Lysacek,rank,0.11908414320224531,0.17033132765753273,0.17035287500256446,0.02647795762510153,0.3893208958507367,0.3628429382256352,2.1299365113953117,1134.1957864425117,0.9451631553687597,0.5383333333333333,0.6189718118597218,True,8,False,1200,10.0,0.15
10,5,Jake Pavelka,rank,0.0008023826453282327,0.06406429822200269,0.06433335046142827,0.0006657162006268755,0.20941965452272948,0.2087539383221026,3.244828568639412,1134.1957864425117,0.9451631553687597,0.5383333333333333,0.6189718118597218,True,8,False,1200,10.0,0.15
10,5,Kate Gosselin,rank,1.1000337783696387e-09,0.038010155705159115,0.023637434585404116,1.601391824577827e-05,0.09979067170173944,0.09977465778349366,4.2208657017034845,1134.1957864425117,0.9451631553687597,0.5383333333333333,0.6189718118597218,True,8,True,1200,10.0,0.15
10,5,Nicole Scherzinger,rank,0.8799194146144815,0.003791423641123249,0.0032810100287045843,5.266435012445598e-35,0.015490735021388785,0.015490735021388785,4.719892652949329,1134.1957864425117,0.9451631553687597,0.5383333333333333,0.6189718118597218,True,8,False,1200,10.0,0.15
10,5,Niecy Nash,rank,1.632594881673817e-07,0.13273027982124053,0.13470030144343187,0.013759102168746937,0.3471512859227968,0.3333921837540499,2.475047977870197,1134.1957864425117,0.9451631553687597,0.5383333333333333,0.6189718118597218,True,8,False,1200,10.0,0.15
10,5,Pamela Anderson,rank,1.4696150782419183e-05,0.09568493041470327,0.09443401688219127,0.004170195251539814,0.2624181661105432,0.25824797085900336,2.734663257181079,1134.1957864425117,0.9451631553687597,0.5383333333333333,0.6189718118597218,True,8,False,1200,10.0,0.15
10,6,Chad Ochocinco,rank,0.006494412540419436,0.18639210424068456,0.18970030900098012,0.038080245938936386,0.4066703221154354,0.368590076176499,1.9430022814159635,1085.4313362849446,0.9045261135707872,0.5108333333333334,0.6299330584133156,True,7,False,1200,10.0,0.15
10,6,Erin Andrews,rank,0.029105937700664254,0.2571156137692296,0.26263601341858406,0.0754838611837937,0.487960827655816,0.4124769664720223,1.570521081941437,1085.4313362849446,0.9045261135707872,0.5108333333333334,0.6299330584133156,True,7,False,1200,10.0,0.15
10,6,Evan Lysacek,rank,9.763954348631623e-06,0.26987595757461186,0.26922597736184184,0.07725973339698715,0.485579882624441,0.40832014922745385,1.5166390576033189,1085.4313362849446,0.9045261135707872,0.5108333333333334,0.6299330584133156,True,7,False,1200,10.0,0.15
10,6,Jake Pavelka,rank,2.4202423094541595e-08,0.06241293324505813,0.04163166831544315,0.0004585838447297755,0.14591601538804047,0.1454574315433107,3.49382918340007,1085.4313362849446,0.9045261135707872,0.5108333333333334,0.6299330584133156,True,7,True,1200,10.0,0.15
10,6,Nicole Scherzinger,rank,0.9638562816390386,0.002606950776469072,0.0025954492088544746,5.930558078699972e-51,0.010750935953969067,0.010750935953969067,4.140630179595257,1085.4313362849446,0.9045261135707872,0.5108333333333334,0.6299330584133156,True,7,False,1200,10.0,0.15
10,6,Niecy Nash,rank,4.861186626960251e-07,0.12888283950893856,0.13647192191450447,0.018080043085681816,0.34228663653240843,0.3242065934467266,2.3756111388150005,1085.4313362849446,0.9045261135707872,0.5108333333333334,0.6299330584133156,True,7,False,1200,10.0,0.15
10,6,Pamela Anderson,rank,0.0005330938444433606,0.09271360088500805,0.09773866077979099,0.0054315179585158555,0.27835183547123166,0.2729203175127158,2.792319057947312,1085.4313362849446,0.9045261135707872,0.5108333333333334,0.6299330584133156,True,7,False,1200,10.0,0.15
10,7,Chad Ochocinco,rank,0.002038526049678322,0.2519330566420704,0.26320461239897874,0.07598421616224912,0.498622713411918,0.42263849724966884,1.6057351262290513,1025.1458820307137,0.8542882350255947,0.5225,0.687704427372716,True,6,False,1200,10.0,0.15
10,7,Erin Andrews,rank,0.00016733240798262695,0.3843328754979479,0.3932667054371419,0.1642008059686308,0.6418109499992163,0.4776101440305855,1.2144657123566547,1025.1458820307137,0.8542882350255947,0.5225,0.687704427372716,True,6,False,1200,10.0,0.15
10,7,Evan Lysacek,rank,0.4988108780667368,0.046057606458089456,0.046698409087172925,0.00016252474946843633,0.1854311534646867,0.18526862871521826,3.9672585228943844,1025.1458820307137,0.8542882350255947,0.5225,0.687704427372716,True,6,False,1200,10.0,0.15
10,7,Nicole Scherzinger,rank,0.4988108780667368,0.0234161240547144,0.022394746177373387,1.1283636860921205e-07,0.11173235234213197,0.11173223950576336,4.988993830384066,1025.1458820307137,0.8542882350255947,0.5225,0.687704427372716,True,6,False,1200,10.0,0.15
10,7,Niecy Nash,rank,5.053000882831215e-06,0.1710358798930086,0.1876390819111904,0.03084258609297412,0.3912758427912747,0.36043325669830056,1.9208756094494395,1025.1458820307137,0.8542882350255947,0.5225,0.687704427372716,True,6,False,1200,10.0,0.15
10,7,Pamela Anderson,rank,0.00016733240798262695,0.12322445745416913,0.08679644498814278,0.005160246189390554,0.22738000344135167,0.2222197572519611,2.5602108136053787,1025.1458820307137,0.8542882350255947,0.5225,0.687704427372716,True,6,True,1200,10.0,0.15
10,8,Chad Ochocinco,rank,7.321883210571966e-05,0.22306602101748413,0.24855468969235295,0.06728382748387204,0.4915035620205664,0.42421973453669437,1.7067391821195792,1000.7629534258375,0.8339691278548645,0.5658333333333333,0.7472061581347549,True,5,False,1200,10.0,0.15
10,8,Erin Andrews,rank,0.010866638178611015,0.3230273020802291,0.32757216350111995,0.12212807829465909,0.5691158753360726,0.44698779704141345,1.3645433962415705,1000.7629534258375,0.8339691278548645,0.5658333333333333,0.7472061581347549,True,5,False,1200,10.0,0.15
10,8,Evan Lysacek,rank,0.010866638178611015,0.30082559909439266,0.314361065048865,0.11164819489873543,0.581418848465157,0.46977065356642156,1.4943617751505722,1000.7629534258375,0.8339691278548645,0.5658333333333333,0.7472061581347549,True,5,False,1200,10.0,0.15
10,8,Nicole Scherzinger,rank,0.9781835957192909,0.002864744439134193,0.0031394445093844065,8.691189469262604e-47,0.015586961480180883,0.015586961480180883,4.963297849588897,1000.7629534258375,0.8339691278548645,0.5658333333333333,0.7472061581347549,True,5,False,1200,10.0,0.15
10,8,Niecy Nash,rank,9.90909138128156e-06,0.15021633336875997,0.10637263724827815,0.010918039853965951,0.25909989047572796,0.248181850621762,2.3331142662960813,1000.7629534258375,0.8339691278548645,0.5658333333333333,0.7472061581347549,True,5,True,1200,10.0,0.15
10,9,Chad Ochocinco,rank,0.00027493900461556735,0.36268285918925364,0.29471746008245,0.12154008431138073,0.4904081098390375,0.36886802552765674,1.2515945741045975,975.0086553965949,0.8125072128304958,0.7516666666666667,0.9136143767393814,True,4,True,1200,10.0,0.15
10,9,Erin Andrews,rank,0.005522297528830442,0.5373249925522795,0.5984420952882898,0.380172116752932,0.8076237150332416,0.4274515982803096,0.7142727548295833,975.0086553965949,0.8125072128304958,0.7516666666666667,0.9136143767393814,True,4,False,1200,10.0,0.15
10,9,Evan Lysacek,rank,0.497101381733277,0.06628979010330585,0.0705471363495198,0.0016382045642539058,0.22957599026463305,0.22793778570037915,3.230954033584909,975.0086553965949,0.8125072128304958,0.7516666666666667,0.9136143767393814,True,4,False,1200,10.0,0.15
10,9,Nicole Scherzinger,rank,0.497101381733277,0.03370235815516103,0.03629330827973998,1.1811371354500296e-05,0.15202107171534035,0.15200926034398585,4.188239631745225,975.0086553965949,0.8125072128304958,0.7516666666666667,0.9136143767393814,True,4,False,1200,10.0,0.15
10,10,Erin Andrews,rank,0.0178679818703045,0.5038372164141993,0.4996372823279756,0.24909820507639927,0.7370217013657457,0.4879234962893465,0.9765534658712577,1199.9999999999998,0.9999999999999998,,,False,3,True,1200,10.0,0.15
10,10,Evan Lysacek,rank,0.006573263185309083,0.4915141274971832,0.4954340417089899,0.2583668385312592,0.7459053918743075,0.4875385533430483,0.9840615061488124,1199.9999999999998,0.9999999999999998,,,False,3,True,1200,10.0,0.15
10,10,Nicole Scherzinger,rank,0.9755587549443865,0.004648656088617458,0.004928675963034622,1.7895708882348525e-30,0.024964341070258324,0.024964341070258324,5.064093716798926,1199.9999999999998,0.9999999999999998,,,False,3,True,1200,10.0,0.15
11,1,Audrina Patridge,rank,1.9304008411237733e-06,0.06373650020822,0.066078195267747,0.0008682023115489835,0.2132230126744838,0.2123548103629348,3.2136409879462375,1185.133142439597,0.9876109520329974,0.49833333333333335,0.5163903694699015,True,12,False,1200,10.0,0.15
11,1,Brandy,rank,0.07010347690819835,0.08505172102718031,0.08681499754779157,0.002996535564298219,0.2617507066755703,0.2587541711112721,2.980489522899622,1185.133142439597,0.9876109520329974,0.49833333333333335,0.5163903694699015,True,12,False,1200,10.0,0.15
11,1,Bristol Palin,rank,1.5845695038721802e-07,0.2558482513751291,0.250006561300688,0.07094981171614936,0.49087763822747177,0.41992782651132243,1.6796605043727806,1185.133142439597,0.9876109520329974,0.49833333333333335,0.5163903694699015,True,12,False,1200,10.0,0.15
11,1,David Hasselhoff,rank,4.363341788453027e-12,0.007486631089856004,0.004447385700478535,2.0155697134545555e-19,0.025576775672550296,0.025576775672550296,5.7496758138123845,1185.133142439597,0.9876109520329974,0.49833333333333335,0.5163903694699015,True,12,True,1200,10.0,0.15
11,1,Florence Henderson,rank,1.5845695038721802e-07,0.04894697953962195,0.05211257187543528,0.00018336478960633769,0.1928118754565137,0.19262851066690737,3.696321394498512,1185.133142439597,0.9876109520329974,0.49833333333333335,0.5163903694699015,True,12,False,1200,10.0,0.15
11,1,Jennifer Grey,rank,0.8540351840584418,0.0054381280261095385,0.0045952223833574495,2.892968304448916e-26,0.027594814079697768,0.027594814079697768,6.003803075242043,1185.133142439597,0.9876109520329974,0.49833333333333335,0.5163903694699015,True,12,False,1200,10.0,0.15
11,1,Kurt Warner,rank,1.1708472956766248e-06,0.15492064097159325,0.16006786656601563,0.022904580423968528,0.38107139889840747,0.35816681847443893,2.237579525352132,1185.133142439597,0.9876109520329974,0.49833333333333335,0.5163903694699015,True,12,False,1200,10.0,0.15
11,1,Kyle Massey,rank,0.07010347690819835,0.2015385896893394,0.19804504100336653,0.03685882073570622,0.42617967164213794,0.3893208509064317,1.9658098133848267,1185.133142439597,0.9876109520329974,0.49833333333333335,0.5163903694699015,True,12,False,1200,10.0,0.15
11,1,Margaret Cho,rank,4.363341788453027e-12,0.019115754927525395,0.018711730648002238,1.1637734905873149e-08,0.08816161902633575,0.08816160738860085,4.711317073225384,1185.133142439597,0.9876109520329974,0.49833333333333335,0.5163903694699015,True,12,False,1200,10.0,0.15
11,1,Michael Bolton,rank,1.4449403537487083e-10,0.010642313159889012,0.009841735822254134,4.710017217295023e-15,0.05474858740339793,0.054748587403393216,5.562334333875779,1185.133142439597,0.9876109520329974,0.49833333333333335,0.5163903694699015,True,12,False,1200,10.0,0.15
11,1,Rick Fox,rank,0.0057544438055399825,0.11451238835939091,0.11660725568959714,0.008680490960320373,0.31042379176421914,0.3017433008038988,2.5876667052384175,1185.133142439597,0.9876109520329974,0.49833333333333335,0.5163903694699015,True,12,False,1200,10.0,0.15
11,1,The Situation,rank,4.363341788453027e-12,0.03276210162614524,0.03267143619526644,8.096521564736919e-06,0.14192397340737464,0.1419158768858099,4.343596419858357,1185.133142439597,0.9876109520329974,0.49833333333333335,0.5163903694699015,True,12,False,1200,10.0,0.15
11,2,Audrina Patridge,rank,0.029269185523684613,0.05231573701708396,0.05551460401932381,0.00025157970864979665,0.20455101618196567,0.20429943647331586,3.6800362723641364,1182.0028020479808,0.985002335039984,0.5741666666666667,0.6011572817873014,True,11,False,1200,10.0,0.15
11,2,Brandy,rank,1.618832904010719e-05,0.1050401661164392,0.10894878818987377,0.006010900173083222,0.30045042566282254,0.29443952548973934,2.702524992307472,1182.0028020479808,0.985002335039984,0.5741666666666667,0.6011572817873014,True,11,False,1200,10.0,0.15
11,2,Bristol Palin,rank,0.0005360838326191734,0.23633891241654678,0.2298738734583871,0.05841159317555636,0.4712059609380538,0.41279436776249745,1.795735051648536,1182.0028020479808,0.985002335039984,0.5741666666666667,0.6011572817873014,True,11,False,1200,10.0,0.15
11,2,Florence Henderson,rank,5.430579401144906e-09,0.04531437662785632,0.04830846009460585,0.00010679477758011245,0.189817454091133,0.18971065931355288,3.9269877771773243,1182.0028020479808,0.985002335039984,0.5741666666666667,0.6011572817873014,True,11,False,1200,10.0,0.15
11,2,Jennifer Grey,rank,0.9692623070796303,0.0031346259638119715,0.0032169951565699014,6.219209511394057e-45,0.009878336829975447,0.009878336829975447,3.0697177432998006,1182.0028020479808,0.985002335039984,0.5741666666666667,0.6011572817873014,True,11,False,1200,10.0,0.15
11,2,Kurt Warner,rank,1.618832904010719e-05,0.14341425009156542,0.1399545362995024,0.016092969395108837,0.3252753907235287,0.30918242132841983,2.2091474871474523,1182.0028020479808,0.985002335039984,0.5741666666666667,0.6011572817873014,True,11,False,1200,10.0,0.15
11,2,Kyle Massey,rank,0.0008838528177176784,0.24801675826303157,0.24221291892814795,0.06353433324709239,0.4735208531134447,0.4099865198663523,1.6926629224308682,1182.0028020479808,0.985002335039984,0.5741666666666667,0.6011572817873014,True,11,False,1200,10.0,0.15
11,2,Margaret Cho,rank,1.639892883817175e-10,0.01769706692487908,0.0193265546479247,3.481546910202412e-09,0.1060995055167816,0.10609950203523469,5.489546089402838,1182.0028020479808,0.985002335039984,0.5741666666666667,0.6011572817873014,True,11,False,1200,10.0,0.15
11,2,Michael Bolton,rank,6.701867399724504e-13,0.009852487080690038,0.005625479711524373,7.553302416041041e-16,0.031685872474250205,0.03168587247424945,5.631562557552499,1182.0028020479808,0.985002335039984,0.5741666666666667,0.6011572817873014,True,11,True,1200,10.0,0.15
11,2,Rick Fox,rank,1.618832904010719e-05,0.10854497824035926,0.11577949289521246,0.008745234431222841,0.31344763958980737,0.30470240515858454,2.631724891984667,1182.0028020479808,0.985002335039984,0.5741666666666667,0.6011572817873014,True,11,False,1200,10.0,0.15
11,2,The Situation,rank,1.639892883817175e-10,0.030330641257736525,0.031238296598928038,5.84029435106704e-06,0.13328405179902758,0.1332782115046765,4.266364035522166,1182.0028020479808,0.985002335039984,0.5741666666666667,0.6011572817873014,True,11,False,1200,10.0,0.15
11,3,Audrina Patridge,rank,0.9795371094493257,0.000959864198308538,0.0010505966680300443,2.855991973787494e-141,0.0005761453704297822,0.0005761453704297822,0.5478767553619919,1162.8104604828786,0.9690087170690656,0.5341666666666667,0.580646708823004,True,10,False,1200,10.0,0.15
11,3,Brandy,rank,0.006600069127106936,0.09336230037781561,0.09283554496566691,0.0051979212018417485,0.2635033790881554,0.25830545788631365,2.782368279451168,1162.8104604828786,0.9690087170690656,0.5341666666666667,0.580646708823004,True,10,False,1200,10.0,0.15
11,3,Bristol Palin,rank,2.0189764614544717e-09,0.21630485343074732,0.2153577607258359,0.04662484814990972,0.45643710509994095,0.4098122569500312,1.9029281909350593,1162.8104604828786,0.9690087170690656,0.5341666666666667,0.580646708823004,True,10,False,1200,10.0,0.15
11,3,Florence Henderson,rank,1.4918330336107588e-08,0.04138182933325392,0.039856236408472044,7.591896872792486e-05,0.1555941539709802,0.1555182350022523,3.9018820424086242,1162.8104604828786,0.9690087170690656,0.5341666666666667,0.580646708823004,True,10,False,1200,10.0,0.15
11,3,Jennifer Grey,rank,0.006600069127106936,0.14993034253577617,0.1494043602285331,0.02016615295866036,0.3455984544460567,0.3254323014873963,2.1781835737995565,1162.8104604828786,0.9690087170690656,0.5341666666666667,0.580646708823004,True,10,False,1200,10.0,0.15
11,3,Kurt Warner,rank,0.00012088448277277368,0.1309118714463765,0.1310394980902183,0.013211492728467751,0.33870802706346126,0.3254965343349935,2.4839384700056373,1162.8104604828786,0.9690087170690656,0.5341666666666667,0.580646708823004,True,10,False,1200,10.0,0.15
11,3,Kyle Massey,rank,0.0005417666652162099,0.226811786422038,0.22994316798562822,0.05769281890215898,0.4519922264549102,0.3942994075527512,1.7147615049640894,1162.8104604828786,0.9690087170690656,0.5341666666666667,0.580646708823004,True,10,False,1200,10.0,0.15
11,3,Margaret Cho,rank,1.6572768006017438e-10,0.01616125137866392,0.01118564361010376,1.2632094122769046e-10,0.05980350737414486,0.05980350724782392,5.345974121657857,1162.8104604828786,0.9690087170690656,0.5341666666666667,0.580646708823004,True,10,True,1200,10.0,0.15
11,3,Rick Fox,rank,0.006600069127106936,0.09647746417066898,0.10010336467878403,0.00404537405579817,0.29133136138786897,0.2872859873320708,2.8698647481947184,1162.8104604828786,0.9690087170690656,0.5341666666666667,0.580646708823004,True,10,False,1200,10.0,0.15
11,3,The Situation,rank,1.4918330336107588e-08,0.027698436706351148,0.02922382663872751,2.2036982833075017e-06,0.1287503912816921,0.1287481875834088,4.405438881638981,1162.8104604828786,0.9690087170690656,0.5341666666666667,0.580646708823004,True,10,False,1200,10.0,0.15
11,4,Audrina Patridge,rank,0.003951159882394986,0.059990136949592265,0.06660141838894751,0.000706587889044818,0.21596918651957356,0.21526259863052874,3.232053787798357,1138.129648521401,0.9484413737678341,0.5108333333333334,0.5821383518266838,True,9,False,1200,10.0,0.15
11,4,Brandy,rank,0.029195342026860787,0.09626787730398581,0.09946066983889772,0.005514698313046617,0.2794909617595372,0.27397626344649056,2.754591430952864,1138.129648521401,0.9484413737678341,0.5108333333333334,0.5821383518266838,True,9,False,1200,10.0,0.15
11,4,Bristol Palin,rank,1.992758251117923e-09,0.24475238906280627,0.24703093134324494,0.061894430649710376,0.49012959499271586,0.42823516434300546,1.7335215007001785,1138.129648521401,0.9484413737678341,0.5108333333333334,0.5821383518266838,True,9,False,1200,10.0,0.15
11,4,Florence Henderson,rank,1.0880091397432249e-07,0.046824181341340816,0.04890691747996299,0.00013133019436516348,0.19648295324670648,0.1963516230523413,4.014720584510357,1138.129648521401,0.9484413737678341,0.5108333333333334,0.5821383518266838,True,9,False,1200,10.0,0.15
11,4,Jennifer Grey,rank,0.966816946308099,0.003271802195514842,0.003666213501602433,2.0389161450371185e-41,0.018990099559813206,0.018990099559813206,5.178345779844903,1138.129648521401,0.9484413737678341,0.5108333333333334,0.5821383518266838,True,9,False,1200,10.0,0.15
11,4,Kurt Warner,rank,2.4276765359386114e-08,0.1482025034819192,0.14730035313160503,0.020125063254341182,0.3607205898666092,0.34059552661226805,2.3122362379656223,1138.129648521401,0.9484413737678341,0.5108333333333334,0.5821383518266838,True,9,False,1200,10.0,0.15
11,4,Kyle Massey,rank,2.6622705872490186e-05,0.2571853598484581,0.25704587109796584,0.07075970513432753,0.5024168580828072,0.4316571529484797,1.6792935510347697,1138.129648521401,0.9484413737678341,0.5108333333333334,0.5821383518266838,True,9,False,1200,10.0,0.15
11,4,Rick Fox,rank,9.793946158843366e-06,0.11216452532179672,0.11137444888248896,0.00727421536325781,0.31105745842073534,0.30378324305747756,2.727560212825683,1138.129648521401,0.9484413737678341,0.5108333333333334,0.5821383518266838,True,9,False,1200,10.0,0.15
11,4,The Situation,rank,6.017608497699677e-11,0.03134122449458599,0.018613176335285187,1.2324908620484045e-06,0.08603992841144313,0.08603869592058108,4.622213434041957,1138.129648521401,0.9484413737678341,0.5108333333333334,0.5821383518266838,True,9,True,1200,10.0,0.15
11,5,Audrina Patridge,rank,2.7321366116859135e-05,0.05856673859643834,0.0593740009226875,0.00032155522315540356,0.1936266325028603,0.1933050772797049,3.2556644088546363,1118.7340095435516,0.9322783412862929,0.46166666666666667,0.5476907407611787,True,8,False,1200,10.0,0.15
11,5,Brandy,rank,0.9921891442808694,0.0017632875247082936,0.002352587153460709,8.498601179865294e-71,0.005007602605886787,0.005007602605886787,2.1276469828294307,1118.7340095435516,0.9322783412862929,0.46166666666666667,0.5476907407611787,True,8,False,1200,10.0,0.15
11,5,Bristol Palin,rank,3.3717244398620304e-09,0.2351207189498823,0.2341221225266133,0.06094463592940686,0.46937458190572384,0.408429945976317,1.7445092204845758,1118.7340095435516,0.9322783412862929,0.46166666666666667,0.5476907407611787,True,8,False,1200,10.0,0.15
11,5,Florence Henderson,rank,1.8408991683800637e-07,0.04498150917936603,0.02815657810231746,6.143215318041439e-05,0.11275126371038213,0.11268983155720172,4.00211378790163,1118.7340095435516,0.9322783412862929,0.46166666666666667,0.5476907407611787,True,8,True,1200,10.0,0.15
11,5,Jennifer Grey,rank,0.006685317867232461,0.16291532328303782,0.16628804972571248,0.026765657156539637,0.3745528314488717,0.3477871742923321,2.0914616739105427,1118.7340095435516,0.9322783412862929,0.46166666666666667,0.5476907407611787,True,8,False,1200,10.0,0.15
11,5,Kurt Warner,rank,0.0005487643079321026,0.14204945090881335,0.1448625988068105,0.017013577021472805,0.3416601249457846,0.3246465479243118,2.2410498606848717,1118.7340095435516,0.9322783412862929,0.46166666666666667,0.5476907407611787,True,8,False,1200,10.0,0.15
11,5,Kyle Massey,rank,5.004082757432895e-07,0.24709095968928374,0.2531046178513705,0.06810207636749437,0.4811179281829927,0.4130158518154983,1.6317925114488405,1118.7340095435516,0.9322783412862929,0.46166666666666667,0.5476907407611787,True,8,False,1200,10.0,0.15
11,5,Rick Fox,rank,0.0005487643079321026,0.10751201186847016,0.11173944491102801,0.007217809395319619,0.2956373277829278,0.28841951838760815,2.5811559871383967,1118.7340095435516,0.9322783412862929,0.46166666666666667,0.5476907407611787,True,8,False,1200,10.0,0.15
11,6,Audrina Patridge,rank,0.04740435983638197,0.05075345672479146,0.03417114541974048,0.00019232302448233662,0.1259712566829913,0.12577893365850898,3.6807444224982526,1096.6159995402977,0.9138466662835815,0.24,0.3137854019332328,True,7,True,1200,10.0,0.15
11,6,Brandy,rank,0.9521420198137246,0.0021890743286122737,0.0023698644289549217,1.9881556027058162e-64,0.007731412115120214,0.007731412115120214,3.261009790647635,1096.6159995402977,0.9138466662835815,0.24,0.3137854019332328,True,7,False,1200,10.0,0.15
11,6,Bristol Palin,rank,7.917334341403903e-07,0.24757704966415103,0.24235447299562543,0.06390285748340253,0.47151456438045247,0.40761170689704995,1.6818753950912733,1096.6159995402977,0.9138466662835815,0.24,0.3137854019332328,True,7,False,1200,10.0,0.15
11,6,Jennifer Grey,rank,1.590239112474898e-05,0.1763165670588614,0.1811693298232022,0.031000536192219597,0.3980676328244433,0.3670670966322237,2.026088361104336,1096.6159995402977,0.9138466662835815,0.24,0.3137854019332328,True,7,False,1200,10.0,0.15
11,6,Kurt Warner,rank,1.4501103675852797e-08,0.14991338524775802,0.16084697072895615,0.02195348944656301,0.3589531270676042,0.3369996376210412,2.0951438559888147,1096.6159995402977,0.9138466662835815,0.24,0.3137854019332328,True,7,False,1200,10.0,0.15
11,6,Kyle Massey,rank,0.00031940806410311754,0.2598413346601332,0.2673583390225691,0.08237932016482111,0.5129103151126074,0.43053099494778635,1.6103084205764107,1096.6159995402977,0.9138466662835815,0.24,0.3137854019332328,True,7,False,1200,10.0,0.15
11,6,Rick Fox,rank,0.00011750366012790712,0.11340913231569263,0.11172987758095207,0.009460863852177296,0.29758213905647124,0.2881212752042939,2.5787077076839586,1096.6159995402977,0.9138466662835815,0.24,0.3137854019332328,True,7,False,1200,10.0,0.15
11,7,Brandy,rank,0.18202579194927931,0.06274113878794588,0.06565664956710199,0.00050893566321929,0.20975086119342556,0.20924192553020626,3.1868628698985244,1002.8641912243738,0.8357201593536449,0.5191666666666667,0.6981633830313371,True,6,False,1200,10.0,0.15
11,7,Bristol Palin,rank,5.5682112148467106e-08,0.29903616554741286,0.3185052696516345,0.11644571338267846,0.573139766849568,0.45669405346688957,1.4338620522804706,1002.8641912243738,0.8357201593536449,0.5191666666666667,0.6981633830313371,True,6,False,1200,10.0,0.15
11,7,Jennifer Grey,rank,0.8157830022987157,0.007438777451951989,0.008098335334593445,1.6254959929641507e-18,0.04328971505124038,0.04328971505124038,5.344847850211076,1002.8641912243738,0.8357201593536449,0.5191666666666667,0.6981633830313371,True,6,False,1200,10.0,0.15
11,7,Kurt Warner,rank,0.0020221238926353582,0.1795731203741245,0.193815939580307,0.03549938528378061,0.40976868950128037,0.37426930421749977,1.931045372132828,1002.8641912243738,0.8357201593536449,0.5191666666666667,0.6981633830313371,True,6,False,1200,10.0,0.15
11,7,Kyle Massey,rank,3.0401403132443706e-06,0.3142571939501463,0.32029563932476945,0.10681603842645071,0.5701496250746249,0.46333358664817414,1.446576484926432,1002.8641912243738,0.8357201593536449,0.5191666666666667,0.6981633830313371,True,6,False,1200,10.0,0.15
11,7,Rick Fox,rank,0.00016598603694432625,0.1369536038884185,0.09362816654159396,0.010372894505262504,0.23982365231948263,0.22945075781422014,2.4506333473799384,1002.8641912243738,0.8357201593536449,0.5191666666666667,0.6981633830313371,True,6,True,1200,10.0,0.15
11,8,Brandy,rank,0.44966319291577483,0.02812317408680083,0.028807371673640746,2.5146935872533446e-06,0.1302765032177199,0.13027398852413266,4.522087884728713,963.3768432217394,0.8028140360181162,0.6216666666666667,0.820071474493925,True,5,False,1200,10.0,0.15
11,8,Bristol Palin,rank,9.149223646669135e-05,0.4027369060556657,0.4401206917293489,0.19385772836687865,0.6899869246925386,0.49612919632566,1.127254588103221,963.3768432217394,0.8028140360181162,0.6216666666666667,0.820071474493925,True,5,False,1200,10.0,0.15
11,8,Jennifer Grey,rank,0.44966319291577483,0.04516295235832926,0.045331322194267935,0.00011567359330248521,0.182953416738576,0.18283774314527354,4.0332754709043455,963.3768432217394,0.8028140360181162,0.6216666666666667,0.820071474493925,True,5,False,1200,10.0,0.15
11,8,Kurt Warner,rank,0.00024870168383248515,0.24370774064995296,0.18176569355067196,0.056231811192236233,0.36354757441917673,0.3073157632269405,1.6907154838092966,963.3768432217394,0.8028140360181162,0.6216666666666667,0.820071474493925,True,5,True,1200,10.0,0.15
11,8,Kyle Massey,rank,0.10033342024815113,0.2802692268492513,0.3039749208520705,0.1053570454567183,0.5525815609454652,0.44722451548874687,1.471249808982035,963.3768432217394,0.8028140360181162,0.6216666666666667,0.820071474493925,True,5,False,1200,10.0,0.15
11,9,Brandy,rank,0.016636156928932437,0.1880434804125067,0.14480517417927757,0.028119401350831304,0.3131835520163517,0.2850641506655204,1.9685911341915305,1053.0992424851322,0.8775827020709435,0.7758333333333334,0.9021603106669234,True,4,True,1200,10.0,0.15
11,9,Bristol Palin,rank,0.0005023684094568336,0.45308365881308604,0.4725557392462031,0.2493493653663709,0.715043585859602,0.46569422049323117,0.9854778946462205,1053.0992424851322,0.8775827020709435,0.7758333333333334,0.9021603106669234,True,4,False,1200,10.0,0.15
11,9,Jennifer Grey,rank,0.9083033919807855,0.007720218884684871,0.007633380554659765,1.453088431166655e-19,0.04400921142117818,0.04400921142117818,5.764608026294479,1053.0992424851322,0.8775827020709435,0.7758333333333334,0.9021603106669234,True,4,False,1200,10.0,0.15
11,9,Kyle Massey,rank,0.07455808268082538,0.35115264188972234,0.37500570601985916,0.16090524956107613,0.6134547714337872,0.45254952187271114,1.2067771445365716,1053.0992424851322,0.8775827020709435,0.7758333333333334,0.9021603106669234,True,4,False,1200,10.0,0.15
11,10,Bristol Palin,rank,0.006573263185309083,0.49591608235904694,0.4962817602840533,0.24227511698101128,0.7402461535311337,0.49797103655012237,1.0034018434674272,1199.9999999999998,0.9999999999999998,,,False,3,True,1200,10.0,0.15
11,10,Jennifer Grey,rank,0.9755587549443865,0.006570458589843078,0.005348357948766379,1.0329052462253137e-21,0.026559126615377723,0.026559126615377723,4.964918569620594,1199.9999999999998,0.9999999999999998,,,False,3,True,1200,10.0,0.15
11,10,Kyle Massey,rank,0.0178679818703045,0.49751345905110994,0.49836988176717995,0.25301201848643184,0.7564282574009733,0.5034162389145415,1.0101236997022602,1199.9999999999998,0.9999999999999998,,,False,3,True,1200,10.0,0.15
12,1,Chelsea Kane,rank,0.0008018936245590034,0.19071273053669743,0.19154766019545755,0.035945582118601126,0.41537298055567334,0.37942739843707224,1.980840785051182,1199.9999999999998,0.9999999999999998,,,False,11,False,1200,10.0,0.15
12,1,Chris Jericho,rank,7.312323345284993e-07,0.05128063486971329,0.0528507883953306,0.000247068743336466,0.19481319612363146,0.194566127380295,3.6813537117219806,1199.9999999999998,0.9999999999999998,,,False,11,False,1200,10.0,0.15
12,1,Hines Ward,rank,0.0008018936245590034,0.27941008437016823,0.2770348762472871,0.08553170652820045,0.51062740027844,0.42509569375023953,1.534442757048519,1199.9999999999998,0.9999999999999998,,,False,11,False,1200,10.0,0.15
12,1,Kendra Wilkinson,rank,2.2081303176554163e-08,0.0990118768602316,0.09664440859099546,0.005619445457310946,0.2690628216017683,0.26344337614445734,2.72587575535381,1199.9999999999998,0.9999999999999998,,,False,11,False,1200,10.0,0.15
12,1,Kirstie Alley,rank,0.11901156608501721,0.1451073795017733,0.14884356098233165,0.01758102532283077,0.360249836075696,0.3426688107528652,2.3021923575261924,1199.9999999999998,0.9999999999999998,,,False,11,False,1200,10.0,0.15
12,1,Mike Catherwood,rank,6.080406864975946e-13,0.011695375956266393,0.01155812545968625,1.3868916647499633e-12,0.06639846298781343,0.06639846298642654,5.74424624233024,1199.9999999999998,0.9999999999999998,,,False,11,False,1200,10.0,0.15
12,1,Petra Nemcova,rank,2.2081303176554163e-08,0.046048275651724487,0.043668621992342886,0.00012772250671624409,0.17456772710977958,0.17444000460306333,3.994538918464876,1199.9999999999998,0.9999999999999998,,,False,11,False,1200,10.0,0.15
12,1,Ralph Macchio,rank,0.8793831382237844,0.004664681772306302,0.003992236362687646,9.453756733132993e-31,0.01804481671874924,0.01804481671874924,4.518845137081788,1199.9999999999998,0.9999999999999998,,,False,11,False,1200,10.0,0.15
12,1,Romeo,rank,7.312323345284993e-07,0.1317132010052456,0.13188461946479632,0.011552979165099548,0.32640941606905577,0.3148564369039562,2.3873447172001914,1199.9999999999998,0.9999999999999998,,,False,11,False,1200,10.0,0.15
12,1,Sugar Ray Leonard,rank,1.8125437408613404e-09,0.024967954799615236,0.024521466093399807,2.4627816471693786e-07,0.12276326126199393,0.1227630149838292,5.0061447538047865,1199.9999999999998,0.9999999999999998,,,False,11,False,1200,10.0,0.15
12,1,Wendy Williams,rank,1.6528259490701747e-12,0.015387804676258072,0.0174536362156844,3.3863757065450564e-10,0.09502404436088994,0.09502404402225237,5.44405754712124,1199.9999999999998,0.9999999999999998,,,False,11,False,1200,10.0,0.15
12,2,Chelsea Kane,rank,1.746452554448728e-08,0.20664655470152424,0.20870608242837047,0.05108743614562278,0.4478395317018552,0.3967520955562324,1.9009996735132366,1171.9998968067828,0.9766665806723189,0.4625,0.49400322451995327,True,11,False,1200,10.0,0.15
12,2,Chris Jericho,rank,0.42185478939069915,0.009772809796549604,0.009797396860688857,1.661112647230165e-14,0.06122012601846959,0.061220126018452975,6.247973713339574,1171.9998968067828,0.9766665806723189,0.4625,0.49400322451995327,True,11,False,1200,10.0,0.15
12,2,Hines Ward,rank,0.42185478939069915,0.05342430141661519,0.05216375336100089,0.00035427497749969926,0.199884825113034,0.19953055013553428,3.8250070647263166,1171.9998968067828,0.9766665806723189,0.4625,0.49400322451995327,True,11,False,1200,10.0,0.15
12,2,Kendra Wilkinson,rank,9.535307859355965e-07,0.10693062797910494,0.11166829663663269,0.007304749392861495,0.31512192540011286,0.30781717600725134,2.7565068042729397,1171.9998968067828,0.9766665806723189,0.4625,0.49400322451995327,True,11,False,1200,10.0,0.15
12,2,Kirstie Alley,rank,5.2061016911733646e-05,0.2555905815132422,0.2529862373613998,0.07172343972197998,0.48134991739089583,0.40962647766891586,1.61915866563558,1171.9998968067828,0.9766665806723189,0.4625,0.49400322451995327,True,11,False,1200,10.0,0.15
12,2,Mike Catherwood,rank,3.1987394323590267e-10,0.012630794641781637,0.007745047566418998,3.6111842790557114e-13,0.04457113902899368,0.04457113902863256,5.754049229165503,1171.9998968067828,0.9766665806723189,0.4625,0.49400322451995327,True,11,True,1200,10.0,0.15
12,2,Petra Nemcova,rank,1.0592770200066008e-08,0.04973130780745637,0.052334063751275584,0.00018276604359146318,0.18571291748829372,0.18553015144470225,3.5450449115041014,1171.9998968067828,0.9766665806723189,0.4625,0.49400322451995327,True,11,False,1200,10.0,0.15
12,2,Ralph Macchio,rank,0.0010456734774393238,0.18654377119373863,0.18648464116675395,0.04079000254604358,0.3991166785276505,0.3583266759816069,1.9214705954824376,1171.9998968067828,0.9766665806723189,0.4625,0.49400322451995327,True,11,False,1200,10.0,0.15
12,2,Romeo,rank,0.1551917041765469,0.07514575993529414,0.07289363931430214,0.0022416492936134106,0.220324419459873,0.21808277016625957,2.991753196362563,1171.9998968067828,0.9766665806723189,0.4625,0.49400322451995327,True,11,False,1200,10.0,0.15
12,2,Sugar Ray Leonard,rank,3.1987394323590267e-10,0.026964940094971777,0.028644575782538678,1.3842019066871902e-06,0.12752564142225342,0.12752425722034674,4.451795913911459,1171.9998968067828,0.9766665806723189,0.4625,0.49400322451995327,True,11,False,1200,10.0,0.15
12,2,Wendy Williams,rank,3.1987394323590267e-10,0.016618550919721357,0.016576265770618104,1.8213295618295836e-09,0.09267156207009618,0.09267156024876662,5.5902801783524305,1171.9998968067828,0.9766665806723189,0.4625,0.49400322451995327,True,11,False,1200,10.0,0.15
12,3,Chelsea Kane,rank,0.0020279703318411414,0.19714694925316983,0.19990855128109258,0.04466340055763977,0.41119508085429735,0.36653168029665756,1.8334875844990408,1162.8604925112095,0.9690504104260079,0.5475,0.5931182143349132,True,10,False,1200,10.0,0.15
12,3,Chris Jericho,rank,1.1216386936648506e-06,0.053278576233372496,0.05273125296498028,0.00036096057627406694,0.18473513629416666,0.18437417571789258,3.4964213617107593,1162.8604925112095,0.9690504104260079,0.5475,0.5931182143349132,True,10,False,1200,10.0,0.15
12,3,Hines Ward,rank,0.4962279790727211,0.03785349876847513,0.03800952955925293,5.06712993412089e-05,0.15558769181117543,0.1555370205118342,4.0919456349424035,1162.8604925112095,0.9690504104260079,0.5475,0.5931182143349132,True,10,False,1200,10.0,0.15
12,3,Kendra Wilkinson,rank,0.0055125949016978345,0.10056406264313923,0.10554157736037088,0.0055548217027891,0.29116275669308317,0.2856079349902941,2.7060921017221067,1162.8604925112095,0.9690504104260079,0.5475,0.5931182143349132,True,10,False,1200,10.0,0.15
12,3,Kirstie Alley,rank,1.1216386936648506e-06,0.24593437798808265,0.2452217403230462,0.05698940944483178,0.4911279147105188,0.43413850526568704,1.770384364409969,1162.8604925112095,0.9690504104260079,0.5475,0.5931182143349132,True,10,False,1200,10.0,0.15
12,3,Petra Nemcova,rank,0.4962279790727211,0.006217922918785041,0.005930993407361952,2.157889320169964e-22,0.0357080395443634,0.0357080395443634,6.019568312407027,1162.8604925112095,0.9690504104260079,0.5475,0.5931182143349132,True,10,False,1200,10.0,0.15
12,3,Ralph Macchio,rank,1.1216386936648506e-06,0.18023102325398627,0.17623708688355474,0.028127784818401735,0.3858024629369475,0.35767467811854575,2.0294970539192874,1162.8604925112095,0.9690504104260079,0.5475,0.5931182143349132,True,10,False,1200,10.0,0.15
12,3,Romeo,rank,5.584310232553353e-08,0.136845469891912,0.13475683820235654,0.014876378528371315,0.3232680456314638,0.30839166710309246,2.2884877882947485,1162.8604925112095,0.9690504104260079,0.5475,0.5931182143349132,True,10,False,1200,10.0,0.15
12,3,Sugar Ray Leonard,rank,5.584310232553353e-08,0.02594076548650499,0.030693414040858895,5.529358207343073e-07,0.14923931042554778,0.14923875748972704,4.862081983095287,1162.8604925112095,0.9690504104260079,0.5475,0.5931182143349132,True,10,False,1200,10.0,0.15
12,3,Wendy Williams,rank,1.8733273856352347e-11,0.015987353562572366,0.01096901597712506,4.88245021175581e-10,0.06317920406222624,0.06317920357398121,5.759262676164192,1162.8604925112095,0.9690504104260079,0.5475,0.5931182143349132,True,10,True,1200,10.0,0.15
12,4,Chelsea Kane,rank,0.8988772407254815,0.004879593984007138,0.004892560273389931,3.5608396227653314e-28,0.02513153335441213,0.02513153335441213,5.135633761593108,1152.5445144772025,0.9604537620643354,0.5275,0.5893064058883044,True,9,False,1200,10.0,0.15
12,4,Chris Jericho,rank,4.080896359403305e-05,0.05268368452554618,0.05453573610475654,0.0004542560878882665,0.19798307271516122,0.19752881662727295,3.621940562190062,1152.5445144772025,0.9604537620643354,0.5275,0.5893064058883044,True,9,False,1200,10.0,0.15
12,4,Hines Ward,rank,0.02714374068778305,0.25762909532623424,0.26123831883166754,0.07399820633009145,0.5022688736112652,0.4282706672811737,1.6393805848082719,1152.5445144772025,0.9604537620643354,0.5275,0.5893064058883044,True,9,False,1200,10.0,0.15
12,4,Kendra Wilkinson,rank,4.1339862087066787e-10,0.10173763789398872,0.10000869428827272,0.006985221491145236,0.2740122288414638,0.2670270073503186,2.670011234917159,1152.5445144772025,0.9604537620643354,0.5275,0.5893064058883044,True,9,False,1200,10.0,0.15
12,4,Kirstie Alley,rank,2.0317586604777936e-06,0.24322713231162046,0.23807938950494775,0.05716006102818722,0.4827415343594238,0.4255814733312366,1.7875536671296994,1152.5445144772025,0.9604537620643354,0.5275,0.5893064058883044,True,9,False,1200,10.0,0.15
12,4,Petra Nemcova,rank,4.080896359403305e-05,0.0473080288364539,0.0457434837053129,0.00015900926610093742,0.1663911158602685,0.16623210659416757,3.633926828533882,1152.5445144772025,0.9604537620643354,0.5275,0.5893064058883044,True,9,False,1200,10.0,0.15
12,4,Ralph Macchio,rank,0.0737843370680051,0.13160163392257046,0.13418134566531514,0.014900666294777527,0.3412150168954521,0.32631435060067454,2.4318724567133847,1152.5445144772025,0.9604537620643354,0.5275,0.5893064058883044,True,9,False,1200,10.0,0.15
12,4,Romeo,rank,0.00011093026417590676,0.13527789243230828,0.14548559874581646,0.016735995290884886,0.35624396139779146,0.3395079661069066,2.333603019341115,1152.5445144772025,0.9604537620643354,0.5275,0.5893064058883044,True,9,False,1200,10.0,0.15
12,4,Sugar Ray Leonard,rank,1.0115530733620758e-07,0.025655300767270475,0.01583487288052104,6.52982748063335e-07,0.07791741688278928,0.07791676390004121,4.920269598519128,1152.5445144772025,0.9604537620643354,0.5275,0.5893064058883044,True,9,True,1200,10.0,0.15
12,5,Chelsea Kane,rank,0.09625454384911133,0.15664015071844217,0.15753371015577755,0.024292804837079136,0.37326721367694415,0.348974408839865,2.2152223373171736,1112.701509260411,0.9272512577170092,0.6725,0.7725347154002473,True,8,False,1200,10.0,0.15
12,5,Chris Jericho,rank,0.09625454384911133,0.041980352311349306,0.04511985908048379,6.44761583732909e-05,0.1720444529538183,0.171979976795445,3.8115403895275524,1112.701509260411,0.9272512577170092,0.6725,0.7725347154002473,True,8,False,1200,10.0,0.15
12,5,Hines Ward,rank,0.7112302242780638,0.01830361508220366,0.017734607972111786,7.487377915729897e-09,0.09547682414439337,0.09547681665701546,5.383340498230859,1112.701509260411,0.9272512577170092,0.6725,0.7725347154002473,True,8,False,1200,10.0,0.15
12,5,Kendra Wilkinson,rank,5.914083573816816e-07,0.12041201098125112,0.12237970924858721,0.010026578869411912,0.31148714573748515,0.3014605668680732,2.4633013545928057,1112.701509260411,0.9272512577170092,0.6725,0.7725347154002473,True,8,False,1200,10.0,0.15
12,5,Kirstie Alley,rank,4.369949530069673e-06,0.28787043143715185,0.2840167340001277,0.09587650762642604,0.5215263160181749,0.4256498083917489,1.4986733483042207,1112.701509260411,0.9272512577170092,0.6725,0.7725347154002473,True,8,False,1200,10.0,0.15
12,5,Petra Nemcova,rank,5.914083573816816e-07,0.05600101370939872,0.03698822748501746,0.0003812390107822808,0.1314428513509162,0.13106161234013394,3.543237349123353,1112.701509260411,0.9272512577170092,0.6725,0.7725347154002473,True,8,True,1200,10.0,0.15
12,5,Ralph Macchio,rank,5.914083573816816e-07,0.2109667992580348,0.2208663993306887,0.060442912495359345,0.43398587887687495,0.37354296638151563,1.691254424661545,1112.701509260411,0.9272512577170092,0.6725,0.7725347154002473,True,8,False,1200,10.0,0.15
12,5,Romeo,rank,0.09625454384911133,0.10782562650216838,0.11536075272720579,0.007375575409555805,0.2963526126881255,0.2889770372785697,2.504963997573003,1112.701509260411,0.9272512577170092,0.6725,0.7725347154002473,True,8,False,1200,10.0,0.15
12,6,Chelsea Kane,rank,0.443599223142925,0.0392658939885337,0.038145446089963765,4.36458695313051e-05,0.14847404522682786,0.14843039935729654,3.8910675717271657,1099.477228547594,0.9162310237896617,0.6808333333333333,0.7915074035909166,True,7,False,1200,10.0,0.15
12,6,Chris Jericho,rank,1.002680368983904e-06,0.06521384609194422,0.04376149733034064,0.000731336002608969,0.14306238099818114,0.14233104499557217,3.252351983507434,1099.477228547594,0.9162310237896617,0.6808333333333333,0.7915074035909166,True,7,True,1200,10.0,0.15
12,6,Hines Ward,rank,0.09898036570159992,0.23730181616595855,0.2372492963250634,0.06732426833002345,0.47324177516444776,0.4059175068344243,1.7109251837488335,1099.477228547594,0.9162310237896617,0.6808333333333333,0.7915074035909166,True,7,False,1200,10.0,0.15
12,6,Kendra Wilkinson,rank,0.0004045101315180269,0.12570479978286445,0.1347788736053806,0.01679825685878173,0.3296714475992439,0.31287319074046216,2.3213643281527148,1099.477228547594,0.9162310237896617,0.6808333333333333,0.7915074035909166,True,7,False,1200,10.0,0.15
12,6,Kirstie Alley,rank,0.013395535827089529,0.2848960168580564,0.2971034568034133,0.10168102785867376,0.528135766261381,0.42645473840270726,1.4353697113499777,1099.477228547594,0.9162310237896617,0.6808333333333333,0.7915074035909166,True,7,False,1200,10.0,0.15
12,6,Ralph Macchio,rank,2.0139373573381642e-05,0.2205883526893074,0.22295952749482842,0.055470405348495025,0.44705217631293115,0.39158177096443614,1.7562829410399512,1099.477228547594,0.9162310237896617,0.6808333333333333,0.7915074035909166,True,7,False,1200,10.0,0.15
12,6,Romeo,rank,0.443599223142925,0.02702927442333529,0.026001902351009996,1.1910451244185663e-06,0.11999267469863607,0.11999148365351166,4.614541947424226,1099.477228547594,0.9162310237896617,0.6808333333333333,0.7915074035909166,True,7,False,1200,10.0,0.15
12,7,Chelsea Kane,rank,0.048602636424911416,0.22766559881217707,0.23785055592434162,0.05711299615288545,0.4824224904345858,0.42530949428170034,1.788129964627969,995.4058643926855,0.8295048869939046,0.5208333333333334,0.7046978966464523,True,6,False,1200,10.0,0.15
12,7,Hines Ward,rank,0.5921013247207499,0.03569237047196096,0.03435307712255338,2.262133312923946e-05,0.14713992847208876,0.1471173071389595,4.282382746424508,995.4058643926855,0.8295048869939046,0.5208333333333334,0.7046978966464523,True,6,False,1200,10.0,0.15
12,7,Kendra Wilkinson,rank,0.0001204738908299728,0.14379800974515766,0.10295686042870324,0.015586591803536371,0.24721291367354367,0.2316263218700073,2.2497196513752833,995.4058643926855,0.8295048869939046,0.5208333333333334,0.7046978966464523,True,6,True,1200,10.0,0.15
12,7,Kirstie Alley,rank,4.431986763427975e-05,0.3438926300373796,0.3596177143328607,0.13891887006839515,0.6073373487209988,0.4684184786526036,1.302541997909037,995.4058643926855,0.8295048869939046,0.5208333333333334,0.7046978966464523,True,6,False,1200,10.0,0.15
12,7,Ralph Macchio,rank,0.3591276070996007,0.05756775570155297,0.05660801591677456,0.0004578632347705345,0.20779437559256778,0.20733651235779724,3.6626058411370237,995.4058643926855,0.8295048869939046,0.5208333333333334,0.7046978966464523,True,6,False,1200,10.0,0.15
12,7,Romeo,rank,3.6379962737712295e-06,0.19138363523177168,0.20861377627476657,0.04904555506548484,0.4192479335665222,0.3702023785010373,1.7745740983056908,995.4058643926855,0.8295048869939046,0.5208333333333334,0.7046978966464523,True,6,False,1200,10.0,0.15
12,8,Chelsea Kane,rank,0.7935809519141048,0.011102860069971812,0.010488551901338182,2.183353787027398e-12,0.06459983634932202,0.06459983634713867,6.158493418474577,974.6246136095588,0.8121871780079656,0.5541666666666667,0.7491634974592902,True,5,False,1200,10.0,0.15
12,8,Hines Ward,rank,0.1770718448913376,0.20524107222499238,0.2201937073446067,0.04965439375130303,0.4641653672808948,0.41451097352959176,1.882474735784082,974.6246136095588,0.8121871780079656,0.5541666666666667,0.7491634974592902,True,5,False,1200,10.0,0.15
12,8,Kirstie Alley,rank,0.023964068281598725,0.3252614710718601,0.3379394394651485,0.12544116829364796,0.5830156854550308,0.45757451716138287,1.354009357049949,974.6246136095588,0.8121871780079656,0.5541666666666667,0.7491634974592902,True,5,False,1200,10.0,0.15
12,8,Ralph Macchio,rank,3.602851947774623e-05,0.2630109432804088,0.29222723604468437,0.0999355459362157,0.5264509096840875,0.4265153637478718,1.4595282424476386,974.6246136095588,0.8121871780079656,0.5541666666666667,0.7491634974592902,True,5,False,1200,10.0,0.15
12,8,Romeo,rank,0.005347106393481031,0.19538365335276675,0.13915106524422255,0.027473789993850698,0.3033527358440022,0.2758789458501515,1.982571694972423,974.6246136095588,0.8121871780079656,0.5541666666666667,0.7491634974592902,True,5,True,1200,10.0,0.15
12,9,Chelsea Kane,rank,0.950218769978041,0.00598508016756662,0.00689683478092488,2.2834286574170074e-24,0.04319331370075923,0.04319331370075923,6.261865508899266,940.3561183881939,0.7836300986568282,0.5625,0.7846601271393651,True,4,False,1200,10.0,0.15
12,9,Hines Ward,rank,0.047308606865324315,0.3592168777125346,0.3824983420199455,0.1804453195884487,0.6268269678111256,0.4463816482226769,1.1670128525329602,940.3561183881939,0.7836300986568282,0.5625,0.7846601271393651,True,4,False,1200,10.0,0.15
12,9,Kirstie Alley,rank,0.002355356844392299,0.364906702731012,0.40447352401885817,0.18087163770988224,0.6366311342371855,0.4557594965273033,1.1267940734533235,940.3561183881939,0.7836300986568282,0.5625,0.7846601271393651,True,4,False,1200,10.0,0.15
12,9,Ralph Macchio,rank,0.00011726631224247568,0.26989133938888693,0.20613129918027356,0.05973878044527861,0.3857623944904753,0.32602361404519664,1.5816231388370232,940.3561183881939,0.7836300986568282,0.5625,0.7846601271393651,True,4,True,1200,10.0,0.15
12,10,Chelsea Kane,rank,0.4972380918793152,0.08468301845957749,0.08487910766476289,0.002883196848268752,0.24870332743390122,0.24582013058563246,2.8960864606405554,1199.9999999999998,0.9999999999999998,,,False,3,True,1200,10.0,0.15
12,10,Hines Ward,rank,0.4972380918793152,0.12406769734733619,0.1295129483315237,0.014254994310119106,0.33553788897167036,0.32128289466155124,2.4806818014623913,1199.9999999999998,0.9999999999999998,,,False,3,True,1200,10.0,0.15
12,10,Kirstie Alley,rank,0.005523816241369522,0.7912492841930864,0.7856079440037136,0.5445492987040124,0.9515082139239875,0.4069589152199752,0.5180171614976566,1199.9999999999998,0.9999999999999998,,,False,3,True,1200,10.0,0.15
13,1,Carson Kressley,rank,1.2036126822408262e-08,0.04908506092256595,0.050749076319055716,0.00019082792785464166,0.19325586317666504,0.1930650352488104,3.8042314268662105,1165.9999550147713,0.9716666291789761,0.39666666666666667,0.42882854085951216,True,12,False,1200,10.0,0.15
13,1,Chaz Bono,rank,1.2036126822408262e-08,0.06047824618437977,0.0631104738939175,0.0006655182379431586,0.22291690020060267,0.2222513819626595,3.521568555604268,1165.9999550147713,0.9716666291789761,0.39666666666666667,0.42882854085951216,True,12,False,1200,10.0,0.15
13,1,Chynna Phillips,rank,0.4793361556842932,0.002810491636775755,0.002438316695983274,1.3591112011731331e-48,0.00822749856169867,0.00822749856169867,3.372870187477733,1165.9999550147713,0.9716666291789761,0.39666666666666667,0.42882854085951216,True,12,False,1200,10.0,0.15
13,1,David Arquette,rank,6.571502580677979e-07,0.09224304045202973,0.09455024359596162,0.004258077998455342,0.2727053012950431,0.26844722329658777,2.8391717875623312,1165.9999550147713,0.9716666291789761,0.39666666666666667,0.42882854085951216,True,12,False,1200,10.0,0.15
13,1,Elisabetta Canalis,rank,6.656993622591118e-12,0.014394440551419991,0.014383111992937743,1.0598814776443483e-11,0.0827159185168367,0.08271591850623788,5.750505734858672,1165.9999550147713,0.9716666291789761,0.39666666666666667,0.42882854085951216,True,12,False,1200,10.0,0.15
13,1,Hope Solo,rank,0.03934630767973015,0.1307786761852138,0.12878656023780713,0.012555502970956641,0.33118983644293326,0.3186343334719766,2.4741080030060054,1165.9999550147713,0.9716666291789761,0.39666666666666667,0.42882854085951216,True,12,False,1200,10.0,0.15
13,1,J.R. Martinez,rank,0.4793361556842932,0.03821401708144807,0.0345587099601142,4.527762083960192e-05,0.15149992191586717,0.15145464429502756,4.382404958543439,1165.9999550147713,0.9716666291789761,0.39666666666666667,0.42882854085951216,True,12,False,1200,10.0,0.15
13,1,Kristin Cavallari,rank,2.1761827800686418e-05,0.021375233951610537,0.02315854723467524,3.110718153579018e-08,0.11555019548245915,0.11555016437527761,4.989310162431504,1165.9999550147713,0.9716666291789761,0.39666666666666667,0.42882854085951216,True,12,False,1200,10.0,0.15
13,1,Metta World Peace (Ron),rank,3.3143219661237827e-13,0.012065526455351696,0.009273698551937434,1.0986621791685774e-12,0.052152107867108985,0.05215210786601032,5.623051528193985,1165.9999550147713,0.9716666291789761,0.39666666666666667,0.42882854085951216,True,12,True,1200,10.0,0.15
13,1,Nancy Grace,rank,3.6345953657591426e-10,0.15164527447037435,0.1495747904048304,0.01874662852483253,0.34754077615987145,0.3287941476350389,2.198177571017006,1165.9999550147713,0.9716666291789761,0.39666666666666667,0.42882854085951216,True,12,False,1200,10.0,0.15
13,1,Ricki Lake,rank,0.001958937310473735,0.18301648010691074,0.18657229075375853,0.03636550476433432,0.4298768583504858,0.39351135358615147,2.109151593973395,1165.9999550147713,0.9716666291789761,0.39666666666666667,0.42882854085951216,True,12,False,1200,10.0,0.15
13,1,Rob Kardashian,rank,2.204493524982373e-10,0.24389351200191953,0.24284418035902094,0.06958414590442497,0.4693977431731238,0.39981359726869886,1.6463723788037163,1165.9999550147713,0.9716666291789761,0.39666666666666667,0.42882854085951216,True,12,False,1200,10.0,0.15
13,2,Carson Kressley,rank,1.898968703452821e-09,0.047473571961897144,0.04783273485222493,0.00014529749615482235,0.18489302885913506,0.18474773136298023,3.862289489493771,1168.7302484306622,0.9739418736922185,0.41833333333333333,0.4537867716681556,True,11,False,1200,10.0,0.15
13,2,Chaz Bono,rank,4.2371719091828417e-10,0.05849271317620619,0.06161523581325559,0.0005072991975434609,0.22689436302898244,0.22638706383143897,3.6741462837419223,1168.7302484306622,0.9739418736922185,0.41833333333333333,0.4537867716681556,True,11,False,1200,10.0,0.15
13,2,Chynna Phillips,rank,0.001385138858126953,0.019400534607561835,0.018150715371899676,1.6796702171444183e-08,0.09169062500934734,0.09169060821264517,5.0513467368813885,1168.7302484306622,0.9739418736922185,0.41833333333333333,0.4537867716681556,True,11,False,1200,10.0,0.15
13,2,David Arquette,rank,1.898968703452821e-09,0.0892148884613691,0.09636897689914566,0.0053001985272552645,0.2675887708681388,0.26228857234088354,2.72168346180447,1168.7302484306622,0.9739418736922185,0.41833333333333333,0.4537867716681556,True,11,False,1200,10.0,0.15
13,2,Elisabetta Canalis,rank,0.001385138858126953,0.01384279397876944,0.00885808009993702,6.204597720215499e-11,0.05289320018880099,0.05289320012675501,5.970507042501065,1168.7302484306622,0.9739418736922185,0.41833333333333333,0.4537867716681556,True,11,True,1200,10.0,0.15
13,2,Hope Solo,rank,1.709397151142943e-07,0.1486976645753194,0.14695161950392488,0.01788402014908171,0.3698036354916282,0.3519196153425465,2.3947828662771626,1168.7302484306622,0.9739418736922185,0.41833333333333333,0.4537867716681556,True,11,False,1200,10.0,0.15
13,2,J.R. Martinez,rank,0.04586949931242104,0.219691653855233,0.21768942200967703,0.049404200219692614,0.45023116618096476,0.40082696596127215,1.8412705633114814,1168.7302484306622,0.9739418736922185,0.41833333333333333,0.4537867716681556,True,11,False,1200,10.0,0.15
13,2,Kristin Cavallari,rank,0.02782125767865092,0.018440337548232443,0.018148278104146924,5.348719595914535e-09,0.09174825667350126,0.09174825132478166,5.055201137934964,1168.7302484306622,0.9739418736922185,0.41833333333333333,0.4537867716681556,True,11,False,1200,10.0,0.15
13,2,Nancy Grace,rank,0.0008401291854133445,0.14616087349694465,0.1448423062785183,0.018918942373632473,0.35062314756326346,0.331704205189631,2.290089985600018,1168.7302484306622,0.9739418736922185,0.41833333333333333,0.4537867716681556,True,11,False,1200,10.0,0.15
13,2,Ricki Lake,rank,0.9213135220877641,0.004038329981196791,0.003987860724632631,3.566257361666287e-33,0.015682033382696466,0.015682033382696466,3.9314567404808956,1168.7302484306622,0.9739418736922185,0.41833333333333333,0.4537867716681556,True,11,False,1200,10.0,0.15
13,2,Rob Kardashian,rank,0.001385138858126953,0.2345466383572698,0.23555477034263794,0.062415122967896725,0.4617226306376293,0.39930750766973255,1.6951718359049424,1168.7302484306622,0.9739418736922185,0.41833333333333333,0.4537867716681556,True,11,False,1200,10.0,0.15
13,3,Carson Kressley,rank,2.917373492792988e-07,0.04726328086978686,0.047418935280490376,0.00012604268458906093,0.1771693831018595,0.17704334041727043,3.7335213422383142,1156.8026394999317,0.9640021995832765,0.5616666666666666,0.6194202691241425,True,10,False,1200,10.0,0.15
13,3,Chaz Bono,rank,1.3244855166373676e-11,0.058233680696966494,0.060100070167521835,0.0006056777623557883,0.2035112641252066,0.2029055863628508,3.376072768709191,1156.8026394999317,0.9640021995832765,0.5616666666666666,0.6194202691241425,True,10,False,1200,10.0,0.15
13,3,Chynna Phillips,rank,0.017467523394364897,0.01807865500198145,0.019060691761801203,8.235927786135332e-09,0.09734446371915516,0.09734445548322737,5.106810911626501,1156.8026394999317,0.9640021995832765,0.5616666666666666,0.6194202691241425,True,10,False,1200,10.0,0.15
13,3,David Arquette,rank,9.661014174614859e-06,0.08881627631382169,0.08618071268277462,0.0029397250367114414,0.2592065562463606,0.25626683120964916,2.9735639178225557,1156.8026394999317,0.9640021995832765,0.5616666666666666,0.6194202691241425,True,10,False,1200,10.0,0.15
13,3,Hope Solo,rank,9.661014174614859e-06,0.14803338626351994,0.14501512416075574,0.01814529840612023,0.3581157372701269,0.3399704388640067,2.3443630205365085,1156.8026394999317,0.9640021995832765,0.5616666666666666,0.6194202691241425,True,10,False,1200,10.0,0.15
13,3,J.R. Martinez,rank,0.02879907736674151,0.23462297174008367,0.23822527445369776,0.06664414627978013,0.4728503664570128,0.4062062201772326,1.705127703099701,1156.8026394999317,0.9640021995832765,0.5616666666666666,0.6194202691241425,True,10,False,1200,10.0,0.15
13,3,Kristin Cavallari,rank,9.661014174614859e-06,0.020582945179481903,0.013476441511707602,3.610330271355621e-08,0.06934776851695633,0.06934773241365362,5.145467138804687,1156.8026394999317,0.9640021995832765,0.5616666666666666,0.6194202691241425,True,10,True,1200,10.0,0.15
13,3,Nancy Grace,rank,4.3860936496188513e-10,0.14601716502297044,0.1444210634930257,0.01661084197079781,0.3540110520986037,0.33740021012780586,2.3362095926852566,1156.8026394999317,0.9640021995832765,0.5616666666666666,0.6194202691241425,True,10,False,1200,10.0,0.15
13,3,Ricki Lake,rank,0.9536944629929917,0.0035192338572702583,0.0031408432783164917,2.5688655037902454e-40,0.013717592473721823,0.013717592473721823,4.366096987839629,1156.8026394999317,0.9640021995832765,0.5616666666666666,0.6194202691241425,True,10,False,1200,10.0,0.15
13,3,Rob Kardashian,rank,9.661014174614859e-06,0.23483240505411707,0.24296084320990896,0.06494341674768805,0.4863549236033044,0.42141150685561635,1.7344760859899069,1156.8026394999317,0.9640021995832765,0.5616666666666666,0.6194202691241425,True,10,False,1200,10.0,0.15
13,4,Carson Kressley,rank,1.2121740760958938e-09,0.04826520849859418,0.05240808582255754,0.0002488199871975964,0.20257384997276337,0.20232502998556579,3.860495309354976,1163.458413855051,0.9695486782125425,0.6158333333333333,0.6694693038955655,True,9,False,1200,10.0,0.15
13,4,Chaz Bono,rank,1.4767303361359541e-08,0.05946809363490985,0.06423307268158333,0.0007238148031607991,0.21782334662377087,0.21709953182061006,3.379818883613386,1163.458413855051,0.9695486782125425,0.6158333333333333,0.6694693038955655,True,9,False,1200,10.0,0.15
13,4,Chynna Phillips,rank,1.4767303361359541e-08,0.01983670520473814,0.012130136354080301,7.470869688007037e-09,0.06008508598509175,0.06008507851422206,4.952963742264135,1163.458413855051,0.9695486782125425,0.6158333333333333,0.6694693038955655,True,9,True,1200,10.0,0.15
13,4,David Arquette,rank,2.669991082447764e-05,0.09069261721679157,0.09506269052896651,0.004622797622937516,0.2689334407096616,0.2643106430867241,2.780353272800691,1163.458413855051,0.9695486782125425,0.6158333333333333,0.6694693038955655,True,9,False,1200,10.0,0.15
13,4,Hope Solo,rank,0.0005362820447108638,0.15084434434283717,0.15143917559413916,0.01989590818434359,0.35794107265464287,0.33804516447029925,2.232202671081569,1163.458413855051,0.9695486782125425,0.6158333333333333,0.6694693038955655,True,9,False,1200,10.0,0.15
13,4,J.R. Martinez,rank,0.029280007537205107,0.2391230735928542,0.23639536606187,0.06172655596893644,0.45721375338584525,0.3954871974169088,1.672983404970791,1163.458413855051,0.9695486782125425,0.6158333333333333,0.6694693038955655,True,9,False,1200,10.0,0.15
13,4,Nancy Grace,rank,1.4767303361359541e-08,0.1491123754011721,0.14772033172280408,0.019739352370280672,0.34473466907933026,0.3249953167090496,2.2000567752726217,1163.458413855051,0.9695486782125425,0.6158333333333333,0.6694693038955655,True,9,False,1200,10.0,0.15
13,4,Ricki Lake,rank,0.9696206829484645,0.003366020488470809,0.003716871791287782,5.244582476516758e-38,0.01821720535678014,0.01821720535678014,4.899901443473428,1163.458413855051,0.9695486782125425,0.6158333333333333,0.6694693038955655,True,9,False,1200,10.0,0.15
13,4,Rob Kardashian,rank,0.0005362820447108638,0.2392915616196319,0.2368942694427113,0.06181123099041648,0.4696744050979061,0.4078631741074896,1.721702485098056,1163.458413855051,0.9695486782125425,0.6158333333333333,0.6694693038955655,True,9,False,1200,10.0,0.15
13,5,Carson Kressley,rank,3.3684676594135405e-09,0.052540791853419276,0.034602184203906795,0.0002495639730237262,0.12357254972743514,0.12332298575441142,3.563920159130555,1100.8495963058604,0.917374663588217,0.43166666666666664,0.531541055381381,True,8,True,1200,10.0,0.15
13,5,Chaz Bono,rank,6.765748154771422e-08,0.06473607335313121,0.06759108557345705,0.0010790872884488276,0.2329868859975577,0.23190779870910888,3.430990429450182,1100.8495963058604,0.917374663588217,0.43166666666666664,0.531541055381381,True,8,False,1200,10.0,0.15
13,5,David Arquette,rank,0.004050933638281222,0.09710640057244525,0.10077242133065126,0.006705482354681579,0.2744921720503566,0.267786689695675,2.6573146585648866,1100.8495963058604,0.917374663588217,0.43166666666666664,0.531541055381381,True,8,False,1200,10.0,0.15
13,5,Hope Solo,rank,0.00033252088212381946,0.1643445630675338,0.1685635306306848,0.029187694952512926,0.3797059101735112,0.35051821522099824,2.0794304347986676,1100.8495963058604,0.917374663588217,0.43166666666666664,0.531541055381381,True,8,False,1200,10.0,0.15
13,5,J.R. Martinez,rank,0.9912307794251607,0.004984531476818411,0.005060462740402308,3.6638347288777567e-28,0.025094350430831566,0.025094350430831566,4.957924560131594,1100.8495963058604,0.917374663588217,0.43166666666666664,0.531541055381381,True,8,False,1200,10.0,0.15
13,5,Nancy Grace,rank,2.2405080798394416e-06,0.16232004148627052,0.1607429372552847,0.027047959541433214,0.36640278249661135,0.33935482295517816,2.111151616351374,1100.8495963058604,0.917374663588217,0.43166666666666664,0.531541055381381,True,8,False,1200,10.0,0.15
13,5,Ricki Lake,rank,0.00033252088212381946,0.19721590200350744,0.19971391256796375,0.04670224538898789,0.4200089455274194,0.37330670013843154,1.8691979248740067,1100.8495963058604,0.917374663588217,0.43166666666666664,0.531541055381381,True,8,False,1200,10.0,0.15
13,5,Rob Kardashian,rank,0.004050933638281222,0.2567516961868741,0.2629534656976496,0.08105475467108525,0.4880541625171934,0.40699940784610816,1.547794241737976,1100.8495963058604,0.917374663588217,0.43166666666666664,0.531541055381381,True,8,False,1200,10.0,0.15
13,6,Chaz Bono,rank,9.262564152556161e-08,0.07957749189769002,0.05322147381951234,0.0013390481393463706,0.16562979650892506,0.1642907483695787,3.0868679446716487,1064.3553719053452,0.886962809921121,0.5308333333333334,0.6694312926849473,True,7,True,1200,10.0,0.15
13,6,David Arquette,rank,0.00027611314591048685,0.12123636325919639,0.1302290834992107,0.011657867577133427,0.34273508100192723,0.3310772134247938,2.5422483387012527,1064.3553719053452,0.886962809921121,0.5308333333333334,0.6694312926849473,True,7,False,1200,10.0,0.15
13,6,Hope Solo,rank,4.1511932525816104e-07,0.2022983575327258,0.2158928037449111,0.047380184082955135,0.44562810406648673,0.3982479199835316,1.8446472898966597,1064.3553719053452,0.886962809921121,0.5308333333333334,0.6694312926849473,True,7,False,1200,10.0,0.15
13,6,J.R. Martinez,rank,0.4992242789950559,0.04633375759492409,0.04255905868505134,0.0001327239171033571,0.16846213333002377,0.1683294094129204,3.9551028502703613,1064.3553719053452,0.886962809921121,0.5308333333333334,0.6694312926849473,True,7,False,1200,10.0,0.15
13,6,Nancy Grace,rank,0.0012374532682036883,0.19852272615803127,0.20589427471044316,0.04490443191196555,0.430288801615967,0.3853843697040015,1.871749462176727,1064.3553719053452,0.886962809921121,0.5308333333333334,0.6694312926849473,True,7,False,1200,10.0,0.15
13,6,Ricki Lake,rank,0.4992242789950559,0.03116455128333947,0.028118196471189856,2.1848226050206214e-06,0.12516213417503091,0.1251599493524259,4.451049996420107,1064.3553719053452,0.886962809921121,0.5308333333333334,0.6694312926849473,True,7,False,1200,10.0,0.15
13,6,Rob Kardashian,rank,3.736785080714791e-05,0.32086675227409295,0.3240851090696814,0.12302024510907236,0.5534509363540968,0.4304306912450244,1.328136810555117,1064.3553719053452,0.886962809921121,0.5308333333333334,0.6694312926849473,True,7,False,1200,10.0,0.15
13,7,David Arquette,rank,2.605948957566715e-05,0.10570970060069358,0.07089725157804164,0.005553948388970406,0.19506228849389626,0.18950834010492584,2.672962109599043,1044.2566059154767,0.8702138382628972,0.5308333333333334,0.6849442726146362,True,6,True,1200,10.0,0.15
13,7,Hope Solo,rank,0.006376546858089303,0.17164897050905595,0.182796342487104,0.031237506795257355,0.40277783943299406,0.3715403326377367,2.0325258977107294,1044.2566059154767,0.8702138382628972,0.5308333333333334,0.6849442726146362,True,6,False,1200,10.0,0.15
13,7,J.R. Martinez,rank,0.00011679052960985621,0.3142267549158663,0.3181863097936811,0.10338988635789521,0.5520093802240881,0.4486194938661929,1.4099226463716814,1044.2566059154767,0.8702138382628972,0.5308333333333334,0.6849442726146362,True,6,False,1200,10.0,0.15
13,7,Nancy Grace,rank,4.772962006926521e-07,0.17380194281645334,0.19066369956212276,0.03515061607315902,0.41733831862719106,0.38218770255403206,2.0045016378582807,1044.2566059154767,0.8702138382628972,0.5308333333333334,0.6849442726146362,True,6,False,1200,10.0,0.15
13,7,Ricki Lake,rank,0.9463634633746427,0.00431709347853,0.003807441383537852,1.2930521560707728e-31,0.018737760296475354,0.018737760296475354,4.920060048047506,1044.2566059154767,0.8702138382628972,0.5308333333333334,0.6849442726146362,True,6,False,1200,10.0,0.15
13,7,Rob Kardashian,rank,0.04711666245188184,0.23029553767940078,0.23364895519551274,0.06074951460596599,0.46229428592465904,0.40154477131869304,1.7185741421721648,1044.2566059154767,0.8702138382628972,0.5308333333333334,0.6849442726146362,True,6,False,1200,10.0,0.15
13,8,Hope Solo,rank,0.004049951029015072,0.20658060865659303,0.2288549888646109,0.060226365445229385,0.46554341673088767,0.4053170512856583,1.7710572194177543,910.6749764183276,0.7588958136819396,0.3441666666666667,0.5587453184642709,True,5,False,1200,10.0,0.15
13,8,J.R. Martinez,rank,0.9909903428651659,0.006368344447469845,0.006217320512198448,2.0237258489899384e-22,0.04082502109348023,0.04082502109348023,6.565280932913314,910.6749764183276,0.7588958136819396,0.3441666666666667,0.5587453184642709,True,5,False,1200,10.0,0.15
13,8,Nancy Grace,rank,6.08885510666111e-06,0.20717535963577785,0.14629763012761207,0.029745324443819804,0.30718287239365255,0.2774375479498328,1.8963783031176165,910.6749764183276,0.7588958136819396,0.3441666666666667,0.5587453184642709,True,5,True,1200,10.0,0.15
13,8,Ricki Lake,rank,0.004049951029015072,0.24789978026776563,0.26918905307017155,0.08648671902966885,0.4950041265686624,0.4085174075389935,1.5175798766698956,910.6749764183276,0.7588958136819396,0.3441666666666667,0.5587453184642709,True,5,False,1200,10.0,0.15
13,8,Rob Kardashian,rank,0.0009036662216974314,0.3319759069923936,0.3494410074254073,0.13706753711953218,0.6081610737357525,0.4710935366162203,1.3481308102798175,910.6749764183276,0.7588958136819396,0.3441666666666667,0.5587453184642709,True,5,False,1200,10.0,0.15
13,9,Hope Solo,rank,0.00024398118648774747,0.2994795098656546,0.23858172558544546,0.08429766269028068,0.42877315705764035,0.3444754943673597,1.4438408879857902,998.2791715343226,0.8318993096119355,0.6858333333333333,0.8588791996000742,True,4,True,1200,10.0,0.15
13,9,J.R. Martinez,rank,0.004900493129762788,0.5241730759151605,0.5726572060403762,0.34740470127211265,0.7815804551008181,0.43417575382870544,0.7581760799880918,998.2791715343226,0.8318993096119355,0.6858333333333333,0.8588791996000742,True,4,False,1200,10.0,0.15
13,9,Ricki Lake,rank,0.7272976665485682,0.018079036127952645,0.0177525032368973,3.0672653086652666e-09,0.0955941527698504,0.09559414970258509,5.384523179848286,998.2791715343226,0.8318993096119355,0.6858333333333333,0.8588791996000742,True,4,False,1200,10.0,0.15
13,9,Rob Kardashian,rank,0.26755785913518126,0.1582683780912323,0.1710085651372817,0.02540161505844095,0.37790582006831985,0.3525042050098789,2.0613127969005616,998.2791715343226,0.8318993096119355,0.6858333333333333,0.8588791996000742,True,4,False,1200,10.0,0.15
13,10,J.R. Martinez,rank,0.07379870431184087,0.5420916071252024,0.5463263794970871,0.2899064624038279,0.7846510241983172,0.49474456179448933,0.9055825872207219,1199.9999999999998,0.9999999999999998,,,False,3,True,1200,10.0,0.15
13,10,Ricki Lake,rank,0.027149026101416524,0.44171629121366557,0.43815382251778584,0.20778710424775476,0.6927004498112084,0.4849133455634536,1.1067168969565997,1199.9999999999998,0.9999999999999998,,,False,3,True,1200,10.0,0.15
13,10,Rob Kardashian,rank,0.8990522695867426,0.016192101661132042,0.01551979798512627,7.688821557690192e-10,0.08761822833409753,0.08761822756521538,5.645214095897696,1199.9999999999998,0.9999999999999998,,,False,3,True,1200,10.0,0.15
14,1,Donald Driver,rank,2.2984331716860161e-10,0.17615244365673807,0.17966604949514958,0.02991624272456095,0.4057466215512844,0.37583037882672343,2.091815833135667,1199.9999999999998,0.9999999999999998,,,False,12,False,1200,10.0,0.15
14,1,Gavin DeGraw,rank,2.553328614764124e-12,0.0277399742161487,0.026858560160846007,1.0297017982637631e-06,0.12849654814172515,0.12849551843992688,4.783977014904313,1199.9999999999998,0.9999999999999998,,,False,12,False,1200,10.0,0.15
14,1,Gladys Knight,rank,5.062635963779115e-06,0.048914958266876536,0.048572355700315276,0.0001836657073088562,0.19362059971683357,0.19343693400952472,3.982367106834852,1199.9999999999998,0.9999999999999998,,,False,12,False,1200,10.0,0.15
14,1,Jack Wagner,rank,5.062635963779115e-06,0.013097249338402733,0.014320452387847637,1.911805246581851e-11,0.08571967535897711,0.08571967533985905,5.985403785763786,1199.9999999999998,0.9999999999999998,,,False,12,False,1200,10.0,0.15
14,1,Jaleel White,rank,0.4997620125112599,0.012381177986405633,0.010488630523704641,8.214138506068153e-13,0.06372362752959579,0.06372362752877438,6.074916307563996,1199.9999999999998,0.9999999999999998,,,False,12,False,1200,10.0,0.15
14,1,Katherine Jenkins,rank,0.4997620125112599,0.022216585543878002,0.02122909935465133,5.42093942225474e-08,0.11071793562849844,0.11071788141910421,5.215137224256413,1199.9999999999998,0.9999999999999998,,,False,12,False,1200,10.0,0.15
14,1,Maria Menounos,rank,2.2984331716860161e-10,0.1282943360971546,0.1307172390610632,0.012598858488148412,0.34236905235627674,0.32977019386812834,2.5227557855494123,1199.9999999999998,0.9999999999999998,,,False,12,False,1200,10.0,0.15
14,1,Martina Navratilova,rank,2.553328614764124e-12,0.007298862372124106,0.007048654877262339,2.2966841361266206e-20,0.03937979407434353,0.03937979407434353,5.586059851150652,1199.9999999999998,0.9999999999999998,,,False,12,False,1200,10.0,0.15
14,1,Melissa Gilbert,rank,2.553328614764124e-12,0.16485360005651253,0.15968528569709278,0.022041894907890453,0.36230678347803197,0.34026488857014153,2.1308335094949005,1199.9999999999998,0.9999999999999998,,,False,12,False,1200,10.0,0.15
14,1,Roshon Fegan,rank,5.062635963779115e-06,0.18789439273751138,0.19388950942010513,0.03840102115984285,0.43759868463058166,0.3991976634707388,2.0588819156990916,1199.9999999999998,0.9999999999999998,,,False,12,False,1200,10.0,0.15
14,1,Sherri Sheperd,rank,5.062635963779115e-06,0.020799101278120263,0.020271659271534972,5.5647198251096577e-08,0.10989677470199537,0.10989671905479712,5.4209325763741365,1199.9999999999998,0.9999999999999998,,,False,12,False,1200,10.0,0.15
14,1,William Levy,rank,0.0004557239662782484,0.19035731845012743,0.18725250405042743,0.036407375476237715,0.4213961621436657,0.384988786667428,2.055976408130394,1199.9999999999998,0.9999999999999998,,,False,12,False,1200,10.0,0.15
14,2,Donald Driver,rank,0.0007289697161407581,0.19365349986949895,0.19120214006181147,0.03501022803518777,0.4136225211350611,0.3786122930998733,1.9801572975081732,1182.1416578119436,0.9851180481766196,0.5383333333333333,0.5592958492459235,True,12,False,1200,10.0,0.15
14,2,Gavin DeGraw,rank,4.478944735114205e-09,0.030587538064930933,0.03158805977188878,3.948920764614408e-06,0.14012929750188652,0.1401253485811219,4.435882219762045,1182.1416578119436,0.9851180481766196,0.5383333333333333,0.5592958492459235,True,12,False,1200,10.0,0.15
14,2,Gladys Knight,rank,4.9756581557362305e-11,0.05393730039657315,0.05324129468476248,0.00023940420830716302,0.1892300145329861,0.18899061032467893,3.5496330773054856,1182.1416578119436,0.9851180481766196,0.5383333333333333,0.5592958492459235,True,12,False,1200,10.0,0.15
14,2,Jack Wagner,rank,4.478944735114205e-09,0.014442008827115877,0.014228132718982852,4.8356256604129537e-11,0.08192164300501237,0.0819216429566561,5.757318072335202,1182.1416578119436,0.9851180481766196,0.5383333333333333,0.5592958492459235,True,12,False,1200,10.0,0.15
14,2,Jaleel White,rank,1.4832227920131234e-07,0.10658087410234263,0.10793608912029462,0.008575284556577448,0.2878846819452603,0.2793093973886828,2.5877054834913675,1182.1416578119436,0.9851180481766196,0.5383333333333333,0.5592958492459235,True,12,False,1200,10.0,0.15
14,2,Katherine Jenkins,rank,0.4848681074337488,0.026044345544400733,0.02522995822825906,4.88016710802874e-07,0.12012710448741387,0.12012661647070307,4.761080232623088,1182.1416578119436,0.9851180481766196,0.5383333333333333,0.5592958492459235,True,12,False,1200,10.0,0.15
14,2,Maria Menounos,rank,0.02414016161420085,0.12809620497910293,0.12742991140740434,0.01389023762569885,0.33700783722007244,0.3231175995943736,2.5356296680743893,1182.1416578119436,0.9851180481766196,0.5383333333333333,0.5592958492459235,True,12,False,1200,10.0,0.15
14,2,Martina Navratilova,rank,2.0334377638423622e-13,0.008048105344655566,0.004634533215417194,2.462492052522248e-18,0.025973804619743208,0.025973804619743204,5.603196744089252,1182.1416578119436,0.9851180481766196,0.5383333333333333,0.5592958492459235,True,12,True,1200,10.0,0.15
14,2,Melissa Gilbert,rank,2.2299352774301516e-10,0.18177615508305078,0.19005590880251844,0.03532522240519493,0.4121470084627674,0.3768217860575725,1.982678706245375,1182.1416578119436,0.9851180481766196,0.5383333333333333,0.5592958492459235,True,12,False,1200,10.0,0.15
14,2,Roshon Fegan,rank,0.4848681074337488,0.028214989841809295,0.027617553688134615,1.3477347634698566e-06,0.12797238681001571,0.12797103907525226,4.633517037868305,1182.1416578119436,0.9851180481766196,0.5383333333333333,0.5592958492459235,True,12,False,1200,10.0,0.15
14,2,Sherri Sheperd,rank,8.09812205309116e-06,0.02293388479736616,0.02508132472412297,1.1420863730623508e-07,0.1374890299741145,0.1374889157654772,5.481506091548484,1182.1416578119436,0.9851180481766196,0.5383333333333333,0.5592958492459235,True,12,False,1200,10.0,0.15
14,2,William Levy,rank,0.0053863981269856144,0.20568509314915298,0.20175509357640314,0.04310458450820142,0.443169712194253,0.40006512768605157,1.9829147194235828,1182.1416578119436,0.9851180481766196,0.5383333333333333,0.5592958492459235,True,12,False,1200,10.0,0.15
14,3,Donald Driver,rank,2.5289456279088427e-05,0.17525407826117717,0.17644111752392533,0.03048074540166078,0.3844400129739276,0.3539592675722668,2.006092833953154,1170.7444664295424,0.9756203886912853,0.4625,0.4941352179465631,True,11,False,1200,10.0,0.15
14,3,Gavin DeGraw,rank,1.8929620793547683e-09,0.027601372114294965,0.028199469991855144,1.2644368586371356e-06,0.13059412689743596,0.13059286246057733,4.630875389605036,1170.7444664295424,0.9756203886912853,0.4625,0.4941352179465631,True,11,False,1200,10.0,0.15
14,3,Gladys Knight,rank,1.8929620793547683e-09,0.04867156908189138,0.05026667806814731,0.00022119220397959292,0.18936149336665586,0.18914030116267627,3.7626623793177982,1170.7444664295424,0.9756203886912853,0.4625,0.4941352179465631,True,11,False,1200,10.0,0.15
14,3,Jack Wagner,rank,1.8929620793547683e-09,0.01303208054433714,0.008008575059252968,1.6711088176619793e-11,0.04179484880224351,0.04179484878553242,5.21811063337866,1170.7444664295424,0.9756203886912853,0.4625,0.4941352179465631,True,11,True,1200,10.0,0.15
14,3,Jaleel White,rank,2.809404822584235e-07,0.09617566227857617,0.09546247423411072,0.00576463865091158,0.2811177305328083,0.2753530918818967,2.884381634871491,1170.7444664295424,0.9756203886912853,0.4625,0.4941352179465631,True,11,False,1200,10.0,0.15
14,3,Katherine Jenkins,rank,0.9183993171334792,0.00395271958862389,0.003919445041327003,2.9313254942896087e-33,0.022293230162023062,0.022293230162023062,5.686402927989315,1170.7444664295424,0.9756203886912853,0.4625,0.4941352179465631,True,11,False,1200,10.0,0.15
14,3,Maria Menounos,rank,0.006188125922841669,0.12444610278585827,0.12952597874536267,0.01258628574674142,0.3326650769806746,0.3200787912339332,2.4711360855808784,1170.7444664295424,0.9756203886912853,0.4625,0.4941352179465631,True,11,False,1200,10.0,0.15
14,3,Melissa Gilbert,rank,1.8929620793547683e-09,0.16402991308088855,0.1601422236838969,0.023659815937150688,0.3606636679701083,0.33700385203295763,2.1043903343557133,1170.7444664295424,0.9756203886912853,0.4625,0.4941352179465631,True,11,False,1200,10.0,0.15
14,3,Roshon Fegan,rank,1.70399016044187e-07,0.18695934543677303,0.19120370573935663,0.038022250892298305,0.42233962373898637,0.38431737284668804,2.009978631857396,1170.7444664295424,0.9756203886912853,0.4625,0.4941352179465631,True,11,False,1200,10.0,0.15
14,3,Sherri Sheperd,rank,1.8929620793547683e-09,0.020695609902723684,0.019615297358541502,2.581777222151555e-08,0.0976238909077505,0.09762386508997828,4.976671351664132,1170.7444664295424,0.9756203886912853,0.4625,0.4941352179465631,True,11,False,1200,10.0,0.15
14,3,William Levy,rank,0.07538680668309124,0.13918154692485593,0.13721503455422412,0.01595002072947555,0.322873600073857,0.30692357934438147,2.236790913988215,1170.7444664295424,0.9756203886912853,0.4625,0.4941352179465631,True,11,False,1200,10.0,0.15
14,4,Donald Driver,rank,0.9092693211353781,0.004232707439825181,0.003483460208882305,2.945012805714169e-33,0.015406562219813342,0.015406562219813342,4.421506143344721,1162.3905462915707,0.9686587885763089,0.5041666666666667,0.5512668809717676,True,10,False,1200,10.0,0.15
14,4,Gavin DeGraw,rank,5.586743795422345e-06,0.028028913357386918,0.02717972148981741,1.2614325782888102e-06,0.1357132714933913,0.13571201006081302,4.992950982248731,1162.3905462915707,0.9686587885763089,0.5041666666666667,0.5512668809717676,True,10,False,1200,10.0,0.15
14,4,Gladys Knight,rank,4.1817799620112013e-10,0.04942661997174546,0.05509668089450295,0.00025365620190301324,0.20604866906045632,0.2057950128585533,3.735093918972646,1162.3905462915707,0.9686587885763089,0.5041666666666667,0.5512668809717676,True,10,False,1200,10.0,0.15
14,4,Jaleel White,rank,1.023247819208319e-07,0.0976677239339193,0.10316691874455433,0.005111327338664013,0.2854880992202355,0.28037677188157145,2.7176740143007976,1162.3905462915707,0.9686587885763089,0.5041666666666667,0.5512668809717676,True,10,False,1200,10.0,0.15
14,4,Katherine Jenkins,rank,0.00018500754576283103,0.17512018528355316,0.1756731694622691,0.027173771200783372,0.39647994056347524,0.3693061693626919,2.1022223727775224,1162.3905462915707,0.9686587885763089,0.5041666666666667,0.5512668809717676,True,10,False,1200,10.0,0.15
14,4,Maria Menounos,rank,0.04526985385616831,0.10761539223015897,0.1080079744390344,0.009002984374558046,0.3001456484948655,0.2911426641203075,2.695541418038765,1162.3905462915707,0.9686587885763089,0.5041666666666667,0.5512668809717676,True,10,False,1200,10.0,0.15
14,4,Melissa Gilbert,rank,1.6870504447262747e-07,0.16657442364199207,0.1746933746033792,0.026492429738011025,0.39118959914980467,0.36469716941179364,2.087629726141961,1162.3905462915707,0.9686587885763089,0.5041666666666667,0.5512668809717676,True,10,False,1200,10.0,0.15
14,4,Roshon Fegan,rank,0.04526985385616831,0.15761217765386173,0.15455106422242296,0.022388207904099084,0.3555901085021002,0.33320190059800114,2.1559200925228343,1162.3905462915707,0.9686587885763089,0.5041666666666667,0.5512668809717676,True,10,False,1200,10.0,0.15
14,4,Sherri Sheperd,rank,3.0899406732684847e-09,0.021016664426543773,0.012650169522638824,5.445182880491613e-08,0.06584762748914481,0.065847573037316,5.204860540322702,1162.3905462915707,0.9686587885763089,0.5041666666666667,0.5512668809717676,True,10,True,1200,10.0,0.15
14,4,William Levy,rank,1.023247819208319e-07,0.1927051920610133,0.18549746641249826,0.03490716001453335,0.4008954416070033,0.36598828159246993,1.9729989615041414,1162.3905462915707,0.9686587885763089,0.5041666666666667,0.5512668809717676,True,10,False,1200,10.0,0.15
14,5,Donald Driver,rank,0.0020320403767375107,0.19980243566376518,0.20205471382512397,0.03701603968586573,0.4324708422728445,0.39545480258697874,1.957157236984838,1138.3587167514804,0.948632263959567,0.5716666666666667,0.6482209765158091,True,9,False,1200,10.0,0.15
14,5,Gavin DeGraw,rank,3.7702301634856966e-10,0.03172831380448353,0.0205682815811251,3.447426028329704e-06,0.08805314356523505,0.08804969613920673,4.280640322411814,1138.3587167514804,0.948632263959567,0.5716666666666667,0.6482209765158091,True,9,True,1200,10.0,0.15
14,5,Gladys Knight,rank,5.5955176910673607e-08,0.05594890202819095,0.053513542429945216,0.0004605928275039494,0.1910575486120203,0.19059695578451635,3.5615918053307265,1138.3587167514804,0.948632263959567,0.5716666666666667,0.6482209765158091,True,9,False,1200,10.0,0.15
14,5,Jaleel White,rank,3.0550491441000858e-06,0.11055453160455077,0.11548257452803334,0.00967628066934536,0.3029792175222396,0.29330293685289427,2.5397805536552363,1138.3587167514804,0.948632263959567,0.5716666666666667,0.6482209765158091,True,9,False,1200,10.0,0.15
14,5,Katherine Jenkins,rank,0.49722388622281594,0.02567738895692615,0.026794624353828896,7.443861072098572e-07,0.12426422133595597,0.12426347694984875,4.637454059998136,1138.3587167514804,0.948632263959567,0.5716666666666667,0.6482209765158091,True,9,False,1200,10.0,0.15
14,5,Maria Menounos,rank,0.003350268192048636,0.14473230793141398,0.14793785169335202,0.017472100094849813,0.3505012367712826,0.33302913667643275,2.251126954579425,1138.3587167514804,0.948632263959567,0.5716666666666667,0.6482209765158091,True,9,False,1200,10.0,0.15
14,5,Melissa Gilbert,rank,7.572709715760783e-09,0.1885555681801449,0.19432519433559597,0.039618595892172995,0.40682196707619367,0.3672033711840207,1.8896236425536672,1138.3587167514804,0.948632263959567,0.5716666666666667,0.6482209765158091,True,9,False,1200,10.0,0.15
14,5,Roshon Fegan,rank,0.00016680003152820538,0.2147661973812425,0.2115911545198672,0.05450481848286213,0.430218816224743,0.37571399774188086,1.7756518364039986,1138.3587167514804,0.948632263959567,0.5716666666666667,0.6482209765158091,True,9,False,1200,10.0,0.15
14,5,William Levy,rank,0.49722388622281594,0.028234354449281917,0.027732062733128577,8.859739552987434e-07,0.12526010746984576,0.12525922149589044,4.516602536879629,1138.3587167514804,0.948632263959567,0.5716666666666667,0.6482209765158091,True,9,False,1200,10.0,0.15
14,6,Donald Driver,rank,0.00032852002681090723,0.17812805766943243,0.17575963016701454,0.033422674981429916,0.38058097039587946,0.34715829541444954,1.9751766654714784,1101.0250075527395,0.9175208396272829,0.5633333333333334,0.679504061356923,True,8,False,1200,10.0,0.15
14,6,Gladys Knight,rank,7.42563477382898e-10,0.04953145210577314,0.03391380633492163,0.00012625221976822243,0.12693852174524337,0.12681226952547514,3.739141785837008,1101.0250075527395,0.9175208396272829,0.5633333333333334,0.679504061356923,True,8,True,1200,10.0,0.15
14,6,Jaleel White,rank,0.01793658571271448,0.09091595321150825,0.09242836225428651,0.004626376918888664,0.26529938004631687,0.2606730031274282,2.8202402004060048,1101.0250075527395,0.9175208396272829,0.5633333333333334,0.679504061356923,True,8,False,1200,10.0,0.15
14,6,Katherine Jenkins,rank,0.9793043978251367,0.0031313883006162976,0.0026139989354363453,6.959359896092342e-45,0.009665276200292752,0.009665276200292752,3.6960918298347143,1101.0250075527395,0.9175208396272829,0.5633333333333334,0.679504061356923,True,8,False,1200,10.0,0.15
14,6,Maria Menounos,rank,2.2135505287900297e-06,0.1299073921483935,0.13875430911048586,0.015822854899217684,0.33306194864234495,0.31723909374312725,2.286320399391141,1101.0250075527395,0.9175208396272829,0.5633333333333334,0.679504061356923,True,8,False,1200,10.0,0.15
14,6,Melissa Gilbert,rank,8.143197315360268e-07,0.16692727924613807,0.17065265621559458,0.030260359240198716,0.38721794193104714,0.35695758269084843,2.091707793473159,1101.0250075527395,0.9175208396272829,0.5633333333333334,0.679504061356923,True,8,False,1200,10.0,0.15
14,6,Roshon Fegan,rank,1.491478614278483e-08,0.19026248620493902,0.19403355430979702,0.039097457227480675,0.4269714789285235,0.3878740217010428,1.9989945764080774,1101.0250075527395,0.9175208396272829,0.5633333333333334,0.679504061356923,True,8,False,1200,10.0,0.15
14,6,William Levy,rank,0.002427452907727995,0.19119599111319924,0.19184368267246366,0.03992886525670448,0.4199777936548283,0.3800489283981238,1.9810240404055461,1101.0250075527395,0.9175208396272829,0.5633333333333334,0.679504061356923,True,8,False,1200,10.0,0.15
14,7,Donald Driver,rank,0.00033386424990049083,0.1779643634998169,0.18211613984586272,0.03210338790533923,0.38336155779748654,0.3512581698921473,1.9287485526592354,1025.3267638654588,0.8544389698878824,0.4075,0.562736998790584,True,7,False,1200,10.0,0.15
14,7,Jaleel White,rank,2.2495596207189324e-06,0.0977862153988441,0.06471023625093059,0.003868570233728149,0.19166786617602635,0.18779929594229822,2.902112628695106,1025.3267638654588,0.8544389698878824,0.4075,0.562736998790584,True,7,True,1200,10.0,0.15
14,7,Katherine Jenkins,rank,0.004067299208107524,0.17255739880132417,0.179128763562312,0.027263806766745318,0.3827026136803682,0.35543880691362284,1.9842532019531196,1025.3267638654588,0.8544389698878824,0.4075,0.562736998790584,True,7,False,1200,10.0,0.15
14,7,Maria Menounos,rank,0.9952353023285636,0.0021674481389574174,0.0023230098204478767,3.490546222076449e-60,0.008248896698780988,0.008248896698780988,3.549424200449929,1025.3267638654588,0.8544389698878824,0.4075,0.562736998790584,True,7,False,1200,10.0,0.15
14,7,Melissa Gilbert,rank,1.5157413495686974e-08,0.1667780912481572,0.1763501498222533,0.03093417811495524,0.3948584566346265,0.36392427851967124,2.0636342824329494,1025.3267638654588,0.8544389698878824,0.4075,0.562736998790584,True,7,False,1200,10.0,0.15
14,7,Roshon Fegan,rank,2.740524649365079e-05,0.19007040962694133,0.19516778141243307,0.03860882025274501,0.4101871884934725,0.37157836824072754,1.9038821964846087,1025.3267638654588,0.8544389698878824,0.4075,0.562736998790584,True,7,False,1200,10.0,0.15
14,7,William Levy,rank,0.00033386424990049083,0.19267607328595887,0.20020391928576087,0.04147467544904609,0.44475231706069046,0.40327764161164437,2.0143243385345055,1025.3267638654588,0.8544389698878824,0.4075,0.562736998790584,True,7,False,1200,10.0,0.15
14,8,Donald Driver,rank,0.009541287403088428,0.22633111751748283,0.2220965477083752,0.05783606789400533,0.4421806099301139,0.38434454203610857,1.73052132273325,1199.9999999999998,0.9999999999999998,,,False,6,False,1200,10.0,0.15
14,8,Katherine Jenkins,rank,0.009541287403088428,0.22284967563073274,0.22069844075328895,0.052005577610481364,0.45653596323403683,0.4045303856235555,1.832947035311085,1199.9999999999998,0.9999999999999998,,,False,6,False,1200,10.0,0.15
14,8,Maria Menounos,rank,0.0057870833431030635,0.16740459231464064,0.17183768000657124,0.02769481249905299,0.39908247130005087,0.3713876588009979,2.1612576329543254,1199.9999999999998,0.9999999999999998,,,False,6,False,1200,10.0,0.15
14,8,Melissa Gilbert,rank,1.4344745433266344e-05,0.22027607178647254,0.2213897198890299,0.05249649765110306,0.4423999308462761,0.38990343319517307,1.7611552706030706,1199.9999999999998,0.9999999999999998,,,False,6,True,1200,10.0,0.15
14,8,Roshon Fegan,rank,0.11623667616546092,0.15568291549059546,0.1553171894848354,0.020402450685024217,0.35409247512313025,0.333690024438106,2.1484284972989984,1199.9999999999998,0.9999999999999998,,,False,6,True,1200,10.0,0.15
14,8,William Levy,rank,0.8588793209398259,0.007455627260075919,0.008660422157899294,1.7771552266864086e-19,0.05258516944613299,0.05258516944613299,6.071193446930058,1199.9999999999998,0.9999999999999998,,,False,6,False,1200,10.0,0.15
14,9,Donald Driver,rank,0.01584220117850692,0.35998149142327424,0.36037709853629135,0.1667367540366829,0.5884449187350346,0.4217081646983517,1.1701825566291573,1119.0270056225133,0.9325225046854277,0.0,0.0,True,4,False,1200,10.0,0.15
14,9,Katherine Jenkins,rank,0.002144008783584634,0.37498185632838804,0.3788778509306486,0.16839032741424084,0.5988223908854916,0.43043206347125074,1.136067802185239,1119.0270056225133,0.9325225046854277,0.0,0.0,True,4,False,1200,10.0,0.15
14,9,Maria Menounos,rank,0.8649548767993754,0.007984479459084641,0.004847270814373818,3.177439806576737e-19,0.028257063419934857,0.028257063419934857,5.828276616925001,1119.0270056225133,0.9325225046854277,0.0,0.0,True,4,True,1200,10.0,0.15
14,9,William Levy,rank,0.11705891323853293,0.2570521727892531,0.2558977797186861,0.08524850742131834,0.47619636296575796,0.3909478555444396,1.5277441181009745,1119.0270056225133,0.9325225046854277,0.0,0.0,True,4,False,1200,10.0,0.15
14,10,Donald Driver,rank,0.15428077298188617,0.456451808800726,0.4577921167341043,0.21590405674798144,0.6997749719999771,0.48387091525199566,1.0569641560011438,1199.9999999999998,0.9999999999999998,,,False,3,True,1200,10.0,0.15
14,10,Katherine Jenkins,rank,0.6914384540362275,0.049363060904423106,0.0505864728638352,0.00022110303022816857,0.18955815281276228,0.1893370497825341,3.7427655319364743,1199.9999999999998,0.9999999999999998,,,False,3,True,1200,10.0,0.15
14,10,William Levy,rank,0.15428077298188617,0.4941851302948508,0.49162141040206087,0.2569668567568212,0.7380123802973895,0.4810455235405683,0.9784857511828183,1199.9999999999998,0.9999999999999998,,,False,3,True,1200,10.0,0.15
15,1,Apolo Anton Ohno,rank,4.49108088270402e-06,0.10948954322671232,0.10849822443508453,0.007743248439013589,0.2710095016280538,0.26326625318904023,2.4264344243912395,1179.5398025155082,0.9829498354295901,0.5508333333333333,0.5764725632624563,True,13,False,1200,10.0,0.15
15,1,Bristol Palin,rank,3.065433683637754e-13,0.02713613357288314,0.03012347391730329,8.856596789530331e-07,0.14192563744092923,0.14192475178125027,4.7112773544479944,1179.5398025155082,0.9829498354295901,0.5508333333333333,0.5764725632624563,True,13,False,1200,10.0,0.15
15,1,Drew Lachey,rank,2.2359775095279177e-07,0.11117360346126212,0.12029388111658684,0.00820959217088119,0.31103904003626553,0.30282944786538435,2.517392635950066,1179.5398025155082,0.9829498354295901,0.5508333333333333,0.5764725632624563,True,13,False,1200,10.0,0.15
15,1,Emmitt Smith,rank,0.7309449323103687,0.006315758289416797,0.006325352046655017,2.980233059328458e-21,0.040326136305143125,0.040326136305143125,6.374311136615466,1179.5398025155082,0.9829498354295901,0.5508333333333333,0.5764725632624563,True,13,False,1200,10.0,0.15
15,1,Gilles Marini,rank,0.2688996132254362,0.0420749727265822,0.04237391869362418,6.902495667160865e-05,0.179257393180639,0.1791883682239674,4.228642172024473,1179.5398025155082,0.9829498354295901,0.5508333333333333,0.5764725632624563,True,13,False,1200,10.0,0.15
15,1,Helio Castroneves,rank,1.356188913956579e-07,0.11064025854647862,0.10789272610549039,0.007887003934919631,0.2894137763733974,0.28152677243847773,2.6092969684189233,1179.5398025155082,0.9829498354295901,0.5508333333333333,0.5764725632624563,True,13,False,1200,10.0,0.15
15,1,Joey Fatone,rank,1.23668421252197e-10,0.012339520665354282,0.012272308820709486,2.747226929536819e-12,0.07552415450039818,0.07552415449765094,6.153528408754332,1179.5398025155082,0.9829498354295901,0.5508333333333333,0.5764725632624563,True,13,False,1200,10.0,0.15
15,1,Kelly Monaco,rank,2.2359775095279177e-07,0.1286674036059152,0.1273210942152228,0.01446362560410421,0.3214005944291491,0.3069369688250449,2.4107125374972593,1179.5398025155082,0.9829498354295901,0.5508333333333333,0.5764725632624563,True,13,False,1200,10.0,0.15
15,1,Kirstie Alley,rank,6.839907087544833e-14,0.12141758339343106,0.11231574183460616,0.01028085662085795,0.3003133073325103,0.2900324507116524,2.582272651202297,1179.5398025155082,0.9829498354295901,0.5508333333333333,0.5764725632624563,True,13,False,1200,10.0,0.15
15,1,Melissa Rycroft,rank,4.0953356627844535e-09,0.12156358155056515,0.12271713938812556,0.01239911598820072,0.3225278142208993,0.3101286982326986,2.5271626491324333,1179.5398025155082,0.9829498354295901,0.5508333333333333,0.5764725632624563,True,13,False,1200,10.0,0.15
15,1,Pamela Anderson,rank,7.598450415743456e-16,0.008376124066491191,0.0055180869982363635,1.7954029648144086e-17,0.03526610550385779,0.03526610550385777,6.389844101955111,1179.5398025155082,0.9829498354295901,0.5508333333333333,0.5764725632624563,True,13,True,1200,10.0,0.15
15,1,Sabrina Bryan,rank,0.00014872417321378642,0.06883126359117965,0.06947048460999161,0.001122388531678788,0.21854028877502693,0.21741790024334814,3.1295991652390627,1179.5398025155082,0.9829498354295901,0.5508333333333333,0.5764725632624563,True,13,False,1200,10.0,0.15
15,1,Shawn Johnson,rank,1.6521763253849026e-06,0.13197425330372833,0.1348775678183638,0.014776509396816772,0.33990393983733524,0.32512743044051845,2.410519593285985,1179.5398025155082,0.9829498354295901,0.5508333333333333,0.5764725632624563,True,13,False,1200,10.0,0.15
15,2,Apolo Anton Ohno,rank,0.001309671266105205,0.1011698963911015,0.10383900915209193,0.005485080976295648,0.2867452629854032,0.2812601820091076,2.7085916527333183,1171.222604626415,0.9760188371886791,0.6466666666666666,0.685690065916801,True,12,False,1200,10.0,0.15
15,2,Bristol Palin,rank,1.8188641025225447e-14,0.025209105225570384,0.02593902390956099,4.308525797717382e-07,0.12147635136530596,0.1214759205127262,4.682953297816835,1171.222604626415,0.9760188371886791,0.6466666666666666,0.685690065916801,True,12,False,1200,10.0,0.15
15,2,Drew Lachey,rank,4.880690578211253e-09,0.10327888388976476,0.10387593962552179,0.007372963235659475,0.2929397116556496,0.2855667484199901,2.749087039428224,1171.222604626415,0.9760188371886791,0.6466666666666666,0.685690065916801,True,12,False,1200,10.0,0.15
15,2,Emmitt Smith,rank,4.880690578211253e-09,0.11851202138520768,0.1159422136870235,0.008941760584158596,0.3119955522663203,0.30305379168216173,2.613812245192923,1171.222604626415,0.9760188371886791,0.6466666666666666,0.685690065916801,True,12,False,1200,10.0,0.15
15,2,Gilles Marini,rank,0.11789285032151291,0.07272812994267484,0.07316655726698174,0.0015086085472809263,0.2293761194672576,0.22786751091997667,3.1143244278131212,1171.222604626415,0.9760188371886791,0.6466666666666666,0.685690065916801,True,12,False,1200,10.0,0.15
15,2,Helio Castroneves,rank,9.803129081931627e-08,0.1027833365971549,0.10484125285666601,0.00701464100949114,0.28959513756209915,0.28258049655260803,2.6952921065034245,1171.222604626415,0.9760188371886791,0.6466666666666666,0.685690065916801,True,12,False,1200,10.0,0.15
15,2,Joey Fatone,rank,4.880690578211253e-09,0.011463249470136888,0.006973213550455824,5.468891387565932e-13,0.0389750410176288,0.038975041017081914,5.588449613008274,1171.222604626415,0.9760188371886791,0.6466666666666666,0.685690065916801,True,12,True,1200,10.0,0.15
15,2,Kelly Monaco,rank,2.42995275499793e-10,0.11953040719291291,0.11587567873193438,0.007951912661376105,0.3107379796559563,0.30278606699458016,2.613002636147661,1171.222604626415,0.9760188371886791,0.6466666666666666,0.685690065916801,True,12,False,1200,10.0,0.15
15,2,Kirstie Alley,rank,6.023250680647534e-13,0.11279531137950237,0.11566986137358054,0.008605891867980518,0.3084001987777765,0.299794306909796,2.5917876235187234,1171.222604626415,0.9760188371886791,0.6466666666666666,0.685690065916801,True,12,False,1200,10.0,0.15
15,2,Melissa Rycroft,rank,3.246350501575663e-06,0.11292943612189228,0.11216194377888006,0.008709483292656577,0.3063797062366345,0.29767022294397794,2.6539087947870743,1171.222604626415,0.9760188371886791,0.6466666666666666,0.685690065916801,True,12,False,1200,10.0,0.15
15,2,Sabrina Bryan,rank,0.8711168846884931,0.0017799718153946739,0.0018372600102764896,5.401767376567874e-72,0.004559159682597048,0.004559159682597048,2.480149520258188,1171.222604626415,0.9760188371886791,0.6466666666666666,0.685690065916801,True,12,False,1200,10.0,0.15
15,2,Shawn Johnson,rank,0.009677234456408893,0.11782025058868696,0.1198780460570269,0.010550468258415244,0.31999402506080193,0.30944355680238667,2.5812981249048583,1171.222604626415,0.9760188371886791,0.6466666666666666,0.685690065916801,True,12,False,1200,10.0,0.15
15,3,Apolo Anton Ohno,rank,2.262168952886548e-05,0.11335781285777052,0.10888384866347507,0.008332767560608296,0.27977633672846847,0.27144356916786017,2.4929416029846094,1199.9999999999998,0.9999999999999998,,,False,11,False,1200,10.0,0.15
15,3,Bristol Palin,rank,1.5440668042662338e-12,0.02809694880324484,0.02784823592854739,3.233934735068025e-06,0.11967724835659063,0.11967401442185556,4.297209974769233,1199.9999999999998,0.9999999999999998,,,False,11,False,1200,10.0,0.15
15,3,Drew Lachey,rank,6.229210079173099e-10,0.11511005797168972,0.11685715739163467,0.007935456073651093,0.3229875167787233,0.3150520607050722,2.696021122849104,1199.9999999999998,0.9999999999999998,,,False,11,True,1200,10.0,0.15
15,3,Emmitt Smith,rank,4.1433069646375934e-07,0.1320880119069444,0.13260304181451454,0.012268964130992549,0.3208732857152926,0.30860432158430007,2.3272618041007624,1199.9999999999998,0.9999999999999998,,,False,11,False,1200,10.0,0.15
15,3,Gilles Marini,rank,2.262168952886548e-05,0.13161269135352863,0.13009680271714372,0.011701922697073132,0.3186972054499588,0.3069952827528856,2.3597268850139552,1199.9999999999998,0.9999999999999998,,,False,11,False,1200,10.0,0.15
15,3,Helio Castroneves,rank,2.262168952886548e-05,0.1145471314863385,0.1149514207339084,0.009252922878430768,0.3141128536577493,0.30485993077931856,2.6520531610639817,1199.9999999999998,0.9999999999999998,,,False,11,True,1200,10.0,0.15
15,3,Kelly Monaco,rank,0.4982758706282927,0.017169395107882877,0.017731424274547943,1.1792277273584685e-09,0.0879713935158434,0.08797139233661568,4.961047117673838,1199.9999999999998,0.9999999999999998,,,False,11,False,1200,10.0,0.15
15,3,Kirstie Alley,rank,6.229210079173099e-10,0.12571664296007368,0.12803817403572695,0.012014034316951968,0.31079915776418715,0.2987851234472352,2.3335446022470023,1199.9999999999998,0.9999999999999998,,,False,11,False,1200,10.0,0.15
15,3,Melissa Rycroft,rank,0.4982758706282927,0.016221445525596682,0.01783354556537227,6.953752017366196e-10,0.10233582071141124,0.10233582001603604,5.738067148440961,1199.9999999999998,0.9999999999999998,,,False,11,False,1200,10.0,0.15
15,3,Sabrina Bryan,rank,2.262168952886548e-05,0.07130535213979824,0.07103690458334991,0.0013563452696543441,0.23410273176707733,0.232746386497423,3.276368973191459,1199.9999999999998,0.9999999999999998,,,False,11,False,1200,10.0,0.15
15,3,Shawn Johnson,rank,0.0033573564072166035,0.13477450988713197,0.13411944429177947,0.015477798486647069,0.3325155349990722,0.3170377365124252,2.3638285586253245,1199.9999999999998,0.9999999999999998,,,False,11,False,1200,10.0,0.15
15,4,Apolo Anton Ohno,rank,1.6983353194565318e-09,0.14843072480233463,0.15063331457424334,0.01621696037452095,0.35630870393994163,0.34009174356542066,2.257730879757807,1129.4443257855692,0.9412036048213076,0.6141666666666666,0.7026550243082814,True,9,False,1200,10.0,0.15
15,4,Bristol Palin,rank,4.2097523698122335e-12,0.036786724117188224,0.023959811411610563,1.673918075984267e-05,0.10174497023335637,0.10172823105259653,4.245608769463567,1129.4443257855692,0.9412036048213076,0.6141666666666666,0.7026550243082814,True,9,True,1200,10.0,0.15
15,4,Emmitt Smith,rank,4.155689509503908e-07,0.17293996093838732,0.17243424631188303,0.028199865088855202,0.39447511261278534,0.36627524752393015,2.124132132832341,1129.4443257855692,0.9412036048213076,0.6141666666666666,0.7026550243082814,True,9,False,1200,10.0,0.15
15,4,Gilles Marini,rank,0.4997650007788019,0.022074236383066992,0.02166085365666505,2.5394219541202687e-07,0.11623288739888989,0.11623263345669448,5.365775030103729,1129.4443257855692,0.9412036048213076,0.6141666666666666,0.7026550243082814,True,9,False,1200,10.0,0.15
15,4,Kelly Monaco,rank,0.00045572669122552825,0.17409978838153606,0.17416870356111377,0.030672238464927372,0.391169714411519,0.3604974759465916,2.0698058765432643,1129.4443257855692,0.9412036048213076,0.6141666666666666,0.7026550243082814,True,9,False,1200,10.0,0.15
15,4,Kirstie Alley,rank,7.710430421647381e-14,0.16459806741977254,0.16935043625492152,0.028730512081144466,0.39053805040789114,0.36180753832674667,2.136430291515949,1129.4443257855692,0.9412036048213076,0.6141666666666666,0.7026550243082814,True,9,False,1200,10.0,0.15
15,4,Melissa Rycroft,rank,1.376175363072183e-05,0.1647866653668762,0.17120936295486125,0.025620065604841577,0.3758466988719645,0.3502266332671229,2.0455924934839276,1129.4443257855692,0.9412036048213076,0.6141666666666666,0.7026550243082814,True,9,False,1200,10.0,0.15
15,4,Sabrina Bryan,rank,9.272596657827568e-08,0.09336719606689019,0.09533341524188986,0.004386600673192386,0.2725144473245738,0.2681278466513814,2.812497941809017,1129.4443257855692,0.9412036048213076,0.6141666666666666,0.7026550243082814,True,9,False,1200,10.0,0.15
15,4,Shawn Johnson,rank,0.4997650007788019,0.022916636523947865,0.021249856032811452,8.868558664010892e-08,0.11409288540297059,0.11409279671738395,5.368856508237784,1129.4443257855692,0.9412036048213076,0.6141666666666666,0.7026550243082814,True,9,False,1200,10.0,0.15
15,5,Apolo Anton Ohno,rank,0.0005505105351610527,0.126065681900375,0.12625395059151157,0.010980725672070835,0.32883705663209906,0.31785633096002824,2.5175751879102832,1199.9999999999998,0.9999999999999998,,,False,8,False,1200,10.0,0.15
15,5,Emmitt Smith,rank,0.0002025215080340397,0.14709252610956064,0.14824581016523622,0.020368856602324067,0.35296083333822365,0.3325919767358996,2.2435017412191995,1199.9999999999998,0.9999999999999998,,,False,8,False,1200,10.0,0.15
15,5,Gilles Marini,rank,0.0014964427841035535,0.14579879541734,0.14994260674033474,0.01862012036321502,0.3619891462301927,0.34336902586697765,2.2899877716134167,1199.9999999999998,0.9999999999999998,,,False,8,False,1200,10.0,0.15
15,5,Kelly Monaco,rank,5.576723248213747e-09,0.1484800981862966,0.14989286891223236,0.021960879645750123,0.36300848341619457,0.34104760377044446,2.275260530970341,1199.9999999999998,0.9999999999999998,,,False,8,False,1200,10.0,0.15
15,5,Kirstie Alley,rank,4.120672092926213e-08,0.1401137738210555,0.1369763626032071,0.013091550823881588,0.34048228138787423,0.32739073056399265,2.390108294845555,1199.9999999999998,0.9999999999999998,,,False,8,False,1200,10.0,0.15
15,5,Melissa Rycroft,rank,0.0009076384290645383,0.13975969540194633,0.1388628193024761,0.018034962676679728,0.34998843053225626,0.33195346785557656,2.390496455613888,1199.9999999999998,0.9999999999999998,,,False,8,False,1200,10.0,0.15
15,5,Sabrina Bryan,rank,0.9953463971760891,0.0013266394285273407,0.0010863649173683699,1.9640360644597255e-98,0.0013379916199871115,0.0013379916199871115,1.2304899658021946,1199.9999999999998,0.9999999999999998,,,False,8,False,1200,10.0,0.15
15,5,Shawn Johnson,rank,0.0014964427841035535,0.1513627897348985,0.148739216767634,0.02118738709781877,0.35686936663873553,0.3356819795409168,2.256834007881865,1199.9999999999998,0.9999999999999998,,,False,8,False,1200,10.0,0.15
15,6,Apolo Anton Ohno,rank,0.48015194635880276,0.01987949336940016,0.02023850471944472,2.1988863739758933e-08,0.10662273087233662,0.10662270888347287,5.268049310566238,1161.7651654005922,0.9681376378338268,0.0,0.0,True,8,False,1200,10.0,0.15
15,6,Emmitt Smith,rank,1.4687959458462594e-07,0.16681558332225233,0.17092233720152963,0.030657896442964225,0.37697497876192604,0.3463170823189618,2.026154461930682,1161.7651654005922,0.9681376378338268,0.0,0.0,True,8,False,1200,10.0,0.15
15,6,Gilles Marini,rank,8.019354141938808e-06,0.1662250929165614,0.1671302719972071,0.029260857189756507,0.38145167812995845,0.35219082094020193,2.107270630633909,1161.7651654005922,0.9681376378338268,0.0,0.0,True,8,False,1200,10.0,0.15
15,6,Kelly Monaco,rank,1.0853015641739915e-06,0.16824839409062928,0.16857450440450644,0.028812599289196068,0.382152678397566,0.35334007910836995,2.0960345357206256,1161.7651654005922,0.9681376378338268,0.0,0.0,True,8,False,1200,10.0,0.15
15,6,Kirstie Alley,rank,8.019354141938808e-06,0.1587636931257487,0.15895422702737133,0.02360741797974502,0.3660646918248575,0.3424572738451125,2.1544259993799573,1161.7651654005922,0.9681376378338268,0.0,0.0,True,8,False,1200,10.0,0.15
15,6,Melissa Rycroft,rank,0.03941327185612466,0.13517702352438968,0.13675915074523456,0.01593609801718749,0.3423726033906651,0.3264365053734776,2.3869270660690054,1161.7651654005922,0.9681376378338268,0.0,0.0,True,8,False,1200,10.0,0.15
15,6,Sabrina Bryan,rank,0.48015194635880276,0.012504777918081493,0.007101720287778041,1.2836810478874545e-12,0.03993428925882981,0.03993428925754613,5.622393623787043,1161.7651654005922,0.9681376378338268,0.0,0.0,True,8,True,1200,10.0,0.15
15,6,Shawn Johnson,rank,0.0002655645368271148,0.172385941732937,0.17031928361692805,0.028887141838586664,0.378636817086371,0.34974967524778433,2.053482226664299,1161.7651654005922,0.9681376378338268,0.0,0.0,True,8,False,1200,10.0,0.15
15,7,Apolo Anton Ohno,rank,7.902011434310999e-07,0.1512101976090838,0.1452329954351507,0.01859140919963197,0.35352401432179126,0.3349326051221593,2.3061584453325326,1199.9999999999998,0.9999999999999998,,,False,7,False,1200,10.0,0.15
15,7,Emmitt Smith,rank,1.5871614243130474e-05,0.17616776148856422,0.1765833364505891,0.030607163069689726,0.4047419250082686,0.37413476193857886,2.118731306857827,1199.9999999999998,0.9999999999999998,,,False,7,False,1200,10.0,0.15
15,7,Gilles Marini,rank,1.5871614243130474e-05,0.17554984913911564,0.17841498666483277,0.03236740622719126,0.40959977723639573,0.3772323710092045,2.1143417586108053,1199.9999999999998,0.9999999999999998,,,False,7,False,1200,10.0,0.15
15,7,Kelly Monaco,rank,0.002355556409880444,0.17598035629824424,0.17547303024016558,0.03165240076398076,0.3901292681270458,0.35847686736306505,2.0429055334993413,1199.9999999999998,0.9999999999999998,,,False,7,False,1200,10.0,0.15
15,7,Kirstie Alley,rank,1.4473038792548872e-08,0.16768081911673346,0.1710571368709922,0.025517746657485612,0.41236780962099295,0.3868500629635073,2.2615121971967933,1199.9999999999998,0.9999999999999998,,,False,7,False,1200,10.0,0.15
15,7,Melissa Rycroft,rank,0.9502992804421461,0.0033725086991502583,0.0038788319620810027,1.9294619226632107e-41,0.018173528418344225,0.018173528418344225,4.684101939455284,1199.9999999999998,0.9999999999999998,,,False,7,False,1200,10.0,0.15
15,7,Shawn Johnson,rank,0.04731261524530504,0.15003850764910817,0.14935968237618935,0.022558915679199997,0.3470413878891619,0.3244824722099619,2.1724758286300516,1199.9999999999998,0.9999999999999998,,,False,7,False,1200,10.0,0.15
15,8,Apolo Anton Ohno,rank,0.01789674706562816,0.13782147405176692,0.14183194958034157,0.015689136470930714,0.35156232997154807,0.33587319350061734,2.3680900277009416,1199.9999999999998,0.9999999999999998,,,False,7,False,1200,10.0,0.15
15,8,Emmitt Smith,rank,0.0008910265697187977,0.17220990734128136,0.16637684363787344,0.025836325015763627,0.37721777053293654,0.35138144551717293,2.1119485493631327,1199.9999999999998,0.9999999999999998,,,False,7,False,1200,10.0,0.15
15,8,Gilles Marini,rank,0.003993304038889553,0.16943069222517565,0.1683308689687542,0.028874888076967732,0.3898537686630579,0.3609788805860901,2.1444476485501096,1199.9999999999998,0.9999999999999998,,,False,7,True,1200,10.0,0.15
15,8,Kelly Monaco,rank,1.631972089123703e-05,0.17431556854910896,0.17626580566754882,0.03093053332666271,0.3878994465185578,0.35696891319189505,2.025162433959135,1199.9999999999998,0.9999999999999998,,,False,7,False,1200,10.0,0.15
15,8,Kirstie Alley,rank,1.812957228858328e-07,0.164504447889302,0.1671524085674567,0.02318209226231408,0.38485303244346575,0.36167094018115165,2.1637066409877916,1199.9999999999998,0.9999999999999998,,,False,7,True,1200,10.0,0.15
15,8,Melissa Rycroft,rank,0.9771292813944003,0.002963018745268326,0.0028381970047846343,4.426778989302189e-47,0.007475534663306024,0.007475534663306024,2.6329749752159506,1199.9999999999998,0.9999999999999998,,,False,7,False,1200,10.0,0.15
15,8,Shawn Johnson,rank,7.313991474922478e-05,0.1787548911980967,0.17720392657324036,0.028215030447715554,0.3964418417648144,0.36822681131709883,2.0779716367812577,1199.9999999999998,0.9999999999999998,,,False,7,False,1200,10.0,0.15
15,9,Apolo Anton Ohno,rank,0.010470437389153021,0.226009642247927,0.2249091852500543,0.05199364464405188,0.45987621801059525,0.4078825733665434,1.8135353581833613,1199.9999999999998,0.9999999999999998,,,False,5,True,1200,10.0,0.15
15,9,Emmitt Smith,rank,4.279028447021685e-05,0.2748660067029142,0.28046606925853285,0.08457657171818012,0.5391016706369571,0.454525098918777,1.6206005935755636,1199.9999999999998,0.9999999999999998,,,False,5,True,1200,10.0,0.15
15,9,Kelly Monaco,rank,4.279028447021685e-05,0.27722795286187984,0.2761521089435587,0.0815034337211583,0.5386190083169677,0.4571155745958094,1.6552975859824075,1199.9999999999998,0.9999999999999998,,,False,5,False,1200,10.0,0.15
15,9,Melissa Rycroft,rank,0.04692524480862612,0.2159973903282597,0.2133516678456334,0.040627669485234816,0.44111027758376503,0.4004826080985302,1.8770921036163961,1199.9999999999998,0.9999999999999998,,,False,5,False,1200,10.0,0.15
15,9,Shawn Johnson,rank,0.9425187372332804,0.005899007859019225,0.005120968702221041,1.0291906775491483e-24,0.03176844091734273,0.03176844091734273,6.202388722829753,1199.9999999999998,0.9999999999999998,,,False,5,False,1200,10.0,0.15
15,10,Kelly Monaco,rank,0.07379870431184087,0.4396886485215359,0.4423183528225905,0.20243969913849882,0.6966020671739749,0.4941623680354761,1.1172072053417008,1199.9999999999998,0.9999999999999998,,,False,3,True,1200,10.0,0.15
15,10,Melissa Rycroft,rank,0.8990522695867426,0.013955173186381434,0.014085115741818798,1.637321704400824e-11,0.07757276607384446,0.07757276605747124,5.507037389106037,1199.9999999999998,0.9999999999999998,,,False,3,True,1200,10.0,0.15
15,10,Shawn Johnson,rank,0.027149026101416524,0.5463561782920826,0.543596531435591,0.29366984225540277,0.7868356701972357,0.4931658279418329,0.9072260255476646,1199.9999999999998,0.9999999999999998,,,False,3,True,1200,10.0,0.15
16,1,Alexandra Raisman,rank,0.00020334332480076507,0.15893344033512652,0.15977174585745532,0.019854782239904497,0.38404140978320916,0.36418662754330466,2.2794039470800707,1199.9999999999998,0.9999999999999998,,,False,12,False,1200,10.0,0.15
16,1,Andy Dick,rank,3.096914717938173e-12,0.07341554216832608,0.07648029952148197,0.0017154254511060386,0.25193520104882594,0.2502197755977199,3.2716464961142364,1199.9999999999998,0.9999999999999998,,,False,12,False,1200,10.0,0.15
16,1,D. L. Hughley,rank,4.656022964257334e-15,0.021494546010555338,0.021482832215841477,3.760421153001335e-08,0.10518917498201931,0.10518913737780777,4.896199910751711,1199.9999999999998,0.9999999999999998,,,False,12,False,1200,10.0,0.15
16,1,Dorothy Hamill,rank,0.00020334332480076507,0.006588153782143384,0.0068881314617749035,3.360203682390838e-22,0.04739648675421169,0.04739648675421169,6.8798929178803245,1199.9999999999998,0.9999999999999998,,,False,12,False,1200,10.0,0.15
16,1,Ingo Rademacher,rank,2.25894029128638e-06,0.14347593907555717,0.14293587100684937,0.015704598564235405,0.3340783675347273,0.3183737689704919,2.2273732923343186,1199.9999999999998,0.9999999999999998,,,False,12,False,1200,10.0,0.15
16,1,Jacoby Jones,rank,2.25894029128638e-06,0.178115297583287,0.1782121450193152,0.029018081978329814,0.38860245730935583,0.359584375331026,2.017720832501179,1199.9999999999998,0.9999999999999998,,,False,12,False,1200,10.0,0.15
16,1,Kellie Pickler,rank,0.00020334332480076507,0.2390235509508504,0.23031517721923728,0.05603987646140792,0.4828211134378145,0.4267812369764066,1.8530232749137496,1199.9999999999998,0.9999999999999998,,,False,12,False,1200,10.0,0.15
16,1,Lisa Vanderpump,rank,1.0255573056204874e-10,0.0147028659256518,0.01393021174929201,1.1780394737855027e-10,0.07711207625031435,0.07711207613251041,5.535202358576545,1199.9999999999998,0.9999999999999998,,,False,12,False,1200,10.0,0.15
16,1,Sean Lowe,rank,1.5220619956786317e-08,0.10681594420552598,0.11097374508769714,0.008009880186204788,0.31755694756434266,0.30954706737813786,2.7893469557737673,1199.9999999999998,0.9999999999999998,,,False,12,False,1200,10.0,0.15
16,1,Victor Ortiz,rank,1.0255573056204874e-10,0.04342789962272582,0.04578648494854255,8.669521556683719e-05,0.17471236596871456,0.17462567075314772,3.8138297167751767,1199.9999999999998,0.9999999999999998,,,False,12,False,1200,10.0,0.15
16,1,Wynonna Judd,rank,1.0255573056204874e-10,0.00991967365576989,0.010023156919152485,2.6859893150058938e-14,0.06780440527972437,0.06780440527969751,6.764100544969342,1199.9999999999998,0.9999999999999998,,,False,12,False,1200,10.0,0.15
16,1,Zendaya,rank,0.9993854366136264,0.00408714668448057,0.0032001989933604577,8.901018641464957e-36,0.013943887942852493,0.013943887942852493,4.3558329150337824,1199.9999999999998,0.9999999999999998,,,False,12,False,1200,10.0,0.15
16,2,Alexandra Raisman,rank,0.009067951867464978,0.18816659238702974,0.1925024180655398,0.037783388178834296,0.42894723851719146,0.39116385033835716,2.0319839214760402,1181.6953969653187,0.9847461641377655,0.5058333333333334,0.5282839645178248,True,12,False,1200,10.0,0.15
16,2,Andy Dick,rank,2.496991973043945e-07,0.09014575714093029,0.09055169766520599,0.004316090165492845,0.26637303421249753,0.2620569440470047,2.8939716960823088,1181.6953969653187,0.9847461641377655,0.5058333333333334,0.5282839645178248,True,12,False,1200,10.0,0.15
16,2,D. L. Hughley,rank,5.644024385666874e-13,0.026392832590391505,0.027294112657582345,1.5978259392010388e-06,0.13322534683383055,0.13322374900789136,4.880864595767951,1181.6953969653187,0.9847461641377655,0.5058333333333334,0.5282839645178248,True,12,False,1200,10.0,0.15
16,2,Dorothy Hamill,rank,4.6328973393071654e-14,0.00809626260999575,0.005112146265244396,5.069468133205841e-18,0.030097385664360633,0.03009738566436063,5.886275123585194,1181.6953969653187,0.9847461641377655,0.5058333333333334,0.5282839645178248,True,12,True,1200,10.0,0.15
16,2,Ingo Rademacher,rank,4.116843778725033e-07,0.17617330473457465,0.17653585073460376,0.02978516212180193,0.3845192926890183,0.35473413056721637,2.0094055665494173,1181.6953969653187,0.9847461641377655,0.5058333333333334,0.5282839645178248,True,12,False,1200,10.0,0.15
16,2,Jacoby Jones,rank,0.0007443428165624431,0.21803877211621292,0.21027062277033737,0.04926356456894885,0.4322526225166243,0.3829890579476754,1.8214015419759388,1181.6953969653187,0.9847461641377655,0.5058333333333334,0.5282839645178248,True,12,False,1200,10.0,0.15
16,2,Kellie Pickler,rank,0.49509339655318335,0.038354798648457374,0.0385858396940703,2.94715600552929e-05,0.16408370753488655,0.16405423597483126,4.251559269313308,1181.6953969653187,0.9847461641377655,0.5058333333333334,0.5282839645178248,True,12,False,1200,10.0,0.15
16,2,Lisa Vanderpump,rank,3.7540755968246655e-10,0.018053429849118733,0.017524594582085846,5.348821036174871e-09,0.08719828396164415,0.08719827861282312,4.97548189902525,1181.6953969653187,0.9847461641377655,0.5058333333333334,0.5282839645178248,True,12,False,1200,10.0,0.15
16,2,Sean Lowe,rank,2.496991973043945e-07,0.13115757894397012,0.13335997983353456,0.013476756195621305,0.3405806428142219,0.32710388661860057,2.452770570723926,1181.6953969653187,0.9847461641377655,0.5058333333333334,0.5282839645178248,True,12,False,1200,10.0,0.15
16,2,Victor Ortiz,rank,3.7540755968246655e-10,0.05332447043304543,0.055276308389994935,0.00030302749969149325,0.19929835913295668,0.1989953316332652,3.599946115851091,1181.6953969653187,0.9847461641377655,0.5058333333333334,0.5282839645178248,True,12,False,1200,10.0,0.15
16,2,Wynonna Judd,rank,3.7540755968246655e-10,0.012180219378736794,0.011977085665248464,2.3202178639183357e-13,0.06724189171033575,0.06724189171010372,5.613742762350574,1181.6953969653187,0.9847461641377655,0.5058333333333334,0.5282839645178248,True,12,False,1200,10.0,0.15
16,2,Zendaya,rank,0.49509339655318335,0.03991598116753684,0.04100934367655214,5.233520929842084e-05,0.16274963709406393,0.1626973018847655,3.9672260044430807,1181.6953969653187,0.9847461641377655,0.5058333333333334,0.5282839645178248,True,12,False,1200,10.0,0.15
16,3,Alexandra Raisman,rank,6.01965140509258e-05,0.18792630336095179,0.18159336684333632,0.041224850900748546,0.402931930493763,0.36170707959301446,1.9918408587258853,1176.7727627112351,0.9806439689260293,0.5091666666666667,0.536203207268348,True,11,False,1200,10.0,0.15
16,3,Andy Dick,rank,1.360639509070558e-10,0.08675702756247872,0.09111943914070984,0.0029641831123920284,0.2630718061791412,0.26010762306674917,2.8545475144724253,1176.7727627112351,0.9806439689260293,0.5091666666666667,0.536203207268348,True,11,False,1200,10.0,0.15
16,3,D. L. Hughley,rank,6.774225226211271e-12,0.02540065586347927,0.02606865752217925,1.6757924454301546e-06,0.13347796502287854,0.13347628923043311,5.119986295058754,1176.7727627112351,0.9806439689260293,0.5091666666666667,0.536203207268348,True,11,False,1200,10.0,0.15
16,3,Ingo Rademacher,rank,2.460093943184244e-07,0.1695505974672544,0.17479139085539253,0.027157728657648417,0.4007874298125865,0.3736297011549381,2.1375627355772346,1176.7727627112351,0.9806439689260293,0.5091666666666667,0.536203207268348,True,11,False,1200,10.0,0.15
16,3,Jacoby Jones,rank,0.4877774055021226,0.028323376154977487,0.02639801061279907,1.3839788859869528e-06,0.11828617449582218,0.11828479051693619,4.480652409737962,1176.7727627112351,0.9806439689260293,0.5091666666666667,0.536203207268348,True,11,False,1200,10.0,0.15
16,3,Kellie Pickler,rank,0.024285007036033472,0.255830379705857,0.25638651157242076,0.07167892324669321,0.48726014298960135,0.4155812197429081,1.6209105396520866,1176.7727627112351,0.9806439689260293,0.5091666666666667,0.536203207268348,True,11,False,1200,10.0,0.15
16,3,Lisa Vanderpump,rank,2.460093943184244e-07,0.017374735887894687,0.019999396381330338,2.362778303611115e-09,0.10953846333820101,0.1095384609754227,5.476814503420191,1176.7727627112351,0.9806439689260293,0.5091666666666667,0.536203207268348,True,11,False,1200,10.0,0.15
16,3,Sean Lowe,rank,2.460093943184244e-07,0.12622701886448623,0.12319378875148249,0.011843080292068603,0.31515758456061,0.3033145042685414,2.462072522242881,1176.7727627112351,0.9806439689260293,0.5091666666666667,0.536203207268348,True,11,False,1200,10.0,0.15
16,3,Victor Ortiz,rank,9.924727313776049e-05,0.05129892245555497,0.052374849063577096,0.0002987065899288337,0.19655620372299873,0.1962574971330699,3.747099104681629,1176.7727627112351,0.9806439689260293,0.5091666666666667,0.536203207268348,True,11,False,1200,10.0,0.15
16,3,Wynonna Judd,rank,1.511533959606054e-12,0.011722332576654686,0.007241062076557645,3.436880400331972e-14,0.042751919086961236,0.04275191908692687,5.903279844191567,1176.7727627112351,0.9806439689260293,0.5091666666666667,0.536203207268348,True,11,True,1200,10.0,0.15
16,3,Zendaya,rank,0.4877774055021226,0.039588650100410926,0.040833527180214754,3.947858108689047e-05,0.1631812164015979,0.16314173782051103,3.9951910573255485,1176.7727627112351,0.9806439689260293,0.5091666666666667,0.536203207268348,True,11,False,1200,10.0,0.15
16,4,Alexandra Raisman,rank,0.7864042519721175,0.006947720822012784,0.005483208131008121,6.517423821656856e-20,0.032812185151968855,0.032812185151968855,5.983030615932739,1162.3017280602965,0.9685847733835804,0.5191666666666667,0.5634272464457615,True,10,False,1200,10.0,0.15
16,4,Andy Dick,rank,2.4056288553077325e-07,0.08136145034646561,0.08426087077210569,0.003939703363615916,0.2407994953356241,0.23685979197200818,2.8109961219899593,1162.3017280602965,0.9685847733835804,0.5191666666666667,0.5634272464457615,True,10,False,1200,10.0,0.15
16,4,D. L. Hughley,rank,2.4056288553077325e-07,0.023820942899606953,0.024285109961398085,2.3825491281026548e-07,0.12191775915780229,0.12191752090288947,5.020051424319212,1162.3017280602965,0.9685847733835804,0.5191666666666667,0.5634272464457615,True,10,False,1200,10.0,0.15
16,4,Ingo Rademacher,rank,2.1654780852856014e-05,0.1589920978056026,0.16146859248527137,0.02221599214919368,0.37452775562695084,0.35231176347775717,2.1819078010610182,1162.3017280602965,0.9685847733835804,0.5191666666666667,0.5634272464457615,True,10,False,1200,10.0,0.15
16,4,Jacoby Jones,rank,0.0007171078550087636,0.19681388704906447,0.19758519699485527,0.04360313375866455,0.4221524422250498,0.37854930846638524,1.915869196451217,1162.3017280602965,0.9685847733835804,0.5191666666666667,0.5634272464457615,True,10,False,1200,10.0,0.15
16,4,Kellie Pickler,rank,0.10642824217912306,0.17114905280728965,0.17143605100227458,0.026481796890845514,0.3761296911380595,0.349647894247214,2.039511833661762,1162.3017280602965,0.9685847733835804,0.5191666666666667,0.5634272464457615,True,10,False,1200,10.0,0.15
16,4,Lisa Vanderpump,rank,8.069985775596433e-11,0.01629420207269243,0.010626733980576009,2.651543921338898e-10,0.05907752090169415,0.05907752063653976,5.558806867438909,1162.3017280602965,0.9685847733835804,0.5191666666666667,0.5634272464457615,True,10,True,1200,10.0,0.15
16,4,Sean Lowe,rank,1.9746604127754645e-08,0.11837695832386369,0.11759009293790731,0.010430620608390317,0.3187608151606831,0.30833019455229277,2.6220539910714424,1162.3017280602965,0.9685847733835804,0.5191666666666667,0.5634272464457615,True,10,False,1200,10.0,0.15
16,4,Victor Ortiz,rank,8.069985775596433e-11,0.04812823402073754,0.05371488214803839,0.00013642810893971593,0.1970928526927184,0.19695642458377868,3.6666329716223633,1162.3017280602965,0.9685847733835804,0.5191666666666667,0.5634272464457615,True,10,False,1200,10.0,0.15
16,4,Zendaya,rank,0.10642824217912306,0.17811545385266433,0.17354926158656492,0.03269156323946119,0.38757624385702116,0.35488468061755996,2.044852467367486,1162.3017280602965,0.9685847733835804,0.5191666666666667,0.5634272464457615,True,10,False,1200,10.0,0.15
16,5,Alexandra Raisman,rank,0.0003247280210417106,0.16888332956303087,0.16732181488356984,0.03399343278793336,0.3806937063908448,0.34670027360291145,2.072044232845114,1152.4304395526603,0.960358699627217,0.5833333333333334,0.6462764769869784,True,9,False,1200,10.0,0.15
16,5,Andy Dick,rank,2.7002067539385003e-10,0.07805060572922709,0.07628053436165352,0.0023042680570569546,0.23954521577708013,0.2372409477200232,3.110070473874519,1152.4304395526603,0.960358699627217,0.5833333333333334,0.6462764769869784,True,9,False,1200,10.0,0.15
16,5,D. L. Hughley,rank,2.7002067539385003e-10,0.02285159635722275,0.015122607877730277,2.1457752428625052e-07,0.07245729834672787,0.07245708376920358,4.790991961375675,1152.4304395526603,0.960358699627217,0.5833333333333334,0.6462764769869784,True,9,True,1200,10.0,0.15
16,5,Ingo Rademacher,rank,1.089341152922344e-07,0.15253558901510786,0.1590803329541413,0.023490914819358444,0.37133928224612134,0.3478483674267629,2.186607070529374,1152.4304395526603,0.960358699627217,0.5833333333333334,0.6462764769869784,True,9,False,1200,10.0,0.15
16,5,Jacoby Jones,rank,0.0023994335643719323,0.1875031614544859,0.1879110368648074,0.038130146414914814,0.43792997366548303,0.39979982725056823,2.127590301935808,1152.4304395526603,0.960358699627217,0.5833333333333334,0.6462764769869784,True,9,False,1200,10.0,0.15
16,5,Kellie Pickler,rank,0.02923108490707027,0.22552307430093432,0.22914418916696147,0.053315101323340476,0.46332005818956545,0.41000495686622496,1.7892802303935087,1152.4304395526603,0.960358699627217,0.5833333333333334,0.6462764769869784,True,9,False,1200,10.0,0.15
16,5,Sean Lowe,rank,4.394715870254463e-05,0.11353921775235344,0.11077473180634116,0.0076444429414280046,0.3081045367604702,0.3004600938190422,2.7123277717930896,1152.4304395526603,0.960358699627217,0.5833333333333334,0.6462764769869784,True,9,False,1200,10.0,0.15
16,5,Victor Ortiz,rank,1.089341152922344e-07,0.04616968366417053,0.04867774582817628,0.0001374612569662397,0.19086948964791914,0.1907320283909529,3.918178768701005,1152.4304395526603,0.960358699627217,0.5833333333333334,0.6462764769869784,True,9,False,1200,10.0,0.15
16,5,Zendaya,rank,0.9680005879405416,0.004943742163467035,0.005687006256618446,9.938540574408013e-28,0.03592171073949041,0.03592171073949041,6.315343042686117,1152.4304395526603,0.960358699627217,0.5833333333333334,0.6462764769869784,True,9,False,1200,10.0,0.15
16,6,Alexandra Raisman,rank,0.0737947985679407,0.13176238490102518,0.1336635861565531,0.014435610435980878,0.336995382877865,0.32255977244188416,2.4132029411596707,1111.5551094840946,0.9262959245700788,0.5441666666666667,0.6447079139934506,True,8,False,1200,10.0,0.15
16,6,Andy Dick,rank,6.136249432970555e-08,0.08237288698288824,0.08578664405125397,0.0031922222698612347,0.2500747106722977,0.24688248840243646,2.8778327127731367,1111.5551094840946,0.9262959245700788,0.5441666666666667,0.6447079139934506,True,8,False,1200,10.0,0.15
16,6,Ingo Rademacher,rank,2.4755397053137906e-05,0.16096642108761405,0.1679766362103083,0.029065740758253158,0.3788610941418087,0.34979535338355555,2.082392402198178,1111.5551094840946,0.9262959245700788,0.5441666666666667,0.6447079139934506,True,8,False,1200,10.0,0.15
16,6,Jacoby Jones,rank,3.3502786718212257e-06,0.19984609124356667,0.20269029088454762,0.037587764798304675,0.42337348335146413,0.38578571855315946,1.9033166983622494,1111.5551094840946,0.9262959245700788,0.5441666666666667,0.6447079139934506,True,8,False,1200,10.0,0.15
16,6,Kellie Pickler,rank,0.899004687885267,0.006658099374666127,0.007442952624952701,1.196174617694335e-21,0.04139125108391007,0.04139125108391007,5.560386150922484,1111.5551094840946,0.9262959245700788,0.5441666666666667,0.6447079139934506,True,8,False,1200,10.0,0.15
16,6,Sean Lowe,rank,2.4755397053137906e-05,0.11983627173651926,0.12268848036062972,0.011597083522415775,0.3039106846533932,0.29231360113097743,2.382548204391768,1111.5551094840946,0.9262959245700788,0.5441666666666667,0.6447079139934506,True,8,False,1200,10.0,0.15
16,6,Victor Ortiz,rank,1.8529867690239632e-09,0.04872649903142825,0.0314453923784009,0.0001508660896006941,0.11646290789465123,0.11631204180505055,3.698740396209646,1111.5551094840946,0.9262959245700788,0.5441666666666667,0.6447079139934506,True,8,True,1200,10.0,0.15
16,6,Zendaya,rank,0.027147589258533177,0.24983134564229217,0.24830601733335395,0.07058726454340045,0.4866449065037548,0.41605764196035433,1.6755774622422126,1111.5551094840946,0.9262959245700788,0.5441666666666667,0.6447079139934506,True,8,False,1200,10.0,0.15
16,7,Alexandra Raisman,rank,0.9084727083094468,0.0041612259776282285,0.004076055085371648,1.894399480164293e-33,0.021643333436819602,0.021643333436819602,5.308570275264427,1063.7865950087735,0.8864888291739779,0.4975,0.6339172624475924,True,7,False,1200,10.0,0.15
16,7,Andy Dick,rank,3.761020431617194e-08,0.08049869427001813,0.05327661143110872,0.0012974321332639635,0.1636854305643512,0.16238799843108723,3.0479594349132006,1063.7865950087735,0.8864888291739779,0.4975,0.6339172624475924,True,7,True,1200,10.0,0.15
16,7,Ingo Rademacher,rank,9.202913566976232e-06,0.1573140703276146,0.16538269359274185,0.024844993123430793,0.3792164986047042,0.3543715054812734,2.1427233712285743,1063.7865950087735,0.8864888291739779,0.4975,0.6339172624475924,True,7,False,1200,10.0,0.15
16,7,Jacoby Jones,rank,0.00030475864210719914,0.1950571646855076,0.20328476606143747,0.041834810395101917,0.4396488762564807,0.3978140658613788,1.956920415869897,1063.7865950087735,0.8864888291739779,0.4975,0.6339172624475924,True,7,False,1200,10.0,0.15
16,7,Kellie Pickler,rank,0.016639258065666167,0.24495719230216362,0.245292178543922,0.07060229684748413,0.479432243498229,0.40882994665074485,1.6666992089938617,1063.7865950087735,0.8864888291739779,0.4975,0.6339172624475924,True,7,False,1200,10.0,0.15
16,7,Sean Lowe,rank,2.0534475780315644e-06,0.11712061296806164,0.12369229150872793,0.012858286303128684,0.30557166413898157,0.2927133778358529,2.3664450534506045,1063.7865950087735,0.8864888291739779,0.4975,0.6339172624475924,True,7,False,1200,10.0,0.15
16,7,Zendaya,rank,0.07457198101143056,0.2008910394690063,0.20499540377669012,0.04483053533367274,0.42342105225182297,0.3785905169181502,1.846815407213496,1063.7865950087735,0.8864888291739779,0.4975,0.6339172624475924,True,7,False,1200,10.0,0.15
16,8,Alexandra Raisman,rank,0.06728410131609189,0.1704479222693313,0.17123390841881536,0.02794978664066418,0.36440604273047017,0.336456256089806,1.964881221922831,990.3800838871697,0.8253167365726414,0.48083333333333333,0.6618899510484422,True,6,False,1200,10.0,0.15
16,8,Ingo Rademacher,rank,6.135515855868709e-05,0.2026951401396131,0.22012850451717414,0.04880243661746188,0.4380985916028708,0.3892961549854089,1.7684869451702085,990.3800838871697,0.8253167365726414,0.48083333333333333,0.6618899510484422,True,6,False,1200,10.0,0.15
16,8,Jacoby Jones,rank,0.0020318038056681515,0.24960118197219577,0.2700839440108916,0.0804796636720625,0.5089508581736414,0.4284711945015789,1.5864312469202289,990.3800838871697,0.8253167365726414,0.48083333333333333,0.6618899510484422,True,6,False,1200,10.0,0.15
16,8,Kellie Pickler,rank,0.1109327290197832,0.21422445377376037,0.22433886225234975,0.05038280848684512,0.4454686698503856,0.39508586136354046,1.7611041452772502,990.3800838871697,0.8253167365726414,0.48083333333333333,0.6618899510484422,True,6,False,1200,10.0,0.15
16,8,Sean Lowe,rank,1.8527652479338203e-06,0.1509393922322379,0.10259968232420758,0.012170780988368006,0.24373205291344413,0.2315612719250761,2.256917465649657,990.3800838871697,0.8253167365726414,0.48083333333333333,0.6618899510484422,True,6,True,1200,10.0,0.15
16,8,Zendaya,rank,0.8196881579346501,0.012091909612861537,0.0116150984765616,7.231691562619505e-13,0.06275898196557299,0.06275898196484982,5.402759118432221,990.3800838871697,0.8253167365726414,0.48083333333333333,0.6618899510484422,True,6,False,1200,10.0,0.15
16,9,Alexandra Raisman,rank,0.4677511567448727,0.0371925102252609,0.04095004949610233,2.5777517354329587e-05,0.16349994338540827,0.16347416586805394,3.991940814205829,971.5105525944716,0.8095921271620596,0.6066666666666667,0.8005145404471118,True,5,False,1200,10.0,0.15
16,9,Ingo Rademacher,rank,3.501203001444239e-05,0.22956808375403473,0.1725854363814481,0.04050277362136721,0.35469592551189894,0.3141931518905317,1.8204973605000248,971.5105525944716,0.8095921271620596,0.6066666666666667,0.8005145404471118,True,5,True,1200,10.0,0.15
16,9,Jacoby Jones,rank,0.4677511567448727,0.04164686636501916,0.03905159530409794,7.906414413330551e-05,0.14828297622164352,0.1482039120775102,3.7949824057393333,971.5105525944716,0.8095921271620596,0.6066666666666667,0.8005145404471118,True,5,False,1200,10.0,0.15
16,9,Kellie Pickler,rank,0.06330323528232057,0.2950851223199208,0.3223447579107257,0.11340843174537757,0.5605414240417727,0.4471329922963951,1.3871223098900824,971.5105525944716,0.8095921271620596,0.6066666666666667,0.8005145404471118,True,5,False,1200,10.0,0.15
16,9,Zendaya,rank,0.0011594391979195603,0.3965074173357645,0.4250681609076267,0.19102645717523797,0.6568540500198028,0.4658275928445648,1.0958865890197935,971.5105525944716,0.8095921271620596,0.6066666666666667,0.8005145404471118,True,5,False,1200,10.0,0.15
16,10,Alexandra Raisman,rank,0.024278097162808404,0.3715181842902299,0.37197688142771135,0.14931825009481817,0.6157986217022048,0.46648037160738665,1.2540540577761223,1199.9999999999998,0.9999999999999998,,,False,4,True,1200,10.0,0.15
16,10,Jacoby Jones,rank,0.0004446688605396006,0.4588480024865085,0.4577707068163615,0.2234879332455773,0.7034062692993783,0.479918336053801,1.0483792006095385,1199.9999999999998,0.9999999999999998,,,False,4,True,1200,10.0,0.15
16,10,Kellie Pickler,rank,0.48763861698832595,0.08312515558735624,0.0825428686623646,0.0029748950594645223,0.25089356525404455,0.24791867019458003,3.003477716905424,1199.9999999999998,0.9999999999999998,,,False,4,True,1200,10.0,0.15
16,10,Zendaya,rank,0.48763861698832595,0.08650865763590528,0.08770954309356277,0.0033268520198828817,0.2542898637026074,0.25096301168272456,2.8612639123100263,1199.9999999999998,0.9999999999999998,,,False,4,True,1200,10.0,0.15
17,1,Amber Riley,rank,0.998874461461231,0.0026189455743282804,0.002207714113435232,2.77072384763524e-52,0.007209554541937701,0.007209554541937701,3.2641411118275596,1199.9999999999998,0.9999999999999998,,,False,12,False,1200,10.0,0.15
17,1,Bill Engvall,rank,6.906617683147374e-13,0.17815593707897714,0.18109042110255416,0.031476657875041066,0.3992641732141972,0.36778751533915616,2.030949412732665,1199.9999999999998,0.9999999999999998,,,False,12,False,1200,10.0,0.15
17,1,Bill Nye,rank,4.653642389199347e-15,0.011639175367093494,0.011545636902443772,3.3034400420665747e-13,0.06616013269628106,0.06616013269595071,5.729818409891139,1199.9999999999998,0.9999999999999998,,,False,12,False,1200,10.0,0.15
17,1,Brant Daugherty,rank,1.853303048132855e-07,0.06534541205462321,0.06706924720081771,0.0009686316323910512,0.2247181103979374,0.22374947876554635,3.336046728672538,1199.9999999999998,0.9999999999999998,,,False,12,False,1200,10.0,0.15
17,1,Christina Milian,rank,1.853303048132855e-07,0.05378294085274307,0.053584617249538925,0.00042831121802715136,0.18536135149195138,0.18493304027392424,3.4511693578656217,1199.9999999999998,0.9999999999999998,,,False,12,False,1200,10.0,0.15
17,1,Corbin Bleu,rank,0.0005524618523740415,0.21978009564119844,0.21808779850606375,0.05618795766725439,0.45448959514120973,0.39830163747395536,1.8263278086833101,1199.9999999999998,0.9999999999999998,,,False,12,False,1200,10.0,0.15
17,1,Elizabeth Berkley Lauren,rank,0.0005524618523740415,0.09800879004086238,0.09747849902569362,0.005673583538405866,0.2841940010390453,0.27852041750063944,2.857220444138999,1199.9999999999998,0.9999999999999998,,,False,12,False,1200,10.0,0.15
17,1,Jack Osbourne,rank,1.0118691787884115e-05,0.19447490871211906,0.19164372724393025,0.03807662670356559,0.409846540260182,0.3717699135566164,1.93989116686429,1199.9999999999998,0.9999999999999998,,,False,12,False,1200,10.0,0.15
17,1,Keyshawn Johnson,rank,2.5408026536610576e-13,0.007932178799597284,0.008663627846393468,1.3520636065613769e-17,0.052831580884492614,0.0528315808844926,6.09738604139623,1199.9999999999998,0.9999999999999998,,,False,12,False,1200,10.0,0.15
17,1,Leah Remini,rank,3.394442938099171e-09,0.11015977245818083,0.11450332117842699,0.008458469539686363,0.3138994514102922,0.3054409818706058,2.667506158083333,1199.9999999999998,0.9999999999999998,,,False,12,False,1200,10.0,0.15
17,1,"Nicole ""Snooki"" Polizzi",rank,1.0118691787884115e-05,0.04339439370295652,0.039347894321167906,7.182483944871117e-05,0.1529346433208318,0.15286281848138308,3.8848059422892063,1199.9999999999998,0.9999999999999998,,,False,12,False,1200,10.0,0.15
17,1,Valerie Harper,rank,3.394442938099171e-09,0.014707449717320293,0.014777495309534407,6.223571323371702e-11,0.08436702976154523,0.08436702969930951,5.708769934438439,1199.9999999999998,0.9999999999999998,,,False,12,False,1200,10.0,0.15
17,2,Amber Riley,rank,0.0008674136739651733,0.1711187327688368,0.17435029729039275,0.02839863463736013,0.3949820058571946,0.3665833712198345,2.1025560286440967,1181.5821495168084,0.984651791264007,0.43666666666666665,0.4559716832386294,True,12,False,1200,10.0,0.15
17,2,Bill Engvall,rank,8.786981705999348e-09,0.19218620045254783,0.18950372693136888,0.03568818579617982,0.4112703488493095,0.3755821630531297,1.981914483796231,1181.5821495168084,0.984651791264007,0.43666666666666665,0.4559716832386294,True,12,False,1200,10.0,0.15
17,2,Bill Nye,rank,1.0843996908506168e-12,0.012555792457355058,0.012285305268330327,1.308436645930952e-12,0.06665697791351258,0.06665697791220414,5.4253069947742425,1181.5821495168084,0.984651791264007,0.43666666666666665,0.4559716832386294,True,12,False,1200,10.0,0.15
17,2,Brant Daugherty,rank,1.5887235619496318e-05,0.07048699188043689,0.0672489645671227,0.0014985423077499378,0.23435131180255317,0.23285276949480324,3.4624965380077057,1181.5821495168084,0.984651791264007,0.43666666666666665,0.4559716832386294,True,12,False,1200,10.0,0.15
17,2,Christina Milian,rank,0.028724795848506495,0.051554884413765614,0.052279531587328475,0.00026441963096402935,0.18651918768685719,0.18625476805589317,3.5626027968896317,1181.5821495168084,0.984651791264007,0.43666666666666665,0.4559716832386294,True,12,False,1200,10.0,0.15
17,2,Corbin Bleu,rank,0.9512345969444612,0.004755260641080545,0.005031449470824369,3.99550596294321e-29,0.02659197803790758,0.02659197803790758,5.28410234262154,1181.5821495168084,0.984651791264007,0.43666666666666665,0.4559716832386294,True,12,False,1200,10.0,0.15
17,2,Elizabeth Berkley Lauren,rank,0.017422469376105355,0.0986416541832108,0.09667945418845852,0.0060194711193157615,0.2618015937305535,0.2557821226112377,2.645644610984589,1181.5821495168084,0.984651791264007,0.43666666666666665,0.4559716832386294,True,12,False,1200,10.0,0.15
17,2,Jack Osbourne,rank,0.0008674136739651733,0.20905209709780398,0.2118738950233648,0.04824288680659518,0.45802751121169893,0.40978462440510377,1.9340876811285934,1181.5821495168084,0.984651791264007,0.43666666666666665,0.4559716832386294,True,12,False,1200,10.0,0.15
17,2,Keyshawn Johnson,rank,4.859942242363186e-12,0.00855685970867898,0.005304728885897043,1.4052629998227453e-16,0.029410403085006507,0.029410403085006365,5.543140955275917,1181.5821495168084,0.984651791264007,0.43666666666666665,0.4559716832386294,True,12,True,1200,10.0,0.15
17,2,Leah Remini,rank,0.0008674136739651733,0.11841205505794634,0.11930589524681764,0.012378429924523308,0.31523452294853865,0.30285609302401534,2.53846261272224,1181.5821495168084,0.984651791264007,0.43666666666666665,0.4559716832386294,True,12,False,1200,10.0,0.15
17,2,"Nicole ""Snooki"" Polizzi",rank,7.212793812451804e-10,0.046813769264363904,0.04922741995071983,0.00013516526607912181,0.1923686739634776,0.19223350869739847,3.904929487678744,1181.5821495168084,0.984651791264007,0.43666666666666665,0.4559716832386294,True,12,False,1200,10.0,0.15
17,2,Valerie Harper,rank,5.92062170169572e-11,0.015865702073973156,0.016909331589374736,1.8341425914218785e-10,0.09933047972202307,0.09933047953860881,5.87395220570489,1181.5821495168084,0.984651791264007,0.43666666666666665,0.4559716832386294,True,12,False,1200,10.0,0.15
17,3,Amber Riley,rank,3.5935155631712097e-06,0.14934177634268092,0.1505270936156284,0.020613668985137508,0.36317826506824463,0.34256459608310713,2.275751906868903,1173.017502084538,0.9775145850704483,0.5366666666666666,0.5713003622857822,True,11,False,1200,10.0,0.15
17,3,Bill Engvall,rank,3.5935155631712097e-06,0.16713097216957568,0.16401805178017245,0.02809671533872151,0.3753576982442938,0.34726098290557234,2.1171990639903893,1173.017502084538,0.9775145850704483,0.5366666666666666,0.5713003622857822,True,11,False,1200,10.0,0.15
17,3,Bill Nye,rank,8.12252890187997e-12,0.010919060405856424,0.007593466608513037,3.5139076555250954e-14,0.04530741596977813,0.04530741596974299,5.965845701257745,1173.017502084538,0.9775145850704483,0.5366666666666666,0.5713003622857822,True,11,True,1200,10.0,0.15
17,3,Brant Daugherty,rank,0.9642742152918944,0.0011627054064773823,0.0011487757281434755,8.189796148944267e-121,0.0011535224555012566,0.0011535224555012566,1.0032586592898696,1173.017502084538,0.9775145850704483,0.5366666666666666,0.5713003622857822,True,11,False,1200,10.0,0.15
17,3,Christina Milian,rank,0.017661298317003856,0.04692110619180967,0.048422340518162126,0.0001236581742324796,0.1777381877233791,0.1776145295491466,3.6679528435781665,1173.017502084538,0.9775145850704483,0.5366666666666666,0.5713003622857822,True,11,False,1200,10.0,0.15
17,3,Corbin Bleu,rank,0.017661298317003856,0.1921756304608206,0.18710403332808107,0.0359339933941633,0.4256099885255308,0.38967599513136747,2.0826590722874165,1173.017502084538,0.9775145850704483,0.5366666666666666,0.5713003622857822,True,11,False,1200,10.0,0.15
17,3,Elizabeth Berkley Lauren,rank,0.00019619930186446052,0.09207978596345365,0.09745128967365246,0.004302632179330944,0.28268213529124786,0.2783795031119169,2.8565722164574296,1173.017502084538,0.9775145850704483,0.5366666666666666,0.5713003622857822,True,11,False,1200,10.0,0.15
17,3,Jack Osbourne,rank,8.907434524095071e-09,0.18245034431513923,0.17745030174866538,0.0359101610601559,0.38482252523924676,0.3489123641790909,1.9662429113835174,1173.017502084538,0.9775145850704483,0.5366666666666666,0.5713003622857822,True,11,False,1200,10.0,0.15
17,3,Leah Remini,rank,3.5935155631712097e-06,0.10334266948218968,0.10895233424743542,0.005347617890789523,0.31378556514002764,0.3084379472492381,2.830917928117452,1173.017502084538,0.9775145850704483,0.5366666666666666,0.5713003622857822,True,11,False,1200,10.0,0.15
17,3,"Nicole ""Snooki"" Polizzi",rank,0.00019619930186446052,0.04067844823154953,0.04142037539063625,7.226785427572017e-05,0.15610628305210417,0.15603401519782845,3.7669926149555533,1173.017502084538,0.9775145850704483,0.5366666666666666,0.5713003622857822,True,11,False,1200,10.0,0.15
17,3,Valerie Harper,rank,8.12252890187997e-12,0.01379750103044721,0.01591193736090988,9.546699211960419e-11,0.09255623788259092,0.09255623778712392,5.81641438584986,1173.017502084538,0.9775145850704483,0.5366666666666666,0.5713003622857822,True,11,False,1200,10.0,0.15
17,4,Amber Riley,rank,0.33332109460141107,0.05174193216647242,0.048063664048782206,0.0003784423649498529,0.18114776382298778,0.18076932145803792,3.7609608854140735,1164.4324972705017,0.9703604143920848,0.65,0.702849112586309,True,10,False,1200,10.0,0.15
17,4,Bill Engvall,rank,1.1327143493428477e-09,0.22801625557918273,0.2309697563073594,0.06174762079049526,0.45949001712602805,0.39774239633553277,1.722046559895425,1164.4324972705017,0.9703604143920848,0.65,0.702849112586309,True,10,False,1200,10.0,0.15
17,4,Brant Daugherty,rank,1.1327143493428477e-09,0.08363362891514531,0.08497405632556836,0.0031308130169130717,0.24555852039120135,0.2424277073742883,2.852927880923847,1164.4324972705017,0.9703604143920848,0.65,0.702849112586309,True,10,False,1200,10.0,0.15
17,4,Christina Milian,rank,9.178479438694038e-06,0.06883257195158958,0.07119483951873815,0.0014305004360463305,0.23148569574846786,0.23005519531242152,3.231301110676178,1164.4324972705017,0.9703604143920848,0.65,0.702849112586309,True,10,False,1200,10.0,0.15
17,4,Corbin Bleu,rank,0.33332109460141107,0.07159668557927862,0.07299709372877022,0.001745485415171839,0.2299119972032852,0.22816651178811337,3.125650275689154,1164.4324972705017,0.9703604143920848,0.65,0.702849112586309,True,10,False,1200,10.0,0.15
17,4,Elizabeth Berkley Lauren,rank,0.33332109460141107,0.03192784362063852,0.032368858167859345,9.081874377941362e-06,0.14415724052055515,0.1441481586461772,4.453160032357036,1164.4324972705017,0.9703604143920848,0.65,0.702849112586309,True,10,False,1200,10.0,0.15
17,4,Jack Osbourne,rank,9.178479438694038e-06,0.24890336443422842,0.25153669210710694,0.07081632961547328,0.48855907628800666,0.41774274667253336,1.660756060744387,1164.4324972705017,0.9703604143920848,0.65,0.702849112586309,True,10,False,1200,10.0,0.15
17,4,Leah Remini,rank,9.178479438694038e-06,0.14098475596590201,0.13885548377818457,0.015943719246742923,0.34019221720514947,0.32424849795840655,2.3351340112887726,1164.4324972705017,0.9703604143920848,0.65,0.702849112586309,True,10,False,1200,10.0,0.15
17,4,"Nicole ""Snooki"" Polizzi",rank,9.178479438694038e-06,0.05553935292618183,0.05760707583007134,0.00042051396995931297,0.21181672931308132,0.211396215343122,3.6695586911579063,1164.4324972705017,0.9703604143920848,0.65,0.702849112586309,True,10,False,1200,10.0,0.15
17,4,Valerie Harper,rank,1.258331978566708e-11,0.0188236088613807,0.01143248018755984,3.727434046036101e-09,0.06086007871443156,0.06086007498699751,5.322970258278501,1164.4324972705017,0.9703604143920848,0.65,0.702849112586309,True,10,True,1200,10.0,0.15
17,5,Amber Riley,rank,0.0065011055063061846,0.18112386591356797,0.18440429621828208,0.033899026465476254,0.415260735842316,0.3813617093768397,2.068062670637283,1160.2339093681085,0.9668615911400904,0.0,0.0,True,9,False,1200,10.0,0.15
17,5,Bill Engvall,rank,4.866196434400241e-07,0.2081901434132326,0.20855491837142348,0.046165709158711654,0.4539221211621527,0.40775641200344104,1.9551418880247524,1160.2339093681085,0.9668615911400904,0.0,0.0,True,9,False,1200,10.0,0.15
17,5,Brant Daugherty,rank,0.01767183696268714,0.07100969610768032,0.07405691432898708,0.0013777836141697789,0.2405125319457832,0.2391347483316134,3.2290235351390857,1160.2339093681085,0.9668615911400904,0.0,0.0,True,9,False,1200,10.0,0.15
17,5,Christina Milian,rank,0.3549483338146052,0.014602794264306848,0.008706233756629867,9.580628532142085e-12,0.05014489351944988,0.050144893509869254,5.758992455174171,1160.2339093681085,0.9668615911400904,0.0,0.0,True,9,True,1200,10.0,0.15
17,5,Corbin Bleu,rank,0.5852108679597091,0.023203917788030697,0.020436395487011122,9.0962901895203e-08,0.09890563055597602,0.09890553959307413,4.839439529167649,1160.2339093681085,0.9668615911400904,0.0,0.0,True,9,False,1200,10.0,0.15
17,5,Elizabeth Berkley Lauren,rank,0.0003236709843091628,0.1146395144031228,0.11777436700839444,0.008832766284906864,0.3029089822175571,0.2940762159326502,2.496924640546354,1160.2339093681085,0.9668615911400904,0.0,0.0,True,9,False,1200,10.0,0.15
17,5,Jack Osbourne,rank,0.01767183696268714,0.21134105377830245,0.20638918221835992,0.04866235501474767,0.4389610169903908,0.3902986619756431,1.8910718415990777,1160.2339093681085,0.9668615911400904,0.0,0.0,True,9,False,1200,10.0,0.15
17,5,Leah Remini,rank,2.4227365457094057e-08,0.1287311729732642,0.1279083334492874,0.013043813966176425,0.32436692590247923,0.3113231119363028,2.433935847689598,1160.2339093681085,0.9668615911400904,0.0,0.0,True,9,False,1200,10.0,0.15
17,5,"Nicole ""Snooki"" Polizzi",rank,0.01767183696268714,0.0471578413584922,0.05176935916162399,0.00017079349488162906,0.19771762147117536,0.19754682797629372,3.8158288096778357,1160.2339093681085,0.9668615911400904,0.0,0.0,True,9,False,1200,10.0,0.15
17,6,Amber Riley,rank,0.1620621438238491,0.09348946663052383,0.08958606543156378,0.004582222506723586,0.2661543376663954,0.2615721151596718,2.9197531351162374,1199.9999999999998,0.9999999999999998,,,False,8,False,1200,10.0,0.15
17,6,Bill Engvall,rank,1.8237691670594557e-08,0.20372774628061355,0.20730735654426094,0.04293643525602918,0.4422642478332373,0.3993278125772081,1.9262504379168646,1199.9999999999998,0.9999999999999998,,,False,8,False,1200,10.0,0.15
17,6,Brant Daugherty,rank,0.09829565900792288,0.04988019606851345,0.04989092304496624,0.00025237141848898087,0.16913600077545624,0.16888362935696724,3.384989374026673,1199.9999999999998,0.9999999999999998,,,False,8,False,1200,10.0,0.15
17,6,Corbin Bleu,rank,2.7067134355716862e-06,0.2518952794497962,0.25041695095486916,0.07167892369275879,0.4970236667833153,0.4253447430905565,1.6985393477930544,1199.9999999999998,0.9999999999999998,,,False,8,False,1200,10.0,0.15
17,6,Elizabeth Berkley Lauren,rank,0.7263121386909,0.005668228665553417,0.0059435883605913195,3.8478894565886106e-26,0.035541827414972305,0.035541827414972305,5.978854255172832,1199.9999999999998,0.9999999999999998,,,False,8,False,1200,10.0,0.15
17,6,Jack Osbourne,rank,4.46261601491686e-06,0.22239426851496874,0.22062495890801195,0.049454913732662864,0.45743170124836885,0.407976787515706,1.849178535177759,1199.9999999999998,0.9999999999999998,,,False,8,False,1200,10.0,0.15
17,6,Leah Remini,rank,2.0000057419168502e-05,0.12596132882096972,0.12801881535665832,0.011679834978036818,0.3318554699289945,0.3201756349509577,2.5009849768878403,1199.9999999999998,0.9999999999999998,,,False,8,False,1200,10.0,0.15
17,6,"Nicole ""Snooki"" Polizzi",rank,0.01330287085276674,0.04698348556906094,0.048211341399078386,0.0001282007667595499,0.18514803327842802,0.18501983251166848,3.8376031352670474,1199.9999999999998,0.9999999999999998,,,False,8,False,1200,10.0,0.15
17,7,Amber Riley,rank,0.37074523884935234,0.047224154689941,0.045572060652546875,7.855724167433297e-05,0.15962992849881358,0.15955137125713925,3.5010018851613522,1086.1809689601914,0.9051508074668262,0.5225,0.6452846321490222,True,8,False,1200,10.0,0.15
17,7,Bill Engvall,rank,5.646442478124282e-09,0.24272789832219369,0.2499595794740849,0.06930705993078494,0.4974850181191008,0.42817795818831583,1.7129819393489922,1086.1809689601914,0.9051508074668262,0.5225,0.6452846321490222,True,8,False,1200,10.0,0.15
17,7,Brant Daugherty,rank,0.011195536129532944,0.08502404398745363,0.08834440327312655,0.0033039322839906035,0.25534711540427873,0.2520431831202881,2.852929227580493,1086.1809689601914,0.9051508074668262,0.5225,0.6452846321490222,True,8,False,1200,10.0,0.15
17,7,Corbin Bleu,rank,0.6112555613017268,0.024305757662421344,0.023510554855061743,2.9651272352681884e-07,0.11877954544907018,0.11877924893634666,5.051952100512611,1086.1809689601914,0.9051508074668262,0.5225,0.6452846321490222,True,8,False,1200,10.0,0.15
17,7,Elizabeth Berkley Lauren,rank,6.192076048670044e-06,0.13383199948265515,0.13973123036599527,0.016250044914110754,0.3411451632797544,0.32489511836564366,2.325126547502021,1086.1809689601914,0.9051508074668262,0.5225,0.6452846321490222,True,8,False,1200,10.0,0.15
17,7,Jack Osbourne,rank,0.00679043591448224,0.2576763950520971,0.25735369327500357,0.07525695949492218,0.5115115779583418,0.4362546184634196,1.6951492623344062,1086.1809689601914,0.9051508074668262,0.5225,0.6452846321490222,True,8,False,1200,10.0,0.15
17,7,Leah Remini,rank,8.38006365869406e-07,0.15008626343065992,0.1551222974636189,0.020061506542326513,0.35507600484006374,0.3350144982977372,2.1596659159228366,1086.1809689601914,0.9051508074668262,0.5225,0.6452846321490222,True,8,False,1200,10.0,0.15
17,7,"Nicole ""Snooki"" Polizzi",rank,6.192076048670044e-06,0.05912348737257816,0.04040618064056217,0.00033386104668612157,0.1421970513750917,0.14186319032840558,3.5108410950601745,1086.1809689601914,0.9051508074668262,0.5225,0.6452846321490222,True,8,True,1200,10.0,0.15
17,8,Amber Riley,rank,0.002032042439665728,0.2385106098967385,0.2507454746057325,0.06557478621316114,0.48726211799163355,0.4216873317784724,1.6817278585532383,1042.4801384469104,0.8687334487057586,0.48583333333333334,0.6382440076854459,True,7,False,1200,10.0,0.15
17,8,Bill Engvall,rank,2.5077395937496585e-07,0.26916074383512617,0.2757264900104905,0.08164801270071723,0.5181635487342487,0.43651553603353155,1.583141151493178,1042.4801384469104,0.8687334487057586,0.48583333333333334,0.6382440076854459,True,7,False,1200,10.0,0.15
17,8,Brant Daugherty,rank,0.00016680020086366523,0.09865734559452906,0.06627076455393889,0.0035288876481017403,0.19167327553189145,0.1881443878837897,2.838982621786962,1042.4801384469104,0.8687334487057586,0.48583333333333334,0.6382440076854459,True,7,True,1200,10.0,0.15
17,8,Corbin Bleu,rank,0.49722439100470744,0.04307640227730672,0.04126096700735841,6.474339029463369e-05,0.15891864066885042,0.15885389727855578,3.849886682576881,1042.4801384469104,0.8687334487057586,0.48583333333333334,0.6382440076854459,True,7,False,1200,10.0,0.15
17,8,Elizabeth Berkley Lauren,rank,1.8529828539725785e-06,0.14840897899718514,0.15864608519287254,0.019863427924381175,0.3543708876219789,0.3345074596975977,2.108500507846872,1042.4801384469104,0.8687334487057586,0.48583333333333334,0.6382440076854459,True,7,False,1200,10.0,0.15
17,8,Jack Osbourne,rank,0.49722439100470744,0.038031733525458994,0.036507297436497985,1.6383590494513934e-05,0.1741725070986935,0.17415612350819898,4.7703162222539595,1042.4801384469104,0.8687334487057586,0.48583333333333334,0.6382440076854459,True,7,False,1200,10.0,0.15
17,8,Leah Remini,rank,0.0033502715932422675,0.16415418587365535,0.17084292119310868,0.027394619815171557,0.3698914497055868,0.34249682989041524,2.004735243130386,1042.4801384469104,0.8687334487057586,0.48583333333333334,0.6382440076854459,True,7,False,1200,10.0,0.15
17,9,Amber Riley,rank,9.62200752121694e-06,0.21941460772680146,0.22746702043556405,0.06064106442706887,0.45872569241108724,0.3980846279840184,1.7500685468741999,1006.185994615492,0.8384883288462432,0.2575,0.38709123473997076,True,6,False,1200,10.0,0.15
17,9,Bill Engvall,rank,4.790515462949288e-07,0.24555992495409293,0.2532744320122094,0.07119524519304728,0.4669468092208623,0.39575156402781503,1.562534355913121,1006.185994615492,0.8384883288462432,0.2575,0.38709123473997076,True,6,False,1200,10.0,0.15
17,9,Corbin Bleu,rank,0.9498438911282666,0.006110742605564311,0.005261548413920245,6.047687316268218e-24,0.028692264408691364,0.028692264408691364,5.4521616053537745,1006.185994615492,0.8384883288462432,0.2575,0.38709123473997076,True,6,False,1200,10.0,0.15
17,9,Elizabeth Berkley Lauren,rank,0.04728994274640093,0.11147023041774126,0.07373828122227817,0.00445555183841198,0.20375333820209646,0.19929778636368448,2.7027356798193534,1006.185994615492,0.8384883288462432,0.2575,0.38709123473997076,True,6,True,1200,10.0,0.15
17,9,Jack Osbourne,rank,0.0014280325331325582,0.26649526789412525,0.2778846615775629,0.08247930797750289,0.5030289822059063,0.4205496742284034,1.5133910538634265,1006.185994615492,0.8384883288462432,0.2575,0.38709123473997076,True,6,False,1200,10.0,0.15
17,9,Leah Remini,rank,0.0014280325331325582,0.1509492264016748,0.1623740563384657,0.021612833246329236,0.3836055365842911,0.36199270333796185,2.2293615257222728,1006.185994615492,0.8384883288462432,0.2575,0.38709123473997076,True,6,False,1200,10.0,0.15
17,10,Amber Riley,rank,0.9520631733055275,0.004761180223171036,0.0040119882041924175,7.760290193424901e-32,0.026636419752804088,0.026636419752804088,6.6375524665078,982.8464182789501,0.8190386818991251,0.53,0.7250681650444202,True,5,False,1200,10.0,0.15
17,10,Bill Engvall,rank,1.7664497884158349e-07,0.26717274351632925,0.28694939636130723,0.08941700198856516,0.5130820320288612,0.423665030040296,1.4764399541265927,982.8464182789501,0.8190386818991251,0.53,0.7250681650444202,True,5,False,1200,10.0,0.15
17,10,Corbin Bleu,rank,0.04740043429988779,0.2718435484825759,0.2787222362570276,0.08982244559858958,0.5244462748639139,0.43462382926532434,1.5593383425863045,982.8464182789501,0.8190386818991251,0.53,0.7250681650444202,True,5,False,1200,10.0,0.15
17,10,Jack Osbourne,rank,0.0005265712605486354,0.2910271167950898,0.31052201973275856,0.11025240326588215,0.5516259058422035,0.44137350257632135,1.4213873836347946,982.8464182789501,0.8190386818991251,0.53,0.7250681650444202,True,5,False,1200,10.0,0.15
17,10,Leah Remini,rank,9.644489057394365e-06,0.16519541098283394,0.11979435944471412,0.019719824252996992,0.2762513600525534,0.2565315357995564,2.1414146339946196,982.8464182789501,0.8190386818991251,0.53,0.7250681650444202,True,5,True,1200,10.0,0.15
17,11,Amber Riley,rank,0.950218769978041,0.0057617434359139305,0.0056650249166163395,2.310076568274447e-24,0.03243096013303111,0.03243096013303111,5.723758827449415,1199.9999999999998,0.9999999999999998,,,False,4,True,1200,10.0,0.15
17,11,Bill Engvall,rank,0.00011726631224247568,0.3207218841464738,0.3181059585255792,0.10731239562206449,0.563923046517901,0.4566106508958365,1.4353997567743246,1199.9999999999998,0.9999999999999998,,,False,4,True,1200,10.0,0.15
17,11,Corbin Bleu,rank,0.047308606865324315,0.32660931059623505,0.3253097490792458,0.11985866406062459,0.5703109260985813,0.45045226203795663,1.3846829940692378,1199.9999999999998,0.9999999999999998,,,False,4,True,1200,10.0,0.15
17,11,Jack Osbourne,rank,0.002355356844392299,0.3469070618213773,0.3509192674785591,0.13423209706287742,0.591559298985469,0.4573272019225916,1.303222538864997,1199.9999999999998,0.9999999999999998,,,False,4,True,1200,10.0,0.15
18,1,Amy Purdy,rank,0.0003337626825518138,0.16055841906235105,0.15941901928066163,0.020029159455193183,0.37265214770899685,0.35262298825380367,2.2119115895539125,1199.9999999999998,0.9999999999999998,,,False,12,False,1200,10.0,0.15
18,1,Billy Dee Williams,rank,7.642280444150231e-15,0.023081379486400495,0.021282704900008987,4.756476645828365e-08,0.1036657548318432,0.10366570726707675,4.870660806194177,1199.9999999999998,0.9999999999999998,,,False,12,False,1200,10.0,0.15
18,1,Candace Cameron Bure,rank,0.004066061864495662,0.18080133973390938,0.18380073705555366,0.031422166399470645,0.41107123037810395,0.3796490639786333,2.0655357781732238,1199.9999999999998,0.9999999999999998,,,False,12,False,1200,10.0,0.15
18,1,Charlie White,rank,0.9949325343293023,0.0015915321014474068,0.0018501272883789449,5.2144200311228226e-82,0.002344704773903955,0.002344704773903955,1.266636167390327,1199.9999999999998,0.9999999999999998,,,False,12,False,1200,10.0,0.15
18,1,Cody Simpson,rank,1.119649065846233e-07,0.013122105973840597,0.013652774703950075,2.4712994025904095e-11,0.08508102596749449,0.0850810259427815,6.23131901525864,1199.9999999999998,0.9999999999999998,,,False,12,False,1200,10.0,0.15
18,1,Danica McKellar,rank,0.0003337626825518138,0.08152860333836959,0.08360594674680807,0.0028385330689916955,0.23824556631378996,0.23540703324479825,2.81563963766905,1199.9999999999998,0.9999999999999998,,,False,12,False,1200,10.0,0.15
18,1,Diana Nyad,rank,2.530775709031107e-13,0.030190567610070686,0.030738815892325393,1.0159656051468182e-05,0.14201893837273477,0.1420087787166833,4.619701666857988,1199.9999999999998,0.9999999999999998,,,False,12,False,1200,10.0,0.15
18,1,Drew Carey,rank,1.2438177596532034e-09,0.012809279667674244,0.011503225374975508,1.5772137941111512e-12,0.06270097401649324,0.06270097401491603,5.45025605559727,1199.9999999999998,0.9999999999999998,,,False,12,False,1200,10.0,0.15
18,1,James Maslow,rank,1.2438177596532034e-09,0.19304269241779745,0.1969157167400329,0.03909792944344878,0.421160719581946,0.3820627901384972,1.9402252711885906,1199.9999999999998,0.9999999999999998,,,False,12,False,1200,10.0,0.15
18,1,Meryl Davis,rank,0.0003337626825518138,0.2057870362575812,0.19842890115998235,0.03751883822390549,0.43558730836143517,0.39806847013752966,2.0060911576859097,1199.9999999999998,0.9999999999999998,,,False,12,False,1200,10.0,0.15
18,1,NeNe Leakes,rank,1.2438177596532034e-09,0.03707653048466,0.0361490916557078,2.6807166791236092e-05,0.15471395830794166,0.15468715114115042,4.279025143681111,1199.9999999999998,0.9999999999999998,,,False,12,False,1200,10.0,0.15
18,1,Sean Avery,rank,6.19260398370174e-11,0.06041051386589789,0.06265293920161488,0.0007999096308673954,0.21438616780929978,0.21358625817843238,3.4089837111618877,1199.9999999999998,0.9999999999999998,,,False,12,False,1200,10.0,0.15
18,2,Amy Purdy,rank,0.04116913018404855,0.19467237720617153,0.19262851743432757,0.04021991368403913,0.4187661948262967,0.3785462811422575,1.965151998427831,1199.9999999999998,0.9999999999999998,,,False,12,False,1200,10.0,0.15
18,2,Billy Dee Williams,rank,1.1483997505957039e-11,0.03310222180098669,0.03250406760079028,1.4959723642985119e-05,0.142768243060778,0.14275328333713502,4.391723933337222,1199.9999999999998,0.9999999999999998,,,False,12,True,1200,10.0,0.15
18,2,Candace Cameron Bure,rank,9.305579561483629e-08,0.2636683901946616,0.2591342121715001,0.07564252713665673,0.5048773460284133,0.4292348188917565,1.6564125550320101,1199.9999999999998,0.9999999999999998,,,False,12,False,1200,10.0,0.15
18,2,Charlie White,rank,0.11190929847276394,0.08616302100795384,0.08520583758713196,0.004215479006504465,0.24703817885316023,0.24282269984665578,2.8498029820476187,1199.9999999999998,0.9999999999999998,,,False,12,False,1200,10.0,0.15
18,2,Cody Simpson,rank,8.37661577213524e-06,0.018818463657789584,0.018568547087596945,8.069172758193069e-09,0.10422575241710598,0.10422574434793322,5.6127240937151415,1199.9999999999998,0.9999999999999998,,,False,12,False,1200,10.0,0.15
18,2,Danica McKellar,rank,0.04116913018404855,0.09885104197504557,0.0990149246504052,0.005129070782964914,0.285121239409338,0.27999216862637305,2.82774886580052,1199.9999999999998,0.9999999999999998,,,False,12,False,1200,10.0,0.15
18,2,Diana Nyad,rank,,0.026740052754833883,0.027404456831689832,8.980201227022174e-07,0.13206538789916716,0.13206448987904446,4.818912185632094,1199.9999999999998,0.9999999999999998,,,False,12,True,1200,10.0,0.15
18,2,Drew Carey,rank,9.305579561483629e-08,0.018370455581395113,0.019204642413724132,2.0571636823419704e-08,0.099283994028678,0.09928397345704118,5.169521087516134,1199.9999999999998,0.9999999999999998,,,False,12,False,1200,10.0,0.15
18,2,James Maslow,rank,0.5015426798345866,0.03520381443506465,0.03715863220158128,9.298361865229238e-06,0.16832884185773944,0.16831954349587422,4.529634270403559,1199.9999999999998,0.9999999999999998,,,False,12,False,1200,10.0,0.15
18,2,Meryl Davis,rank,0.30420101247411385,0.08459891055287966,0.08401506481642641,0.0038156369116992706,0.2666022313640111,0.26278659445231184,3.127813651192731,1199.9999999999998,0.9999999999999998,,,False,12,False,1200,10.0,0.15
18,2,NeNe Leakes,rank,9.305579561483629e-08,0.0531733847688218,0.05381630859018319,0.0002748090202465367,0.20274969781868488,0.20247488879843833,3.76226337032714,1199.9999999999998,0.9999999999999998,,,False,12,False,1200,10.0,0.15
18,2,Sean Avery,rank,9.305579561483629e-08,0.08663786606439626,0.09134478861464317,0.0037578995939862568,0.2650068330069387,0.26124893341295247,2.8599997588840456,1199.9999999999998,0.9999999999999998,,,False,12,True,1200,10.0,0.15
18,3,Amy Purdy,rank,0.0001233484547697918,0.20585917490009542,0.20778163558497542,0.04813949681744381,0.4301332047082243,0.38199370789078047,1.8384294087681796,1199.9999999999998,0.9999999999999998,,,False,9,False,1200,10.0,0.15
18,3,Candace Cameron Bure,rank,3.773257854439381e-11,0.23551807115088477,0.23799171822542947,0.0590002835756125,0.5005987109320263,0.44159842735641386,1.8555123478111069,1199.9999999999998,0.9999999999999998,,,False,9,False,1200,10.0,0.15
18,3,Charlie White,rank,0.0001233484547697918,0.12187515623447187,0.11771054842520337,0.009075350030606595,0.31145896906592957,0.30238361903532296,2.5688526154038698,1199.9999999999998,0.9999999999999998,,,False,9,False,1200,10.0,0.15
18,3,Cody Simpson,rank,3.7248005832339137e-06,0.016809642379345024,0.016654955820799604,2.5336279997192324e-09,0.09034277987484515,0.09034277734121715,5.42405241183451,1199.9999999999998,0.9999999999999998,,,False,9,False,1200,10.0,0.15
18,3,Danica McKellar,rank,0.0001233484547697918,0.1045314914783527,0.10721872272536742,0.005519553308918261,0.2978073542937982,0.29228780098487994,2.72606376471935,1199.9999999999998,0.9999999999999998,,,False,9,False,1200,10.0,0.15
18,3,Drew Carey,rank,1.1394251418178084e-12,0.01640915038071106,0.017013308276063475,4.103017429944984e-10,0.0935783086879726,0.09357830827767086,5.4999772402925835,1199.9999999999998,0.9999999999999998,,,False,9,False,1200,10.0,0.15
18,3,James Maslow,rank,0.0001233484547697918,0.24716927106398415,0.24499593062238734,0.06806982356620588,0.4912136355193681,0.4231438119531622,1.7271392375333545,1199.9999999999998,0.9999999999999998,,,False,9,False,1200,10.0,0.15
18,3,Meryl Davis,rank,0.999502881336359,0.004331666340108218,0.004262284274263043,2.61631060448539e-31,0.018250736871188042,0.018250736871188042,4.280910138074921,1199.9999999999998,0.9999999999999998,,,False,9,False,1200,10.0,0.15
18,3,NeNe Leakes,rank,5.106549204553271e-12,0.04749637607204684,0.046370896045511145,0.00019897601610306052,0.17987236792728856,0.1796733919111855,3.8746181897511196,1199.9999999999998,0.9999999999999998,,,False,9,False,1200,10.0,0.15
18,4,Amy Purdy,rank,3.7261775657291825e-06,0.20591729566577066,0.20745515935596087,0.04369418859944544,0.43103451521762537,0.3873403266181799,1.8670948494402964,1199.9999999999998,0.9999999999999998,,,False,9,False,1200,10.0,0.15
18,4,Candace Cameron Bure,rank,3.4420377694987456e-14,0.2354687138790683,0.24212736916073707,0.0651671866039151,0.47194175301766506,0.40677456641375,1.6799954826594996,1199.9999999999998,0.9999999999999998,,,False,9,False,1200,10.0,0.15
18,4,Charlie White,rank,3.058632803552825e-07,0.12191128014830224,0.1198122778070275,0.010568190690600658,0.3050806077487438,0.29451241705814313,2.458094982865654,1199.9999999999998,0.9999999999999998,,,False,9,False,1200,10.0,0.15
18,4,Cody Simpson,rank,1.026056998068658e-10,0.016806377000105215,0.017124829252480857,9.326445591040625e-10,0.08852437591016554,0.08852437497752098,5.169056264221324,1199.9999999999998,0.9999999999999998,,,False,9,False,1200,10.0,0.15
18,4,Danica McKellar,rank,5.602081392311018e-09,0.10456260381310445,0.10459186198290833,0.00656040296729759,0.3014842138944719,0.2949238109271743,2.819731722948438,1199.9999999999998,0.9999999999999998,,,False,9,False,1200,10.0,0.15
18,4,Drew Carey,rank,1.8551545721575967e-07,0.01640569901519646,0.017036318334365034,6.393803056127848e-10,0.08635213863319909,0.08635213799381879,5.068411371972939,1199.9999999999998,0.9999999999999998,,,False,9,False,1200,10.0,0.15
18,4,James Maslow,rank,0.00012339405416746183,0.24711742568886955,0.24028378238404502,0.06477129234222634,0.46489622206967884,0.4001249297274525,1.6652112787065159,1199.9999999999998,0.9999999999999998,,,False,9,False,1200,10.0,0.15
18,4,Meryl Davis,rank,0.9998723770827261,0.004324183582824461,0.003893214655701945,3.582457641845281e-31,0.019993042756100952,0.019993042756100952,5.134037161209631,1199.9999999999998,0.9999999999999998,,,False,9,False,1200,10.0,0.15
18,4,NeNe Leakes,rank,5.602081392311018e-09,0.04748642120675872,0.04767518706677311,0.00011830800632357015,0.17980066690375113,0.17968235889742756,3.7688072379985544,1199.9999999999998,0.9999999999999998,,,False,9,False,1200,10.0,0.15
18,5,Amy Purdy,rank,1.6211594732754406e-05,0.20484934671352079,0.20999149198892655,0.04902538130699604,0.44027501827596904,0.391249636968973,1.8631601218847607,1161.9808702389773,0.9683173918658144,0.43666666666666665,0.47764893823305454,True,9,False,1200,10.0,0.15
18,5,Candace Cameron Bure,rank,2.4373146901891747e-08,0.2342595054285663,0.22959465432383094,0.060113030660577244,0.4529288316740217,0.3928158010134445,1.7109025960021058,1161.9808702389773,0.9683173918658144,0.43666666666666665,0.47764893823305454,True,9,False,1200,10.0,0.15
18,5,Charlie White,rank,1.6211594732754406e-05,0.12127730594157879,0.12067318895718802,0.009888042435192104,0.3219039770809075,0.3120159346457154,2.5856062289874626,1161.9808702389773,0.9683173918658144,0.43666666666666665,0.47764893823305454,True,9,False,1200,10.0,0.15
18,5,Cody Simpson,rank,2.000669729901867e-09,0.016720072331828983,0.011689428924285617,4.728093502330764e-10,0.06167385670867301,0.06167385623586366,5.275585407113919,1161.9808702389773,0.9683173918658144,0.43666666666666665,0.47764893823305454,True,9,True,1200,10.0,0.15
18,5,Danica McKellar,rank,0.02931125088279247,0.09221385568585315,0.09703745567851407,0.004421912389337973,0.2833705519567207,0.2789486395673827,2.8746195270412422,1161.9808702389773,0.9683173918658144,0.43666666666666665,0.47764893823305454,True,9,False,1200,10.0,0.15
18,5,Drew Carey,rank,1.4975379028408644e-13,0.016321464499840396,0.01641161338321282,2.824742982277843e-10,0.09126149467608057,0.09126149439360627,5.560448678267808,1161.9808702389773,0.9683173918658144,0.43666666666666665,0.47764893823305454,True,9,False,1200,10.0,0.15
18,5,James Maslow,rank,0.9706553204582917,0.004544473302473317,0.004050567342617064,1.5797859688546851e-31,0.017030864668473266,0.017030864668473266,4.203525013475988,1161.9808702389773,0.9683173918658144,0.43666666666666665,0.47764893823305454,True,9,False,1200,10.0,0.15
18,5,Meryl Davis,rank,4.895477420322238e-07,0.26257150238776783,0.2627071487493776,0.07761736774525478,0.5027112295098671,0.42509386176461234,1.6181221016107499,1161.9808702389773,0.9683173918658144,0.43666666666666665,0.47764893823305454,True,9,False,1200,10.0,0.15
18,5,NeNe Leakes,rank,4.895477420322238e-07,0.04724247370857049,0.04784445065204722,0.00016063315611991577,0.1791874958348602,0.1790268626787403,3.741773987681733,1161.9808702389773,0.9683173918658144,0.43666666666666665,0.47764893823305454,True,9,False,1200,10.0,0.15
18,6,Amy Purdy,rank,0.01098632930636444,0.20199628100241088,0.20389397114345392,0.044949276088579425,0.42219134763953103,0.37724207155095163,1.8501784003566046,1166.0878969730425,0.971739914144202,0.7233333333333334,0.7725567192948124,True,8,False,1200,10.0,0.15
18,6,Candace Cameron Bure,rank,1.0148566393737384e-10,0.24165544318271212,0.23705661290781907,0.06858417795933068,0.45645907561555027,0.3878748976562196,1.6362051945872182,1166.0878969730425,0.971739914144202,0.7233333333333334,0.7725567192948124,True,8,False,1200,10.0,0.15
18,6,Charlie White,rank,2.723238768172426e-05,0.1251005377150148,0.1268224217454921,0.01393980483743581,0.3262346718333453,0.3122948669959095,2.462438425787151,1166.0878969730425,0.971739914144202,0.7233333333333334,0.7725567192948124,True,8,False,1200,10.0,0.15
18,6,Danica McKellar,rank,2.723238768172426e-05,0.10729787920793368,0.11663066635860611,0.00806971606405895,0.30349864950567024,0.2954289334416113,2.5330079099895495,1166.0878969730425,0.971739914144202,0.7233333333333334,0.7725567192948124,True,8,False,1200,10.0,0.15
18,6,Drew Carey,rank,2.7586663613006474e-10,0.01683675687680908,0.010214118325482354,3.1131473483764743e-10,0.057880939315529255,0.05788093900421452,5.66620347997598,1166.0878969730425,0.971739914144202,0.7233333333333334,0.7725567192948124,True,8,True,1200,10.0,0.15
18,6,James Maslow,rank,1.3558207473301817e-06,0.25373751271557854,0.24510095602939763,0.0721277259466723,0.47836256830025753,0.4062348423535852,1.6574116703697837,1166.0878969730425,0.971739914144202,0.7233333333333334,0.7725567192948124,True,8,False,1200,10.0,0.15
18,6,Meryl Davis,rank,0.9889578476817785,0.004641504223940167,0.005673694122244051,8.006720104155585e-30,0.03425830373495599,0.03425830373495599,6.037030894875543,1166.0878969730425,0.971739914144202,0.7233333333333334,0.7725567192948124,True,8,False,1200,10.0,0.15
18,6,NeNe Leakes,rank,2.0383940501883375e-09,0.04873408507560069,0.05460755936750432,0.00025068036147519947,0.2118570667751432,0.21160638641366802,3.8749673835854335,1166.0878969730425,0.971739914144202,0.7233333333333334,0.7725567192948124,True,8,False,1200,10.0,0.15
18,7,Amy Purdy,rank,0.004066377604135549,0.2103509826919004,0.21352303620247448,0.04718036165527119,0.4541254611898812,0.40694509953461,1.9058514758906286,1113.62287869651,0.928019065580425,0.6283333333333333,0.7306083369032543,True,7,False,1200,10.0,0.15
18,7,Candace Cameron Bure,rank,0.0009073314860347535,0.24367991090329177,0.24547863070124587,0.06427241053035122,0.4830099443774062,0.418737533847055,1.7057933998469625,1113.62287869651,0.928019065580425,0.6283333333333333,0.7306083369032543,True,7,False,1200,10.0,0.15
18,7,Charlie White,rank,6.113551463503625e-06,0.12663109308724532,0.1314935734977536,0.013707821386279562,0.3273992823854134,0.3136914609991338,2.3855848393963788,1113.62287869651,0.928019065580425,0.6283333333333333,0.7306083369032543,True,7,False,1200,10.0,0.15
18,7,Danica McKellar,rank,1.0079542337398324e-05,0.1086088549131342,0.11220108662012775,0.007207434614716444,0.30009750677770536,0.2928900721629889,2.6103799045609533,1113.62287869651,0.928019065580425,0.6283333333333333,0.7306083369032543,True,7,False,1200,10.0,0.15
18,7,James Maslow,rank,3.0437580468390965e-07,0.2568206975153511,0.2611630723880735,0.07032378459764176,0.49920293048031233,0.42887914588267056,1.642182793218904,1113.62287869651,0.928019065580425,0.6283333333333333,0.7306083369032543,True,7,False,1200,10.0,0.15
18,7,Meryl Davis,rank,0.9950097932718787,0.004582416933200308,0.0047959367463234325,7.108245998022501e-30,0.024454281369222064,0.024454281369222064,5.097895315789773,1113.62287869651,0.928019065580425,0.6283333333333333,0.7306083369032543,True,7,False,1200,10.0,0.15
18,7,NeNe Leakes,rank,1.6834550022184018e-10,0.04932604395587692,0.03134466384400134,0.00011480568988582282,0.1188488419861387,0.11873403629625287,3.7878934989910937,1113.62287869651,0.928019065580425,0.6283333333333333,0.7306083369032543,True,7,True,1200,10.0,0.15
18,8,Amy Purdy,rank,0.498946294057287,0.029656655894935824,0.028794472126462495,6.554706345548918e-06,0.12230269215101995,0.12229613744467441,4.24706137505162,1043.8173295976326,0.8698477746646938,0.6816666666666666,0.829441012925703,True,6,False,1200,10.0,0.15
18,8,Candace Cameron Bure,rank,8.333251713746734e-06,0.26385383405633633,0.2792404676974469,0.08203964526101744,0.5087362285765875,0.4266965833155701,1.5280559396639763,1043.8173295976326,0.8698477746646938,0.6816666666666666,0.829441012925703,True,6,False,1200,10.0,0.15
18,8,Charlie White,rank,0.498946294057287,0.017557680255647426,0.016711953716519384,7.749872149269279e-10,0.09320968976629483,0.09320968899130762,5.577092509936019,1043.8173295976326,0.8698477746646938,0.6816666666666666,0.829441012925703,True,6,False,1200,10.0,0.15
18,8,Danica McKellar,rank,0.002039079463880814,0.11619302913310876,0.07860173683000056,0.0074525679366367155,0.21874061829560013,0.21128805035896342,2.6880495372054325,1043.8173295976326,0.8698477746646938,0.6816666666666666,0.829441012925703,True,6,True,1200,10.0,0.15
18,8,James Maslow,rank,2.2652126705452946e-05,0.2770309912874105,0.2885941803686159,0.09239723675314694,0.5333538392399718,0.4409566024868249,1.5279416722192012,1043.8173295976326,0.8698477746646938,0.6816666666666666,0.829441012925703,True,6,False,1200,10.0,0.15
18,8,Meryl Davis,rank,3.734704312587469e-05,0.2957078093725613,0.3080571892609541,0.10634804055274506,0.5507236304123727,0.44437558985962766,1.4425053621385797,1043.8173295976326,0.8698477746646938,0.6816666666666666,0.829441012925703,True,6,False,1200,10.0,0.15
18,9,Amy Purdy,rank,0.010984220811810422,0.24426626453395603,0.2642643363249186,0.08087650332936794,0.5041823217718483,0.4233058184424804,1.6018212011053123,993.369658546724,0.8278080487889367,0.5591666666666667,0.748457196641946,True,5,False,1200,10.0,0.15
18,9,Candace Cameron Bure,rank,3.684795578991386e-06,0.2922175893308301,0.3020706535431956,0.10342098093530167,0.5360166275167306,0.43259564658142896,1.4320961318522683,993.369658546724,0.8278080487889367,0.5591666666666667,0.748457196641946,True,5,False,1200,10.0,0.15
18,9,Charlie White,rank,0.0001220236709736911,0.15121896084561198,0.10777571136687981,0.013121788996454668,0.2599645106622501,0.24684272166579546,2.2903159554156813,993.369658546724,0.8278080487889367,0.5591666666666667,0.748457196641946,True,5,True,1200,10.0,0.15
18,9,James Maslow,rank,0.0001220236709736911,0.3066800607939754,0.32118501253382975,0.11672675270667024,0.5577288124667859,0.44100205976011564,1.3730425440418765,993.369658546724,0.8278080487889367,0.5591666666666667,0.748457196641946,True,5,False,1200,10.0,0.15
18,9,Meryl Davis,rank,0.9887680470506631,0.00561712449562653,0.004704286231176382,2.348817901541989e-27,0.02726465597382654,0.02726465597382654,5.794473414428185,993.369658546724,0.8278080487889367,0.5591666666666667,0.748457196641946,True,5,False,1200,10.0,0.15
18,10,Amy Purdy,rank,0.26302843862674424,0.12808750603610608,0.12626700834556312,0.01205338991848315,0.31904548299702984,0.3069920930785467,2.4312737414720926,1199.9999999999998,0.9999999999999998,,,False,4,True,1200,10.0,0.15
18,10,Candace Cameron Bure,rank,0.0003954472634991433,0.4312733772115122,0.4366616692793966,0.20181727165128913,0.682563520269664,0.4807462486183749,1.1009556860258454,1199.9999999999998,0.9999999999999998,,,False,4,True,1200,10.0,0.15
18,10,James Maslow,rank,0.02159068902272255,0.41504246214044477,0.4093221475650577,0.1828575816784014,0.6584656371224495,0.47560805544404816,1.1619378436653285,1199.9999999999998,0.9999999999999998,,,False,4,True,1200,10.0,0.15
18,10,Meryl Davis,rank,0.714985425087034,0.02559665461193692,0.027749174809982805,1.3946591243665015e-06,0.12946634160066092,0.12946494694153657,4.665374104056564,1199.9999999999998,0.9999999999999998,,,False,4,True,1200,10.0,0.15
19,1,Alfonso Ribeiro,rank,0.9932868484944868,0.003831520400639981,0.0038687000477881763,1.0042738993477274e-34,0.016307113728613813,0.016307113728613813,4.21405109626896,1177.368860552673,0.9811407171272274,0.2841666666666667,0.29991509943009476,True,13,False,1200,10.0,0.15
19,1,Antonio Sabato Jr.,rank,1.3974172366231899e-16,0.04698701131832536,0.04846902571571579,0.0002294100169186728,0.18805659396993113,0.18782718395301246,3.8751203693319245,1177.368860552673,0.9811407171272274,0.2841666666666667,0.29991509943009476,True,13,False,1200,10.0,0.15
19,1,Bethany Mota,rank,1.0062088745538073e-05,0.24324937903104057,0.24345278816442442,0.07301226066091794,0.4922396077063606,0.4192273470454427,1.7219996871122987,1177.368860552673,0.9811407171272274,0.2841666666666667,0.29991509943009476,True,13,False,1200,10.0,0.15
19,1,Betsey Johnson,rank,1.0459923727785966e-20,0.014714895992315272,0.016799723833555706,9.59050843279742e-11,0.09550855929596383,0.09550855920005874,5.684788354731577,1177.368860552673,0.9811407171272274,0.2841666666666667,0.29991509943009476,True,13,False,1200,10.0,0.15
19,1,Janel Parrish,rank,1.0192990079002936e-10,0.15007662858232923,0.153111047713345,0.01722115386626932,0.36171559298528805,0.3444944391190187,2.249949917487735,1177.368860552673,0.9811407171272274,0.2841666666666667,0.29991509943009476,True,13,False,1200,10.0,0.15
19,1,Jonathan Bennett,rank,9.175437262865235e-09,0.03351161571359197,0.03534825164011787,1.6722407757715227e-05,0.1536819574884361,0.1536652350806784,4.34705765895999,1177.368860552673,0.9811407171272274,0.2841666666666667,0.29991509943009476,True,13,False,1200,10.0,0.15
19,1,Lea Thompson,rank,1.0062088745538073e-05,0.08498434081078322,0.09101255257185056,0.003017818063616509,0.26721484939414586,0.26419703133052935,2.9028317636756267,1177.368860552673,0.9811407171272274,0.2841666666666667,0.29991509943009476,True,13,False,1200,10.0,0.15
19,1,Lolo Jones,rank,5.710924850249036e-19,0.009853635097570253,0.0066824199502659686,1.5038989548351417e-15,0.039200958589994776,0.03920095858999327,5.865404071823027,1177.368860552673,0.9811407171272274,0.2841666666666667,0.29991509943009476,True,13,True,1200,10.0,0.15
19,1,Michael Waltrip,rank,3.7985738810882717e-16,0.05081688342572127,0.05238756206082122,0.00032531194091597204,0.1995604312546289,0.19923511931371293,3.80302706309076,1177.368860552673,0.9811407171272274,0.2841666666666667,0.29991509943009476,True,13,False,1200,10.0,0.15
19,1,Randy Couture,rank,3.03848751878409e-07,0.010452115066560132,0.010799831091024836,5.401451866417132e-14,0.06015694480574149,0.06015694480568748,5.569658880757434,1177.368860552673,0.9811407171272274,0.2841666666666667,0.29991509943009476,True,13,False,1200,10.0,0.15
19,1,Sadie Robertson,rank,0.006692714140044489,0.23314635490700195,0.2232753352019895,0.0514599362004973,0.45491711974862353,0.4034571835481262,1.806985873281797,1177.368860552673,0.9811407171272274,0.2841666666666667,0.29991509943009476,True,13,False,1200,10.0,0.15
19,1,Tavis Smiley,rank,6.182360997061978e-11,0.008808202108515906,0.008161226890381628,2.1445578799256734e-17,0.05086010872423049,0.05086010872423047,6.231155958696033,1177.368860552673,0.9811407171272274,0.2841666666666667,0.29991509943009476,True,13,False,1200,10.0,0.15
19,1,Tommy Chong,rank,3.419367238086557e-14,0.10956741754560485,0.1066315351187193,0.00845092924841895,0.2887015410048435,0.2802506117564246,2.628190462173741,1177.368860552673,0.9811407171272274,0.2841666666666667,0.29991509943009476,True,13,False,1200,10.0,0.15
19,2,Alfonso Ribeiro,rank,4.405284396220804e-05,0.20325413904081538,0.2046318944801236,0.04517856774587863,0.4277924870283671,0.38261391928248845,1.869757647002606,1182.0069361688372,0.9850057801406977,0.3925,0.41036676288793383,True,12,False,1200,10.0,0.15
19,2,Antonio Sabato Jr.,rank,2.9682572777633995e-07,0.04196666158833371,0.04266756868281531,3.829086353101628e-05,0.16492028852838472,0.1648819976648537,3.864249557807634,1182.0069361688372,0.9850057801406977,0.3925,0.41036676288793383,True,12,False,1200,10.0,0.15
19,2,Bethany Mota,rank,0.0003255089353541936,0.2169779210250691,0.21447219000942974,0.05031645784879296,0.4368507639683708,0.38653430611957784,1.8022499973193997,1182.0069361688372,0.9850057801406977,0.3925,0.41036676288793383,True,12,False,1200,10.0,0.15
19,2,Betsey Johnson,rank,2.468191172148443e-13,0.013142691923082516,0.013320946548978045,2.134919610138351e-12,0.07529887300241483,0.07529887300027992,5.652242540040536,1182.0069361688372,0.9850057801406977,0.3925,0.41036676288793383,True,12,False,1200,10.0,0.15
19,2,Janel Parrish,rank,0.02930138057327151,0.11882656707856713,0.11978452749524776,0.01285890909827285,0.31065092574884673,0.29779201665057387,2.486043371661807,1182.0069361688372,0.9850057801406977,0.3925,0.41036676288793383,True,12,False,1200,10.0,0.15
19,2,Jonathan Bennett,rank,3.297435982328614e-09,0.029931088336898747,0.0302176353012091,9.118931881910484e-06,0.1430718267805625,0.14306270784868058,4.734254423559505,1182.0069361688372,0.9850057801406977,0.3925,0.41036676288793383,True,12,False,1200,10.0,0.15
19,2,Lea Thompson,rank,0.9703284606975329,0.0014043116289102174,0.0012179173352546149,8.641282296410885e-90,0.0019061751603725186,0.0019061751603725186,1.563826442729478,1182.0069361688372,0.9850057801406977,0.3925,0.41036676288793383,True,12,False,1200,10.0,0.15
19,2,Michael Waltrip,rank,1.5165090690290099e-18,0.04538738457308304,0.044590136792484567,9.255166078622431e-05,0.1758637993259581,0.17577124766517188,3.941842713792319,1182.0069361688372,0.9850057801406977,0.3925,0.41036676288793383,True,12,False,1200,10.0,0.15
19,2,Randy Couture,rank,2.468191172148443e-13,0.009335376883910439,0.00913596113143371,7.541294671795756e-16,0.05214023289917068,0.05214023289916992,5.706517971253363,1182.0069361688372,0.9850057801406977,0.3925,0.41036676288793383,True,12,False,1200,10.0,0.15
19,2,Sadie Robertson,rank,2.9682572777633995e-07,0.21404600900141743,0.2133757538798638,0.0487047604600766,0.44350425044899106,0.39479948998891445,1.8502460216973589,1182.0069361688372,0.9850057801406977,0.3925,0.41036676288793383,True,12,False,1200,10.0,0.15
19,2,Tavis Smiley,rank,2.468191172148443e-13,0.007867095139398607,0.005138251923205861,2.222553845092955e-18,0.0330936543236552,0.0330936543236552,6.439391339082558,1182.0069361688372,0.9850057801406977,0.3925,0.41036676288793383,True,12,True,1200,10.0,0.15
19,2,Tommy Chong,rank,2.468191172148443e-13,0.09786075378051373,0.10144721641995383,0.004774686312528189,0.28078674762095845,0.27601206130843026,2.720718717871333,1182.0069361688372,0.9850057801406977,0.3925,0.41036676288793383,True,12,False,1200,10.0,0.15
19,3,Alfonso Ribeiro,rank,1.5294898397340486e-07,0.2620334948872567,0.25405255792694653,0.07107959216900174,0.4893159942344551,0.41823640206545337,1.6462528825741456,1171.1854586819131,0.9759878822349276,0.4725,0.5031784018691501,True,11,False,1200,10.0,0.15
19,3,Antonio Sabato Jr.,rank,1.54938752346606e-12,0.05409336108959332,0.056137555140943075,0.0002931525647171822,0.1984647689542685,0.19817161638955133,3.5300448309012578,1171.1854586819131,0.9759878822349276,0.4725,0.5031784018691501,True,11,False,1200,10.0,0.15
19,3,Bethany Mota,rank,0.4999928857110189,0.03583805744404083,0.035496018740424976,2.4080184655740886e-05,0.14353571472379278,0.14351163453913704,4.042920775645366,1171.1854586819131,0.9759878822349276,0.4725,0.5031784018691501,True,11,False,1200,10.0,0.15
19,3,Betsey Johnson,rank,1.54938752346606e-12,0.016940387566163003,0.01599377097975142,3.4646919499575494e-10,0.08451349005583765,0.08451348970936845,5.283819931923896,1171.1854586819131,0.9759878822349276,0.4725,0.5031784018691501,True,11,False,1200,10.0,0.15
19,3,Janel Parrish,rank,0.4999928857110189,0.022109952882624573,0.02452016128447016,5.711636557543906e-08,0.12593678530376906,0.12593672818740348,5.135838663039268,1171.1854586819131,0.9759878822349276,0.4725,0.5031784018691501,True,11,False,1200,10.0,0.15
19,3,Jonathan Bennett,rank,1.5294898397340486e-07,0.038579914043325725,0.04079937307922336,6.298783261652572e-05,0.1666600319123063,0.16659704407968978,4.083223546907355,1171.1854586819131,0.9759878822349276,0.4725,0.5031784018691501,True,11,False,1200,10.0,0.15
19,3,Lea Thompson,rank,1.6991097334882326e-09,0.09784148176522732,0.10171750330879471,0.006265184484451305,0.29062930390713365,0.28436411942268236,2.795598737423576,1171.1854586819131,0.9759878822349276,0.4725,0.5031784018691501,True,11,False,1200,10.0,0.15
19,3,Michael Waltrip,rank,2.837802237851451e-14,0.058502465840818994,0.059726110516113526,0.0005599271365680019,0.1989630184678017,0.1984030913312337,3.321826380295216,1171.1854586819131,0.9759878822349276,0.4725,0.5031784018691501,True,11,False,1200,10.0,0.15
19,3,Randy Couture,rank,8.569420225311374e-16,0.012032915586562516,0.007862375879694142,7.251407834520481e-13,0.048782289957568434,0.04878228995684329,6.203733702062422,1171.1854586819131,0.9759878822349276,0.4725,0.5031784018691501,True,11,True,1200,10.0,0.15
19,3,Sadie Robertson,rank,1.5294898397340486e-07,0.27589663639188017,0.28043079702907564,0.08456063082377677,0.5153551376348029,0.43079450681102616,1.5361828129866482,1171.1854586819131,0.9759878822349276,0.4725,0.5031784018691501,True,11,False,1200,10.0,0.15
19,3,Tommy Chong,rank,1.3768028772615393e-05,0.12613133250250705,0.12326377611456213,0.011848348510696088,0.3201591365692168,0.3083107880585207,2.5012075450652427,1171.1854586819131,0.9759878822349276,0.4725,0.5031784018691501,True,11,False,1200,10.0,0.15
19,4,Alfonso Ribeiro,rank,0.9226844266094363,0.0053664931459149485,0.006485799886449254,1.9748084870718072e-26,0.03835559405524963,0.03835559405524963,5.912868398387533,1162.4422072427371,0.9687018393689476,0.5508333333333333,0.6008010489186011,True,10,False,1200,10.0,0.15
19,4,Antonio Sabato Jr.,rank,4.2434767749968565e-10,0.04922830404847227,0.05046725802709454,0.00020016678769009522,0.19383575630357752,0.19363558951588744,3.836779732162177,1162.4422072427371,0.9687018393689476,0.5508333333333333,0.6008010489186011,True,10,False,1200,10.0,0.15
19,4,Bethany Mota,rank,2.085570742828761e-06,0.2548607975863019,0.25431718270793463,0.07003491024189994,0.49186747093964195,0.421832560697742,1.6586803043578882,1162.4422072427371,0.9687018393689476,0.5508333333333333,0.6008010489186011,True,10,False,1200,10.0,0.15
19,4,Betsey Johnson,rank,4.2434767749968565e-10,0.015416800380083404,0.011429370145699396,7.900543983330668e-11,0.06095708517385133,0.06095708509484589,5.332905611790761,1162.4422072427371,0.9687018393689476,0.5508333333333333,0.6008010489186011,True,10,True,1200,10.0,0.15
19,4,Janel Parrish,rank,0.0001877370953937434,0.1571139891997848,0.15719441328597486,0.022990000540557068,0.3551357827110884,0.33214578217053137,2.1129483057262064,1162.4422072427371,0.9687018393689476,0.5508333333333333,0.6008010489186011,True,10,False,1200,10.0,0.15
19,4,Jonathan Bennett,rank,7.087327940635411e-15,0.03511012993461003,0.03413354583760582,1.8181985314572446e-05,0.14805090587644687,0.14803272389113228,4.336742155451371,1162.4422072427371,0.9687018393689476,0.5508333333333333,0.6008010489186011,True,10,False,1200,10.0,0.15
19,4,Lea Thompson,rank,0.07573854988852843,0.0652137852542334,0.06306474363032682,0.0008270047294233161,0.2115356216382703,0.21070861690884699,3.341094622525345,1162.4422072427371,0.9687018393689476,0.5508333333333333,0.6008010489186011,True,10,False,1200,10.0,0.15
19,4,Michael Waltrip,rank,5.236866374487369e-14,0.05324086215004895,0.05565199152677121,0.0003054454663078662,0.20848712499142602,0.20818167952511815,3.7407095973443734,1162.4422072427371,0.9687018393689476,0.5508333333333333,0.6008010489186011,True,10,False,1200,10.0,0.15
19,4,Sadie Robertson,rank,0.001387199929714665,0.24965502610556092,0.2513568682416141,0.06905686321420441,0.4933261266828677,0.4242692634686633,1.6879092205732773,1162.4422072427371,0.9687018393689476,0.5508333333333333,0.6008010489186011,True,10,False,1200,10.0,0.15
19,4,Tommy Chong,rank,5.742921312521874e-11,0.11479381219498933,0.1158988267105297,0.009704221778695867,0.2987853302899984,0.28908110851130253,2.494232448106318,1162.4422072427371,0.9687018393689476,0.5508333333333333,0.6008010489186011,True,10,False,1200,10.0,0.15
19,5,Alfonso Ribeiro,rank,0.004041555489175501,0.23697664906367372,0.23963172927877752,0.06184670116487925,0.47655591090153565,0.41470920973665637,1.7306033736910915,1199.9999999999998,0.9999999999999998,,,False,9,False,1200,10.0,0.15
19,5,Antonio Sabato Jr.,rank,4.094133538940756e-08,0.049740461294347844,0.04873190797401748,0.0002721870130006857,0.17749944772214094,0.17722726070914024,3.636706038630632,1199.9999999999998,0.9999999999999998,,,False,9,False,1200,10.0,0.15
19,5,Bethany Mota,rank,2.723178667992747e-05,0.2574857140361893,0.2510954813296952,0.0697441097260223,0.48363884606213464,0.41389473633611235,1.6483494079419594,1199.9999999999998,0.9999999999999998,,,False,9,False,1200,10.0,0.15
19,5,Janel Parrish,rank,0.0003317510767673817,0.1586546046009149,0.15943521812464606,0.022623484567098496,0.3672849368130503,0.3446614522459518,2.1617513028093653,1199.9999999999998,0.9999999999999998,,,False,9,False,1200,10.0,0.15
19,5,Jonathan Bennett,rank,1.6731788012200895e-10,0.03547541160647524,0.03487268955633584,2.1031052486560856e-05,0.1523107352903792,0.15228970423789265,4.366893958606818,1199.9999999999998,0.9999999999999998,,,False,9,False,1200,10.0,0.15
19,5,Lea Thompson,rank,0.006663398501718511,0.08753654215151496,0.08957210522661507,0.0034833399325031604,0.2788919835604949,0.2754086436279917,3.074680094334375,1199.9999999999998,0.9999999999999998,,,False,9,False,1200,10.0,0.15
19,5,Michael Waltrip,rank,2.5155225866135136e-13,0.05379477386931063,0.055229971246030976,0.00038247395962414483,0.20150925711889742,0.20112678315927326,3.64155796325466,1199.9999999999998,0.9999999999999998,,,False,9,False,1200,10.0,0.15
19,5,Sadie Robertson,rank,0.98893602199942,0.004347729741528087,0.0047460388286140265,6.204773423000837e-33,0.028130796282313613,0.028130796282313613,5.925967176157867,1199.9999999999998,0.9999999999999998,,,False,9,False,1200,10.0,0.15
19,5,Tommy Chong,rank,3.733366538731964e-11,0.11598811363604529,0.11668485843526825,0.00894770171265665,0.3141017099372833,0.3051540082246267,2.6151755861136468,1199.9999999999998,0.9999999999999998,,,False,9,False,1200,10.0,0.15
19,6,Alfonso Ribeiro,rank,0.9888857517279618,0.004098670872089978,0.003391063333544663,8.92977238242682e-33,0.020624360823010838,0.020624360823010838,6.080181528172896,1129.1794066983553,0.940982838915296,0.43916666666666665,0.516984665494739,True,9,False,1200,10.0,0.15
19,6,Antonio Sabato Jr.,rank,1.858639266637618e-12,0.04936171160730739,0.05174710141125412,0.0002922862485596432,0.18139436846251625,0.1811020822139566,3.4996855396625377,1129.1794066983553,0.940982838915296,0.43916666666666665,0.516984665494739,True,9,False,1200,10.0,0.15
19,6,Bethany Mota,rank,0.010985528392663068,0.24426657953614084,0.24626106825247152,0.05923010201100124,0.4860261547360028,0.42679605272500154,1.7330970041534937,1129.1794066983553,0.940982838915296,0.43916666666666665,0.516984665494739,True,9,False,1200,10.0,0.15
19,6,Janel Parrish,rank,6.075924051797196e-06,0.1576574881841964,0.15883198216175698,0.02250520756775466,0.3639974818761948,0.34149227430844015,2.150008579204672,1129.1794066983553,0.940982838915296,0.43916666666666665,0.516984665494739,True,9,False,1200,10.0,0.15
19,6,Jonathan Bennett,rank,3.025024461647759e-07,0.035205233717645355,0.022773952124816997,9.166498670168025e-06,0.09859537962661381,0.09858621312794365,4.3287122004756275,1129.1794066983553,0.940982838915296,0.43916666666666665,0.516984665494739,True,9,True,1200,10.0,0.15
19,6,Lea Thompson,rank,3.025024461647759e-07,0.0892829902803888,0.09516312544003003,0.004272973395676641,0.2758988827732034,0.2716259093775268,2.8542889258063786,1129.1794066983553,0.940982838915296,0.43916666666666665,0.516984665494739,True,9,False,1200,10.0,0.15
19,6,Michael Waltrip,rank,7.498285968778362e-10,0.05338514339066647,0.05685341811882705,0.000458308985547142,0.1976856978832687,0.19722738889772157,3.4689896655966432,1129.1794066983553,0.940982838915296,0.43916666666666665,0.516984665494739,True,9,False,1200,10.0,0.15
19,6,Sadie Robertson,rank,0.00012203819688485662,0.251637281829497,0.24467214068838034,0.06515907067340365,0.47176739381694804,0.4066083231435444,1.6618429060074367,1129.1794066983553,0.940982838915296,0.43916666666666665,0.516984665494739,True,9,False,1200,10.0,0.15
19,6,Tommy Chong,rank,1.858639266637618e-12,0.11510490058206778,0.12030614846891864,0.00821076950499978,0.32338703655224316,0.3151762670472434,2.619763422691954,1129.1794066983553,0.940982838915296,0.43916666666666665,0.516984665494739,True,9,False,1200,10.0,0.15
19,7,Alfonso Ribeiro,rank,0.00020259000635392005,0.2493302927873597,0.2510889446879488,0.07292590767883703,0.4923556675136264,0.41942975983478936,1.670436306623314,1105.2128261738435,0.9210106884782029,0.39166666666666666,0.4829606822379605,True,8,False,1200,10.0,0.15
19,7,Antonio Sabato Jr.,rank,1.6845940848665881e-10,0.05151381551626473,0.034687103022315355,0.00020718223209767028,0.12474748526446337,0.1245403030323657,3.590288663298974,1105.2128261738435,0.9210106884782029,0.39166666666666666,0.4829606822379605,True,8,True,1200,10.0,0.15
19,7,Bethany Mota,rank,0.9956830505842499,0.0044454594554125875,0.004247507948215495,1.5448282806349636e-31,0.021302414652536843,0.021302414652536843,5.014093162161675,1105.2128261738435,0.9210106884782029,0.39166666666666666,0.4829606822379605,True,8,False,1200,10.0,0.15
19,7,Janel Parrish,rank,4.52039405622216e-05,0.1645046718407367,0.1656401502169154,0.026659827209716155,0.3823663578510359,0.35570653064131974,2.1474526720896603,1105.2128261738435,0.9210106884782029,0.39166666666666666,0.4829606822379605,True,8,False,1200,10.0,0.15
19,7,Lea Thompson,rank,0.004069129052890485,0.09162966351816418,0.09577384921432938,0.004175186168429393,0.2627650656161542,0.2585898794477248,2.699976889225275,1105.2128261738435,0.9210106884782029,0.39166666666666666,0.4829606822379605,True,8,False,1200,10.0,0.15
19,7,Michael Waltrip,rank,1.1350705658803956e-12,0.055712663697005525,0.05950949184297276,0.0005316070674753977,0.20456786444744246,0.20403625737996706,3.428576223472441,1105.2128261738435,0.9210106884782029,0.39166666666666666,0.4829606822379605,True,8,False,1200,10.0,0.15
19,7,Sadie Robertson,rank,2.500159299405644e-08,0.2627401150446326,0.26380257676939023,0.07735625754472385,0.5086703699493994,0.43131411240467554,1.634982048714671,1105.2128261738435,0.9210106884782029,0.39166666666666666,0.4829606822379605,True,8,False,1200,10.0,0.15
19,7,Tommy Chong,rank,1.244756019700596e-09,0.12012331814042403,0.1252503762979122,0.01113698843089818,0.31163843567043586,0.3005014472395377,2.3991867883734126,1105.2128261738435,0.9210106884782029,0.39166666666666666,0.4829606822379605,True,8,False,1200,10.0,0.15
19,8,Alfonso Ribeiro,rank,0.01791074163427016,0.22536231697635475,0.23213215814102925,0.0575016873296367,0.45762766183257814,0.4001259745029414,1.7236915988531483,1105.9633710260734,0.9216361425217279,0.5441666666666667,0.6520457296714508,True,7,False,1200,10.0,0.15
19,8,Bethany Mota,rank,0.003996426649231851,0.25504004056060675,0.2514902238121403,0.06865880331075991,0.4830181575831565,0.4143593542723966,1.6476095984244608,1105.9633710260734,0.9216361425217279,0.5441666666666667,0.6520457296714508,True,7,False,1200,10.0,0.15
19,8,Janel Parrish,rank,0.9778933589527655,0.0028685247468551276,0.0024788625542609224,2.5014813852395827e-44,0.008986402862012662,0.008986402862012662,3.6237503754279214,1105.9633710260734,0.9216361425217279,0.5441666666666667,0.6520457296714508,True,7,False,1200,10.0,0.15
19,8,Lea Thompson,rank,4.931982298284879e-07,0.09057983168315718,0.10282200406100021,0.005016078396201907,0.2906185941914123,0.2856025157952104,2.777613029335103,1105.9633710260734,0.9216361425217279,0.5441666666666667,0.6520457296714508,True,7,False,1200,10.0,0.15
19,8,Michael Waltrip,rank,1.654495742551316e-10,0.05416060876686978,0.036105383356681085,0.0002466013434449826,0.12751988870984585,0.12727328736640087,3.524952530114051,1105.9633710260734,0.9216361425217279,0.5441666666666667,0.6520457296714508,True,7,True,1200,10.0,0.15
19,8,Sadie Robertson,rank,0.0001989703668124596,0.25521178307563086,0.2527524240348183,0.0785571088339259,0.47706023037380224,0.3985031215398763,1.5766477667379897,1105.9633710260734,0.9216361425217279,0.5441666666666667,0.6520457296714508,True,7,False,1200,10.0,0.15
19,8,Tommy Chong,rank,9.033240678101513e-09,0.11677689419052549,0.12221894404006914,0.008467691439786063,0.3078012354876286,0.29933354404784257,2.449138284253409,1105.9633710260734,0.9216361425217279,0.5441666666666667,0.6520457296714508,True,7,False,1200,10.0,0.15
19,9,Alfonso Ribeiro,rank,0.3763681657594448,0.06592836315317595,0.06513874959580934,0.0009913048815030888,0.2203200745639527,0.2193287696824496,3.3670496285813134,1040.978621522893,0.8674821846024109,0.5533333333333333,0.7058454712109083,True,6,False,1200,10.0,0.15
19,9,Bethany Mota,rank,0.0025359487530301527,0.3277507562166651,0.3339892530386593,0.1270681545218189,0.5811319388731541,0.45406378435133515,1.3595120822246793,1040.978621522893,0.8674821846024109,0.5533333333333333,0.7058454712109083,True,6,False,1200,10.0,0.15
19,9,Janel Parrish,rank,0.6205262005019883,0.01592850446704778,0.015259827720462861,3.235813450900355e-10,0.08322643750767648,0.08322643718409514,5.453599156518811,1040.978621522893,0.8674821846024109,0.5533333333333333,0.7058454712109083,True,6,False,1200,10.0,0.15
19,9,Lea Thompson,rank,3.8126447466881343e-06,0.11570517450343723,0.08104915528364387,0.006349672038856266,0.21700966748679226,0.210659995447936,2.599131299757642,1040.978621522893,0.8674821846024109,0.5533333333333333,0.7058454712109083,True,6,True,1200,10.0,0.15
19,9,Sadie Robertson,rank,0.0005658466513918289,0.3255163081768205,0.34173276247373446,0.13031702009135818,0.586835031288244,0.45651801119688584,1.3358879377099115,1040.978621522893,0.8674821846024109,0.5533333333333333,0.7058454712109083,True,6,False,1200,10.0,0.15
19,9,Tommy Chong,rank,2.5689398229526285e-08,0.14917089348285353,0.16283025188769093,0.02451483898407192,0.389372293162666,0.3648574541785941,2.2407090159218703,1040.978621522893,0.8674821846024109,0.5533333333333333,0.7058454712109083,True,6,False,1200,10.0,0.15
19,10,Alfonso Ribeiro,rank,0.0039478205193549405,0.28315675791758005,0.2926802738456639,0.1079216172887062,0.5195611985303932,0.411639581241687,1.4064431790697751,1017.7146857911678,0.8480955714926398,0.6366666666666667,0.8053509128006042,True,5,False,1200,10.0,0.15
19,10,Bethany Mota,rank,0.029170667286023196,0.2728114140484598,0.28320238044983914,0.09539703005190217,0.5141316215011981,0.4187345914492959,1.4785649478624852,1017.7146857911678,0.8480955714926398,0.6366666666666667,0.8053509128006042,True,5,False,1200,10.0,0.15
19,10,Janel Parrish,rank,0.9659998311132986,0.003573622661802125,0.0032197775118835465,3.914720077545338e-40,0.014348722474577734,0.014348722474577734,4.4550492611290125,1017.7146857911678,0.8480955714926398,0.6366666666666667,0.8053509128006042,True,5,False,1200,10.0,0.15
19,10,Sadie Robertson,rank,0.0008808778247209254,0.3019211235515735,0.32103676950091176,0.1234179292966105,0.5456668957575478,0.4222489664609373,1.315262584578037,1017.7146857911678,0.8480955714926398,0.6366666666666667,0.8053509128006042,True,5,False,1200,10.0,0.15
19,10,Tommy Chong,rank,8.032566022199041e-07,0.13853708182058452,0.0998607986917011,0.011247939259382693,0.25553367507902763,0.24428573581964494,2.4462380912426527,1017.7146857911678,0.8480955714926398,0.6366666666666667,0.8053509128006042,True,5,True,1200,10.0,0.15
19,11,Alfonso Ribeiro,rank,0.9425749401016069,0.008009329498918605,0.00831199808073511,2.5883103532961657e-17,0.056064541229808425,0.0560645412298084,6.744202354591506,1199.9999999999998,0.9999999999999998,,,False,4,True,1200,10.0,0.15
19,11,Bethany Mota,rank,2.595516709644886e-05,0.41274957525163775,0.40587518912824583,0.16735958063138026,0.6534953147578244,0.4861357341264442,1.1977439109462973,1199.9999999999998,0.9999999999999998,,,False,4,True,1200,10.0,0.15
19,11,Janel Parrish,rank,0.0104710617466227,0.24393663796825768,0.24340258898031814,0.06121729023037602,0.48718257421494776,0.42596528398457173,1.7500369890561298,1199.9999999999998,0.9999999999999998,,,False,4,True,1200,10.0,0.15
19,11,Sadie Robertson,rank,0.04692804298467397,0.3353044572811861,0.34241022381070035,0.12600538524463714,0.5968041254581933,0.47079874021355617,1.3749512500613414,1199.9999999999998,0.9999999999999998,,,False,4,True,1200,10.0,0.15
20,1,Charlotte McKinney,rank,4.542248453431491e-17,0.015989476059574407,0.01551135036846565,2.513839365938466e-10,0.0795496391075546,0.07954963885617065,5.128148666489863,1199.9999999999998,0.9999999999999998,,,False,12,False,1200,10.0,0.15
20,1,Chris Soules,rank,1.0971779678763813e-09,0.1943591918939249,0.19463478513889493,0.04119247986412808,0.4153818132694607,0.37418933340533267,1.922510463008155,1199.9999999999998,0.9999999999999998,,,False,12,False,1200,10.0,0.15
20,1,Michael Sam,rank,2.4481349568358574e-10,0.026576965681879033,0.02700663060182279,9.62254211028535e-07,0.1321925282523913,0.13219156599818027,4.894600638874942,1199.9999999999998,0.9999999999999998,,,False,12,False,1200,10.0,0.15
20,1,Nastia Liukin,rank,0.0035866938376815376,0.06395866685270665,0.06874084418044385,0.0010436441784773232,0.24528947345656057,0.24424582927808325,3.5530881108884764,1199.9999999999998,0.9999999999999998,,,False,12,False,1200,10.0,0.15
20,1,Noah Galloway,rank,1.0971779678763813e-09,0.2296820513068153,0.2284718795329015,0.06014453532400984,0.4645790164669726,0.40443448114296277,1.7701640648544534,1199.9999999999998,0.9999999999999998,,,False,12,False,1200,10.0,0.15
20,1,Patti LaBelle,rank,1.218854624697445e-11,0.04806618922572615,0.04931134420546503,0.00017779608086276942,0.1900051528027276,0.18982735672186482,3.849489611179897,1199.9999999999998,0.9999999999999998,,,False,12,False,1200,10.0,0.15
20,1,Redfoo,rank,4.542248453431491e-17,0.010233053297447404,0.00964679672179046,1.1197519782090772e-14,0.05408880802031294,0.05408880802030174,5.606337859310102,1199.9999999999998,0.9999999999999998,,,False,12,False,1200,10.0,0.15
20,1,Riker Lynch,rank,0.11877498747228074,0.11344846708823245,0.10928694715499015,0.007597776212783217,0.29773084747308465,0.2901330712603014,2.6547581761128702,1199.9999999999998,0.9999999999999998,,,False,12,False,1200,10.0,0.15
20,1,Robert Herjavec,rank,3.270641426547312e-06,0.18610754485924916,0.18816525474357612,0.03588349190243032,0.405624043399494,0.36974055149706364,1.9649673742028197,1199.9999999999998,0.9999999999999998,,,False,12,False,1200,10.0,0.15
20,1,Rumer Willis,rank,0.8776350455824675,0.006301846931539191,0.006542596786652654,1.1701794491170522e-22,0.04349884944575111,0.04349884944575111,6.6475442885598,1199.9999999999998,0.9999999999999998,,,False,12,False,1200,10.0,0.15
20,1,Suzanne Somers,rank,7.392726996115355e-12,0.022538167036944175,0.02194784804901207,1.1331464947270406e-07,0.11129783843652799,0.11129772512187852,5.070777512940507,1199.9999999999998,0.9999999999999998,,,False,12,False,1200,10.0,0.15
20,1,Willow Shields,rank,7.392726996115355e-12,0.08273837976596131,0.08073372251598501,0.0022349122959647223,0.24541628131207371,0.24318136901610898,3.0121038561563207,1199.9999999999998,0.9999999999999998,,,False,12,False,1200,10.0,0.15
20,2,Charlotte McKinney,rank,2.04644815348487e-14,0.013088890482708624,0.013643623170075014,1.3423238900950737e-11,0.06669329735908605,0.06669329734566282,4.887881219902987,1182.3963181702834,0.9853302651419028,0.195,0.20484529033368884,True,12,False,1200,10.0,0.15
20,2,Chris Soules,rank,6.865068754342774e-18,0.15910128505814514,0.16053977300050548,0.02448724294219842,0.3761535398404612,0.3516662968982628,2.1905107987561236,1182.3963181702834,0.9853302651419028,0.195,0.20484529033368884,True,12,False,1200,10.0,0.15
20,2,Michael Sam,rank,2.2442029021162e-11,0.021755746854671455,0.02194018530571463,9.062140692132227e-08,0.11108739050095878,0.11108729987955186,5.062958009411593,1182.3963181702834,0.9853302651419028,0.195,0.20484529033368884,True,12,False,1200,10.0,0.15
20,2,Nastia Liukin,rank,0.9801147527557864,0.0009442265163934508,0.0010075068028433736,1.862708193608686e-148,9.732693659176687e-05,9.732693659176687e-05,0.09650597925305443,1182.3963181702834,0.9853302651419028,0.195,0.20484529033368884,True,12,False,1200,10.0,0.15
20,2,Noah Galloway,rank,4.110400994820958e-13,0.18801636887638032,0.185676209380005,0.03247371857914244,0.404653690506816,0.37217997192767355,2.004446173929585,1182.3963181702834,0.9853302651419028,0.195,0.20484529033368884,True,12,False,1200,10.0,0.15
20,2,Patti LaBelle,rank,2.2442029021162e-11,0.03934669806103401,0.03866977896983176,3.051817333359647e-05,0.16019788012807767,0.16016736195474407,4.141818867411372,1182.3963181702834,0.9853302651419028,0.195,0.20484529033368884,True,12,False,1200,10.0,0.15
20,2,Redfoo,rank,7.336338274370185e-05,0.00837419026413419,0.005035295219389401,1.71022401191906e-17,0.02755892497352295,0.02755892497352293,5.472063048929877,1182.3963181702834,0.9853302651419028,0.195,0.20484529033368884,True,12,True,1200,10.0,0.15
20,2,Riker Lynch,rank,0.006603961257090246,0.14729336054603928,0.14940690747946878,0.019416017599457075,0.3653532637060486,0.3459372461065915,2.315387799364831,1182.3963181702834,0.9853302651419028,0.195,0.20484529033368884,True,12,False,1200,10.0,0.15
20,2,Robert Herjavec,rank,2.2442029021162e-11,0.15234858378520147,0.15167152559667885,0.019353665700757736,0.3576252949131552,0.33827162921239745,2.2302762341540685,1182.3963181702834,0.9853302651419028,0.195,0.20484529033368884,True,12,False,1200,10.0,0.15
20,2,Rumer Willis,rank,0.006603961257090246,0.18536635079054384,0.18615343099670179,0.03258792444111585,0.409545125333653,0.37695720089253715,2.024970337124105,1182.3963181702834,0.9853302651419028,0.195,0.20484529033368884,True,12,False,1200,10.0,0.15
20,2,Suzanne Somers,rank,2.2442029021162e-11,0.01844961016297224,0.017741039681864357,1.7384760235262437e-09,0.08963735364177708,0.08963735190330105,5.052257435481163,1182.3963181702834,0.9853302651419028,0.195,0.20484529033368884,True,12,False,1200,10.0,0.15
20,2,Willow Shields,rank,0.006603961257090246,0.06591468860177596,0.0685147243969216,0.001104356111852542,0.22872268616655883,0.22761833005470627,3.322132722936417,1182.3963181702834,0.9853302651419028,0.195,0.20484529033368884,True,12,False,1200,10.0,0.15
20,3,Charlotte McKinney,rank,1.2704441695183708e-14,0.01499581617887858,0.009142270292018253,8.534655947790596e-11,0.04883238190954229,0.048832381824195734,5.340800420919926,1171.1077037989653,0.9759230864991377,0.4058333333333333,0.437417372402632,True,11,True,1200,10.0,0.15
20,3,Chris Soules,rank,4.153104060911457e-08,0.18228078386505842,0.18433168996391197,0.03666606860548184,0.39326863351661384,0.356602564911132,1.934559545466116,1171.1077037989653,0.9759230864991377,0.4058333333333333,0.437417372402632,True,11,False,1200,10.0,0.15
20,3,Michael Sam,rank,6.936390137609734e-13,0.02492535032874083,0.02608780228260165,3.0444450725478156e-07,0.1303491723672758,0.13034886792276856,4.9963530909081575,1171.1077037989653,0.9759230864991377,0.4058333333333333,0.437417372402632,True,11,False,1200,10.0,0.15
20,3,Nastia Liukin,rank,0.6084596235566123,0.004987101903556602,0.004793949199863742,1.596597600493868e-26,0.029284750630627313,0.029284750630627313,6.107416243629754,1171.1077037989653,0.9759230864991377,0.4058333333333333,0.437417372402632,True,11,False,1200,10.0,0.15
20,3,Noah Galloway,rank,1.6754817605432876e-05,0.21539370880756106,0.21958215535290546,0.057555856145773826,0.4420078838160816,0.3844520276703077,1.7508265925609434,1171.1077037989653,0.9759230864991377,0.4058333333333333,0.437417372402632,True,11,False,1200,10.0,0.15
20,3,Patti LaBelle,rank,1.2704441695183708e-14,0.04507913426298309,0.046779468174549685,0.00010903551307791842,0.17765171014481934,0.17754267463174142,3.7952308208905707,1171.1077037989653,0.9759230864991377,0.4058333333333333,0.437417372402632,True,11,False,1200,10.0,0.15
20,3,Riker Lynch,rank,0.36904941688429266,0.03801827255600141,0.037001454330124875,3.504630926828515e-05,0.154021585397034,0.15398653908776572,4.161522306437937,1171.1077037989653,0.9759230864991377,0.4058333333333333,0.437417372402632,True,11,False,1200,10.0,0.15
20,3,Robert Herjavec,rank,5.059516514022689e-07,0.17454394685222605,0.17474033085439217,0.02953195256303923,0.3844029232929941,0.3548709707299548,2.0308359161214153,1171.1077037989653,0.9759230864991377,0.4058333333333333,0.437417372402632,True,11,False,1200,10.0,0.15
20,3,Rumer Willis,rank,0.0183738885495386,0.20233888008158205,0.19955930517118914,0.04801210687611163,0.42217480772775673,0.3741627008516451,1.8749355014799989,1171.1077037989653,0.9759230864991377,0.4058333333333333,0.437417372402632,True,11,False,1200,10.0,0.15
20,3,Suzanne Somers,rank,1.393211202225951e-11,0.02113754125692099,0.021755981020438186,5.7547222099721245e-08,0.1122300088141491,0.112229951266927,5.158342104610003,1171.1077037989653,0.9759230864991377,0.4058333333333333,0.437417372402632,True,11,False,1200,10.0,0.15
20,3,Willow Shields,rank,0.004099768694607949,0.0762994639064909,0.07622559335800502,0.0020760324576853655,0.22853253143512234,0.22645649897743697,2.9708332617445428,1171.1077037989653,0.9759230864991377,0.4058333333333333,0.437417372402632,True,11,False,1200,10.0,0.15
20,4,Chris Soules,rank,7.668634622143315e-15,0.1632385934443275,0.16268837928772614,0.022933649810230435,0.3716870628002465,0.34875341299001605,2.1436765848938686,1151.6098870093601,0.9596749058411335,0.3616666666666667,0.40510507840045307,True,10,False,1200,10.0,0.15
20,4,Michael Sam,rank,1.386521665780136e-11,0.022321488570723327,0.013879766820069517,1.1598842006091716e-08,0.06563775293394376,0.06563774133510175,4.728682657517117,1151.6098870093601,0.9596749058411335,0.3616666666666667,0.40510507840045307,True,10,True,1200,10.0,0.15
20,4,Nastia Liukin,rank,0.0015009788594445815,0.05418035509289421,0.055172702866657035,0.00046746112444606014,0.20862221097839087,0.2081547498539448,3.7727166936214167,1151.6098870093601,0.9596749058411335,0.3616666666666667,0.40510507840045307,True,10,False,1200,10.0,0.15
20,4,Noah Galloway,rank,1.5205056335739582e-08,0.192905580051134,0.19082637090219107,0.0399016320047588,0.40481724460474783,0.36491561259998906,1.9122812984046573,1151.6098870093601,0.9596749058411335,0.3616666666666667,0.40510507840045307,True,10,False,1200,10.0,0.15
20,4,Patti LaBelle,rank,2.285987762658284e-11,0.040369879135820276,0.04619339133676767,4.1148440946888675e-05,0.1877947124216228,0.1877535639806759,4.064423375814382,1151.6098870093601,0.9596749058411335,0.3616666666666667,0.40510507840045307,True,10,False,1200,10.0,0.15
20,4,Riker Lynch,rank,6.134157532516487e-06,0.15527973496078656,0.15666393333372963,0.02101758877165005,0.3681499559353414,0.34713236716369134,2.2157630286301884,1151.6098870093601,0.9596749058411335,0.3616666666666667,0.40510507840045307,True,10,False,1200,10.0,0.15
20,4,Robert Herjavec,rank,6.134157532516487e-06,0.15630635066125861,0.1554363103622671,0.021917342629384638,0.349720114887773,0.32780277225838833,2.1089066163998904,1151.6098870093601,0.9596749058411335,0.3616666666666667,0.40510507840045307,True,10,False,1200,10.0,0.15
20,4,Rumer Willis,rank,0.00012320784761200967,0.19532302398100937,0.19893048489024573,0.042218921863470614,0.41765565050924763,0.37543672864577704,1.8872665071238603,1151.6098870093601,0.9596749058411335,0.3616666666666667,0.40510507840045307,True,10,False,1200,10.0,0.15
20,4,Suzanne Somers,rank,5.6663971425218804e-14,0.018929378299970503,0.019272265071175125,6.5530281637361454e-09,0.1106587025535213,0.11065869600049313,5.741564576206292,1151.6098870093601,0.9596749058411335,0.3616666666666667,0.40510507840045307,True,10,False,1200,10.0,0.15
20,4,Willow Shields,rank,0.9983635297360326,0.0011456158020755295,0.0009363951291712766,4.738192013549819e-110,0.0008701942760362773,0.0008701942760362773,0.9283110707067471,1151.6098870093601,0.9596749058411335,0.3616666666666667,0.40510507840045307,True,10,False,1200,10.0,0.15
20,5,Chris Soules,rank,9.201305963823077e-10,0.20887270924164492,0.2119890574503223,0.047122183775053963,0.4293390401620386,0.38221685638698466,1.8029942582404048,1155.3312709558336,0.9627760591298613,0.6358333333333334,0.6979412226920441,True,9,False,1200,10.0,0.15
20,5,Nastia Liukin,rank,0.164227026028944,0.035506118311310016,0.0333287476279684,1.2343076478725068e-05,0.1416135965769981,0.14160125350051936,4.248494620514191,1155.3312709558336,0.9627760591298613,0.6358333333333334,0.6979412226920441,True,9,False,1200,10.0,0.15
20,5,Noah Galloway,rank,1.120948543348595e-08,0.24683324633827058,0.249564286446606,0.06879338906544737,0.48774575962332023,0.4189523705578729,1.6787285464379154,1155.3312709558336,0.9627760591298613,0.6358333333333334,0.6979412226920441,True,9,False,1200,10.0,0.15
20,5,Patti LaBelle,rank,9.201305963823077e-10,0.05165546853676289,0.055286218654601454,0.00021258875604370544,0.19750411533019974,0.19729152657415602,3.5684834827142424,1155.3312709558336,0.9627760591298613,0.6358333333333334,0.6979412226920441,True,9,False,1200,10.0,0.15
20,5,Riker Lynch,rank,0.09960872643997926,0.1319175305998833,0.13132091065535711,0.012745116268937665,0.3222412069577692,0.30949609068883155,2.3567741981844677,1155.3312709558336,0.9627760591298613,0.6358333333333334,0.6979412226920441,True,9,False,1200,10.0,0.15
20,5,Robert Herjavec,rank,5.089098513538592e-13,0.20000757100095987,0.19976533839545732,0.04145712664481919,0.4239971746161456,0.3825400479713264,1.9149374766736242,1155.3312709558336,0.9627760591298613,0.6358333333333334,0.6979412226920441,True,9,False,1200,10.0,0.15
20,5,Rumer Willis,rank,0.7360144676080433,0.012124159858489887,0.01208696555089954,4.707770097712816e-13,0.07374022543103652,0.07374022543056574,6.100300759467195,1155.3312709558336,0.9627760591298613,0.6358333333333334,0.6979412226920441,True,9,False,1200,10.0,0.15
20,5,Suzanne Somers,rank,1.120948543348595e-08,0.024221173921344843,0.01577018440565089,1.8946898153768137e-07,0.07678378534979954,0.07678359588081801,4.868600474502478,1155.3312709558336,0.9627760591298613,0.6358333333333334,0.6979412226920441,True,9,True,1200,10.0,0.15
20,5,Willow Shields,rank,0.00014975566329244617,0.08886202219133374,0.09088829081313683,0.0039181785312247044,0.2626150649901978,0.2586968864589731,2.846285675072975,1155.3312709558336,0.9627760591298613,0.6358333333333334,0.6979412226920441,True,9,False,1200,10.0,0.15
20,6,Chris Soules,rank,5.0025349749918e-07,0.1870232287849941,0.1906952878589905,0.03406960889052974,0.41012420147122014,0.3760545925806904,1.9720079336770426,1110.6088673206032,0.9255073894338359,0.49666666666666665,0.5973418288506347,True,8,False,1200,10.0,0.15
20,6,Nastia Liukin,rank,0.004053596075298978,0.06142666853546145,0.06349388410513818,0.0007071203392336596,0.20664022572473853,0.20593310538550488,3.2433023272317496,1110.6088673206032,0.9255073894338359,0.49666666666666665,0.5973418288506347,True,8,False,1200,10.0,0.15
20,6,Noah Galloway,rank,1.2400044458110511e-09,0.22101330301580258,0.21869492425657713,0.05968640695943334,0.44033540199514437,0.38064899503571104,1.740539958984916,1110.6088673206032,0.9255073894338359,0.49666666666666665,0.5973418288506347,True,8,False,1200,10.0,0.15
20,6,Patti LaBelle,rank,2.0444217055714043e-09,0.04625205627162942,0.030126623570549932,5.861753672131788e-05,0.12064849188498335,0.12058987434826203,4.0026347934770365,1110.6088673206032,0.9255073894338359,0.49666666666666665,0.5973418288506347,True,8,True,1200,10.0,0.15
20,6,Riker Lynch,rank,0.9918822562835672,0.003012228218368995,0.0028713283069345223,4.377665932796431e-46,0.009034170538377566,0.009034170538377566,3.145243012982467,1110.6088673206032,0.9255073894338359,0.49666666666666665,0.5973418288506347,True,8,False,1200,10.0,0.15
20,6,Robert Herjavec,rank,1.6781635288849756e-10,0.17908581079866137,0.181680691155088,0.02894349725374136,0.4020905421677165,0.37314704491397516,2.0538505698708382,1110.6088673206032,0.9255073894338359,0.49666666666666665,0.5973418288506347,True,8,False,1200,10.0,0.15
20,6,Rumer Willis,rank,1.0047860094973549e-05,0.2238871258950261,0.22962158431258037,0.05725461090959065,0.47666276973639776,0.4194081588268071,1.8265109247959497,1110.6088673206032,0.9255073894338359,0.49666666666666665,0.5973418288506347,True,8,False,1200,10.0,0.15
20,6,Willow Shields,rank,0.004053596075298978,0.07829957848005595,0.08281567643414162,0.0026546237952322508,0.2503269639968869,0.24767234020165466,2.990609510858738,1110.6088673206032,0.9255073894338359,0.49666666666666665,0.5973418288506347,True,8,False,1200,10.0,0.15
20,7,Chris Soules,rank,7.568953652279703e-10,0.17498048979053146,0.17612978720075928,0.03124241792770957,0.39177590479816243,0.36053348687045284,2.0469646028408746,1064.1273838631923,0.8867728198859937,0.5233333333333333,0.6641429607681026,True,7,False,1200,10.0,0.15
20,7,Nastia Liukin,rank,0.9982055170200668,0.0009640187902175089,0.0011970373220102813,1.7757335011666957e-134,0.0005895464714228562,0.0005895464714228562,0.492093577213112,1064.1273838631923,0.8867728198859937,0.5233333333333333,0.6641429607681026,True,7,False,1200,10.0,0.15
20,7,Noah Galloway,rank,0.00020310324848549978,0.2066088399526151,0.21745396015424623,0.05365726343616636,0.4479071808969762,0.39424991746080984,1.8130187381385026,1064.1273838631923,0.8867728198859937,0.5233333333333333,0.6641429607681026,True,7,False,1200,10.0,0.15
20,7,Riker Lynch,rank,4.531846036123591e-05,0.1664223271588882,0.17500446510116346,0.031650060438146534,0.3759328448721316,0.344282784433985,1.9672687606353854,1064.1273838631923,0.8867728198859937,0.5233333333333333,0.6641429607681026,True,7,False,1200,10.0,0.15
20,7,Robert Herjavec,rank,7.568953652279703e-10,0.16755383089675216,0.16283695548118782,0.028208730504065017,0.3704438612380281,0.34223513073396306,2.1016914006482996,1064.1273838631923,0.8867728198859937,0.5233333333333333,0.6641429607681026,True,7,False,1200,10.0,0.15
20,7,Rumer Willis,rank,4.531846036123591e-05,0.20943985092845147,0.21785098543374826,0.04864005004049916,0.4447575143644333,0.39611746432393413,1.8182871436092503,1064.1273838631923,0.8867728198859937,0.5233333333333333,0.6641429607681026,True,7,False,1200,10.0,0.15
20,7,Willow Shields,rank,0.0015007412969344094,0.07403064248254418,0.049526809306884044,0.0008695803998935131,0.1635130776364871,0.16264349723659358,3.2838823180896712,1064.1273838631923,0.8867728198859937,0.5233333333333333,0.6641429607681026,True,7,True,1200,10.0,0.15
20,8,Chris Soules,rank,1.9837457859001636e-06,0.24482662411887085,0.24585597944636228,0.06549538918626116,0.47860664364776784,0.41311125446150665,1.680290937405068,1199.9999999999998,0.9999999999999998,,,False,6,True,1200,10.0,0.15
20,8,Nastia Liukin,rank,0.0035866965204059725,0.08056687118178822,0.07689756430815106,0.0021409766803792037,0.22861460779126017,0.22647363111088095,2.9450957004001608,1199.9999999999998,0.9999999999999998,,,False,6,False,1200,10.0,0.15
20,8,Noah Galloway,rank,4.426335149016763e-07,0.2893232732661787,0.2904371122755848,0.09931531821017058,0.5464430276546532,0.44712770944448266,1.5394939250266908,1199.9999999999998,0.9999999999999998,,,False,6,False,1200,10.0,0.15
20,8,Riker Lynch,rank,0.11877507631191289,0.14290768155906142,0.14596254013907567,0.019628960881039326,0.353843022956237,0.33421406207519766,2.289709209277569,1199.9999999999998,0.9999999999999998,,,False,6,False,1200,10.0,0.15
20,8,Robert Herjavec,rank,9.876488706707344e-08,0.23443731804323265,0.23286682895822317,0.05546329300436723,0.45984700642164844,0.4043837134172812,1.7365374823408013,1199.9999999999998,0.9999999999999998,,,False,6,True,1200,10.0,0.15
20,8,Rumer Willis,rank,0.8776357020234933,0.007938231830868302,0.007979974872602782,1.0249362700031123e-17,0.04626452211522847,0.04626452211522846,5.796850992984084,1199.9999999999998,0.9999999999999998,,,False,6,False,1200,10.0,0.15
20,9,Nastia Liukin,rank,0.49538030581346526,0.01740928521647,0.009879853095381308,8.438944093406369e-10,0.051456283929331506,0.05145628308543709,5.2076761579918385,1098.6712342468907,0.9155593618724089,0.0075,0.01049402522814508,True,4,True,1200,10.0,0.15
20,9,Noah Galloway,rank,0.00016618157919933503,0.47202053450500936,0.47746724373406524,0.2668343622269809,0.6894320453493492,0.4225976831223683,0.8850801884067119,1098.6712342468907,0.9155593618724089,0.0075,0.01049402522814508,True,4,False,1200,10.0,0.15
20,9,Riker Lynch,rank,0.49538030581346526,0.0495888878778472,0.04410231466719041,0.00018212388856199833,0.1651923799181488,0.1650102560295868,3.7414479450076836,1098.6712342468907,0.9155593618724089,0.0075,0.01049402522814508,True,4,False,1200,10.0,0.15
20,9,Rumer Willis,rank,0.009073206793870135,0.46098129240067354,0.46855058850336323,0.25881928705743307,0.6878662982289846,0.42904701117155153,0.9156878809055022,1098.6712342468907,0.9155593618724089,0.0075,0.01049402522814508,True,4,False,1200,10.0,0.15
20,10,Noah Galloway,rank,0.001237841936635777,0.810091730348918,0.8145101139335647,0.5870981483974366,0.9660495587354353,0.37895141033799873,0.465250140673842,1199.9999999999998,0.9999999999999998,,,False,3,True,1200,10.0,0.15
20,10,Riker Lynch,rank,0.49938107903168216,0.08408660946648006,0.08581506605831307,0.002722886332935617,0.26553024420080107,0.26280735786786547,3.062449375030599,1199.9999999999998,0.9999999999999998,,,False,3,True,1200,10.0,0.15
20,10,Rumer Willis,rank,0.49938107903168216,0.10582166018460186,0.09967482000812203,0.006638328371112818,0.28003753953311566,0.27339921116200283,2.742883992724866,1199.9999999999998,0.9999999999999998,,,False,3,True,1200,10.0,0.15
21,1,Alek Skarlatos,rank,0.00016465922627960464,0.17763304931825993,0.17505317096477288,0.029650566335276813,0.39033745564232303,0.36068688930704623,2.0604301361070068,1199.9999999999998,0.9999999999999998,,,False,13,False,1200,10.0,0.15
21,1,Alexa PenaVega,rank,0.00016465922627960464,0.17440820289199177,0.17787594398978226,0.027188893141022227,0.4137402856825596,0.38655139254153736,2.173139384291097,1199.9999999999998,0.9999999999999998,,,False,13,False,1200,10.0,0.15
21,1,Andy Grammer,rank,3.015838928235608e-06,0.060269656252058074,0.06228520657365039,0.0008238955638540047,0.21271802220862351,0.2118941266447695,3.4019430352403157,1199.9999999999998,0.9999999999999998,,,False,13,False,1200,10.0,0.15
21,1,Bindi Irwin,rank,0.49084223571829866,0.025469995535851477,0.023937994774768212,3.77135894650454e-07,0.11137535729557943,0.11137498015968478,4.652450163741813,1199.9999999999998,0.9999999999999998,,,False,13,False,1200,10.0,0.15
21,1,Carlos PenaVega,rank,0.0089900891407553,0.1680138226889416,0.1753230623228066,0.03075327147116612,0.3982557543564954,0.3675024828853293,2.096132601631622,1199.9999999999998,0.9999999999999998,,,False,13,False,1200,10.0,0.15
21,1,Chaka Khan,rank,3.3938796071413727e-13,0.03321057160891424,0.03339835461293436,7.460644892372575e-06,0.14506238553835235,0.14505492489345997,4.343045743682887,1199.9999999999998,0.9999999999999998,,,False,13,False,1200,10.0,0.15
21,1,Gary Busey,rank,5.036963941096627e-11,0.007069513556987147,0.006334908341888969,7.749995602104609e-21,0.034566278839646074,0.034566278839646074,5.455615355278417,1199.9999999999998,0.9999999999999998,,,False,13,False,1200,10.0,0.15
21,1,Hayes Grier,rank,3.015838928235608e-06,0.044588663018892485,0.044701233257881015,0.00013230977040362194,0.17507648380605706,0.17494417403565343,3.913544386617658,1199.9999999999998,0.9999999999999998,,,False,13,False,1200,10.0,0.15
21,1,Kim Zolciak-Biermann,rank,2.7858660288187776e-14,0.05810491149459384,0.056162390458902076,0.000372179708623386,0.19811838522124592,0.19774620551262254,3.520909330737869,1199.9999999999998,0.9999999999999998,,,False,13,False,1200,10.0,0.15
21,1,Nick Carter,rank,0.49084223571829866,0.019796451579356084,0.01889127914875277,1.1062693089258323e-08,0.0996491403744972,0.0996491293118041,5.274595432726428,1199.9999999999998,0.9999999999999998,,,False,13,False,1200,10.0,0.15
21,1,Paula Deen,rank,5.036963941096627e-11,0.01704276718915656,0.014297185923190996,6.72511380430614e-10,0.07684486688151569,0.07684486620900431,5.374448662355515,1199.9999999999998,0.9999999999999998,,,False,13,False,1200,10.0,0.15
21,1,Tamar Braxton,rank,0.0089900891407553,0.16358720420651707,0.16450588564941626,0.024916909725887622,0.38065828295318077,0.35574137322729316,2.162471022552942,1199.9999999999998,0.9999999999999998,,,False,13,False,1200,10.0,0.15
21,1,Victor Espinoza,rank,5.036963941096627e-11,0.0508051906584798,0.047233383981253235,0.00021505461056946871,0.17839739711852234,0.17818234250795287,3.7723016050907177,1199.9999999999998,0.9999999999999998,,,False,13,False,1200,10.0,0.15
21,2,Alek Skarlatos,rank,5.4110446975787905e-06,0.1663443312964701,0.16678974977464153,0.02570815940029576,0.37565035538541613,0.3499421959851204,2.0980911498865673,1199.9999999999998,0.9999999999999998,,,False,13,False,1200,10.0,0.15
21,2,Alexa PenaVega,rank,0.00010868373806623766,0.16325508458905208,0.16014801310946292,0.02477285291504799,0.37917916447959565,0.35440631156454766,2.2129784297971824,1199.9999999999998,0.9999999999999998,,,False,13,False,1200,10.0,0.15
21,2,Andy Grammer,rank,7.323052667527968e-07,0.05640305661961931,0.055023831846701135,0.0005381026039045585,0.19679730103301038,0.19625919842910583,3.5667387221806117,1199.9999999999998,0.9999999999999998,,,False,13,False,1200,10.0,0.15
21,2,Bindi Irwin,rank,0.11918619094538949,0.10988416878932374,0.11312581493026211,0.009053252975104075,0.3063430026549314,0.29728974967982735,2.627933526309336,1199.9999999999998,0.9999999999999998,,,False,13,False,1200,10.0,0.15
21,2,Carlos PenaVega,rank,5.4110446975787905e-06,0.16315101221014128,0.16327592337597308,0.02316678176395091,0.36868852655462797,0.34552174479067704,2.1161701093243535,1199.9999999999998,0.9999999999999998,,,False,13,False,1200,10.0,0.15
21,2,Chaka Khan,rank,9.154935283011172e-16,0.031079655643804046,0.031131646899582546,4.537786140505839e-06,0.1533198030365887,0.1533152652504482,4.924581766046496,1199.9999999999998,0.9999999999999998,,,False,13,True,1200,10.0,0.15
21,2,Gary Busey,rank,3.031698195494937e-14,0.00661590681283437,0.006661658918455897,4.5750471169073385e-23,0.04236038672090259,0.04236038672090259,6.357880125540001,1199.9999999999998,0.9999999999999998,,,False,13,False,1200,10.0,0.15
21,2,Hayes Grier,rank,1.4708744474408096e-05,0.0417256793885834,0.042711939985023976,6.221663447041688e-05,0.17422557012021264,0.17416335348574222,4.077531388539572,1199.9999999999998,0.9999999999999998,,,False,13,False,1200,10.0,0.15
21,2,Kim Zolciak-Biermann,rank,7.418320894976062e-12,0.05437668046410768,0.05575654166654735,0.0004899443221388013,0.20659343309285685,0.20610348877071805,3.6964235260460416,1199.9999999999998,0.9999999999999998,,,False,13,True,1200,10.0,0.15
21,2,Nick Carter,rank,5.4110446975787905e-06,0.13942081721934066,0.13898458358990787,0.015108919379233364,0.3476574738947553,0.33254855451552195,2.3926838016289715,1199.9999999999998,0.9999999999999998,,,False,13,False,1200,10.0,0.15
21,2,Paula Deen,rank,7.418320894976062e-12,0.01594923874803605,0.015718292323206724,8.586437118745007e-10,0.09051661199982985,0.09051661114118614,5.758313369333717,1199.9999999999998,0.9999999999999998,,,False,13,False,1200,10.0,0.15
21,2,Tamar Braxton,rank,0.8806734511133432,0.004249030864266194,0.0050579455539174634,1.955776892414453e-33,0.021069964547241114,0.021069964547241114,4.164892530010587,1199.9999999999998,0.9999999999999998,,,False,13,False,1200,10.0,0.15
21,2,Victor Espinoza,rank,4.499439066389845e-12,0.047545337354421284,0.045614058026317225,0.00016417042433817963,0.173312120862725,0.17314795043838682,3.7958507109316963,1199.9999999999998,0.9999999999999998,,,False,13,True,1200,10.0,0.15
21,3,Alek Skarlatos,rank,3.742306918063011e-05,0.20108269849201754,0.20245351242776827,0.04491797020755711,0.43474492239757395,0.38982695219001684,1.925503894753145,1199.9999999999998,0.9999999999999998,,,False,10,False,1200,10.0,0.15
21,3,Alexa PenaVega,rank,0.4999619813807563,0.02527251524288106,0.02392301247433381,3.1776036631546616e-07,0.110754359279516,0.11075404151914969,4.629409119309271,1199.9999999999998,0.9999999999999998,,,False,10,False,1200,10.0,0.15
21,3,Andy Grammer,rank,1.3946279947091472e-10,0.06819111852967326,0.06746518933057036,0.0009533002461216997,0.22519492507006192,0.22424162482394022,3.323763014466442,1199.9999999999998,0.9999999999999998,,,False,10,False,1200,10.0,0.15
21,3,Bindi Irwin,rank,1.130078768887438e-06,0.2168705857365403,0.21785038287070338,0.04500257855480106,0.4479291429651886,0.40292656441038754,1.8495478848969613,1199.9999999999998,0.9999999999999998,,,False,10,False,1200,10.0,0.15
21,3,Carlos PenaVega,rank,5.626330892767039e-08,0.19725281135660236,0.1997004625703061,0.041048476404127475,0.43074249871651166,0.3896940223123842,1.951382915762022,1199.9999999999998,0.9999999999999998,,,False,10,False,1200,10.0,0.15
21,3,Gary Busey,rank,2.0967383868694506e-13,0.007998586503166753,0.007114605890202888,4.2311586324991435e-18,0.04412778386661735,0.044127783866617344,6.201549741164644,1199.9999999999998,0.9999999999999998,,,False,10,False,1200,10.0,0.15
21,3,Hayes Grier,rank,4.618373635903816e-09,0.050449113834107606,0.04942414673855503,0.00015641395173737822,0.19723503488769173,0.19707862093595435,3.9874160005724253,1199.9999999999998,0.9999999999999998,,,False,10,False,1200,10.0,0.15
21,3,Nick Carter,rank,0.4999619813807563,0.02157371562144218,0.020866291035681876,4.2537558051563235e-08,0.11174637407467762,0.11174633153711958,5.355095270681744,1199.9999999999998,0.9999999999999998,,,False,10,False,1200,10.0,0.15
21,3,Paula Deen,rank,2.3292659481332486e-15,0.01928252156489428,0.017737535329984493,9.084713610235023e-09,0.0918391674637206,0.091839158379007,5.177381146219318,1199.9999999999998,0.9999999999999998,,,False,10,False,1200,10.0,0.15
21,3,Tamar Braxton,rank,3.742306918063011e-05,0.1920263331186747,0.19346486133189375,0.03600912494486259,0.4315898216396415,0.3955806966947789,2.044705427466368,1199.9999999999998,0.9999999999999998,,,False,10,False,1200,10.0,0.15
21,4,Alek Skarlatos,rank,7.203766826349167e-06,0.20530626256822765,0.20440336944398924,0.04614183801765155,0.437422510387855,0.3912806723702035,1.9142480830255537,1182.8856854291128,0.9857380711909273,0.7133333333333334,0.7373195517765625,True,10,False,1200,10.0,0.15
21,4,Alexa PenaVega,rank,2.9440148515278714e-08,0.20158496846603619,0.20045154368626875,0.040721172833506486,0.41482474760407523,0.37410357477056877,1.8662949738172634,1182.8856854291128,0.9857380711909273,0.7133333333333334,0.7373195517765625,True,10,False,1200,10.0,0.15
21,4,Andy Grammer,rank,1.6073776456352357e-06,0.06961430159286187,0.070847672190473,0.0013637280086060866,0.23034786794879844,0.22898413994019234,3.23201738099735,1182.8856854291128,0.9857380711909273,0.7133333333333334,0.7373195517765625,True,10,False,1200,10.0,0.15
21,4,Bindi Irwin,rank,0.7111253964447973,0.011891664164930215,0.011676115856451015,7.35590777288752e-13,0.06313985478866868,0.06313985478793309,5.407144672034021,1182.8856854291128,0.9857380711909273,0.7133333333333334,0.7373195517765625,True,10,False,1200,10.0,0.15
21,4,Carlos PenaVega,rank,0.00014469152457667064,0.20125118088570979,0.20929396070049966,0.04309253285431487,0.4525775855039061,0.40948505264959123,1.956497429651748,1182.8856854291128,0.9857380711909273,0.7133333333333334,0.7373195517765625,True,10,False,1200,10.0,0.15
21,4,Gary Busey,rank,7.297483221362797e-11,0.008165575003816358,0.004296074339541901,2.0622142374768703e-17,0.021105333163388047,0.021105333163388026,4.91155877131928,1182.8856854291128,0.9857380711909273,0.7133333333333334,0.7373195517765625,True,10,True,1200,10.0,0.15
21,4,Hayes Grier,rank,0.09624035694460513,0.03467051226671932,0.035180111384922365,9.886884101281623e-06,0.14654494180063538,0.1465350549165341,4.1651627577443415,1182.8856854291128,0.9857380711909273,0.7133333333333334,0.7373195517765625,True,10,False,1200,10.0,0.15
21,4,Nick Carter,rank,0.09624035694460513,0.11584248412299825,0.11252727319952055,0.00919399162651888,0.30019402106340254,0.29100002943688363,2.5860170174380985,1182.8856854291128,0.9857380711909273,0.7133333333333334,0.7373195517765625,True,10,False,1200,10.0,0.15
21,4,Paula Deen,rank,5.392151290365487e-10,0.019685087575975434,0.02208210584281672,1.0392369930249919e-08,0.11740236061768206,0.11740235022531212,5.316387606931713,1182.8856854291128,0.9857380711909273,0.7133333333333334,0.7373195517765625,True,10,False,1200,10.0,0.15
21,4,Tamar Braxton,rank,0.09624035694460513,0.13198796335272503,0.12924177335551706,0.013166989232335677,0.3408423014154625,0.32767531218312684,2.5353472668198447,1182.8856854291128,0.9857380711909273,0.7133333333333334,0.7373195517765625,True,10,False,1200,10.0,0.15
21,5,Alek Skarlatos,rank,9.033556665073057e-11,0.19296769033119557,0.19319085747995027,0.037983418054008386,0.41982479040048737,0.38184137234647897,1.976487918938856,1199.9999999999998,0.9999999999999998,,,False,9,False,1200,10.0,0.15
21,5,Alexa PenaVega,rank,0.8803023412168868,0.00507547390255383,0.004895262934500278,1.0045138783470107e-26,0.02457143754081691,0.02457143754081691,5.01840646009439,1199.9999999999998,0.9999999999999998,,,False,9,False,1200,10.0,0.15
21,5,Andy Grammer,rank,6.589224109451097e-05,0.06541136427386797,0.06610712757111298,0.0007572413227668226,0.230468308864504,0.22971106754173717,3.4747780035765703,1199.9999999999998,0.9999999999999998,,,False,9,False,1200,10.0,0.15
21,5,Bindi Irwin,rank,0.00048688146593160514,0.20767119278796417,0.21015554340693526,0.045675974852893535,0.4397669540036369,0.39409097915074337,1.875225832905178,1199.9999999999998,0.9999999999999998,,,False,9,False,1200,10.0,0.15
21,5,Carlos PenaVega,rank,0.11913596668244066,0.11596111436346884,0.1209053463017761,0.010908351060515948,0.31680605046705107,0.3058976994065351,2.5300384037991686,1199.9999999999998,0.9999999999999998,,,False,9,False,1200,10.0,0.15
21,5,Hayes Grier,rank,6.67494569710937e-10,0.04840571202712604,0.04653952118102566,0.00013182676526233146,0.16916154260916916,0.16902971584390683,3.631882745499193,1199.9999999999998,0.9999999999999998,,,False,9,False,1200,10.0,0.15
21,5,Nick Carter,rank,8.917545111620813e-06,0.16172914566091295,0.15974114627727,0.02586816669225497,0.36763186409037496,0.34176369739812,2.1394710498312,1199.9999999999998,0.9999999999999998,,,False,9,False,1200,10.0,0.15
21,5,Paula Deen,rank,3.6918081366567284e-13,0.018501497844566468,0.018163743467278528,1.8673675995679435e-08,0.09065777409562223,0.09065775542194623,4.990863514546992,1199.9999999999998,0.9999999999999998,,,False,9,False,1200,10.0,0.15
21,5,Tamar Braxton,rank,9.033556665073057e-11,0.1842768088083441,0.18030145138015063,0.03339379597256944,0.3940789275735049,0.36068513160093546,2.0004449681078658,1199.9999999999998,0.9999999999999998,,,False,9,False,1200,10.0,0.15
21,6,Alek Skarlatos,rank,2.990604904988145e-09,0.213736252548249,0.2194681675599945,0.05368910650576152,0.43791418428790546,0.38422507778214393,1.7507018505326561,1160.145683423382,0.966788069519485,0.7166666666666667,0.7703390614540416,True,9,False,1200,10.0,0.15
21,6,Alexa PenaVega,rank,2.990604904988145e-09,0.20985596904898174,0.21301272527797233,0.04513379374955009,0.43187170206081543,0.38673790831126537,1.8155539405106014,1160.145683423382,0.966788069519485,0.7166666666666667,0.7703390614540416,True,9,False,1200,10.0,0.15
21,6,Andy Grammer,rank,0.3237478973552717,0.019143124625399376,0.018863445008903378,1.3951549934806879e-08,0.09594783041383236,0.09594781646228243,5.086172236553915,1160.145683423382,0.966788069519485,0.7166666666666667,0.7703390614540416,True,9,False,1200,10.0,0.15
21,6,Bindi Irwin,rank,0.3237478973552717,0.06088182785846135,0.060454664818828795,0.0007981819127450538,0.21193415071556235,0.2111359688028173,3.492410007160477,1160.145683423382,0.966788069519485,0.7166666666666667,0.7703390614540416,True,9,False,1200,10.0,0.15
21,6,Carlos PenaVega,rank,0.0021813961734451826,0.20776118218849368,0.20592465889171319,0.045584758389360734,0.42237785621488205,0.37679309782552134,1.829753027638287,1160.145683423382,0.966788069519485,0.7166666666666667,0.7703390614540416,True,9,False,1200,10.0,0.15
21,6,Hayes Grier,rank,6.006790524180554e-08,0.05361546831586535,0.0541030411921544,0.0002423565239550692,0.20297223011275045,0.20272987358879538,3.7470375432545904,1160.145683423382,0.966788069519485,0.7166666666666667,0.7703390614540416,True,9,False,1200,10.0,0.15
21,6,Nick Carter,rank,0.026574845708897607,0.16059803871356626,0.16373229572452655,0.023575160737325608,0.3819490095687797,0.35837384883145407,2.1887658661339167,1160.145683423382,0.966788069519485,0.7166666666666667,0.7703390614540416,True,9,False,1200,10.0,0.15
21,6,Paula Deen,rank,2.727078678957567e-12,0.020492761540347515,0.012317540821972353,2.5904593170278172e-08,0.0678328992821923,0.06783287337759913,5.506567243468228,1160.145683423382,0.966788069519485,0.7166666666666667,0.7703390614540416,True,9,True,1200,10.0,0.15
21,6,Tamar Braxton,rank,0.3237478973552717,0.0539153751606356,0.05212346070393443,0.0002662991167113041,0.1910650813847416,0.1907987822680303,3.6604461646473885,1160.145683423382,0.966788069519485,0.7166666666666667,0.7703390614540416,True,9,False,1200,10.0,0.15
21,7,Alek Skarlatos,rank,1.1202152144407405e-07,0.1866964237511968,0.18880001661708218,0.03842462620911573,0.41075144695343635,0.3723268207443206,1.9720594063296666,1111.5315886598419,0.9262763238832016,0.49416666666666664,0.5919245528743324,True,8,False,1200,10.0,0.15
21,7,Alexa PenaVega,rank,4.519270724140335e-05,0.18327305932637403,0.18730015767239275,0.03719333354241357,0.41162567062658206,0.3744323370841685,1.9990924868659152,1111.5315886598419,0.9262763238832016,0.49416666666666664,0.5919245528743324,True,8,False,1200,10.0,0.15
21,7,Andy Grammer,rank,0.0024674382103701043,0.06266371045937083,0.06439742805768608,0.0006621658927787521,0.20567237187907747,0.2050102059862987,3.1834659970683914,1111.5315886598419,0.9262763238832016,0.49416666666666664,0.5919245528743324,True,8,False,1200,10.0,0.15
21,7,Bindi Irwin,rank,0.9954356202274847,0.0033592339066144975,0.003952394456671037,3.4215922414932204e-40,0.015257622149102472,0.015257622149102472,3.8593725762316624,1111.5315886598419,0.9262763238832016,0.49416666666666664,0.5919245528743324,True,8,False,1200,10.0,0.15
21,7,Carlos PenaVega,rank,0.0005505598830362365,0.18269841164416897,0.1810413973341819,0.0320471550784418,0.4015457904306886,0.3694986353522468,2.040950853463335,1111.5315886598419,0.9262763238832016,0.49416666666666664,0.5919245528743324,True,8,False,1200,10.0,0.15
21,7,Hayes Grier,rank,0.0014965769255359388,0.04654527652062569,0.03025480340905516,8.166518092722093e-05,0.11750952378400754,0.11742785860308032,3.8811680858534303,1111.5315886598419,0.9262763238832016,0.49416666666666664,0.5919245528743324,True,8,True,1200,10.0,0.15
21,7,Nick Carter,rank,2.2500124051566084e-06,0.15647746415981273,0.1627590280480773,0.023310148013484935,0.3728267249026554,0.3495165768891705,2.1474349757787436,1111.5315886598419,0.9262763238832016,0.49416666666666664,0.5919245528743324,True,8,False,1200,10.0,0.15
21,7,Tamar Braxton,rank,2.2500124051566084e-06,0.1782864202318364,0.18149477440485362,0.03201075242664223,0.3969264497685033,0.364915697341861,2.0106016161448568,1111.5315886598419,0.9262763238832016,0.49416666666666664,0.5919245528743324,True,8,False,1200,10.0,0.15
21,8,Alek Skarlatos,rank,5.013626848679138e-07,0.18779945246925456,0.19001994327356975,0.03624758022002271,0.3872061832131927,0.35095860299317,1.8469469572514499,1086.783513178456,0.9056529276487133,0.6133333333333333,0.736605948806681,True,7,False,1200,10.0,0.15
21,8,Alexa PenaVega,rank,2.7373475089438378e-05,0.18436966615704256,0.18739118863357557,0.0349672720044094,0.40045951635626176,0.36549224435185235,1.9504134458162046,1086.783513178456,0.9056529276487133,0.6133333333333333,0.736605948806681,True,7,False,1200,10.0,0.15
21,8,Andy Grammer,rank,1.513984122859944e-08,0.0636768350369671,0.04075366945636207,0.0005829071790120094,0.1379303750953259,0.1373474679163139,3.3701038371413667,1086.783513178456,0.9056529276487133,0.6133333333333333,0.736605948806681,True,7,True,1200,10.0,0.15
21,8,Bindi Irwin,rank,0.001494541099861693,0.2012738661155989,0.20669633324855535,0.04559434801401224,0.42022376869266415,0.3746294206786519,1.8124540592314113,1086.783513178456,0.9056529276487133,0.6133333333333333,0.736605948806681,True,7,False,1200,10.0,0.15
21,8,Carlos PenaVega,rank,0.004062583913639234,0.181143180367163,0.18518546207852024,0.03478537625519001,0.3961956486511339,0.36141027239594387,1.9516020142050319,1086.783513178456,0.9056529276487133,0.6133333333333333,0.736605948806681,True,7,False,1200,10.0,0.15
21,8,Nick Carter,rank,0.9940815078139231,0.002641045793218487,0.0023374772255856766,8.349504476368779e-50,0.007697780052815864,0.007697780052815864,3.291791756016755,1086.783513178456,0.9056529276487133,0.6133333333333333,0.736605948806681,True,7,False,1200,10.0,0.15
21,8,Tamar Braxton,rank,0.00033347719496055003,0.17909595406075532,0.18761592608383135,0.035369381102627,0.4088272607185118,0.3734578796158848,1.9905340494120218,1086.783513178456,0.9056529276487133,0.6133333333333333,0.736605948806681,True,7,False,1200,10.0,0.15
21,9,Alek Skarlatos,rank,8.327495215870434e-06,0.2481910169583638,0.25229183941268213,0.06522326054411846,0.4911334739867566,0.42591021344263813,1.688158151591316,1199.9999999999998,0.9999999999999998,,,False,6,False,1200,10.0,0.15
21,9,Alexa PenaVega,rank,0.49860162868765817,0.03136441494488586,0.02992159044878761,6.436358326160556e-06,0.13522979179279715,0.13522335543447098,4.51910591316969,1199.9999999999998,0.9999999999999998,,,False,6,True,1200,10.0,0.15
21,9,Bindi Irwin,rank,0.49860162868765817,0.03444730023098053,0.03470439677404008,1.1232525720042722e-05,0.15309038107165196,0.1530791485459319,4.4108168404643155,1199.9999999999998,0.9999999999999998,,,False,6,False,1200,10.0,0.15
21,9,Carlos PenaVega,rank,0.0007496172302514759,0.24268560923832613,0.24358544211160219,0.06734066695729668,0.4842754131629458,0.41693474620564913,1.711650051584666,1199.9999999999998,0.9999999999999998,,,False,6,False,1200,10.0,0.15
21,9,Nick Carter,rank,0.002037670895292387,0.20629165450327736,0.20207002088821738,0.03848221470870858,0.4286051615283489,0.3901229468196403,1.9306229320009742,1199.9999999999998,0.9999999999999998,,,False,6,False,1200,10.0,0.15
21,9,Tamar Braxton,rank,1.1270039236913622e-06,0.23702000412416638,0.23742671036467056,0.05610371371387905,0.4885238952425485,0.43242018152866946,1.8212709075301512,1199.9999999999998,0.9999999999999998,,,False,6,True,1200,10.0,0.15
21,10,Alek Skarlatos,rank,0.005522297528830442,0.46965689914925596,0.47264494911700156,0.23331332256198592,0.723060657781761,0.4897473352197751,1.0361822335190272,1199.9999999999998,0.9999999999999998,,,False,4,False,1200,10.0,0.15
21,10,Bindi Irwin,rank,0.497101381733277,0.06709279497629811,0.06544304490196094,0.0010391779827975327,0.20403536755497964,0.2029961895721821,3.1018282851599777,1199.9999999999998,0.9999999999999998,,,False,4,False,1200,10.0,0.15
21,10,Carlos PenaVega,rank,0.497101381733277,0.06102341610872125,0.06008475927144261,0.0006204861638182234,0.2041424003553203,0.2035219141915021,3.387190520004486,1199.9999999999998,0.9999999999999998,,,False,4,False,1200,10.0,0.15
21,10,Nick Carter,rank,0.00027493900461556735,0.40222688976572474,0.401827246709595,0.17684435910511387,0.6462957988459299,0.46945143974081605,1.1682887989706034,1199.9999999999998,0.9999999999999998,,,False,4,False,1200,10.0,0.15
21,11,Alek Skarlatos,rank,0.0008255685989016145,0.5750174036698791,0.5792378808624858,0.3208439311750802,0.8132097053718116,0.4923657741967314,0.8500219692842432,1199.9999999999998,0.9999999999999998,,,False,4,True,1200,10.0,0.15
21,11,Bindi Irwin,rank,0.33305814380036614,0.15817522795265507,0.16138783026379633,0.023828429333932984,0.38984189278327086,0.3660134634493379,2.267898359824993,1199.9999999999998,0.9999999999999998,,,False,4,True,1200,10.0,0.15
21,11,Carlos PenaVega,rank,0.33305814380036614,0.14386630869762707,0.1385075778749841,0.0156454226258648,0.34181036495642086,0.32616494233055604,2.3548356884073125,1199.9999999999998,0.9999999999999998,,,False,4,True,1200,10.0,0.15
21,11,Nick Carter,rank,0.33305814380036614,0.12294105967983888,0.1208667109987348,0.012440037512146146,0.31525134138544364,0.30281130387329747,2.505311810500549,1199.9999999999998,0.9999999999999998,,,False,4,True,1200,10.0,0.15
22,1,Antonio Brown,rank,4.1129796009431606e-05,0.183228581933497,0.18073192039627523,0.03602863093108428,0.41155202397108537,0.3755233930400011,2.077780806156554,1199.9999999999998,0.9999999999999998,,,False,12,False,1200,10.0,0.15
22,1,Doug Flutie,rank,7.631186826205653e-12,0.03250023699356432,0.032525811086530125,7.039010755432975e-06,0.14210393882829134,0.1420968998175359,4.368608390152962,1199.9999999999998,0.9999999999999998,,,False,12,False,1200,10.0,0.15
22,1,Geraldo Rivera,rank,6.264059601278056e-13,0.006552730169474405,0.00635196107195549,4.00796811550512e-21,0.03932243062935215,0.03932243062935215,6.189622474303689,1199.9999999999998,0.9999999999999998,,,False,12,False,1200,10.0,0.15
22,1,Ginger Zee,rank,0.3332781889884794,0.03540118336838204,0.0347941256946807,8.397320231728524e-06,0.1445508745554532,0.14454247723522148,4.1541013101532895,1199.9999999999998,0.9999999999999998,,,False,12,False,1200,10.0,0.15
22,1,Jodie Sweetin,rank,4.569107614873879e-07,0.10490142032570773,0.10365665793664414,0.006681894228733267,0.29574123243112777,0.2890593382023945,2.7885960763175683,1199.9999999999998,0.9999999999999998,,,False,12,False,1200,10.0,0.15
22,1,Kim Fields,rank,4.569107614873879e-07,0.1534332442149567,0.15325717248655424,0.016624495317670858,0.3550384652431266,0.33841396992545575,2.208130009870408,1199.9999999999998,0.9999999999999998,,,False,12,False,1200,10.0,0.15
22,1,Marla Maples,rank,4.1129796009431606e-05,0.02621584555009751,0.02644406726584577,5.163363189950394e-07,0.12477837926813792,0.12477786293181893,4.718379487465761,1199.9999999999998,0.9999999999999998,,,False,12,False,1200,10.0,0.15
22,1,Mischa Barton,rank,2.0743716479250876e-11,0.017607023636033524,0.01725394499358099,1.7336961733856108e-09,0.09610388477349656,0.09610388303980039,5.5696429675986785,1199.9999999999998,0.9999999999999998,,,False,12,False,1200,10.0,0.15
22,1,Nyle DiMarco,rank,0.3332781889884794,0.04630237673824467,0.04383078486766746,0.00014394380590902636,0.18029675661204275,0.18015281280613374,4.110095296142584,1199.9999999999998,0.9999999999999998,,,False,12,False,1200,10.0,0.15
22,1,Paige VanZant,rank,4.1129796009431606e-05,0.18305389597314975,0.18331146329774375,0.03597657954310884,0.40229825809008996,0.3663216785469811,1.9983457314191788,1199.9999999999998,0.9999999999999998,,,False,12,False,1200,10.0,0.15
22,1,Von Miller,rank,4.1129796009431606e-05,0.16632645047488462,0.17499063726647698,0.029701836971880714,0.40567955383782167,0.37597771686594095,2.1485467690859004,1199.9999999999998,0.9999999999999998,,,False,12,False,1200,10.0,0.15
22,1,Wanya Morris,rank,0.3332781889884794,0.044477010622007665,0.04285145363604528,0.0001526951957111838,0.16485834269487468,0.1647056474991635,3.843552317868249,1199.9999999999998,0.9999999999999998,,,False,12,False,1200,10.0,0.15
22,2,Antonio Brown,rank,2.801349701889559e-09,0.17315915788197958,0.17362523801559682,0.02843578803770287,0.38184545857369473,0.35340967053599187,2.0354623504786478,1186.7965788319966,0.9889971490266638,0.6416666666666667,0.6610334102045712,True,12,False,1200,10.0,0.15
22,2,Doug Flutie,rank,1.5294851131907e-07,0.030708956160983916,0.03263675392330503,4.296617870029281e-06,0.15289435365329282,0.1528900570354228,4.684454003627114,1186.7965788319966,0.9889971490266638,0.6416666666666667,0.6610334102045712,True,12,False,1200,10.0,0.15
22,2,Geraldo Rivera,rank,1.7212087444342124e-14,0.006191574236807129,0.0036532661944566145,3.574094012969707e-24,0.019418751478876194,0.019418751478876194,5.313994779125208,1186.7965788319966,0.9889971490266638,0.6416666666666667,0.6610334102045712,True,12,True,1200,10.0,0.15
22,2,Ginger Zee,rank,8.350705768344643e-06,0.13168993639943274,0.13234945268828144,0.014950911387934869,0.32691406110151056,0.3119631497135757,2.357099226916339,1186.7965788319966,0.9889971490266638,0.6416666666666667,0.6610334102045712,True,12,False,1200,10.0,0.15
22,2,Jodie Sweetin,rank,8.350705768344643e-06,0.09911652589023127,0.09987876616800445,0.00588337421387735,0.2727039617185094,0.26682058750463206,2.671417823063602,1186.7965788319966,0.9889971490266638,0.6416666666666667,0.6610334102045712,True,12,False,1200,10.0,0.15
22,2,Kim Fields,rank,2.801349701889559e-09,0.1449769899401233,0.14421366395020524,0.020837416819422513,0.3651914381666944,0.3443540213472719,2.387787842893502,1186.7965788319966,0.9889971490266638,0.6416666666666667,0.6610334102045712,True,12,False,1200,10.0,0.15
22,2,Marla Maples,rank,1.5294851131907e-07,0.024775124535784288,0.024136886523908344,3.200446467776416e-07,0.11875160717477853,0.11875128713013175,4.919705253088738,1186.7965788319966,0.9889971490266638,0.6416666666666667,0.6610334102045712,True,12,False,1200,10.0,0.15
22,2,Mischa Barton,rank,1.2718107970594383e-13,0.01663660659316179,0.016123355392326635,4.1800895840724083e-10,0.08262585290287311,0.08262585248486415,5.124288721903555,1186.7965788319966,0.9889971490266638,0.6416666666666667,0.6610334102045712,True,12,False,1200,10.0,0.15
22,2,Nyle DiMarco,rank,1.5294851131907e-07,0.1722474226416476,0.16879733668910307,0.02564981465259217,0.39111879070068256,0.36546897604809037,2.1651219035482567,1186.7965788319966,0.9889971490266638,0.6416666666666667,0.6610334102045712,True,12,False,1200,10.0,0.15
22,2,Paige VanZant,rank,0.4999913405957871,0.02213821455566077,0.02058932595946929,7.359454012119812e-08,0.10609667442538295,0.10609660083084284,5.152740225661655,1186.7965788319966,0.9889971490266638,0.6416666666666667,0.6610334102045712,True,12,False,1200,10.0,0.15
22,2,Von Miller,rank,1.5294851131907e-07,0.1571857949893551,0.16166103217339867,0.025788111046588888,0.3769792083303336,0.3511910972837447,2.1723783411744892,1186.7965788319966,0.9889971490266638,0.6416666666666667,0.6610334102045712,True,12,False,1200,10.0,0.15
22,2,Wanya Morris,rank,0.4999913405957871,0.02117369617483235,0.02233492232194474,3.296885828858106e-08,0.11776741645662865,0.11776738348777037,5.272555204584747,1186.7965788319966,0.9889971490266638,0.6416666666666667,0.6610334102045712,True,12,False,1200,10.0,0.15
22,3,Antonio Brown,rank,2.971670161073775e-09,0.16433610165688195,0.17134095530767662,0.028736138870278857,0.37646629212769217,0.3477301532574133,2.0294512959946007,1170.1728233848844,0.9751440194874037,0.49916666666666665,0.5358627779668119,True,11,False,1200,10.0,0.15
22,3,Doug Flutie,rank,2.971670161073775e-09,0.029144246939920463,0.028333141598400315,2.6181221794115293e-06,0.12409199140051491,0.1240893732783355,4.379500005228368,1170.1728233848844,0.9751440194874037,0.49916666666666665,0.5358627779668119,True,11,False,1200,10.0,0.15
22,3,Ginger Zee,rank,2.6750122307122083e-07,0.12498403424351652,0.12931288730520757,0.013407115008856173,0.3470212685923983,0.33361415358354213,2.579878778186782,1170.1728233848844,0.9751440194874037,0.49916666666666665,0.5358627779668119,True,11,False,1200,10.0,0.15
22,3,Jodie Sweetin,rank,0.003573743266831954,0.09269717090729918,0.09104903049707193,0.004315813874030858,0.2533175693966069,0.24900175552257603,2.7347794851159732,1170.1728233848844,0.9751440194874037,0.49916666666666665,0.5358627779668119,True,11,False,1200,10.0,0.15
22,3,Kim Fields,rank,3.9700701579802936e-05,0.13756745455074584,0.14283739752109997,0.01675595432618425,0.36080206304937446,0.3440461087231902,2.4086388162704497,1170.1728233848844,0.9751440194874037,0.49916666666666665,0.5358627779668119,True,11,False,1200,10.0,0.15
22,3,Marla Maples,rank,2.6750122307122083e-07,0.023512735445937634,0.023011255596362808,4.4478619205203244e-07,0.10891817060273488,0.10891772581654283,4.733031291107238,1170.1728233848844,0.9751440194874037,0.49916666666666665,0.5358627779668119,True,11,False,1200,10.0,0.15
22,3,Mischa Barton,rank,4.46772538876029e-12,0.015788914127480153,0.009133216775146537,9.642606041348316e-11,0.049940954383048436,0.049940954286622374,5.467458843598683,1170.1728233848844,0.9751440194874037,0.49916666666666665,0.5358627779668119,True,11,True,1200,10.0,0.15
22,3,Nyle DiMarco,rank,0.8744661453773583,0.004485508785666681,0.0041950066032756346,3.780813884315406e-30,0.0194644907888322,0.0194644907888322,4.6388131929146965,1170.1728233848844,0.9751440194874037,0.49916666666666665,0.5358627779668119,True,11,False,1200,10.0,0.15
22,3,Paige VanZant,rank,0.003573743266831954,0.16178442951548103,0.1594560125364927,0.02727222964449661,0.3729423508902988,0.3456701212458022,2.1677950423578487,1170.1728233848844,0.9751440194874037,0.49916666666666665,0.5358627779668119,True,11,False,1200,10.0,0.15
22,3,Von Miller,rank,2.971670161073775e-09,0.1491767287889052,0.15040781078781248,0.020266855554820096,0.3548961971906215,0.3346293416358014,2.224798799239733,1170.1728233848844,0.9751440194874037,0.49916666666666665,0.5358627779668119,True,11,False,1200,10.0,0.15
22,3,Wanya Morris,rank,0.11834612346547373,0.09652267503816535,0.09092328547145329,0.004801849111563828,0.26679850665478416,0.2619966575432203,2.8814816216012735,1170.1728233848844,0.9751440194874037,0.49916666666666665,0.5358627779668119,True,11,False,1200,10.0,0.15
22,4,Antonio Brown,rank,0.014649619975500367,0.16485454608601227,0.16208034684483177,0.02485494756251022,0.3749120937314217,0.3500571461689115,2.1597620761631378,1151.9087856683577,0.9599239880569648,0.48333333333333334,0.539063533250664,True,10,False,1200,10.0,0.15
22,4,Doug Flutie,rank,7.484621268212624e-14,0.031051472288117003,0.03219495310371408,4.376254684467351e-06,0.1461415036043326,0.14613712734964812,4.538990564400777,1151.9087856683577,0.9599239880569648,0.48333333333333334,0.539063533250664,True,10,False,1200,10.0,0.15
22,4,Ginger Zee,rank,0.4851287865117817,0.018114961147218105,0.018335768576381042,9.700013992214454e-09,0.10031481138406508,0.10031480168405109,5.470691374338612,1151.9087856683577,0.9599239880569648,0.48333333333333334,0.539063533250664,True,10,False,1200,10.0,0.15
22,4,Jodie Sweetin,rank,6.737441354353739e-12,0.10022541271323723,0.11036432875134851,0.005455106416385089,0.30846828263426995,0.30301317621788487,2.745546809365912,1151.9087856683577,0.9599239880569648,0.48333333333333334,0.539063533250664,True,10,False,1200,10.0,0.15
22,4,Kim Fields,rank,4.033985184484101e-07,0.14659367499257814,0.1495792330979755,0.018289399171678,0.3525956053338172,0.3343062061621392,2.2349624628754765,1151.9087856683577,0.9599239880569648,0.48333333333333334,0.539063533250664,True,10,False,1200,10.0,0.15
22,4,Marla Maples,rank,3.0195117279850835e-11,0.025051456937493752,0.015615082325789613,8.429548768611883e-07,0.07426899994775231,0.07426815699287545,4.755876374333865,1151.9087856683577,0.9599239880569648,0.48333333333333334,0.539063533250664,True,10,True,1200,10.0,0.15
22,4,Nyle DiMarco,rank,0.00044238019139144076,0.17385207095998428,0.17578234443649748,0.02879991442170004,0.38774930677156333,0.3589493923498633,2.041998879362176,1151.9087856683577,0.9599239880569648,0.48333333333333334,0.539063533250664,True,10,False,1200,10.0,0.15
22,4,Paige VanZant,rank,0.4851287865117817,0.02379584505096275,0.021608239469474825,1.9899429554560926e-07,0.11077789743868774,0.1107776984443922,5.126404314269208,1151.9087856683577,0.9599239880569648,0.48333333333333334,0.539063533250664,True,10,False,1200,10.0,0.15
22,4,Von Miller,rank,4.033985184484101e-07,0.15893872248332655,0.15801861262808586,0.022840729872882007,0.35897316275553315,0.33613243288265116,2.1271564161707617,1151.9087856683577,0.9599239880569648,0.48333333333333334,0.539063533250664,True,10,False,1200,10.0,0.15
22,4,Wanya Morris,rank,0.014649619975500367,0.15752183734106998,0.15642109076590116,0.021625296128897277,0.38314576468160777,0.36152046855271047,2.311185503163721,1151.9087856683577,0.9599239880569648,0.48333333333333334,0.539063533250664,True,10,False,1200,10.0,0.15
22,5,Antonio Brown,rank,6.08991886575931e-13,0.16626367102801373,0.1658995345341463,0.026843007912626022,0.3877393226930556,0.3608963147804296,2.1753776489861067,1199.9999999999998,0.9999999999999998,,,False,9,False,1200,10.0,0.15
22,5,Doug Flutie,rank,1.4901540145949748e-10,0.029486092427446823,0.03085255477083393,2.4900140037026477e-06,0.1446999591099298,0.1446974690959261,4.6898151662157765,1199.9999999999998,0.9999999999999998,,,False,9,False,1200,10.0,0.15
22,5,Ginger Zee,rank,3.998638847746031e-05,0.12642937409151508,0.1309334724672711,0.01372845650251352,0.33655825364432457,0.32282979714181104,2.4655829061556487,1199.9999999999998,0.9999999999999998,,,False,9,False,1200,10.0,0.15
22,5,Jodie Sweetin,rank,0.11919774410483866,0.058297317417229426,0.059784149785725715,0.000636342296151188,0.21277239375918675,0.21213605146303555,3.5483067655320166,1199.9999999999998,0.9999999999999998,,,False,9,False,1200,10.0,0.15
22,5,Kim Fields,rank,6.678406960330688e-10,0.13920376369773857,0.13461879113844072,0.01584373574476531,0.32858107884305904,0.3127373430982937,2.323115646321869,1199.9999999999998,0.9999999999999998,,,False,9,False,1200,10.0,0.15
22,5,Nyle DiMarco,rank,0.8807588180566329,0.0044222020816588195,0.005577739790293946,2.1502124091358305e-32,0.029431000181645607,0.029431000181645607,5.2755642471173365,1199.9999999999998,0.9999999999999998,,,False,9,False,1200,10.0,0.15
22,5,Paige VanZant,rank,3.282282643147012e-06,0.16610291717747502,0.168582300875714,0.026966241219317233,0.37886811691480504,0.3519018756954878,2.0874064860962904,1199.9999999999998,0.9999999999999998,,,False,9,False,1200,10.0,0.15
22,5,Von Miller,rank,4.934712368137238e-09,0.15092648424239846,0.15008875206705366,0.021146987443300437,0.3538224969905499,0.33267550954724945,2.2165104876622377,1199.9999999999998,0.9999999999999998,,,False,9,False,1200,10.0,0.15
22,5,Wanya Morris,rank,1.6341523035701348e-07,0.15886817783652415,0.15366270457052067,0.021726438886007376,0.34986832677413693,0.32814188788812954,2.1354547503931602,1199.9999999999998,0.9999999999999998,,,False,9,False,1200,10.0,0.15
22,6,Antonio Brown,rank,0.01664399048181837,0.15716842208666915,0.15899566183195563,0.025678429310614058,0.35561989654577497,0.32994146723516093,2.0751471347485126,1139.6061364023533,0.9496717803352944,0.6833333333333333,0.7629161182136724,True,9,False,1200,10.0,0.15
22,6,Doug Flutie,rank,1.5374802425011495e-10,0.029847511272104603,0.018849827270910252,2.914977169099034e-06,0.08282582133836495,0.08282290636119585,4.393595313931099,1139.6061364023533,0.9496717803352944,0.6833333333333333,0.7629161182136724,True,9,True,1200,10.0,0.15
22,6,Ginger Zee,rank,4.583164008802654e-07,0.12799985562706342,0.1317690857220678,0.014469884662437952,0.3287992551732,0.3143293705107621,2.385438005813794,1139.6061364023533,0.9496717803352944,0.6833333333333333,0.7629161182136724,True,9,False,1200,10.0,0.15
22,6,Jodie Sweetin,rank,1.5177354755231199e-05,0.09633335324025483,0.09819266545043331,0.004824681055385486,0.27447898926132996,0.2696543082059445,2.746147696686829,1139.6061364023533,0.9496717803352944,0.6833333333333333,0.7629161182136724,True,9,False,1200,10.0,0.15
22,6,Kim Fields,rank,4.583164008802654e-07,0.140909755932242,0.1437223390149407,0.017484298684087896,0.3429309615113069,0.325446662827219,2.2643967573936434,1139.6061364023533,0.9496717803352944,0.6833333333333333,0.7629161182136724,True,9,False,1200,10.0,0.15
22,6,Nyle DiMarco,rank,1.5177354755231199e-05,0.16740510557281418,0.1665298019128732,0.028644755342989606,0.3676503096151917,0.3390055542722021,2.0356927990388556,1139.6061364023533,0.9496717803352944,0.6833333333333333,0.7629161182136724,True,9,False,1200,10.0,0.15
22,6,Paige VanZant,rank,0.0745931902291762,0.12372711693604783,0.12477129558741264,0.011052081079839621,0.3140675256795289,0.30301544459968927,2.4285474846249304,1139.6061364023533,0.9496717803352944,0.6833333333333333,0.7629161182136724,True,9,False,1200,10.0,0.15
22,6,Von Miller,rank,4.583164008802654e-07,0.15277614531760506,0.1528129221735009,0.02221777530438819,0.36001648764591726,0.3377987123415291,2.2105231482639476,1139.6061364023533,0.9496717803352944,0.6833333333333333,0.7629161182136724,True,9,False,1200,10.0,0.15
22,6,Wanya Morris,rank,0.9087310894765442,0.00383273401519896,0.004356401035905553,4.844607051086816e-36,0.02043872567960638,0.02043872567960638,4.690577137883021,1139.6061364023533,0.9496717803352944,0.6833333333333333,0.7629161182136724,True,9,False,1200,10.0,0.15
22,7,Antonio Brown,rank,1.6076163654982718e-06,0.19236320473995597,0.19126516226384674,0.03972395660096559,0.41130393442759566,0.3715799778266301,1.9427376668646967,1199.9999999999998,0.9999999999999998,,,False,8,False,1200,10.0,0.15
22,7,Ginger Zee,rank,0.09625465009151479,0.09848147899805657,0.09593484772972974,0.005366204974154161,0.2779400097301388,0.27257380475598464,2.8412091121962977,1199.9999999999998,0.9999999999999998,,,False,8,False,1200,10.0,0.15
22,7,Jodie Sweetin,rank,2.175672161605225e-07,0.11011335624070194,0.11226503625529921,0.009654152306763945,0.29342540925660765,0.28377125694984373,2.5276679075453603,1199.9999999999998,0.9999999999999998,,,False,8,False,1200,10.0,0.15
22,7,Kim Fields,rank,1.6076163654982718e-06,0.1610555210567743,0.16371167863240374,0.022138628993559454,0.38047817819047225,0.3583395491969128,2.188831996338654,1199.9999999999998,0.9999999999999998,,,False,8,True,1200,10.0,0.15
22,7,Nyle DiMarco,rank,0.711231009309143,0.010273306476344227,0.011135489227935039,6.992563852356532e-14,0.06561810711371042,0.0656181071136405,5.892171740178444,1199.9999999999998,0.9999999999999998,,,False,8,False,1200,10.0,0.15
22,7,Paige VanZant,rank,0.09625465009151479,0.12936544525723573,0.12512730076307954,0.0108974136983451,0.323587463182865,0.3126900494845199,2.4989554527442484,1199.9999999999998,0.9999999999999998,,,False,8,False,1200,10.0,0.15
22,7,Von Miller,rank,1.6076163654982718e-06,0.1746184394855112,0.1753238553760288,0.028737223344512317,0.3933495071796416,0.3646122838351293,2.079638298021837,1199.9999999999998,0.9999999999999998,,,False,8,True,1200,10.0,0.15
22,7,Wanya Morris,rank,0.09625465009151479,0.1237292477454201,0.12523662975167732,0.011738693111825379,0.33255767440620276,0.32081898129437736,2.5616819955032772,1199.9999999999998,0.9999999999999998,,,False,8,False,1200,10.0,0.15
22,8,Antonio Brown,rank,0.0001607758350495104,0.2512306099700449,0.25101751865385374,0.07562355528404834,0.48800508988754493,0.4123815346034966,1.6428331137279841,1122.6626862664107,0.9355522385553422,0.0,0.0,True,6,False,1200,10.0,0.15
22,8,Ginger Zee,rank,0.47926600961414145,0.02664431320755372,0.02619984886191433,4.5548307890154814e-07,0.12536172869783882,0.12536127321475993,4.784626401818058,1122.6626862664107,0.9355522385553422,0.0,0.0,True,6,False,1200,10.0,0.15
22,8,Jodie Sweetin,rank,0.47926600961414145,0.0200538616090888,0.01262934467276883,9.69539659568134e-09,0.06423034378307663,0.06423033408768003,5.085398360201633,1122.6626862664107,0.9355522385553422,0.0,0.0,True,6,True,1200,10.0,0.15
22,8,Nyle DiMarco,rank,0.03934054973965827,0.21272205837595007,0.21340115197981807,0.052200111309678894,0.44033512481173603,0.38813501350205715,1.8187961550582863,1122.6626862664107,0.9355522385553422,0.0,0.0,True,6,False,1200,10.0,0.15
22,8,Paige VanZant,rank,0.001958650639517718,0.2491424031781998,0.2542431942306874,0.07199738972136183,0.4889610588614203,0.41696366914005845,1.640012549359252,1122.6626862664107,0.9355522385553422,0.0,0.0,True,6,False,1200,10.0,0.15
22,8,Wanya Morris,rank,8.00455749151039e-06,0.24020675365916272,0.2425089416009576,0.06599831505981206,0.45739238014248457,0.3913940650826725,1.6139299795251238,1122.6626862664107,0.9355522385553422,0.0,0.0,True,6,False,1200,10.0,0.15
22,9,Antonio Brown,rank,6.574935899598485e-05,0.29549969750864136,0.2988377730778889,0.09739869707494402,0.5417517768656194,0.44435307979067534,1.4869324860829216,1199.9999999999998,0.9999999999999998,,,False,5,True,1200,10.0,0.15
22,9,Ginger Zee,rank,0.0004858257020900626,0.22435145761142897,0.2234027781292566,0.053433408889883946,0.45633931396341276,0.4029059050735288,1.803487427327286,1199.9999999999998,0.9999999999999998,,,False,5,False,1200,10.0,0.15
22,9,Nyle DiMarco,rank,0.00217731973914635,0.29140279718446044,0.28906979347671197,0.08911715282769608,0.5246357272688533,0.43551857444115727,1.5066156258924976,1199.9999999999998,0.9999999999999998,,,False,5,False,1200,10.0,0.15
22,9,Paige VanZant,rank,0.11887762978803891,0.18112048265509106,0.18242380367350422,0.03220568471709526,0.4033936204349782,0.3711879357178829,2.034744882511802,1199.9999999999998,0.9999999999999998,,,False,5,False,1200,10.0,0.15
22,9,Wanya Morris,rank,0.8783934754117287,0.0076255650403780455,0.0062658516426384045,5.421077308243219e-19,0.03954051077424019,0.03954051077424019,6.309469735203952,1199.9999999999998,0.9999999999999998,,,False,5,True,1200,10.0,0.15
22,10,Ginger Zee,rank,0.015876239976466765,0.525878705060338,0.525062777121858,0.2821181171667295,0.7658912546874879,0.48377313752075835,0.9213607157830717,1199.9999999999998,0.9999999999999998,,,False,3,True,1200,10.0,0.15
22,10,Nyle DiMarco,rank,0.11731042782619838,0.45324089192649875,0.45432246584848923,0.20715897175803227,0.6936916369636267,0.4865326652055944,1.0708948618732508,1199.9999999999998,0.9999999999999998,,,False,3,True,1200,10.0,0.15
22,10,Paige VanZant,rank,0.8668133321973349,0.020880403013163167,0.020614757029652084,4.0157200036184564e-08,0.10734997264947493,0.1073499324922749,5.207178777760681,1199.9999999999998,0.9999999999999998,,,False,3,True,1200,10.0,0.15
23,1,Amber Rose,rank,9.39763766123364e-13,0.016055443396264083,0.01503217282447425,4.0339986541191283e-10,0.08620176673384128,0.08620176633044141,5.734103328480568,1199.9999999999998,0.9999999999999998,,,False,13,False,1200,10.0,0.15
23,1,Babyface,rank,7.614984668991944e-09,0.10875264463036784,0.10596595065715898,0.006427088504014397,0.2979791188687365,0.2915520303647221,2.751348685195229,1199.9999999999998,0.9999999999999998,,,False,13,False,1200,10.0,0.15
23,1,Calvin Johnson Jr.,rank,7.614984668991944e-09,0.19884478170873346,0.20142564803214008,0.042902765007462755,0.43833597380879513,0.39543320880133237,1.9631623355924395,1199.9999999999998,0.9999999999999998,,,False,13,False,1200,10.0,0.15
23,1,Jake T. Austin,rank,3.152556225913052e-16,0.016517927629199847,0.017282521292218564,4.0979995533315927e-10,0.08294065757183056,0.0829406571620306,4.79882865069703,1199.9999999999998,0.9999999999999998,,,False,13,False,1200,10.0,0.15
23,1,James Hinchcliffe,rank,0.499999658347256,0.0262528945585516,0.027869129199288516,1.338283323423122e-06,0.127369069310709,0.12736773102738558,4.57004451312831,1199.9999999999998,0.9999999999999998,,,False,13,False,1200,10.0,0.15
23,1,Jana Kramer,rank,2.5217365897218116e-07,0.19508898239315983,0.19056110811495727,0.04048499473108051,0.399071856638656,0.3585868619075755,1.8817322365643472,1199.9999999999998,0.9999999999999998,,,False,13,False,1200,10.0,0.15
23,1,Laurie Hernandez,rank,0.499999658347256,0.01650535609870553,0.016008970668522318,1.3904959066111414e-09,0.08883116396854852,0.08883116257805261,5.548490026449968,1199.9999999999998,0.9999999999999998,,,False,13,False,1200,10.0,0.15
23,1,Marilu Henner,rank,4.1576407545771535e-07,0.09304977325199289,0.09562883554905974,0.004851501531193843,0.2629481545910859,0.25809665305989204,2.698913488432008,1199.9999999999998,0.9999999999999998,,,False,13,False,1200,10.0,0.15
23,1,Maureen McCormick,rank,2.5877757346583648e-17,0.02457393867685966,0.022987953990314534,4.568509783883954e-07,0.10971314181504936,0.10971268496407097,4.772408740749752,1199.9999999999998,0.9999999999999998,,,False,13,False,1200,10.0,0.15
23,1,Rick Perry,rank,1.0575647961552173e-19,0.009387684036577762,0.008873305950674527,7.278067098719908e-15,0.05871261321960993,0.05871261321960265,6.616023106025545,1199.9999999999998,0.9999999999999998,,,False,13,False,1200,10.0,0.15
23,1,Ryan Lochte,rank,9.39763766123364e-13,0.050259186826423226,0.04971669471676273,0.0001610416054518691,0.17849275079494076,0.1783317091894889,3.5868861218411014,1199.9999999999998,0.9999999999999998,,,False,13,False,1200,10.0,0.15
23,1,Terra Jole,rank,8.459483832659973e-11,0.1295116929971314,0.12996804586780866,0.014401024310251727,0.31865295172046004,0.3042519274102083,2.34095684382928,1199.9999999999998,0.9999999999999998,,,False,13,False,1200,10.0,0.15
23,1,Vanilla Ice,rank,5.13093630985161e-11,0.115199693796033,0.11867966313661989,0.008016300013714952,0.32550504262070973,0.3174887426069948,2.6751514039108115,1199.9999999999998,0.9999999999999998,,,False,13,False,1200,10.0,0.15
23,2,Amber Rose,rank,6.114750524022766e-16,0.013965130765481568,0.015734180534251695,5.2828402848030626e-11,0.09209732699748005,0.09209732694465164,5.852956484622338,1170.1796011219203,0.9751496676016003,0.1975,0.21280504282917975,True,13,False,1200,10.0,0.15
23,2,Babyface,rank,0.0008843501141747926,0.09425041337224908,0.08903812587492474,0.0041160510312403115,0.2578385915769525,0.2537225405457122,2.8495623474799374,1170.1796011219203,0.9751496676016003,0.1975,0.21280504282917975,True,13,False,1200,10.0,0.15
23,2,Calvin Johnson Jr.,rank,1.79937275365522e-07,0.17295638260399632,0.16944005947654195,0.0246058171324937,0.3962047637359638,0.3715989466034701,2.193086774548383,1170.1796011219203,0.9751496676016003,0.1975,0.21280504282917975,True,13,False,1200,10.0,0.15
23,2,Jake T. Austin,rank,6.114750524022766e-16,0.01436740260747462,0.009378884429038458,6.80138708005253e-11,0.05166734789810094,0.05166734783008707,5.508313905247503,1170.1796011219203,0.9751496676016003,0.1975,0.21280504282917975,True,13,True,1200,10.0,0.15
23,2,James Hinchcliffe,rank,1.619743734243634e-05,0.1784327050535737,0.18331670384619736,0.030055537660664038,0.39329732740167217,0.3632417897410081,1.981487778429552,1170.1796011219203,0.9751496676016003,0.1975,0.21280504282917975,True,13,False,1200,10.0,0.15
23,2,Jana Kramer,rank,5.958704197944934e-06,0.1696857043532559,0.16963670926467314,0.026647167298902555,0.3892160705866718,0.36256890328776925,2.1373131296065773,1170.1796011219203,0.9751496676016003,0.1975,0.21280504282917975,True,13,False,1200,10.0,0.15
23,2,Laurie Hernandez,rank,0.9698076588640707,0.0020799870142535603,0.0018524489227645245,3.6378211688605087e-66,0.004502818629460781,0.004502818629460781,2.4294268777283436,1170.1796011219203,0.9751496676016003,0.1975,0.21280504282917975,True,13,False,1200,10.0,0.15
23,2,Marilu Henner,rank,1.2124078245727342e-09,0.08093544564095445,0.0831945815827201,0.0033362467521795003,0.26773273339555925,0.2643964866433798,3.1780111589278857,1170.1796011219203,0.9751496676016003,0.1975,0.21280504282917975,True,13,False,1200,10.0,0.15
23,2,Maureen McCormick,rank,4.954833669234204e-12,0.02137457425291703,0.020157504080763722,3.976620696205631e-08,0.10523517674196799,0.10523513697576102,5.220384238539891,1170.1796011219203,0.9751496676016003,0.1975,0.21280504282917975,True,13,False,1200,10.0,0.15
23,2,Rick Perry,rank,4.1200864943495486e-18,0.008165469611747474,0.007842431184211286,2.0680222734596725e-18,0.04848637122845564,0.04848637122845564,6.181780663296697,1170.1796011219203,0.9751496676016003,0.1975,0.21280504282917975,True,13,False,1200,10.0,0.15
23,2,Ryan Lochte,rank,6.114750524022766e-16,0.04371577283010992,0.047051775984389484,9.717854160106847e-05,0.18476255912387027,0.1846653805822692,3.9246436946363144,1170.1796011219203,0.9751496676016003,0.1975,0.21280504282917975,True,13,False,1200,10.0,0.15
23,2,Terra Jole,rank,0.029285653720619406,0.09986955693573732,0.10114680314251615,0.00632060135182213,0.2764335878379162,0.2701129864860941,2.6704780340657313,1170.1796011219203,0.9751496676016003,0.1975,0.21280504282917975,True,13,False,1200,10.0,0.15
23,2,Vanilla Ice,rank,4.954833669234204e-12,0.10020145495824896,0.1022097916770075,0.007226781207377434,0.26859053870158134,0.26136375749420393,2.5571053037151867,1170.1796011219203,0.9751496676016003,0.1975,0.21280504282917975,True,13,False,1200,10.0,0.15
23,3,Amber Rose,rank,1.1188677835235534e-12,0.0150045001152402,0.01672117801984294,2.8359005255955093e-10,0.0962833000042551,0.09628329972066504,5.757820518739422,1183.834777484394,0.986528981236995,0.5308333333333334,0.5519376242269316,True,12,False,1200,10.0,0.15
23,3,Babyface,rank,1.1188677835235534e-12,0.10163401157502232,0.10535877849799896,0.005987275071480574,0.2907580028107894,0.28477072773930884,2.702840987319628,1183.834777484394,0.986528981236995,0.5308333333333334,0.5519376242269316,True,12,False,1200,10.0,0.15
23,3,Calvin Johnson Jr.,rank,0.9814699820315469,0.0032839482243592413,0.0027579825197251353,8.25079801233072e-42,0.009906339066224859,0.009906339066224859,3.59057695922328,1183.834777484394,0.986528981236995,0.5308333333333334,0.5519376242269316,True,12,False,1200,10.0,0.15
23,3,James Hinchcliffe,rank,9.942382782225973e-06,0.19171767533544462,0.1890740898276834,0.04131090909551097,0.415434095197238,0.374123186101727,1.978701617662539,1183.834777484394,0.986528981236995,0.5308333333333334,0.5519376242269316,True,12,False,1200,10.0,0.15
23,3,Jana Kramer,rank,1.0071726817736351e-10,0.18231920605773513,0.18671546900754896,0.03439596721065323,0.41669504947940905,0.3822990822687558,2.0474845325684656,1183.834777484394,0.986528981236995,0.5308333333333334,0.5519376242269316,True,12,False,1200,10.0,0.15
23,3,Laurie Hernandez,rank,0.017976249771022235,0.11195035617096719,0.10934444282445382,0.007064601575356326,0.30016687424290617,0.29310227266754985,2.6805165820957373,1183.834777484394,0.986528981236995,0.5308333333333334,0.5519376242269316,True,12,False,1200,10.0,0.15
23,3,Marilu Henner,rank,4.950020913181577e-07,0.08695897360912075,0.08625686367288529,0.004205751791525233,0.24632182541684206,0.2421160736253168,2.8068869702534114,1183.834777484394,0.986528981236995,0.5308333333333334,0.5519376242269316,True,12,False,1200,10.0,0.15
23,3,Maureen McCormick,rank,4.950020913181577e-07,0.02296535237950848,0.020916901955051005,4.1376657511789904e-07,0.09968554273161512,0.09968512896504,4.76554145722866,1183.834777484394,0.986528981236995,0.5308333333333334,0.5519376242269316,True,12,False,1200,10.0,0.15
23,3,Rick Perry,rank,1.0202753536350828e-15,0.008773193161488687,0.005111602231703823,5.142059319555685e-17,0.030400648389760063,0.03040064838976001,5.946218190267603,1183.834777484394,0.986528981236995,0.5308333333333334,0.5519376242269316,True,12,True,1200,10.0,0.15
23,3,Ryan Lochte,rank,6.786276148717527e-13,0.04696936458981786,0.047258057193341876,0.00018238585476530305,0.18104287376994774,0.18086048791518244,3.8270016089246717,1183.834777484394,0.986528981236995,0.5308333333333334,0.5519376242269316,True,12,False,1200,10.0,0.15
23,3,Terra Jole,rank,0.0005428357068309237,0.12076436654942899,0.1176991628051364,0.012755200759665469,0.2956834682414253,0.2829282674817598,2.403805234748689,1183.834777484394,0.986528981236995,0.5308333333333334,0.5519376242269316,True,12,False,1200,10.0,0.15
23,3,Vanilla Ice,rank,3.7533832693626995e-16,0.10765905223186645,0.11278547144462824,0.007721740291690398,0.29298636586255816,0.2852646255708678,2.529245058534494,1183.834777484394,0.986528981236995,0.5308333333333334,0.5519376242269316,True,12,False,1200,10.0,0.15
23,4,Amber Rose,rank,3.443538938480644e-06,0.014806338195688313,0.0140960203665478,7.57900232975892e-11,0.08188613411009144,0.08188613403430141,5.8087547513669655,1199.9999999999998,0.9999999999999998,,,False,11,False,1200,10.0,0.15
23,4,Babyface,rank,1.425603673752145e-13,0.1002931683251061,0.09832321418092489,0.005015900509811055,0.2701739049024624,0.26515800439265136,2.696772169516027,1199.9999999999998,0.9999999999999998,,,False,11,True,1200,10.0,0.15
23,4,Calvin Johnson Jr.,rank,6.30706156965065e-08,0.1833773151744738,0.18114582928306583,0.032483525504534955,0.40538099524270843,0.3728974697381735,2.0585371061365474,1199.9999999999998,0.9999999999999998,,,False,11,False,1200,10.0,0.15
23,4,James Hinchcliffe,rank,0.07584899264152895,0.1385034017413308,0.13725505946380365,0.01649163779858481,0.3307110465047254,0.31421940870614057,2.2892935287057736,1199.9999999999998,0.9999999999999998,,,False,11,False,1200,10.0,0.15
23,4,Jana Kramer,rank,6.30706156965065e-08,0.1799138477755991,0.1839918996897376,0.031550558623581554,0.4115789728776603,0.38002841425407874,2.0654515195690197,1199.9999999999998,0.9999999999999998,,,False,11,False,1200,10.0,0.15
23,4,Laurie Hernandez,rank,0.9240298947808684,0.002662071633627484,0.002832087112820529,1.2222131257438563e-49,0.009139703103242382,0.009139703103242382,3.2260579146622823,1199.9999999999998,0.9999999999999998,,,False,11,False,1200,10.0,0.15
23,4,Marilu Henner,rank,3.488337175733836e-11,0.08581191072723535,0.0849690821184167,0.002591139913393467,0.25902267155832215,0.25643153164492866,3.01790377567905,1199.9999999999998,0.9999999999999998,,,False,11,False,1200,10.0,0.15
23,4,Maureen McCormick,rank,3.443538938480644e-06,0.02266209894476955,0.023572983785668203,6.809925164270159e-08,0.12242250964239564,0.122422441543144,5.193116388650894,1199.9999999999998,0.9999999999999998,,,False,11,False,1200,10.0,0.15
23,4,Ryan Lochte,rank,1.9045675648691065e-09,0.046349703992101025,0.04886190464845677,0.0001249477445513983,0.17578637424746266,0.17566142650291125,3.594985352727268,1199.9999999999998,0.9999999999999998,,,False,11,False,1200,10.0,0.15
23,4,Terra Jole,rank,0.0001140343482851421,0.11938144957674654,0.12033763188924873,0.010251415178770195,0.3282612551052667,0.3180098399264965,2.6426246911230513,1199.9999999999998,0.9999999999999998,,,False,11,False,1200,10.0,0.15
23,4,Vanilla Ice,rank,6.30706156965065e-08,0.10623869391332177,0.10461428746130937,0.006491907897254535,0.293949028932551,0.28745712103529647,2.7477544440300736,1199.9999999999998,0.9999999999999998,,,False,11,True,1200,10.0,0.15
23,5,Amber Rose,rank,6.583075226358242e-08,0.019472934172797794,0.01934335775365731,1.1385588335488832e-08,0.0932409402162234,0.09324092883063506,4.820058128474522,1199.9999999999998,0.9999999999999998,,,False,9,False,1200,10.0,0.15
23,5,Calvin Johnson Jr.,rank,6.583075226358242e-08,0.24117001134642624,0.2428226764716885,0.05938693250632987,0.49234946613653746,0.4329625336302076,1.7830326100045186,1199.9999999999998,0.9999999999999998,,,False,9,False,1200,10.0,0.15
23,5,James Hinchcliffe,rank,0.9644678812106926,0.004715581385179763,0.0039308053145905115,7.33062571350211e-29,0.018571670163674024,0.018571670163674024,4.723446019760066,1199.9999999999998,0.9999999999999998,,,False,9,False,1200,10.0,0.15
23,5,Jana Kramer,rank,0.00019623870675309133,0.23642421654398407,0.2329081181512183,0.053924154877182,0.46715838745667476,0.41323423257949277,1.7742295186193473,1199.9999999999998,0.9999999999999998,,,False,9,False,1200,10.0,0.15
23,5,Laurie Hernandez,rank,5.9258954701230215e-06,0.15643250988102597,0.15341262025748711,0.01957204402275702,0.36776637492029157,0.34819433089753454,2.269644183568124,1199.9999999999998,0.9999999999999998,,,False,9,False,1200,10.0,0.15
23,5,Marilu Henner,rank,0.017664845432037616,0.10494922730077705,0.10875255327970644,0.0075399633453572855,0.29711918362034206,0.2895792202749848,2.662710426851135,1199.9999999999998,0.9999999999999998,,,False,9,False,1200,10.0,0.15
23,5,Maureen McCormick,rank,6.583075226358242e-08,0.029804638738931136,0.03227047377477379,2.644225962323049e-06,0.1501452089217929,0.15014256469583057,4.652485527735493,1199.9999999999998,0.9999999999999998,,,False,9,False,1200,10.0,0.15
23,5,Ryan Lochte,rank,6.583075226358242e-08,0.06095713537733977,0.06058808604352007,0.000702077640165568,0.20684765262824656,0.206145574988081,3.40235491982847,1199.9999999999998,0.9999999999999998,,,False,9,False,1200,10.0,0.15
23,5,Terra Jole,rank,0.017664845432037616,0.14607374525353822,0.14597130895335791,0.01826529939265147,0.35234942970245664,0.33408413030980516,2.288681549981881,1199.9999999999998,0.9999999999999998,,,False,9,False,1200,10.0,0.15
23,6,Amber Rose,rank,1.129647673604992e-12,0.019056970158595286,0.011016840639022281,6.161259345395519e-09,0.05767795595912063,0.05767794979786129,5.234959524970912,1165.515859662241,0.9712632163852007,0.5591666666666667,0.6044461595186683,True,9,True,1200,10.0,0.15
23,6,Calvin Johnson Jr.,rank,0.0014897971263726222,0.2345769148002704,0.23027536505830803,0.057664938247705244,0.4661773484062004,0.40851241015849515,1.7740092868630097,1165.515859662241,0.9712632163852007,0.5591666666666667,0.6044461595186683,True,9,False,1200,10.0,0.15
23,6,James Hinchcliffe,rank,0.006676807498285238,0.2369129140799113,0.2402474304997499,0.06571296268116614,0.4642041314129777,0.39849116873181156,1.6586629427834136,1165.515859662241,0.9712632163852007,0.5591666666666667,0.6044461595186683,True,9,False,1200,10.0,0.15
23,6,Jana Kramer,rank,0.9909260935402835,0.003936051792406366,0.003297657378620509,7.67155887757874e-36,0.016460052832030857,0.016460052832030857,4.98992497332791,1165.515859662241,0.9712632163852007,0.5591666666666667,0.6044461595186683,True,9,False,1200,10.0,0.15
23,6,Laurie Hernandez,rank,0.0009036076338967722,0.15252683782630902,0.15715219033503056,0.021805280562403672,0.36702799502187833,0.34522271445947467,2.196727369794427,1165.515859662241,0.9712632163852007,0.5591666666666667,0.6044461595186683,True,9,False,1200,10.0,0.15
23,6,Marilu Henner,rank,3.692837869787423e-06,0.11044371765933331,0.11310181021273781,0.010436971572423218,0.30370903971530955,0.2932720681428863,2.59296888902463,1165.515859662241,0.9712632163852007,0.5591666666666667,0.6044461595186683,True,9,False,1200,10.0,0.15
23,6,Maureen McCormick,rank,1.2388090962168027e-09,0.029167977619844323,0.029281593994726636,2.2392001205764907e-06,0.12704552203740047,0.1270432828372799,4.3385255712031014,1165.515859662241,0.9712632163852007,0.5591666666666667,0.6044461595186683,True,9,False,1200,10.0,0.15
23,6,Ryan Lochte,rank,6.16766731680777e-11,0.059655021643987755,0.06359944466693047,0.00043038835637866044,0.20529156871638043,0.20486118036000178,3.221065221050583,1165.515859662241,0.9712632163852007,0.5591666666666667,0.6044461595186683,True,9,False,1200,10.0,0.15
23,6,Terra Jole,rank,6.16766731680777e-11,0.15372359441934214,0.15202766721487382,0.02148629659230352,0.355276120075095,0.3337898234827915,2.1955715957900273,1165.515859662241,0.9712632163852007,0.5591666666666667,0.6044461595186683,True,9,False,1200,10.0,0.15
23,7,Calvin Johnson Jr.,rank,0.4999438466200318,0.03781175383720462,0.03623634496951521,2.8207005942055712e-05,0.15692686982552848,0.15689866281958642,4.329750508807363,1135.128042845224,0.9459400357043533,0.6183333333333333,0.699356372279619,True,8,False,1200,10.0,0.15
23,7,James Hinchcliffe,rank,0.4999438466200318,0.03901155773997399,0.03984603143421496,3.962772452177687e-05,0.16771751069080879,0.167677882966287,4.208039518404603,1135.128042845224,0.9459400357043533,0.6183333333333333,0.699356372279619,True,8,False,1200,10.0,0.15
23,7,Jana Kramer,rank,3.7421711760605295e-05,0.28978959942920507,0.28828448834446996,0.08811141503718355,0.5258461781996867,0.43773476316250315,1.518407206954023,1135.128042845224,0.9459400357043533,0.6183333333333333,0.699356372279619,True,8,False,1200,10.0,0.15
23,7,Laurie Hernandez,rank,3.7421711760605295e-05,0.1915922718544658,0.19760906019635488,0.03908992045985264,0.42219715329362933,0.3831072328337767,1.9387030824903493,1135.128042845224,0.9459400357043533,0.6183333333333333,0.699356372279619,True,8,False,1200,10.0,0.15
23,7,Marilu Henner,rank,2.299269436821986e-10,0.1382396068580313,0.14388494875644514,0.014114153169120396,0.3296453122709557,0.3155311591018353,2.192925451226186,1135.128042845224,0.9459400357043533,0.6183333333333333,0.699356372279619,True,8,False,1200,10.0,0.15
23,7,Maureen McCormick,rank,2.0697363878968157e-08,0.03650826229136661,0.02452480966046916,1.105314932091982e-05,0.09660206040072786,0.09659100725140694,3.938341224554673,1135.128042845224,0.9459400357043533,0.6183333333333333,0.699356372279619,True,8,True,1200,10.0,0.15
23,7,Ryan Lochte,rank,2.0697363878968157e-08,0.07466754106230356,0.07675564079231403,0.002258008696693719,0.2461597890325509,0.2439017803358572,3.1775984177812027,1135.128042845224,0.9459400357043533,0.6183333333333333,0.699356372279619,True,8,False,1200,10.0,0.15
23,7,Terra Jole,rank,3.7421711760605295e-05,0.19237940692744912,0.19285867584621694,0.040979378174942044,0.4089143909348597,0.3679350127599177,1.9077861203775064,1135.128042845224,0.9459400357043533,0.6183333333333333,0.699356372279619,True,8,False,1200,10.0,0.15
23,8,Calvin Johnson Jr.,rank,0.0005262973153249245,0.2556388699530731,0.25749129671451054,0.07624675935798648,0.48981313096368034,0.41356637160569387,1.6061310450161832,1086.2606981449776,0.905217248454148,0.57,0.6944299862291874,True,7,False,1200,10.0,0.15
23,8,James Hinchcliffe,rank,0.9515678687218204,0.005282208338420238,0.006266736733184606,1.4810216763112666e-26,0.036333232574708475,0.036333232574708475,5.796866416284166,1086.2606981449776,0.905217248454148,0.57,0.6944299862291874,True,7,False,1200,10.0,0.15
23,8,Jana Kramer,rank,0.0005262973153249245,0.25081059066931755,0.2537344903321074,0.07408960090739254,0.48955405512532485,0.4154644542179323,1.6373919693856875,1086.2606981449776,0.905217248454148,0.57,0.6944299862291874,True,7,False,1200,10.0,0.15
23,8,Laurie Hernandez,rank,0.047375774536715855,0.13676560255997808,0.14342803094528614,0.018392638738319037,0.3323445691967414,0.31395193045842235,2.188900868877693,1086.2606981449776,0.905217248454148,0.57,0.6944299862291874,True,7,False,1200,10.0,0.15
23,8,Marilu Henner,rank,3.9394317117054766e-08,0.1198860177715823,0.12120199763375059,0.009437975705592294,0.32845491610853395,0.31901694040294165,2.632087874319266,1086.2606981449776,0.905217248454148,0.57,0.6944299862291874,True,7,False,1200,10.0,0.15
23,8,Ryan Lochte,rank,3.5461634164203125e-06,0.06475326451497154,0.044577901233733834,0.0005571864202886927,0.15010053374761315,0.14954334732732447,3.354576788316212,1086.2606981449776,0.905217248454148,0.57,0.6944299862291874,True,7,True,1200,10.0,0.15
23,8,Terra Jole,rank,1.7655308045693608e-07,0.16686344619265708,0.1732995464074277,0.03124196480816328,0.39803495333965994,0.36679298853149667,2.1165137452548497,1086.2606981449776,0.905217248454148,0.57,0.6944299862291874,True,7,False,1200,10.0,0.15
23,9,Calvin Johnson Jr.,rank,6.162434514626287e-05,0.2978502342134814,0.3172947624400513,0.12028124491683348,0.5628475906325575,0.44256634571572406,1.3948069848532598,1004.0679660967007,0.8367233050805839,0.5233333333333333,0.7044301046106608,True,6,False,1200,10.0,0.15
23,9,James Hinchcliffe,rank,3.0680954849218336e-06,0.30737531472351265,0.31651631513498557,0.11925075929775561,0.5453618707756963,0.4261111114779407,1.3462489762881267,1004.0679660967007,0.8367233050805839,0.5233333333333333,0.7044301046106608,True,6,False,1200,10.0,0.15
23,9,Jana Kramer,rank,0.49934724070204073,0.037504949239698215,0.03925146389436274,1.7285508678904796e-05,0.16133876075127077,0.16132147524259186,4.109843287207255,1004.0679660967007,0.8367233050805839,0.5233333333333333,0.7044301046106608,True,6,False,1200,10.0,0.15
23,9,Laurie Hernandez,rank,0.49934724070204073,0.02479612258263824,0.026265896772797254,3.8883901007790436e-07,0.12505555944489422,0.12505517060588414,4.760941944820632,1004.0679660967007,0.8367233050805839,0.5233333333333333,0.7044301046106608,True,6,False,1200,10.0,0.15
23,9,Marilu Henner,rank,3.0680954849218336e-06,0.13941335091225293,0.09703152162686851,0.010661658419926058,0.24265434561691943,0.23199268719699337,2.3908755879714674,1004.0679660967007,0.8367233050805839,0.5233333333333333,0.7044301046106608,True,6,True,1200,10.0,0.15
23,9,Terra Jole,rank,0.0012377580598025234,0.19306002832841668,0.20364004013093503,0.047011595346500144,0.4238909199937883,0.3768793246472882,1.8507041822462023,1004.0679660967007,0.8367233050805839,0.5233333333333333,0.7044301046106608,True,6,False,1200,10.0,0.15
23,10,Calvin Johnson Jr.,rank,9.478423704428285e-05,0.33912363524517064,0.34933480862577243,0.14468943707909046,0.5898682733275176,0.44517883624842713,1.2743578678626875,1077.7663719631353,0.8981386433026127,0.0,0.0,True,5,False,1200,10.0,0.15
23,10,James Hinchcliffe,rank,0.0630449422144982,0.27008945045620897,0.2695269766176304,0.09102908531417425,0.480177108831399,0.3891480235172248,1.4438131002233399,1077.7663719631353,0.8981386433026127,0.0,0.0,True,5,False,1200,10.0,0.15
23,10,Jana Kramer,rank,0.005175043994920863,0.3258402057994393,0.33182607303168227,0.12674824179747074,0.5479459609113215,0.4211977191138508,1.2693289768844014,1077.7663719631353,0.8981386433026127,0.0,0.0,True,5,False,1200,10.0,0.15
23,10,Laurie Hernandez,rank,0.4658426147767683,0.03240678445426514,0.030128519070445593,1.6855500895543332e-05,0.12385048149964463,0.12383362599874909,4.110043233986398,1077.7663719631353,0.8981386433026127,0.0,0.0,True,5,False,1200,10.0,0.15
23,10,Terra Jole,rank,0.4658426147767683,0.03253992404491594,0.019183622654469955,4.753273105699869e-06,0.08054258228790036,0.08053782901479466,4.198040819741096,1077.7663719631353,0.8981386433026127,0.0,0.0,True,5,True,1200,10.0,0.15
23,11,Calvin Johnson Jr.,rank,0.009000352859226877,0.39198610018374813,0.39577165810905074,0.16317399737107216,0.6456204785865419,0.48244648121546974,1.2189990170633187,1199.9999999999998,0.9999999999999998,,,False,4,True,1200,10.0,0.15
23,11,James Hinchcliffe,rank,0.18077691967571913,0.1995616732068411,0.19248240701714472,0.04087348455185029,0.40748746709097844,0.36661398253912814,1.9046523969023128,1199.9999999999998,0.9999999999999998,,,False,4,True,1200,10.0,0.15
23,11,Jana Kramer,rank,3.678238500118681e-05,0.3990220235444306,0.40321452073494407,0.17048610051938984,0.6647112072422695,0.49422510672287967,1.2257095307791024,1199.9999999999998,0.9999999999999998,,,False,4,True,1200,10.0,0.15
23,11,Laurie Hernandez,rank,0.8101859450800527,0.009430203064980274,0.008531414138860433,1.4824962586707789e-15,0.05012209397302822,0.050122093973026735,5.874315657598978,1199.9999999999998,0.9999999999999998,,,False,4,True,1200,10.0,0.15
24,1,Bonner Bolton,rank,3.1812468157854377e-14,0.09791072254439924,0.09581442200147794,0.005342336885749068,0.2882504237334895,0.28290808684774044,2.952636234732407,1199.9999999999998,0.9999999999999998,,,False,12,False,1200,10.0,0.15
24,1,Charo,rank,2.6113264049603006e-15,0.010232938439909545,0.009690263969840894,5.5034747186361425e-14,0.05884284292112964,0.058842842921074605,6.071740807410971,1199.9999999999998,0.9999999999999998,,,False,12,False,1200,10.0,0.15
24,1,Chris Kattan,rank,5.313223245717013e-19,0.009209962736731483,0.008234112251436566,1.6594606413660565e-16,0.04502336931507472,0.04502336931507455,5.467244154106156,1199.9999999999998,0.9999999999999998,,,False,12,False,1200,10.0,0.15
24,1,David Ross,rank,9.361377574584809e-06,0.15167305641946688,0.1545281046023119,0.02139236522233413,0.3642227224301739,0.3428303572078398,2.2185487846456513,1199.9999999999998,0.9999999999999998,,,False,12,False,1200,10.0,0.15
24,1,Erika Jayne,rank,7.78425430363937e-12,0.03258432775079778,0.03307191757408983,6.489446710015661e-06,0.15045758012951363,0.1504510906828036,4.549072223391348,1199.9999999999998,0.9999999999999998,,,False,12,False,1200,10.0,0.15
24,1,Heather Morris,rank,9.361377574584809e-06,0.13424312465145044,0.13313237470991374,0.015349234283781767,0.3370576126087147,0.32170837832493293,2.416436742671836,1199.9999999999998,0.9999999999999998,,,False,12,False,1200,10.0,0.15
24,1,Mr. T,rank,1.3001028625456685e-16,0.016787147330504366,0.016263583140830047,9.72597593057202e-10,0.08573929965388019,0.08573929868128259,5.271533733074635,1199.9999999999998,0.9999999999999998,,,False,12,False,1200,10.0,0.15
24,1,Nancy Kerrigan,rank,9.361377574584809e-06,0.13407736525052097,0.13696057325105718,0.013433504556176245,0.3446071260824265,0.33117362152625024,2.4180039237662156,1199.9999999999998,0.9999999999999998,,,False,12,False,1200,10.0,0.15
24,1,Nick Viall,rank,7.78425430363937e-12,0.13867959117077758,0.1392958549850797,0.01696621665050799,0.33689795079940027,0.31993173414889226,2.2967620782476432,1199.9999999999998,0.9999999999999998,,,False,12,False,1200,10.0,0.15
24,1,Normani,rank,2.826891079808315e-07,0.154054830829581,0.1513561017725807,0.021130137443394956,0.3525628599355256,0.3314327224921306,2.1897401483685903,1199.9999999999998,0.9999999999999998,,,False,12,False,1200,10.0,0.15
24,1,Rashad Jennings,rank,0.0758560281645828,0.11722711342983909,0.1184824015074382,0.009653242340984854,0.3295894637401784,0.31993622139919353,2.700261955081602,1199.9999999999998,0.9999999999999998,,,False,12,False,1200,10.0,0.15
24,1,Simone Biles,rank,0.9241156049979824,0.003319819446021699,0.003170290233943533,3.208451920377199e-40,0.014854845722702155,0.014854845722702155,4.684164685939198,1199.9999999999998,0.9999999999999998,,,False,12,False,1200,10.0,0.15
24,2,Bonner Bolton,rank,1.1278551906569682e-06,0.1072334186276945,0.10925023954419964,0.007178898953135755,0.2857573205674957,0.2785784216143599,2.5498879717667258,1177.2203420518335,0.9810169517098613,0.43583333333333335,0.4583072404486618,True,12,False,1200,10.0,0.15
24,2,Charo,rank,2.549324254258169e-12,0.011207332884742455,0.011522013796340765,5.980993959821207e-14,0.055003917831381414,0.0550039178313216,4.773396856366569,1177.2203420518335,0.9810169517098613,0.43583333333333335,0.4583072404486618,True,12,False,1200,10.0,0.15
24,2,Chris Kattan,rank,1.9082158540832163e-16,0.01008694803099163,0.006446544703773079,2.241663404721821e-15,0.03890972868609049,0.038909728686088246,6.034813324104356,1177.2203420518335,0.9810169517098613,0.43583333333333335,0.4583072404486618,True,12,True,1200,10.0,0.15
24,2,David Ross,rank,2.795673508805411e-09,0.16612196567788032,0.1650328485290377,0.02554570342239377,0.38843876939287353,0.36289306597047977,2.1989008267393624,1177.2203420518335,0.9810169517098613,0.43583333333333335,0.4583072404486618,True,12,False,1200,10.0,0.15
24,2,Erika Jayne,rank,5.61526034862887e-08,0.03568704392863823,0.0374490973545028,1.9315068748830702e-05,0.14881549984459208,0.14879618477584325,3.9731855265244795,1177.2203420518335,0.9810169517098613,0.43583333333333335,0.4583072404486618,True,12,False,1200,10.0,0.15
24,2,Heather Morris,rank,0.0020392100220722282,0.1458038669015633,0.14557864452192318,0.01820753828430073,0.3443835627988491,0.32617602451454836,2.2405331843314724,1177.2203420518335,0.9810169517098613,0.43583333333333335,0.4583072404486618,True,12,False,1200,10.0,0.15
24,2,Mr. T,rank,1.9082158540832163e-16,0.018385642542945984,0.02047120492713986,6.863804421631843e-09,0.10349263438110498,0.10349262751730055,5.055275085689528,1177.2203420518335,0.9810169517098613,0.43583333333333335,0.4583072404486618,True,12,False,1200,10.0,0.15
24,2,Nancy Kerrigan,rank,5.61526034862887e-08,0.14685001481039184,0.14028690945159655,0.015975664539728002,0.3363180831979098,0.3203424186581818,2.2834641980940584,1177.2203420518335,0.9810169517098613,0.43583333333333335,0.4583072404486618,True,12,False,1200,10.0,0.15
24,2,Nick Viall,rank,4.203125123907185e-12,0.15188485220905878,0.15130551179742163,0.017906646554395382,0.3564900025443024,0.338583355989907,2.237731555421904,1177.2203420518335,0.9810169517098613,0.43583333333333335,0.4583072404486618,True,12,False,1200,10.0,0.15
24,2,Normani,rank,0.49897824059341706,0.021681948315956965,0.024811933589129493,1.2362794677566295e-07,0.12432519582739734,0.12432507219945056,5.010494698374447,1177.2203420518335,0.9810169517098613,0.43583333333333335,0.4583072404486618,True,12,False,1200,10.0,0.15
24,2,Rashad Jennings,rank,0.49897824059341706,0.022537973638004506,0.023785443705975295,1.1034819407556028e-07,0.12261692024558273,0.12261680989738864,5.154902994876303,1177.2203420518335,0.9810169517098613,0.43583333333333335,0.4583072404486618,True,12,False,1200,10.0,0.15
24,2,Simone Biles,rank,3.0658282698960485e-06,0.16251899243213158,0.16405960807896014,0.024058253500179032,0.37480538497636867,0.35074713147618963,2.1379119313478334,1177.2203420518335,0.9810169517098613,0.43583333333333335,0.4583072404486618,True,12,False,1200,10.0,0.15
24,3,Bonner Bolton,rank,1.3974784232281322e-13,0.09984775661781443,0.09826900666734266,0.005420545098644467,0.27105773223709045,0.265637187138446,2.7031359429705137,1177.1558203394484,0.9809631836162069,0.5616666666666666,0.5924413705181314,True,11,False,1200,10.0,0.15
24,3,Charo,rank,1.3974784232281322e-13,0.010435383584976813,0.006449656852717855,1.0574934351925185e-15,0.037329630698518336,0.03732963069851728,5.786950313872174,1177.1558203394484,0.9809631836162069,0.5616666666666666,0.5924413705181314,True,11,True,1200,10.0,0.15
24,3,David Ross,rank,0.0003038620560463097,0.1544865137953704,0.15552731325653404,0.019354675081782485,0.37110854898988793,0.3517538739081054,2.2616709880207457,1177.1558203394484,0.9809631836162069,0.5616666666666666,0.5924413705181314,True,11,False,1200,10.0,0.15
24,3,Erika Jayne,rank,9.295210805702198e-11,0.033228965542598916,0.036568352242830685,1.0635419786456844e-05,0.1638639389663155,0.16385330354652902,4.4806181541991075,1177.1558203394484,0.9809631836162069,0.5616666666666666,0.5924413705181314,True,11,False,1200,10.0,0.15
24,3,Heather Morris,rank,0.045097127669237014,0.11373182438126896,0.1143409478184424,0.008327785646164468,0.2989962395934911,0.2906684539473266,2.5420981493936403,1177.1558203394484,0.9809631836162069,0.5616666666666666,0.5924413705181314,True,11,False,1200,10.0,0.15
24,3,Mr. T,rank,1.3974784232281322e-13,0.017119258824826802,0.016616108247427732,2.121092341392224e-09,0.09063631748579781,0.09063631536470547,5.454397601263483,1177.1558203394484,0.9809631836162069,0.5616666666666666,0.5924413705181314,True,11,False,1200,10.0,0.15
24,3,Nancy Kerrigan,rank,0.045097127669237014,0.11359139172130965,0.11505767830603217,0.009788453445474403,0.31825198053465126,0.30846352708917685,2.680923608984348,1177.1558203394484,0.9809631836162069,0.5616666666666666,0.5924413705181314,True,11,False,1200,10.0,0.15
24,3,Nick Viall,rank,9.295210805702198e-11,0.14142318330819784,0.13804634345423278,0.018250177537067973,0.3217165442331451,0.30346636669607713,2.1982774829469007,1177.1558203394484,0.9809631836162069,0.5616666666666666,0.5924413705181314,True,11,False,1200,10.0,0.15
24,3,Normani,rank,0.9058000229301681,0.0037896471702939896,0.003224880727312555,2.1083024118429127e-38,0.014377967272080742,0.014377967272080742,4.4570672282911294,1177.1558203394484,0.9809631836162069,0.5616666666666666,0.5924413705181314,True,11,False,1200,10.0,0.15
24,3,Rashad Jennings,rank,6.182631694796359e-08,0.16330532024099906,0.1627962402535318,0.029162152963945292,0.3875112337030035,0.3583490807390582,2.2011987437931033,1177.1558203394484,0.9809631836162069,0.5616666666666666,0.5924413705181314,True,11,False,1200,10.0,0.15
24,3,Simone Biles,rank,0.003701797662671108,0.14904075481234313,0.1531034721735951,0.01947548880612406,0.36122703972778375,0.3417515509216597,2.2321461030489695,1177.1558203394484,0.9809631836162069,0.5616666666666666,0.5924413705181314,True,11,False,1200,10.0,0.15
24,4,Bonner Bolton,rank,1.505764788959365e-08,0.09747899161973057,0.09616864923791718,0.005051301445974366,0.2572936995026846,0.2522423980567102,2.622889862400139,1164.0909851399388,0.9700758209499489,0.6241666666666666,0.6716499490789067,True,10,False,1200,10.0,0.15
24,4,David Ross,rank,2.757904412595076e-10,0.15101008601288365,0.15183623146421785,0.02151755225225369,0.3469893735329057,0.325471821280652,2.143557401185579,1164.0909851399388,0.9700758209499489,0.6241666666666666,0.6716499490789067,True,10,False,1200,10.0,0.15
24,4,Erika Jayne,rank,2.2638257991271123e-11,0.032440651296235475,0.03173434013238021,6.163786304718889e-06,0.12834192851690893,0.1283357647306042,4.043938530208492,1164.0909851399388,0.9700758209499489,0.6241666666666666,0.6716499490789067,True,10,False,1200,10.0,0.15
24,4,Heather Morris,rank,0.00033166676619037806,0.13347418446730944,0.13618819547494554,0.015280837959500183,0.3444423710751997,0.3291615331156995,2.416943076635288,1164.0909851399388,0.9700758209499489,0.6241666666666666,0.6716499490789067,True,10,False,1200,10.0,0.15
24,4,Mr. T,rank,2.0643419193810547e-14,0.016713126537567007,0.010566747476494488,2.1210906005337833e-10,0.06326115339028512,0.06326115317817606,5.986247619834395,1164.0909851399388,0.9700758209499489,0.6241666666666666,0.6716499490789067,True,10,True,1200,10.0,0.15
24,4,Nancy Kerrigan,rank,3.024409426627921e-07,0.133491140615181,0.1316263949137118,0.014707641755824232,0.3256579669573735,0.31095032520154925,2.3623526501105063,1164.0909851399388,0.9700758209499489,0.6241666666666666,0.6716499490789067,True,10,False,1200,10.0,0.15
24,4,Nick Viall,rank,3.7324177481805857e-11,0.13806810111937526,0.1387185106873895,0.015272873993301557,0.33815520856451564,0.32288233457121407,2.327591360229374,1164.0909851399388,0.9700758209499489,0.6241666666666666,0.6716499490789067,True,10,False,1200,10.0,0.15
24,4,Normani,rank,2.4825864362285947e-08,0.1533757082578383,0.15635738872717497,0.019598851021253298,0.361189938813923,0.34159108779266967,2.184667484574183,1164.0909851399388,0.9700758209499489,0.6241666666666666,0.6716499490789067,True,10,False,1200,10.0,0.15
24,4,Rashad Jennings,rank,0.988684695711509,0.002735092096098263,0.0026278885377477353,4.609143129841539e-48,0.009946504924454546,0.009946504924454546,3.7835399948055914,1164.0909851399388,0.9700758209499489,0.6241666666666666,0.6716499490789067,True,10,False,1200,10.0,0.15
24,4,Simone Biles,rank,0.0109832948620723,0.141212917977781,0.14417565334802065,0.01783890474980091,0.3322004631265855,0.3143615583767846,2.1803915618568515,1164.0909851399388,0.9700758209499489,0.6241666666666666,0.6716499490789067,True,10,False,1200,10.0,0.15
24,5,Bonner Bolton,rank,2.0151683232582304e-11,0.10372572167750851,0.10715981718962495,0.007080400367556061,0.2898190101723317,0.2827386098047756,2.638451415543607,1140.192809412455,0.9501606745103792,0.6625,0.7430521281797755,True,9,False,1200,10.0,0.15
24,5,David Ross,rank,1.0032932308281125e-12,0.16068723056276674,0.1614004531261558,0.026142227080846375,0.3664855782399721,0.34034335115912573,2.1086758797215044,1140.192809412455,0.9501606745103792,0.6625,0.7430521281797755,True,9,False,1200,10.0,0.15
24,5,Erika Jayne,rank,2.9907749697819627e-09,0.034519537618752344,0.021517028177907856,1.220854444555495e-05,0.09249827019508879,0.09248606165064323,4.29807326609958,1140.192809412455,0.9501606745103792,0.6625,0.7430521281797755,True,9,True,1200,10.0,0.15
24,5,Heather Morris,rank,1.2065647376674087e-06,0.14222070425392896,0.13746505220000155,0.015720372306837687,0.3236487661125287,0.307928393805691,2.240032276170127,1140.192809412455,0.9501606745103792,0.6625,0.7430521281797755,True,9,False,1200,10.0,0.15
24,5,Nancy Kerrigan,rank,0.0008025364399858422,0.14157781914549297,0.14641561757990518,0.01684150824560591,0.3568779029333645,0.3400363946877586,2.322389359269194,1140.192809412455,0.9501606745103792,0.6625,0.7430521281797755,True,9,False,1200,10.0,0.15
24,5,Nick Viall,rank,1.2065647376674087e-06,0.14691515838820085,0.15088766461159026,0.0200527445231509,0.3644186945905599,0.344365950067409,2.282251956791174,1140.192809412455,0.9501606745103792,0.6625,0.7430521281797755,True,9,False,1200,10.0,0.15
24,5,Normani,rank,0.8800880709356051,0.004375861277913441,0.004023357671096783,2.8602714387267116e-32,0.01908700665400687,0.01908700665400687,4.74287034452506,1140.192809412455,0.9501606745103792,0.6625,0.7430521281797755,True,9,False,1200,10.0,0.15
24,5,Rashad Jennings,rank,8.129769253368459e-09,0.16964793713001916,0.17658631235991348,0.0353105353559463,0.38403525664686355,0.34872472129091725,1.9748005484117677,1140.192809412455,0.9501606745103792,0.6625,0.7430521281797755,True,9,False,1200,10.0,0.15
24,5,Simone Biles,rank,0.11910696835323423,0.09633002994541708,0.09454469708380409,0.004798757940301387,0.26207621032737327,0.2572774523870719,2.721196842612779,1140.192809412455,0.9501606745103792,0.6625,0.7430521281797755,True,9,False,1200,10.0,0.15
24,6,Bonner Bolton,rank,3.2953334458641183e-09,0.10101257949930628,0.09981184031941591,0.006715098141644523,0.2751449164848619,0.2684298183432174,2.689331527729319,1187.3812944107453,0.9894844120089544,0.0,0.0,True,8,False,1200,10.0,0.15
24,6,David Ross,rank,7.352882795181379e-10,0.1564841541599232,0.1626563770478761,0.02329157717091332,0.36946295473623786,0.34617137756532457,2.128224270230507,1187.3812944107453,0.9894844120089544,0.0,0.0,True,8,False,1200,10.0,0.15
24,6,Heather Morris,rank,0.9697097524096123,0.0025688477084136194,0.0011105526323402152,1.0941551572808873e-54,0.0030998750710427635,0.0030998750710427635,2.7887793891652435,1187.3812944107453,0.9894844120089544,0.0,0.0,True,8,True,1200,10.0,0.15
24,6,Nancy Kerrigan,rank,3.6137719248129045e-06,0.13832826925417202,0.1365908400000865,0.017011799809677743,0.33024769020374034,0.3132358903940626,2.29322549863787,1187.3812944107453,0.9894844120089544,0.0,0.0,True,8,False,1200,10.0,0.15
24,6,Nick Viall,rank,6.035613741241526e-11,0.14307302663919427,0.1399788843948863,0.022080957516592087,0.3388749834412086,0.3167940259246165,2.2631396453431383,1187.3812944107453,0.9894844120089544,0.0,0.0,True,8,False,1200,10.0,0.15
24,6,Normani,rank,0.029282697201874604,0.14090543905607994,0.1411883004319178,0.01802108288292885,0.34816390848679185,0.330142825603863,2.3382991812687646,1187.3812944107453,0.9894844120089544,0.0,0.0,True,8,False,1200,10.0,0.15
24,6,Rashad Jennings,rank,0.0008842608350446606,0.16461085840970185,0.1657952422338595,0.030461983780618318,0.3711945194947554,0.3407325357141371,2.055128217161435,1187.3812944107453,0.9894844120089544,0.0,0.0,True,8,False,1200,10.0,0.15
24,6,Simone Biles,rank,0.0001196716905658128,0.15301682527320878,0.15286796293961785,0.020769743269826276,0.360307791869143,0.33953804859931674,2.221105200624877,1187.3812944107453,0.9894844120089544,0.0,0.0,True,8,False,1200,10.0,0.15
24,7,Bonner Bolton,rank,2.728821537577986e-10,0.11938125574883351,0.11942810126885013,0.010854338222400237,0.32582813204797056,0.31497379382557034,2.637328678514663,1199.9999999999998,0.9999999999999998,,,False,7,False,1200,10.0,0.15
24,7,David Ross,rank,5.480984574981238e-09,0.18494007701098902,0.18215394000942867,0.03181152438054997,0.39598840877514996,0.3641768843946,1.9992698763796883,1199.9999999999998,0.9999999999999998,,,False,7,False,1200,10.0,0.15
24,7,Nancy Kerrigan,rank,6.010629425759338e-06,0.16348101998285045,0.16641537514055302,0.02244125738408586,0.37837491033691595,0.3559336529528301,2.138813879657055,1199.9999999999998,0.9999999999999998,,,False,7,True,1200,10.0,0.15
24,7,Nick Viall,rank,2.9925161815417495e-07,0.16908999298025315,0.16832035802681047,0.026625583772609162,0.40601290778802507,0.3793873240154159,2.253946429988918,1199.9999999999998,0.9999999999999998,,,False,7,True,1200,10.0,0.15
24,7,Normani,rank,0.9782587384863883,0.0033635604800866933,0.002929611800998889,1.5669902891236676e-39,0.014691669894088643,0.014691669894088643,5.01317502682581,1199.9999999999998,0.9999999999999998,,,False,7,False,1200,10.0,0.15
24,7,Rashad Jennings,rank,0.010867472939350574,0.1867200923694048,0.19033229152561862,0.03699082687479112,0.4149500204495283,0.3779591935747372,1.985775533776572,1199.9999999999998,0.9999999999999998,,,False,7,False,1200,10.0,0.15
24,7,Simone Biles,rank,0.010867472939350574,0.17302400142758254,0.17042032222774062,0.030317848599551937,0.3990202542226156,0.36870240562306367,2.1634757951845507,1199.9999999999998,0.9999999999999998,,,False,7,False,1200,10.0,0.15
24,8,Bonner Bolton,rank,1.1123722126167185e-07,0.1769396842867118,0.12650989841525775,0.02232295473333494,0.2818740467975568,0.25955109206422183,2.051610535657368,967.4590558171842,0.8062158798476535,0.4583333333333333,0.6592096401929433,True,5,True,1200,10.0,0.15
24,8,David Ross,rank,6.073346495714822e-06,0.27410029404696873,0.29015926236487677,0.09612514404766913,0.5219339798207216,0.4258088357730525,1.4674953499924728,967.4590558171842,0.8062158798476535,0.4583333333333333,0.6592096401929433,True,5,False,1200,10.0,0.15
24,8,Normani,rank,0.9884662421254042,0.004780352262622806,0.00472953908884764,1.0455345375276607e-27,0.022695975546741465,0.022695975546741465,4.797756687022791,967.4590558171842,0.8062158798476535,0.4583333333333333,0.6592096401929433,True,5,False,1200,10.0,0.15
24,8,Rashad Jennings,rank,0.010980868061940497,0.2766163554237175,0.2885639923361923,0.08988375018356437,0.5219992343539873,0.43211548417042295,1.497463294740158,967.4590558171842,0.8062158798476535,0.4583333333333333,0.6592096401929433,True,5,False,1200,10.0,0.15
24,8,Simone Biles,rank,0.0005467052289383252,0.2675633139799792,0.29003730779482595,0.08760705465408733,0.5228086125358199,0.43520155788173254,1.5004968177844824,967.4590558171842,0.8062158798476535,0.4583333333333333,0.6592096401929433,True,5,False,1200,10.0,0.15
24,9,David Ross,rank,1.614781684099997e-05,0.33851056696937865,0.34119072950616464,0.1461673494736098,0.5735887520602176,0.4274214025866079,1.252730841996817,1117.478777031869,0.9312323141932242,0.0,0.0,True,4,False,1200,10.0,0.15
24,9,Normani,rank,0.003951240504673001,0.33829500046408834,0.3388872069585914,0.13968014504428755,0.5693635054992436,0.4296833604549561,1.2679206641954905,1117.478777031869,0.9312323141932242,0.0,0.0,True,4,False,1200,10.0,0.15
24,9,Rashad Jennings,rank,0.029195937749395866,0.3169786081160306,0.3161690224907127,0.12689299809353474,0.5412509207198289,0.41435792262629423,1.3105541106082117,1117.478777031869,0.9312323141932242,0.0,0.0,True,4,False,1200,10.0,0.15
24,9,Simone Biles,rank,0.9668366739290901,0.0062158244505023125,0.003753041044531467,1.0171746064385264e-22,0.02332710514773468,0.02332710514773468,6.2138652377590295,1117.478777031869,0.9312323141932242,0.0,0.0,True,4,True,1200,10.0,0.15
24,10,David Ross,rank,0.0010978954202914217,0.7190684155936855,0.7191911220678929,0.4781412285395201,0.9141120868018169,0.43597085826229676,0.6061952639424774,1199.9999999999998,0.9999999999999998,,,False,3,True,1200,10.0,0.15
24,10,Normani,rank,0.26864615181514634,0.24306980593379246,0.24116869028944102,0.061043671890503234,0.48352003048434816,0.4224763585938449,1.7517804915153632,1199.9999999999998,0.9999999999999998,,,False,3,True,1200,10.0,0.15
24,10,Rashad Jennings,rank,0.7302559527645622,0.03786177847252196,0.039640187642666906,2.4618454877001694e-05,0.17738865794077274,0.17736403948589574,4.474236268718496,1199.9999999999998,0.9999999999999998,,,False,3,True,1200,10.0,0.15
25,1,Barbara Corcoran,rank,1.472458906565182e-14,0.028758707936594796,0.0265468534112918,2.4919114939219e-06,0.12095066338205335,0.12094817147055943,4.5558550289085,1199.9999999999998,0.9999999999999998,,,False,13,False,1200,10.0,0.15
25,1,Debbie Gibson,rank,5.347308535908614e-10,0.04600828276977387,0.04563959860384551,0.00010046069493134744,0.17809989219293115,0.1779994314979998,3.9000240343693084,1199.9999999999998,0.9999999999999998,,,False,13,False,1200,10.0,0.15
25,1,Derek Fisher,rank,2.9195315371705138e-08,0.009270204492508729,0.009767839509428174,1.1185969144047923e-16,0.053135310602308895,0.053135310602308784,5.43926538572227,1199.9999999999998,0.9999999999999998,,,False,13,False,1200,10.0,0.15
25,1,Drew Scott,rank,3.6029881502709553e-12,0.1782562311218967,0.1742001458911785,0.030385340103986386,0.3961155251567796,0.3657301850527932,2.0994706044084275,1199.9999999999998,0.9999999999999998,,,False,13,False,1200,10.0,0.15
25,1,Frankie Muniz,rank,4.332968985310775e-06,0.18120550490820492,0.18064921565653502,0.03179308183674399,0.4142358602776624,0.3824427784409184,2.1170347184530667,1199.9999999999998,0.9999999999999998,,,False,13,False,1200,10.0,0.15
25,1,Jordan Fisher,rank,0.7052114634292682,0.00544158231265627,0.004814276438353315,5.550441802894078e-25,0.024255861498581846,0.024255861498581846,5.037272897851873,1199.9999999999998,0.9999999999999998,,,False,13,False,1200,10.0,0.15
25,1,Lindsey Stirling,rank,0.25943279907405425,0.060092763115832434,0.05880428313931919,0.0005955503232599939,0.19511885515834493,0.19452330483508493,3.3079222554583723,1199.9999999999998,0.9999999999999998,,,False,13,False,1200,10.0,0.15
25,1,Nick Lachey,rank,2.9195315371705138e-08,0.025103762682567483,0.026353156608605047,8.730324866893429e-07,0.13214966300095268,0.132148789968466,5.014343351261612,1199.9999999999998,0.9999999999999998,,,False,13,False,1200,10.0,0.15
25,1,Nikki Bella,rank,0.00023657209074895848,0.14309330021400948,0.14588401002817236,0.018621415771499204,0.3467361662609471,0.3281147504894479,2.249132727386347,1199.9999999999998,0.9999999999999998,,,False,13,False,1200,10.0,0.15
25,1,Sasha Pieterse,rank,2.9195315371705138e-08,0.017886395844983836,0.016345813323304367,5.442044040428486e-09,0.08413478303182868,0.08413477758978465,5.146861099211325,1199.9999999999998,0.9999999999999998,,,False,13,False,1200,10.0,0.15
25,1,Terrell Owens,rank,1.0880081463980213e-13,0.06782748622505487,0.07088314541944904,0.0013091209803242606,0.2443420073502082,0.24303288636988393,3.4285930222021284,1199.9999999999998,0.9999999999999998,,,False,13,False,1200,10.0,0.15
25,1,Vanessa Lachey,rank,0.03511041134355436,0.12299741311082726,0.12292978302493704,0.010231250678460221,0.3162126622332564,0.3059814115547962,2.48905444206539,1199.9999999999998,0.9999999999999998,,,False,13,False,1200,10.0,0.15
25,1,Victoria Arlen,rank,4.332968985310775e-06,0.11405836526508935,0.11718187894558071,0.010022015198478165,0.31473842486306247,0.3047164096645843,2.6003492353698996,1199.9999999999998,0.9999999999999998,,,False,13,False,1200,10.0,0.15
25,2,Barbara Corcoran,rank,5.650317370176355e-15,0.028870225119706678,0.02930807350778226,3.292576155140163e-06,0.13897513951175305,0.13897184693559791,4.741598089025146,1199.9999999999998,0.9999999999999998,,,False,13,True,1200,10.0,0.15
25,2,Debbie Gibson,rank,1.8470985643087434e-08,0.04618668494768554,0.046435522711067254,0.0001093691523346133,0.1938755224907253,0.19376615333839067,4.172710229489475,1199.9999999999998,0.9999999999999998,,,False,13,True,1200,10.0,0.15
25,2,Derek Fisher,rank,2.2795007195012908e-12,0.009306152533744734,0.009056611907014055,1.2365472379109994e-14,0.052787191317906657,0.05278719131789429,5.827936972770585,1199.9999999999998,0.9999999999999998,,,False,13,False,1200,10.0,0.15
25,2,Drew Scott,rank,1.8470985643087434e-08,0.17894743887761147,0.17915316078041166,0.030872392033400156,0.3995564634014486,0.3686840713680485,2.057915204213106,1199.9999999999998,0.9999999999999998,,,False,13,False,1200,10.0,0.15
25,2,Frankie Muniz,rank,0.1641352198471891,0.09262877150287108,0.08942037709731071,0.0037246187182931765,0.26191424677266345,0.2581896280543703,2.8873367469324647,1199.9999999999998,0.9999999999999998,,,False,13,False,1200,10.0,0.15
25,2,Jordan Fisher,rank,0.7356030208466828,0.004820948706249802,0.004279957868289911,1.8015653445463664e-31,0.02385940583664473,0.02385940583664473,5.57338020385043,1199.9999999999998,0.9999999999999998,,,False,13,False,1200,10.0,0.15
25,2,Lindsey Stirling,rank,0.0004068505334638313,0.17501434043718397,0.17142141828292923,0.028200980378138382,0.3897440998024039,0.3615431194242655,2.109077231821254,1199.9999999999998,0.9999999999999998,,,False,13,False,1200,10.0,0.15
25,2,Nick Lachey,rank,6.1963253837796775e-12,0.02520111016751871,0.02468831078503768,4.861997871109618e-07,0.12273660956368494,0.12273612336389783,4.971225176454861,1199.9999999999998,0.9999999999999998,,,False,13,False,1200,10.0,0.15
25,2,Nikki Bella,rank,4.5784995867976027e-11,0.14378797665078807,0.1469239194364275,0.018348781797948195,0.3464822593748108,0.3281334775768626,2.2333412115215876,1199.9999999999998,0.9999999999999998,,,False,13,False,1200,10.0,0.15
25,2,Sasha Pieterse,rank,0.00024676732246625444,0.017937545307234955,0.01807615866473928,7.033849975278765e-09,0.0916914836109374,0.09169147657708743,5.072228345040632,1199.9999999999998,0.9999999999999998,,,False,13,False,1200,10.0,0.15
25,2,Terrell Owens,rank,4.5784995867976027e-11,0.06809049977386221,0.07097402322830292,0.0011064318481467297,0.2381060558432285,0.23699962399508176,3.339197554507777,1199.9999999999998,0.9999999999999998,,,False,13,False,1200,10.0,0.15
25,2,Vanessa Lachey,rank,0.09955304317599374,0.09473153999123689,0.09503336028437484,0.005442473644919605,0.2723056138551365,0.2668631402102169,2.808070043420847,1199.9999999999998,0.9999999999999998,,,False,13,False,1200,10.0,0.15
25,2,Victoria Arlen,rank,5.506123218129458e-05,0.11447676598430587,0.1152291054463129,0.010189653207319743,0.31541967981253405,0.3052300266052143,2.6488739676405544,1199.9999999999998,0.9999999999999998,,,False,13,False,1200,10.0,0.15
25,3,Derek Fisher,rank,1.516570865115412e-08,0.009469112110486165,0.009450064494916848,1.527742885864331e-16,0.05704816584069962,0.057048165840699466,6.036163002737121,1199.9999999999998,0.9999999999999998,,,False,11,False,1200,10.0,0.15
25,3,Drew Scott,rank,7.45359523197473e-05,0.18202520635643626,0.17882827215711994,0.031249488259137745,0.40433715583088586,0.3730876675717481,2.086278510622982,1199.9999999999998,0.9999999999999998,,,False,11,False,1200,10.0,0.15
25,3,Frankie Muniz,rank,1.516570865115412e-08,0.18509684529372517,0.1863020798826616,0.0342994428060065,0.4023724347399703,0.3680729919339638,1.9756677783630068,1199.9999999999998,0.9999999999999998,,,False,11,False,1200,10.0,0.15
25,3,Jordan Fisher,rank,0.004069525107616848,0.09932307162937946,0.09842229735032751,0.005290796971598048,0.280661429844971,0.27537063287337293,2.797819624892466,1199.9999999999998,0.9999999999999998,,,False,11,False,1200,10.0,0.15
25,3,Lindsey Stirling,rank,0.995779961980526,0.002972126528405357,0.003975530967831548,6.185229973607694e-45,0.015428113287096026,0.015428113287096026,3.8797920629571174,1199.9999999999998,0.9999999999999998,,,False,11,False,1200,10.0,0.15
25,3,Nick Lachey,rank,1.516570865115412e-08,0.025642405561642642,0.027026106171450293,4.488660198489914e-07,0.13174716737838718,0.13174671851236733,4.874614310411676,1199.9999999999998,0.9999999999999998,,,False,11,False,1200,10.0,0.15
25,3,Nikki Bella,rank,1.516570865115412e-08,0.14630584082442222,0.147221284419684,0.018915733816693498,0.351625999928707,0.33271026611201354,2.259917833930373,1199.9999999999998,0.9999999999999998,,,False,11,False,1200,10.0,0.15
25,3,Sasha Pieterse,rank,5.0875284781200204e-12,0.01827017928288303,0.019755714807486696,3.262894685208674e-09,0.107054007116492,0.10705400385359731,5.418613615510094,1199.9999999999998,0.9999999999999998,,,False,11,False,1200,10.0,0.15
25,3,Terrell Owens,rank,1.516570865115412e-08,0.06928282916007943,0.0723123866335123,0.0011239391033629376,0.2517498073292913,0.25062586822592836,3.465829494283157,1199.9999999999998,0.9999999999999998,,,False,11,False,1200,10.0,0.15
25,3,Vanessa Lachey,rank,7.45359523197473e-05,0.1451052914569541,0.14059644221163337,0.018476990374038042,0.33259476501289875,0.3141177746388607,2.234164218763219,1199.9999999999998,0.9999999999999998,,,False,11,False,1200,10.0,0.15
25,3,Victoria Arlen,rank,1.3651735869164003e-06,0.11650709179558615,0.11610982090337592,0.009593531110462844,0.2983961253376593,0.28880259422719645,2.4873012866520825,1199.9999999999998,0.9999999999999998,,,False,11,False,1200,10.0,0.15
25,4,Derek Fisher,rank,7.22064178701649e-10,0.008955728092900104,0.005010469281105488,7.664169605240916e-18,0.028581821028468422,0.028581821028468415,5.703281697491221,1181.3131997883295,0.9844276664902746,0.5983333333333334,0.624448594754942,True,11,True,1200,10.0,0.15
25,4,Drew Scott,rank,3.9423368362311706e-08,0.17220913437292154,0.17075689804349886,0.029841827679305898,0.3977647809270423,0.36792295324773644,2.1546467686900885,1181.3131997883295,0.9844276664902746,0.5983333333333334,0.624448594754942,True,11,False,1200,10.0,0.15
25,4,Frankie Muniz,rank,3.9423368362311706e-08,0.17506147716508202,0.16745164075185245,0.03286502874334236,0.3749744477527999,0.34210941900945757,2.043021940253713,1181.3131997883295,0.9844276664902746,0.5983333333333334,0.624448594754942,True,11,False,1200,10.0,0.15
25,4,Jordan Fisher,rank,0.9522696001784344,0.0019034360555601484,0.0017040601646858182,4.1299404036959853e-69,0.002543270248764691,0.002543270248764691,1.4916014703993306,1181.3131997883295,0.9844276664902746,0.5983333333333334,0.624448594754942,True,11,False,1200,10.0,0.15
25,4,Lindsey Stirling,rank,0.00031945086254753187,0.16848469215624157,0.1766370251198664,0.03046383656487346,0.40263546310550413,0.3721716265406307,2.1069734350125087,1181.3131997883295,0.9844276664902746,0.5983333333333334,0.624448594754942,True,11,False,1200,10.0,0.15
25,4,Nick Lachey,rank,8.021408461585394e-12,0.024252159004211137,0.024640943854342366,4.6010477257013226e-07,0.11808613510379169,0.11808567499901912,4.79206006218581,1181.3131997883295,0.9844276664902746,0.5983333333333334,0.624448594754942,True,11,False,1200,10.0,0.15
25,4,Nikki Bella,rank,3.9423368362311706e-08,0.13837359881503603,0.1383054842596685,0.016313954356881946,0.3211283191088004,0.3048143647519185,2.203905090810014,1181.3131997883295,0.9844276664902746,0.5983333333333334,0.624448594754942,True,11,False,1200,10.0,0.15
25,4,Sasha Pieterse,rank,3.9423368362311706e-08,0.017279626613128204,0.018483040481440245,4.613573288393687e-09,0.10299619091937419,0.1029961863058009,5.572168401666237,1181.3131997883295,0.9844276664902746,0.5983333333333334,0.624448594754942,True,11,False,1200,10.0,0.15
25,4,Terrell Owens,rank,3.9423368362311706e-08,0.06552653231713773,0.06528940939021048,0.0010467740061639258,0.2167231760074089,0.21567640200124497,3.3033397096998915,1181.3131997883295,0.9844276664902746,0.5983333333333334,0.624448594754942,True,11,False,1200,10.0,0.15
25,4,Vanessa Lachey,rank,3.9423368362311706e-08,0.1372801994565572,0.1414856021797379,0.018599156931801798,0.33652485236091567,0.31792569542911386,2.2470374617183615,1181.3131997883295,0.9844276664902746,0.5983333333333334,0.624448594754942,True,11,False,1200,10.0,0.15
25,4,Victoria Arlen,rank,0.04741071168872218,0.0906734159512243,0.09023542647359166,0.005030409892039054,0.2654922154129328,0.2604618055208937,2.8864375031198706,1181.3131997883295,0.9844276664902746,0.5983333333333334,0.624448594754942,True,11,False,1200,10.0,0.15
25,5,Drew Scott,rank,1.037218350280475e-07,0.1789249561814873,0.17952058371459576,0.03477830505478938,0.4053243093395586,0.37054600428476925,2.0640749519782813,1166.3094202160983,0.9719245168467485,0.5308333333333334,0.5752016939402389,True,10,False,1200,10.0,0.15
25,5,Frankie Muniz,rank,0.07565640438010056,0.13325934759402308,0.13647748053200243,0.013650069241407521,0.3283454646329983,0.31469539539159075,2.3058242894036236,1166.3094202160983,0.9719245168467485,0.5308333333333334,0.5752016939402389,True,10,False,1200,10.0,0.15
25,5,Jordan Fisher,rank,0.9216836894491148,0.0022427130611320394,0.0020190462326553724,5.2537289857359e-61,0.005751087248846751,0.005751087248846751,2.847007734712529,1166.3094202160983,0.9719245168467485,0.5308333333333334,0.5752016939402389,True,10,False,1200,10.0,0.15
25,5,Lindsey Stirling,rank,0.0022846254514198735,0.173646436165785,0.16466558516833377,0.02716157146621983,0.3712407189049986,0.34407914743877877,2.0895505125526035,1166.3094202160983,0.9719245168467485,0.5308333333333334,0.5752016939402389,True,10,False,1200,10.0,0.15
25,5,Nick Lachey,rank,5.7366925797065144e-11,0.025197952764490012,0.027343410980876698,4.824850733862255e-07,0.14551398430239249,0.1455135018173191,5.321508000998225,1166.3094202160983,0.9719245168467485,0.5308333333333334,0.5752016939402389,True,10,False,1200,10.0,0.15
25,5,Nikki Bella,rank,0.00018753347703592444,0.1436591387326434,0.14947991213956843,0.01899064853660807,0.35789777776488496,0.33890712922827687,2.267226794226701,1166.3094202160983,0.9719245168467485,0.5308333333333334,0.5752016939402389,True,10,False,1200,10.0,0.15
25,5,Sasha Pieterse,rank,3.1321280216084158e-09,0.017953505919791328,0.01064071039384755,1.823277173939874e-09,0.05625492184845101,0.056254920025173835,5.286266769456283,1166.3094202160983,0.9719245168467485,0.5308333333333334,0.5752016939402389,True,10,True,1200,10.0,0.15
25,5,Terrell Owens,rank,1.037218350280475e-07,0.0680819398242805,0.07193843654841744,0.0013657628694666287,0.23178589753306275,0.23042013466359612,3.2029738585527605,1166.3094202160983,0.9719245168467485,0.5308333333333334,0.5752016939402389,True,10,False,1200,10.0,0.15
25,5,Vanessa Lachey,rank,3.1321280216084158e-09,0.1426339196323205,0.145493766131526,0.01918745118967298,0.3727414638560756,0.35355401266640263,2.4300118971069575,1166.3094202160983,0.9719245168467485,0.5308333333333334,0.5752016939402389,True,10,False,1200,10.0,0.15
25,5,Victoria Arlen,rank,0.00018753347703592444,0.11440009012404692,0.1124210681581763,0.0084866929703215,0.28697125752558894,0.27848456455526743,2.477134330631985,1166.3094202160983,0.9719245168467485,0.5308333333333334,0.5752016939402389,True,10,False,1200,10.0,0.15
25,6,Drew Scott,rank,9.478105193396945e-11,0.19210155632336792,0.19086749697348068,0.04016970174281462,0.4096636305587135,0.36949392881589893,1.9358560195883792,1152.4517533316268,0.960376461109689,0.6991666666666667,0.7664836284138218,True,9,False,1200,10.0,0.15
25,6,Frankie Muniz,rank,2.5764161115434216e-10,0.19528338212497828,0.20096520413565588,0.04328158493529128,0.4338429946704782,0.39056140973518694,1.9434183544191879,1152.4517533316268,0.960376461109689,0.6991666666666667,0.7664836284138218,True,9,False,1200,10.0,0.15
25,6,Jordan Fisher,rank,0.07581556982540112,0.07801744289918755,0.07566066998513388,0.0021112842789461767,0.2391569151321311,0.23704563085318492,3.1329685281828965,1152.4517533316268,0.960376461109689,0.6991666666666667,0.7664836284138218,True,9,False,1200,10.0,0.15
25,6,Lindsey Stirling,rank,0.9236227215252416,0.004218834900291198,0.003675590851263608,6.0034205400620414e-33,0.017294114597201305,0.017294114597201305,4.703845300397647,1152.4517533316268,0.960376461109689,0.6991666666666667,0.7664836284138218,True,9,False,1200,10.0,0.15
25,6,Nick Lachey,rank,3.8734849595132577e-13,0.027053598246089463,0.016573765463941636,6.487145666972862e-07,0.07619672361515749,0.07619607490059079,4.597113308562656,1152.4517533316268,0.960376461109689,0.6991666666666667,0.7664836284138218,True,9,True,1200,10.0,0.15
25,6,Nikki Bella,rank,2.543329028955544e-05,0.15434142902908302,0.15478135091723702,0.021556574099951636,0.38160402516184133,0.3600474510618897,2.3261531365059125,1152.4517533316268,0.960376461109689,0.6991666666666667,0.7664836284138218,True,9,False,1200,10.0,0.15
25,6,Terrell Owens,rank,0.0005108412911890162,0.07294232813857245,0.07159183705836789,0.001773067269057487,0.2299467457618602,0.2281736784928027,3.1871020603189435,1152.4517533316268,0.960376461109689,0.6991666666666667,0.7664836284138218,True,9,False,1200,10.0,0.15
25,6,Vanessa Lachey,rank,2.543329028955544e-05,0.1531218552019061,0.15968877657929073,0.023857433070716562,0.3672624892129147,0.34340505614219813,2.150451102746,1152.4517533316268,0.960376461109689,0.6991666666666667,0.7664836284138218,True,9,False,1200,10.0,0.15
25,6,Victoria Arlen,rank,4.2477920452761533e-10,0.122919573136524,0.12619530803562826,0.012833615833433887,0.32923891302152547,0.31640529718809157,2.5072468609680936,1152.4517533316268,0.960376461109689,0.6991666666666667,0.7664836284138218,True,9,False,1200,10.0,0.15
25,7,Drew Scott,rank,0.010866954015479574,0.1874431025198735,0.18601998473062467,0.038632618426691724,0.40745493116871495,0.3688223127420232,1.9826919703500736,1199.9999999999998,0.9999999999999998,,,False,8,False,1200,10.0,0.15
25,7,Frankie Muniz,rank,0.9782120264481576,0.003568708788272877,0.003477991895393243,3.793051157327347e-39,0.015567560568307144,0.015567560568307144,4.47473320904287,1199.9999999999998,0.9999999999999998,,,False,8,False,1200,10.0,0.15
25,7,Jordan Fisher,rank,2.6936485919603218e-05,0.10871276716600643,0.10687623192560286,0.005897368421809224,0.28797516420925506,0.28207779578744585,2.639269287810522,1199.9999999999998,0.9999999999999998,,,False,8,False,1200,10.0,0.15
25,7,Lindsey Stirling,rank,1.8149661446789846e-07,0.19202161058356648,0.1845242467551086,0.03625657231529964,0.3992751146425589,0.3630185423272592,1.9673109707802574,1199.9999999999998,0.9999999999999998,,,False,8,False,1200,10.0,0.15
25,7,Nikki Bella,rank,2.0162452618265822e-09,0.1574971895420056,0.1575428487693118,0.02414565275143786,0.3722269496486852,0.3480812968972473,2.2094248656254143,1199.9999999999998,0.9999999999999998,,,False,8,True,1200,10.0,0.15
25,7,Terrell Owens,rank,9.036184353049103e-09,0.07458246710975105,0.07683457320774528,0.0013740737521264917,0.22731100027520224,0.22593692652307573,2.9405250340515523,1199.9999999999998,0.9999999999999998,,,False,8,False,1200,10.0,0.15
25,7,Vanessa Lachey,rank,2.6936485919603218e-05,0.1562353749210911,0.15894947367364387,0.025362108431812642,0.37185240750078163,0.346490299068969,2.179863268481859,1199.9999999999998,0.9999999999999998,,,False,8,True,1200,10.0,0.15
25,7,Victoria Arlen,rank,0.010866954015479574,0.119938779369433,0.12577464904256944,0.013149550537303734,0.32147630442748787,0.30832675389018416,2.451402606444347,1199.9999999999998,0.9999999999999998,,,False,8,False,1200,10.0,0.15
25,8,Drew Scott,rank,8.188090748986781e-07,0.2521443356760456,0.2593886901153193,0.07741377026197167,0.49693318241980133,0.4195194121578297,1.6173326394403729,1041.382387165708,0.8678186559714234,0.56,0.7171889052797479,True,6,False,1200,10.0,0.15
25,8,Frankie Muniz,rank,0.004024257327466183,0.25211491080273424,0.2575155005578525,0.07153606937113902,0.49272504533069844,0.4211889759595594,1.6355805357992468,1041.382387165708,0.8678186559714234,0.56,0.7171889052797479,True,6,False,1200,10.0,0.15
25,8,Jordan Fisher,rank,0.9847033013861479,0.002439003068154191,0.0020482648247795087,1.5752559494568991e-56,0.009268206227289619,0.009268206227289619,4.522698147754931,1041.382387165708,0.8678186559714234,0.56,0.7171889052797479,True,6,False,1200,10.0,0.15
25,8,Lindsey Stirling,rank,0.010939065566294488,0.23615126604024775,0.2473531302080706,0.06335492978274028,0.4796113582411098,0.4162564284583695,1.68283597329958,1041.382387165708,0.8678186559714234,0.56,0.7171889052797479,True,6,False,1200,10.0,0.15
25,8,Terrell Owens,rank,0.00033033115718727633,0.09581241178802476,0.06434901386381726,0.0026802132445969177,0.19132111967644744,0.18864090643185052,2.931481985863558,1041.382387165708,0.8678186559714234,0.56,0.7171889052797479,True,6,True,1200,10.0,0.15
25,8,Victoria Arlen,rank,2.2257538292744383e-06,0.16133807262479347,0.1693454004301615,0.02813600143416373,0.36940503322024576,0.34126903178608203,2.0152127882211555,1041.382387165708,0.8678186559714234,0.56,0.7171889052797479,True,6,False,1200,10.0,0.15
25,9,Drew Scott,rank,3.565538194139005e-05,0.32689027528412934,0.35425531055977616,0.14069810141045086,0.5957199053618092,0.45502180395135833,1.2844423384649328,964.3679532319721,0.8036399610266435,0.5258333333333334,0.7331401177437658,True,5,False,1200,10.0,0.15
25,9,Frankie Muniz,rank,0.00026345961739372996,0.33199350789590404,0.34835841020301744,0.14419394581635184,0.5793648981300374,0.43517095231368563,1.2492010824684656,964.3679532319721,0.8036399610266435,0.5258333333333334,0.7331401177437658,True,5,False,1200,10.0,0.15
25,9,Jordan Fisher,rank,0.7853620507327971,0.007178150865500569,0.005746810130601729,4.529443388334533e-20,0.030091130904958904,0.030091130904958904,5.23523397976417,964.3679532319721,0.8036399610266435,0.5258333333333334,0.7331401177437658,True,5,False,1200,10.0,0.15
25,9,Lindsey Stirling,rank,0.1752379601545083,0.15581130379038907,0.1625616832031236,0.01818822062914144,0.3774165575197577,0.3592283368906163,2.2097835112733533,964.3679532319721,0.8036399610266435,0.5258333333333334,0.7331401177437658,True,5,False,1200,10.0,0.15
25,9,Victoria Arlen,rank,0.0391008741133596,0.17812676216407686,0.12907778590348046,0.027822462362810736,0.2887045115936941,0.2608820492308834,2.0211070890142993,964.3679532319721,0.8036399610266435,0.5258333333333334,0.7331401177437658,True,5,True,1200,10.0,0.15
25,10,Drew Scott,rank,0.00010151641961305399,0.453352249479521,0.45089558944876895,0.20084793836949172,0.6991875666494801,0.4983396282799884,1.1052193339701675,1199.9999999999998,0.9999999999999998,,,False,4,True,1200,10.0,0.15
25,10,Frankie Muniz,rank,0.002039011794447808,0.4572041721848636,0.461077781471644,0.21047338914773733,0.699802035356769,0.48932864620903166,1.0612690626257435,1199.9999999999998,0.9999999999999998,,,False,4,True,1200,10.0,0.15
25,10,Jordan Fisher,rank,0.49892973589296963,0.03233531875716308,0.031108531304586955,1.0040588187139858e-05,0.13713516343136728,0.13712512284318015,4.407817060971333,1199.9999999999998,0.9999999999999998,,,False,4,True,1200,10.0,0.15
25,10,Lindsey Stirling,rank,0.49892973589296963,0.057108259578452426,0.056918097775001154,0.00040131010970462065,0.2037906137720659,0.20338930366236127,3.5733051227612704,1199.9999999999998,0.9999999999999998,,,False,4,True,1200,10.0,0.15
26,1,Adam Rippon,rank,0.4853303731518473,0.019537752980863337,0.019720850799565898,1.7108588850203695e-08,0.0954421485444124,0.09544213143582354,4.8394104795643385,1199.9999999999998,0.9999999999999998,,,False,10,False,1200,10.0,0.15
26,1,Arike Ogunbowale,rank,1.0970065145362087e-06,0.16811320647488476,0.1646442194379566,0.025903135012686353,0.3895012930622541,0.36359815804956774,2.2083736126124376,1199.9999999999998,0.9999999999999998,,,False,10,False,1200,10.0,0.15
26,1,Chris Mazdzer,rank,1.336427523818973e-05,0.1405530411167763,0.13872671230744726,0.015357641961434318,0.3494931949152744,0.3341355529538401,2.4085710590637546,1199.9999999999998,0.9999999999999998,,,False,10,False,1200,10.0,0.15
26,1,Jamie Anderson,rank,1.2186641572412003e-08,0.14699379774814778,0.14801987513037762,0.021224712772756466,0.3581033738578665,0.33687866108511005,2.275886159897281,1199.9999999999998,0.9999999999999998,,,False,10,True,1200,10.0,0.15
26,1,Jennie Finch Daigle,rank,1.336427523818973e-05,0.11751696556249804,0.12262570373018553,0.01089628652482429,0.32463983130040813,0.31374354477558386,2.5585254698349478,1199.9999999999998,0.9999999999999998,,,False,10,False,1200,10.0,0.15
26,1,Johnny Damon,rank,1.000340456701387e-09,0.10048522631624326,0.10055935516991205,0.005089319185414904,0.2804578390601947,0.27536851987477984,2.738340764702976,1199.9999999999998,0.9999999999999998,,,False,10,True,1200,10.0,0.15
26,1,Josh Norman,rank,0.4853303731518473,0.018682702359764235,0.01993094328641172,7.653456165133956e-09,0.12102503921364278,0.12102503156018662,6.071913301233075,1199.9999999999998,0.9999999999999998,,,False,10,False,1200,10.0,0.15
26,1,Kareem Abdul-Jabbar,rank,2.2320612630673392e-10,0.054920034765228685,0.054897973852798106,0.000310829484945174,0.2099689732638625,0.2096581437789173,3.818981104110954,1199.9999999999998,0.9999999999999998,,,False,10,False,1200,10.0,0.15
26,1,Mirai Nagasu,rank,0.014655707364563245,0.14473103552997588,0.1441670385413072,0.017812770548324506,0.3568126187161978,0.33899984816787326,2.3514216576564064,1199.9999999999998,0.9999999999999998,,,False,10,False,1200,10.0,0.15
26,1,Tonya Harding,rank,0.014655707364563245,0.0884662371456177,0.08670732774403792,0.0035317112022737974,0.2670380378279143,0.2635063266256405,3.03899675476972,1199.9999999999998,0.9999999999999998,,,False,10,False,1200,10.0,0.15
26,2,Adam Rippon,rank,0.3769584052206821,0.04046559653137712,0.041120545925762295,6.199410850722244e-05,0.16743552466341194,0.16737353055490473,4.070214939318384,1199.9999999999998,0.9999999999999998,,,False,8,False,1200,10.0,0.15
26,2,Arike Ogunbowale,rank,0.0015405428439448476,0.2215809707549517,0.2232170768550063,0.055601300857302235,0.4502556804040172,0.39465437954671495,1.768021591741725,1199.9999999999998,0.9999999999999998,,,False,8,True,1200,10.0,0.15
26,2,Chris Mazdzer,rank,8.520501685289883e-07,0.1864414085124956,0.1821492334290246,0.032444047746282435,0.4074538223539506,0.37500977460766816,2.0587938184212753,1199.9999999999998,0.9999999999999998,,,False,8,False,1200,10.0,0.15
26,2,Jennie Finch Daigle,rank,3.4821342928827643e-09,0.15588495887455014,0.15590999409167,0.020278413224882375,0.3836666869848852,0.3633882737600028,2.3307418176446473,1199.9999999999998,0.9999999999999998,,,False,8,False,1200,10.0,0.15
26,2,Josh Norman,rank,3.4821342928827643e-09,0.18231669140961984,0.1814760115393219,0.030974453370262816,0.403301611187947,0.37232715781768416,2.0516491574306612,1199.9999999999998,0.9999999999999998,,,False,8,False,1200,10.0,0.15
26,2,Kareem Abdul-Jabbar,rank,1.423068697304955e-11,0.07284681827633167,0.07380842653214227,0.0017147787199113074,0.2504916022567524,0.24877682353684108,3.3705291481773623,1199.9999999999998,0.9999999999999998,,,False,8,True,1200,10.0,0.15
26,2,Mirai Nagasu,rank,0.6214993408565368,0.015831975864319246,0.015164972133183519,2.258431601419138e-10,0.08309516201353495,0.08309516178769179,5.479052780657399,1199.9999999999998,0.9999999999999998,,,False,8,False,1200,10.0,0.15
26,2,Tonya Harding,rank,8.520501685289883e-07,0.12463157977635464,0.1271537394938891,0.012277954208722814,0.3202749544801749,0.3079970002714521,2.4222219438879353,1199.9999999999998,0.9999999999999998,,,False,8,False,1200,10.0,0.15
26,3,Adam Rippon,rank,0.97061826226111,0.004214466326093543,0.004870984846362893,9.111713689331628e-33,0.02814392254924395,0.02814392254924395,5.776685157437297,1199.9999999999998,0.9999999999999998,,,False,6,False,1200,10.0,0.15
26,3,Chris Mazdzer,rank,8.070969603565118e-07,0.223029204297151,0.22352494220837138,0.05600252656170253,0.43920281648817594,0.3832002899264734,1.7143436960406737,1199.9999999999998,0.9999999999999998,,,False,6,True,1200,10.0,0.15
26,3,Jennie Finch Daigle,rank,5.438176542005161e-09,0.1864762335303835,0.18363414084204938,0.03254143313248656,0.3947774991395929,0.36223606600710634,1.9725857716888593,1199.9999999999998,0.9999999999999998,,,False,6,True,1200,10.0,0.15
26,3,Josh Norman,rank,0.029310131822203236,0.1933318660974264,0.19047765175048625,0.03789753255676186,0.4115164297113373,0.3736188971545754,1.9614738645041971,1199.9999999999998,0.9999999999999998,,,False,6,False,1200,10.0,0.15
26,3,Mirai Nagasu,rank,2.672738061669266e-05,0.24388510957800624,0.24873195962288616,0.06840113934844233,0.4783432015870287,0.40994206223858637,1.64812119334774,1199.9999999999998,0.9999999999999998,,,False,6,True,1200,10.0,0.15
26,3,Tonya Harding,rank,4.40660009328395e-05,0.1490631201709393,0.14876032072984408,0.018371612364797164,0.3481188156500805,0.32974720328528334,2.2166192237840923,1199.9999999999998,0.9999999999999998,,,False,6,False,1200,10.0,0.15
26,4,Adam Rippon,rank,0.7855970345892759,0.037263040694454505,0.03983984890668116,2.2028372042116346e-05,0.1780856567439724,0.17806362837193027,4.469373350678521,1199.9999999999998,0.9999999999999998,,,False,3,True,1200,10.0,0.15
26,4,Josh Norman,rank,0.1752903921400367,0.43826216059423556,0.43750293923274397,0.19068204530782085,0.6993837117479166,0.5087016664400957,1.1627361969179344,1199.9999999999998,0.9999999999999998,,,False,3,True,1200,10.0,0.15
26,4,Tonya Harding,rank,0.039112573270687456,0.5244747987113099,0.522657211860576,0.26336939918179586,0.7781192777104494,0.5147498785286535,0.9848690154436296,1199.9999999999998,0.9999999999999998,,,False,3,True,1200,10.0,0.15
27,1,Alexis Ren,rank,0.014741024363849777,0.13052382022124376,0.12959996426736903,0.01222988090724488,0.314278555546971,0.3020486746397261,2.3306051490218427,1181.8375126292137,0.9848645938576781,0.3908333333333333,0.4101926755299539,True,13,False,1200,10.0,0.15
27,1,Bobby Bones,rank,2.9993321848586827e-06,0.13341389061186357,0.13727221365963393,0.015031482156701003,0.33487832688208297,0.31984684472538194,2.3300018714389212,1181.8375126292137,0.9848645938576781,0.3908333333333333,0.4101926755299539,True,13,False,1200,10.0,0.15
27,1,Danelle Umstead,rank,5.00939487220635e-11,0.009484114151652638,0.010995123882343496,4.749925972906992e-16,0.07519105494349163,0.07519105494349115,6.8379599709881065,1181.8375126292137,0.9848645938576781,0.3908333333333333,0.4101926755299539,True,13,False,1200,10.0,0.15
27,1,DeMarcus Ware,rank,0.4881556841429802,0.018063336744642958,0.01871346613320845,9.856036951837292e-09,0.10352342641252077,0.10352341655648382,5.531732287718514,1181.8375126292137,0.9848645938576781,0.3908333333333333,0.4101926755299539,True,13,False,1200,10.0,0.15
27,1,Evanna Lynch,rank,6.102692277743281e-10,0.13250794126436077,0.13649914823151485,0.015319104186020798,0.3405017422630337,0.3251826380770129,2.3822878018086686,1181.8375126292137,0.9848645938576781,0.3908333333333333,0.4101926755299539,True,13,False,1200,10.0,0.15
27,1,Joe Amabile,rank,6.182084397718028e-15,0.13575746387797133,0.14001133417558692,0.017649851262157026,0.3459705043836715,0.3283206531215145,2.344940930059587,1181.8375126292137,0.9848645938576781,0.3908333333333333,0.4101926755299539,True,13,False,1200,10.0,0.15
27,1,John Schneider,rank,6.102692277743281e-10,0.1255702496253037,0.1233957843631586,0.013620662523684613,0.32068218539477233,0.30706152287108773,2.4884078175603106,1181.8375126292137,0.9848645938576781,0.3908333333333333,0.4101926755299539,True,13,False,1200,10.0,0.15
27,1,Juan Pablo Di Pace,rank,0.008940883232245806,0.10809451856916946,0.1066883980136834,0.007823424201901246,0.27423182186867523,0.266408397666774,2.4970465915704754,1181.8375126292137,0.9848645938576781,0.3908333333333333,0.4101926755299539,True,13,False,1200,10.0,0.15
27,1,Mary Lou Retton,rank,6.692414707458579e-07,0.060059337554632324,0.054819320639072106,0.0006494675687785417,0.18948645964218408,0.18883699207340554,3.444653184658969,1181.8375126292137,0.9848645938576781,0.3908333333333333,0.4101926755299539,True,13,False,1200,10.0,0.15
27,1,Milo Manheim,rank,2.9993321848586827e-06,0.11688607762656252,0.11709571044315253,0.00925934608185847,0.2996433161370338,0.29038397005517536,2.479864455254269,1181.8375126292137,0.9848645938576781,0.3908333333333333,0.4101926755299539,True,13,False,1200,10.0,0.15
27,1,Nancy McKeon,rank,5.493468520522975e-08,0.017034219663568346,0.01678867364875017,4.585466185131294e-09,0.09769787395842756,0.09769786937296138,5.81892605043184,1181.8375126292137,0.9848645938576781,0.3908333333333333,0.4101926755299539,True,13,False,1200,10.0,0.15
27,1,Nikki Glaser,rank,6.779478738740816e-12,0.010070070912613518,0.005984363920663524,4.468474598542901e-15,0.036181199000668844,0.036181199000664375,6.044945550554495,1181.8375126292137,0.9848645938576781,0.3908333333333333,0.4101926755299539,True,13,True,1200,10.0,0.15
27,1,Tinashe,rank,0.4881556841429802,0.0025349591764151675,0.00213649862186277,3.441514269531429e-53,0.004690490197655125,0.004690490197655125,2.1943827938319296,1181.8375126292137,0.9848645938576781,0.3908333333333333,0.4101926755299539,True,13,False,1200,10.0,0.15
27,2,Alexis Ren,rank,0.006064981623208377,0.14286823655031292,0.13983127896852926,0.017413611284155663,0.3400801974759206,0.32266658619176497,2.307525762806058,1175.0079818703114,0.9791733182252594,0.6091666666666666,0.6410915330148181,True,12,False,1200,10.0,0.15
27,2,Bobby Bones,rank,3.398085743224089e-11,0.14091543478178925,0.13622756421411403,0.016365182974924446,0.3333406934947348,0.3169755105198103,2.3267918321565184,1175.0079818703114,0.9791733182252594,0.6091666666666666,0.6410915330148181,True,12,False,1200,10.0,0.15
27,2,Danelle Umstead,rank,1.6918072721776148e-12,0.010017259678490445,0.006762032653287066,4.364819671182266e-15,0.03785483241836415,0.03785483241835978,5.5973162276484105,1175.0079818703114,0.9791733182252594,0.6091666666666666,0.6410915330148181,True,12,True,1200,10.0,0.15
27,2,DeMarcus Ware,rank,2.4786193672537432e-05,0.14199017554279236,0.14397654548221567,0.0178711154056925,0.36707982779616316,0.3492087123904707,2.425438711438552,1175.0079818703114,0.9791733182252594,0.6091666666666666,0.6410915330148181,True,12,False,1200,10.0,0.15
27,2,Evanna Lynch,rank,0.0004978440081950311,0.13967060464947634,0.13904502677495956,0.016831873190812967,0.34179649976921084,0.32496462657839786,2.3371011320182498,1175.0079818703114,0.9791733182252594,0.6091666666666666,0.6410915330148181,True,12,False,1200,10.0,0.15
27,2,Joe Amabile,rank,6.223811138584832e-13,0.14338901313707267,0.15315666506998094,0.02098012556249927,0.36004361671805596,0.3390634911555567,2.213819928637796,1175.0079818703114,0.9791733182252594,0.6091666666666666,0.6410915330148181,True,12,False,1200,10.0,0.15
27,2,John Schneider,rank,2.2602083004728346e-08,0.13262911688711496,0.13762583580321477,0.017125172251213218,0.35506240012620993,0.3379372278749967,2.455460273446924,1175.0079818703114,0.9791733182252594,0.6091666666666666,0.6410915330148181,True,12,False,1200,10.0,0.15
27,2,Juan Pablo Di Pace,rank,0.33113677661219365,0.03035119283994595,0.029671075747449344,7.05112370242239e-06,0.13750281023579278,0.13749575911209036,4.6338436273340164,1175.0079818703114,0.9791733182252594,0.6091666666666666,0.6410915330148181,True,12,False,1200,10.0,0.15
27,2,Mary Lou Retton,rank,2.034574673501924e-06,0.06343519204762404,0.05914427967250052,0.0009358807152465848,0.2102491197979076,0.20931323908266103,3.538967779705686,1175.0079818703114,0.9791733182252594,0.6091666666666666,0.6410915330148181,True,12,False,1200,10.0,0.15
27,2,Milo Manheim,rank,0.33113677661219365,0.03163541465700123,0.029152212584471544,5.662628736046698e-06,0.1337576007535902,0.13375193812485414,4.587897053791495,1175.0079818703114,0.9791733182252594,0.6091666666666666,0.6410915330148181,True,12,False,1200,10.0,0.15
27,2,Nancy McKeon,rank,1.1252914518125459e-09,0.017991795204424215,0.019055585261621592,5.258376654646215e-09,0.09870952554605486,0.09870952028767821,5.179811541917277,1175.0079818703114,0.9791733182252594,0.6091666666666666,0.6410915330148181,True,12,False,1200,10.0,0.15
27,2,Tinashe,rank,0.33113677661219365,0.005106564023955601,0.006351897767655591,2.524026759460157e-28,0.030818227178982978,0.030818227178982978,4.851050387728154,1175.0079818703114,0.9791733182252594,0.6091666666666666,0.6410915330148181,True,12,False,1200,10.0,0.15
27,3,Alexis Ren,rank,1.668435238306243e-05,0.13666398301398872,0.13349522380031506,0.015221130796330022,0.3505375765169211,0.33531644572059105,2.5118047250696813,1164.0795496567919,0.9700662913806599,0.5491666666666667,0.5964745282421839,True,11,False,1200,10.0,0.15
27,3,Bobby Bones,rank,4.594278243295318e-10,0.13148489233125782,0.1330572369505849,0.01581727915705829,0.3125509150994674,0.29673363594240915,2.2301034700513123,1164.0795496567919,0.9700662913806599,0.5491666666666667,0.5964745282421839,True,11,False,1200,10.0,0.15
27,3,DeMarcus Ware,rank,1.668435238306243e-05,0.13249212184431094,0.13544382863465504,0.01566360238769103,0.33669151288288973,0.3210279104951987,2.37017473262955,1164.0795496567919,0.9700662913806599,0.5491666666666667,0.5964745282421839,True,11,False,1200,10.0,0.15
27,3,Evanna Lynch,rank,0.00033511417582947453,0.13041060461396495,0.1309510209290833,0.014202312654539744,0.32744120518636965,0.3132388925318299,2.392012664710715,1164.0795496567919,0.9700662913806599,0.5491666666666667,0.5964745282421839,True,11,False,1200,10.0,0.15
27,3,Joe Amabile,rank,9.347903009443858e-14,0.13379293060431727,0.1326799827085413,0.012568540945167588,0.31999298945617455,0.307424448511007,2.3170196831170786,1164.0795496567919,0.9700662913806599,0.5491666666666667,0.5964745282421839,True,11,False,1200,10.0,0.15
27,3,John Schneider,rank,8.414714125856508e-12,0.12375313486093376,0.12290205273672772,0.0107050640766549,0.315675526549939,0.30497046247328413,2.4813904592473017,1164.0795496567919,0.9700662913806599,0.5491666666666667,0.5964745282421839,True,11,False,1200,10.0,0.15
27,3,Juan Pablo Di Pace,rank,0.9989612790097782,0.001817550913056791,0.0015518847261743358,7.282804497163421e-73,0.0022583596034423683,0.0022583596034423683,1.4542995789558895,1164.0795496567919,0.9700662913806599,0.5491666666666667,0.5964745282421839,True,11,False,1200,10.0,0.15
27,3,Mary Lou Retton,rank,9.227854529110588e-09,0.05919038526608703,0.06052691341879789,0.00033786307338792246,0.21680340220441838,0.21646553913103045,3.5762927698050087,1164.0795496567919,0.9700662913806599,0.5491666666666667,0.5964745282421839,True,11,False,1200,10.0,0.15
27,3,Milo Manheim,rank,0.00033511417582947453,0.11503742242635015,0.12000464077786227,0.010828429562191004,0.31343051646714887,0.3026020869049579,2.521565527616262,1164.0795496567919,0.9700662913806599,0.5491666666666667,0.5964745282421839,True,11,False,1200,10.0,0.15
27,3,Nancy McKeon,rank,6.217679473241792e-11,0.016787722888149125,0.010731002201132106,4.0011341460284524e-10,0.0621946486388184,0.062194648238704985,5.795251163118859,1164.0795496567919,0.9700662913806599,0.5491666666666667,0.5964745282421839,True,11,True,1200,10.0,0.15
27,3,Tinashe,rank,0.00033511417582947453,0.01856925123758335,0.018656213116125926,1.3037267228041109e-08,0.09039155858544502,0.0903915455481778,4.844857856613642,1164.0795496567919,0.9700662913806599,0.5491666666666667,0.5964745282421839,True,11,False,1200,10.0,0.15
27,4,Alexis Ren,rank,0.0001230231930264538,0.13961165730503494,0.13729057443662407,0.017198798091138483,0.325729725937983,0.3085309278468445,2.2472677519571107,1163.2051536144352,0.9693376280120293,0.6616666666666666,0.7156511526271914,True,10,False,1200,10.0,0.15
27,4,Bobby Bones,rank,1.6865976431559997e-10,0.13437960650018496,0.13470263580696945,0.017329356326296445,0.3390884648732207,0.32175910854692424,2.388644572355906,1163.2051536144352,0.9693376280120293,0.6616666666666666,0.7156511526271914,True,10,False,1200,10.0,0.15
27,4,DeMarcus Ware,rank,9.208511116657872e-09,0.13541829559156682,0.13925548440358884,0.012660881391605766,0.3486230300305498,0.335962148638944,2.4125422243553767,1163.2051536144352,0.9693376280120293,0.6616666666666666,0.7156511526271914,True,10,False,1200,10.0,0.15
27,4,Evanna Lynch,rank,6.124964122040978e-06,0.1334620924272685,0.1365804347413695,0.016203896887972472,0.34996872081766595,0.3337648239296935,2.4437056512234645,1163.2051536144352,0.9693376280120293,0.6616666666666666,0.7156511526271914,True,10,False,1200,10.0,0.15
27,4,Joe Amabile,rank,1.873640737922763e-12,0.13673845737494403,0.13748611022300902,0.018372973333158894,0.33660789827373094,0.31823492494057204,2.314652802174572,1163.2051536144352,0.9693376280120293,0.6616666666666666,0.7156511526271914,True,10,False,1200,10.0,0.15
27,4,John Schneider,rank,7.558806223390183e-10,0.12647762948220437,0.1285171501911797,0.01148049289320876,0.3190829620936193,0.30760246920041057,2.3934554671291988,1163.2051536144352,0.9693376280120293,0.6616666666666666,0.7156511526271914,True,10,False,1200,10.0,0.15
27,4,Juan Pablo Di Pace,rank,6.124964122040978e-06,0.11295004180812183,0.11240935654052156,0.00743572988186644,0.30309251187717606,0.29565678199530965,2.630156073641948,1163.2051536144352,0.9693376280120293,0.6616666666666666,0.7156511526271914,True,10,False,1200,10.0,0.15
27,4,Mary Lou Retton,rank,0.001498729306071231,0.06012183807727964,0.0605460834785239,0.0003991738604823038,0.19990824109487718,0.19950906723439488,3.2951061516474347,1163.2051536144352,0.9693376280120293,0.6616666666666666,0.7156511526271914,True,10,False,1200,10.0,0.15
27,4,Milo Manheim,rank,0.9968672581316618,0.0019529061874866964,0.0016939251485581395,7.545567856380645e-68,0.005840448169455913,0.005840448169455913,3.4458443043483893,1163.2051536144352,0.9693376280120293,0.6616666666666666,0.7156511526271914,True,10,False,1200,10.0,0.15
27,4,Tinashe,rank,0.001498729306071231,0.01888747524590832,0.01151824502965548,8.308273355407808e-09,0.054128540087048,0.05412853177877464,4.698965222063128,1163.2051536144352,0.9693376280120293,0.6616666666666666,0.7156511526271914,True,10,True,1200,10.0,0.15
27,5,Alexis Ren,rank,0.4992842575626339,0.020454923764060315,0.019029898403278893,1.5361372871198202e-08,0.09919793231774664,0.09919791695637377,5.212466319471425,1199.9999999999998,0.9999999999999998,,,False,9,False,1200,10.0,0.15
27,5,Bobby Bones,rank,2.797388059590365e-09,0.15332598607462813,0.14805929896925718,0.02001467664472838,0.37120072501256823,0.35118604836783984,2.371912327698049,1199.9999999999998,0.9999999999999998,,,False,9,False,1200,10.0,0.15
27,5,DeMarcus Ware,rank,0.00016749120911231576,0.15440475077388313,0.1547311163662063,0.019929919191938858,0.37351312752868765,0.3535832083367488,2.285131339507561,1199.9999999999998,0.9999999999999998,,,False,9,False,1200,10.0,0.15
27,5,Evanna Lynch,rank,1.860659262214734e-06,0.15228178217531654,0.15412579061937956,0.023565663706792438,0.3543756475093882,0.3308099838025958,2.1463496545486396,1199.9999999999998,0.9999999999999998,,,False,9,False,1200,10.0,0.15
27,5,Joe Amabile,rank,1.3927375057427175e-10,0.15601741642311626,0.15377179037851335,0.019524300501781684,0.3881423058306167,0.36861800532883504,2.3971601505147815,1199.9999999999998,0.9999999999999998,,,False,9,False,1200,10.0,0.15
27,5,John Schneider,rank,1.860659262214734e-06,0.1443087955233644,0.1461470556547841,0.019818958373549453,0.36031836427858266,0.3404994059050332,2.3298250830604674,1199.9999999999998,0.9999999999999998,,,False,9,False,1200,10.0,0.15
27,5,Juan Pablo Di Pace,rank,0.4992842575626339,0.016540697561200617,0.01764212395263068,1.75435364763148e-10,0.09597400280100869,0.09597400262557333,5.439739746954684,1199.9999999999998,0.9999999999999998,,,False,9,False,1200,10.0,0.15
27,5,Mary Lou Retton,rank,2.2667470224857978e-05,0.06901613253286966,0.07272784478314442,0.001333741863700092,0.22875438098339232,0.22742063911969224,3.1269661961191915,1199.9999999999998,0.9999999999999998,,,False,9,False,1200,10.0,0.15
27,5,Milo Manheim,rank,0.0012376019402086256,0.13364951517156096,0.13376508087280545,0.014426998886883174,0.3353621952501054,0.3209351963632222,2.399227025783844,1199.9999999999998,0.9999999999999998,,,False,9,False,1200,10.0,0.15
27,6,Alexis Ren,rank,0.0004377578081346706,0.15872197413377054,0.16302528747007072,0.02361070179885324,0.37503632668935516,0.35142562489050194,2.155637782986493,1069.6978535128449,0.8914148779273707,0.4558333333333333,0.5874301458174809,True,9,False,1200,10.0,0.15
27,6,Bobby Bones,rank,3.276697298650904e-08,0.15297157434874112,0.16029297974642276,0.02201874784007822,0.3920317694725535,0.3700130216324753,2.3083401024655936,1069.6978535128449,0.8914148779273707,0.4558333333333333,0.5874301458174809,True,9,False,1200,10.0,0.15
27,6,DeMarcus Ware,rank,3.5933349078335394e-05,0.154131221165688,0.1594723820524654,0.026754641916263287,0.36897834760974785,0.34222370569348454,2.145961296418081,1069.6978535128449,0.8914148779273707,0.4558333333333333,0.5874301458174809,True,9,False,1200,10.0,0.15
27,6,Evanna Lynch,rank,0.03940570209268728,0.1292037953693463,0.13450871561642605,0.012453191233136585,0.3351051838311783,0.3226519925980417,2.398726301066093,1069.6978535128449,0.8914148779273707,0.4558333333333333,0.5874301458174809,True,9,False,1200,10.0,0.15
27,6,Joe Amabile,rank,3.276697298650904e-08,0.1556567817772949,0.1576693495575089,0.021008887522620995,0.3696458978334727,0.3486370103108517,2.211176744957297,1069.6978535128449,0.8914148779273707,0.4558333333333333,0.5874301458174809,True,9,False,1200,10.0,0.15
27,6,John Schneider,rank,6.001480446978073e-10,0.14397634590153427,0.14188313260046795,0.018411342971885854,0.35112285925115627,0.3327115162792704,2.344952252103863,1069.6978535128449,0.8914148779273707,0.4558333333333333,0.5874301458174809,True,9,False,1200,10.0,0.15
27,6,Juan Pablo Di Pace,rank,0.480059727761443,0.017859947059066805,0.01805408348643754,1.3552415705794456e-08,0.09894577100835696,0.09894575745594125,5.480216002892839,1069.6978535128449,0.8914148779273707,0.4558333333333333,0.5874301458174809,True,9,False,1200,10.0,0.15
27,6,Mary Lou Retton,rank,1.0850931197665088e-06,0.06886272184295786,0.046564863892860575,0.000633426554752891,0.1511844502937455,0.1505510237389926,3.2330770043348194,1069.6978535128449,0.8914148779273707,0.4558333333333333,0.5874301458174809,True,9,True,1200,10.0,0.15
27,6,Milo Manheim,rank,0.480059727761443,0.018615638401600104,0.018529205577340536,9.039535132198896e-09,0.0969462981117144,0.09694628907217927,5.231797816141285,1069.6978535128449,0.8914148779273707,0.4558333333333333,0.5874301458174809,True,9,False,1200,10.0,0.15
27,7,Alexis Ren,rank,0.00018756551676076127,0.159743637780275,0.15881664428151268,0.022487590485243368,0.3804833286340761,0.35799573814883273,2.2541307659384895,1199.9999999999998,0.9999999999999998,,,False,8,False,1200,10.0,0.15
27,7,Bobby Bones,rank,7.665373967386324e-07,0.1537974533666564,0.15456492654673895,0.021566776830336233,0.36460495282475425,0.343038175994418,2.2193647957118623,1199.9999999999998,0.9999999999999998,,,False,8,False,1200,10.0,0.15
27,7,DeMarcus Ware,rank,7.665373967386324e-07,0.15498623874435066,0.15742267700946988,0.01999129362754994,0.37336707769347505,0.3533757840659251,2.2447435530594784,1199.9999999999998,0.9999999999999998,,,False,8,True,1200,10.0,0.15
27,7,Evanna Lynch,rank,0.9218411572903946,0.0034494870695186528,0.003564416085857977,8.126748364864257e-41,0.013305151875167403,0.013305151875167403,3.7317248687864346,1199.9999999999998,0.9999999999999998,,,False,8,False,1200,10.0,0.15
27,7,Joe Amabile,rank,1.9000562406620493e-09,0.15649765002980282,0.15760277845197412,0.025208969228368017,0.371797966160251,0.346588996931883,2.1991160385631074,1199.9999999999998,0.9999999999999998,,,False,8,False,1200,10.0,0.15
27,7,John Schneider,rank,1.5396315185197955e-05,0.14474493366377436,0.1453900126924509,0.02081289272640383,0.35218625056782793,0.3313733578414241,2.279187356252798,1199.9999999999998,0.9999999999999998,,,False,8,True,1200,10.0,0.15
27,7,Juan Pablo Di Pace,rank,0.0022850157751742005,0.12806601090446063,0.1259409915468105,0.010447129238240836,0.3127929145522977,0.30234578531405687,2.4006749583730387,1199.9999999999998,0.9999999999999998,,,False,8,False,1200,10.0,0.15
27,7,Milo Manheim,rank,0.07566933012763531,0.09871458844116147,0.09669755338518508,0.005295410326786606,0.27079418289910584,0.26549877257231924,2.745633344841698,1199.9999999999998,0.9999999999999998,,,False,8,False,1200,10.0,0.15
27,8,Alexis Ren,rank,0.046075846007541825,0.18472222471499672,0.1762170522759763,0.031748956293614725,0.4051076913397799,0.3733587350461652,2.118731481956488,1199.9999999999998,0.9999999999999998,,,False,6,False,1200,10.0,0.15
27,8,Bobby Bones,rank,2.091840172489467e-06,0.214778114344924,0.21949913845757496,0.050769291694537526,0.471438807587829,0.4206695158932915,1.9164886129427139,1199.9999999999998,0.9999999999999998,,,False,6,False,1200,10.0,0.15
27,8,Evanna Lynch,rank,0.02794641327577205,0.1901613837859987,0.18891787948051134,0.03607129652801551,0.4171570198831314,0.3810857233551159,2.0171923759183015,1199.9999999999998,0.9999999999999998,,,False,6,False,1200,10.0,0.15
27,8,Joe Amabile,rank,5.6862111289187525e-06,0.218545021205436,0.22375219251397632,0.0499930075916769,0.45893829297924027,0.40894528538756336,1.8276623488266848,1199.9999999999998,0.9999999999999998,,,False,6,True,1200,10.0,0.15
27,8,Juan Pablo Di Pace,rank,0.9254581062515904,0.004016678376864138,0.003915199623064237,1.555458301605605e-32,0.019931702974306843,0.019931702974306843,5.089552344809034,1199.9999999999998,0.9999999999999998,,,False,6,True,1200,10.0,0.15
27,8,Milo Manheim,rank,0.0005118564137943678,0.18777657757178054,0.18769853764889605,0.034945174922941726,0.41974139036809716,0.3847962154451554,2.050064801784122,1199.9999999999998,0.9999999999999998,,,False,6,False,1200,10.0,0.15
27,9,Alexis Ren,rank,0.005522297528830442,0.45019547077436245,0.45001599011877624,0.20352498665469804,0.6948269816692234,0.4913019950145254,1.0917409915675684,1199.9999999999998,0.9999999999999998,,,False,4,True,1200,10.0,0.15
27,9,Bobby Bones,rank,0.00027493900461556735,0.44255156841276644,0.44111184811657966,0.1995655256164771,0.6937399158392198,0.4941743902227427,1.1202901759328028,1199.9999999999998,0.9999999999999998,,,False,4,True,1200,10.0,0.15
27,9,Evanna Lynch,rank,0.497101381733277,0.05698527559949394,0.05917041285425686,0.00041619035729422056,0.19728877090619368,0.19687258054889945,3.327157001199376,1199.9999999999998,0.9999999999999998,,,False,4,True,1200,10.0,0.15
27,9,Milo Manheim,rank,0.497101381733277,0.05026768521337707,0.04970174891038762,0.0001580576420479285,0.1885783827531058,0.18842032511105786,3.790943745400749,1199.9999999999998,0.9999999999999998,,,False,4,True,1200,10.0,0.15
28,1,Ally Brooke,percent,0.08121827411167512,0.1862224427621622,0.18890572451661558,0.03247544300315986,0.40328128614000447,0.3708058431368446,1.9629044126707613,1199.9999999999998,0.9999999999999998,,,False,12,False,1200,10.0,0.15
28,1,Hannah Brown,percent,0.10152284263959391,0.17472596316721364,0.1759086474544236,0.029887681132700985,0.3925863358305052,0.3626986546978042,2.06184629408558,1199.9999999999998,0.9999999999999998,,,False,12,False,1200,10.0,0.15
28,1,James Van Der Beek,percent,0.1065989847715736,0.07937947917339737,0.07865133483822373,0.002020005779667714,0.2307462418208882,0.2287262360412205,2.9080667028089717,1199.9999999999998,0.9999999999999998,,,False,12,False,1200,10.0,0.15
28,1,Karamo Brown,percent,0.08629441624365482,0.02141063437098044,0.021466714221477244,6.034446297637203e-08,0.10841568762590448,0.1084156272814415,5.050170975956897,1199.9999999999998,0.9999999999999998,,,False,12,False,1200,10.0,0.15
28,1,Kate Flannery,percent,0.07614213197969544,0.027911385303828043,0.027196766920059116,3.082143035139763e-06,0.12673525607247826,0.12673217392944314,4.659653651049366,1199.9999999999998,0.9999999999999998,,,False,12,False,1200,10.0,0.15
28,1,Kel Mitchell,percent,0.08121827411167512,0.1785667767853734,0.17329755704431055,0.03011672846781776,0.3810093691631777,0.3508926406953599,2.024786857317228,1199.9999999999998,0.9999999999999998,,,False,12,False,1200,10.0,0.15
28,1,Lamar Odom,percent,0.05583756345177665,0.008931157077218772,0.01051040103657155,1.9540327375747867e-17,0.06532597276584665,0.06532597276584663,6.214773134291304,1199.9999999999998,0.9999999999999998,,,False,12,False,1200,10.0,0.15
28,1,Lauren Alaina,percent,0.09644670050761421,0.1780085715887016,0.17687503443976837,0.033865902358024405,0.38893344731016,0.3550675449521356,2.0074372770554554,1199.9999999999998,0.9999999999999998,,,False,12,False,1200,10.0,0.15
28,1,Mary Wilson,percent,0.08629441624365482,0.019940546627596475,0.021208128551003992,9.460410144670031e-09,0.10817828419161234,0.10817827473120219,5.100552550806302,1199.9999999999998,0.9999999999999998,,,False,12,False,1200,10.0,0.15
28,1,Ray Lewis,percent,0.07614213197969544,0.04160143808807513,0.043956252547950284,6.314584328501093e-05,0.17613046059492035,0.17606731475163534,4.005421279675618,1199.9999999999998,0.9999999999999998,,,False,12,False,1200,10.0,0.15
28,1,Sailor Brinkley-Cook,percent,0.09137055837563451,0.013550520658063753,0.014568328338480978,2.0231027711621e-12,0.08642374059085622,0.08642374058883312,5.931896006528178,1199.9999999999998,0.9999999999999998,,,False,12,False,1200,10.0,0.15
28,1,Sean Spicer,percent,0.06091370558375635,0.06975108439738928,0.0674551100911148,0.0011991435132152214,0.22445172587284945,0.22325258235963422,3.3095976340479893,1199.9999999999998,0.9999999999999998,,,False,12,False,1200,10.0,0.15
28,2,Ally Brooke,percent,0.091324200913242,0.1805163174753966,0.19411414467080318,0.035550767203597886,0.4417813916445326,0.4062306244409347,2.0927301943898033,1199.9999999999998,0.9999999999999998,,,False,12,False,1200,10.0,0.15
28,2,Hannah Brown,percent,0.1095890410958904,0.17079865757364773,0.1711469473825066,0.02728998249956056,0.39756836045889044,0.3702783779593299,2.1634987951785205,1199.9999999999998,0.9999999999999998,,,False,12,False,1200,10.0,0.15
28,2,James Van Der Beek,percent,0.091324200913242,0.08541177992296253,0.08670240630928312,0.002562145905032012,0.26946690997787087,0.26690476407283886,3.0783653772581023,1199.9999999999998,0.9999999999999998,,,False,12,False,1200,10.0,0.15
28,2,Karamo Brown,percent,0.0867579908675799,0.021594013712325548,0.021562066313212253,4.481124627708492e-08,0.11578501824709235,0.11578497343584607,5.3695968724495176,1199.9999999999998,0.9999999999999998,,,False,12,False,1200,10.0,0.15
28,2,Kate Flannery,percent,0.0958904109589041,0.02600437658195572,0.02544034211372459,1.7901731125109732e-06,0.12279558774038202,0.1227937975672695,4.826545589394325,1199.9999999999998,0.9999999999999998,,,False,12,False,1200,10.0,0.15
28,2,Kel Mitchell,percent,0.091324200913242,0.17309523218914774,0.16669330987029857,0.0273772832511761,0.3643502876078196,0.3369730043566435,2.0215027412683453,1199.9999999999998,0.9999999999999998,,,False,12,False,1200,10.0,0.15
28,2,Lamar Odom,percent,0.0547945205479452,0.00906362847700512,0.008732653839210937,6.618714860256495e-17,0.048157026794704204,0.048157026794704134,5.513961015777447,1199.9999999999998,0.9999999999999998,,,False,12,False,1200,10.0,0.15
28,2,Lauren Alaina,percent,0.0867579908675799,0.18718661269059686,0.18247794346066204,0.03106544157333809,0.40880738158165203,0.37774194000831396,2.0700576890930202,1199.9999999999998,0.9999999999999998,,,False,12,False,1200,10.0,0.15
28,2,Mary Wilson,percent,0.0684931506849315,0.021679956097424156,0.021385336237805974,1.1050133696947841e-07,0.1082562359055214,0.10825612540418443,5.061929458156244,1199.9999999999998,0.9999999999999998,,,False,12,True,1200,10.0,0.15
28,2,Ray Lewis,percent,0.0684931506849315,0.04338100911791932,0.04591862212171985,8.991564080978674e-05,0.18657173051905787,0.18648181487824808,4.0610485509645065,1199.9999999999998,0.9999999999999998,,,False,12,True,1200,10.0,0.15
28,2,Sailor Brinkley-Cook,percent,0.0821917808219178,0.014219332570931505,0.0138596873013827,4.2585406844036917e-10,0.0748031455350558,0.07480314510920173,5.39678469636492,1199.9999999999998,0.9999999999999998,,,False,12,False,1200,10.0,0.15
28,2,Sean Spicer,percent,0.0730593607305936,0.06704908359068722,0.061966540379390214,0.001031462633276628,0.2116659313972827,0.21063446876400607,3.399109718966044,1199.9999999999998,0.9999999999999998,,,False,12,False,1200,10.0,0.15
28,3,Ally Brooke,percent,0.12121212121212122,0.180178991587869,0.18032523533184003,0.032263506182605546,0.4078590279169624,0.37559552173435684,2.082866761140875,1199.9999999999998,0.9999999999999998,,,False,10,False,1200,10.0,0.15
28,3,Hannah Brown,percent,0.10606060606060606,0.1955903125960757,0.19557494925607938,0.04229548424174519,0.4166428252904387,0.37434734104869355,1.9140765644887041,1199.9999999999998,0.9999999999999998,,,False,10,False,1200,10.0,0.15
28,3,James Van Der Beek,percent,0.11616161616161616,0.08704116441677234,0.08777342358804963,0.0034544951567344133,0.26968522237334286,0.26623072721660845,3.0331241873612877,1199.9999999999998,0.9999999999999998,,,False,10,False,1200,10.0,0.15
28,3,Karamo Brown,percent,0.08080808080808081,0.02497586570957167,0.024507464120680694,2.3536825721138604e-07,0.10825397308706829,0.10825373771881107,4.416993948938015,1199.9999999999998,0.9999999999999998,,,False,10,False,1200,10.0,0.15
28,3,Kate Flannery,percent,0.12121212121212122,0.026447736452748297,0.02511323552814372,1.0593351369812768e-06,0.12171903956644917,0.12171798023131218,4.846573175397339,1199.9999999999998,0.9999999999999998,,,False,10,False,1200,10.0,0.15
28,3,Kel Mitchell,percent,0.10101010101010101,0.18773693596214316,0.1907013403366141,0.03873654609577844,0.4033917129868835,0.36465516689110505,1.9121693328327376,1199.9999999999998,0.9999999999999998,,,False,10,False,1200,10.0,0.15
28,3,Lamar Odom,percent,0.06060606060606061,0.009988162031855373,0.010137057174614734,1.3361713226813357e-14,0.058743422916482546,0.05874342291646918,5.794347171720458,1199.9999999999998,0.9999999999999998,,,False,10,False,1200,10.0,0.15
28,3,Lauren Alaina,percent,0.10101010101010101,0.19924389813285157,0.19661967292263302,0.03893814891393749,0.4324019628318008,0.39346381391786334,2.0011314581996413,1199.9999999999998,0.9999999999999998,,,False,10,False,1200,10.0,0.15
28,3,Sailor Brinkley-Cook,percent,0.11616161616161616,0.0139565276774069,0.014152531157025524,4.9264984013629055e-11,0.07627840570564277,0.07627840565637779,5.389355123474947,1199.9999999999998,0.9999999999999998,,,False,10,False,1200,10.0,0.15
28,3,Sean Spicer,percent,0.07575757575757576,0.07484040543270604,0.07509509058431929,0.0015360262652943228,0.22441966384325768,0.22288363757796337,2.9679792362520585,1199.9999999999998,0.9999999999999998,,,False,10,False,1200,10.0,0.15
28,4,Ally Brooke,percent,0.11347517730496454,0.18812218003990894,0.19060902014464445,0.03856843332762576,0.41855283999624127,0.3799844066686155,1.9935174781486527,1179.4924003763128,0.9829103336469274,0.8666666666666667,0.9009299115987911,True,10,False,1200,10.0,0.15
28,4,Hannah Brown,percent,0.11347517730496454,0.19187813640555806,0.19242625929701895,0.03874211936095565,0.43161785167971195,0.3928757323187563,2.041684394165472,1179.4924003763128,0.9829103336469274,0.8666666666666667,0.9009299115987911,True,10,False,1200,10.0,0.15
28,4,James Van Der Beek,percent,0.09929078014184398,0.09435652162669997,0.09686352970473,0.0045832876953079025,0.25830160374110284,0.2537183160457949,2.6193108748806075,1179.4924003763128,0.9829103336469274,0.8666666666666667,0.9009299115987911,True,10,False,1200,10.0,0.15
28,4,Karamo Brown,percent,0.09929078014184398,0.023411710639162052,0.021783604307814453,2.5780682415974737e-07,0.11896562288305203,0.11896536507622786,5.460983518234172,1179.4924003763128,0.9829103336469274,0.8666666666666667,0.9009299115987911,True,10,False,1200,10.0,0.15
28,4,Kate Flannery,percent,0.09219858156028368,0.0301384059671108,0.03022327902633787,6.015400736607412e-06,0.14478775131307633,0.14478173591233973,4.790246139078283,1179.4924003763128,0.9829103336469274,0.8666666666666667,0.9009299115987911,True,10,False,1200,10.0,0.15
28,4,Kel Mitchell,percent,0.11347517730496454,0.18038841523772423,0.18079529614942794,0.03248895657645545,0.3963588763771295,0.36386991980067407,2.012596095994887,1179.4924003763128,0.9829103336469274,0.8666666666666667,0.9009299115987911,True,10,False,1200,10.0,0.15
28,4,Lamar Odom,percent,0.07092198581560284,0.00968238769456346,0.00688979225263541,5.160675411337036e-15,0.03890620691155099,0.03890620691154583,5.646115204919435,1179.4924003763128,0.9829103336469274,0.8666666666666667,0.9009299115987911,True,10,True,1200,10.0,0.15
28,4,Lauren Alaina,percent,0.11347517730496454,0.19144496444332698,0.1907154714669989,0.03432113255875999,0.4126860044807288,0.37836487192196877,1.9839129206385304,1179.4924003763128,0.9829103336469274,0.8666666666666667,0.9009299115987911,True,10,False,1200,10.0,0.15
28,4,Sailor Brinkley-Cook,percent,0.1099290780141844,0.014481936936841439,0.016747352768501478,1.5247389724299654e-10,0.08442093714706596,0.08442093699459206,5.0405516388072495,1179.4924003763128,0.9829103336469274,0.8666666666666667,0.9009299115987911,True,10,False,1200,10.0,0.15
28,4,Sean Spicer,percent,0.07446808510638298,0.07609534100910399,0.07294639488189061,0.0015297433654528605,0.22354853127823227,0.2220187879127794,3.043546493637652,1179.4924003763128,0.9829103336469274,0.8666666666666667,0.9009299115987911,True,10,False,1200,10.0,0.15
28,5,Ally Brooke,percent,0.12558139534883722,0.1856321630131078,0.18349837122518076,0.0356154593278294,0.4073278649028152,0.3717124055749858,2.0256876254842306,1199.9999999999998,0.9999999999999998,,,False,9,False,1200,10.0,0.15
28,5,Hannah Brown,percent,0.11627906976744186,0.19672107243455264,0.19113709840219395,0.034776661961700595,0.42183876266704423,0.38706210070534364,2.025038984592623,1199.9999999999998,0.9999999999999998,,,False,9,False,1200,10.0,0.15
28,5,James Van Der Beek,percent,0.12093023255813953,0.08952835747277595,0.08955720415088995,0.0035501654332471665,0.27175584393688235,0.2682056785036352,2.9947639196935594,1199.9999999999998,0.9999999999999998,,,False,9,False,1200,10.0,0.15
28,5,Karamo Brown,percent,0.09767441860465116,0.024442873778168624,0.02427829900374929,6.619256187149234e-07,0.12010597805953042,0.1201053161339117,4.946819762603716,1199.9999999999998,0.9999999999999998,,,False,9,False,1200,10.0,0.15
28,5,Kate Flannery,percent,0.11162790697674418,0.028857309387491453,0.03145699753999203,1.96913599571207e-06,0.1419252643730792,0.1419232952370835,4.511517144619862,1199.9999999999998,0.9999999999999998,,,False,9,False,1200,10.0,0.15
28,5,Kel Mitchell,percent,0.12093023255813953,0.18143787470815723,0.18024451599337107,0.031266640815008066,0.40972524470869864,0.37845860389369057,2.099683877337671,1199.9999999999998,0.9999999999999998,,,False,9,False,1200,10.0,0.15
28,5,Lauren Alaina,percent,0.10697674418604651,0.20393018275350358,0.20763855805203538,0.0393587891592852,0.44537066592550845,0.40601187676622325,1.9553686232778194,1199.9999999999998,0.9999999999999998,,,False,9,False,1200,10.0,0.15
28,5,Sailor Brinkley-Cook,percent,0.11162790697674418,0.014915076147658957,0.014516361896516174,1.4132067890826533e-10,0.0824383131132364,0.08243831297191573,5.678601495199964,1199.9999999999998,0.9999999999999998,,,False,9,False,1200,10.0,0.15
28,5,Sean Spicer,percent,0.08837209302325581,0.07453509030458369,0.0776725937360718,0.002252664336286093,0.2467651801938247,0.2445125158575386,3.147949053166912,1199.9999999999998,0.9999999999999998,,,False,9,False,1200,10.0,0.15
28,6,Ally Brooke,percent,0.10964912280701754,0.1946041614778557,0.19231952104706246,0.04097315126281022,0.4110023175700282,0.370029166307218,1.9240233142706011,1167.9295123384345,0.9732745936153621,0.15916666666666668,0.17726059581635983,True,9,False,1200,10.0,0.15
28,6,Hannah Brown,percent,0.10526315789473684,0.20210176396463694,0.1989870317088839,0.047053126646869746,0.4333294246423625,0.3862762979954928,1.941203672794796,1167.9295123384345,0.9732745936153621,0.15916666666666668,0.17726059581635983,True,9,False,1200,10.0,0.15
28,6,James Van Der Beek,percent,0.11842105263157894,0.08881543474017704,0.08975424066090047,0.0030361884806488354,0.26770725753521174,0.2646710690545629,2.948809084636101,1167.9295123384345,0.9732745936153621,0.15916666666666668,0.17726059581635983,True,9,False,1200,10.0,0.15
28,6,Karamo Brown,percent,0.10964912280701754,0.022846235818648492,0.025288021852431623,1.0910397317488834e-07,0.1233566892923715,0.12335658018839832,4.8778707578417935,1167.9295123384345,0.9732745936153621,0.15916666666666668,0.17726059581635983,True,9,False,1200,10.0,0.15
28,6,Kate Flannery,percent,0.11842105263157894,0.02755316516551025,0.02784130944341582,8.085724030331933e-07,0.135754586732704,0.13575377816030096,4.875808827432028,1167.9295123384345,0.9732745936153621,0.15916666666666668,0.17726059581635983,True,9,False,1200,10.0,0.15
28,6,Kel Mitchell,percent,0.11403508771929824,0.18326868822424583,0.18826875099951182,0.03526271874278716,0.4065734154786089,0.3713106967358218,1.972227055937332,1167.9295123384345,0.9732745936153621,0.15916666666666668,0.17726059581635983,True,9,False,1200,10.0,0.15
28,6,Lauren Alaina,percent,0.11403508771929824,0.19450177803507024,0.19700043687406862,0.03937627208880759,0.42745888467902604,0.3880826125902185,1.9699481320955885,1167.9295123384345,0.9732745936153621,0.15916666666666668,0.17726059581635983,True,9,False,1200,10.0,0.15
28,6,Sailor Brinkley-Cook,percent,0.11842105263157894,0.014241021262042679,0.009257264464088998,4.2060767524554606e-11,0.05469540085689945,0.05469540081483869,5.907738002839678,1167.9295123384345,0.9732745936153621,0.15916666666666668,0.17726059581635983,True,9,True,1200,10.0,0.15
28,6,Sean Spicer,percent,0.09210526315789473,0.07206775131181271,0.07128342294963634,0.0016707225979929233,0.22943188707045561,0.2277611644724627,3.195104274511415,1167.9295123384345,0.9732745936153621,0.15916666666666668,0.17726059581635983,True,9,False,1200,10.0,0.15
28,7,Ally Brooke,percent,0.13366336633663367,0.19270605928754508,0.19199320856328772,0.03593150874539233,0.40741483899132536,0.37148333024593305,1.9348673745202043,1150.9716674640376,0.9591430562200314,0.31916666666666665,0.36511018633422593,True,8,False,1200,10.0,0.15
28,7,Hannah Brown,percent,0.12871287128712872,0.2005956421712864,0.21078718969381616,0.05297603062720984,0.43232357688158507,0.3793475462543752,1.7996622429624862,1150.9716674640376,0.9591430562200314,0.31916666666666665,0.36511018633422593,True,8,False,1200,10.0,0.15
28,7,James Van Der Beek,percent,0.13366336633663367,0.09117938896539088,0.09480293311180134,0.004374233011015749,0.257363687080725,0.25298945406970924,2.66855441294151,1150.9716674640376,0.9591430562200314,0.31916666666666665,0.36511018633422593,True,8,False,1200,10.0,0.15
28,7,Karamo Brown,percent,0.12128712871287128,0.023804523316355835,0.015831374790095377,6.637978980533333e-08,0.0775324559490657,0.0775323895692759,4.897078966181347,1150.9716674640376,0.9591430562200314,0.31916666666666665,0.36511018633422593,True,8,True,1200,10.0,0.15
28,7,Kate Flannery,percent,0.1188118811881188,0.03006779848792945,0.029970820216547112,8.342645524959425e-06,0.1349884183871225,0.13498007574159754,4.503566175372843,1150.9716674640376,0.9591430562200314,0.31916666666666665,0.36511018633422593,True,8,False,1200,10.0,0.15
28,7,Kel Mitchell,percent,0.12623762376237624,0.19051315213553405,0.1887667869368249,0.037324325825446744,0.4051537817741573,0.3678294559487105,1.9485817041008824,1150.9716674640376,0.9591430562200314,0.31916666666666665,0.36511018633422593,True,8,False,1200,10.0,0.15
28,7,Lauren Alaina,percent,0.13366336633663367,0.19610980831973773,0.19058974159918052,0.040290245638863374,0.40579300301343,0.36550275737456667,1.9177361623537448,1150.9716674640376,0.9591430562200314,0.31916666666666665,0.36511018633422593,True,8,False,1200,10.0,0.15
28,7,Sean Spicer,percent,0.10396039603960396,0.07502362731622048,0.07725794508844712,0.0016955337579919484,0.23803259741072022,0.23633706365272827,3.0590252479135756,1150.9716674640376,0.9591430562200314,0.31916666666666665,0.36511018633422593,True,8,False,1200,10.0,0.15
28,8,Ally Brooke,percent,0.15544105882304174,0.19404549173409186,0.1941503600648003,0.04159755664255388,0.4189208185710563,0.3773232619285024,1.943448976111042,1142.6228716096653,0.9521857263413878,0.485,0.5513380081224749,True,7,False,1200,10.0,0.15
28,8,Hannah Brown,percent,0.160621391176751,0.19374832924218863,0.19303649188464236,0.042849252385988384,0.4129862646600483,0.37013701227405993,1.917435875592762,1142.6228716096653,0.9521857263413878,0.485,0.5513380081224749,True,7,False,1200,10.0,0.15
28,8,James Van Der Beek,percent,0.1658027598041857,0.087983422891945,0.08839855863046187,0.0034734347999167948,0.2645273394358993,0.2610539046359825,2.953113213237528,1142.6228716096653,0.9521857263413878,0.485,0.5513380081224749,True,7,False,1200,10.0,0.15
28,8,Kate Flannery,percent,0.13471454803957736,0.03101712117109192,0.020388336194746667,1.0924769497413936e-06,0.0929412772219453,0.09294018474499556,4.558274181036933,1142.6228716096653,0.9521857263413878,0.485,0.5513380081224749,True,7,True,1200,10.0,0.15
28,8,Kel Mitchell,percent,0.15544002254931627,0.1860690104995264,0.1916088431892589,0.03908817748569982,0.4146404298937114,0.3755522524080116,1.959984133158896,1142.6228716096653,0.9521857263413878,0.485,0.5513380081224749,True,7,False,1200,10.0,0.15
28,8,Lauren Alaina,percent,0.1243528470584334,0.22440115365757535,0.22668549628802906,0.060390694105275956,0.4483686581388069,0.3879779640335309,1.7115177586077472,1142.6228716096653,0.9521857263413878,0.485,0.5513380081224749,True,7,False,1200,10.0,0.15
28,8,Sean Spicer,percent,0.1036273725486945,0.08273547080358068,0.08573191374805952,0.002360645156553251,0.26797898932620906,0.2656183441696558,3.098207357680851,1142.6228716096653,0.9521857263413878,0.485,0.5513380081224749,True,7,False,1200,10.0,0.15
28,9,Ally Brooke,percent,0.19184652278177458,0.19119586603982258,0.19344503055421267,0.04013311943813318,0.41127379130649844,0.37114067186836525,1.9185747611624122,1070.0829787976597,0.8917358156647165,0.6591666666666667,0.7962767049208923,True,6,False,1200,10.0,0.15
28,9,Hannah Brown,percent,0.17026378896882494,0.21311136447561402,0.22216604896494804,0.04974213885688563,0.45459965115316503,0.4048575122962794,1.8223112481462316,1070.0829787976597,0.8917358156647165,0.6591666666666667,0.7962767049208923,True,6,False,1200,10.0,0.15
28,9,James Van Der Beek,percent,0.17266187050359713,0.09789035741237433,0.10209937526374536,0.005768230039136587,0.28757260218287356,0.281804372143737,2.760071854934723,1070.0829787976597,0.8917358156647165,0.6591666666666667,0.7962767049208923,True,6,False,1200,10.0,0.15
28,9,Kel Mitchell,percent,0.1774580335731415,0.19451012822496674,0.20406755214764652,0.046232443952674354,0.4320138259951094,0.38578138204243506,1.890449939407208,1070.0829787976597,0.8917358156647165,0.6591666666666667,0.7962767049208923,True,6,False,1200,10.0,0.15
28,9,Lauren Alaina,percent,0.16786570743405277,0.21473734500903652,0.21914060000579838,0.04967371422610654,0.45451435059263684,0.4048406363665303,1.8473929019219464,1070.0829787976597,0.8917358156647165,0.6591666666666667,0.7962767049208923,True,6,False,1200,10.0,0.15
28,9,Sean Spicer,percent,0.11990407673860912,0.0885549388381858,0.05908139306364938,0.002335686281370084,0.17519835291937108,0.17286266663800098,2.9257898618252693,1070.0829787976597,0.8917358156647165,0.6591666666666667,0.7962767049208923,True,6,True,1200,10.0,0.15
28,10,Ally Brooke,percent,0.21454545454545454,0.21199546641747974,0.21792243512031853,0.05123921080109661,0.4390988508071705,0.38785964000607387,1.7797977523249449,1034.1693486542692,0.8618077905452244,0.5525,0.715445842795822,True,5,False,1200,10.0,0.15
28,10,Hannah Brown,percent,0.19636363636363635,0.23301361752716843,0.2493308003685985,0.06671803453310829,0.4809801591183051,0.41426212458519684,1.6614893245577755,1034.1693486542692,0.8618077905452244,0.5525,0.715445842795822,True,5,False,1200,10.0,0.15
28,10,James Van Der Beek,percent,0.18545454545454546,0.11305210791702587,0.07684689383375075,0.005600955715446375,0.20892272160077252,0.20332176588532613,2.6457688785223343,1034.1693486542692,0.8618077905452244,0.5525,0.715445842795822,True,5,True,1200,10.0,0.15
28,10,Kel Mitchell,percent,0.20727272727272728,0.20945122743756006,0.2168800248197186,0.043617522662427174,0.4520375732487032,0.408420050586276,1.883152529944809,1034.1693486542692,0.8618077905452244,0.5525,0.715445842795822,True,5,False,1200,10.0,0.15
28,10,Lauren Alaina,percent,0.19636363636363635,0.23248758070076592,0.2390198458576134,0.06406621231789793,0.4735458789407912,0.40947966662289326,1.713154621111263,1034.1693486542692,0.8618077905452244,0.5525,0.715445842795822,True,5,False,1200,10.0,0.15
28,11,Ally Brooke,percent,0.2564102564102564,0.24360005622899536,0.24481269822110854,0.06192330645552464,0.490182994619852,0.42825968816432736,1.7493289439120183,1199.9999999999998,0.9999999999999998,,,False,4,True,1200,10.0,0.15
28,11,Hannah Brown,percent,0.24786324786324787,0.25735119605907025,0.25471999979568616,0.07180375005397818,0.49636649500554997,0.42456274495157176,1.6667755909097293,1199.9999999999998,0.9999999999999998,,,False,4,True,1200,10.0,0.15
28,11,Kel Mitchell,percent,0.25213675213675213,0.23772654766503418,0.24152509277987338,0.059976064333038634,0.4831718276288737,0.423195763295835,1.752174096078038,1199.9999999999998,0.9999999999999998,,,False,4,True,1200,10.0,0.15
28,11,Lauren Alaina,percent,0.24358974358974358,0.2613222000469002,0.2589422092033311,0.078164369367034,0.48753756161658846,0.4093731922495545,1.5809381273563372,1199.9999999999998,0.9999999999999998,,,False,4,True,1200,10.0,0.15
29,1,AJ McLean,percent,0.06923076923076923,0.03838552641268653,0.03642308140286908,4.063274111033947e-05,0.14394593933001165,0.1439053065889013,3.950828711292251,1199.9999999999998,0.9999999999999998,,,False,15,False,1200,10.0,0.15
29,1,Anne Heche,percent,0.06923076923076923,0.007146261920513449,0.00708864974478612,1.445406703919404e-20,0.040717641313924295,0.040717641313924295,5.743251469350644,1199.9999999999998,0.9999999999999998,,,False,15,False,1200,10.0,0.15
29,1,Carole Baskin,percent,0.04230769230769231,0.006771180111894957,0.00793097159518571,6.801812152999055e-21,0.04204083109363044,0.04204083109363044,5.300174186093533,1199.9999999999998,0.9999999999999998,,,False,15,False,1200,10.0,0.15
29,1,Charles Oakley,percent,0.046153846153846156,0.0060933611748301255,0.005390603212394652,4.664488881923204e-25,0.03412837312257323,0.03412837312257323,6.329911860746017,1199.9999999999998,0.9999999999999998,,,False,15,False,1200,10.0,0.15
29,1,Chrishell Stause,percent,0.05,0.02119511915897995,0.022290584598612086,9.475906438220837e-08,0.1118181744847825,0.11181807972571811,5.016156623189547,1199.9999999999998,0.9999999999999998,,,False,15,False,1200,10.0,0.15
29,1,Jeannie Mai,percent,0.06923076923076923,0.09763354242591853,0.09806386700864059,0.00450991138390923,0.2934196784028809,0.2889097670189717,2.946108793412381,1199.9999999999998,0.9999999999999998,,,False,15,False,1200,10.0,0.15
29,1,Jesse Metcalfe,percent,0.06923076923076923,0.011882897277171978,0.012046068852266197,5.71824352785738e-13,0.06701179124056493,0.06701179123999311,5.562497571962279,1199.9999999999998,0.9999999999999998,,,False,15,False,1200,10.0,0.15
29,1,Johnny Weir,percent,0.06923076923076923,0.11832794157165033,0.11961475291786178,0.01051858320540208,0.2968184186183364,0.28629983541293436,2.39349607747344,1199.9999999999998,0.9999999999999998,,,False,15,False,1200,10.0,0.15
29,1,Justina Machado,percent,0.08076923076923077,0.11137349080679874,0.11039713904213996,0.009881834587885836,0.3046838388994652,0.2948020043115794,2.6703530228806738,1199.9999999999998,0.9999999999999998,,,False,15,False,1200,10.0,0.15
29,1,Kaitlyn Bristowe,percent,0.07692307692307693,0.11441536670182789,0.11018331557342344,0.00983941008154657,0.2875184434800956,0.277679033398549,2.5201321254612887,1199.9999999999998,0.9999999999999998,,,False,15,False,1200,10.0,0.15
29,1,Monica Aldama,percent,0.07307692307692308,0.08989851218733813,0.08588486791554553,0.004039200889930076,0.2527396279903404,0.24870042710041032,2.895708375968976,1199.9999999999998,0.9999999999999998,,,False,15,False,1200,10.0,0.15
29,1,Nelly,percent,0.06153846153846154,0.12450559974600336,0.12823977944846468,0.010716968337305129,0.33291856425191657,0.32220159591461145,2.5124737801838815,1199.9999999999998,0.9999999999999998,,,False,15,False,1200,10.0,0.15
29,1,Nev Schulman,percent,0.07692307692307693,0.11544952605860563,0.11923499348832585,0.008493592433944722,0.31902081611393157,0.31052722367998686,2.6043077647555304,1199.9999999999998,0.9999999999999998,,,False,15,False,1200,10.0,0.15
29,1,Skai Jackson,percent,0.08076923076923077,0.12211295917333936,0.12229152434734271,0.01287725120374579,0.31788221362430386,0.3050049624205581,2.494060565421516,1199.9999999999998,0.9999999999999998,,,False,15,False,1200,10.0,0.15
29,1,Veron Davis,percent,0.06538461538461539,0.014808715272441203,0.014919800852141596,2.436151934193363e-10,0.08298992971895529,0.08298992947534009,5.562029163027699,1199.9999999999998,0.9999999999999998,,,False,15,False,1200,10.0,0.15
29,2,AJ McLean,percent,0.0695970695970696,0.03765799688529212,0.03895503739304442,3.8880545258651226e-05,0.16511958370410443,0.16508070315884577,4.237615378927653,1187.4290716762032,0.989524226396836,0.8475,0.871214832000386,True,15,False,1200,10.0,0.15
29,2,Anne Heche,percent,0.06593406593406594,0.00711721468194611,0.006788139899685625,2.8165164576794913e-21,0.03556897272872856,0.03556897272872856,5.23909850942615,1187.4290716762032,0.989524226396836,0.8475,0.871214832000386,True,15,False,1200,10.0,0.15
29,2,Carole Baskin,percent,0.05860805860805861,0.0062215542860483124,0.0073879683952537195,1.2015681373002914e-22,0.04087494654280037,0.04087494654280037,5.531888127855068,1187.4290716762032,0.989524226396836,0.8475,0.871214832000386,True,15,False,1200,10.0,0.15
29,2,Charles Oakley,percent,0.054945054945054944,0.005774326874405109,0.0036565990246579965,1.1052631065125789e-26,0.020405780563185517,0.020405780563185517,5.579009734423679,1187.4290716762032,0.989524226396836,0.8475,0.871214832000386,True,15,True,1200,10.0,0.15
29,2,Chrishell Stause,percent,0.06593406593406594,0.019504037960043324,0.019992493226206755,9.014046007381873e-09,0.0983700642947346,0.0983700552806886,4.920103464048426,1187.4290716762032,0.989524226396836,0.8475,0.871214832000386,True,15,False,1200,10.0,0.15
29,2,Jeannie Mai,percent,0.06593406593406594,0.09723669371948085,0.09357890972668331,0.005886422916740441,0.2777864486753002,0.27190002575855976,2.905538448933023,1187.4290716762032,0.989524226396836,0.8475,0.871214832000386,True,15,False,1200,10.0,0.15
29,2,Jesse Metcalfe,percent,0.07326007326007326,0.011483403765623715,0.012113957863599518,4.827537069961283e-13,0.07164426432029371,0.07164426431981095,5.913703136770504,1187.4290716762032,0.989524226396836,0.8475,0.871214832000386,True,15,False,1200,10.0,0.15
29,2,Johnny Weir,percent,0.06593406593406594,0.11784697683984445,0.12067711182469176,0.010604824959529848,0.30907891824838163,0.29847409328885177,2.473307617892157,1187.4290716762032,0.989524226396836,0.8475,0.871214832000386,True,15,False,1200,10.0,0.15
29,2,Justina Machado,percent,0.07692307692307693,0.11117168333319145,0.11463920442794276,0.008370206056726321,0.3182594460698784,0.30988924001315205,2.7031462614665287,1187.4290716762032,0.989524226396836,0.8475,0.871214832000386,True,15,False,1200,10.0,0.15
29,2,Kaitlyn Bristowe,percent,0.08058608058608059,0.11073547972696003,0.1103241899835126,0.00912849618668726,0.2989614089017304,0.28983291271504313,2.62707830150446,1187.4290716762032,0.989524226396836,0.8475,0.871214832000386,True,15,False,1200,10.0,0.15
29,2,Monica Aldama,percent,0.05860805860805861,0.09374216459362299,0.09355876798690646,0.003191110278355079,0.27802173006518077,0.2748306197868257,2.937487188139327,1187.4290716762032,0.989524226396836,0.8475,0.871214832000386,True,15,False,1200,10.0,0.15
29,2,Nelly,percent,0.06593406593406594,0.12013872949484657,0.12214589854945282,0.010703508784054717,0.34176454547121465,0.3310610366871599,2.710351557171346,1187.4290716762032,0.989524226396836,0.8475,0.871214832000386,True,15,False,1200,10.0,0.15
29,2,Nev Schulman,percent,0.07692307692307693,0.11343211007652976,0.11055367146143913,0.007905945414750289,0.3032003618995209,0.29529441648477056,2.6710261319691737,1187.4290716762032,0.989524226396836,0.8475,0.871214832000386,True,15,False,1200,10.0,0.15
29,2,Skai Jackson,percent,0.054945054945054944,0.1334205224865774,0.1313507966863163,0.015048043164797381,0.3172263168116942,0.30217827364689687,2.300526382357255,1187.4290716762032,0.989524226396836,0.8475,0.871214832000386,True,15,False,1200,10.0,0.15
29,2,Veron Davis,percent,0.06593406593406594,0.014517105275587786,0.01427725355060695,9.273988363682721e-11,0.08643316962411789,0.086433169531378,6.053483307676928,1187.4290716762032,0.989524226396836,0.8475,0.871214832000386,True,15,False,1200,10.0,0.15
29,3,AJ McLean,percent,0.07473309608540925,0.038064507849748554,0.03939757443041975,1.2026044542306261e-05,0.16511628919233953,0.16510426314779722,4.190615156377834,1187.8550211133681,0.9898791842611401,0.8891666666666667,0.9130144405077455,True,14,False,1200,10.0,0.15
29,3,Anne Heche,percent,0.05338078291814947,0.007736825179583748,0.007866629024866198,1.5309957456122044e-19,0.046189593310457945,0.046189593310457945,5.870840270235477,1187.8550211133681,0.9898791842611401,0.8891666666666667,0.9130144405077455,True,14,False,1200,10.0,0.15
29,3,Carole Baskin,percent,0.042704626334519574,0.006857002955079765,0.004084274010914418,2.2139847872954507e-20,0.02670280801051423,0.02670280801051423,6.536356665225808,1187.8550211133681,0.9898791842611401,0.8891666666666667,0.9130144405077455,True,14,True,1200,10.0,0.15
29,3,Chrishell Stause,percent,0.07829181494661921,0.019137752162351737,0.020423041641681336,5.909873464867194e-09,0.10374795594314783,0.10374795003327436,5.079697341663551,1187.8550211133681,0.9898791842611401,0.8891666666666667,0.9130144405077455,True,14,False,1200,10.0,0.15
29,3,Jeannie Mai,percent,0.07829181494661921,0.09541058878690753,0.09546122283956984,0.005080368116388412,0.25945552825570456,0.25437516013931616,2.6646683114304737,1187.8550211133681,0.9898791842611401,0.8891666666666667,0.9130144405077455,True,14,False,1200,10.0,0.15
29,3,Jesse Metcalfe,percent,0.0711743772241993,0.01195722083876142,0.01151706003030069,3.3243515171364177e-12,0.06284983794167666,0.0628498379383523,5.456633996785269,1187.8550211133681,0.9898791842611401,0.8891666666666667,0.9130144405077455,True,14,False,1200,10.0,0.15
29,3,Johnny Weir,percent,0.08540925266903915,0.1122986304651784,0.10925873554463945,0.008824185580451656,0.29372311296915365,0.284898927388702,2.6075381380756033,1187.8550211133681,0.9898791842611401,0.8891666666666667,0.9130144405077455,True,14,False,1200,10.0,0.15
29,3,Justina Machado,percent,0.06761565836298933,0.11924780894118736,0.11685452939700289,0.009482725575593418,0.31436465034926747,0.30488192477367404,2.6090500496375624,1187.8550211133681,0.9898791842611401,0.8891666666666667,0.9130144405077455,True,14,False,1200,10.0,0.15
29,3,Kaitlyn Bristowe,percent,0.08185053380782918,0.11372702604957667,0.11224653743163289,0.008937650651864443,0.30042706483720877,0.29148941418534435,2.5968446244344836,1187.8550211133681,0.9898791842611401,0.8891666666666667,0.9130144405077455,True,14,False,1200,10.0,0.15
29,3,Monica Aldama,percent,0.07473309608540925,0.09056777855427743,0.08894769647150817,0.003925225147274885,0.25811547997820194,0.25419025483092705,2.8577175935607855,1187.8550211133681,0.9898791842611401,0.8891666666666667,0.9130144405077455,True,14,False,1200,10.0,0.15
29,3,Nelly,percent,0.06405693950177936,0.12498853699615282,0.1245317849147567,0.01102775031258184,0.32043291126424767,0.3094051609516658,2.484527758400771,1187.8550211133681,0.9898791842611401,0.8891666666666667,0.9130144405077455,True,14,False,1200,10.0,0.15
29,3,Nev Schulman,percent,0.08540925266903915,0.11308793940272979,0.11695784081034975,0.006530800530655145,0.331672348464229,0.32514154793357386,2.7799655475450122,1187.8550211133681,0.9898791842611401,0.8891666666666667,0.9130144405077455,True,14,False,1200,10.0,0.15
29,3,Skai Jackson,percent,0.06405693950177936,0.13267390775375415,0.13755183893327788,0.013441501746790058,0.34742508283667095,0.3339835810898809,2.428038444570997,1187.8550211133681,0.9898791842611401,0.8891666666666667,0.9130144405077455,True,14,False,1200,10.0,0.15
29,3,Veron Davis,percent,0.07829181494661921,0.014244474064710586,0.014901234519079976,2.1890887135267614e-11,0.08605390939560874,0.08605390937371785,5.77456416106855,1187.8550211133681,0.9898791842611401,0.8891666666666667,0.9130144405077455,True,14,False,1200,10.0,0.15
29,4,AJ McLean,percent,0.07973421926910298,0.03823100740784978,0.03893896690914231,5.49814982365935e-05,0.1707435442192298,0.1706885627209932,4.383377189797226,1181.6336775762752,0.9846947313135627,0.6241666666666666,0.6501670566518767,True,13,False,1200,10.0,0.15
29,4,Anne Heche,percent,0.06976744186046512,0.007415252153663389,0.004994217958085663,7.230244190079279e-19,0.030595989779923366,0.030595989779923366,6.125056010899029,1181.6336775762752,0.9846947313135627,0.6241666666666666,0.6501670566518767,True,13,True,1200,10.0,0.15
29,4,Chrishell Stause,percent,0.07308970099667775,0.0200450652199356,0.018944569249303586,1.4310629168649996e-08,0.0958440566017501,0.09584404229112094,5.058915941237502,1181.6336775762752,0.9846947313135627,0.6241666666666666,0.6501670566518767,True,13,False,1200,10.0,0.15
29,4,Jeannie Mai,percent,0.06976744186046512,0.10130853637835337,0.0990277504536134,0.007482026159248954,0.2649526466332949,0.2574706204740459,2.599958287817124,1181.6336775762752,0.9846947313135627,0.6241666666666666,0.6501670566518767,True,13,False,1200,10.0,0.15
29,4,Jesse Metcalfe,percent,0.06976744186046512,0.012330177735772021,0.011748399793797461,3.1593008680522424e-12,0.062478375773590084,0.062478375770430784,5.317580205536395,1181.6336775762752,0.9846947313135627,0.6241666666666666,0.6501670566518767,True,13,False,1200,10.0,0.15
29,4,Johnny Weir,percent,0.07973421926910298,0.11785161839766385,0.12036210526828968,0.009361945055572668,0.3061983209778086,0.2968363759222359,2.4661741258717678,1181.6336775762752,0.9846947313135627,0.6241666666666666,0.6501670566518767,True,13,False,1200,10.0,0.15
29,4,Justina Machado,percent,0.07973421926910298,0.11631495379349807,0.11670891056894815,0.008971425508114677,0.31538697977134994,0.30641555426323525,2.625445883468616,1181.6336775762752,0.9846947313135627,0.6241666666666666,0.6501670566518767,True,13,False,1200,10.0,0.15
29,4,Kaitlyn Bristowe,percent,0.08305647840531562,0.11602101662441051,0.11579839899484062,0.007103927899016175,0.3068717765277749,0.29976784862875877,2.588682249051351,1181.6336775762752,0.9846947313135627,0.6241666666666666,0.6501670566518767,True,13,False,1200,10.0,0.15
29,4,Monica Aldama,percent,0.07973421926910298,0.09096393486784436,0.09314239640062964,0.004446950283266344,0.2727214761535991,0.26827452587033274,2.8802313018136756,1181.6336775762752,0.9846947313135627,0.6241666666666666,0.6501670566518767,True,13,False,1200,10.0,0.15
29,4,Nelly,percent,0.06976744186046512,0.12516960811718145,0.12706953174478855,0.012336762973445667,0.3237854844621131,0.3114487214886674,2.4509909356025075,1181.6336775762752,0.9846947313135627,0.6241666666666666,0.6501670566518767,True,13,False,1200,10.0,0.15
29,4,Nev Schulman,percent,0.07973421926910298,0.11867995740162898,0.11952409628595091,0.010361079529125123,0.3100242311979862,0.2996631516688611,2.5071149154479597,1181.6336775762752,0.9846947313135627,0.6241666666666666,0.6501670566518767,True,13,False,1200,10.0,0.15
29,4,Skai Jackson,percent,0.09302325581395349,0.12074907310720163,0.11659308235156346,0.011119010878494498,0.31104106767632217,0.2999220567978277,2.572360884435623,1181.6336775762752,0.9846947313135627,0.6241666666666666,0.6501670566518767,True,13,False,1200,10.0,0.15
29,4,Veron Davis,percent,0.07308970099667775,0.0149197987949969,0.01714757402104647,2.2965299884388536e-10,0.09626781850444903,0.09626781827479602,5.613750633530601,1181.6336775762752,0.9846947313135627,0.6241666666666666,0.6501670566518767,True,13,False,1200,10.0,0.15
29,5,AJ McLean,percent,0.08362369337979095,0.03923631232027868,0.04008008247388184,7.021170821486908e-05,0.16067835004504938,0.16060813833683452,4.007080857696199,1173.1515697042873,0.9776263080869061,0.5758333333333333,0.6133360510554793,True,12,False,1200,10.0,0.15
29,5,Chrishell Stause,percent,0.06620209059233449,0.021504320308848586,0.021567177708747484,1.3403638698059315e-07,0.11658467091443184,0.11658453687804486,5.405395785048694,1173.1515697042873,0.9776263080869061,0.5758333333333333,0.6133360510554793,True,12,False,1200,10.0,0.15
29,5,Jeannie Mai,percent,0.08362369337979095,0.09979751540654748,0.10237417560810022,0.005485805382224764,0.2915969511155207,0.28611114573329594,2.7947316723396955,1173.1515697042873,0.9776263080869061,0.5758333333333333,0.6133360510554793,True,12,False,1200,10.0,0.15
29,5,Jesse Metcalfe,percent,0.06620209059233449,0.013048322013301769,0.008282854331981759,2.5864112174825188e-12,0.04439065182501944,0.04439065182243303,5.358695366123536,1173.1515697042873,0.9776263080869061,0.5758333333333333,0.6133360510554793,True,12,True,1200,10.0,0.15
29,5,Johnny Weir,percent,0.10104529616724739,0.11258910079136765,0.11371141744790275,0.008772487110402825,0.305064210651325,0.29629172354092215,2.6056232924312592,1173.1515697042873,0.9776263080869061,0.5758333333333333,0.6133360510554793,True,12,False,1200,10.0,0.15
29,5,Justina Machado,percent,0.08362369337979095,0.11937351809420069,0.11487590560319594,0.00977723301944797,0.3075526999632124,0.2977754669437644,2.592126462496567,1173.1515697042873,0.9776263080869061,0.5758333333333333,0.6133360510554793,True,12,False,1200,10.0,0.15
29,5,Kaitlyn Bristowe,percent,0.09407665505226481,0.11563120204309468,0.11758467991215096,0.008657697902445976,0.3111804040621066,0.30252270615966065,2.572785277813398,1173.1515697042873,0.9776263080869061,0.5758333333333333,0.6133360510554793,True,12,False,1200,10.0,0.15
29,5,Monica Aldama,percent,0.09059233449477352,0.09071874277539203,0.09227929017560066,0.0046799859716069045,0.28155680336633765,0.27687681739473075,3.0003895400400276,1173.1515697042873,0.9776263080869061,0.5758333333333333,0.6133360510554793,True,12,False,1200,10.0,0.15
29,5,Nelly,percent,0.08362369337979095,0.12330269828254091,0.12153587730182944,0.010455247437259133,0.3161555465073281,0.30570029907006896,2.5152884116882555,1173.1515697042873,0.9776263080869061,0.5758333333333333,0.6133360510554793,True,12,False,1200,10.0,0.15
29,5,Nev Schulman,percent,0.09059233449477352,0.11836005713423468,0.12161980528758733,0.010147963538548983,0.3165836161025086,0.30643565256395966,2.5195989439418276,1173.1515697042873,0.9776263080869061,0.5758333333333333,0.6133360510554793,True,12,False,1200,10.0,0.15
29,5,Skai Jackson,percent,0.08362369337979095,0.13088440916970132,0.1295545706265627,0.012237873168014491,0.32209110709728633,0.30985323392927183,2.3916627624018414,1173.1515697042873,0.9776263080869061,0.5758333333333333,0.6133360510554793,True,12,False,1200,10.0,0.15
29,5,Veron Davis,percent,0.07317073170731707,0.015553801660491624,0.016534163522459178,3.202115665925275e-10,0.08980149770716087,0.0898014973869493,5.430940992205782,1173.1515697042873,0.9776263080869061,0.5758333333333333,0.6133360510554793,True,12,False,1200,10.0,0.15
29,6,AJ McLean,percent,0.10074626865671642,0.037491656661502774,0.0376358404558349,2.0629786767356382e-05,0.1553944902500386,0.15537386046327123,4.12823867735644,1174.6949759342087,0.9789124799451739,0.7558333333333334,0.8012104400442748,True,11,False,1200,10.0,0.15
29,6,Chrishell Stause,percent,0.08955223880597014,0.020028614974607756,0.02239354211290847,3.176119866464042e-08,0.11637811459572744,0.11637808283452877,5.19671633596148,1174.6949759342087,0.9789124799451739,0.7558333333333334,0.8012104400442748,True,11,False,1200,10.0,0.15
29,6,Jeannie Mai,percent,0.09328358208955224,0.09833159964910364,0.09896845150367567,0.005628805771855025,0.270285321300186,0.26465651552833097,2.674123292665735,1174.6949759342087,0.9789124799451739,0.7558333333333334,0.8012104400442748,True,11,False,1200,10.0,0.15
29,6,Johnny Weir,percent,0.08208955223880597,0.12478769336816406,0.11979840193910206,0.010344606666563099,0.30208902626878403,0.2917444196022209,2.4352744244126034,1174.6949759342087,0.9789124799451739,0.7558333333333334,0.8012104400442748,True,11,False,1200,10.0,0.15
29,6,Justina Machado,percent,0.10074626865671642,0.11406553496492486,0.11387084385708841,0.008770108768536731,0.30266951606684733,0.2938994072983106,2.580966438614629,1174.6949759342087,0.9789124799451739,0.7558333333333334,0.8012104400442748,True,11,False,1200,10.0,0.15
29,6,Kaitlyn Bristowe,percent,0.10074626865671642,0.1153422644361316,0.12222444698237733,0.009522001485807946,0.3227893837967589,0.31326738231095097,2.5630291403730223,1174.6949759342087,0.9789124799451739,0.7558333333333334,0.8012104400442748,True,11,False,1200,10.0,0.15
29,6,Monica Aldama,percent,0.10074626865671642,0.08920478025238447,0.0925167319483918,0.004149966682002157,0.25926806513115475,0.25511809844915256,2.75750489205099,1174.6949759342087,0.9789124799451739,0.7558333333333334,0.8012104400442748,True,11,False,1200,10.0,0.15
29,6,Nelly,percent,0.08955223880597014,0.12336995864755222,0.12448867294130556,0.012615944653720146,0.3110701927016449,0.29845424804792475,2.3974217378548346,1174.6949759342087,0.9789124799451739,0.7558333333333334,0.8012104400442748,True,11,False,1200,10.0,0.15
29,6,Nev Schulman,percent,0.09701492537313433,0.11818428560350379,0.1159140766149602,0.00958916358686017,0.29875701699041685,0.28916785340355666,2.494652653028883,1174.6949759342087,0.9789124799451739,0.7558333333333334,0.8012104400442748,True,11,False,1200,10.0,0.15
29,6,Skai Jackson,percent,0.06716417910447761,0.14358383077450174,0.1431008793903324,0.017010071572198113,0.3480745553430463,0.3310644837708482,2.3134880211308677,1174.6949759342087,0.9789124799451739,0.7558333333333334,0.8012104400442748,True,11,False,1200,10.0,0.15
29,6,Veron Davis,percent,0.07835820895522388,0.015609780667623144,0.009088112254023308,3.5748550271655924e-10,0.05137235994062479,0.05137235958313929,5.652076698733614,1174.6949759342087,0.9789124799451739,0.7558333333333334,0.8012104400442748,True,11,True,1200,10.0,0.15
29,7,AJ McLean,percent,0.1,0.039727230469470534,0.04091176782733321,5.7552183081229444e-05,0.17881824415237368,0.17876069196929245,4.369313088855971,1199.9999999999998,0.9999999999999998,,,False,10,False,1200,10.0,0.15
29,7,Chrishell Stause,percent,0.1,0.020268153569778864,0.020132425458754842,2.7033520120432503e-08,0.10437355550210445,0.10437352846858433,5.1840919312216895,1199.9999999999998,0.9999999999999998,,,False,10,False,1200,10.0,0.15
29,7,Jeannie Mai,percent,0.09615384615384616,0.10265694342290299,0.09878900556326514,0.0056615450716184495,0.2729307860719624,0.267269241000344,2.7054279375375145,1199.9999999999998,0.9999999999999998,,,False,10,True,1200,10.0,0.15
29,7,Johnny Weir,percent,0.10384615384615385,0.12054233659283523,0.11973976984653165,0.01061264936896424,0.3267948922356052,0.316182242866641,2.6405562889889787,1199.9999999999998,0.9999999999999998,,,False,10,False,1200,10.0,0.15
29,7,Justina Machado,percent,0.1,0.12086709950131566,0.1226696182211823,0.010259445729270653,0.3187258996232109,0.30846645389394023,2.514591174047539,1199.9999999999998,0.9999999999999998,,,False,10,False,1200,10.0,0.15
29,7,Kaitlyn Bristowe,percent,0.09230769230769231,0.12614763653681224,0.12476013086251084,0.012051664004170121,0.3178832851146674,0.3058316211104973,2.4513373596102586,1199.9999999999998,0.9999999999999998,,,False,10,False,1200,10.0,0.15
29,7,Monica Aldama,percent,0.08461538461538462,0.10069682065307697,0.09981304258120052,0.005738941892950135,0.2780445544991243,0.27230561260617414,2.728129284861382,1199.9999999999998,0.9999999999999998,,,False,10,True,1200,10.0,0.15
29,7,Nelly,percent,0.10384615384615385,0.12288650550861675,0.12687775727811337,0.011158821919845137,0.32010248619853426,0.30894366427868913,2.4349518462061894,1199.9999999999998,0.9999999999999998,,,False,10,False,1200,10.0,0.15
29,7,Nev Schulman,percent,0.11538461538461539,0.11576464846241584,0.11642995657990993,0.008840240242453706,0.32372223137402106,0.31488199113156734,2.7044524959773453,1199.9999999999998,0.9999999999999998,,,False,10,False,1200,10.0,0.15
29,7,Skai Jackson,percent,0.10384615384615385,0.130442625282775,0.12987652578119832,0.01244142857281585,0.3338513487796033,0.3214099202067875,2.474715454221536,1199.9999999999998,0.9999999999999998,,,False,10,False,1200,10.0,0.15
29,8,AJ McLean,percent,0.12162184076007344,0.0500690265407014,0.04924822528575397,0.0003243097923850425,0.1806076279045735,0.18028331811218845,3.6606325696728863,1151.6095091116358,0.9596745909263632,0.6125,0.6794605677667465,True,8,False,1200,10.0,0.15
29,8,Chrishell Stause,percent,0.12162184076007344,0.025544361059755362,0.016834612892172942,2.0353542971315227e-07,0.08217115580554885,0.08217095227011913,4.880781756886397,1151.6095091116358,0.9596745909263632,0.6125,0.6794605677667465,True,8,True,1200,10.0,0.15
29,8,Johnny Weir,percent,0.13513537862230382,0.14600118136874277,0.14325422204809626,0.01955770958422662,0.34835364144127323,0.3287959318570466,2.2951758906677564,1151.6095091116358,0.9596745909263632,0.6125,0.6794605677667465,True,8,False,1200,10.0,0.15
29,8,Justina Machado,percent,0.13062996509903624,0.1467919284363543,0.14992976856607634,0.019983767527592115,0.3707748688101719,0.3507911012825798,2.3396872078860973,1151.6095091116358,0.9596745909263632,0.6125,0.6794605677667465,True,8,False,1200,10.0,0.15
29,8,Kaitlyn Bristowe,percent,0.1261263533808169,0.15120940148031142,0.15288910506354778,0.018863311862745924,0.3420744122667599,0.32321110040401396,2.114009276595587,1151.6095091116358,0.9596745909263632,0.6125,0.6794605677667465,True,8,False,1200,10.0,0.15
29,8,Nelly,percent,0.10810830289784307,0.1663359535235828,0.17156090688284217,0.02831330297831882,0.3924183159045483,0.3641050129262295,2.1222952084280164,1151.6095091116358,0.9596745909263632,0.6125,0.6794605677667465,True,8,False,1200,10.0,0.15
29,8,Nev Schulman,percent,0.13513537862230382,0.14702737409139707,0.14767657363029027,0.016514632746420257,0.3514664230295706,0.33495179028315036,2.268129019519915,1151.6095091116358,0.9596745909263632,0.6125,0.6794605677667465,True,8,False,1200,10.0,0.15
29,8,Skai Jackson,percent,0.1216209398575493,0.1670207734991549,0.1686065856312199,0.029327176135739038,0.37540521605418514,0.3460780399184461,2.052565064749763,1151.6095091116358,0.9596745909263632,0.6125,0.6794605677667465,True,8,False,1200,10.0,0.15
29,9,AJ McLean,percent,0.12953317941214265,0.053650407893023534,0.035714260460571384,0.00017304177125020194,0.1339207278769376,0.13374768610568738,3.744833003621546,1098.0548578813862,0.9150457149011552,0.6358333333333334,0.7534264261229684,True,7,True,1200,10.0,0.15
29,9,Johnny Weir,percent,0.15544105882304174,0.1486710242863932,0.15173283598791903,0.023679997076376226,0.347676731849575,0.32399673477319874,2.1352965385979905,1098.0548578813862,0.9150457149011552,0.6358333333333334,0.7534264261229684,True,7,False,1200,10.0,0.15
29,9,Justina Machado,percent,0.13471454803957736,0.15978643527051414,0.17003758926246537,0.02513073557586407,0.39300427259687093,0.36787353702100684,2.1634708839719354,1098.0548578813862,0.9150457149011552,0.6358333333333334,0.7534264261229684,True,7,False,1200,10.0,0.15
29,9,Kaitlyn Bristowe,percent,0.15544105882304174,0.1483748752849558,0.1518633427406989,0.018421356871211512,0.3647443393221925,0.34632298245098103,2.2804759576927873,1098.0548578813862,0.9150457149011552,0.6358333333333334,0.7534264261229684,True,7,False,1200,10.0,0.15
29,9,Nelly,percent,0.1243528470584334,0.17222988271046416,0.16711917098371706,0.028174280583358923,0.370819763716366,0.3426454831330071,2.050293995728331,1098.0548578813862,0.9150457149011552,0.6358333333333334,0.7534264261229684,True,7,False,1200,10.0,0.15
29,9,Nev Schulman,percent,0.15025865392188154,0.15294065493129191,0.15506357009270705,0.023151111429012595,0.3572973027061,0.3341461912770874,2.154884194870011,1098.0548578813862,0.9150457149011552,0.6358333333333334,0.7534264261229684,True,7,False,1200,10.0,0.15
29,9,Skai Jackson,percent,0.15025865392188154,0.16434671962335717,0.16846923047192114,0.0328585880333766,0.3823894792202689,0.3495308911868923,2.074733857772863,1098.0548578813862,0.9150457149011552,0.6358333333333334,0.7534264261229684,True,7,False,1200,10.0,0.15
29,10,Johnny Weir,percent,0.16379310344827586,0.16599521565596922,0.1660735895224299,0.02447549594659422,0.3696014393227821,0.3451259433761879,2.0781381689314697,1199.9999999999998,0.9999999999999998,,,False,6,True,1200,10.0,0.15
29,10,Justina Machado,percent,0.16666666666666666,0.1619063714735135,0.15957972453927066,0.02610801004575381,0.3889999438672053,0.3628919338214515,2.2740336269882566,1199.9999999999998,0.9999999999999998,,,False,6,False,1200,10.0,0.15
29,10,Kaitlyn Bristowe,percent,0.1724137931034483,0.15989493471661184,0.16177936402064413,0.02272277851799442,0.3742985040127378,0.35157572549474336,2.1731668588029645,1199.9999999999998,0.9999999999999998,,,False,6,False,1200,10.0,0.15
29,10,Nelly,percent,0.16091954022988506,0.17123470604295382,0.1714489810264921,0.03043391730938915,0.3864389340038888,0.35600501669449963,2.0764366059596733,1199.9999999999998,0.9999999999999998,,,False,6,False,1200,10.0,0.15
29,10,Nev Schulman,percent,0.1724137931034483,0.16134016753459055,0.16031848275599403,0.02199349756150534,0.37358056690425423,0.3515870693427489,2.1930401926125462,1199.9999999999998,0.9999999999999998,,,False,6,False,1200,10.0,0.15
29,10,Skai Jackson,percent,0.16379310344827586,0.17962860457636104,0.18079985813516916,0.028710179018893493,0.3979399722083962,0.3692297931895027,2.0421904906748924,1199.9999999999998,0.9999999999999998,,,False,6,True,1200,10.0,0.15
29,11,Justina Machado,percent,0.25316455696202533,0.24274035991289933,0.24048019058186082,0.061743100909097494,0.4796324161689386,0.4178893152598411,1.7377214170003445,1199.9999999999998,0.9999999999999998,,,False,4,True,1200,10.0,0.15
29,11,Kaitlyn Bristowe,percent,0.25316455696202533,0.24545733986172807,0.2434022449586828,0.0620410114448879,0.4807990624309583,0.41875805098607044,1.7204292040443165,1199.9999999999998,0.9999999999999998,,,False,4,True,1200,10.0,0.15
29,11,Nelly,percent,0.24050632911392406,0.2641263597331076,0.26729276476767444,0.07528073220450164,0.5284627478580435,0.4531820156535418,1.6954455187064958,1199.9999999999998,0.9999999999999998,,,False,4,True,1200,10.0,0.15
29,11,Nev Schulman,percent,0.25316455696202533,0.24767594049226493,0.24882479969178223,0.062383070240539594,0.4945973107962586,0.43221424055571905,1.7370153781926876,1199.9999999999998,0.9999999999999998,,,False,4,True,1200,10.0,0.15
30,1,Amanda Kloots,percent,0.07650273224043716,0.09190656525064246,0.09032484021214855,0.0031416076876441957,0.27484128119142187,0.27169967350377766,3.0079949753651434,1199.9999999999998,0.9999999999999998,,,False,15,False,1200,10.0,0.15
30,1,Brian Austin Green,percent,0.06557377049180328,0.07499519623117347,0.07747024797399014,0.002226980306274228,0.24287402906729608,0.24064704876102186,3.1062756190763268,1199.9999999999998,0.9999999999999998,,,False,15,False,1200,10.0,0.15
30,1,Christine Chiu,percent,0.06830601092896176,0.008328546961232667,0.008542596360361372,1.7679816090662874e-18,0.05125025015133775,0.05125025015133775,5.99867409339666,1199.9999999999998,0.9999999999999998,,,False,15,False,1200,10.0,0.15
30,1,Cody Rigsby,percent,0.06557377049180328,0.10057705383214002,0.09779699856824188,0.004728574657734667,0.2821188471020542,0.2773902724443195,2.8363593990194085,1199.9999999999998,0.9999999999999998,,,False,15,False,1200,10.0,0.15
30,1,Iman Shumpert,percent,0.05737704918032787,0.10498359210358894,0.10274883369454005,0.006513581755736711,0.2863329923364549,0.2798194105807182,2.7233076737873816,1199.9999999999998,0.9999999999999998,,,False,15,False,1200,10.0,0.15
30,1,Jimmie Allen,percent,0.060109289617486336,0.09932240443003255,0.10009000009774893,0.006590291463161741,0.2743102486954152,0.26771995723225345,2.6747655330728834,1199.9999999999998,0.9999999999999998,,,False,15,False,1200,10.0,0.15
30,1,JoJo Siwa,percent,0.07923497267759563,0.09401786964715451,0.09419200051573275,0.005056095477430563,0.26312008100755263,0.25806398553012205,2.7397363298456394,1199.9999999999998,0.9999999999999998,,,False,15,False,1200,10.0,0.15
30,1,Kenya Moore,percent,0.07103825136612021,0.013042242610210695,0.013433955884515026,2.971293299727845e-12,0.07977955569325533,0.07977955569028404,5.938207492161328,1199.9999999999998,0.9999999999999998,,,False,15,False,1200,10.0,0.15
30,1,Martin Kove,percent,0.03551912568306011,0.004833004186018757,0.005959072484216776,2.015014897149851e-29,0.027351632751110428,0.027351632751110428,4.589144313855565,1199.9999999999998,0.9999999999999998,,,False,15,False,1200,10.0,0.15
30,1,Matt James,percent,0.06557377049180328,0.08541937780980607,0.0872941195334598,0.004103526172026369,0.2652613409284512,0.26115781475642486,2.9916656985196557,1199.9999999999998,0.9999999999999998,,,False,15,False,1200,10.0,0.15
30,1,Melanie C,percent,0.07377049180327869,0.00867144521073573,0.008135727699496794,2.557300253060398e-17,0.050444728719472476,0.05044472871947245,6.1996333885662835,1199.9999999999998,0.9999999999999998,,,False,15,False,1200,10.0,0.15
30,1,Melora Hardin,percent,0.07103825136612021,0.09046947573602776,0.09295642267320967,0.003958916569613165,0.265615250620152,0.26165633405053884,2.8147976409628686,1199.9999999999998,0.9999999999999998,,,False,15,False,1200,10.0,0.15
30,1,"Mike ""The Miz"" Mizanin",percent,0.06557377049180328,0.023737072194925532,0.023573652251736833,1.460279300129928e-07,0.1112912767563321,0.11129113072840209,4.7207962832284345,1199.9999999999998,0.9999999999999998,,,False,15,False,1200,10.0,0.15
30,1,Olivia Jade,percent,0.06830601092896176,0.09933407812213432,0.10079428886565284,0.006155567752313989,0.2855698263229624,0.27941425857064844,2.7720964115998687,1199.9999999999998,0.9999999999999998,,,False,15,False,1200,10.0,0.15
30,1,Suni Lee,percent,0.07650273224043716,0.10036207567417638,0.09668724318494872,0.004933814445263471,0.2663041580591238,0.2613703436138603,2.703227765902229,1199.9999999999998,0.9999999999999998,,,False,15,False,1200,10.0,0.15
30,2,Amanda Kloots,percent,0.08311688311688312,0.08967005909999383,0.0920067848035778,0.0032527414554985503,0.27498636421273226,0.27173362275723373,2.9533764271940948,1188.5988474482583,0.9904990395402152,0.9475,0.9657469908088787,True,15,False,1200,10.0,0.15
30,2,Brian Austin Green,percent,0.05974025974025974,0.07701290436295678,0.0747362488441247,0.0019602239664401827,0.23296016593025606,0.23099994196381587,3.09082747273183,1188.5988474482583,0.9904990395402152,0.9475,0.9657469908088787,True,15,False,1200,10.0,0.15
30,2,Christine Chiu,percent,0.06233766233766234,0.00855736565423929,0.007269212772723626,8.998103842230391e-17,0.04795260274973634,0.04795260274973625,6.595763322037115,1188.5988474482583,0.9904990395402152,0.9475,0.9657469908088787,True,15,False,1200,10.0,0.15
30,2,Cody Rigsby,percent,0.06233766233766234,0.10218578916458379,0.1004028259351972,0.005223760189129426,0.27004200453547306,0.26481824434634366,2.6375314075906138,1188.5988474482583,0.9904990395402152,0.9475,0.9657469908088787,True,15,False,1200,10.0,0.15
30,2,Iman Shumpert,percent,0.06493506493506493,0.1020320909885358,0.1040794350711318,0.005571104466015626,0.29635977513780215,0.29078867067178654,2.7938840808366385,1188.5988474482583,0.9904990395402152,0.9475,0.9657469908088787,True,15,False,1200,10.0,0.15
30,2,Jimmie Allen,percent,0.07012987012987013,0.09555752983905445,0.09583696057785335,0.004412831834081143,0.28157188806983907,0.27715905623575793,2.891954863862212,1188.5988474482583,0.9904990395402152,0.9475,0.9657469908088787,True,15,False,1200,10.0,0.15
30,2,JoJo Siwa,percent,0.08051948051948052,0.09376247153209342,0.09354427628118421,0.004014189898930523,0.2626606527517997,0.25864646285286913,2.764933443303043,1188.5988474482583,0.9904990395402152,0.9475,0.9657469908088787,True,15,False,1200,10.0,0.15
30,2,Kenya Moore,percent,0.06233766233766234,0.013551968477632804,0.012530335330409701,2.3685000122558314e-11,0.06685102024472266,0.06685102022103766,5.334708429580587,1188.5988474482583,0.9904990395402152,0.9475,0.9657469908088787,True,15,False,1200,10.0,0.15
30,2,Martin Kove,percent,0.03896103896103896,0.004777306432890044,0.0032360558095843868,1.811527131394746e-30,0.01670066247752152,0.01670066247752152,5.15921363730388,1188.5988474482583,0.9904990395402152,0.9475,0.9657469908088787,True,15,True,1200,10.0,0.15
30,2,Matt James,percent,0.05714285714285714,0.08865942754982575,0.09266601811565349,0.0046114955471702555,0.263391636732407,0.25878014118523673,2.792580860455281,1188.5988474482583,0.9904990395402152,0.9475,0.9657469908088787,True,15,False,1200,10.0,0.15
30,2,Melanie C,percent,0.07792207792207792,0.008546534948075986,0.010175745105598101,1.1069370637966634e-16,0.05833291003634641,0.058332910036346296,5.731981044141323,1188.5988474482583,0.9904990395402152,0.9475,0.9657469908088787,True,15,False,1200,10.0,0.15
30,2,Melora Hardin,percent,0.07012987012987013,0.09104095259191261,0.088824170636263,0.0035284010624729556,0.27463265797703057,0.27110425691455764,3.052110735871516,1188.5988474482583,0.9904990395402152,0.9475,0.9657469908088787,True,15,False,1200,10.0,0.15
30,2,"Mike ""The Miz"" Mizanin",percent,0.06753246753246753,0.023607055356521762,0.02525728108557697,6.228037681094331e-07,0.1284812266808817,0.12848060387711357,5.086672503240088,1188.5988474482583,0.9904990395402152,0.9475,0.9657469908088787,True,15,False,1200,10.0,0.15
30,2,Olivia Jade,percent,0.07012987012987013,0.09884477744070576,0.09758936546805608,0.005136006181563797,0.27093326110008864,0.26579725491852485,2.723601388761346,1188.5988474482583,0.9904990395402152,0.9475,0.9657469908088787,True,15,False,1200,10.0,0.15
30,2,Suni Lee,percent,0.07272727272727272,0.10219376656097787,0.1018452841630656,0.006126489623226055,0.2960743043617606,0.28994781473853454,2.8469159883565363,1188.5988474482583,0.9904990395402152,0.9475,0.9657469908088787,True,15,False,1200,10.0,0.15
30,3,Amanda Kloots,percent,0.08053691275167785,0.09183144165659324,0.09238270127768759,0.004804729532786947,0.2652314428502114,0.26042671331742445,2.818968169879143,1181.5383285833345,0.9846152738194455,0.4033333333333333,0.42319771075879287,True,14,False,1200,10.0,0.15
30,3,Brian Austin Green,percent,0.06375838926174497,0.0767581515249396,0.07678574537835069,0.0021836126226898564,0.23210444547955136,0.22992083285686152,2.9942776155438615,1181.5383285833345,0.9846152738194455,0.4033333333333333,0.42319771075879287,True,14,False,1200,10.0,0.15
30,3,Christine Chiu,percent,0.07046979865771812,0.008385988608300147,0.005588208821231248,6.376210952220371e-17,0.03404393585264234,0.03404393585264228,6.091011615691026,1181.5383285833345,0.9846152738194455,0.4033333333333333,0.42319771075879287,True,14,True,1200,10.0,0.15
30,3,Cody Rigsby,percent,0.06040268456375839,0.10437166617807642,0.10576315959093711,0.006862147764724029,0.2968652949103292,0.29000314714560516,2.7419794027319573,1181.5383285833345,0.9846152738194455,0.4033333333333333,0.42319771075879287,True,14,False,1200,10.0,0.15
30,3,Iman Shumpert,percent,0.06375838926174497,0.10389023247955853,0.10328794436353078,0.006833067588575786,0.2931719891586297,0.2863389215700539,2.7722126829205385,1181.5383285833345,0.9846152738194455,0.4033333333333333,0.42319771075879287,True,14,False,1200,10.0,0.15
30,3,Jimmie Allen,percent,0.06711409395973154,0.0980363484219561,0.0983545097619564,0.006587686763982273,0.27589007764133044,0.2693023908773482,2.7380508883449814,1181.5383285833345,0.9846152738194455,0.4033333333333333,0.42319771075879287,True,14,False,1200,10.0,0.15
30,3,JoJo Siwa,percent,0.08053691275167785,0.09500238978526716,0.09523200134477525,0.005298454721337175,0.2720248073512468,0.2667263526299096,2.800776504609691,1181.5383285833345,0.9846152738194455,0.4033333333333333,0.42319771075879287,True,14,False,1200,10.0,0.15
30,3,Kenya Moore,percent,0.07046979865771812,0.013280565289058466,0.013270474838139952,1.1240567081715605e-11,0.07897090639417241,0.07897090638293185,5.950424300695123,1181.5383285833345,0.9846152738194455,0.4033333333333333,0.42319771075879287,True,14,False,1200,10.0,0.15
30,3,Matt James,percent,0.06711409395973154,0.0862292920529315,0.08633411185002565,0.0031542309374912587,0.26199701133774994,0.2588427804002587,2.9981171606043597,1181.5383285833345,0.9846152738194455,0.4033333333333333,0.42319771075879287,True,14,False,1200,10.0,0.15
30,3,Melanie C,percent,0.0738255033557047,0.008807291758351694,0.009285011284886447,1.8917092004193356e-16,0.05357251288792174,0.05357251288792155,5.769163017830283,1181.5383285833345,0.9846152738194455,0.4033333333333333,0.42319771075879287,True,14,False,1200,10.0,0.15
30,3,Melora Hardin,percent,0.07718120805369127,0.0896150745274096,0.08537297111073242,0.004087862655631576,0.25284221135876517,0.2487543487031336,2.913702448964126,1181.5383285833345,0.9846152738194455,0.4033333333333333,0.42319771075879287,True,14,False,1200,10.0,0.15
30,3,"Mike ""The Miz"" Mizanin",percent,0.0738255033557047,0.023309892871623033,0.022693106974439388,2.270384277827082e-07,0.10827359227153832,0.10827336523311054,4.7709903436632235,1181.5383285833345,0.9846152738194455,0.4033333333333333,0.42319771075879287,True,14,False,1200,10.0,0.15
30,3,Olivia Jade,percent,0.08053691275167785,0.09596334106823351,0.09705035357521223,0.005091147517843776,0.2709485805150746,0.2658574329972308,2.7393480173483447,1181.5383285833345,0.9846152738194455,0.4033333333333333,0.42319771075879287,True,14,False,1200,10.0,0.15
30,3,Suni Lee,percent,0.07046979865771812,0.1045183237777011,0.10859969982809495,0.006348195720287123,0.29793720676564917,0.29158901104536206,2.6849643833503927,1181.5383285833345,0.9846152738194455,0.4033333333333333,0.42319771075879287,True,14,False,1200,10.0,0.15
30,4,Amanda Kloots,percent,0.0815347721822542,0.09461647456083191,0.09670911681165639,0.003887304721375121,0.2908512559511159,0.2869639512297408,2.9672588627785963,1199.9999999999998,0.9999999999999998,,,False,13,False,1200,10.0,0.15
30,4,Brian Austin Green,percent,0.06235011990407674,0.0798724032292312,0.07824532608605936,0.0025849291097044067,0.24120274556254476,0.23861781645284036,3.0495721446447996,1199.9999999999998,0.9999999999999998,,,False,13,True,1200,10.0,0.15
30,4,Cody Rigsby,percent,0.06954436450839328,0.10399553054553633,0.10250034333761948,0.006840706149712911,0.2788411179697246,0.27200041182001167,2.6536277766047927,1199.9999999999998,0.9999999999999998,,,False,13,False,1200,10.0,0.15
30,4,Iman Shumpert,percent,0.07553956834532374,0.10239839209901126,0.09937389021843857,0.005277144778489439,0.29019142170551315,0.2849142769270237,2.867065073488344,1199.9999999999998,0.9999999999999998,,,False,13,False,1200,10.0,0.15
30,4,Jimmie Allen,percent,0.07793764988009592,0.09700981514910678,0.09842136837294088,0.0040544860592142,0.2752236317477147,0.2711691456885005,2.7551576960736153,1199.9999999999998,0.9999999999999998,,,False,13,False,1200,10.0,0.15
30,4,JoJo Siwa,percent,0.08393285371702638,0.09692311784568934,0.1003042630027102,0.004040715838866386,0.2758331566179803,0.2717924407791139,2.7096528401682196,1199.9999999999998,0.9999999999999998,,,False,13,False,1200,10.0,0.15
30,4,Kenya Moore,percent,0.07074340527577938,0.013724144990530025,0.013821505088655088,7.781596479071095e-12,0.07604803500071627,0.07604803499293468,5.501754892125279,1199.9999999999998,0.9999999999999998,,,False,13,False,1200,10.0,0.15
30,4,Matt James,percent,0.0683453237410072,0.08875920947595212,0.08550141226920663,0.0030380458418461337,0.24173082175337052,0.23869277591152438,2.791649610539569,1199.9999999999998,0.9999999999999998,,,False,13,True,1200,10.0,0.15
30,4,Melanie C,percent,0.07913669064748201,0.008914869022689134,0.009529887981947035,1.9654082255980163e-17,0.051246704924432535,0.051246704924432514,5.3769076943829,1199.9999999999998,0.9999999999999998,,,False,13,False,1200,10.0,0.15
30,4,Melora Hardin,percent,0.08752997601918465,0.08885001407389549,0.08266308150061104,0.0031986376476385533,0.25283364114588397,0.2496350034982454,3.0198727060966637,1199.9999999999998,0.9999999999999998,,,False,13,False,1200,10.0,0.15
30,4,"Mike ""The Miz"" Mizanin",percent,0.07793764988009592,0.02371123189311229,0.024088632889749162,6.668411014256612e-08,0.12274418855417049,0.12274412187006035,5.095308941893072,1199.9999999999998,0.9999999999999998,,,False,13,False,1200,10.0,0.15
30,4,Olivia Jade,percent,0.08393285371702638,0.09790349733565197,0.10303739679025112,0.005892396476081836,0.2985725831133141,0.2926801866372322,2.8404963174361413,1199.9999999999998,0.9999999999999998,,,False,13,False,1200,10.0,0.15
30,4,Suni Lee,percent,0.0815347721822542,0.10332129977876219,0.10580377565015522,0.006572264548428131,0.3166547103948654,0.3100824458464373,2.9307036846023724,1199.9999999999998,0.9999999999999998,,,False,13,False,1200,10.0,0.15
30,5,Amanda Kloots,percent,0.1012987012987013,0.10976588835723311,0.10448617144945019,0.008249573411447383,0.2816525412051801,0.2734029677937327,2.6166175617645293,1174.7020537881199,0.9789183781567665,0.21166666666666667,0.22698061895459198,True,11,False,1200,10.0,0.15
30,5,Cody Rigsby,percent,0.08311688311688312,0.12375762917993145,0.12485040840242508,0.011918700555499125,0.32583643448385874,0.3139177339283596,2.5143307387973537,1174.7020537881199,0.9789183781567665,0.21166666666666667,0.22698061895459198,True,11,False,1200,10.0,0.15
30,5,Iman Shumpert,percent,0.07272727272727272,0.1303498629551196,0.1319637337448836,0.01257136911599805,0.3272817089694917,0.31471033985349367,2.3848063866964404,1174.7020537881199,0.9789183781567665,0.21166666666666667,0.22698061895459198,True,11,False,1200,10.0,0.15
30,5,Jimmie Allen,percent,0.08831168831168831,0.11697279178003069,0.11958594855859922,0.01001384316440022,0.3224960467277452,0.31248220356334494,2.613012601540079,1174.7020537881199,0.9789183781567665,0.21166666666666667,0.22698061895459198,True,11,False,1200,10.0,0.15
30,5,JoJo Siwa,percent,0.1038961038961039,0.11234973735953876,0.10950235778646525,0.008049783008731423,0.28840903985024485,0.2803592568415134,2.5602799997076087,1174.7020537881199,0.9789183781567665,0.21166666666666667,0.22698061895459198,True,11,False,1200,10.0,0.15
30,5,Kenya Moore,percent,0.09350649350649351,0.015726425037747283,0.016719737084909016,6.957648318864461e-10,0.0819665687530478,0.08196656805728296,4.902090598102899,1174.7020537881199,0.9789183781567665,0.21166666666666667,0.22698061895459198,True,11,False,1200,10.0,0.15
30,5,Melanie C,percent,0.09350649350649351,0.010574223274766165,0.006879046166674137,1.3378289823251828e-15,0.040905284979639016,0.04090528497963768,5.945495711609676,1174.7020537881199,0.9789183781567665,0.21166666666666667,0.22698061895459198,True,11,True,1200,10.0,0.15
30,5,Melora Hardin,percent,0.09350649350649351,0.10908871049930216,0.11065776351273329,0.0065201736129753,0.29254496811364655,0.28602479450067125,2.5847459832474895,1174.7020537881199,0.9789183781567665,0.21166666666666667,0.22698061895459198,True,11,False,1200,10.0,0.15
30,5,"Mike ""The Miz"" Mizanin",percent,0.08311688311688312,0.029207892522082547,0.03082186025078284,8.472525950639551e-06,0.13276246603157235,0.13275399350562173,4.306997871887962,1174.7020537881199,0.9789183781567665,0.21166666666666667,0.22698061895459198,True,11,False,1200,10.0,0.15
30,5,Olivia Jade,percent,0.09350649350649351,0.11843954839676152,0.11946228380405251,0.010821971760904053,0.31055321333557684,0.2997312415746728,2.5089821075595204,1174.7020537881199,0.9789183781567665,0.21166666666666667,0.22698061895459198,True,11,False,1200,10.0,0.15
30,5,Suni Lee,percent,0.09350649350649351,0.12376729063748666,0.12507068923902526,0.01191276029614125,0.3237898324221838,0.31187707212604254,2.4935864704762434,1174.7020537881199,0.9789183781567665,0.21166666666666667,0.22698061895459198,True,11,False,1200,10.0,0.15
30,6,Amanda Kloots,percent,0.1043956043956044,0.11462956611889408,0.11311332101222278,0.008896621504141581,0.3048748305928412,0.29597820908869965,2.6166289682870234,1169.4830144115776,0.9745691786763147,0.7716666666666666,0.820855450988041,True,10,False,1200,10.0,0.15
30,6,Cody Rigsby,percent,0.0989010989010989,0.1226716271806767,0.12623660814746857,0.012530586226054284,0.3242012162552438,0.3116706300291895,2.468920590329162,1169.4830144115776,0.9745691786763147,0.7716666666666666,0.820855450988041,True,10,False,1200,10.0,0.15
30,6,Iman Shumpert,percent,0.10989010989010989,0.11833265441694737,0.11720529437073947,0.012634769008405934,0.30272142555577547,0.29008665654736954,2.475009197285821,1169.4830144115776,0.9745691786763147,0.7716666666666666,0.820855450988041,True,10,False,1200,10.0,0.15
30,6,Jimmie Allen,percent,0.1043956043956044,0.11580352867155598,0.12013292886197006,0.012410209439194676,0.31110189146703465,0.29869168202783997,2.4863224307849525,1169.4830144115776,0.9745691786763147,0.7716666666666666,0.820855450988041,True,10,False,1200,10.0,0.15
30,6,JoJo Siwa,percent,0.10989010989010989,0.11593849097288501,0.1115814501685378,0.008072693932210783,0.29237336549201626,0.2843006715598055,2.5478977306053814,1169.4830144115776,0.9745691786763147,0.7716666666666666,0.820855450988041,True,10,False,1200,10.0,0.15
30,6,Kenya Moore,percent,0.08791208791208792,0.01702081186747251,0.009478029294684102,6.828441550385114e-10,0.050538366468193326,0.05053836578534917,5.3315971724753926,1169.4830144115776,0.9745691786763147,0.7716666666666666,0.820855450988041,True,10,True,1200,10.0,0.15
30,6,Melora Hardin,percent,0.09340659340659341,0.11542979848581153,0.11935143828634967,0.012067240880803612,0.3165153228604096,0.304448081979606,2.550832528860248,1169.4830144115776,0.9745691786763147,0.7716666666666666,0.820855450988041,True,10,False,1200,10.0,0.15
30,6,"Mike ""The Miz"" Mizanin",percent,0.09340659340659341,0.02961314272665045,0.030073435043110004,2.8372307482506437e-06,0.13299990490175953,0.13299706767101127,4.422263210609525,1169.4830144115776,0.9745691786763147,0.7716666666666666,0.820855450988041,True,10,False,1200,10.0,0.15
30,6,Olivia Jade,percent,0.0989010989010989,0.12252444365084782,0.12339642306869714,0.012342194875017917,0.3180147480734607,0.3056725531984428,2.477138870463044,1169.4830144115776,0.9745691786763147,0.7716666666666666,0.820855450988041,True,10,False,1200,10.0,0.15
30,6,Suni Lee,percent,0.0989010989010989,0.12803593590825849,0.1294310717462201,0.011820822960912358,0.32160370035044644,0.3097828773895341,2.3934012120035537,1169.4830144115776,0.9745691786763147,0.7716666666666666,0.820855450988041,True,10,False,1200,10.0,0.15
30,7,Amanda Kloots,percent,0.10397553516819572,0.12174626932854675,0.1193216417102616,0.010511162038898764,0.312209297158776,0.3016981351198772,2.5284231960976733,1142.3572851487493,0.9519644042906243,0.7175,0.7968108482029365,True,9,False,1200,10.0,0.15
30,7,Cody Rigsby,percent,0.11009174311926606,0.12421345224171021,0.12111345284468183,0.011917484920054636,0.2983212071845903,0.2864037222645357,2.3647361279980528,1142.3572851487493,0.9519644042906243,0.7175,0.7968108482029365,True,9,False,1200,10.0,0.15
30,7,Iman Shumpert,percent,0.10397553516819572,0.1285510869169083,0.13199108675712787,0.015987339061666293,0.32348593313168217,0.3074985940700159,2.329674464771732,1142.3572851487493,0.9519644042906243,0.7175,0.7968108482029365,True,9,False,1200,10.0,0.15
30,7,Jimmie Allen,percent,0.1162079510703364,0.11695964944006704,0.11907313682547221,0.007134556188364456,0.3241027265797089,0.31696817039134445,2.6619396859951787,1142.3572851487493,0.9519644042906243,0.7175,0.7968108482029365,True,9,False,1200,10.0,0.15
30,7,JoJo Siwa,percent,0.11926605504587157,0.11827497204021842,0.12158839862916285,0.011053159466195658,0.325747738639412,0.3146945791732163,2.5881744849566,1142.3572851487493,0.9519644042906243,0.7175,0.7968108482029365,True,9,False,1200,10.0,0.15
30,7,Melora Hardin,percent,0.1162079510703364,0.11143148967720556,0.10920704874426146,0.007485734286097918,0.29320480290290113,0.2857190686168032,2.616282150465735,1142.3572851487493,0.9519644042906243,0.7175,0.7968108482029365,True,9,False,1200,10.0,0.15
30,7,"Mike ""The Miz"" Mizanin",percent,0.09785932721712538,0.030827735323858508,0.01886428592321206,2.1620267054217165e-06,0.0852538555303344,0.08525169350362899,4.518971716126197,1142.3572851487493,0.9519644042906243,0.7175,0.7968108482029365,True,9,True,1200,10.0,0.15
30,7,Olivia Jade,percent,0.12844036697247707,0.11504827795223926,0.12105137967572341,0.009960668777884192,0.32446510824676605,0.31450443946888185,2.5980855585935623,1142.3572851487493,0.9519644042906243,0.7175,0.7968108482029365,True,9,False,1200,10.0,0.15
30,7,Suni Lee,percent,0.10397553516819572,0.13294706707924606,0.13778956889009655,0.014048518102885153,0.34439134383126946,0.3303428257283843,2.3974269675297575,1142.3572851487493,0.9519644042906243,0.7175,0.7968108482029365,True,9,False,1200,10.0,0.15
30,8,Amanda Kloots,percent,0.13636363636363635,0.11557253896062926,0.108894725975066,0.007511931769454722,0.2833321882978607,0.275820256528406,2.532884133501814,1199.9999999999998,0.9999999999999998,,,False,8,False,1200,10.0,0.15
30,8,Cody Rigsby,percent,0.12337662337662338,0.1275505433330471,0.13086613528084978,0.01213732197462951,0.3492767620079392,0.3371394400333097,2.5761963789440756,1199.9999999999998,0.9999999999999998,,,False,8,False,1200,10.0,0.15
30,8,Iman Shumpert,percent,0.11363636363636363,0.13398657790198015,0.13426751228519038,0.014775306799905928,0.33703854742523587,0.32226324062532996,2.4001401009108756,1199.9999999999998,0.9999999999999998,,,False,8,False,1200,10.0,0.15
30,8,Jimmie Allen,percent,0.1038961038961039,0.1334321808397242,0.13076499007824627,0.01299517800181148,0.33403917901991836,0.3210440010181069,2.4551032024917503,1199.9999999999998,0.9999999999999998,,,False,8,True,1200,10.0,0.15
30,8,JoJo Siwa,percent,0.1331168831168831,0.1211702099894801,0.12747062684219596,0.010063416137409758,0.31680528040746764,0.3067418642700579,2.406354040258624,1199.9999999999998,0.9999999999999998,,,False,8,False,1200,10.0,0.15
30,8,Melora Hardin,percent,0.13636363636363635,0.11123761716505931,0.1068952038176178,0.008858892545823565,0.2843114620554147,0.2754525695095911,2.576822746479919,1199.9999999999998,0.9999999999999998,,,False,8,False,1200,10.0,0.15
30,8,Olivia Jade,percent,0.11688311688311688,0.13084498544128734,0.1339881070187766,0.01341021094855749,0.3433301733741847,0.3299199624256272,2.4622894335686096,1199.9999999999998,0.9999999999999998,,,False,8,True,1200,10.0,0.15
30,8,Suni Lee,percent,0.13636363636363635,0.12620534636879258,0.1268526987020575,0.011205004637844237,0.3364611583754755,0.3252561537376313,2.5640257798202915,1199.9999999999998,0.9999999999999998,,,False,8,False,1200,10.0,0.15
30,9,Amanda Kloots,percent,0.1747787610619469,0.1561605315565453,0.15761887757678722,0.025214590177727057,0.3655979921105056,0.34038340193277855,2.159520786120107,1199.9999999999998,0.9999999999999998,,,False,6,False,1200,10.0,0.15
30,9,Cody Rigsby,percent,0.1570796460176991,0.17571702745061818,0.17306071170232737,0.02921736728625235,0.3919702849788187,0.36275291769256635,2.096089967701897,1199.9999999999998,0.9999999999999998,,,False,6,False,1200,10.0,0.15
30,9,Iman Shumpert,percent,0.16592920353982302,0.1709995557006645,0.1735959049184026,0.02681759438699547,0.40111077883500146,0.37429318444800597,2.1561051714829738,1199.9999999999998,0.9999999999999998,,,False,6,False,1200,10.0,0.15
30,9,JoJo Siwa,percent,0.17699115044247787,0.16008974148095984,0.15590066794099045,0.02143037187026066,0.3747984396526556,0.35336806778239493,2.266608641519772,1199.9999999999998,0.9999999999999998,,,False,6,False,1200,10.0,0.15
30,9,Melora Hardin,percent,0.1592920353982301,0.16018602452584949,0.158653001595954,0.022811009464184094,0.3856344096486554,0.36282340018447135,2.2868846454215377,1199.9999999999998,0.9999999999999998,,,False,6,True,1200,10.0,0.15
30,9,Suni Lee,percent,0.16592920353982302,0.17684711928536268,0.18117083626553815,0.031173418510951473,0.3927652133073264,0.36159179479637493,1.9958499193351478,1199.9999999999998,0.9999999999999998,,,False,6,True,1200,10.0,0.15
30,10,Amanda Kloots,percent,0.2484076433121019,0.24328543722763588,0.24597151344334547,0.06171166887149292,0.4801694879728354,0.41845781910134244,1.7012381312179634,1199.9999999999998,0.9999999999999998,,,False,4,True,1200,10.0,0.15
30,10,Cody Rigsby,percent,0.24203821656050956,0.2612919514259044,0.26498324413313945,0.08483787045996471,0.49595093092898945,0.41111306046902474,1.551462283404533,1199.9999999999998,0.9999999999999998,,,False,4,True,1200,10.0,0.15
30,10,Iman Shumpert,percent,0.25477707006369427,0.25024282252622054,0.24526259027731914,0.06059988564763509,0.47779271892527075,0.4171928332776357,1.7009978236309613,1199.9999999999998,0.9999999999999998,,,False,4,True,1200,10.0,0.15
30,10,JoJo Siwa,percent,0.25477707006369427,0.24517978882023908,0.24378265214619607,0.06101419978626348,0.4760875403573701,0.4150733405711066,1.7026299217233354,1199.9999999999998,0.9999999999999998,,,False,4,True,1200,10.0,0.15
31,1,Charli D'Amelio,percent,0.08376963350785341,0.08793165912260036,0.09048351117985126,0.0034128610011791623,0.26558275492532557,0.2621698939241464,2.8974007872247354,1186.2022255565898,0.9885018546304916,0.8541666666666666,0.8797382575994652,True,16,False,1200,10.0,0.15
31,1,Cheryl Ladd,percent,0.0549738219895288,0.0056714381239816375,0.006449287436212866,4.803960153100244e-25,0.04369106946002606,0.04369106946002606,6.773507365693185,1186.2022255565898,0.9885018546304916,0.8541666666666666,0.8797382575994652,True,16,False,1200,10.0,0.15
31,1,Daniel Durant,percent,0.07068062827225131,0.09538754362728818,0.09648694527194111,0.004509078892777469,0.27098568596436945,0.266476607071592,2.7617606149717018,1186.2022255565898,0.9885018546304916,0.8541666666666666,0.8797382575994652,True,16,False,1200,10.0,0.15
31,1,Gabby Windey,percent,0.07329842931937172,0.0917938537535271,0.0885226668965601,0.004628618478740732,0.2616478054041895,0.2570191869254488,2.9033951703082486,1186.2022255565898,0.9885018546304916,0.8541666666666666,0.8797382575994652,True,16,False,1200,10.0,0.15
31,1,Heidi D'Amelio,percent,0.06282722513089005,0.09204638896796714,0.08891097415733626,0.005095410893234733,0.2564280598681322,0.2513326489748975,2.8267581656678313,1186.2022255565898,0.9885018546304916,0.8541666666666666,0.8797382575994652,True,16,False,1200,10.0,0.15
31,1,Jason Lewis,percent,0.04712041884816754,0.005963590618497728,0.0037855226241025443,1.2086938136902609e-23,0.021685634413414107,0.021685634413414107,5.727057927866967,1186.2022255565898,0.9885018546304916,0.8541666666666666,0.8797382575994652,True,16,True,1200,10.0,0.15
31,1,Jessie James Decker,percent,0.05235602094240838,0.015074574065671222,0.016484157074700884,1.343829819202902e-10,0.08470022489959723,0.08470022476521426,5.137968924493921,1186.2022255565898,0.9885018546304916,0.8541666666666666,0.8797382575994652,True,16,False,1200,10.0,0.15
31,1,Jordin Sparks,percent,0.06806282722513089,0.02481248523824138,0.023801515291319804,4.890676899564095e-07,0.11266812995353755,0.11266764088584759,4.733434240327312,1186.2022255565898,0.9885018546304916,0.8541666666666666,0.8797382575994652,True,16,False,1200,10.0,0.15
31,1,Joseph Baena,percent,0.060209424083769635,0.09908594193710286,0.09522179636276304,0.006221009643810312,0.2624399745087688,0.2562189648649585,2.690731365301021,1186.2022255565898,0.9885018546304916,0.8541666666666666,0.8797382575994652,True,16,False,1200,10.0,0.15
31,1,Sam Champion,percent,0.05235602094240838,0.008954777337312432,0.011247073947558585,2.0835109088480722e-15,0.06812572631611843,0.06812572631611635,6.056657044907068,1186.2022255565898,0.9885018546304916,0.8541666666666666,0.8797382575994652,True,16,False,1200,10.0,0.15
31,1,Selma Blair,percent,0.07329842931937172,0.07911209380742931,0.0768801816210366,0.001963675800882444,0.24307851794781912,0.24111484214693668,3.1362010450807336,1186.2022255565898,0.9885018546304916,0.8541666666666666,0.8797382575994652,True,16,False,1200,10.0,0.15
31,1,Shangela,percent,0.07329842931937172,0.09111751302486205,0.09044081623562544,0.0029955400377709913,0.2670358498882441,0.2640403098504731,2.919449440981775,1186.2022255565898,0.9885018546304916,0.8541666666666666,0.8797382575994652,True,16,False,1200,10.0,0.15
31,1,Teresa Giudice,percent,0.05235602094240838,0.006703676807032131,0.006330897004039233,3.87243618208645e-22,0.03603973149532784,0.03603973149532784,5.691774751285031,1186.2022255565898,0.9885018546304916,0.8541666666666666,0.8797382575994652,True,16,False,1200,10.0,0.15
31,1,Trevor Donovan,percent,0.0549738219895288,0.09992349906455676,0.10052557722970576,0.006209058503175089,0.28231150545646655,0.27610244695329145,2.746561701015547,1186.2022255565898,0.9885018546304916,0.8541666666666666,0.8797382575994652,True,16,False,1200,10.0,0.15
31,1,Vinny Guadagnino,percent,0.04450261780104712,0.11212096968082234,0.11607746089654085,0.01000411452861292,0.30552680986012426,0.2955226953315113,2.5458874372473517,1186.2022255565898,0.9885018546304916,0.8541666666666666,0.8797382575994652,True,16,False,1200,10.0,0.15
31,1,Wayne Brady,percent,0.07591623036649214,0.08429999482310735,0.08835161677070573,0.0032458062855286645,0.268494024636795,0.26524821835126633,3.002154639512751,1186.2022255565898,0.9885018546304916,0.8541666666666666,0.8797382575994652,True,16,False,1200,10.0,0.15
31,2,Charli D'Amelio,percent,0.07766990291262135,0.09202342258440435,0.09094840009435805,0.0048087767556886625,0.2552720674722214,0.2504632907165328,2.7538751267922876,1185.213226330627,0.987677688608856,0.1325,0.13785346255287806,True,15,False,1200,10.0,0.15
31,2,Cheryl Ladd,percent,0.050970873786407765,0.005884395587687505,0.00666108188318583,1.0773406809153737e-22,0.04251134801690466,0.04251134801690466,6.381090590344949,1185.213226330627,0.987677688608856,0.1325,0.13785346255287806,True,15,False,1200,10.0,0.15
31,2,Daniel Durant,percent,0.0703883495145631,0.09747063248591402,0.0950092854634924,0.004509596284611862,0.2642135747160901,0.25970397843147824,2.733430145636908,1185.213226330627,0.987677688608856,0.1325,0.13785346255287806,True,15,False,1200,10.0,0.15
31,2,Gabby Windey,percent,0.07766990291262135,0.09201680611855058,0.0932709897818625,0.004238888848479987,0.2666521786587269,0.2624132898102469,2.8134200891817502,1185.213226330627,0.987677688608856,0.1325,0.13785346255287806,True,15,False,1200,10.0,0.15
31,2,Heidi D'Amelio,percent,0.06796116504854369,0.09198111901816777,0.09288286438098953,0.0038698281299444763,0.2677805024349897,0.2639106743050452,2.84129731319684,1185.213226330627,0.987677688608856,0.1325,0.13785346255287806,True,15,False,1200,10.0,0.15
31,2,Jessie James Decker,percent,0.06067961165048544,0.014867600355113674,0.014124909732122385,1.1373565506692862e-10,0.07968339946903082,0.07968339935529516,5.640939299937245,1185.213226330627,0.987677688608856,0.1325,0.13785346255287806,True,15,False,1200,10.0,0.15
31,2,Jordin Sparks,percent,0.06553398058252427,0.025588596495747417,0.02868739369702994,7.796973009374459e-07,0.13165562779386086,0.13165484809655992,4.589132786133994,1185.213226330627,0.987677688608856,0.1325,0.13785346255287806,True,15,False,1200,10.0,0.15
31,2,Joseph Baena,percent,0.05825242718446602,0.1019452578259067,0.09788096738950791,0.0055506358547004735,0.27298843015410684,0.2674377942994064,2.732247843314941,1185.213226330627,0.987677688608856,0.1325,0.13785346255287806,True,15,False,1200,10.0,0.15
31,2,Sam Champion,percent,0.06310679611650485,0.008744120508341143,0.01010386205536244,3.561015017658844e-18,0.06600442552840657,0.06600442552840657,6.531947211825559,1185.213226330627,0.987677688608856,0.1325,0.13785346255287806,True,15,False,1200,10.0,0.15
31,2,Selma Blair,percent,0.06796116504854369,0.08253428139333724,0.08338097851640079,0.002826416706653398,0.256522209855069,0.2536957931484156,3.0425734392775894,1185.213226330627,0.987677688608856,0.1325,0.13785346255287806,True,15,False,1200,10.0,0.15
31,2,Shangela,percent,0.06796116504854369,0.09505902445409443,0.0950865103290125,0.005966911354580255,0.27025358841075486,0.2642866770561746,2.7794047413978524,1185.213226330627,0.987677688608856,0.1325,0.13785346255287806,True,15,False,1200,10.0,0.15
31,2,Teresa Giudice,percent,0.055825242718446605,0.00674493655248611,0.0043576915446933775,4.339039236143659e-22,0.028105321707865786,0.028105321707865786,6.448109809945938,1185.213226330627,0.987677688608856,0.1325,0.13785346255287806,True,15,True,1200,10.0,0.15
31,2,Trevor Donovan,percent,0.07281553398058252,0.09476891822064519,0.09549861590420558,0.004971014863631143,0.27097226067695773,0.26600124581332657,2.7853645618862903,1185.213226330627,0.987677688608856,0.1325,0.13785346255287806,True,15,False,1200,10.0,0.15
31,2,Vinny Guadagnino,percent,0.06553398058252427,0.10495159189279447,0.10566022999570392,0.005212858770435622,0.29820496683374065,0.292992108063305,2.7729386462302,1185.213226330627,0.987677688608856,0.1325,0.13785346255287806,True,15,False,1200,10.0,0.15
31,2,Wayne Brady,percent,0.07766990291262135,0.08541929650680942,0.08644621923207285,0.0030091488548994964,0.2652635906651309,0.2622544418102314,3.033694364490699,1185.213226330627,0.987677688608856,0.1325,0.13785346255287806,True,15,False,1200,10.0,0.15
31,3,Charli D'Amelio,percent,0.08188585607940446,0.09246153208109824,0.09175913521487307,0.004105381119006068,0.26217318403033557,0.2580678029113295,2.8124174218686226,1187.5802241142471,0.9896501867618727,0.8416666666666667,0.8652156288401396,True,14,False,1200,10.0,0.15
31,3,Cheryl Ladd,percent,0.05955334987593052,0.005807200120241645,0.003540015590098651,8.289766720683982e-27,0.01946029285361244,0.01946029285361244,5.495681213047211,1187.5802241142471,0.9896501867618727,0.8416666666666667,0.8652156288401396,True,14,True,1200,10.0,0.15
31,3,Daniel Durant,percent,0.07692307692307693,0.097005330980256,0.09670992745378298,0.004448394368578695,0.28041070523909156,0.2759623108705129,2.853476004584818,1187.5802241142471,0.9896501867618727,0.8416666666666667,0.8652156288401396,True,14,False,1200,10.0,0.15
31,3,Gabby Windey,percent,0.08188585607940446,0.09245488411525846,0.09173974165213925,0.003674281126241673,0.252424910637156,0.2487506295109143,2.7114521316398563,1187.5802241142471,0.9896501867618727,0.8416666666666667,0.8652156288401396,True,14,False,1200,10.0,0.15
31,3,Heidi D'Amelio,percent,0.0794044665012407,0.08971286674370495,0.08994141815245871,0.004180390759626447,0.26530141550114283,0.2611210247415164,2.9032021831890034,1187.5802241142471,0.9896501867618727,0.8416666666666667,0.8652156288401396,True,14,False,1200,10.0,0.15
31,3,Jessie James Decker,percent,0.06451612903225806,0.014961708249105662,0.015599679700971507,2.655370996371608e-10,0.07745682140539789,0.07745682113986078,4.964964515939475,1187.5802241142471,0.9896501867618727,0.8416666666666667,0.8652156288401396,True,14,False,1200,10.0,0.15
31,3,Jordin Sparks,percent,0.07196029776674938,0.025477797617119727,0.02633443001905309,4.0889460863212427e-07,0.1261316679520681,0.12613125905745945,4.789413309986065,1187.5802241142471,0.9896501867618727,0.8416666666666667,0.8652156288401396,True,14,False,1200,10.0,0.15
31,3,Joseph Baena,percent,0.07196029776674938,0.09850969814455471,0.09812763937600784,0.005666756240235044,0.28940072556889496,0.2837339693286599,2.891449133840044,1187.5802241142471,0.9896501867618727,0.8416666666666667,0.8652156288401396,True,14,False,1200,10.0,0.15
31,3,Sam Champion,percent,0.062034739454094295,0.008978880864839979,0.008303884235094894,2.777924030860154e-16,0.0494689218954885,0.049468921895488224,5.956605835207404,1187.5802241142471,0.9896501867618727,0.8416666666666667,0.8652156288401396,True,14,False,1200,10.0,0.15
31,3,Selma Blair,percent,0.06947890818858561,0.08385241278011671,0.08126502465289616,0.0029556182065806056,0.2395269160564331,0.23657129784985248,2.9110726021150533,1187.5802241142471,0.9896501867618727,0.8416666666666667,0.8652156288401396,True,14,False,1200,10.0,0.15
31,3,Shangela,percent,0.07444168734491315,0.09462632430787264,0.09379824572051389,0.005178184209628043,0.28140652932799365,0.2762283451183656,2.944888767457908,1187.5802241142471,0.9896501867618727,0.8416666666666667,0.8652156288401396,True,14,False,1200,10.0,0.15
31,3,Trevor Donovan,percent,0.06699751861042183,0.0992310004887063,0.09724701466148433,0.0046963056996259175,0.2683488556746558,0.26365254997502985,2.7111355526669794,1187.5802241142471,0.9896501867618727,0.8416666666666667,0.8652156288401396,True,14,False,1200,10.0,0.15
31,3,Vinny Guadagnino,percent,0.05707196029776675,0.11109439874184873,0.11720199947729357,0.009843784645299497,0.31322803668622823,0.3033842520409287,2.5885365851895723,1187.5802241142471,0.9896501867618727,0.8416666666666667,0.8652156288401396,True,14,False,1200,10.0,0.15
31,3,Wayne Brady,percent,0.08188585607940446,0.08582596476527615,0.08843184409333164,0.003533073420635145,0.27343265963080654,0.2698995862101714,3.0520287906303287,1187.5802241142471,0.9896501867618727,0.8416666666666667,0.8652156288401396,True,14,False,1200,10.0,0.15
31,4,Charli D'Amelio,percent,0.08780487804878048,0.09229197155443493,0.09688830663947742,0.00425491293768482,0.28269096824847295,0.27843605531078813,2.873754235303194,1179.8275746811278,0.9831896455676065,0.8616666666666667,0.8966417007567342,True,13,False,1200,10.0,0.15
31,4,Daniel Durant,percent,0.07073170731707316,0.10177128930962827,0.10234665876588989,0.005489488109603075,0.2767002851795685,0.2712107970699654,2.649897421594501,1179.8275746811278,0.9831896455676065,0.8616666666666667,0.8966417007567342,True,13,False,1200,10.0,0.15
31,4,Gabby Windey,percent,0.08780487804878048,0.09228533577996342,0.09275812982536885,0.004830217507194312,0.2647180184925844,0.2598878009853901,2.801749018933907,1179.8275746811278,0.9831896455676065,0.8616666666666667,0.8966417007567342,True,13,False,1200,10.0,0.15
31,4,Heidi D'Amelio,percent,0.08292682926829269,0.09043520896539346,0.09069533964492893,0.004488505672938505,0.2666544539022262,0.2621659482292877,2.8905901743736586,1179.8275746811278,0.9831896455676065,0.8616666666666667,0.8966417007567342,True,13,False,1200,10.0,0.15
31,4,Jessie James Decker,percent,0.07560975609756097,0.014619858449868508,0.014653169851593286,7.673469010768958e-11,0.08698306562765777,0.08698306555092308,5.93572112455526,1179.8275746811278,0.9831896455676065,0.8616666666666667,0.8966417007567342,True,13,False,1200,10.0,0.15
31,4,Jordin Sparks,percent,0.08292682926829269,0.024908687135348984,0.027032662217591978,4.0737195234632405e-07,0.1300581291856017,0.13005772181364936,4.810954607881989,1179.8275746811278,0.9831896455676065,0.8616666666666667,0.8966417007567342,True,13,False,1200,10.0,0.15
31,4,Joseph Baena,percent,0.06829268292682927,0.1022825910222889,0.09972488070366281,0.006859010190988202,0.28195340656607554,0.2750943963750873,2.7585055597807666,1179.8275746811278,0.9831896455676065,0.8616666666666667,0.8966417007567342,True,13,False,1200,10.0,0.15
31,4,Sam Champion,percent,0.06097560975609756,0.009223307495633814,0.006234735301074162,2.229434393183608e-15,0.035358149808525564,0.03535814980852334,5.670245464465526,1179.8275746811278,0.9831896455676065,0.8616666666666667,0.8966417007567342,True,13,True,1200,10.0,0.15
31,4,Selma Blair,percent,0.07804878048780488,0.08279125986822782,0.08439330053865658,0.003303295007260203,0.26257170305056377,0.2592684080433036,3.0721080261166023,1179.8275746811278,0.9831896455676065,0.8616666666666667,0.8966417007567342,True,13,False,1200,10.0,0.15
31,4,Shangela,percent,0.07804878048780488,0.09535499992896869,0.09698464364675893,0.004893722026651056,0.285808549937121,0.28091482791046996,2.8964578400244245,1179.8275746811278,0.9831896455676065,0.8616666666666667,0.8966417007567342,True,13,False,1200,10.0,0.15
31,4,Trevor Donovan,percent,0.06829268292682927,0.10095028076904916,0.10036632279812685,0.005825025434031557,0.2880254854087452,0.2822004599747136,2.8116766703274094,1179.8275746811278,0.9831896455676065,0.8616666666666667,0.8966417007567342,True,13,False,1200,10.0,0.15
31,4,Vinny Guadagnino,percent,0.07073170731707316,0.10741663685133039,0.10134040292572785,0.00608190417058253,0.2902316387696701,0.2841497345990876,2.8038859379846777,1179.8275746811278,0.9831896455676065,0.8616666666666667,0.8966417007567342,True,13,False,1200,10.0,0.15
31,4,Wayne Brady,percent,0.08780487804878048,0.08566857286986364,0.08658144714114249,0.003509064339844001,0.2647077101207287,0.2611986457808847,3.0167621083184604,1179.8275746811278,0.9831896455676065,0.8616666666666667,0.8966417007567342,True,13,False,1200,10.0,0.15
31,5,Charli D'Amelio,percent,0.09364548494983277,0.09307286044301574,0.09355803810863428,0.003855132771300212,0.27248370260550264,0.2686285698342024,2.871219876398147,1199.9999999999998,0.9999999999999998,,,False,12,False,1200,10.0,0.15
31,5,Daniel Durant,percent,0.07469342251950947,0.10342838767323304,0.10144286677604668,0.0068754669483685705,0.2883856446263891,0.28151017767802056,2.7750339830745867,1199.9999999999998,0.9999999999999998,,,False,12,False,1200,10.0,0.15
31,5,Gabby Windey,percent,0.09141583054626533,0.09392334901032987,0.0990996977231077,0.004811422208140393,0.2969914085916965,0.2921799863835561,2.9483141198452665,1199.9999999999998,0.9999999999999998,,,False,12,False,1200,10.0,0.15
31,5,Heidi D'Amelio,percent,0.08695652173913043,0.0918820402467525,0.08788357950271031,0.0036168849994952313,0.2628185332876903,0.25920164828819503,2.949341622328652,1199.9999999999998,0.9999999999999998,,,False,12,False,1200,10.0,0.15
31,5,Jessie James Decker,percent,0.0802675585284281,0.0148154404638154,0.015292335909268604,1.0947475987080521e-10,0.08265873365941348,0.08265873354993872,5.404885764644912,1199.9999999999998,0.9999999999999998,,,False,12,False,1200,10.0,0.15
31,5,Jordin Sparks,percent,0.07915273132664437,0.026132441950884256,0.02610116290161491,1.1634226183807284e-06,0.12499077831054692,0.12498961488792854,4.788477313510122,1199.9999999999998,0.9999999999999998,,,False,12,False,1200,10.0,0.15
31,5,Joseph Baena,percent,0.07803790412486064,0.10150512415249041,0.1059308956820113,0.005235038682972762,0.3053518240237649,0.3001167853407921,2.833110683128803,1199.9999999999998,0.9999999999999998,,,False,12,True,1200,10.0,0.15
31,5,Selma Blair,percent,0.08918617614269789,0.08169295028955653,0.07779970184725368,0.0025929351281261687,0.22792312262143474,0.22533018749330858,2.8962487759519178,1199.9999999999998,0.9999999999999998,,,False,12,True,1200,10.0,0.15
31,5,Shangela,percent,0.0858416945373467,0.09539292419809184,0.09476023887114046,0.004025061220788593,0.28861231842536195,0.28458725720457334,3.003203214676886,1199.9999999999998,0.9999999999999998,,,False,12,False,1200,10.0,0.15
31,5,Trevor Donovan,percent,0.0802675585284281,0.09926863308588955,0.09916114020977052,0.005332435813637214,0.2845194029144146,0.27918696710077734,2.8154592721594853,1199.9999999999998,0.9999999999999998,,,False,12,False,1200,10.0,0.15
31,5,Vinny Guadagnino,percent,0.06911928651059086,0.1116967062363219,0.11110369993766347,0.009103265237742776,0.2813379042924058,0.272234639054663,2.450253132472373,1199.9999999999998,0.9999999999999998,,,False,12,False,1200,10.0,0.15
31,5,Wayne Brady,percent,0.09141583054626533,0.08718914224961896,0.08786664253077803,0.004106991090890681,0.26222146054510576,0.25811446945421507,2.937537209602539,1199.9999999999998,0.9999999999999998,,,False,12,False,1200,10.0,0.15
31,6,Charli D'Amelio,percent,0.11594202898550725,0.11145959192858788,0.11528335642047041,0.009464414636756164,0.30014039148177085,0.29067597684501467,2.5213826565058652,1160.6095073201998,0.9671745894334998,0.7,0.7590309498112138,True,10,False,1200,10.0,0.15
31,6,Daniel Durant,percent,0.09855072463768116,0.12306850565818749,0.12467243146541065,0.01144081125771541,0.3190406840153876,0.3075998727576722,2.4672447781547793,1160.6095073201998,0.9671745894334998,0.7,0.7590309498112138,True,10,False,1200,10.0,0.15
31,6,Gabby Windey,percent,0.1072463768115942,0.1155087778558936,0.11414792137811576,0.009372310452421283,0.3055014976200195,0.29612918716759823,2.594235526647483,1160.6095073201998,0.9671745894334998,0.7,0.7590309498112138,True,10,False,1200,10.0,0.15
31,6,Heidi D'Amelio,percent,0.10434782608695652,0.11227545782383548,0.11318913902729394,0.009933162153185699,0.2991848308037105,0.2892516686505248,2.5554493627821815,1160.6095073201998,0.9671745894334998,0.7,0.7590309498112138,True,10,False,1200,10.0,0.15
31,6,Jessie James Decker,percent,0.0927536231884058,0.01847262395015636,0.011332498418315295,3.608093038712883e-09,0.06481429107868683,0.0648142874705938,5.718824415756025,1160.6095073201998,0.9671745894334998,0.7,0.7590309498112138,True,10,True,1200,10.0,0.15
31,6,Jordin Sparks,percent,0.09855072463768116,0.031670187694489725,0.03164301491634126,4.041968974354719e-06,0.14020287853589716,0.1401988365669228,4.430500900014519,1160.6095073201998,0.9671745894334998,0.7,0.7590309498112138,True,10,False,1200,10.0,0.15
31,6,Shangela,percent,0.10434782608695652,0.11603245975690482,0.1187609762200513,0.01066321668912658,0.30414096104320804,0.29347774435408147,2.47114231082096,1160.6095073201998,0.9671745894334998,0.7,0.7590309498112138,True,10,False,1200,10.0,0.15
31,6,Trevor Donovan,percent,0.09855072463768116,0.12085748491567794,0.12734454209334928,0.013710749034855028,0.3218593816383264,0.30814863260347136,2.419783429698594,1160.6095073201998,0.9671745894334998,0.7,0.7590309498112138,True,10,False,1200,10.0,0.15
31,6,Vinny Guadagnino,percent,0.08115942028985507,0.13952458369697907,0.1332961098295406,0.01500278387591297,0.33387132126035035,0.3188685373844374,2.3921639245757405,1160.6095073201998,0.9671745894334998,0.7,0.7590309498112138,True,10,False,1200,10.0,0.15
31,6,Wayne Brady,percent,0.09855072463768116,0.11113032671928773,0.11033001023111133,0.007504428670874145,0.29325616530073734,0.2857517366298632,2.589949426106917,1160.6095073201998,0.9671745894334998,0.7,0.7590309498112138,True,10,False,1200,10.0,0.15
31,7,Charli D'Amelio,percent,0.11981566820276497,0.11678164855642167,0.11672754277394878,0.00929069506983862,0.3023213164336633,0.2930306213638247,2.510359629275031,1146.4131800522653,0.955344316710221,0.61,0.6871651103835306,True,9,False,1200,10.0,0.15
31,7,Daniel Durant,percent,0.11213517665130568,0.1238974680230004,0.1267601427178976,0.013189874298275658,0.3253874948340387,0.31219762053576305,2.4628810836026283,1146.4131800522653,0.955344316710221,0.61,0.6871651103835306,True,9,False,1200,10.0,0.15
31,7,Gabby Windey,percent,0.10906298003072197,0.12205220043542334,0.12440087237943565,0.012106254556397553,0.3200759302406132,0.3079696756842156,2.475603218775386,1146.4131800522653,0.955344316710221,0.61,0.6871651103835306,True,9,False,1200,10.0,0.15
31,7,Heidi D'Amelio,percent,0.10752688172043011,0.1179729340579825,0.11587086228318179,0.00911824952437576,0.3037315492001062,0.29461329967573047,2.5425784471791655,1146.4131800522653,0.955344316710221,0.61,0.6871651103835306,True,9,False,1200,10.0,0.15
31,7,Jordin Sparks,percent,0.10599078341013825,0.03269932960807257,0.02100841278737131,3.9770722674534564e-06,0.0870158795794297,0.08701190250716224,4.141567562491076,1146.4131800522653,0.955344316710221,0.61,0.6871651103835306,True,9,True,1200,10.0,0.15
31,7,Shangela,percent,0.11213517665130568,0.1196320415388633,0.12249485490997752,0.01198545747662087,0.30716503990686705,0.29517958243024617,2.4097107828438302,1146.4131800522653,0.955344316710221,0.61,0.6871651103835306,True,9,False,1200,10.0,0.15
31,7,Trevor Donovan,percent,0.11981566820276497,0.11788896948108114,0.12141229832067933,0.011130004528633488,0.30853435444314636,0.29740434991451287,2.4495203905012306,1146.4131800522653,0.955344316710221,0.61,0.6871651103835306,True,9,False,1200,10.0,0.15
31,7,Vinny Guadagnino,percent,0.0967741935483871,0.13929658679778673,0.14236826349329107,0.01848303973545329,0.3417782142932633,0.32329517455781004,2.27082143030855,1146.4131800522653,0.955344316710221,0.61,0.6871651103835306,True,9,False,1200,10.0,0.15
31,7,Wayne Brady,percent,0.11674347158218126,0.10977882150136835,0.10895675033421717,0.008092921710245766,0.3008462628220385,0.29275334111179274,2.686851923922811,1146.4131800522653,0.955344316710221,0.61,0.6871651103835306,True,9,False,1200,10.0,0.15
31,8,Charli D'Amelio,percent,0.14331210191082802,0.11540938576494411,0.11890736560706286,0.008691171380597308,0.3360909550795562,0.3273997836989589,2.75337888993331,1199.9999999999998,0.9999999999999998,,,False,8,False,1200,10.0,0.15
31,8,Daniel Durant,percent,0.12420382165605096,0.1283325422999277,0.12580520038391224,0.013472680735612013,0.3220433162617086,0.3085706355260966,2.4527458470604584,1199.9999999999998,0.9999999999999998,,,False,8,False,1200,10.0,0.15
31,8,Gabby Windey,percent,0.12738853503184713,0.1232101082254348,0.12635994763913377,0.010150559272593193,0.323437497433575,0.31328693816098185,2.47930190469668,1199.9999999999998,0.9999999999999998,,,False,8,False,1200,10.0,0.15
31,8,Heidi D'Amelio,percent,0.11146496815286625,0.12635032562140816,0.12390806606606118,0.012634433250023289,0.32004474526102505,0.3074103120110018,2.480934783634866,1199.9999999999998,0.9999999999999998,,,False,8,True,1200,10.0,0.15
31,8,Shangela,percent,0.1337579617834395,0.11914066476666785,0.1222201907077963,0.01059440873001076,0.32390417465998106,0.3133097659299703,2.563465174210455,1199.9999999999998,0.9999999999999998,,,False,8,False,1200,10.0,0.15
31,8,Trevor Donovan,percent,0.12420382165605096,0.1260269490740523,0.125657973679245,0.014253020862281224,0.32234228928465797,0.3080892684223767,2.4517888329153497,1199.9999999999998,0.9999999999999998,,,False,8,False,1200,10.0,0.15
31,8,Vinny Guadagnino,percent,0.09235668789808917,0.15440307476595325,0.151129370696579,0.01829295278406088,0.36479798881920483,0.34650503603514393,2.2927558136598116,1199.9999999999998,0.9999999999999998,,,False,8,True,1200,10.0,0.15
31,8,Wayne Brady,percent,0.14331210191082802,0.10712694948161194,0.10601188522020998,0.007663118177076831,0.29373361199094694,0.2860704938138701,2.698450223476556,1199.9999999999998,0.9999999999999998,,,False,8,False,1200,10.0,0.15
31,9,Charli D'Amelio,percent,0.18181818181818182,0.15745021005178922,0.15936447776577295,0.02212406015811492,0.36758413785901267,0.34546007770089776,2.1677221600567527,1199.9999999999998,0.9999999999999998,,,False,6,False,1200,10.0,0.15
31,9,Daniel Durant,percent,0.15681818181818183,0.1793743721621131,0.18110394953146713,0.031230573619217807,0.40353302527200563,0.3723024516527878,2.0557276464059306,1199.9999999999998,0.9999999999999998,,,False,6,True,1200,10.0,0.15
31,9,Gabby Windey,percent,0.18181818181818182,0.1574388894128777,0.15378888346962796,0.022662166664665414,0.3588224086729619,0.3361602420082965,2.185841060700751,1199.9999999999998,0.9999999999999998,,,False,6,False,1200,10.0,0.15
31,9,Shangela,percent,0.16590909090909092,0.16684410128177724,0.16506123393811803,0.027860003354604892,0.4061543258627506,0.3782943225081457,2.291828442416262,1199.9999999999998,0.9999999999999998,,,False,6,False,1200,10.0,0.15
31,9,Trevor Donovan,percent,0.14772727272727273,0.18286123091991033,0.18356213730874885,0.0334359579964735,0.41598573632425945,0.3825497783277859,2.084022881371581,1199.9999999999998,0.9999999999999998,,,False,6,True,1200,10.0,0.15
31,9,Wayne Brady,percent,0.16590909090909092,0.15603119617153244,0.15711931798626552,0.020515997756187856,0.37424141760423546,0.3537254198480476,2.2513028510989144,1199.9999999999998,0.9999999999999998,,,False,6,False,1200,10.0,0.15
31,10,Charli D'Amelio,percent,0.2564102564102564,0.24846576390329284,0.24856551016807713,0.06732529517649553,0.4762644056584868,0.4089391104819913,1.6451898938657201,1199.9999999999998,0.9999999999999998,,,False,4,True,1200,10.0,0.15
31,10,Gabby Windey,percent,0.2564102564102564,0.24844789926408983,0.24593454783363228,0.06632676491343564,0.49757197789759156,0.4312452129841559,1.753488736308587,1199.9999999999998,0.9999999999999998,,,False,4,True,1200,10.0,0.15
31,10,Shangela,percent,0.24358974358974358,0.2599672021924113,0.2635305771050602,0.07659950452206067,0.5006178327432227,0.42401832822116203,1.6089848999466267,1199.9999999999998,0.9999999999999998,,,False,4,True,1200,10.0,0.15
31,10,Wayne Brady,percent,0.24358974358974358,0.24311913464020604,0.2419693648932299,0.06167191415018586,0.4754463305106864,0.41377441636050055,1.7100210455238172,1199.9999999999998,0.9999999999999998,,,False,4,True,1200,10.0,0.15
32,1,Adrian Peterson,percent,0.07792207792207792,0.011901214253366677,0.010478332391037144,3.200684045855814e-13,0.06538714745321138,0.06538714745289131,6.239629111184241,1190.7838194052556,0.9923198495043797,0.6425,0.657492447788967,True,14,False,1200,10.0,0.15
32,1,Alyson Hannigan,percent,0.05627705627705628,0.1643386007682201,0.1640147854605087,0.025798511875049005,0.37532379762199575,0.34952528574694675,2.131046623138018,1190.7838194052556,0.9923198495043797,0.6425,0.657492447788967,True,14,False,1200,10.0,0.15
32,1,Ariana Madix,percent,0.09090909090909091,0.13899951068526648,0.13574279636687517,0.01739246589345996,0.34002449444606203,0.3226320285526021,2.3767718097453496,1190.7838194052556,0.9923198495043797,0.6425,0.657492447788967,True,14,False,1200,10.0,0.15
32,1,Barry Williams,percent,0.06926406926406926,0.04291336821048627,0.043496874238600096,8.414226750189984e-05,0.17092829310206958,0.1708441508345677,3.9276436797217156,1190.7838194052556,0.9923198495043797,0.6425,0.657492447788967,True,14,False,1200,10.0,0.15
32,1,Charity Lawson,percent,0.09523809523809523,0.1399444360316476,0.14033190734525972,0.014797723399190542,0.33793441601302276,0.3231366926138322,2.3026437542466223,1190.7838194052556,0.9923198495043797,0.6425,0.657492447788967,True,14,False,1200,10.0,0.15
32,1,Harry Jowsey,percent,0.05194805194805195,0.11768765947716622,0.11689053107616498,0.009506147762612051,0.31509669631839016,0.3055905485557781,2.614308716314609,1190.7838194052556,0.9923198495043797,0.6425,0.657492447788967,True,14,False,1200,10.0,0.15
32,1,Jamie Lynn Spears,percent,0.06493506493506493,0.0112247240527238,0.0115941757244053,1.0374761548427896e-13,0.06683839657595579,0.06683839657585204,5.764328041633029,1190.7838194052556,0.9923198495043797,0.6425,0.657492447788967,True,14,False,1200,10.0,0.15
32,1,Jason Mraz,percent,0.09090909090909091,0.13553781465629872,0.13796457042026905,0.01518369848217187,0.3573772960294142,0.3421935975472423,2.4802825553133028,1190.7838194052556,0.9923198495043797,0.6425,0.657492447788967,True,14,False,1200,10.0,0.15
32,1,Lele Pons,percent,0.08225108225108226,0.03394313109493808,0.033752029596178804,6.574128681143079e-06,0.15489302552252485,0.15488645139384372,4.588816270625333,1190.7838194052556,0.9923198495043797,0.6425,0.657492447788967,True,14,False,1200,10.0,0.15
32,1,Matt Walsh,percent,0.05194805194805195,0.0054878936935570865,0.002947944170118981,4.022771584839607e-26,0.015512282974415238,0.015512282974415238,5.260283708182024,1190.7838194052556,0.9923198495043797,0.6425,0.657492447788967,True,14,True,1200,10.0,0.15
32,1,Mauricio Umansky,percent,0.06493506493506493,0.023847496108678597,0.02347088304274641,3.1948644112408447e-07,0.11568964373519107,0.11568932424874995,4.928847167398518,1190.7838194052556,0.9923198495043797,0.6425,0.657492447788967,True,14,False,1200,10.0,0.15
32,1,Mira Sorvino,percent,0.0735930735930736,0.014047272815902297,0.013689859851617919,7.570036092589885e-11,0.07093998995266924,0.07093998987696888,5.181558400700855,1190.7838194052556,0.9923198495043797,0.6425,0.657492447788967,True,14,False,1200,10.0,0.15
32,1,Tyson Beckford,percent,0.05194805194805195,0.009778124476166394,0.009085371486719914,6.655947409566305e-15,0.05187186236207624,0.05187186236206959,5.708754307248205,1190.7838194052556,0.9923198495043797,0.6425,0.657492447788967,True,14,False,1200,10.0,0.15
32,1,Xochitl Gomez,percent,0.07792207792207792,0.1503487536755817,0.15653993882949793,0.024299965317203194,0.3710479988043464,0.3467480334871432,2.2150629482605573,1190.7838194052556,0.9923198495043797,0.6425,0.657492447788967,True,14,False,1200,10.0,0.15
32,2,Adrian Peterson,percent,0.06302521008403361,0.013117255042995993,0.013460260485682912,4.0442430618322426e-12,0.07783201785105079,0.07783201784700655,5.781926434733724,1175.586165422444,0.9796551378520367,0.05416666666666667,0.059235862080700065,True,13,False,1200,10.0,0.15
32,2,Alyson Hannigan,percent,0.07983193277310924,0.15464070957002107,0.15305659567046587,0.01996039434682295,0.3482246751362915,0.32826428078946857,2.1447108152425445,1175.586165422444,0.9796551378520367,0.05416666666666667,0.059235862080700065,True,13,False,1200,10.0,0.15
32,2,Ariana Madix,percent,0.08403361344537816,0.14823142914312532,0.14990717699131118,0.02234792774238538,0.352362116360168,0.33001418861778264,2.201442211100403,1175.586165422444,0.9796551378520367,0.05416666666666667,0.059235862080700065,True,13,False,1200,10.0,0.15
32,2,Barry Williams,percent,0.06302521008403361,0.045643900424731494,0.042708250993671815,0.00011609797898524134,0.1589592578165256,0.15884315983754035,3.719174561527103,1175.586165422444,0.9796551378520367,0.05416666666666667,0.059235862080700065,True,13,False,1200,10.0,0.15
32,2,Charity Lawson,percent,0.08823529411764706,0.14931726836852585,0.1495786413929937,0.019627971362658404,0.35412738665800303,0.3344994152953446,2.236262984589643,1175.586165422444,0.9796551378520367,0.05416666666666667,0.059235862080700065,True,13,False,1200,10.0,0.15
32,2,Harry Jowsey,percent,0.06302521008403361,0.1165730035647703,0.11676297160738529,0.008539483181197656,0.29703410648346046,0.2884946233022628,2.4707503464537477,1175.586165422444,0.9796551378520367,0.05416666666666667,0.059235862080700065,True,13,False,1200,10.0,0.15
32,2,Jamie Lynn Spears,percent,0.06722689075630252,0.011527407664938292,0.007169311629650773,8.164830793458248e-15,0.04274109784121752,0.04274109784120935,5.960842435978064,1175.586165422444,0.9796551378520367,0.05416666666666667,0.059235862080700065,True,13,True,1200,10.0,0.15
32,2,Jason Mraz,percent,0.10084033613445378,0.13488818786771678,0.13957724044223152,0.014904417643219292,0.3408727562704268,0.3259683386272075,2.3353807699139097,1175.586165422444,0.9796551378520367,0.05416666666666667,0.059235862080700065,True,13,False,1200,10.0,0.15
32,2,Lele Pons,percent,0.08823529411764706,0.03433317658563432,0.032824606297595156,5.5118045092546415e-06,0.14415061415738914,0.1441451023528799,4.391239602585501,1175.586165422444,0.9796551378520367,0.05416666666666667,0.059235862080700065,True,13,False,1200,10.0,0.15
32,2,Mauricio Umansky,percent,0.05042016806722689,0.026242931615528153,0.02678862060503994,1.2117310543799396e-06,0.12259049357724387,0.12258928184618949,4.575999177200991,1175.586165422444,0.9796551378520367,0.05416666666666667,0.059235862080700065,True,13,False,1200,10.0,0.15
32,2,Mira Sorvino,percent,0.07563025210084033,0.014441182198495462,0.01428308910194859,1.2610406462299212e-10,0.08126728605336082,0.08126728592725677,5.689357252481052,1175.586165422444,0.9796551378520367,0.05416666666666667,0.059235862080700065,True,13,False,1200,10.0,0.15
32,2,Tyson Beckford,percent,0.07563025210084033,0.009196285272320692,0.010468958433423829,2.5845101487079105e-16,0.060103925330713084,0.06010392533071283,5.740607826946069,1175.586165422444,0.9796551378520367,0.05416666666666667,0.059235862080700065,True,13,False,1200,10.0,0.15
32,2,Xochitl Gomez,percent,0.10084033613445378,0.14184726268119602,0.14341427634859955,0.01599016643787854,0.34962573678408143,0.3336355703462029,2.326360056199556,1175.586165422444,0.9796551378520367,0.05416666666666667,0.059235862080700065,True,13,False,1200,10.0,0.15
32,3,Adrian Peterson,percent,0.06811145510835913,0.013348741613231956,0.014033509996960155,2.93690649329073e-11,0.07394869111192431,0.07394869108255525,5.269061128501985,1177.9245821608285,0.9816038184673571,0.7941666666666667,0.8328377384245337,True,12,False,1200,10.0,0.15
32,3,Alyson Hannigan,percent,0.07430340557275542,0.16439066221473372,0.16587614036394818,0.024912306599473678,0.37903159004923154,0.35411928344975785,2.1348287212619583,1177.9245821608285,0.9816038184673571,0.7941666666666667,0.8328377384245337,True,12,False,1200,10.0,0.15
32,3,Ariana Madix,percent,0.10526315789473684,0.14115908132607244,0.14200187553479598,0.016919894768688028,0.3448744217100133,0.32795452694132526,2.3094921543399605,1177.9245821608285,0.9816038184673571,0.7941666666666667,0.8328377384245337,True,12,False,1200,10.0,0.15
32,3,Barry Williams,percent,0.07739938080495357,0.04470886649519313,0.04683739157002026,8.527156374892525e-05,0.17736133515011043,0.1772760635863615,3.7848452443407594,1177.9245821608285,0.9816038184673571,0.7941666666666667,0.8328377384245337,True,12,False,1200,10.0,0.15
32,3,Charity Lawson,percent,0.09907120743034056,0.14840194584161062,0.14537186252790008,0.015335379992288867,0.3450835032614298,0.32974812326914094,2.268292152573218,1177.9245821608285,0.9816038184673571,0.7941666666666667,0.8328377384245337,True,12,False,1200,10.0,0.15
32,3,Harry Jowsey,percent,0.07430340557275542,0.11564789026627367,0.11146456561229195,0.008900253124007898,0.288770822167845,0.2798705690438371,2.5108253612358125,1177.9245821608285,0.9816038184673571,0.7941666666666667,0.8328377384245337,True,12,False,1200,10.0,0.15
32,3,Jason Mraz,percent,0.10526315789473684,0.1376436025386281,0.13632443224047752,0.017625501047114293,0.34359153404384113,0.32596603299672683,2.3910874709109597,1177.9245821608285,0.9816038184673571,0.7941666666666667,0.8328377384245337,True,12,False,1200,10.0,0.15
32,3,Lele Pons,percent,0.08359133126934984,0.036365338635875,0.03577207248325083,1.9105051728520882e-05,0.15146769547071592,0.1514485904189874,4.233591914418214,1177.9245821608285,0.9816038184673571,0.7941666666666667,0.8328377384245337,True,12,False,1200,10.0,0.15
32,3,Mauricio Umansky,percent,0.07120743034055728,0.02503633231022067,0.02554750599769224,2.2155195802991144e-07,0.11996595972078035,0.11996573816882232,4.695606787326768,1177.9245821608285,0.9816038184673571,0.7941666666666667,0.8328377384245337,True,12,False,1200,10.0,0.15
32,3,Mira Sorvino,percent,0.0804953560371517,0.014709402326899386,0.01520268342600687,5.545731213157992e-11,0.08048208384841957,0.08048208379296226,5.293591134322918,1177.9245821608285,0.9816038184673571,0.7941666666666667,0.8328377384245337,True,12,False,1200,10.0,0.15
32,3,Tyson Beckford,percent,0.06191950464396285,0.010110616132216416,0.006630484914175295,5.155695589404739e-14,0.039082631031070555,0.039082631031019,5.893496183257079,1177.9245821608285,0.9816038184673571,0.7941666666666667,0.8328377384245337,True,12,True,1200,10.0,0.15
32,3,Xochitl Gomez,percent,0.09907120743034056,0.1484775202990449,0.15493747533248053,0.019928845713244946,0.35889300407249836,0.3389641583592534,2.187733922331909,1177.9245821608285,0.9816038184673571,0.7941666666666667,0.8328377384245337,True,12,False,1200,10.0,0.15
32,4,Adrian Peterson,percent,0.0875,0.012636343002596782,0.00880451086466973,4.33889623781548e-12,0.04910468278888874,0.049104682784549845,5.576585338344436,1167.2277762171086,0.9726898135142572,0.12916666666666668,0.14130623199437287,True,11,True,1200,10.0,0.15
32,4,Alyson Hannigan,percent,0.075,0.16804997900621088,0.17021238303236058,0.028794686855562704,0.3836470145715387,0.354852327715976,2.0847498674561464,1167.2277762171086,0.9726898135142572,0.12916666666666668,0.14130623199437287,True,11,False,1200,10.0,0.15
32,4,Ariana Madix,percent,0.10416666666666667,0.14536914896469527,0.14509732740901832,0.015938772682258778,0.3578774358776938,0.341938663195435,2.356599619729196,1167.2277762171086,0.9726898135142572,0.12916666666666668,0.14130623199437287,True,11,False,1200,10.0,0.15
32,4,Barry Williams,percent,0.075,0.04628963911069303,0.048714099777929704,0.0001370736507742233,0.18251424565137894,0.18237717200060471,3.743750353216569,1167.2277762171086,0.9726898135142572,0.12916666666666668,0.14130623199437287,True,11,False,1200,10.0,0.15
32,4,Charity Lawson,percent,0.1,0.15156057759935576,0.14954615422339626,0.017435742898786463,0.35787572416205327,0.3404399812632668,2.2764724814135304,1167.2277762171086,0.9726898135142572,0.12916666666666668,0.14130623199437287,True,11,False,1200,10.0,0.15
32,4,Harry Jowsey,percent,0.0875,0.11229913980165528,0.11252074731399145,0.008175587752526149,0.2986654982333225,0.29048991048079637,2.5816334834384107,1167.2277762171086,0.9726898135142572,0.12916666666666668,0.14130623199437287,True,11,False,1200,10.0,0.15
32,4,Jason Mraz,percent,0.1,0.14419836064427388,0.14494475480445065,0.020386661609783203,0.34831666122381155,0.32792999961402836,2.262432591119661,1167.2277762171086,0.9726898135142572,0.12916666666666668,0.14130623199437287,True,11,False,1200,10.0,0.15
32,4,Lele Pons,percent,0.09166666666666666,0.036063837511050946,0.0385359150640114,2.2089167072290747e-05,0.16826761302780102,0.16824552386072872,4.365827508020971,1167.2277762171086,0.9726898135142572,0.12916666666666668,0.14130623199437287,True,11,False,1200,10.0,0.15
32,4,Mauricio Umansky,percent,0.07916666666666666,0.024840614755275083,0.02611876222062502,5.844817823544469e-07,0.1074437988921781,0.10744321441039575,4.113483633689248,1167.2277762171086,0.9726898135142572,0.12916666666666668,0.14130623199437287,True,11,False,1200,10.0,0.15
32,4,Mira Sorvino,percent,0.0875,0.014651813361335123,0.014615097714026342,2.507058716845258e-10,0.0831904020407299,0.08319040179002403,5.69169715595089,1167.2277762171086,0.9726898135142572,0.12916666666666668,0.14130623199437287,True,11,False,1200,10.0,0.15
32,4,Xochitl Gomez,percent,0.1125,0.144040546242858,0.1408902475755204,0.018417634317589464,0.35112084005134603,0.33270320573375656,2.361418551251179,1167.2277762171086,0.9726898135142572,0.12916666666666668,0.14130623199437287,True,11,False,1200,10.0,0.15
32,5,Alyson Hannigan,percent,0.0875,0.16634349413311403,0.16563979464676049,0.025735102588920734,0.3870272044117366,0.36129210182281585,2.181178269479413,1171.861301395577,0.9765510844963141,0.69,0.7375963193321682,True,10,False,1200,10.0,0.15
32,5,Ariana Madix,percent,0.1,0.15410015486307088,0.1502625902511227,0.022052298692737938,0.36029892976754185,0.3382466310748039,2.2510218909951587,1171.861301395577,0.9765510844963141,0.69,0.7375963193321682,True,10,False,1200,10.0,0.15
32,5,Barry Williams,percent,0.1,0.043523974754496715,0.04293813852021464,0.00015639777376886678,0.17281375004320504,0.17265735226943618,4.020978487683295,1171.861301395577,0.9765510844963141,0.69,0.7375963193321682,True,10,False,1200,10.0,0.15
32,5,Charity Lawson,percent,0.11666666666666667,0.14747307689153877,0.14911993708484314,0.01896994987510762,0.35145843118484305,0.3324884813097354,2.2296565982586625,1171.861301395577,0.9765510844963141,0.69,0.7375963193321682,True,10,False,1200,10.0,0.15
32,5,Harry Jowsey,percent,0.075,0.12319383978543857,0.12879402299149761,0.015003979253194568,0.33163876361786887,0.3166347843646743,2.4584395965795736,1171.861301395577,0.9765510844963141,0.69,0.7375963193321682,True,10,False,1200,10.0,0.15
32,5,Jason Mraz,percent,0.1125,0.14273408006167573,0.1412419090932199,0.016830309676074955,0.3438973578695897,0.32706704819351473,2.3156351727197255,1171.861301395577,0.9765510844963141,0.69,0.7375963193321682,True,10,False,1200,10.0,0.15
32,5,Lele Pons,percent,0.1,0.0363145078155201,0.038524696780660644,1.437729729308634e-05,0.1655426880110391,0.16552831071374602,4.296568901950111,1171.861301395577,0.9765510844963141,0.69,0.7375963193321682,True,10,False,1200,10.0,0.15
32,5,Mauricio Umansky,percent,0.1,0.023760083462393625,0.024151020746861797,2.5958524164982214e-07,0.11445798391179877,0.11445772432655713,4.739053743212325,1171.861301395577,0.9765510844963141,0.69,0.7375963193321682,True,10,False,1200,10.0,0.15
32,5,Mira Sorvino,percent,0.09166666666666666,0.015008609915088933,0.009347764716096187,1.440923427764004e-10,0.05508826306929626,0.05508826292520392,5.892571328739934,1171.861301395577,0.9765510844963141,0.69,0.7375963193321682,True,10,True,1200,10.0,0.15
32,5,Xochitl Gomez,percent,0.11666666666666667,0.1475481783176625,0.14998012516872306,0.017063371532762606,0.3670252652384532,0.3499618937056906,2.3333729048371707,1171.861301395577,0.9765510844963141,0.69,0.7375963193321682,True,10,False,1200,10.0,0.15
32,6,Alyson Hannigan,percent,0.09627329192546584,0.17084995787865903,0.17673476368803462,0.028120195664572276,0.40786459941835745,0.37974440375378515,2.1486562528685,1146.7966649886444,0.955663887490537,0.4575,0.5177951944846111,True,9,False,1200,10.0,0.15
32,6,Ariana Madix,percent,0.12732919254658384,0.14664756359007852,0.1491659667490917,0.018246747455721034,0.3507422186733304,0.33249547121760936,2.229015434609513,1146.7966649886444,0.955663887490537,0.4575,0.5177951944846111,True,9,False,1200,10.0,0.15
32,6,Barry Williams,percent,0.09937888198757763,0.04646374596313979,0.04609353088714885,0.00017796423491427027,0.1638425103231312,0.16366454608821696,3.5506283053169465,1146.7966649886444,0.955663887490537,0.4575,0.5177951944846111,True,9,False,1200,10.0,0.15
32,6,Charity Lawson,percent,0.11801242236024845,0.15616580808750036,0.1597323029400653,0.02256315277701955,0.3802203444005727,0.35765719162355314,2.2390896891285865,1146.7966649886444,0.955663887490537,0.4575,0.5177951944846111,True,9,False,1200,10.0,0.15
32,6,Harry Jowsey,percent,0.09006211180124224,0.12330123369403853,0.12329778152374982,0.00990283190304082,0.327509184843099,0.3176063529400582,2.575908285670129,1146.7966649886444,0.955663887490537,0.4575,0.5177951944846111,True,9,False,1200,10.0,0.15
32,6,Jason Mraz,percent,0.12111801242236025,0.14669456916010626,0.1435385210832182,0.018749371785084575,0.3339080127887411,0.31515864100365654,2.1956227708251914,1146.7966649886444,0.955663887490537,0.4575,0.5177951944846111,True,9,False,1200,10.0,0.15
32,6,Lele Pons,percent,0.11490683229813664,0.03636937952924957,0.03988305045183577,3.2442481200602624e-05,0.1732199920184357,0.17318754953723509,4.3422758615346115,1146.7966649886444,0.955663887490537,0.4575,0.5177951944846111,True,9,False,1200,10.0,0.15
32,6,Mauricio Umansky,percent,0.10248447204968944,0.025043074424747982,0.016598713226102062,1.1849158127249325e-07,0.08027783639038408,0.08027771789880281,4.836090648395713,1146.7966649886444,0.955663887490537,0.4575,0.5177951944846111,True,9,True,1200,10.0,0.15
32,6,Xochitl Gomez,percent,0.13043478260869565,0.14846466767247987,0.14495536945075388,0.01898977182479945,0.3551608263576228,0.33617105453282337,2.31911888940507,1146.7966649886444,0.955663887490537,0.4575,0.5177951944846111,True,9,False,1200,10.0,0.15
32,7,Alyson Hannigan,percent,0.12411347517730496,0.16430454097577857,0.1622809371888699,0.02312386328612305,0.35970404711615517,0.33658018383003213,2.0740458837283122,1128.5064756845272,0.9404220630704394,0.2966666666666667,0.35358225244370645,True,8,False,1200,10.0,0.15
32,7,Ariana Madix,percent,0.13120567375886524,0.15563387039149548,0.1529167388728866,0.020462686834963738,0.3680559807086409,0.34759329387367716,2.27307372209195,1128.5064756845272,0.9404220630704394,0.2966666666666667,0.35358225244370645,True,8,False,1200,10.0,0.15
32,7,Barry Williams,percent,0.11524822695035461,0.0469382108722012,0.04952492213490218,0.0002060510927893369,0.17911996344214637,0.17891391234935702,3.6125306634779815,1128.5064756845272,0.9404220630704394,0.2966666666666667,0.35358225244370645,True,8,False,1200,10.0,0.15
32,7,Charity Lawson,percent,0.1276595744680851,0.16184895785142628,0.16558592992314866,0.02642149930990729,0.38494148546582135,0.35851998615591407,2.1651466472765,1128.5064756845272,0.9404220630704394,0.2966666666666667,0.35358225244370645,True,8,False,1200,10.0,0.15
32,7,Harry Jowsey,percent,0.11347517730496454,0.12075582670752169,0.12318858252336251,0.011767460664820628,0.31387338125889414,0.3021059205940735,2.452365812156073,1128.5064756845272,0.9404220630704394,0.2966666666666667,0.35358225244370645,True,8,False,1200,10.0,0.15
32,7,Jason Mraz,percent,0.1276595744680851,0.15398697183547186,0.15913520304815035,0.025409932079810994,0.36139202104733675,0.33598208896752574,2.111286322860591,1128.5064756845272,0.9404220630704394,0.2966666666666667,0.35358225244370645,True,8,False,1200,10.0,0.15
32,7,Lele Pons,percent,0.12943262411347517,0.036944307610793224,0.024677635481782378,1.638251628303308e-05,0.0997845636993978,0.09976818118311476,4.04269438870569,1128.5064756845272,0.9404220630704394,0.2966666666666667,0.35358225244370645,True,8,True,1200,10.0,0.15
32,7,Xochitl Gomez,percent,0.13120567375886524,0.15958731375531163,0.16269005082689794,0.02508715435241221,0.3736909231200142,0.34860376876760196,2.1427347539755814,1128.5064756845272,0.9404220630704394,0.2966666666666667,0.35358225244370645,True,8,False,1200,10.0,0.15
32,8,Alyson Hannigan,percent,0.1422924901185771,0.17084324732163605,0.17836316298634203,0.032332495325162525,0.4040664612070726,0.3717339658819101,2.084129231219923,1114.5972804448893,0.9288310670374077,0.58,0.6804277201097096,True,7,False,1200,10.0,0.15
32,8,Ariana Madix,percent,0.16600790513833993,0.1511355020453472,0.14995033449264308,0.018986804538078685,0.3507064021143162,0.33171959757623753,2.212181696805855,1114.5972804448893,0.9288310670374077,0.58,0.6804277201097096,True,7,False,1200,10.0,0.15
32,8,Barry Williams,percent,0.1383399209486166,0.04783014313098349,0.02956248580497145,6.80193631579529e-05,0.10882861644026777,0.10876059707710982,3.678882720210904,1114.5972804448893,0.9288310670374077,0.58,0.6804277201097096,True,7,True,1200,10.0,0.15
32,8,Charity Lawson,percent,0.1541501976284585,0.1626354518163515,0.16875787114485485,0.027071994784517012,0.3787775262644863,0.3517055314799693,2.0840713681835514,1114.5972804448893,0.9288310670374077,0.58,0.6804277201097096,True,7,False,1200,10.0,0.15
32,8,Harry Jowsey,percent,0.11067193675889328,0.13687578742193215,0.14442955222843376,0.01933594922062668,0.3534161700567291,0.3340802208361024,2.3130855326767397,1114.5972804448893,0.9288310670374077,0.58,0.6804277201097096,True,7,False,1200,10.0,0.15
32,8,Jason Mraz,percent,0.13043478260869565,0.17058485645139201,0.1732814674967074,0.02950103148133127,0.3844193827923431,0.35491835131101185,2.0482069330975783,1114.5972804448893,0.9288310670374077,0.58,0.6804277201097096,True,7,False,1200,10.0,0.15
32,8,Xochitl Gomez,percent,0.15810276679841898,0.16009501181235747,0.1556551258460469,0.02846101187043263,0.3522546184740675,0.3237936066036349,2.0801854398193482,1114.5972804448893,0.9288310670374077,0.58,0.6804277201097096,True,7,False,1200,10.0,0.15
32,9,Alyson Hannigan,percent,0.14479638009049775,0.19479757478828322,0.20510160643671016,0.044226695262244826,0.43368805976383273,0.3894613645015879,1.898861117699967,974.6982431301004,0.8122485359417504,0.37416666666666665,0.5565488804793884,True,6,False,1200,10.0,0.15
32,9,Ariana Madix,percent,0.167420814479638,0.17310136919805916,0.18218429648383994,0.03628789220040439,0.3864063141056588,0.3501184219052544,1.9217710137014834,974.6982431301004,0.8122485359417504,0.37416666666666665,0.5565488804793884,True,6,False,1200,10.0,0.15
32,9,Charity Lawson,percent,0.17194570135746606,0.1741378023454622,0.17897521158825722,0.02901946931297087,0.3954923411726331,0.3664728718596622,2.0476065987068126,974.6982431301004,0.8122485359417504,0.37416666666666665,0.5565488804793884,True,6,False,1200,10.0,0.15
32,9,Harry Jowsey,percent,0.13574660633484162,0.14223460640809418,0.09694662690484548,0.012585266870169734,0.23486288411183603,0.2222776172416663,2.2927597542932405,974.6982431301004,0.8122485359417504,0.37416666666666665,0.5565488804793884,True,6,True,1200,10.0,0.15
32,9,Jason Mraz,percent,0.19457013574660634,0.15096081444992193,0.15937598739094652,0.021163199102483127,0.3684516837398137,0.34728848463733053,2.1790378292534998,974.6982431301004,0.8122485359417504,0.37416666666666665,0.5565488804793884,True,6,False,1200,10.0,0.15
32,9,Xochitl Gomez,percent,0.18552036199095023,0.1647678328101792,0.17741627119540113,0.028098690336030734,0.4054015453879249,0.37730285505189415,2.12664106774783,974.6982431301004,0.8122485359417504,0.37416666666666665,0.5565488804793884,True,6,False,1200,10.0,0.15
32,10,Alyson Hannigan,percent,0.17894736842105263,0.22111665031079342,0.22073276642435977,0.05487246625588912,0.44120844866140535,0.38633598240551625,1.7502350848432808,1199.9999999999998,0.9999999999999998,,,False,5,False,1200,10.0,0.15
32,10,Ariana Madix,percent,0.20350877192982456,0.19493029890008998,0.19250837852653477,0.036568297905510604,0.424649821832576,0.3880815239270654,2.015909702152894,1199.9999999999998,0.9999999999999998,,,False,5,False,1200,10.0,0.15
32,10,Charity Lawson,percent,0.20701754385964913,0.19691848748217272,0.20006302279633148,0.0381223407277464,0.42467956418561886,0.38655722345787247,1.9321676034246007,1199.9999999999998,0.9999999999999998,,,False,5,False,1200,10.0,0.15
32,10,Jason Mraz,percent,0.2,0.1928379695353252,0.19390464930314352,0.03744601399655385,0.42283870735449836,0.3853926933579445,1.9875268964208392,1199.9999999999998,0.9999999999999998,,,False,5,False,1200,10.0,0.15
32,10,Xochitl Gomez,percent,0.21052631578947367,0.1941965937716187,0.1927911829496306,0.035478437159089216,0.4149944741233788,0.3795160369642896,1.9685239886694108,1199.9999999999998,0.9999999999999998,,,False,5,False,1200,10.0,0.15
32,11,Alyson Hannigan,percent,0.18213058419243985,0.21826841053926987,0.21819797589261825,0.04797692929467876,0.4477630767331054,0.3997861474384266,1.8322090917382328,1199.9999999999998,0.9999999999999998,,,False,5,True,1200,10.0,0.15
32,11,Ariana Madix,percent,0.2027491408934708,0.19556447034515087,0.19543555892021827,0.035851768037518945,0.42727565737031176,0.3914238893327928,2.0028181599972865,1199.9999999999998,0.9999999999999998,,,False,5,True,1200,10.0,0.15
32,11,Charity Lawson,percent,0.2027491408934708,0.20043016886605092,0.20428341594438088,0.04545164150313366,0.43551674287990166,0.390065101376768,1.9094217225212535,1199.9999999999998,0.9999999999999998,,,False,5,True,1200,10.0,0.15
32,11,Jason Mraz,percent,0.20618556701030927,0.1880184056996413,0.18102899249357218,0.037501967164029995,0.3932157578266383,0.35571379066260833,1.9649439618423374,1199.9999999999998,0.9999999999999998,,,False,5,True,1200,10.0,0.15
32,11,Xochitl Gomez,percent,0.20618556701030927,0.1977185445498871,0.2010540567492102,0.04663015341561389,0.4274596751943796,0.3808295217787657,1.8941554016907944,1199.9999999999998,0.9999999999999998,,,False,5,True,1200,10.0,0.15
33,1,Anna Delvey,percent,0.0728744939271255,0.04973861733443767,0.04861737280037211,0.00019357294995239752,0.18812825911905567,0.18793468616910328,3.865507530265696,1199.9999999999998,0.9999999999999998,,,False,13,False,1200,10.0,0.15
33,1,Brooks Nader,percent,0.0728744939271255,0.009928389454887455,0.009554667321526045,2.1376631841047146e-15,0.05149218351084089,0.05149218351083875,5.388653850981433,1199.9999999999998,0.9999999999999998,,,False,13,False,1200,10.0,0.15
33,1,Chandler Kinney,percent,0.0931174089068826,0.14414559098368898,0.14330893576846446,0.01972120490194337,0.3413167162500446,0.32159551134810127,2.2440559311092008,1199.9999999999998,0.9999999999999998,,,False,13,False,1200,10.0,0.15
33,1,Danny Amendola,percent,0.08097165991902834,0.14683235423064608,0.1459178146785785,0.017534545153873832,0.35422532941567497,0.33669078426180116,2.307384315062071,1199.9999999999998,0.9999999999999998,,,False,13,False,1200,10.0,0.15
33,1,Dwight Howard,percent,0.08906882591093117,0.07029707768012411,0.07535056048990901,0.0012132268652192205,0.24286318313295568,0.24164995626773647,3.206966845764235,1199.9999999999998,0.9999999999999998,,,False,13,False,1200,10.0,0.15
33,1,Eric Roberts,percent,0.06072874493927125,0.023893105218752042,0.024542434568253967,1.6633394666953714e-07,0.1357209797591188,0.13572081342517212,5.5298215515737965,1199.9999999999998,0.9999999999999998,,,False,13,False,1200,10.0,0.15
33,1,Ilona Maher,percent,0.0728744939271255,0.15924262066211067,0.15950595331545464,0.02054637940563125,0.3738415514366339,0.35329517203100264,2.2149201943083683,1199.9999999999998,0.9999999999999998,,,False,13,False,1200,10.0,0.15
33,1,Jenn Tran,percent,0.07692307692307693,0.031783685949801646,0.03318003104788205,5.791705106532476e-06,0.1501003877763833,0.15009459607127676,4.523506091618492,1199.9999999999998,0.9999999999999998,,,False,13,False,1200,10.0,0.15
33,1,Joey Graziadei,percent,0.08502024291497975,0.1474578069599503,0.14542072374104775,0.016313754711779236,0.36006493664870054,0.3437511819369213,2.3638227707232966,1199.9999999999998,0.9999999999999998,,,False,13,False,1200,10.0,0.15
33,1,Phaedra Parks,percent,0.07692307692307693,0.010971291956937346,0.011703221337149905,3.827068829263165e-14,0.07215222616696519,0.07215222616692692,6.164632749887547,1199.9999999999998,0.9999999999999998,,,False,13,False,1200,10.0,0.15
33,1,Reginald VelJohnson,percent,0.06477732793522267,0.020546499622343305,0.01923247615987795,3.168119787830736e-08,0.0982784037898285,0.09827837210863062,5.109756098777636,1199.9999999999998,0.9999999999999998,,,False,13,False,1200,10.0,0.15
33,1,Stephen Nedoroscik,percent,0.08502024291497975,0.1513557425959713,0.14739886801116298,0.021950827860604146,0.3666771221100936,0.3447262942494895,2.338715080961826,1199.9999999999998,0.9999999999999998,,,False,13,False,1200,10.0,0.15
33,1,Tori Spelling,percent,0.06882591093117409,0.03380721735034908,0.036266940760320665,6.961899956470938e-06,0.1479631106883552,0.14795614878839872,4.079529901247433,1199.9999999999998,0.9999999999999998,,,False,13,False,1200,10.0,0.15
33,2,Anna Delvey,percent,0.06589147286821706,0.05135342739714307,0.051075744869928025,0.0002514404622013671,0.1820190785363376,0.1817676380741362,3.558716173809146,1199.9999999999998,0.9999999999999998,,,False,13,True,1200,10.0,0.15
33,2,Brooks Nader,percent,0.07751937984496124,0.009772131872596594,0.010197045387329289,8.985376607694506e-15,0.05634431989605568,0.05634431989604669,5.525011681753498,1199.9999999999998,0.9999999999999998,,,False,13,False,1200,10.0,0.15
33,2,Chandler Kinney,percent,0.09302325581395349,0.14466880435912255,0.1440306064627916,0.014665312018270716,0.34450302660373466,0.32983771458546396,2.2900370459359736,1199.9999999999998,0.9999999999999998,,,False,13,False,1200,10.0,0.15
33,2,Danny Amendola,percent,0.08139534883720931,0.14705186088227756,0.15018265048984464,0.019316724014572694,0.35891876373415826,0.3396020397195856,2.261245073028434,1199.9999999999998,0.9999999999999998,,,False,13,False,1200,10.0,0.15
33,2,Dwight Howard,percent,0.08527131782945736,0.07163483784572837,0.06966116612370313,0.0013226243722925036,0.23315243556979703,0.23182981119750454,3.3279156261927163,1199.9999999999998,0.9999999999999998,,,False,13,False,1200,10.0,0.15
33,2,Eric Roberts,percent,0.05813953488372093,0.02422712153282753,0.024660503273021474,2.800299340496072e-07,0.12510276171655904,0.125102481686625,5.072784100046376,1199.9999999999998,0.9999999999999998,,,False,13,False,1200,10.0,0.15
33,2,Ilona Maher,percent,0.08139534883720931,0.15425814104058055,0.1575567272261273,0.02194085146514915,0.3752461774416624,0.35330532597651326,2.2423865347425864,1199.9999999999998,0.9999999999999998,,,False,13,False,1200,10.0,0.15
33,2,Jenn Tran,percent,0.07364341085271318,0.03231963929519417,0.032491171910838876,9.809165293225261e-06,0.15348449860823307,0.15347468944293985,4.723435843688341,1199.9999999999998,0.9999999999999998,,,False,13,False,1200,10.0,0.15
33,2,Joey Graziadei,percent,0.08527131782945736,0.14778310557460894,0.1436324898203151,0.017009247125962922,0.35376636795213956,0.33675712082617665,2.3445585096307164,1199.9999999999998,0.9999999999999998,,,False,13,False,1200,10.0,0.15
33,2,Phaedra Parks,percent,0.08139534883720931,0.010806288107667556,0.010120553295236147,1.2682907346545647e-13,0.060228787292968516,0.06022878729284169,5.950547859209438,1199.9999999999998,0.9999999999999998,,,False,13,False,1200,10.0,0.15
33,2,Reginald VelJohnson,percent,0.05813953488372093,0.02118346792337476,0.018349049031317087,6.158429188663346e-08,0.08888275182819154,0.08888269024389965,4.843730395063693,1199.9999999999998,0.9999999999999998,,,False,13,False,1200,10.0,0.15
33,2,Stephen Nedoroscik,percent,0.08527131782945736,0.15168964023355427,0.15748863982017128,0.021641484194620125,0.37333568795223,0.35169420375760985,2.233125964090019,1199.9999999999998,0.9999999999999998,,,False,13,False,1200,10.0,0.15
33,2,Tori Spelling,percent,0.07364341085271318,0.03325153393532405,0.030553652289376294,1.129508169108841e-05,0.13989747659364202,0.13988618151195092,4.578228552140607,1199.9999999999998,0.9999999999999998,,,False,13,True,1200,10.0,0.15
33,3,Brooks Nader,percent,0.0959119496855346,0.010439225352376723,0.01168743465318381,5.1703775681022e-15,0.07065869339008511,0.07065869339007994,6.045180170540051,1199.9999999999998,0.9999999999999998,,,False,11,False,1200,10.0,0.15
33,3,Chandler Kinney,percent,0.10849056603773585,0.1564147837451317,0.15422190048140894,0.025085680465442614,0.37481007997322663,0.349724399507784,2.2676554416763945,1199.9999999999998,0.9999999999999998,,,False,11,False,1200,10.0,0.15
33,3,Danny Amendola,percent,0.09433962264150944,0.16064939346743107,0.16162676247432167,0.02525672496078416,0.3691017857532085,0.34384506079242433,2.127388609039565,1199.9999999999998,0.9999999999999998,,,False,11,False,1200,10.0,0.15
33,3,Dwight Howard,percent,0.08176100628930817,0.08373703536639233,0.08331782811514865,0.002157056174829595,0.25369000982214873,0.25153295364731915,3.0189209250482314,1199.9999999999998,0.9999999999999998,,,False,11,False,1200,10.0,0.15
33,3,Eric Roberts,percent,0.07232704402515723,0.0263323854469437,0.025360893760783924,5.615683657793476e-07,0.1265263347031265,0.1265257731347607,4.9888140975656325,1199.9999999999998,0.9999999999999998,,,False,11,True,1200,10.0,0.15
33,3,Ilona Maher,percent,0.0880503144654088,0.17293709403325067,0.17575696421010928,0.031019818628368567,0.40047444708336477,0.3694546284549962,2.1020647918596334,1199.9999999999998,0.9999999999999998,,,False,11,False,1200,10.0,0.15
33,3,Jenn Tran,percent,0.09748427672955975,0.0337610423910025,0.033619824826840526,5.845397128676182e-06,0.14789416082509224,0.14788831542796357,4.3987116969807305,1199.9999999999998,0.9999999999999998,,,False,11,False,1200,10.0,0.15
33,3,Joey Graziadei,percent,0.11006289308176101,0.15377167541878056,0.15585429549396412,0.019895618721361006,0.3814337618896075,0.36153814316824645,2.319703940904901,1199.9999999999998,0.9999999999999998,,,False,11,False,1200,10.0,0.15
33,3,Phaedra Parks,percent,0.0880503144654088,0.01211480995440284,0.012480447361127195,7.457824133502563e-13,0.07257900052584228,0.0725790005250965,5.814950656374993,1199.9999999999998,0.9999999999999998,,,False,11,False,1200,10.0,0.15
33,3,Reginald VelJohnson,percent,0.0660377358490566,0.023627454920168964,0.02201241487948273,2.2167666210373072e-07,0.1093326333535165,0.1093324116768544,4.9666265899869995,1199.9999999999998,0.9999999999999998,,,False,11,True,1200,10.0,0.15
33,3,Stephen Nedoroscik,percent,0.09748427672955975,0.16621509990411876,0.16406123374362902,0.024379938785415625,0.38558649989800686,0.36120656111259125,2.201643564581894,1199.9999999999998,0.9999999999999998,,,False,11,False,1200,10.0,0.15
33,4,Brooks Nader,percent,0.10884353741496598,0.011097201965760507,0.00702465051482843,2.2664711669052045e-14,0.03641787772975872,0.03641787772973606,5.183559536995472,1175.3499135308348,0.9794582612756957,0.44583333333333336,0.473293298061827,True,9,True,1200,10.0,0.15
33,4,Chandler Kinney,percent,0.10884353741496598,0.17509994595742912,0.1712671535736465,0.029428468004661555,0.3911710911645953,0.3617426231599338,2.112141782414802,1175.3499135308348,0.9794582612756957,0.44583333333333336,0.473293298061827,True,9,False,1200,10.0,0.15
33,4,Danny Amendola,percent,0.12244897959183673,0.16044261169493712,0.1588561231501026,0.028070525983259306,0.3615441353897301,0.3334736094064708,2.0992046361772188,1175.3499135308348,0.9794582612756957,0.44583333333333336,0.473293298061827,True,9,False,1200,10.0,0.15
33,4,Dwight Howard,percent,0.09863945578231292,0.08758191970413513,0.09406932900252084,0.0033158969835441494,0.2756071393722392,0.272291242388695,2.8945496978265943,1175.3499135308348,0.9794582612756957,0.44583333333333336,0.473293298061827,True,9,False,1200,10.0,0.15
33,4,Ilona Maher,percent,0.10884353741496598,0.17798934369708014,0.18021022040756587,0.03432129851592963,0.3904069993309233,0.3560857008149937,1.9759352387141595,1175.3499135308348,0.9794582612756957,0.44583333333333336,0.473293298061827,True,9,False,1200,10.0,0.15
33,4,Jenn Tran,percent,0.10884353741496598,0.036121763019693276,0.036780675795376,1.5887087181213948e-05,0.15949652798716113,0.1594806408999799,4.335872073561938,1175.3499135308348,0.9794582612756957,0.44583333333333336,0.473293298061827,True,9,False,1200,10.0,0.15
33,4,Joey Graziadei,percent,0.12244897959183673,0.16383086493557866,0.161459414671973,0.029608639811646575,0.3706575638810861,0.34104892406943954,2.1122757845154987,1175.3499135308348,0.9794582612756957,0.44583333333333336,0.473293298061827,True,9,False,1200,10.0,0.15
33,4,Phaedra Parks,percent,0.10884353741496598,0.012468736593806885,0.013520866922405471,4.528804836078651e-12,0.0776980644301086,0.07769806442557979,5.746104799836154,1175.3499135308348,0.9794582612756957,0.44583333333333336,0.473293298061827,True,9,False,1200,10.0,0.15
33,4,Stephen Nedoroscik,percent,0.11224489795918367,0.17536761243157914,0.1768115659615816,0.03260431099591687,0.39228299360738905,0.3596786826114722,2.034237106708945,1175.3499135308348,0.9794582612756957,0.44583333333333336,0.473293298061827,True,9,False,1200,10.0,0.15
33,5,Chandler Kinney,percent,0.13366336633663367,0.1688020500891199,0.16515459146182612,0.02664792213019741,0.3703992488758346,0.3437513267456372,2.081378678753916,1172.1268167330275,0.9767723472775228,0.815,0.8579909551916747,True,8,False,1200,10.0,0.15
33,5,Danny Amendola,percent,0.12623762376237624,0.16864329915902487,0.17272122949079838,0.029640375594757795,0.385845655158022,0.3562052795632642,2.0623013066319915,1172.1268167330275,0.9767723472775228,0.815,0.8579909551916747,True,8,False,1200,10.0,0.15
33,5,Dwight Howard,percent,0.1188118811881188,0.0860608311956037,0.08780823332207383,0.0030153016073639206,0.26498602444253877,0.26197072283517486,2.983407472358828,1172.1268167330275,0.9767723472775228,0.815,0.8579909551916747,True,8,False,1200,10.0,0.15
33,5,Ilona Maher,percent,0.12871287128712872,0.17511620666988334,0.17632316220328725,0.030357425742640547,0.39622022365475723,0.3658627979121167,2.0749442012961725,1172.1268167330275,0.9767723472775228,0.815,0.8579909551916747,True,8,False,1200,10.0,0.15
33,5,Jenn Tran,percent,0.12623762376237624,0.03590224413332229,0.03584408392958048,2.2625024780774537e-05,0.14574704819436482,0.14572442316958403,4.0653949494404085,1172.1268167330275,0.9767723472775228,0.815,0.8579909551916747,True,8,False,1200,10.0,0.15
33,5,Joey Graziadei,percent,0.12871287128712872,0.1704608986373487,0.17119607320633984,0.03178498132565776,0.3791201258799964,0.3473351445543386,2.0288614638621985,1172.1268167330275,0.9767723472775228,0.815,0.8579909551916747,True,8,False,1200,10.0,0.15
33,5,Phaedra Parks,percent,0.1188118811881188,0.012777210775823953,0.008399639685405844,3.862034380498845e-12,0.04915509466602453,0.049155094662162495,5.8513513854853265,1172.1268167330275,0.9767723472775228,0.815,0.8579909551916747,True,8,True,1200,10.0,0.15
33,5,Stephen Nedoroscik,percent,0.1188118811881188,0.1822372593398733,0.1825529867006886,0.033579142255348395,0.38298085638129836,0.34940171412594995,1.913963756369896,1172.1268167330275,0.9767723472775228,0.815,0.8579909551916747,True,8,False,1200,10.0,0.15
33,6,Chandler Kinney,percent,0.1553398058252427,0.16580053202869546,0.17187690200323372,0.027916104128377982,0.3827905194349686,0.35487441530659064,2.0646890098758246,1133.615995460741,0.9446799962172842,0.5691666666666667,0.6520932679234599,True,7,False,1200,10.0,0.15
33,6,Danny Amendola,percent,0.13592233009708737,0.17401722068616332,0.17140481160731758,0.030005415605233416,0.3776776000405252,0.3476721844352918,2.0283570386270915,1133.615995460741,0.9446799962172842,0.5691666666666667,0.6520932679234599,True,7,False,1200,10.0,0.15
33,6,Dwight Howard,percent,0.15048543689320387,0.08112613898616026,0.08286686500605348,0.0021151638338679293,0.24280445093592407,0.24068928710205614,2.904494849535147,1133.615995460741,0.9446799962172842,0.5691666666666667,0.6520932679234599,True,7,False,1200,10.0,0.15
33,6,Ilona Maher,percent,0.11650485436893204,0.19771776112174025,0.19798634628699968,0.04035991307555998,0.4290940483355117,0.3887341352599517,1.963429191562819,1133.615995460741,0.9446799962172842,0.5691666666666667,0.6520932679234599,True,7,False,1200,10.0,0.15
33,6,Jenn Tran,percent,0.15048543689320387,0.03489296048712376,0.022976277766188765,1.0594361884253616e-05,0.1006464785072665,0.10063588414538226,4.3798001299122,1133.615995460741,0.9446799962172842,0.5691666666666667,0.6520932679234599,True,7,True,1200,10.0,0.15
33,6,Joey Graziadei,percent,0.1553398058252427,0.16405608446146352,0.16231064546394636,0.027759611098123978,0.3824698441858241,0.3547102330877001,2.1853652710734823,1133.615995460741,0.9446799962172842,0.5691666666666667,0.6520932679234599,True,7,False,1200,10.0,0.15
33,6,Stephen Nedoroscik,percent,0.13592233009708737,0.18238930222865343,0.1905781518662606,0.03578161070863695,0.403523966128484,0.36774235541984707,1.9296043235511469,1133.615995460741,0.9446799962172842,0.5691666666666667,0.6520932679234599,True,7,False,1200,10.0,0.15
33,7,Chandler Kinney,percent,0.1875,0.16874371957900303,0.18151931358492163,0.032533231937103294,0.40372563272640005,0.3711924007892968,2.044908327109295,1058.8482518628298,0.8823735432190248,0.5183333333333333,0.6664220010466344,True,6,False,1200,10.0,0.15
33,7,Danny Amendola,percent,0.159375,0.1835624706326599,0.1867569726606463,0.03756149702527127,0.40738448383833986,0.3698229868130686,1.98022596596219,1058.8482518628298,0.8823735432190248,0.5183333333333333,0.6664220010466344,True,6,False,1200,10.0,0.15
33,7,Dwight Howard,percent,0.15,0.0944281194784341,0.0642912677348124,0.003084573501785162,0.17935015478924005,0.1762655812874549,2.7416295535646844,1058.8482518628298,0.8823735432190248,0.5183333333333333,0.6664220010466344,True,6,True,1200,10.0,0.15
33,7,Ilona Maher,percent,0.1625,0.1900994290364338,0.19186776679968057,0.03903984977455075,0.41657174171353656,0.3775318919389858,1.967656842935493,1058.8482518628298,0.8823735432190248,0.5183333333333333,0.6664220010466344,True,6,False,1200,10.0,0.15
33,7,Joey Graziadei,percent,0.171875,0.1780480793501484,0.18341757884219861,0.0324385866716853,0.40663999437783244,0.3742014077061471,2.040149967730835,1058.8482518628298,0.8823735432190248,0.5183333333333333,0.6664220010466344,True,6,False,1200,10.0,0.15
33,7,Stephen Nedoroscik,percent,0.16875,0.18511818192332077,0.19214710037774066,0.037575657739688434,0.41165235049410603,0.3740766927544176,1.9468144208505138,1058.8482518628298,0.8823735432190248,0.5183333333333333,0.6664220010466344,True,6,False,1200,10.0,0.15
33,8,Chandler Kinney,percent,0.20714285714285716,0.19448905040731107,0.1984485184392036,0.037567072187196834,0.43583052349175333,0.3982634513045565,2.0068753728246875,1199.9999999999998,0.9999999999999998,,,False,5,False,1200,10.0,0.15
33,8,Danny Amendola,percent,0.19285714285714287,0.19986517238421234,0.20293100484052487,0.04047180869025016,0.4333458401770562,0.392874031486806,1.935988518891084,1199.9999999999998,0.9999999999999998,,,False,5,False,1200,10.0,0.15
33,8,Ilona Maher,percent,0.20357142857142857,0.20062314395472375,0.20345803790602948,0.04100695593020271,0.4300692063463926,0.3890622504161899,1.9122387209748037,1199.9999999999998,0.9999999999999998,,,False,5,False,1200,10.0,0.15
33,8,Joey Graziadei,percent,0.20714285714285716,0.1924427605270255,0.19377348726387025,0.039455732672447404,0.4238422568865539,0.3843865242141065,1.9836797384511844,1199.9999999999998,0.9999999999999998,,,False,5,False,1200,10.0,0.15
33,8,Stephen Nedoroscik,percent,0.18928571428571428,0.21257987272672743,0.20138895155037173,0.045109895227636275,0.41687409176845763,0.3717641965408214,1.8459917869727258,1199.9999999999998,0.9999999999999998,,,False,5,False,1200,10.0,0.15
33,9,Chandler Kinney,percent,0.20618556701030927,0.19533044848410652,0.1958417569700965,0.039062268171203084,0.4311546890869207,0.3920924209157176,2.002077722872267,1199.9999999999998,0.9999999999999998,,,False,5,True,1200,10.0,0.15
33,9,Danny Amendola,percent,0.19243986254295534,0.20028460112579985,0.19881373698987037,0.03870195335043924,0.42394310836346966,0.3852411550130304,1.9376891313276163,1199.9999999999998,0.9999999999999998,,,False,5,True,1200,10.0,0.15
33,9,Ilona Maher,percent,0.1958762886597938,0.20715161839815635,0.21017467229014805,0.045431354857473676,0.42535894896266774,0.37992759410519406,1.8076668434808336,1199.9999999999998,0.9999999999999998,,,False,5,True,1200,10.0,0.15
33,9,Joey Graziadei,percent,0.2027491408934708,0.196025769493973,0.19077802071290773,0.03799569726561957,0.40880947853990707,0.3708137812742875,1.9436821715963393,1199.9999999999998,0.9999999999999998,,,False,5,True,1200,10.0,0.15
33,9,Stephen Nedoroscik,percent,0.2027491408934708,0.20120756249796448,0.2043918130369776,0.039568655532767096,0.4420651784551346,0.4024965229223675,1.9692303116819967,1199.9999999999998,0.9999999999999998,,,False,5,True,1200,10.0,0.15
34,1,Alix Earle,percent,0.07926829268292683,0.14817315383348126,0.1452570583444907,0.01837195750693256,0.32831889150247684,0.3099469339955443,2.133767568753268,1199.9999999999998,0.9999999999999998,,,False,14,False,1200,10.0,0.15
34,1,Andy Richter,percent,0.054878048780487805,0.0564368436008488,0.056494594880300446,0.00032039761138900376,0.20047392979487452,0.20015353218348553,3.542816614420276,1199.9999999999998,0.9999999999999998,,,False,14,False,1200,10.0,0.15
34,1,Baron Davis,percent,0.06097560975609756,0.0307479431274447,0.03078093323590345,6.352407027817011e-06,0.13431068154185064,0.13430432913482282,4.363089481922885,1199.9999999999998,0.9999999999999998,,,False,14,False,1200,10.0,0.15
34,1,Corey Feldman,percent,0.054878048780487805,0.026361217572177596,0.027600948816928036,4.847147477304776e-07,0.12389962865482818,0.12389914394008045,4.488782468290578,1199.9999999999998,0.9999999999999998,,,False,14,False,1200,10.0,0.15
34,1,Danielle Fishel,percent,0.07317073170731707,0.03533807880638715,0.03849342578616666,1.748852580512645e-05,0.1560335508774911,0.15601606235168597,4.05295206163984,1199.9999999999998,0.9999999999999998,,,False,14,False,1200,10.0,0.15
34,1,Dylan Efron,percent,0.06097560975609756,0.15774488826244187,0.15666471122218056,0.021883528287649893,0.3707111334604967,0.34882760517284683,2.226572760890516,1199.9999999999998,0.9999999999999998,,,False,14,False,1200,10.0,0.15
34,1,Elaine Hendrix,percent,0.07317073170731707,0.14525774931179283,0.14572380049308567,0.015214109173584801,0.3520228500236685,0.3368087408500837,2.311265753738771,1199.9999999999998,0.9999999999999998,,,False,14,False,1200,10.0,0.15
34,1,Hilaria Baldwin,percent,0.08536585365853659,0.008042200711423735,0.009757464507168233,2.609140007723119e-17,0.06016991939946509,0.06016991939946506,6.1659208121591575,1199.9999999999998,0.9999999999999998,,,False,14,False,1200,10.0,0.15
34,1,Jen Affleck,percent,0.07317073170731707,0.01791136200891763,0.018449267607207154,1.535674157933853e-09,0.09755750885205504,0.09755750731638088,5.28759307958614,1199.9999999999998,0.9999999999999998,,,False,14,False,1200,10.0,0.15
34,1,Jordan Chiles,percent,0.06097560975609756,0.16059210376341962,0.16232841467068684,0.024711545199553528,0.37807699673942213,0.3533654515398686,2.1768417773003814,1199.9999999999998,0.9999999999999998,,,False,14,False,1200,10.0,0.15
34,1,Lauren Jauregui,percent,0.07926829268292683,0.007850765486301902,0.008461768405217278,5.255542918714193e-18,0.05099573360168364,0.050995733601683635,6.025892611009523,1199.9999999999998,0.9999999999999998,,,False,14,False,1200,10.0,0.15
34,1,Robert Irwin,percent,0.09146341463414634,0.14044346261838572,0.13295768078636921,0.014652092276281743,0.32289366559482585,0.3082415733185441,2.3183260505856698,1199.9999999999998,0.9999999999999998,,,False,14,False,1200,10.0,0.15
34,1,Scott Hoying,percent,0.06097560975609756,0.012227001791062633,0.012661158682959282,1.159572797635829e-12,0.07460843783334377,0.0746084378321842,5.8922368373563465,1199.9999999999998,0.9999999999999998,,,False,14,False,1200,10.0,0.15
34,1,Whitney Leavitt,percent,0.09146341463414634,0.05287322910591454,0.05436877256133671,0.00020828087942416842,0.21338244813121662,0.21317416725179245,3.9208213904390012,1199.9999999999998,0.9999999999999998,,,False,14,False,1200,10.0,0.15
34,2,Alix Earle,percent,0.07553956834532374,0.15168063306891574,0.1466475908512737,0.019675803987787517,0.3526684613936095,0.332992657405822,2.2706843309768483,1199.9999999999998,0.9999999999999998,,,False,14,False,1200,10.0,0.15
34,2,Andy Richter,percent,0.05755395683453238,0.05627116146406199,0.061266703244670775,0.0004550448307506639,0.21489898493508314,0.2144439401043325,3.500113905820117,1199.9999999999998,0.9999999999999998,,,False,14,False,1200,10.0,0.15
34,2,Baron Davis,percent,0.06474820143884892,0.030519735484029118,0.03116304293274494,2.5682351022040683e-06,0.14221838001046705,0.14221581177536485,4.563458344678851,1199.9999999999998,0.9999999999999998,,,False,14,True,1200,10.0,0.15
34,2,Corey Feldman,percent,0.0539568345323741,0.026675489578106653,0.025047074808675213,1.0573783848369968e-06,0.11330729059504528,0.11330623321666045,4.523550575528371,1199.9999999999998,0.9999999999999998,,,False,14,True,1200,10.0,0.15
34,2,Danielle Fishel,percent,0.0683453237410072,0.03633808272700269,0.035614569311501344,1.756630070758381e-05,0.15004423511826592,0.15002666881755833,4.212390022616041,1199.9999999999998,0.9999999999999998,,,False,14,False,1200,10.0,0.15
34,2,Dylan Efron,percent,0.07194244604316546,0.15201010183421745,0.14989739050464226,0.023383755824426904,0.3586494440333293,0.3352656882089024,2.236619666696951,1199.9999999999998,0.9999999999999998,,,False,14,False,1200,10.0,0.15
34,2,Elaine Hendrix,percent,0.07553956834532374,0.14501430453553252,0.14533287442772258,0.01743853038109092,0.3565531300527581,0.3391145996716672,2.333348649838105,1199.9999999999998,0.9999999999999998,,,False,14,False,1200,10.0,0.15
34,2,Hilaria Baldwin,percent,0.07553956834532374,0.008441596507318459,0.0077361633330990795,7.985463686075635e-18,0.043098278264100426,0.04309827826410042,5.5702944876100515,1199.9999999999998,0.9999999999999998,,,False,14,False,1200,10.0,0.15
34,2,Jen Affleck,percent,0.07913669064748201,0.017618801978951024,0.01713140289143583,1.0403278511830831e-09,0.08376513968059678,0.08376513864026892,4.889281391003335,1199.9999999999998,0.9999999999999998,,,False,14,False,1200,10.0,0.15
34,2,Jordan Chiles,percent,0.07913669064748201,0.1502428459666941,0.15017858403925838,0.019672409658789733,0.37598558492135703,0.3563131752625673,2.3725806509719964,1199.9999999999998,0.9999999999999998,,,False,14,False,1200,10.0,0.15
34,2,Lauren Jauregui,percent,0.07553956834532374,0.008036604798033201,0.007636778772702778,5.706257012687379e-18,0.04329593378868515,0.04329593378868514,5.668655125679167,1199.9999999999998,0.9999999999999998,,,False,14,False,1200,10.0,0.15
34,2,Robert Irwin,percent,0.07913669064748201,0.1489417713013629,0.15186673409257223,0.01967623794516448,0.3752537911605643,0.3555775532153998,2.341363393218566,1199.9999999999998,0.9999999999999998,,,False,14,False,1200,10.0,0.15
34,2,Scott Hoying,percent,0.06474820143884892,0.012136254411531875,0.01262006289566285,3.3935632239703837e-12,0.0731257152045397,0.07312571520114614,5.793942697668936,1199.9999999999998,0.9999999999999998,,,False,14,False,1200,10.0,0.15
34,2,Whitney Leavitt,percent,0.07913669064748201,0.05607261634424236,0.05786102789403828,0.0005378271447964115,0.20189236562007873,0.2013545384752823,3.4799080814108234,1199.9999999999998,0.9999999999999998,,,False,14,False,1200,10.0,0.15
34,3,Alix Earle,percent,0.08949416342412451,0.15932237870498497,0.15828098484726913,0.02543445817764224,0.3551705059849696,0.32973604780732735,2.0832190607509706,1182.337854749367,0.9852815456244725,0.7958333333333333,0.8284869199697641,True,12,False,1200,10.0,0.15
34,3,Andy Richter,percent,0.07003891050583658,0.05946439795127192,0.06035892798470453,0.0005797593059948985,0.21709955677123557,0.21651979746524067,3.5871447282062316,1182.337854749367,0.9852815456244725,0.7958333333333333,0.8284869199697641,True,12,False,1200,10.0,0.15
34,3,Danielle Fishel,percent,0.08171206225680934,0.03826118861504783,0.03784920980365361,3.1757923090735456e-05,0.15630625687514385,0.15627449895205311,4.1287617628203535,1182.337854749367,0.9852815456244725,0.7958333333333333,0.8284869199697641,True,12,False,1200,10.0,0.15
34,3,Dylan Efron,percent,0.08949416342412451,0.157324126351875,0.1585892450912187,0.023184510528661877,0.3797740980714879,0.356589587542826,2.2484963519522974,1182.337854749367,0.9852815456244725,0.7958333333333333,0.8284869199697641,True,12,False,1200,10.0,0.15
34,3,Elaine Hendrix,percent,0.08171206225680934,0.15727323985737762,0.15906885469460894,0.02300929176598296,0.3567465486810389,0.33373725691505596,2.098054704053028,1182.337854749367,0.9852815456244725,0.7958333333333333,0.8284869199697641,True,12,False,1200,10.0,0.15
34,3,Hilaria Baldwin,percent,0.08560311284046693,0.009009898720021553,0.011298980852609525,5.719060032635293e-17,0.06738273999483194,0.06738273999483188,5.96308444002992,1182.337854749367,0.9852815456244725,0.7958333333333333,0.8284869199697641,True,12,False,1200,10.0,0.15
34,3,Jen Affleck,percent,0.07392996108949416,0.020023568337617433,0.02082553229086753,4.6522156565157854e-08,0.10844826991561116,0.10844822339345458,5.207214618297705,1182.337854749367,0.9852815456244725,0.7958333333333333,0.8284869199697641,True,12,False,1200,10.0,0.15
34,3,Jordan Chiles,percent,0.0933852140077821,0.15762153454308095,0.15966347276725879,0.024062953362420283,0.3736571116693821,0.34959415830696183,2.189555085410651,1182.337854749367,0.9852815456244725,0.7958333333333333,0.8284869199697641,True,12,False,1200,10.0,0.15
34,3,Lauren Jauregui,percent,0.07003891050583658,0.00914455574453284,0.005630970613530288,4.952423190267748e-17,0.0327437538957805,0.03274375389578045,5.81390709268202,1182.337854749367,0.9852815456244725,0.7958333333333333,0.8284869199697641,True,12,True,1200,10.0,0.15
34,3,Robert Irwin,percent,0.08560311284046693,0.1613376044335463,0.1580841296439307,0.023637924214043822,0.36163739812042195,0.33799947390637813,2.1380851865554,1182.337854749367,0.9852815456244725,0.7958333333333333,0.8284869199697641,True,12,False,1200,10.0,0.15
34,3,Scott Hoying,percent,0.08560311284046693,0.01239106627249506,0.011073290353788554,1.1953753186104464e-12,0.061411886601411524,0.061411886600216146,5.545446673177295,1182.337854749367,0.9852815456244725,0.7958333333333333,0.8284869199697641,True,12,False,1200,10.0,0.15
34,3,Whitney Leavitt,percent,0.0933852140077821,0.0588264404681484,0.05927640105655968,0.0004962908948504655,0.21802770819632689,0.21753141730147643,3.6697192087405837,1182.337854749367,0.9852815456244725,0.7958333333333333,0.8284869199697641,True,12,False,1200,10.0,0.15
34,4,Alix Earle,percent,0.0967741935483871,0.16009220982833833,0.15495554797361638,0.023755761535330502,0.3631576701779757,0.3394019086426452,2.1903037534137204,1182.90154858317,0.9857512904859751,0.0625,0.06731593498763662,True,11,False,1200,10.0,0.15
34,4,Andy Richter,percent,0.07258064516129033,0.060927327767469175,0.06276396560966126,0.0006569348449950614,0.21316123639292234,0.21250430154792727,3.3857152550596954,1182.90154858317,0.9857512904859751,0.0625,0.06731593498763662,True,11,False,1200,10.0,0.15
34,4,Danielle Fishel,percent,0.0846774193548387,0.03913425347544542,0.041270069375053564,3.542940212022741e-05,0.16163324001282686,0.16159781061070663,3.9155227392383725,1182.90154858317,0.9857512904859751,0.0625,0.06731593498763662,True,11,False,1200,10.0,0.15
34,4,Dylan Efron,percent,0.09274193548387097,0.160727276526901,0.1610843350705115,0.0271836764193942,0.3717965991968529,0.3446129227774587,2.139319030044616,1182.90154858317,0.9857512904859751,0.0625,0.06731593498763662,True,11,False,1200,10.0,0.15
34,4,Elaine Hendrix,percent,0.0967741935483871,0.15305619445341476,0.1629589298697311,0.022741051397517177,0.3833402948637044,0.3605992434661872,2.2128092700730018,1182.90154858317,0.9857512904859751,0.0625,0.06731593498763662,True,11,False,1200,10.0,0.15
34,4,Hilaria Baldwin,percent,0.09274193548387097,0.009058692051792269,0.005320154294954657,5.899395328958404e-16,0.034263842939251325,0.034263842939250735,6.439174855677194,1182.90154858317,0.9857512904859751,0.0625,0.06731593498763662,True,11,True,1200,10.0,0.15
34,4,Jen Affleck,percent,0.09274193548387097,0.019188501096287634,0.02005456771654257,9.387631500193168e-09,0.09886693518012778,0.09886692579249627,4.929649820431021,1182.90154858317,0.9857512904859751,0.0625,0.06731593498763662,True,11,False,1200,10.0,0.15
34,4,Jordan Chiles,percent,0.0967741935483871,0.16093764385235151,0.15655849340279349,0.02316105517399892,0.3575455674825446,0.3343845123085457,2.1358303162635255,1182.90154858317,0.9857512904859751,0.0625,0.06731593498763662,True,11,False,1200,10.0,0.15
34,4,Robert Irwin,percent,0.08870967741935484,0.1649233055383946,0.1632584653096935,0.030150178296234443,0.3795202109261003,0.3493700326298658,2.1399680071665776,1182.90154858317,0.9857512904859751,0.0625,0.06731593498763662,True,11,False,1200,10.0,0.15
34,4,Scott Hoying,percent,0.0846774193548387,0.012878223140239958,0.0132783059848215,1.1796991755755218e-11,0.07177128290451727,0.07177128289272028,5.404746526268483,1182.90154858317,0.9857512904859751,0.0625,0.06731593498763662,True,11,False,1200,10.0,0.15
34,4,Whitney Leavitt,percent,0.10080645161290322,0.05907637226936531,0.058497165392620114,0.0005096579161236488,0.19722762728026896,0.19671796936414532,3.3628057913242255,1182.90154858317,0.9857512904859751,0.0625,0.06731593498763662,True,11,False,1200,10.0,0.15
34,5,Alix Earle,percent,0.11182108626198083,0.15918430225290092,0.16134402045283752,0.02254171444592121,0.3784055092651695,0.3558637948192483,2.205607547233044,1199.9999999999998,0.9999999999999998,,,False,10,False,1200,10.0,0.15
34,5,Andy Richter,percent,0.07667731629392971,0.06337196370864298,0.06460164853804151,0.0009475782021366869,0.22170521808486132,0.22075763988272462,3.4171608266607003,1199.9999999999998,0.9999999999999998,,,False,10,False,1200,10.0,0.15
34,5,Danielle Fishel,percent,0.0926517571884984,0.0400605879392135,0.039864230246213855,6.855892240582817e-05,0.1631347840012996,0.1630662250788938,4.090437307693231,1199.9999999999998,0.9999999999999998,,,False,10,False,1200,10.0,0.15
34,5,Dylan Efron,percent,0.11501597444089456,0.15513626363200148,0.15642712383551124,0.02231055040680933,0.37625094650982965,0.3539403961030203,2.2626391432988036,1199.9999999999998,0.9999999999999998,,,False,10,False,1200,10.0,0.15
34,5,Elaine Hendrix,percent,0.09584664536741214,0.1625205326903334,0.1608128912611623,0.02656421587397016,0.3866551704142386,0.3600909545402684,2.239178168728468,1199.9999999999998,0.9999999999999998,,,False,10,False,1200,10.0,0.15
34,5,Jen Affleck,percent,0.0926517571884984,0.02030500007656446,0.01957517633557006,1.097696623185503e-08,0.10130315558535251,0.10130314460838627,5.174817741313337,1199.9999999999998,0.9999999999999998,,,False,10,False,1200,10.0,0.15
34,5,Jordan Chiles,percent,0.10223642172523961,0.16645776153785355,0.16959023400317375,0.025465446972898494,0.38819093461574594,0.36272548764284746,2.138822149475364,1199.9999999999998,0.9999999999999998,,,False,10,False,1200,10.0,0.15
34,5,Robert Irwin,percent,0.11182108626198083,0.1586391559239017,0.15401673834411642,0.02332469006937808,0.3707706954819712,0.34744600541259313,2.2558830505373786,1199.9999999999998,0.9999999999999998,,,False,10,False,1200,10.0,0.15
34,5,Scott Hoying,percent,0.09584664536741214,0.01301100229587181,0.012059730745347394,2.649185070469864e-12,0.07049058504952213,0.07049058504687294,5.84463632720312,1199.9999999999998,0.9999999999999998,,,False,10,False,1200,10.0,0.15
34,5,Whitney Leavitt,percent,0.10543130990415335,0.06131342994271618,0.061708206238025975,0.0007544080000685526,0.22170379447567676,0.22094938647560822,3.5804930892054885,1199.9999999999998,0.9999999999999998,,,False,10,False,1200,10.0,0.15
34,6,Alix Earle,percent,0.10294117647058823,0.16438602210561992,0.16484747528689564,0.02399366719179716,0.37085115995002366,0.34685749275822647,2.104098883259731,1174.714302226162,0.9789285851884684,0.6858333333333333,0.7276460505814002,True,10,False,1200,10.0,0.15
34,6,Andy Richter,percent,0.07941176470588235,0.06239083484686791,0.06263117451883722,0.000675380642188557,0.2114344080631016,0.21075902742091304,3.365028103207965,1174.714302226162,0.9789285851884684,0.6858333333333333,0.7276460505814002,True,10,False,1200,10.0,0.15
34,6,Danielle Fishel,percent,0.10588235294117647,0.03777433651798949,0.039766579731091475,3.0730340968169334e-05,0.15890348477578486,0.1588727544348167,3.9950320212875625,1174.714302226162,0.9789285851884684,0.6858333333333333,0.7276460505814002,True,10,False,1200,10.0,0.15
34,6,Dylan Efron,percent,0.09411764705882353,0.1683218765655821,0.17047451807612096,0.0260664019911755,0.3806246338234075,0.354558231832232,2.0798190604349074,1174.714302226162,0.9789285851884684,0.6858333333333333,0.7276460505814002,True,10,False,1200,10.0,0.15
34,6,Elaine Hendrix,percent,0.10588235294117647,0.15527202637166773,0.15331953777899587,0.02396333399480656,0.3623639170517965,0.33840058305698995,2.207144508877069,1174.714302226162,0.9789285851884684,0.6858333333333333,0.7276460505814002,True,10,False,1200,10.0,0.15
34,6,Jen Affleck,percent,0.09411764705882353,0.020095185974654917,0.021765701795799047,1.4421167270744242e-08,0.10996475059215079,0.10996473617098351,5.051970537502682,1174.714302226162,0.9789285851884684,0.6858333333333333,0.7276460505814002,True,10,False,1200,10.0,0.15
34,6,Jordan Chiles,percent,0.11470588235294117,0.15745005533558173,0.15426802402367945,0.02439139114441237,0.343008425407731,0.31861703426331867,2.0653338301693847,1174.714302226162,0.9789285851884684,0.6858333333333333,0.7276460505814002,True,10,False,1200,10.0,0.15
34,6,Robert Irwin,percent,0.10588235294117647,0.1618537110594455,0.16473976949743185,0.025716493148791708,0.3513245795824366,0.3256080864336449,1.9764875897263599,1174.714302226162,0.9789285851884684,0.6858333333333333,0.7276460505814002,True,10,False,1200,10.0,0.15
34,6,Scott Hoying,percent,0.08235294117647059,0.013693509061657764,0.008234440354661117,1.632872468032513e-11,0.04610985061228343,0.04610985059595471,5.598953864058688,1174.714302226162,0.9789285851884684,0.6858333333333333,0.7276460505814002,True,10,True,1200,10.0,0.15
34,6,Whitney Leavitt,percent,0.11470588235294117,0.05876244216093282,0.05995277893648729,0.0006767913125898191,0.21175483827435265,0.21107804696176283,3.520679608626017,1174.714302226162,0.9789285851884684,0.6858333333333333,0.7276460505814002,True,10,False,1200,10.0,0.15
34,7,Alix Earle,percent,0.12951807228915663,0.15587394031349355,0.15317223727597717,0.02220265631017506,0.3611394899425749,0.33893683363239985,2.212767972134234,1159.1915462165514,0.9659929551804595,0.4633333333333333,0.5126207335591662,True,9,False,1200,10.0,0.15
34,7,Andy Richter,percent,0.08734939759036145,0.0638727438681558,0.06529897641020649,0.0011101727850426572,0.2220637922370239,0.22095361945198125,3.3836707392354564,1159.1915462165514,0.9659929551804595,0.4633333333333333,0.5126207335591662,True,9,False,1200,10.0,0.15
34,7,Danielle Fishel,percent,0.10542168674698796,0.04003034863488982,0.043800277932932695,4.946878620738741e-05,0.1771494909086486,0.17710002212244122,4.043261532086161,1159.1915462165514,0.9659929551804595,0.4633333333333333,0.5126207335591662,True,9,False,1200,10.0,0.15
34,7,Dylan Efron,percent,0.1144578313253012,0.16375205641259588,0.1626642263398325,0.02360324779615234,0.3796339282339462,0.35603068043779384,2.188732579475784,1159.1915462165514,0.9659929551804595,0.4633333333333333,0.5126207335591662,True,9,False,1200,10.0,0.15
34,7,Elaine Hendrix,percent,0.0963855421686747,0.17077432183120508,0.17599090203655876,0.029500460195209122,0.39373924277111644,0.3642387825759073,2.0696337636048963,1159.1915462165514,0.9659929551804595,0.4633333333333333,0.5126207335591662,True,9,False,1200,10.0,0.15
34,7,Jen Affleck,percent,0.10240963855421686,0.02054253281997989,0.013406061280057066,2.4758416564369403e-08,0.06780703022424432,0.06780700546582775,5.057559151063949,1159.1915462165514,0.9659929551804595,0.4633333333333333,0.5126207335591662,True,9,True,1200,10.0,0.15
34,7,Jordan Chiles,percent,0.1144578313253012,0.16670769826236057,0.16650624557307486,0.027826205955729294,0.3708836625634623,0.343057456607733,2.06031548613406,1159.1915462165514,0.9659929551804595,0.4633333333333333,0.5126207335591662,True,9,False,1200,10.0,0.15
34,7,Robert Irwin,percent,0.12349397590361445,0.15923610537959373,0.15948991150550923,0.021862647313282572,0.39063716428962064,0.36877451697633806,2.312197688854513,1159.1915462165514,0.9659929551804595,0.4633333333333333,0.5126207335591662,True,9,False,1200,10.0,0.15
34,7,Whitney Leavitt,percent,0.12650602409638553,0.05921025247772576,0.059671161645851456,0.0004956067039645134,0.19780273472166715,0.19730712801770264,3.3065188619896406,1159.1915462165514,0.9659929551804595,0.4633333333333333,0.5126207335591662,True,9,False,1200,10.0,0.15
34,8,Alix Earle,percent,0.12769485903814262,0.16837631959986288,0.16770008585702256,0.031209714740331237,0.3733515839688433,0.3421418692285121,2.04018875298287,1123.6610226947848,0.9363841855789874,0.3975,0.47237365615029686,True,8,False,1200,10.0,0.15
34,8,Andy Richter,percent,0.11276948590381426,0.061683890892957234,0.0678308844518617,0.0008256327271691541,0.2317628532668694,0.23093722053970026,3.404552628986589,1123.6610226947848,0.9363841855789874,0.3975,0.47237365615029686,True,8,False,1200,10.0,0.15
34,8,Danielle Fishel,percent,0.12271973466003316,0.0399714558010883,0.025671333827412712,2.8473672104339922e-05,0.1019867716875675,0.10195829801546316,3.9715243148869037,1123.6610226947848,0.9363841855789874,0.3975,0.47237365615029686,True,8,True,1200,10.0,0.15
34,8,Dylan Efron,percent,0.12603648424543948,0.1674021758528316,0.1675412221160486,0.02430969259980849,0.3745810609493393,0.3502713683495308,2.09064535450004,1123.6610226947848,0.9363841855789874,0.3975,0.47237365615029686,True,8,False,1200,10.0,0.15
34,8,Elaine Hendrix,percent,0.12437810945273632,0.1631867159338851,0.16357346976232431,0.027157315521297985,0.365186476931347,0.338029161410049,2.0665154036642117,1123.6610226947848,0.9363841855789874,0.3975,0.47237365615029686,True,8,False,1200,10.0,0.15
34,8,Jordan Chiles,percent,0.12935323383084577,0.16811517328244316,0.16785351466209264,0.025486208077684206,0.38674914627676843,0.3612629381990842,2.152238436519515,1123.6610226947848,0.9363841855789874,0.3975,0.47237365615029686,True,8,False,1200,10.0,0.15
34,8,Robert Irwin,percent,0.12603648424543948,0.16894786345997814,0.17378546260499417,0.02624566697680342,0.3958718584675415,0.3696261914907381,2.126898643025352,1123.6610226947848,0.9363841855789874,0.3975,0.47237365615029686,True,8,False,1200,10.0,0.15
34,8,Whitney Leavitt,percent,0.1310116086235489,0.06231640517695351,0.06604402671824344,0.0009259918781041358,0.2146234239819963,0.21369743210389217,3.2356324574680366,1123.6610226947848,0.9363841855789874,0.3975,0.47237365615029686,True,8,False,1200,10.0,0.15
34,9,Alix Earle,percent,0.14814814814814814,0.17444020024905404,0.18138258031748136,0.031174226039463335,0.41080179564659436,0.379627569607131,2.0929544391099624,1083.9143348154314,0.9032619456795262,0.6441666666666667,0.7737865128979864,True,7,False,1200,10.0,0.15
34,9,Andy Richter,percent,0.10740740740740741,0.07106219524154038,0.04592096875057218,0.0008521031482489316,0.15410660642086482,0.1532545032726159,3.3372807708882553,1083.9143348154314,0.9032619456795262,0.6441666666666667,0.7737865128979864,True,7,True,1200,10.0,0.15
34,9,Dylan Efron,percent,0.15555555555555556,0.1670847889935358,0.1675378345541579,0.028371933567902744,0.3691603864807723,0.3407884529128696,2.0340863288189324,1083.9143348154314,0.9032619456795262,0.6441666666666667,0.7737865128979864,True,7,False,1200,10.0,0.15
34,9,Elaine Hendrix,percent,0.13333333333333333,0.17724896413239985,0.18427990361856664,0.03185362160029217,0.40699925057176634,0.3751456289714742,2.03572709708418,1083.9143348154314,0.9032619456795262,0.6441666666666667,0.7737865128979864,True,7,False,1200,10.0,0.15
34,9,Jordan Chiles,percent,0.14444444444444443,0.178052518269178,0.18400677000483573,0.03415098965276607,0.40659112343166437,0.3724401337788983,2.024045689859241,1083.9143348154314,0.9032619456795262,0.6441666666666667,0.7737865128979864,True,7,False,1200,10.0,0.15
34,9,Robert Irwin,percent,0.15555555555555556,0.1686275460477634,0.1702465426383564,0.027264405491895637,0.38411831270681407,0.35685390721491844,2.0960884467681007,1083.9143348154314,0.9032619456795262,0.6441666666666667,0.7737865128979864,True,7,False,1200,10.0,0.15
34,9,Whitney Leavitt,percent,0.15555555555555556,0.06348378706652845,0.06662540011603044,0.0009539676985866322,0.21955645876674595,0.21860249106815932,3.2810190958458096,1083.9143348154314,0.9032619456795262,0.6441666666666667,0.7737865128979864,True,7,False,1200,10.0,0.15
34,10,Alix Earle,percent,0.1686046511627907,0.18627714033061002,0.19321186241728497,0.03769943714252827,0.4122022739557297,0.37450283681320146,1.9382914373701559,1088.4032180681213,0.9070026817234345,0.5733333333333334,0.6967656218813905,True,6,False,1200,10.0,0.15
34,10,Dylan Efron,percent,0.15988372093023256,0.19065667628099894,0.19611039542842187,0.03778352099832297,0.42730735669870934,0.3895238357003864,1.9862376423840071,1088.4032180681213,0.9070026817234345,0.5733333333333334,0.6967656218813905,True,6,False,1200,10.0,0.15
34,10,Elaine Hendrix,percent,0.16569767441860464,0.18023186494074014,0.18510369597933998,0.03662145927635755,0.39587720571313745,0.3592557464367799,1.9408245940820288,1088.4032180681213,0.9070026817234345,0.5733333333333334,0.6967656218813905,True,6,False,1200,10.0,0.15
34,10,Jordan Chiles,percent,0.16569767441860464,0.18951269364995516,0.1920605673063304,0.03939046176645414,0.4104046159553946,0.37101415418894046,1.9317459468462421,1088.4032180681213,0.9070026817234345,0.5733333333333334,0.6967656218813905,True,6,False,1200,10.0,0.15
34,10,Robert Irwin,percent,0.17151162790697674,0.18343339815291035,0.1880206713665703,0.0355182899344206,0.392895795105021,0.3573775051706004,1.900725073727544,1088.4032180681213,0.9070026817234345,0.5733333333333334,0.6967656218813905,True,6,False,1200,10.0,0.15
34,10,Whitney Leavitt,percent,0.1686046511627907,0.0698882266447853,0.04549280750205165,0.0009711802662465006,0.14763760566334144,0.14666642539709493,3.2238766867442488,1088.4032180681213,0.9070026817234345,0.5733333333333334,0.6967656218813905,True,6,True,1200,10.0,0.15
34,11,Alix Earle,percent,0.2031609129238783,0.1996189400792491,0.20313038520947327,0.04668732923031177,0.43892566696901525,0.3922383377387035,1.9309588094140115,1199.9999999999998,0.9999999999999998,,,False,5,True,1200,10.0,0.15
34,11,Dylan Efron,percent,0.19864532303262358,0.20080950683296256,0.19517780954014502,0.039416925799623935,0.4236466718003456,0.3842297460007217,1.9686037992853525,1199.9999999999998,0.9999999999999998,,,False,5,True,1200,10.0,0.15
34,11,Elaine Hendrix,percent,0.19638752808699622,0.1962358825885097,0.19527747883901145,0.0371189173611445,0.4315376217252752,0.39441870436413073,2.019775587709752,1199.9999999999998,0.9999999999999998,,,False,5,True,1200,10.0,0.15
34,11,Jordan Chiles,percent,0.20090311797825097,0.202544835256028,0.20353273249096676,0.038010283681391144,0.43323505223466563,0.3952247685532745,1.9418145764649373,1199.9999999999998,0.9999999999999998,,,False,5,True,1200,10.0,0.15
34,11,Robert Irwin,percent,0.20090311797825097,0.20079083524325053,0.2028815939204032,0.040469419261660367,0.45766076469740663,0.41719134543574626,2.0563190630312165,1199.9999999999998,0.9999999999999998,,,False,5,True,1200,10.0,0.15
