season,week,alive_list,elim_obs_list,m_elim,alive_n,c_hat_list,pi_hat_list,p_mean_list,has_posterior,ess,B
1,2,Evander Holyfield|Joey McIntyre|John O'Hurley|Kelly Monaco|Rachel Hunter|Trista Sutter,Trista Sutter,1,6,0.0646419385|0.4524559605|0.9322779219|0.3867524098|0.1476905606|0.0161812175,0.3173158473|0.0239141618|0.0009759516|0.0370583797|0.1824069465|0.4383287130,0.0646407359|0.4488710860|0.0550880472|0.3867282552|0.0289758183|0.0156960575,True,1155.1000180670944,1200
1,3,Evander Holyfield|Joey McIntyre|John O'Hurley|Kelly Monaco|Rachel Hunter,Evander Holyfield,1,5,0.0330226627|0.3666091989|0.3437812677|0.3096517270|0.9469351562,0.7170691529|0.0775763058|0.0903280687|0.1134064788|0.0016199938,0.0330068918|0.3602467658|0.2967688901|0.3073111187|0.0026663335,True,1152.0116581791049,1200
1,4,Joey McIntyre|John O'Hurley|Kelly Monaco|Rachel Hunter,Rachel Hunter,1,4,0.4751665183|0.4548248412|0.7890994409|0.2809092042,0.1689263040|0.1934605720|0.0208337944|0.6167793297,0.4721965953|0.4518549183|0.0623832206|0.0135652658,True,1131.2766750945968,1200
1,6,Joey McIntyre|John O'Hurley|Kelly Monaco,Joey McIntyre|John O'Hurley|Kelly Monaco,3,3,nan|0.6269817982|0.8335906365,nan|nan|nan,0.5394275951|0.3580403660|0.1025320389,False,1199.9999999999998,1200
2,1,Drew Lachey|George Hamilton|Giselle Fernandez|Jerry Rice|Kenny Mayne|Lisa Rinna|Master P|Stacy Keibler|Tatum O'Neal|Tia Carrere,Kenny Mayne,1,10,0.9368776309|0.0901744676|0.0619202150|0.3817871042|0.0108840632|0.1614045663|0.0353884569|0.2289651799|0.0613073871|0.0312909570,0.0003842621|0.1086636408|0.1311863630|0.0155517474|0.1843543910|0.0675852607|0.1565690800|0.0430768544|0.1317234238|0.1609049768,0.0330417978|0.0901741911|0.0169208801|0.3817194504|0.0108840628|0.1614025234|0.0353884568|0.2228751819|0.0163080521|0.0312854036,True,1166.0124995617425,1200
2,2,Drew Lachey|George Hamilton|Giselle Fernandez|Jerry Rice|Lisa Rinna|Master P|Stacy Keibler|Tatum O'Neal|Tia Carrere,Tatum O'Neal,1,9,0.3457591447|0.0936067522|0.0212196461|0.3824239731|0.1691755158|0.0355190823|0.9079402036|0.0106938095|0.0336618688,0.0225320596|0.1210199148|0.1960825658|0.0176459621|0.0731244921|0.1782534208|0.0005310312|0.2103363821|0.1804741715,0.2266231614|0.0936034716|0.0207327646|0.3823580808|0.1691754557|0.0355190820|0.0276377148|0.0106938091|0.0336564600,True,1166.1606573655067,1200
2,3,Drew Lachey|George Hamilton|Giselle Fernandez|Jerry Rice|Lisa Rinna|Master P|Stacy Keibler|Tia Carrere,Giselle Fernandez,1,8,0.5818676784|0.1055016245|0.0143190323|0.4293474885|0.1922723301|0.0401277575|0.5621958077|0.0743682695,0.0065467381|0.1567638644|0.2879032749|0.0180973985|0.0879061048|0.2423944614|0.0074641588|0.1929239992,0.1041432455|0.1054936457|0.0142973436|0.4293470912|0.1869652909|0.0401277502|0.0844713748|0.0351542582,True,1156.790411722064,1200
2,4,Drew Lachey|George Hamilton|Jerry Rice|Lisa Rinna|Master P|Stacy Keibler|Tia Carrere,Master P,1,7,0.9578373686|0.1005119617|0.4045994886|0.2077793112|0.0231689229|0.2607265700|0.0453763589,0.0006476698|0.1965915841|0.0258905547|0.0961599293|0.3292273870|0.0675610079|0.2839218671,0.0356761471|0.1005098773|0.4042901379|0.1618676079|0.0231688191|0.2328797139|0.0416076967,True,1134.9105926683578,1200
2,5,Drew Lachey|George Hamilton|Jerry Rice|Lisa Rinna|Stacy Keibler|Tia Carrere,Tia Carrere,1,6,0.3092421853|0.0961725659|0.3957850862|0.1728268137|1.0019599080|0.0240134197,0.0671612431|0.2779831417|0.0377182352|0.1667560810|0.0006629725|0.4497183265,0.2912736052|0.0960991324|0.3957751480|0.1719322108|0.0209087014|0.0240112022,True,1138.640018686607,1200
2,6,Drew Lachey|George Hamilton|Jerry Rice|Lisa Rinna|Stacy Keibler,George Hamilton,1,5,0.6082979617|0.0865481938|0.4901799857|0.2284832707|0.5864905681,0.0202676293|0.6567850429|0.0445440315|0.2549641480|0.0234391482,0.1111208973|0.0864868373|0.4901186292|0.2229601325|0.0893135037,True,1068.9980605196777,1200
2,7,Drew Lachey|Jerry Rice|Lisa Rinna|Stacy Keibler,Lisa Rinna,1,4,0.5427160242|0.5652324115|0.2186502123|0.6734013653,0.0912909270|0.0785662453|0.7919435808|0.0381992469,0.1837217787|0.5646926855|0.1700656244|0.0815199113,True,1072.0994303353896,1200
2,8,Drew Lachey|Jerry Rice|Stacy Keibler,Drew Lachey|Jerry Rice|Stacy Keibler,3,3,0.8260940823|0.6844195176|0.4894864117,0.0769054362|0.1977638541|0.7253307098,0.0986189160|0.6795178286|0.2218632554,False,1199.9999999999998,1200
3,1,Emmitt Smith|Harry Hamlin|Jerry Springer|Joey Lawrence|Mario Lopez|Monique Coleman|Sara Evans|Shanna Moakler|Tucker Carlson|Vivica A. Fox|Willa Ford,Tucker Carlson,1,11,0.3062350708|0.0931191045|0.0886819223|0.2838925406|0.2961492980|0.1217348758|0.2514429239|0.0977799422|0.0648292746|0.1198379550|0.2762970924,0.0331166890|0.1371136938|0.1412302698|0.0384357323|0.0354199719|0.1132999418|0.0477184604|0.1329187730|0.1655725272|0.1147418467|0.0404320941,0.1930275219|0.0129304277|0.0132102231|0.1848359391|0.1735077867|0.0321122367|0.1806882096|0.0128742805|0.0082255001|0.0160643685|0.1725235060,True,1171.6977531713333,1200
3,2,Emmitt Smith|Harry Hamlin|Jerry Springer|Joey Lawrence|Mario Lopez|Monique Coleman|Sara Evans|Shanna Moakler|Vivica A. Fox|Willa Ford,Shanna Moakler,1,10,0.3069425478|0.1038344722|0.0943497565|0.3022127155|0.2872245050|0.1417442805|0.2678609797|0.1046134621|0.1168710037|0.2743462620,0.0414529249|0.1605511014|0.1710308105|0.0427808537|0.0472764394|0.1246961808|0.0537907883|0.1597194781|0.1471867326|0.0515146903,0.2025947228|0.0125301253|0.0117410641|0.1761257652|0.1959201581|0.0287008009|0.1765566328|0.0089612916|0.0125231787|0.1743462605,True,1172.8306514809965,1200
3,3,Emmitt Smith|Harry Hamlin|Jerry Springer|Joey Lawrence|Mario Lopez|Monique Coleman|Sara Evans|Vivica A. Fox|Willa Ford,Harry Hamlin,1,9,0.3076611249|0.1138323376|0.1113108988|0.2885383945|0.2982800597|0.1630226009|0.2855186516|0.1454181815|0.2864177505,0.0542674910|0.1975748046|0.2009240271|0.0616461158|0.0577697793|0.1423348217|0.0628997282|0.1600593969|0.0625238354,0.2158736824|0.0075521448|0.0098616253|0.1822582018|0.1919998669|0.0325878196|0.1647457012|0.0149834002|0.1801375578,True,1179.266490930137,1200
3,4,Emmitt Smith|Jerry Springer|Joey Lawrence|Mario Lopez|Monique Coleman|Sara Evans|Vivica A. Fox|Willa Ford,Vivica A. Fox,1,8,0.3343697648|0.1232777547|0.3294539057|0.3339660644|0.1531244794|0.2827688286|0.1304457182|0.3125934917,0.0590678427|0.2412820852|0.0610357070|0.0592270282|0.1977470250|0.0833203570|0.2300232300|0.0682967249,0.2131576400|0.0121666428|0.1930902653|0.1875014185|0.0319123546|0.1817587295|0.0092335934|0.1711793560,True,1171.5517412643542,1200
3,5,Emmitt Smith|Jerry Springer|Joey Lawrence|Mario Lopez|Monique Coleman|Sara Evans|Willa Ford,Sara Evans|Willa Ford,2,7,0.3556095317|0.1443065495|0.3328716889|0.3477548815|0.1806727811|0.3098462799|0.3289383172,0.0765153426|0.3129920610|0.0890392155|0.0806287764|0.2456078804|0.1038117978|0.0914049262,0.2064382538|0.0117098630|0.1947501436|0.1985836036|0.0315015032|0.1772495934|0.1797670393,False,1199.9999999999998,1200
3,7,Emmitt Smith|Jerry Springer|Joey Lawrence|Mario Lopez|Monique Coleman,Jerry Springer,1,5,0.5358957076|0.1832361500|0.5086023540|0.5145695418|0.2576962465,0.0494105002|0.5186486467|0.0592709110|0.0569593237|0.3157106183,0.3247845942|0.0128657799|0.2974912406|0.3071621418|0.0576962436,True,1170.798772070933,1200
3,8,Emmitt Smith|Joey Lawrence|Mario Lopez|Monique Coleman,Monique Coleman,1,4,0.5822331068|0.5584388355|0.5787668699|0.2805612176,0.0937457129|0.1098608331|0.0959372355|0.7004562185,0.3345266787|0.3107324073|0.3172989661|0.0374419480,True,1144.6562051614574,1200
3,10,Emmitt Smith|Joey Lawrence|Mario Lopez,Emmitt Smith|Joey Lawrence|Mario Lopez,3,3,0.7425796192|nan|0.7273219470,nan|nan|nan,0.2425796192|0.5300984338|0.2273219470,False,1199.9999999999998,1200
4,2,Apolo Anton Ohno|Billy Ray Cyrus|Clyde Drexler|Heather Mills|Ian Ziering|Joey Fatone|John Ratzenberger|Laila Ali|Leeza Gibbons|Paulina Porizkova|Shandi Finnessey,Paulina Porizkova,1,11,0.3394409135|0.1320216876|0.0955451628|0.1134395784|0.1648592160|0.3794465869|0.1059136625|0.3763754620|0.0972491527|0.0930953762|0.1026132013,0.0255641479|0.1018993677|0.1299516642|0.1153379441|0.0818647815|0.0195795647|0.1212723977|0.0199845719|0.1284837753|0.1320914490|0.1239703359,0.2333184645|0.0463073995|0.0220757773|0.0154803952|0.0750632987|0.2814874037|0.0201993745|0.2661713838|0.0115348647|0.0073810882|0.0209805500,True,1174.9916259855736,1200
4,3,Apolo Anton Ohno|Billy Ray Cyrus|Clyde Drexler|Heather Mills|Ian Ziering|Joey Fatone|John Ratzenberger|Laila Ali|Leeza Gibbons|Shandi Finnessey,Shandi Finnessey,1,10,0.3431739356|0.1394372142|0.0943745032|0.1248698982|0.1824609689|0.3909574227|0.1128048266|0.3789984206|0.1234985104|0.1094243144,0.0306906355|0.1193669528|0.1611959102|0.1315408994|0.0896019743|0.0223181667|0.1425583851|0.0241703742|0.1327490377|0.1458076641,0.2376693483|0.0431069365|0.0209800109|0.0147781524|0.0723692231|0.2808656769|0.0210617076|0.2826681430|0.0134067645|0.0130940368,True,1162.1904215845295,1200
4,4,Apolo Anton Ohno|Billy Ray Cyrus|Clyde Drexler|Heather Mills|Ian Ziering|Joey Fatone|John Ratzenberger|Laila Ali|Leeza Gibbons,Leeza Gibbons,1,9,0.3742335198|0.1556408424|0.1007408028|0.1363353765|0.2027482942|0.4236340529|0.1064917805|0.4063644758|0.0938108476,0.0298701430|0.1282708360|0.1849608533|0.1458891433|0.0936996315|0.0214885993|0.1780037020|0.0241106354|0.1937064562,0.2373914179|0.0451145266|0.0217934375|0.0152827463|0.0764325068|0.2762656367|0.0222812506|0.2958381600|0.0096003176,True,1172.5613281916337,1200
4,5,Apolo Anton Ohno|Billy Ray Cyrus|Clyde Drexler|Heather Mills|Ian Ziering|Joey Fatone|John Ratzenberger|Laila Ali,Clyde Drexler,1,8,0.4020245558|0.1466012394|0.0886769849|0.1341757449|0.2175728849|0.4423343789|0.1248078408|0.4438063630,0.0314279539|0.1725211533|0.2538342649|0.1874208246|0.1074876066|0.0240218923|0.1994989915|0.0237873129,0.2315700090|0.0500103330|0.0148133519|0.0148575651|0.0812092445|0.3002889257|0.0225351142|0.2847154566,True,1154.705782309786,1200
4,6,Apolo Anton Ohno|Billy Ray Cyrus|Heather Mills|Ian Ziering|Joey Fatone|John Ratzenberger|Laila Ali,Heather Mills,1,7,0.4093701425|0.1711842962|0.1454920701|0.2253033163|0.4571730677|0.1346770928|0.4568000441,0.0438394586|0.2145279291|0.2546070668|0.1495523454|0.0318758326|0.2736421666|0.0319552009,0.2446642551|0.0476548843|0.0101979457|0.0841268393|0.2983495329|0.0229123861|0.2920941567,True,1168.7923139379127,1200
4,7,Apolo Anton Ohno|Billy Ray Cyrus|Ian Ziering|Joey Fatone|John Ratzenberger|Laila Ali,John Ratzenberger,1,6,0.4325335518|0.1759698111|0.2569117251|0.4816593062|0.1603948477|0.4925307878,0.0578586667|0.3200343053|0.1865716661|0.0416998790|0.3550509441|0.0387845388,0.2577762649|0.0529924650|0.0821544382|0.2907207887|0.0147637728|0.3015922704,True,1151.364821664806,1200
4,8,Apolo Anton Ohno|Billy Ray Cyrus|Ian Ziering|Joey Fatone|Laila Ali,Billy Ray Cyrus,1,5,0.4801215594|0.1889830986|0.2821188254|0.5263038704|0.5224726761,0.0757708606|0.5277574833|0.2836474294|0.0556917333|0.0571324934,0.2490458553|0.0375886718|0.0948678238|0.3071803578|0.3113172913,True,1117.1178566120996,1200
4,9,Apolo Anton Ohno|Ian Ziering|Joey Fatone|Laila Ali,Ian Ziering,1,4,0.5291872799|0.3077145448|0.5825035575|0.5805946178,0.1473136997|0.6448703089|0.1032468243|0.1045691671,0.2802421331|0.0629888108|0.3293389979|0.3274300582,True,1097.0738876356595,1200
4,10,Apolo Anton Ohno|Joey Fatone|Laila Ali,Apolo Anton Ohno|Joey Fatone|Laila Ali,3,3,0.6271058671|0.6861140452|0.6867800877,0.4261585572|0.2875577251|0.2862837178,0.2873373679|0.3540679834|0.3585946486,False,1199.9999999999998,1200
5,1,Albert Reed|Cameron Mathison|Floyd Mayweather Jr.|Helio Castroneves|Jane Seymour|Jennie Garth|Josie Maran|Marie Osmond|Mark Cuban|Mel B|Sabrina Bryan|Wayne Newton,Josie Maran,1,12,0.1005094568|0.1236719563|0.0867561494|0.3399405650|0.1158933859|0.1762122961|0.0721808999|0.3448334123|0.0956921312|0.3364934871|0.1234476041|0.0843686298,0.1077857126|0.0923631833|0.1181356841|0.0218442499|0.0972792381|0.0650697335|0.1301909423|0.0211432085|0.1113034903|0.0223520546|0.0925014326|0.1200310701,0.0187973971|0.0419598966|0.0167172422|0.2426643020|0.0225081737|0.0945002364|0.0099240906|0.2631213527|0.0139800715|0.2431082750|0.0222802903|0.0104386718,True,1167.9213367383795,1200
5,2,Albert Reed|Cameron Mathison|Floyd Mayweather Jr.|Helio Castroneves|Jane Seymour|Jennie Garth|Marie Osmond|Mark Cuban|Mel B|Sabrina Bryan|Wayne Newton,Albert Reed,1,11,0.1004881578|0.1309170274|0.1079204709|0.3619220219|0.1120462967|0.1840983573|0.3628494892|0.0928133150|0.3421389888|0.1334933330|0.0713125644,0.1268243939|0.1035385776|0.1206935454|0.0221959752|0.1174190483|0.0726317442|0.0220591584|0.1334823185|0.0253251473|0.1017754487|0.1540546424,0.0122528615|0.0426817311|0.0196851746|0.2484766430|0.0238110004|0.0958630610|0.2620091516|0.0171830599|0.2455003316|0.0242496345|0.0082873506,True,1157.9667354527323,1200
5,3,Cameron Mathison|Floyd Mayweather Jr.|Helio Castroneves|Jane Seymour|Jennie Garth|Marie Osmond|Mark Cuban|Mel B|Sabrina Bryan|Wayne Newton,Wayne Newton,1,10,0.1404711043|0.1061123782|0.3523002052|0.1360577800|0.2089060596|0.3726501129|0.1002191624|0.3631611479|0.1384909037|0.0816311384,0.1189730450|0.1495985135|0.0289828116|0.1225254933|0.0753891918|0.0253058830|0.1555929394|0.0269584466|0.1205540611|0.1761196149,0.0442367976|0.0182462731|0.2518817940|0.0230870702|0.1001194469|0.2638635001|0.0165371543|0.2501904381|0.0255201939|0.0063173318,True,1178.82616170449,1200
5,4,Cameron Mathison|Floyd Mayweather Jr.|Helio Castroneves|Jane Seymour|Jennie Garth|Marie Osmond|Mark Cuban|Mel B|Sabrina Bryan,Floyd Mayweather Jr.,1,9,0.1611192177|0.1098514406|0.3732228938|0.1339853639|0.2151388562|0.3733581840|0.1093130243|0.3724754476|0.1515355869,0.1331148879|0.1873536026|0.0323685757|0.1595097314|0.0928589477|0.0323393945|0.1880273059|0.0325302700|0.1418972843,0.0457346017|0.0115608407|0.2578382778|0.0228742520|0.0997542403|0.2622470721|0.0152959284|0.2613643356|0.0233304514,True,1160.6856213893911,1200
5,5,Cameron Mathison|Helio Castroneves|Jane Seymour|Jennie Garth|Marie Osmond|Mark Cuban|Mel B|Sabrina Bryan,Mark Cuban,1,8,0.1698370661|0.3790096538|0.1579245987|0.2290396714|0.3898396382|0.1153281233|0.3940041796|0.1650170689,0.1686219267|0.0418116568|0.1825593888|0.1136331246|0.0388992618|0.2425122055|0.0378341323|0.1741283035,0.0391838040|0.2634317623|0.0272713365|0.1034115279|0.2843119988|0.0098004839|0.2482755319|0.0243135547,True,1169.6734762286835,1200
5,6,Cameron Mathison|Helio Castroneves|Jane Seymour|Jennie Garth|Marie Osmond|Mel B|Sabrina Bryan,Sabrina Bryan,1,7,0.1827470407|0.4243104503|0.1515479281|0.2528894976|0.4121446042|0.4201598790|0.1562006374,0.2139862309|0.0427551194|0.2634611068|0.1340610498|0.0463673052|0.0439546937|0.2554144942,0.0438581452|0.2687548891|0.0293257057|0.1028894916|0.2843668191|0.2534932073|0.0173117419,True,1144.6800330704766,1200
5,7,Cameron Mathison|Helio Castroneves|Jane Seymour|Jennie Garth|Marie Osmond|Mel B,Jane Seymour,1,6,0.2093335816|0.4439459323|0.1776428993|0.2756202002|0.4525999046|0.4408574970,0.2858355171|0.0598196494|0.3530775585|0.1837370646|0.0564661331|0.0610640773,0.0458720454|0.2772792607|0.0173864837|0.1057484080|0.2859332329|0.2677805693,True,1152.3209483342255,1200
5,8,Cameron Mathison|Helio Castroneves|Jennie Garth|Marie Osmond|Mel B,Cameron Mathison,1,5,0.2228251998|0.4906691736|0.3090724106|0.4887304303|0.4887027857,0.4830484972|0.0810033543|0.2718187956|0.0820571143|0.0820722386,0.0289088492|0.2739391303|0.1189583446|0.3024186489|0.2757750270,True,1122.9309244237902,1200
5,9,Helio Castroneves|Jennie Garth|Marie Osmond|Mel B,Jennie Garth,1,4,0.5556111189|0.3297426264|0.5648189715|0.5498273130,0.1335561891|0.6020329820|0.1256043136|0.1388065153,0.2992008480|0.0818793784|0.3255027315|0.2934170421,True,1056.2468488619627,1200
5,10,Helio Castroneves|Marie Osmond|Mel B,Helio Castroneves|Marie Osmond|Mel B,3,3,0.6662536387|0.6712190154|0.6625273459,0.3341584300|0.3232780247|0.3425635453,0.3133126919|0.3813022020|0.3053851061,False,1199.9999999999998,1200
6,2,Adam Carolla|Cristian de la Fuente|Jason Taylor|Kristi Yamaguchi|Mario|Marissa Jaret Winokur|Marlee Matlin|Monica Seles|Penn Jillette|Priscilla Presley|Shannon Elizabeth|Steve Guttenberg,Monica Seles|Penn Jillette,2,12,0.0862072586|0.3510348202|0.3550682747|0.3374362943|0.1385037500|0.1358682328|0.1105385792|0.1101497030|0.0957416196|0.0917974615|0.1159827805|0.0716712033,0.1179931024|0.0201884184|0.0196527916|0.0221041623|0.0832612199|0.0847370563|0.1003252457|0.1005856771|0.1107265626|0.1136766653|0.0967492606|0.1299998379,0.0122773005|0.2732138113|0.2500099101|0.2323779297|0.0373364362|0.0541561732|0.0171533670|0.0517839445|0.0295937632|0.0100854018|0.0225975684|0.0094143940,False,1199.9999999999998,1200
6,3,Adam Carolla|Cristian de la Fuente|Jason Taylor|Kristi Yamaguchi|Mario|Marissa Jaret Winokur|Marlee Matlin|Priscilla Presley|Shannon Elizabeth|Steve Guttenberg,Steve Guttenberg,1,10,0.1097289256|0.3927047247|0.3859138241|0.3672173305|0.1363029303|0.1464266235|0.1085636417|0.1267705907|0.1277351884|0.0986362206,0.1433781117|0.0217362191|0.0227428912|0.0257618808|0.1201000622|0.1122618354|0.1444962907|0.1279800225|0.1271596681|0.1543830181,0.0176236636|0.2830556030|0.2850366285|0.2487962751|0.0441976683|0.0630932877|0.0164583797|0.0127355058|0.0224720297|0.0065309586,True,1177.923720420398,1200
6,4,Adam Carolla|Cristian de la Fuente|Jason Taylor|Kristi Yamaguchi|Mario|Marissa Jaret Winokur|Marlee Matlin|Priscilla Presley|Shannon Elizabeth,Adam Carolla,1,9,0.0940671888|0.4074001774|0.3983620061|0.3908082187|0.1537941168|0.1667006211|0.1248595683|0.1108877006|0.1531204097,0.1974618670|0.0244507013|0.0259692559|0.0273105194|0.1326038308|0.1216712342|0.1608163382|0.1765155089|0.1332007445,0.0096227479|0.2918446227|0.2694731159|0.2619193286|0.0471274476|0.0600339518|0.0181928990|0.0131099242|0.0286759623,True,1171.7758415708,1200
6,5,Cristian de la Fuente|Jason Taylor|Kristi Yamaguchi|Mario|Marissa Jaret Winokur|Marlee Matlin|Priscilla Presley|Shannon Elizabeth,Priscilla Presley,1,8,0.4205091634|0.4109372839|0.4077047700|0.1836586158|0.1863036233|0.1309536234|0.1148731053|0.1450598148,0.0297548451|0.0317154679|0.0324063568|0.1443145988|0.1417921491|0.2050722275|0.2282783461|0.1866660087,0.3031622210|0.2731821880|0.2597455823|0.0459035199|0.0638546425|0.0187087268|0.0077302470|0.0277128724,True,1175.5348557710527,1200
6,6,Cristian de la Fuente|Jason Taylor|Kristi Yamaguchi|Mario|Marissa Jaret Winokur|Marlee Matlin|Shannon Elizabeth,Marlee Matlin,1,7,0.4443926981|0.4296607618|0.4208929902|0.2004894776|0.2128336141|0.1284756753|0.1632548202,0.0360092890|0.0397253626|0.0421165869|0.1830571505|0.1685958041|0.2958611975|0.2346346094,0.2943926921|0.2963274215|0.2542263186|0.0449339164|0.0683891633|0.0118090081|0.0299214800,True,1165.702174175364,1200
6,7,Cristian de la Fuente|Jason Taylor|Kristi Yamaguchi|Mario|Marissa Jaret Winokur|Shannon Elizabeth,Shannon Elizabeth,1,6,0.4680514392|0.4553727986|0.4449063981|0.2140306359|0.2357802764|0.1818584368,0.0496599779|0.0540399510|0.0579453086|0.2700673460|0.2336148350|0.3346725815,0.3191841301|0.2773792775|0.2701491112|0.0489820963|0.0674954876|0.0168098972,True,1150.4219904783886,1200
6,8,Cristian de la Fuente|Jason Taylor|Kristi Yamaguchi|Mario|Marissa Jaret Winokur,Mario,1,5,0.5220172101|0.4962887652|0.4886952799|0.2309633090|0.2620354209,0.0622823321|0.0739360668|0.0777753072|0.4335630078|0.3524432862,0.3085340702|0.3015322127|0.2827027749|0.0324614389|0.0747695033,True,1124.828530438906,1200
6,9,Cristian de la Fuente|Jason Taylor|Kristi Yamaguchi|Marissa Jaret Winokur,Marissa Jaret Winokur,1,4,0.5784892149|0.5706409095|0.5623517955|0.2885180653,0.0992212887|0.1045509625|0.1104911460|0.6857366027,0.3239437647|0.3206409095|0.3032608951|0.0521544308,True,1119.336569438154,1200
6,10,Cristian de la Fuente|Jason Taylor|Kristi Yamaguchi,Cristian de la Fuente|Jason Taylor|Kristi Yamaguchi,3,3,0.6775893086|0.6658917787|0.6565189127,0.3094137322|0.3345086884|0.3560775794,0.3698969895|0.3286136808|0.3014893297,False,1199.9999999999998,1200
7,1,Brooke Burke|Cloris Leachman|Cody Linley|Jeffrey Ross|Kim Kardashian|Lance Bass|Maurice Greene|Misty May-Treanor|Rocco DiSpirito|Susan Lucci|Ted McGinley|Toni Braxton|Warren Sapp,Jeffrey Ross|Ted McGinley,2,13,0.3147027241|0.0702340921|0.1384689633|0.0872437829|0.1312332558|0.3390459294|0.1017299948|0.1360096260|0.0821333462|0.0841822872|0.1017230071|0.1007931930|0.3124998315,0.0225993621|0.1153201946|0.0731720428|0.1029573290|0.0767882373|0.0192138936|0.0934792863|0.0743816298|0.1065254794|0.1050802761|0.0934836411|0.0940649236|0.0229337043,0.2174805003|0.0067420249|0.0571197543|0.0396247344|0.0578205543|0.2537284668|0.0243490396|0.0526762902|0.0126888984|0.0107695857|0.0283103056|0.0115074766|0.2271823688,False,1199.9999999999998,1200
7,2,Brooke Burke|Cloris Leachman|Cody Linley|Kim Kardashian|Lance Bass|Maurice Greene|Misty May-Treanor|Rocco DiSpirito|Susan Lucci|Toni Braxton|Warren Sapp,Kim Kardashian|Misty May-Treanor,2,11,0.3395151275|0.0748551858|0.1587055729|0.1393961806|0.3586741971|0.1138046503|0.1533602708|0.0844304960|0.1057738501|0.1170364063|0.3544480849,0.0260722486|0.1522115134|0.0870313596|0.0989879168|0.0229460165|0.1174024754|0.0901886742|0.1427986631|0.1238593516|0.1149000882|0.0236016926,0.2309178414|0.0069818792|0.0636829467|0.0624731008|0.2681764575|0.0278317973|0.0583376446|0.0120323028|0.0107512239|0.0129640069|0.2458507989,False,1199.9999999999998,1200
7,4,Brooke Burke|Cloris Leachman|Cody Linley|Lance Bass|Maurice Greene|Rocco DiSpirito|Susan Lucci|Toni Braxton|Warren Sapp,Rocco DiSpirito,1,9,0.3892425688|0.1175503341|0.1829668434|0.4246316185|0.1312654474|0.0976267741|0.1301719747|0.1232060020|0.4033384445,0.0271284582|0.1659795950|0.1073135365|0.0214270962|0.1514765414|0.1895567766|0.1525848124|0.1598379368|0.0246952468,0.2611637504|0.0091759471|0.0696663485|0.2965528002|0.0327432834|0.0089568259|0.0119453721|0.0148316149|0.2949640575,True,1170.093639132046,1200
7,5,Brooke Burke|Cloris Leachman|Cody Linley|Lance Bass|Maurice Greene|Susan Lucci|Toni Braxton|Warren Sapp,Toni Braxton,1,8,0.4025737126|0.1157845313|0.2133677770|0.4407517168|0.1692449949|0.1263275915|0.1223801340|0.4095695716,0.0327379270|0.2215087581|0.1155735539|0.0253813392|0.1550982889|0.2064741165|0.2119798969|0.0312461195,0.2538557579|0.0080922226|0.0697780270|0.3330594081|0.0307834498|0.0135070780|0.0095596205|0.2813644362,True,1168.856220602967,1200
7,6,Brooke Burke|Cloris Leachman|Cody Linley|Lance Bass|Maurice Greene|Susan Lucci|Warren Sapp,Cloris Leachman,1,7,0.4330574776|0.0992763505|0.2202518772|0.4750875711|0.1671193964|0.1580654712|0.4471418411,0.0354665677|0.3282573856|0.1465394245|0.0267996781|0.2088280196|0.2218209536|0.0322879709,0.2705574836|0.0055263505|0.0765018802|0.3063375681|0.0358694023|0.0143154742|0.2908918411,True,1183.3829942700133,1200
7,7,Brooke Burke|Cody Linley|Lance Bass|Maurice Greene|Susan Lucci|Warren Sapp,Susan Lucci,1,6,0.4579400413|0.2302804630|0.4791283799|0.2049097883|0.1721186767|0.4556226509,0.0510964334|0.2330947962|0.0443653655|0.2760502882|0.3435011513|0.0518919654,0.2538584017|0.0806206058|0.3090603543|0.0348417627|0.0088533739|0.3127655017,True,1167.9669753527521,1200
7,8,Brooke Burke|Cody Linley|Lance Bass|Maurice Greene|Warren Sapp,Maurice Greene,1,5,0.4811339827|0.2727651550|0.5254030415|0.2104376966|0.5102601391,0.0790071231|0.3169244866|0.0588158253|0.4801890700|0.0650634950,0.2654477062|0.0845298572|0.3293246069|0.0222023988|0.2984954309,True,1136.8975059582694,1200
7,9,Brooke Burke|Cody Linley|Lance Bass|Warren Sapp,Cody Linley,1,4,0.5419645110|0.2875819896|0.5984852688|0.5719682157,0.1256878201|0.6851821333|0.0862281045|0.1029019421,0.2981834212|0.0587262754|0.3149031774|0.3281871260,True,1115.2240585808684,1200
7,10,Brooke Burke|Lance Bass|Warren Sapp,Brooke Burke|Lance Bass|Warren Sapp,3,3,0.6460752329|0.6895805169|0.6643442801,0.3797129619|0.2841153669|0.3361716712,0.2931340476|0.3660510946|0.3408148578,False,1199.9999999999998,1200
8,2,Belinda Carlisle|Chuck Wicks|David Alan Grier|Denise Richards|Gilles Marini|Holly Madison|Lawrence Taylor|Lil' Kim|Melissa Rycroft|Shawn Johnson|Steve Wozniak|Steve-O|Ty Murray,Belinda Carlisle,1,13,0.0734258242|0.1014762946|0.0745220527|0.0937881406|0.3111611234|0.1942968875|0.0884786139|0.1176404676|0.3250540602|0.3045757291|0.0953409040|0.0671819460|0.1530579713,0.1124630667|0.0932814937|0.1116441612|0.0981872230|0.0230513164|0.0502403145|0.1017249844|0.0837520444|0.0210122016|0.0240858735|0.0971760556|0.1172432371|0.0661380279,0.0055012948|0.0260045953|0.0103711084|0.0145428564|0.2092743294|0.1263723582|0.0130069146|0.0308480135|0.2269408511|0.2140096900|0.0311899596|0.0143517565|0.0775862720,True,1181.9615433590395,1200
8,3,Chuck Wicks|David Alan Grier|Denise Richards|Gilles Marini|Holly Madison|Lawrence Taylor|Lil' Kim|Melissa Rycroft|Shawn Johnson|Steve Wozniak|Steve-O|Ty Murray,Denise Richards,1,12,0.1176804670|0.1063838007|0.0723039226|0.3218279942|0.1950195640|0.0921318667|0.1300662764|0.3346800128|0.3169436056|0.0704790116|0.0735662183|0.1689172638,0.0969548070|0.1045385676|0.1312042486|0.0248600339|0.0578961555|0.1149582438|0.0892706619|0.0228187217|0.0256828650|0.1328102387|0.1301047577|0.0689006986,0.0271292844|0.0118956121|0.0093117969|0.2155287801|0.1280904323|0.0133917095|0.0316410818|0.2283807988|0.2106443916|0.0311089330|0.0145110986|0.0783660812,True,1172.8314951508441,1200
8,4,Chuck Wicks|David Alan Grier|Gilles Marini|Holly Madison|Lawrence Taylor|Lil' Kim|Melissa Rycroft|Shawn Johnson|Steve Wozniak|Steve-O|Ty Murray,Holly Madison|Steve Wozniak,2,11,0.1170544811|0.1032148190|0.3362603405|0.1928542161|0.0942183167|0.1407267752|0.3520018709|0.3266862804|0.0822250200|0.0776736876|0.1770841998,0.1157658777|0.1269552002|0.0268481646|0.0698421915|0.1348025280|0.0988649287|0.0241734258|0.0286176748|0.1460233096|0.1505218836|0.0775848155,0.0261453875|0.0123057254|0.2122934008|0.1267385164|0.0157059163|0.0291565287|0.2321671573|0.2233804936|0.0326382434|0.0156902177|0.0737784130,False,1199.9999999999998,1200
8,5,Chuck Wicks|David Alan Grier|Gilles Marini|Lawrence Taylor|Lil' Kim|Melissa Rycroft|Shawn Johnson|Steve-O|Ty Murray,David Alan Grier,1,9,0.1435299567|0.1130075859|0.3854038883|0.1121935844|0.1624042089|0.3964967690|0.3853806766|0.1052025871|0.1963807579,0.1445521280|0.1771722922|0.0288222400|0.1781363625|0.1274611793|0.0267676689|0.0288267005|0.1866352145|0.1016262141,0.0340061463|0.0082456800|0.2473086435|0.0169554874|0.0385946850|0.2774491496|0.2615711528|0.0194882990|0.0963807564,True,1170.306181627032,1200
8,6,Chuck Wicks|Gilles Marini|Lawrence Taylor|Lil' Kim|Melissa Rycroft|Shawn Johnson|Steve-O|Ty Murray,Steve-O,1,8,0.1555752937|0.4064795227|0.1371441782|0.1864363071|0.4209523810|0.3955304533|0.0982358820|0.1996459821,0.1749482537|0.0328448637|0.1978213481|0.1424156861|0.0298238872|0.0353320037|0.2564036556|0.1304103018,0.0319193785|0.2666945756|0.0188646093|0.0358986672|0.2757910950|0.2557455063|0.0122143767|0.1028717914,True,1161.6447188257848,1200
8,7,Chuck Wicks|Gilles Marini|Lawrence Taylor|Lil' Kim|Melissa Rycroft|Shawn Johnson|Ty Murray,Lawrence Taylor,1,7,0.1805106333|0.4178247004|0.1272232797|0.1855203419|0.4430480381|0.4168158805|0.2290571635,0.2126119868|0.0437011783|0.3032986217|0.2056284272|0.0369372113|0.0439960797|0.1538264950,0.0321589789|0.2694730460|0.0118386637|0.0426631926|0.2837073734|0.2629697209|0.0971890246,True,1165.1936528421277,1200
8,8,Chuck Wicks|Gilles Marini|Lil' Kim|Melissa Rycroft|Shawn Johnson|Ty Murray,Chuck Wicks,1,6,0.1839077024|0.4478215322|0.2231904678|0.4531278946|0.4291437952|0.2628086228,0.3455622559|0.0594863745|0.2659445198|0.0574187863|0.0673744275|0.2042136361,0.0204461662|0.2715394839|0.0437032841|0.3056919910|0.2624771236|0.0961419512,True,1146.958470131511,1200
8,9,Gilles Marini|Lil' Kim|Melissa Rycroft|Shawn Johnson|Ty Murray,Lil' Kim,1,5,0.4904155100|0.2231436688|0.5104686201|0.4914531150|0.2845190713,0.0784046351|0.4657715703|0.0685933538|0.0778641530|0.3093662877,0.2806776876|0.0283871162|0.2969854802|0.2817152926|0.1122344234,True,1122.4177625515838,1200
8,10,Gilles Marini|Melissa Rycroft|Shawn Johnson|Ty Murray,Ty Murray,1,4,0.5598701359|0.5873166191|0.5536195784|0.2991936666,0.1168168799|0.0972836585|0.1217875292|0.6641119324,0.2858975352|0.3361750709|0.2979118078|0.0800155860,True,1091.638848398994,1200
8,11,Gilles Marini|Melissa Rycroft|Shawn Johnson,Gilles Marini|Melissa Rycroft|Shawn Johnson,3,3,0.6543624910|0.6824057338|0.6632317752,0.3607416828|0.2992284085|0.3400299087,0.3229339333|0.3566914437|0.3203746230,False,1199.9999999999998,1200
9,1,Aaron Carter|Ashley Hamiliton|Chuck Liddell|Debi Mazar|Donny Osmond|Joanna Krupa|Kathy Ireland|Kelly Osbourne|Louie Vito|Macy Gray|Mark Dacascos|Melissa Joan Hart|Michael Irvin|Mya|Natalie Coughlin|Tom DeLay,Ashley Hamiliton|Macy Gray,2,16,0.0891844148|0.0865946009|0.0651141886|0.0938540343|0.2374879769|0.1057503889|0.0578828987|0.2488241243|0.1632760474|0.0807902262|0.1393218927|0.1267397306|0.1409153443|0.2189986531|0.0782229647|0.0670425137,0.0739012287|0.0751882434|0.0867645068|0.0716360657|0.0274959588|0.0661741317|0.0910497653|0.0254945505|0.0450956251|0.0781547403|0.0529040345|0.0575331143|0.0523450089|0.0311029043|0.0795038771|0.0856562445,0.0103666151|0.0397966324|0.0109267827|0.0396666284|0.1635963074|0.0220064665|0.0086218689|0.1724696356|0.0967738116|0.0339922578|0.0678935341|0.0676261983|0.0941171300|0.1426439185|0.0117207288|0.0177814839,False,1199.9999999999998,1200
9,2,Aaron Carter|Chuck Liddell|Debi Mazar|Donny Osmond|Joanna Krupa|Kathy Ireland|Kelly Osbourne|Louie Vito|Mark Dacascos|Melissa Joan Hart|Michael Irvin|Mya|Natalie Coughlin|Tom DeLay,Kathy Ireland,1,14,0.1034853494|0.0761727458|0.1163474422|0.2600549971|0.0946701731|0.0671797297|0.2592831587|0.1696903415|0.1469404394|0.1386544767|0.1590554507|0.2396207344|0.0874614713|0.0813835123,0.0854262013|0.1024870947|0.0784064015|0.0300798409|0.0905969640|0.1088194760|0.0302350183|0.0549424485|0.0639404551|0.0675718862|0.0589792401|0.0344698017|0.0950571904|0.0989879813,0.0116486138|0.0115468940|0.0449188676|0.1750209843|0.0266429599|0.0059552393|0.1946573069|0.1050644897|0.0755118648|0.0740286249|0.0910282375|0.1477839988|0.0160328967|0.0201590219,True,1179.724508468698,1200
9,3,Aaron Carter|Chuck Liddell|Debi Mazar|Donny Osmond|Joanna Krupa|Kelly Osbourne|Louie Vito|Mark Dacascos|Melissa Joan Hart|Michael Irvin|Mya|Natalie Coughlin|Tom DeLay,Debi Mazar|Tom DeLay,2,13,0.0942252695|0.0776249646|0.1123116503|0.2620989314|0.1145921022|0.2723043094|0.1805903866|0.1458379771|0.1475040312|0.1480071927|0.2535218230|0.1137186072|0.0776627623,0.1050461771|0.1173391823|0.0931139642|0.0343033251|0.0917090578|0.0320470917|0.0590646489|0.0744639651|0.0736414680|0.0733948582|0.0363219780|0.0922446651|0.1173096184,0.0128299191|0.0117334902|0.0464201758|0.1807035810|0.0254448176|0.1947849298|0.1030710071|0.0760705318|0.0738606225|0.0937436270|0.1488706625|0.0129434101|0.0195232257,False,1199.9999999999998,1200
9,4,Aaron Carter|Chuck Liddell|Donny Osmond|Joanna Krupa|Kelly Osbourne|Louie Vito|Mark Dacascos|Melissa Joan Hart|Michael Irvin|Mya|Natalie Coughlin,Chuck Liddell,1,11,0.0876219563|0.0788478981|0.2881617364|0.1346851251|0.3017347687|0.1891659109|0.1698756059|0.1890463490|0.1702943305|0.2745268633|0.1160394484,0.1519876482|0.1611431301|0.0399195983|0.1110571347|0.0364660068|0.0772339833|0.0878333783|0.0772955694|0.0875885336|0.0437182896|0.1257567277,0.0132417894|0.0085999648|0.1889881831|0.0272471122|0.2066934490|0.1230502112|0.0789665123|0.0733438689|0.1041786308|0.1588243833|0.0168658951,True,1170.7805807134507,1200
9,5,Aaron Carter|Donny Osmond|Joanna Krupa|Kelly Osbourne|Louie Vito|Mark Dacascos|Melissa Joan Hart|Michael Irvin|Mya|Natalie Coughlin,Natalie Coughlin,1,10,0.1125422512|0.3147925172|0.1287057074|0.3039898318|0.2078375731|0.1895463543|0.1746994910|0.1903648719|0.2757849913|0.1017364107,0.1604543674|0.0416655430|0.1440633613|0.0447769001|0.0850047758|0.0960288723|0.1060200247|0.0955062906|0.0540400075|0.1724398574,0.0133686979|0.1949578036|0.0295321541|0.2048162785|0.1169284795|0.0821083414|0.0796581713|0.1035880119|0.1642147448|0.0108273171,True,1162.9275815466358,1200
9,6,Aaron Carter|Donny Osmond|Joanna Krupa|Kelly Osbourne|Louie Vito|Mark Dacascos|Melissa Joan Hart|Michael Irvin|Mya,Louie Vito|Melissa Joan Hart,2,9,0.1399104237|0.3135661261|0.1631362864|0.3109716990|0.2092221807|0.2009953202|0.1770112750|0.1920423014|0.2931443875,0.1775177732|0.0557772484|0.1520533811|0.0567503732|0.1118313972|0.1181361876|0.1386193554|0.1254020384|0.0639122454,0.0129876822|0.1943353267|0.0246746519|0.2148182907|0.1169141660|0.0779179724|0.0847036478|0.1074273912|0.1662208711,False,1199.9999999999998,1200
9,7,Aaron Carter|Donny Osmond|Joanna Krupa|Kelly Osbourne|Mark Dacascos|Michael Irvin|Mya,Mark Dacascos|Michael Irvin,2,7,0.1709230223|0.3881999066|0.1914791940|0.4041590423|0.2318702586|0.2645126354|0.3488559408,0.2614125621|0.0614108970|0.2279345923|0.0552127032|0.1741270053|0.1400737547|0.0798284854,0.0199258753|0.2400517573|0.0347840368|0.2560108931|0.1093631334|0.1306095045|0.2092547996,False,1199.9999999999998,1200
9,8,Aaron Carter|Donny Osmond|Joanna Krupa|Kelly Osbourne|Mya,Aaron Carter,1,5,0.2070163970|0.5233154741|0.2462583968|0.5343959155|0.4890138166,0.4637019423|0.0562936346|0.3569617554|0.0522851220|0.0707575456,0.0161767040|0.3324757812|0.0477851071|0.3397394242|0.2638229834,True,1157.176494117181,1200
9,9,Donny Osmond|Joanna Krupa|Kelly Osbourne|Mya,Joanna Krupa,1,4,0.5745141193|0.2859771412|0.5941106225|0.5453981170,0.1006322041|0.6888697290|0.0883078471|0.1221902198,0.3432639524|0.0328512651|0.3503616596|0.2735231229,True,1148.6147157107337,1200
9,10,Donny Osmond|Kelly Osbourne|Mya,Donny Osmond|Kelly Osbourne|Mya,3,3,0.6884778790|0.6791498398|0.6323722813,0.2842724040|0.3025116760|0.4132159200,0.3372001997|0.3736306166|0.2891691837,False,1199.9999999999998,1200
10,2,Aiden Turner|Buzz Aldrin|Chad Ochocinco|Erin Andrews|Evan Lysacek|Jake Pavelka|Kate Gosselin|Nicole Scherzinger|Niecy Nash|Pamela Anderson|Shannen Doherty,Shannen Doherty,1,11,0.1042960087|0.0615373029|0.1412162976|0.3768865500|0.3734486161|0.1186277763|0.0847900177|0.3878021204|0.1326812814|0.1185699058|0.1001441230,0.1189900738|0.1582376654|0.0930283994|0.0193321556|0.0197803567|0.1081473835|0.1355146857|0.0179753133|0.0984752182|0.1081891151|0.1223296333,0.0179323727|0.0069918482|0.0684890272|0.2723410983|0.2643577067|0.0277186827|0.0166081975|0.2605293953|0.0372267376|0.0185699043|0.0092350294,True,1165.7218371458016,1200
10,3,Aiden Turner|Buzz Aldrin|Chad Ochocinco|Erin Andrews|Evan Lysacek|Jake Pavelka|Kate Gosselin|Nicole Scherzinger|Niecy Nash|Pamela Anderson,Buzz Aldrin,1,10,0.1172252103|0.0693592755|0.1659497645|0.4008526717|0.3845486893|0.1290342323|0.0912091036|0.3799617044|0.1380340309|0.1238253248,0.1327603625|0.1826646484|0.0959392670|0.0200393126|0.0223402323|0.1227093933|0.1579038698|0.0230339471|0.1155635097|0.1270454573,0.0187030464|0.0053198663|0.0674276006|0.2875521768|0.2564698710|0.0255859531|0.0173174788|0.2666612096|0.0345857517|0.0203770456,True,1179.9748685315774,1200
10,4,Aiden Turner|Chad Ochocinco|Erin Andrews|Evan Lysacek|Jake Pavelka|Kate Gosselin|Nicole Scherzinger|Niecy Nash|Pamela Anderson,Aiden Turner,1,9,0.1005483255|0.1866897513|0.3969896020|0.3943804745|0.1300372939|0.1044608711|0.4044805366|0.1374370217|0.1449761086,0.1888233287|0.1063287423|0.0261679828|0.0266271352|0.1551230520|0.1839618082|0.0248932596|0.1476562840|0.1404184072,0.0115995392|0.0680913721|0.2918683098|0.2542187516|0.0276114206|0.0182075037|0.2697096515|0.0404019788|0.0182914727,True,1161.2362866840053,1200
10,5,Chad Ochocinco|Erin Andrews|Evan Lysacek|Jake Pavelka|Kate Gosselin|Nicole Scherzinger|Niecy Nash|Pamela Anderson,Kate Gosselin,1,8,0.1756528172|0.4221841569|0.4330272593|0.1594129084|0.0973774085|0.4275010034|0.1431634808|0.1416809653,0.1458756787|0.0281969123|0.0262305596|0.1625557145|0.2458178466|0.0272149604|0.1811545109|0.1829538171,0.0716065767|0.2950165297|0.2769578912|0.0264649271|0.0106722082|0.2598709419|0.0391172404|0.0202936848,True,1165.0822853669747,1200
10,6,Chad Ochocinco|Erin Andrews|Evan Lysacek|Jake Pavelka|Nicole Scherzinger|Niecy Nash|Pamela Anderson,Jake Pavelka,1,7,0.2197561810|0.4499524237|0.4235183701|0.1382839494|0.4394730539|0.1604759575|0.1685400644,0.1583078972|0.0341205634|0.0406958963|0.2725140205|0.0365895507|0.2350370927|0.2227349792,0.0714307974|0.2872724535|0.2943313375|0.0186668001|0.2672241539|0.0360745819|0.0249998757,True,1146.5987870328067,1200
10,7,Chad Ochocinco|Erin Andrews|Evan Lysacek|Nicole Scherzinger|Niecy Nash|Pamela Anderson,Pamela Anderson,1,6,0.2401059408|0.4591245248|0.4623763068|0.4640279412|0.1965854593|0.1777798420,0.2204622499|0.0511929888|0.0500951420|0.0495465753|0.2946720437|0.3340310002,0.0729033638|0.2951373800|0.2887428655|0.2903944998|0.0390291937|0.0137926972,True,1163.2166037485274,1200
10,8,Chad Ochocinco|Erin Andrews|Evan Lysacek|Nicole Scherzinger|Niecy Nash,Niecy Nash,1,5,0.2578331496|0.5151346924|0.5138203836|0.5150323481|0.1981794261,0.3300551725|0.0593775502|0.0599001057|0.0594180770|0.4912490946,0.0799675401|0.3056485208|0.3043342120|0.2818307699|0.0282189571,True,1137.53310720802,1200
10,9,Chad Ochocinco|Erin Andrews|Evan Lysacek|Nicole Scherzinger,Chad Ochocinco,1,4,0.2871581413|0.5749854800|0.5672393738|0.5706169900,0.6884948840|0.1010543977|0.1064100120|0.1040407063,0.0570696391|0.3271978703|0.3061774372|0.3095550534,True,1118.0073598151546,1200
10,10,Erin Andrews|Evan Lysacek|Nicole Scherzinger,Erin Andrews|Evan Lysacek|Nicole Scherzinger,3,3,0.6757509910|0.6560686481|0.6681803608,0.3132851877|0.3572120338|0.3295027785,0.3491386675|0.3308002901|0.3200610424,False,1199.9999999999998,1200
11,1,Audrina Patridge|Brandy|Bristol Palin|David Hasselhoff|Florence Henderson|Jennifer Grey|Kurt Warner|Kyle Massey|Margaret Cho|Michael Bolton|Rick Fox|The Situation,David Hasselhoff,1,12,0.1088821062|0.1667470710|0.3886761477|0.0710985779|0.0880066932|0.3549761310|0.1184516548|0.3393867953|0.0783322903|0.0790883262|0.1211662553|0.0851879513,0.0984658986|0.0669498511|0.0152475170|0.1266719242|0.1131687085|0.0190884502|0.0923802573|0.0211790472|0.1207081587|0.1201012913|0.0907234577|0.1153154381,0.0251816653|0.0654254855|0.3093809967|0.0050192817|0.0087115422|0.2492492556|0.0347512139|0.2380652098|0.0122529941|0.0086037476|0.0242499523|0.0191086551,True,1184.292516978972,1200
11,2,Audrina Patridge|Brandy|Bristol Palin|Florence Henderson|Jennifer Grey|Kurt Warner|Kyle Massey|Margaret Cho|Michael Bolton|Rick Fox|The Situation,Michael Bolton,1,11,0.1257633075|0.1631092519|0.4083399151|0.0965916326|0.3556695557|0.1299044144|0.3506529375|0.0939806141|0.0602546970|0.1170527274|0.0986809654,0.1041710542|0.0812118634|0.0158344865|0.1265341375|0.0224957405|0.1013344995|0.0232608130|0.1287559720|0.1612181425|0.1103994149|0.1247838759,0.0216909081|0.0680866257|0.3087924022|0.0106187796|0.2470722697|0.0348817882|0.2511054246|0.0125326477|0.0059560540|0.0220301012|0.0172329990,True,1183.0165418726172,1200
11,3,Audrina Patridge|Brandy|Bristol Palin|Florence Henderson|Jennifer Grey|Kurt Warner|Kyle Massey|Margaret Cho|Rick Fox|The Situation,Margaret Cho,1,10,0.1418913104|0.1740564363|0.3958511235|0.0998631722|0.3644791805|0.1393047457|0.3574586717|0.0892801562|0.1300210310|0.1077941874,0.1169074102|0.0943440383|0.0215056746|0.1547126993|0.0265084386|0.1189408155|0.0277786159|0.1660224938|0.1265348104|0.1467450033,0.0242442512|0.0654591503|0.3098782705|0.0093654326|0.2558818944|0.0352323463|0.2533862722|0.0078321898|0.0214237450|0.0172964478,True,1174.4409188607137,1200
11,4,Audrina Patridge|Brandy|Bristol Palin|Florence Henderson|Jennifer Grey|Kurt Warner|Kyle Massey|Rick Fox|The Situation,The Situation,1,9,0.1509835363|0.1975110023|0.4158090408|0.1085775349|0.4011889758|0.1319280743|0.3711007510|0.1326960764|0.0902050157,0.1348624041|0.0988963095|0.0230750435|0.1789241022|0.0254373551|0.1531306445|0.0310875349|0.1523486172|0.2022379890,0.0224919111|0.0634327828|0.3264235685|0.0108121711|0.2447643938|0.0369560077|0.2593689089|0.0237575314|0.0119927247,True,1161.9925623396584,1200
11,5,Audrina Patridge|Brandy|Bristol Palin|Florence Henderson|Jennifer Grey|Kurt Warner|Kyle Massey|Rick Fox,Florence Henderson,1,8,0.1499367460|0.2063277031|0.4237921446|0.1212422248|0.3969340860|0.1696085781|0.3777274209|0.1544311336,0.1880458949|0.1291205340|0.0302950217|0.2276895009|0.0362354210|0.1649331941|0.0411853065|0.1824951269,0.0235631123|0.0579760487|0.3248910441|0.0058576089|0.2595714420|0.0377404392|0.2678373101|0.0225629947,True,1182.6145138913766,1200
11,6,Audrina Patridge|Brandy|Bristol Palin|Jennifer Grey|Kurt Warner|Kyle Massey|Rick Fox,Audrina Patridge,1,7,0.1707527562|0.2374939614|0.4583781811|0.4095793069|0.1474760505|0.4092512358|0.1670685006,0.2278954572|0.1460495043|0.0334945979|0.0463726570|0.2661513257|0.0464741916|0.2335622662,0.0161638333|0.0635808103|0.3231129947|0.2694822104|0.0411959844|0.2643236895|0.0221404774,True,1149.73816087672,1200
11,7,Brandy|Bristol Palin|Jennifer Grey|Kurt Warner|Kyle Massey|Rick Fox,Rick Fox,1,6,0.2470920660|0.4801090897|0.4429132616|0.2089107740|0.4405359088|0.1804388999,0.2170473714|0.0459093503|0.0588293567|0.2799630352|0.0597691721|0.3384817143,0.0720321067|0.3242337943|0.2678533023|0.0410450655|0.2798644512|0.0149712800,True,1151.1206047635908,1200
11,8,Brandy|Bristol Palin|Jennifer Grey|Kurt Warner|Kyle Massey,Kurt Warner,1,5,0.2885624351|0.5306130887|0.4908188681|0.2069098303|0.4830957927,0.2893780918|0.0576311422|0.0751403644|0.4987399451|0.0791104565,0.0734680923|0.3532545955|0.2757245252|0.0257777522|0.2717750348,True,1143.7153038522968,1200
11,9,Brandy|Bristol Palin|Jennifer Grey|Kyle Massey,Brandy,1,4,0.3041451635|0.5895189999|0.5594473679|0.5468884984,0.6537016799|0.0975298864|0.1191801727|0.1295882610,0.0541451635|0.3570628523|0.2962894638|0.2925025204,True,1113.3907631735706,1200
11,10,Bristol Palin|Jennifer Grey|Kyle Massey,Bristol Palin|Jennifer Grey|Kyle Massey,3,3,0.6968836726|0.6655028625|0.6376134649,0.2690137328|0.3316127359|0.3993735313,0.3876467885|0.3040562137|0.3082969978,False,1199.9999999999998,1200
12,2,Chelsea Kane|Chris Jericho|Hines Ward|Kendra Wilkinson|Kirstie Alley|Mike Catherwood|Petra Nemcova|Ralph Macchio|Romeo|Sugar Ray Leonard|Wendy Williams,Mike Catherwood,1,11,0.3455076482|0.1288649819|0.3476338122|0.1273196562|0.3579994141|0.0879275852|0.1027715937|0.1680782774|0.1465576145|0.0971080472|0.0902313769,0.0251294652|0.1065192279|0.0247757820|0.1076222794|0.0231214933|0.1399438808|0.1267582125|0.0820151136|0.0946678669|0.1316357200|0.1378109584,0.2621743124|0.0223834968|0.2411523272|0.0393566935|0.2654068245|0.0092238837|0.0194382579|0.0708560535|0.0400761294|0.0184043457|0.0115276754,True,1170.3255860249708,1200
12,3,Chelsea Kane|Chris Jericho|Hines Ward|Kendra Wilkinson|Kirstie Alley|Petra Nemcova|Ralph Macchio|Romeo|Sugar Ray Leonard|Wendy Williams,Wendy Williams,1,10,0.3625668476|0.1226124060|0.3593066145|0.1479511602|0.3710123713|0.1357188289|0.1764128619|0.1352107210|0.1100590764|0.0791491271,0.0272857144|0.1351059869|0.0278852582|0.1141067634|0.0257918820|0.1238019865|0.0943857259|0.1242220627|0.1468994623|0.1805151578,0.2550902108|0.0244815615|0.2424841855|0.0404745234|0.2728815268|0.0188963999|0.0782820174|0.0417527763|0.0166011317|0.0090556668,True,1167.5167868832814,1200
12,4,Chelsea Kane|Chris Jericho|Hines Ward|Kendra Wilkinson|Kirstie Alley|Petra Nemcova|Ralph Macchio|Romeo|Sugar Ray Leonard,Sugar Ray Leonard,1,9,0.3817710875|0.1355367845|0.3703553989|0.1311562112|0.3835209782|0.1305845974|0.1970867434|0.1581015282|0.1118866632,0.0304915075|0.1574346139|0.0329026366|0.1621000997|0.0301378623|0.1627190026|0.1044467281|0.1354467531|0.1843207962,0.2555574923|0.0238863027|0.2489961772|0.0437775678|0.2767248626|0.0189341156|0.0757275218|0.0464510464|0.0099449138,True,1166.8901735949387,1200
12,5,Chelsea Kane|Chris Jericho|Hines Ward|Kendra Wilkinson|Kirstie Alley|Petra Nemcova|Ralph Macchio|Romeo,Petra Nemcova,1,8,0.3896513944|0.1576069371|0.3893468954|0.1611245657|0.4061406463|0.1254482563|0.1951514478|0.1755298272,0.0387161795|0.1818569951|0.0387948529|0.1776419095|0.0346857605|0.2253403312|0.1415883493|0.1613756220,0.2556307827|0.0235863255|0.2501716443|0.0477225045|0.2875839457|0.0120461951|0.0817493866|0.0415092155,True,1164.1209870223988,1200
12,6,Chelsea Kane|Chris Jericho|Hines Ward|Kendra Wilkinson|Kirstie Alley|Ralph Macchio|Romeo,Chris Jericho,1,7,0.4216518185|0.1386214543|0.4127526659|0.1797897986|0.4310676135|0.2193589644|0.1967577219,0.0435834578|0.2875931378|0.0462474050|0.2185666794|0.0409317360|0.1678879342|0.1951896497,0.2660962573|0.0163992319|0.2627526600|0.0409009031|0.2866231628|0.0860256241|0.0412021607,True,1151.2265814383975,1200
12,7,Chelsea Kane|Hines Ward|Kendra Wilkinson|Kirstie Alley|Ralph Macchio|Romeo,Kendra Wilkinson,1,6,0.4470712634|0.4464222028|0.1892849613|0.4543747556|0.2571973837|0.2056494183,0.0585493247|0.0588032207|0.3265048826|0.0557668501|0.2076170798|0.2927586422,0.2773099932|0.2713558956|0.0274812538|0.2952235591|0.0821310765|0.0464982218,True,1125.6247138291064,1200
12,8,Chelsea Kane|Hines Ward|Kirstie Alley|Ralph Macchio|Romeo,Romeo,1,5,0.4908310835|0.4997727379|0.4999098858|0.2779123938|0.2315739139,0.0790525764|0.0744778768|0.0744098114|0.3268727942|0.4451869411,0.2792926197|0.2920804277|0.2960637292|0.1009893125|0.0315739109,True,1117.668806402845,1200
12,9,Chelsea Kane|Hines Ward|Kirstie Alley|Ralph Macchio,Ralph Macchio,1,4,0.5793514697|0.5662399540|0.5762863447|0.2781222316,0.0946804173|0.1033289198|0.0966350351|0.7053556278,0.2687131611|0.3109208057|0.3464991143|0.0738669189,True,1104.0008296035755,1200
12,10,Chelsea Kane|Hines Ward|Kirstie Alley,Chelsea Kane|Hines Ward|Kirstie Alley,3,3,0.6657128945|0.6596409332|0.6746461724,0.3351775077|0.3490237625|0.3157987297,0.3260180965|0.3199461352|0.3540357683,False,1199.9999999999998,1200
13,1,Carson Kressley|Chaz Bono|Chynna Phillips|David Arquette|Elisabetta Canalis|Hope Solo|J.R. Martinez|Kristin Cavallari|Metta World Peace (Ron)|Nancy Grace|Ricki Lake|Rob Kardashian,Metta World Peace (Ron),1,12,0.0985238347|0.0985145767|0.1141844340|0.1072832195|0.0850222931|0.1704712199|0.3443716113|0.1069751913|0.0732322977|0.1108503950|0.3650816965|0.3254892302,0.1088031894|0.1088099049|0.0980165804|0.1026314842|0.1190508753|0.0673492262|0.0211270766|0.1028424567|0.1287858432|0.1002195800|0.0184025315|0.0239612516,0.0201828200|0.0201735620|0.0128019475|0.0243339090|0.0158978701|0.0736970292|0.2429891248|0.0194175849|0.0087161706|0.0371176762|0.2729157943|0.2517565114,True,1173.0508725168158,1200
13,2,Carson Kressley|Chaz Bono|Chynna Phillips|David Arquette|Elisabetta Canalis|Hope Solo|J.R. Martinez|Kristin Cavallari|Nancy Grace|Ricki Lake|Rob Kardashian,Elisabetta Canalis,1,11,0.1002497156|0.0983465541|0.1100853373|0.1074534802|0.1039965348|0.1648647068|0.3587097199|0.1198382356|0.1309372389|0.3730335112|0.3324849805,0.1286385965|0.1302811279|0.1204742556|0.1226067155|0.1254651587|0.0836164513|0.0229642854|0.1128903238|0.1048387449|0.0208728288|0.0273515116,0.0195322265|0.0221133683|0.0159149309|0.0267359911|0.0098261284|0.0796629144|0.2600550101|0.0211835258|0.0367668324|0.2698944981|0.2383145741,True,1169.5574896411495,1200
13,3,Carson Kressley|Chaz Bono|Chynna Phillips|David Arquette|Hope Solo|J.R. Martinez|Kristin Cavallari|Nancy Grace|Ricki Lake|Rob Kardashian,Kristin Cavallari,1,10,0.1165702646|0.0964072412|0.1229642574|0.1270457010|0.1781298017|0.3742866764|0.1140622600|0.1311498398|0.3827324652|0.3566515002,0.1394099641|0.1594673390|0.1335922640|0.1300062766|0.0924827426|0.0250108458|0.1417604987|0.1264974065|0.0236415156|0.0281311472,0.0195238521|0.0204578777|0.0132596139|0.0257798757|0.0768639763|0.2645820329|0.0127964347|0.0425422454|0.2688084164|0.2553856749,True,1155.402352939638,1200
13,4,Carson Kressley|Chaz Bono|Chynna Phillips|David Arquette|Hope Solo|J.R. Martinez|Nancy Grace|Ricki Lake|Rob Kardashian,Chynna Phillips,1,9,0.1203084477|0.1239323332|0.1092241993|0.1388589559|0.1931694203|0.3863697501|0.1454804737|0.4067827247|0.3758736951,0.1695763797|0.1655286359|0.1825818257|0.1498497894|0.1043304875|0.0287765675|0.1433787796|0.0251152424|0.0308622924,0.0246146657|0.0234538628|0.0087457290|0.0288111089|0.0783368849|0.2619678380|0.0450020033|0.2680267476|0.2610411597,True,1173.280345767051,1200
13,5,Carson Kressley|Chaz Bono|David Arquette|Hope Solo|J.R. Martinez|Nancy Grace|Ricki Lake|Rob Kardashian,Carson Kressley,1,8,0.1132265823|0.1341975585|0.1606339595|0.2120876777|0.4208737251|0.1617964148|0.4134122491|0.3837718330,0.2343154167|0.2037434561|0.1708214674|0.1212184359|0.0301349971|0.1695027683|0.0316719162|0.0385915422,0.0121627497|0.0224954293|0.0276552371|0.0844281035|0.2719375577|0.0447751373|0.2857526749|0.2507931105,True,1164.2968253803888,1200
13,6,Chaz Bono|David Arquette|Hope Solo|J.R. Martinez|Nancy Grace|Ricki Lake|Rob Kardashian,Chaz Bono,1,7,0.1286084055|0.1676394758|0.2131939360|0.4431130101|0.1887750852|0.4569291663|0.4017409286,0.2935783334|0.2263171563|0.1670412788|0.0360694820|0.1965728891|0.0328956169|0.0475252434,0.0141505747|0.0290852603|0.0927120053|0.2684142103|0.0441967773|0.2822303665|0.2692108056,True,1158.448301994155,1200
13,7,David Arquette|Hope Solo|J.R. Martinez|Nancy Grace|Ricki Lake|Rob Kardashian,David Arquette,1,6,0.1791268071|0.2558512824|0.4570443968|0.1959311195|0.4782486832|0.4337977259,0.3367421936|0.2019098138|0.0528011886|0.3010537693|0.0458406748|0.0616523599,0.0187172523|0.0852028119|0.2932218651|0.0457604654|0.2973613119|0.2597362934,True,1143.3483491456432,1200
13,8,Hope Solo|J.R. Martinez|Nancy Grace|Ricki Lake|Rob Kardashian,Nancy Grace,1,5,0.2991648768|0.5106912820|0.2005919080|0.5160682230|0.4734837102,0.2686931059|0.0655880702|0.5183874748|0.0632786222|0.0840527268,0.0983926807|0.2790310500|0.0307077329|0.3152960270|0.2765725093,True,1135.181187105982,1200
13,9,Hope Solo|J.R. Martinez|Ricki Lake|Rob Kardashian,Hope Solo,1,4,0.2811641232|0.5732099956|0.5903884833|0.5552374276,0.6988904201|0.0997354799|0.0889432236|0.1124308764,0.0744138793|0.3369220740|0.3076877063|0.2809763404,True,1100.4518912905307,1200
13,10,J.R. Martinez|Ricki Lake|Rob Kardashian,J.R. Martinez|Ricki Lake|Rob Kardashian,3,3,0.6635840612|0.6869324030|0.6494835060,0.3384761744|0.2896861491|0.3718376765,0.3302511352|0.3555710794|0.3141777854,False,1199.9999999999998,1200
14,2,Donald Driver|Gavin DeGraw|Gladys Knight|Jack Wagner|Jaleel White|Katherine Jenkins|Maria Menounos|Martina Navratilova|Melissa Gilbert|Roshon Fegan|Sherri Sheperd|William Levy,Martina Navratilova,1,12,0.2645906859|0.0952531174|0.0810194386|0.0906067248|0.1056797800|0.2877537621|0.1116428015|0.0712518598|0.2578264430|0.2588259095|0.0988087363|0.2767407485,0.0372410857|0.1151608367|0.1266238554|0.1187838769|0.1074277627|0.0319123186|0.1032409080|0.1351436268|0.0389589123|0.0387001877|0.1124631491|0.0343434800,0.1753713542|0.0171862021|0.0103874651|0.0125398095|0.0238953901|0.1910994886|0.0187059952|0.0080548356|0.1834770024|0.1621716359|0.0133068792|0.1838039422,True,1172.9831517112564,1200
14,3,Donald Driver|Gavin DeGraw|Gladys Knight|Jack Wagner|Jaleel White|Katherine Jenkins|Maria Menounos|Melissa Gilbert|Roshon Fegan|Sherri Sheperd|William Levy,Jack Wagner,1,11,0.2661437947|0.1017646316|0.0965357333|0.0940012216|0.1137538062|0.3029046058|0.1159637324|0.2709050687|0.2549117591|0.1006637529|0.2824519162,0.0445161759|0.1331816137|0.1379061023|0.1402560640|0.1229509977|0.0348405017|0.1211528585|0.0431253417|0.0479775342|0.1341626547|0.0399301555,0.1732866500|0.0160503435|0.0108214453|0.0082869335|0.0244680897|0.1993331760|0.0195351593|0.1851907806|0.1656260427|0.0149494648|0.1824519147,True,1173.7805878182216,1200
14,4,Donald Driver|Gavin DeGraw|Gladys Knight|Jaleel White|Katherine Jenkins|Maria Menounos|Melissa Gilbert|Roshon Fegan|Sherri Sheperd|William Levy,Sherri Sheperd,1,10,0.2868653500|0.1151185993|0.0973735317|0.1191928339|0.3100669361|0.1323390713|0.2728570674|0.2807175447|0.0993491457|0.2861199347,0.0475483630|0.1494147056|0.1681785395|0.1454109883|0.0407342850|0.1332094301|0.0522027884|0.0495376373|0.1659780233|0.0477852396,0.1709855238|0.0164061550|0.0115366220|0.0247722295|0.2070626445|0.0207510850|0.1784364630|0.1691295583|0.0092203887|0.1916993303,True,1166.526276348051,1200
14,5,Donald Driver|Gavin DeGraw|Gladys Knight|Jaleel White|Katherine Jenkins|Maria Menounos|Melissa Gilbert|Roshon Fegan|William Levy,Gavin DeGraw,1,9,0.2990032652|0.0971808289|0.1093449745|0.1340454621|0.3233325782|0.1435057044|0.2829340620|0.2897944541|0.3208586632,0.0552634971|0.2122140661|0.1956840184|0.1659740233|0.0469891716|0.1558295852|0.0615125134|0.0587625458|0.0477705791,0.1784675488|0.0123594035|0.0111306909|0.0269026039|0.1938682946|0.0229699880|0.1891840620|0.1737230288|0.1913943796,True,1162.7061466189007,1200
14,6,Donald Driver|Gladys Knight|Jaleel White|Katherine Jenkins|Maria Menounos|Melissa Gilbert|Roshon Fegan|William Levy,Gladys Knight,1,8,0.3193067339|0.1013547565|0.1659944617|0.3438869520|0.1384251836|0.3157944602|0.2882410326|0.3269964418,0.0647361313|0.2768103661|0.1799000294|0.0549515215|0.2161983972|0.0662698239|0.0796326484|0.0615010821,0.1875238148|0.0083312477|0.0225839876|0.1927241340|0.0221461851|0.1995150742|0.1797143781|0.1874611786,True,1175.3128200298663,1200
14,7,Donald Driver|Jaleel White|Katherine Jenkins|Maria Menounos|Melissa Gilbert|Roshon Fegan|William Levy,Jaleel White,1,7,0.3284482483|0.1561635563|0.3520464265|0.1764774395|0.3219438917|0.3219583051|0.3429621475,0.0929486255|0.2931286349|0.0794180552|0.2560021009|0.0970677612|0.0970584344|0.0843763879,0.1840340767|0.0171989778|0.2049074584|0.0211640818|0.1938784993|0.1802689301|0.1985479760,True,1144.395576642437,1200
14,8,Donald Driver|Katherine Jenkins|Maria Menounos|Melissa Gilbert|Roshon Fegan|William Levy,Melissa Gilbert|Roshon Fegan,2,6,0.3586337279|0.3782599343|0.1872935641|0.3554477600|0.3458042578|0.3745607559,0.1246688845|0.1093791101|0.3906957238|0.1273451459|0.1358010706|0.1121100650,0.1904380034|0.2100642098|0.0252140510|0.1994844583|0.1745504425|0.2002488349,False,1199.9999999999998,1200
14,9,Donald Driver|Katherine Jenkins|Maria Menounos|William Levy,Maria Menounos,1,4,0.5497642248|0.5897275600|0.2802437140|0.5802644714,0.1161108373|0.0889543214|0.7001878346|0.0947470067,0.3019381403|0.3462493065|0.0237219824|0.3280905707,True,1159.5803720748377,1200
14,10,Donald Driver|Katherine Jenkins|William Levy,Donald Driver|Katherine Jenkins|William Levy,3,3,0.6423308349|0.6875791791|0.6700899860,0.3890072317|0.2877069150|0.3232858533,0.3102415299|0.3517577890|0.3380006811,False,1199.9999999999998,1200
15,1,Apolo Anton Ohno|Bristol Palin|Drew Lachey|Emmitt Smith|Gilles Marini|Helio Castroneves|Joey Fatone|Kelly Monaco|Kirstie Alley|Melissa Rycroft|Pamela Anderson|Sabrina Bryan|Shawn Johnson,Pamela Anderson,1,13,0.2025293823|0.0879016097|0.1433569719|0.1671938780|0.1895822709|0.1472821866|0.0864824624|0.2125148697|0.1836896997|0.2031012881|0.0684244072|0.0981436756|0.2097972941,0.0524427702|0.1126074226|0.0778049629|0.0663731437|0.0571704158|0.0757953633|0.1136778551|0.0490653247|0.0594609841|0.0522432020|0.1282210401|0.1051751646|0.0499623508,0.1229633804|0.0173772003|0.0655992855|0.0785862837|0.1027829921|0.0695245002|0.0123414145|0.1347571833|0.1149736058|0.1271519247|0.0069415865|0.0167693507|0.1302312923,True,1178.0657290574345,1200
15,2,Apolo Anton Ohno|Bristol Palin|Drew Lachey|Emmitt Smith|Gilles Marini|Helio Castroneves|Joey Fatone|Kelly Monaco|Kirstie Alley|Melissa Rycroft|Sabrina Bryan|Shawn Johnson,Joey Fatone,1,12,0.2094284687|0.0818032175|0.1489283350|0.1678798817|0.1940227506|0.1590665032|0.0897231157|0.2047394463|0.1964261001|0.2108473216|0.1132207296|0.2239141449,0.0595031655|0.1393326892|0.0890647593|0.0784938355|0.0659392788|0.0832439913|0.1321668580|0.0613926218|0.0648911967|0.0589429775|0.1130030084|0.0540256179,0.1206603516|0.0165858269|0.0674065929|0.0863581396|0.1016314459|0.0757331674|0.0082013737|0.1250292981|0.1203391468|0.1257023920|0.0190178311|0.1333344340,True,1170.2942324383891,1200
15,3,Apolo Anton Ohno|Bristol Palin|Drew Lachey|Emmitt Smith|Gilles Marini|Helio Castroneves|Kelly Monaco|Kirstie Alley|Melissa Rycroft|Sabrina Bryan|Shawn Johnson,Drew Lachey|Helio Castroneves,2,11,0.2193400314|0.0949363405|0.1540811196|0.1745420390|0.1941913177|0.1626811348|0.2265473737|0.2043440038|0.2240088845|0.1111184996|0.2342092554,0.0674895085|0.1546756115|0.1042749925|0.0909787023|0.0798085185|0.0984647024|0.0643233822|0.0745854668|0.0654212068|0.1388576120|0.0611202965,0.1276134154|0.0140010858|0.0677501842|0.0846139782|0.1024647017|0.0709545188|0.1294250696|0.1180130684|0.1268865803|0.0193918836|0.1388855140,False,1199.9999999999998,1200
15,4,Apolo Anton Ohno|Bristol Palin|Emmitt Smith|Gilles Marini|Kelly Monaco|Kirstie Alley|Melissa Rycroft|Sabrina Bryan|Shawn Johnson,Bristol Palin,1,9,0.2522504913|0.1115546731|0.2140816260|0.2425680974|0.2678903290|0.2408838091|0.2627134416|0.1326946480|0.2753628921,0.0840355041|0.2146935148|0.1083859512|0.0896388366|0.0757148108|0.0906510262|0.0783735404|0.1864714851|0.0720353308,0.1449410009|0.0120212344|0.1021065075|0.1197065109|0.1512495824|0.1475712104|0.1476279068|0.0222747413|0.1525013056,True,1160.9064383273242,1200
15,6,Apolo Anton Ohno|Emmitt Smith|Gilles Marini|Kelly Monaco|Kirstie Alley|Melissa Rycroft|Sabrina Bryan|Shawn Johnson,Sabrina Bryan,1,8,0.2743381245|0.2204145601|0.2470787648|0.2776852956|0.2621446266|0.2815907173|0.1470073381|0.2897405506,0.1011456946|0.1449012430|0.1213029412|0.0989136774|0.1097112577|0.0963715833|0.2363783993|0.0912752036,0.1415947659|0.1031579262|0.1253973503|0.1582162714|0.1404632120|0.1510597490|0.0142639795|0.1658467458,True,1151.9868954128933,1200
15,8,Apolo Anton Ohno|Emmitt Smith|Gilles Marini|Kelly Monaco|Kirstie Alley|Melissa Rycroft|Shawn Johnson,Gilles Marini|Kirstie Alley,2,7,0.2946929722|0.2451638639|0.2712552119|0.3020846869|0.2750647478|0.2998096409|0.3119288914,0.1331559492|0.1852516270|0.1556753466|0.1267533274|0.1517714577|0.1286904447|0.1187018473,0.1477736472|0.0993600696|0.1243358869|0.1599044825|0.1471024267|0.1492657276|0.1722577594,False,1199.9999999999998,1200
15,9,Apolo Anton Ohno|Emmitt Smith|Kelly Monaco|Melissa Rycroft|Shawn Johnson,Apolo Anton Ohno|Emmitt Smith,2,5,0.4124854356|0.3317200391|0.4139351971|0.4127782943|0.4290810339,0.1786665219|0.3061138338|0.1769480144|0.1783180352|0.1599535947,0.2095701098|0.1402302681|0.2216581977|0.2086806955|0.2198607288,False,1199.9999999999998,1200
15,10,Kelly Monaco|Melissa Rycroft|Shawn Johnson,Kelly Monaco|Melissa Rycroft|Shawn Johnson,3,3,0.6619902386|0.6616333686|0.6763763630,0.3435328203|0.3443511036|0.3121160762,0.3288689984|0.3259694539|0.3451615476,False,1199.9999999999998,1200
16,2,Alexandra Raisman|Andy Dick|D. L. Hughley|Dorothy Hamill|Ingo Rademacher|Jacoby Jones|Kellie Pickler|Lisa Vanderpump|Sean Lowe|Victor Ortiz|Wynonna Judd|Zendaya,Dorothy Hamill,1,12,0.3284022886|0.0972120606|0.0768671062|0.0668152591|0.1064641855|0.3177241788|0.3340405541|0.0830110640|0.1104675711|0.0922831752|0.0861911880|0.3005213687,0.0229177337|0.1070374949|0.1225859261|0.1310821907|0.1006348239|0.0246086598|0.0220722810|0.1176662825|0.0979844824|0.1106130891|0.1151979182|0.0275991177,0.2300416309|0.0152448484|0.0112933394|0.0053398481|0.0244969732|0.2234618843|0.2274831775|0.0092405707|0.0285003588|0.0185126820|0.0124206947|0.1939639920,True,1180.4450725349461,1200
16,3,Alexandra Raisman|Andy Dick|D. L. Hughley|Ingo Rademacher|Jacoby Jones|Kellie Pickler|Lisa Vanderpump|Sean Lowe|Victor Ortiz|Wynonna Judd|Zendaya,Wynonna Judd,1,11,0.3292572601|0.0934081816|0.0799236668|0.1186917638|0.3213122552|0.3435375694|0.0995910747|0.1180934596|0.1184594814|0.0709880527|0.3067372423,0.0272729077|0.1313967022|0.1437560512|0.1110148298|0.0287564048|0.0247962332|0.1260907293|0.1114585183|0.1111868749|0.1525799215|0.0316908270,0.2313847495|0.0168123089|0.0118384433|0.0293299099|0.2106746202|0.2371544097|0.0102292208|0.0287316057|0.0205869709|0.0071581539|0.1960996073,True,1174.8781568006295,1200
16,4,Alexandra Raisman|Andy Dick|D. L. Hughley|Ingo Rademacher|Jacoby Jones|Kellie Pickler|Lisa Vanderpump|Sean Lowe|Victor Ortiz|Zendaya,Lisa Vanderpump,1,10,0.3521719452|0.1125111438|0.1058248304|0.1295188064|0.3262019896|0.3490395419|0.0864796721|0.1191954759|0.0985282415|0.3205283534,0.0285750391|0.1412134047|0.1476504531|0.1260763703|0.0339764153|0.0291780369|0.1679750404|0.1350587731|0.1550103057|0.0352861613,0.2316362288|0.0187611438|0.0120748304|0.0268402317|0.2190591314|0.2329681165|0.0061225303|0.0299097595|0.0181710997|0.2044569280,True,1181.2410625925393,1200
16,5,Alexandra Raisman|Andy Dick|D. L. Hughley|Ingo Rademacher|Jacoby Jones|Kellie Pickler|Sean Lowe|Victor Ortiz|Zendaya,D. L. Hughley,1,9,0.3538244153|0.1037078226|0.0934697574|0.1289784547|0.3474401767|0.3677114269|0.1457885088|0.1200720887|0.3390073489,0.0353846040|0.1874891097|0.2007327719|0.1584200233|0.0369231380|0.0322557633|0.1416250191|0.1681111983|0.0390583723,0.2342071916|0.0175834173|0.0073453521|0.0284999844|0.2230382646|0.2385248265|0.0309559734|0.0195936184|0.2002513718,True,1174.0593708368615,1200
16,6,Alexandra Raisman|Andy Dick|Ingo Rademacher|Jacoby Jones|Kellie Pickler|Sean Lowe|Victor Ortiz|Zendaya,Victor Ortiz,1,8,0.3761399569|0.1320495519|0.1503477522|0.3517027601|0.3807425486|0.1510669774|0.1181875918|0.3397628536,0.0415227716|0.2113491187|0.1870775721|0.0488696542|0.0402680377|0.1861827132|0.2318114728|0.0529186597,0.2382089230|0.0179911989|0.0283318364|0.2323393627|0.2375064777|0.0290510616|0.0120867942|0.2044843456,True,1161.975774920247,1200
16,7,Alexandra Raisman|Andy Dick|Ingo Rademacher|Jacoby Jones|Kellie Pickler|Sean Lowe|Zendaya,Andy Dick,1,7,0.4054596369|0.1050188442|0.1621219538|0.3788163588|0.4068422210|0.1623707224|0.3793702704,0.0456484751|0.3382917945|0.2311857322|0.0545213330|0.0452296559|0.2308026383|0.0543203710,0.2315465902|0.0126275396|0.0262523912|0.2320772335|0.2492335182|0.0319359411|0.2163267863,True,1167.6215387789805,1200
16,8,Alexandra Raisman|Ingo Rademacher|Jacoby Jones|Kellie Pickler|Sean Lowe|Zendaya,Sean Lowe,1,6,0.4266757700|0.1807195513|0.4035917805|0.4268474000|0.1580173214|0.4041481619,0.0646131796|0.3329946864|0.0753626408|0.0645392915|0.3874065789|0.0750836228,0.2466114643|0.0263787179|0.2363892035|0.2499985265|0.0229690958|0.2176529919,True,1144.2393173404646,1200
16,9,Alexandra Raisman|Ingo Rademacher|Jacoby Jones|Kellie Pickler|Zendaya,Ingo Rademacher,1,5,0.4562546947|0.2001171781|0.4480723934|0.4732111535|0.4223445654,0.1028970355|0.5675405934|0.1086658425|0.0918985981|0.1289979305,0.2470348366|0.0192661210|0.2388525354|0.2675373992|0.2273091078,True,1157.6911903250752,1200
16,10,Alexandra Raisman|Jacoby Jones|Kellie Pickler|Zendaya,Alexandra Raisman|Jacoby Jones|Kellie Pickler|Zendaya,4,4,0.5031394561|0.5007133784|0.5168664497|0.4792807159,0.2438274590|0.2478031525|0.2225045496|0.2858648389,0.2552759994|0.2613977941|0.2604559702|0.2228702363,False,1199.9999999999998,1200
17,2,"Amber Riley|Bill Engvall|Bill Nye|Brant Daugherty|Christina Milian|Corbin Bleu|Elizabeth Berkley Lauren|Jack Osbourne|Keyshawn Johnson|Leah Remini|Nicole ""Snooki"" Polizzi|Valerie Harper",Keyshawn Johnson,1,12,0.2882106376|0.3233666778|0.0735051306|0.1028947862|0.1079447660|0.3101713182|0.1176667962|0.3107900517|0.0752243335|0.1165306435|0.0941835023|0.0795113490,0.0307444409|0.0243208886|0.1286479035|0.1057574437|0.1022562249|0.0265572999|0.0958388503|0.0264479796|0.1271818420|0.0965675236|0.1120811801|0.1235984230,0.1979850752|0.2444193125|0.0095953541|0.0164286228|0.0139598045|0.2124269576|0.0236818347|0.2205644892|0.0075551579|0.0263050810|0.0189955361|0.0080827744,True,1174.7256213877915,1200
17,3,"Amber Riley|Bill Engvall|Bill Nye|Brant Daugherty|Christina Milian|Corbin Bleu|Elizabeth Berkley Lauren|Jack Osbourne|Leah Remini|Nicole ""Snooki"" Polizzi|Valerie Harper",Bill Nye,1,11,0.2913518414|0.3363219696|0.0693137533|0.1228775398|0.1155969571|0.3217337189|0.1212660964|0.3130757591|0.1230780592|0.1145468976|0.0708374299,0.0358462748|0.0265608624|0.1575107281|0.1102115456|0.1156928551|0.0292738258|0.1114019260|0.0310132190|0.1100643136|0.1165055923|0.1559188574,0.1972341925|0.2422043207|0.0065686515|0.0169951857|0.0136361714|0.2197729332|0.0232268791|0.2268012470|0.0289604103|0.0165076803|0.0080923281,True,1178.505666354358,1200
17,4,"Amber Riley|Bill Engvall|Brant Daugherty|Christina Milian|Corbin Bleu|Elizabeth Berkley Lauren|Jack Osbourne|Leah Remini|Nicole ""Snooki"" Polizzi|Valerie Harper",Valerie Harper,1,10,0.3088118850|0.3425673794|0.1077107135|0.1167413757|0.3322501830|0.1365323184|0.3261665047|0.1282526568|0.1191230838|0.0818438996,0.0391648182|0.0312725970|0.1496730616|0.1409279703|0.0334992660|0.1235084152|0.0348858529|0.1305174635|0.1387079797|0.1778425756,0.1948878362|0.2539597851|0.0191031191|0.0154755504|0.2183261342|0.0226082696|0.2249006794|0.0269868315|0.0178572584|0.0058945362,True,1179.660784266538,1200
17,5,"Amber Riley|Bill Engvall|Brant Daugherty|Christina Milian|Corbin Bleu|Elizabeth Berkley Lauren|Jack Osbourne|Leah Remini|Nicole ""Snooki"" Polizzi",Christina Milian,1,9,0.3187806299|0.3548414781|0.1325895079|0.1294238723|0.3363357963|0.1354908639|0.3349911267|0.1232590294|0.1342876956,0.0474740311|0.0373292497|0.1642610605|0.1677645036|0.0422307406|0.1611143918|0.0426110184|0.1748030977|0.1624119068,0.2081423318|0.2527138217|0.0176958926|0.0102749324|0.2171868564|0.0248525658|0.2200975114|0.0296420073|0.0193940804,True,1168.0486840330345,1200
17,7,"Amber Riley|Bill Engvall|Brant Daugherty|Corbin Bleu|Elizabeth Berkley Lauren|Jack Osbourne|Leah Remini|Nicole ""Snooki"" Polizzi","Nicole ""Snooki"" Polizzi",1,8,0.3375821232|0.3662830229|0.1457994704|0.3628464746|0.1482702562|0.3566404481|0.1491807577|0.1333974396,0.0552849892|0.0456572357|0.1985522814|0.0467153320|0.1953085356|0.0486886493|0.1941266017|0.2156663750,0.2043992846|0.2534162040|0.0171312962|0.2296636360|0.0263740936|0.2279722739|0.0295419347|0.0115012769,True,1165.5875492623852,1200
17,8,Amber Riley|Bill Engvall|Brant Daugherty|Corbin Bleu|Elizabeth Berkley Lauren|Jack Osbourne|Leah Remini,Brant Daugherty,1,7,0.3566402056|0.3991184781|0.1521865671|0.3767087315|0.1574493053|0.3836233755|0.1742733219,0.0688814781|0.0518937747|0.2691884187|0.0602556984|0.2599077226|0.0575411026|0.2323318050,0.2108068773|0.2741184781|0.0115615671|0.2204587315|0.0272409769|0.2273733755|0.0284399936,True,1164.4437727547786,1200
17,9,Amber Riley|Bill Engvall|Corbin Bleu|Elizabeth Berkley Lauren|Jack Osbourne|Leah Remini,Elizabeth Berkley Lauren,1,6,0.3838702309|0.4083205557|0.4071025882|0.1930085016|0.4066213074|0.2010768461,0.0950809934|0.0807797993|0.0814383839|0.3393868542|0.0817001018|0.3216138673,0.2219654637|0.2749872154|0.2229756002|0.0152307195|0.2351927313|0.0296482700,True,1152.0753850470257,1200
17,10,Amber Riley|Bill Engvall|Corbin Bleu|Jack Osbourne|Leah Remini,Leah Remini,1,5,0.4362781382|0.4629735992|0.4507385767|0.4438819842|0.2061277017,0.1199920889|0.1004295087|0.1089645818|0.1140610132|0.5565528075,0.2105638570|0.2915450231|0.2364528603|0.2410248474|0.0204134122,True,1156.1983299286073,1200
17,11,Amber Riley|Bill Engvall|Corbin Bleu|Jack Osbourne,Amber Riley|Bill Engvall|Corbin Bleu|Jack Osbourne,4,4,0.4900810673|0.5148998989|0.4987362174|0.4962828313,0.2666002078|0.2259449329|0.2516525047|0.2558023546,0.2164272322|0.2921921803|0.2396396546|0.2517409329,False,1199.9999999999998,1200
18,2,Amy Purdy|Billy Dee Williams|Candace Cameron Bure|Charlie White|Cody Simpson|Danica McKellar|Diana Nyad|Drew Carey|James Maslow|Meryl Davis|NeNe Leakes|Sean Avery,Billy Dee Williams|Diana Nyad|Sean Avery,3,12,0.3041418395|0.0756230828|0.3202152908|0.1328189439|0.1115776559|0.1130148214|nan|0.0953752562|0.3008063257|0.2990722890|0.1013296360|0.1295559813,nan|nan|nan|nan|nan|nan|nan|nan|nan|nan|nan|nan,0.2057811818|0.0141476717|0.2341497153|0.0303599304|0.0214137246|0.0146541637|0.0164688776|0.0093096808|0.1983473122|0.1966132755|0.0152640605|0.0434904059,False,1199.9999999999998,1200
18,5,Amy Purdy|Candace Cameron Bure|Charlie White|Cody Simpson|Danica McKellar|Drew Carey|James Maslow|Meryl Davis|NeNe Leakes,Cody Simpson,1,9,0.3398119760|0.3530084030|0.1472148831|0.1195453447|0.1394165154|0.1004966128|0.3441264163|0.3276081788|0.1287716698,0.0404150950|0.0370114444|0.1459383064|0.1755014952|0.1537261989|0.1992656997|0.0392691969|0.0438406733|0.1650318901,0.2249051434|0.2443127544|0.0323080505|0.0139552844|0.0182985063|0.0135400894|0.2199028115|0.2158069345|0.0169704255,True,1157.0089457199272,1200
18,6,Amy Purdy|Candace Cameron Bure|Charlie White|Danica McKellar|Drew Carey|James Maslow|Meryl Davis|NeNe Leakes,Drew Carey,1,8,0.3532112420|0.3751746365|0.1635624605|0.1477351455|0.1214395700|0.3501180864|0.3531068792|0.1356519725,0.0492266534|0.0425216170|0.1742969446|0.1936932760|0.2308064989|0.0502522966|0.0492609149|0.2099417986,0.2184594751|0.2616994627|0.0359028864|0.0200755713|0.0079643963|0.2260046086|0.2112629046|0.0186306950,True,1172.5591110663847,1200
18,7,Amy Purdy|Candace Cameron Bure|Charlie White|Danica McKellar|James Maslow|Meryl Davis|NeNe Leakes,NeNe Leakes,1,7,0.3727288317|0.3980960624|0.1749863406|0.1610224433|0.3714310758|0.3791635132|0.1425717330,0.0613942976|0.0518420755|0.2294305185|0.2518145442|0.0619277674|0.0588163032|0.2847744936,0.2245074879|0.2518510000|0.0346701374|0.0187299587|0.2330911539|0.2250133104|0.0121369517,True,1164.9153823797049,1200
18,8,Amy Purdy|Candace Cameron Bure|Charlie White|Danica McKellar|James Maslow|Meryl Davis,Danica McKellar,1,6,0.4088468797|0.4147764761|0.2123216757|0.1803625888|0.3947249067|0.3889674879,0.0800289315|0.0769270500|0.2966509632|0.3670935862|0.0879294422|0.0913700269,0.2318557299|0.2554844339|0.0353305259|0.0122210003|0.2354328644|0.2296754456,True,1165.9011655572306,1200
18,9,Amy Purdy|Candace Cameron Bure|Charlie White|James Maslow|Meryl Davis,Charlie White,1,5,0.4465668170|0.4533371189|0.2224390255|0.4330968184|0.4445602202,0.1173847294|0.1122043183|0.5230317149|0.1284136657|0.1189655717,0.2423783360|0.2648554453|0.0234861420|0.2341439349|0.2351361418,True,1146.7145073390857,1200
18,10,Amy Purdy|Candace Cameron Bure|James Maslow|Meryl Davis,Amy Purdy|Candace Cameron Bure|James Maslow|Meryl Davis,4,4,0.5063769814|0.4982672938|0.4949599536|0.5003957861,0.2395027079|0.2528077472|0.2584437948|0.2492457502,0.2476560172|0.2715243258|0.2420523794|0.2387672775,False,1199.9999999999998,1200
19,1,Alfonso Ribeiro|Antonio Sabato Jr.|Bethany Mota|Betsey Johnson|Janel Parrish|Jonathan Bennett|Lea Thompson|Lolo Jones|Michael Waltrip|Randy Couture|Sadie Robertson|Tavis Smiley|Tommy Chong,Lolo Jones,1,13,0.2950004942|0.0793725151|0.3191278176|0.0628285687|0.3045206099|0.1010563772|0.1087936425|0.0700445219|0.0858599764|0.0932667037|0.2900745542|0.0899506564|0.1001035661,0.0251387794|0.1058403167|0.0214036791|0.1181818438|0.0235928621|0.0915946104|0.0869897819|0.1126311289|0.1013603278|0.0964768987|0.0259780318|0.0986334615|0.0921782779,0.1982263035|0.0121682110|0.2331063123|0.0090651270|0.2265636205|0.0204112183|0.0227721372|0.0109047375|0.0186556723|0.0099333679|0.1986767025|0.0119936670|0.0275229231,True,1165.0464815442188,1200
19,2,Alfonso Ribeiro|Antonio Sabato Jr.|Bethany Mota|Betsey Johnson|Janel Parrish|Jonathan Bennett|Lea Thompson|Michael Waltrip|Randy Couture|Sadie Robertson|Tavis Smiley|Tommy Chong,Tavis Smiley,1,12,0.2951261894|0.0989866155|0.3258743383|0.0858081974|0.3204930163|0.0995568283|0.1212531324|0.0834535043|0.0855569236|0.2917060514|0.0851272026|0.1070580081,0.0294206687|0.1087764223|0.0239677646|0.1187654720|0.0248432296|0.1083637025|0.0937705797|0.1206445572|0.1189645897|0.0300991931|0.1193058889|0.1030779316,0.2067283960|0.0133512588|0.2347141154|0.0084601290|0.2265703640|0.0166839011|0.0245680507|0.0171551611|0.0082088552|0.2060706948|0.0077791343|0.0297099397,True,1177.0993797662206,1200
19,3,Alfonso Ribeiro|Antonio Sabato Jr.|Bethany Mota|Betsey Johnson|Janel Parrish|Jonathan Bennett|Lea Thompson|Michael Waltrip|Randy Couture|Sadie Robertson|Tommy Chong,Randy Couture,1,11,0.3026793357|0.0959053849|0.3437308560|0.0913561000|0.3371791566|0.1114867315|0.1106513043|0.0978711494|0.0803067588|0.3068670308|0.1219661993,0.0328738400|0.1304735091|0.0250031146|0.1344912009|0.0261194017|0.1176006504|0.1182574563|0.1287747963|0.1447721390|0.0319687620|0.1096651297,0.2120277789|0.0137524073|0.2304164062|0.0092031224|0.2238647068|0.0208351747|0.0228326072|0.0185510390|0.0066523679|0.2162154739|0.0256489155,True,1177.8901152383999,1200
19,4,Alfonso Ribeiro|Antonio Sabato Jr.|Bethany Mota|Betsey Johnson|Janel Parrish|Jonathan Bennett|Lea Thompson|Michael Waltrip|Sadie Robertson|Tommy Chong,Betsey Johnson,1,10,0.3235132051|0.1082132116|0.3455123278|0.0967702820|0.3452343847|0.0967511717|0.1457220355|0.0955656760|0.3232542646|0.1194634485,0.0347947623|0.1461743601|0.0300482988|0.1577618084|0.0301040286|0.1577819088|0.1138340095|0.1590338480|0.0348548793|0.1356120963,0.1985132051|0.0175882086|0.2423873293|0.0061452790|0.2327343877|0.0217511687|0.0238470326|0.0174406760|0.2076292631|0.0319634500,True,1176.204098993878,1200
19,6,Alfonso Ribeiro|Antonio Sabato Jr.|Bethany Mota|Janel Parrish|Jonathan Bennett|Lea Thompson|Michael Waltrip|Sadie Robertson|Tommy Chong,Jonathan Bennett,1,9,0.3381990146|0.1094198371|0.3638660807|0.3538756766|0.1219236766|0.1343215331|0.1228115865|0.3282487280|0.1273338518,0.0403035228|0.1852365017|0.0339648140|0.0363039953|0.1704214466|0.1569021072|0.1694156339|0.0430677357|0.1643842429,0.2050932150|0.0138566937|0.2409991894|0.2412476936|0.0127086629|0.0251065195|0.0204225116|0.2087948061|0.0317707083,True,1161.445657911715,1200
19,7,Alfonso Ribeiro|Antonio Sabato Jr.|Bethany Mota|Janel Parrish|Lea Thompson|Michael Waltrip|Sadie Robertson|Tommy Chong,Antonio Sabato Jr.,1,8,0.3398339893|0.1227704372|0.3917668465|0.3711952808|0.1624654324|0.1267134587|0.3413158020|0.1439387456,0.0530400493|0.2254588418|0.0375182780|0.0430332038|0.1730368057|0.2196094657|0.0525186594|0.1957846962,0.2083059396|0.0086505126|0.2466991547|0.2416014764|0.0270689071|0.0183962474|0.2213931715|0.0278845907,True,1172.613760593488,1200
19,8,Alfonso Ribeiro|Bethany Mota|Janel Parrish|Lea Thompson|Michael Waltrip|Sadie Robertson|Tommy Chong,Michael Waltrip,1,7,0.3803850536|0.4094708374|0.4085955028|0.1583580676|0.1140628206|0.3806375975|0.1484901206,0.0536481453|0.0441919070|0.0444505456|0.2357157912|0.3166916071|0.0535578979|0.2517441058,0.2150624667|0.2481805196|0.2352084075|0.0293258134|0.0132563682|0.2274117881|0.0315546365,True,1162.9486498425117,1200
19,9,Alfonso Ribeiro|Bethany Mota|Janel Parrish|Lea Thompson|Sadie Robertson|Tommy Chong,Lea Thompson,1,6,0.3963560893|0.4336963228|0.4209979764|0.1826581239|0.3974862076|0.1688052800,0.0810661865|0.0632016905|0.0687850683|0.3369447738|0.0804577190|0.3695445620,0.2164495423|0.2607991329|0.2410914294|0.0191067189|0.2269254602|0.0356277164,True,1141.6876271710705,1200
19,10,Alfonso Ribeiro|Bethany Mota|Janel Parrish|Sadie Robertson|Tommy Chong,Tommy Chong,1,5,0.4354261013|0.4705966865|0.4659155413|0.4358031499|0.1922585359,0.1154297091|0.0913036895|0.0941979889|0.1151399228|0.5839286897,0.2299466433|0.2623775011|0.2522169158|0.2330634194|0.0223955205,True,1155.770705534763,1200
19,11,Alfonso Ribeiro|Bethany Mota|Janel Parrish|Sadie Robertson,Alfonso Ribeiro|Bethany Mota|Janel Parrish|Sadie Robertson,4,4,0.4851251874|0.5225962915|0.5027542954|0.4895242406,0.2747882473|0.2140465320|0.2443186717|0.2668465490,0.2292611037|0.2795254060|0.2532880848|0.2379254056,False,1199.9999999999998,1200
20,2,Charlotte McKinney|Chris Soules|Michael Sam|Nastia Liukin|Noah Galloway|Patti LaBelle|Redfoo|Riker Lynch|Robert Herjavec|Rumer Willis|Suzanne Somers|Willow Shields,Redfoo,1,12,0.0922106939|0.2528370778|0.0957244549|0.1202498017|0.2668564998|0.0894796755|0.0973137848|0.2496059178|0.2582794267|0.2705297590|0.0910763879|0.1158365164,0.1205796016|0.0413249969|0.1177878418|0.1000212580|0.0376376454|0.1227950761|0.1165464053|0.0422248384|0.0398525042|0.0367271536|0.1214948857|0.1030077930,0.0172827380|0.1923183474|0.0150328119|0.0222670896|0.1890467041|0.0087880324|0.0079766072|0.1573869003|0.1775877836|0.1783107416|0.0103847449|0.0236174990,True,1177.0152603474685,1200
20,3,Charlotte McKinney|Chris Soules|Michael Sam|Nastia Liukin|Noah Galloway|Patti LaBelle|Riker Lynch|Robert Herjavec|Rumer Willis|Suzanne Somers|Willow Shields,Charlotte McKinney,1,11,0.0807892746|0.2761741490|0.0935294303|0.1340870993|0.2824947162|0.0815926193|0.2664300250|0.2792116782|0.2879208679|0.0901160227|0.1276541247,0.1509244353|0.0410263053|0.1386350460|0.1057904713|0.0393334908|0.1501183002|0.0437798769|0.0402038700|0.0379360556|0.1418260012|0.1104261475,0.0105017341|0.1867172779|0.0168521154|0.0254608976|0.1866480707|0.0113050788|0.1578038233|0.1865599236|0.1824895571|0.0102438168|0.0254177048,True,1164.8988292850472,1200
20,4,Chris Soules|Michael Sam|Nastia Liukin|Noah Galloway|Patti LaBelle|Riker Lynch|Robert Herjavec|Rumer Willis|Suzanne Somers|Willow Shields,Michael Sam,1,10,0.2739852885|0.1029020565|0.1375072273|0.2884102786|0.1030223066|0.2691611772|0.2968839052|0.2895625109|0.0955732666|0.1429919752,0.0523035271|0.1636317850|0.1299198278|0.0475079568|0.1635006592|0.0540129888|0.0448985888|0.0471444202|0.1718251326|0.1252551135,0.1909083645|0.0105943622|0.0267380002|0.1899487400|0.0107146124|0.1645457944|0.1922685223|0.1818702021|0.0094194241|0.0229919779,True,1163.0703915344732,1200
20,5,Chris Soules|Nastia Liukin|Noah Galloway|Patti LaBelle|Riker Lynch|Robert Herjavec|Rumer Willis|Suzanne Somers|Willow Shields,Suzanne Somers,1,9,0.2951194918|0.1574479009|0.2926674873|0.1058133641|0.2957322316|0.2903036321|0.3144184463|0.1051381054|0.1433593405,0.0579385692|0.1450667386|0.0588934567|0.2046751623|0.0577023768|0.0598289124|0.0509438273|0.2055986305|0.1593523262,0.1997131309|0.0231722857|0.1937275544|0.0104070031|0.1614566164|0.2054979796|0.1766092591|0.0061981726|0.0232179982,True,1180.2593819197305,1200
20,6,Chris Soules|Nastia Liukin|Noah Galloway|Patti LaBelle|Riker Lynch|Robert Herjavec|Rumer Willis|Willow Shields,Patti LaBelle,1,8,0.3106642858|0.1563403219|0.3178124677|0.1262324356|0.3015119439|0.3156952022|0.3186508915|0.1530924665,0.0713876781|0.1997270541|0.0680655174|0.2441226949|0.0758790702|0.0690330818|0.0676861271|0.2040987764,0.1869893716|0.0273650497|0.1976711254|0.0060910933|0.1672363286|0.1973206459|0.1932091912|0.0241171943,True,1179.8456797309348,1200
20,7,Chris Soules|Nastia Liukin|Noah Galloway|Riker Lynch|Robert Herjavec|Rumer Willis|Willow Shields,Willow Shields,1,7,0.3243545417|0.1887926994|0.3359464593|0.3160625767|0.3237426097|0.3417526681|0.1693484601,0.0984600167|0.2430813495|0.0911376584|0.1040561139|0.0988625093|0.0876773004|0.2767250518,0.2023072962|0.0273753790|0.1863401569|0.1703932803|0.2016953642|0.1960833717|0.0158051517,True,1151.627100859666,1200
20,8,Chris Soules|Nastia Liukin|Noah Galloway|Riker Lynch|Robert Herjavec|Rumer Willis,Chris Soules|Robert Herjavec,2,6,0.3544500725|0.2037223457|0.3573429969|0.3551077006|0.3475470601|0.3818298241,0.1317821802|0.3599632424|0.1292649595|0.1312056871|0.1379885199|0.1097954109,0.2031498359|0.0240533083|0.2084068296|0.1707105396|0.2009749620|0.1927045246,False,1199.9999999999998,1200
20,9,Nastia Liukin|Noah Galloway|Riker Lynch|Rumer Willis,Nastia Liukin,1,4,0.2848307570|0.5788613352|0.5538838984|0.5824240242,0.6921854372|0.0974802739|0.1151420154|0.0951922735,0.0300536832|0.3368231150|0.2991068246|0.3340163772,True,1151.332179833246,1200
20,10,Noah Galloway|Riker Lynch|Rumer Willis,Noah Galloway|Riker Lynch|Rumer Willis,3,3,0.6669080931|0.6480593257|0.6850325812,0.3311171127|0.3754519787|0.2934309087,0.3565632778|0.3032317333|0.3402049888,False,1199.9999999999998,1200
21,2,Alek Skarlatos|Alexa PenaVega|Andy Grammer|Bindi Irwin|Carlos PenaVega|Chaka Khan|Gary Busey|Hayes Grier|Kim Zolciak-Biermann|Nick Carter|Paula Deen|Tamar Braxton|Victor Espinoza,Chaka Khan|Kim Zolciak-Biermann|Victor Espinoza,3,13,0.2134325571|0.2444415326|0.0959103285|0.2367282953|0.2288997216|0.0804227168|0.0684573993|0.1011410899|0.1127282589|0.2191456149|0.0757729168|0.2183579708|0.1045615825,0.0467558409|0.0380238153|0.1023522925|0.0400302038|0.0421748789|0.1134850891|0.1229085077|0.0988446047|0.0914965415|0.0450085348|0.1170580683|0.0452454944|0.0966161280,0.1302532620|0.1594138081|0.0145794629|0.1480037119|0.1457204266|0.0249698522|0.0074592463|0.0179617948|0.0443363920|0.1359663199|0.0073810498|0.1277849580|0.0361697155,False,1199.9999999999998,1200
21,4,Alek Skarlatos|Alexa PenaVega|Andy Grammer|Bindi Irwin|Carlos PenaVega|Gary Busey|Hayes Grier|Nick Carter|Paula Deen|Tamar Braxton,Gary Busey,1,10,0.2485650325|0.2689634033|0.1149243129|0.2904341128|0.2675467095|0.0742519577|0.1340935172|0.2573786912|0.0852687858|0.2585734696,0.0619652452|0.0540864952|0.1510350301|0.0468732179|0.0545997418|0.1980779881|0.1329159670|0.0584292103|0.1840514451|0.0579656592,0.1468701207|0.1799803518|0.0174666880|0.1717900467|0.1616145036|0.0064553474|0.0196867378|0.1429719118|0.0089976020|0.1441666902,True,1176.822020964618,1200
21,6,Alek Skarlatos|Alexa PenaVega|Andy Grammer|Bindi Irwin|Carlos PenaVega|Hayes Grier|Nick Carter|Paula Deen|Tamar Braxton,Paula Deen,1,9,0.2470815376|0.2814457880|0.1459372400|0.2972858750|0.2793526414|0.1237554345|0.2771996253|0.0821035868|0.2658382863,0.0815687583|0.0648677980|0.1600908781|0.0583670047|0.0657793285|0.1856049231|0.0667302967|0.2450100746|0.0719809380,0.1512348921|0.1855991425|0.0181417077|0.1694903427|0.1579468908|0.0215190146|0.1525989838|0.0054262718|0.1380427539,True,1182.4868963410465,1200
21,7,Alek Skarlatos|Alexa PenaVega|Andy Grammer|Bindi Irwin|Carlos PenaVega|Hayes Grier|Nick Carter|Tamar Braxton,Hayes Grier,1,8,0.2667655874|0.3006966529|0.1465109027|0.3018385895|0.2919996019|0.1402769569|0.2797883555|0.2721233831,0.1013251052|0.0808121324|0.2258863754|0.0801992527|0.0856361449|0.2354719382|0.0928992671|0.0977697841,0.1468560848|0.1762622637|0.0198140628|0.1706168629|0.1653027620|0.0135801169|0.1576164096|0.1499514372,True,1157.2111436451864,1200
21,8,Alek Skarlatos|Alexa PenaVega|Andy Grammer|Bindi Irwin|Carlos PenaVega|Nick Carter|Tamar Braxton,Andy Grammer,1,7,0.2842905115|0.3274430001|0.1364165096|0.3268289255|0.3145975466|0.3121013403|0.2983221516,0.1291718803|0.0968787954|0.3461840612|0.0972762138|0.1055407382|0.1073117766|0.1176365346,0.1554241370|0.1882683450|0.0127058176|0.1824985878|0.1651135827|0.1419977158|0.1539918140,True,1161.3391484014917,1200
21,9,Alek Skarlatos|Alexa PenaVega|Bindi Irwin|Carlos PenaVega|Nick Carter|Tamar Braxton,Alexa PenaVega|Tamar Braxton,2,6,0.3125235856|0.3642379421|0.3580847295|0.3307400837|0.3254705569|0.3089431171,0.1896257341|0.1343287203|0.1399536575|0.1679403721|0.1739450017|0.1942065142,0.1575083853|0.1818671155|0.1757139029|0.1666063412|0.1582973054|0.1600069498,False,1199.9999999999998,1200
21,11,Alek Skarlatos|Bindi Irwin|Carlos PenaVega|Nick Carter,Alek Skarlatos|Bindi Irwin|Carlos PenaVega|Nick Carter,4,4,0.4762943315|0.5189646139|0.5134695132|0.4912715414,0.2908771057|0.2188600122|0.2270264013|0.2632364809,0.2390068400|0.2647271111|0.2592320104|0.2370340385,False,1199.9999999999998,1200
22,2,Antonio Brown|Doug Flutie|Geraldo Rivera|Ginger Zee|Jodie Sweetin|Kim Fields|Marla Maples|Mischa Barton|Nyle DiMarco|Paige VanZant|Von Miller|Wanya Morris,Geraldo Rivera,1,12,0.2203244037|0.0936160092|0.0599425391|0.2239909065|0.1060562147|0.1917182579|0.0971801354|0.0841264043|0.2310577729|0.2389669927|0.2200766250|0.2329437498,0.0524782112|0.1221342305|0.1528734553|0.0512110182|0.1124137191|0.0635041779|0.1192664241|0.1301105823|0.0488542934|0.0463450334|0.0525649694|0.0482438851,0.1398159257|0.0088702444|0.0048577928|0.1350078550|0.0170731632|0.1112097799|0.0124343706|0.0205670808|0.1463120082|0.1372720810|0.1353308602|0.1312488381,True,1184.5127204859152,1200
22,3,Antonio Brown|Doug Flutie|Ginger Zee|Jodie Sweetin|Kim Fields|Marla Maples|Mischa Barton|Nyle DiMarco|Paige VanZant|Von Miller|Wanya Morris,Mischa Barton,1,11,0.2227798659|0.0938697435|0.2239471811|0.1157208768|0.2019157448|0.1015461510|0.0890287628|0.2543196557|0.2434245775|0.2219473831|0.2315000652,0.0630563996|0.1489231459|0.0625675927|0.1287350159|0.0724664501|0.1414935769|0.1538077703|0.0510989675|0.0549485969|0.0634073283|0.0594951559,0.1383916769|0.0094815545|0.1353395867|0.0186744642|0.1090887377|0.0129385567|0.0130793994|0.1488344250|0.1463781650|0.1375591941|0.1302342399,True,1161.56836042235,1200
22,4,Antonio Brown|Doug Flutie|Ginger Zee|Jodie Sweetin|Kim Fields|Marla Maples|Nyle DiMarco|Paige VanZant|Von Miller|Wanya Morris,Marla Maples,1,10,0.2559031623|0.0857836017|0.2390368151|0.1026210870|0.2139939140|0.0964967566|0.2622278000|0.2580203876|0.2381786770|0.2477377838,0.0611677205|0.1901379785|0.0684471505|0.1699492919|0.0808838841|0.1770317294|0.0586422459|0.0603104128|0.0688398535|0.0645897329,0.1461852941|0.0105484957|0.1261841523|0.0179815899|0.1136804368|0.0087224650|0.1556447263|0.1451677248|0.1378651998|0.1380199155,True,1173.3736745131157,1200
22,6,Antonio Brown|Doug Flutie|Ginger Zee|Jodie Sweetin|Kim Fields|Nyle DiMarco|Paige VanZant|Von Miller|Wanya Morris,Doug Flutie,1,9,0.2651394657|0.0993461075|0.2484123714|0.1279438407|0.2164211047|0.2702129103|0.2673423855|0.2470195452|0.2581622764,0.0760696252|0.2297376707|0.0850435096|0.1898599208|0.1052604879|0.0735397501|0.0749606200|0.0858368594|0.0796915563,0.1461967356|0.0068350944|0.1426854961|0.0178116829|0.1106942293|0.1600807525|0.1439943655|0.1412926698|0.1304089739,True,1177.0500802448082,1200
22,7,Antonio Brown|Ginger Zee|Jodie Sweetin|Kim Fields|Nyle DiMarco|Paige VanZant|Von Miller|Wanya Morris,Kim Fields|Von Miller,2,8,0.2657765511|0.2653817039|0.1357669514|0.2327916518|0.2902453642|0.2764457957|0.2627629771|0.2708290272,0.1064316027|0.1067121333|0.2532135529|0.1326085930|0.0904120116|0.0991242639|0.1085914901|0.1029063526,0.1442812223|0.1368770253|0.0166080725|0.1112963229|0.1594042431|0.1479411171|0.1412676483|0.1423243486,False,1199.9999999999998,1200
22,8,Antonio Brown|Ginger Zee|Jodie Sweetin|Nyle DiMarco|Paige VanZant|Wanya Morris,Jodie Sweetin,1,6,0.3546695503|0.3580610798|0.1921966602|0.3774003904|0.3684666415|0.3492056629,0.1291951970|0.1263068443|0.3816397176|0.1110283398|0.1178418896|0.1339880118,0.1949062439|0.1805462883|0.0146818687|0.2058027606|0.2027861734|0.2012766650,True,1152.2338253496819,1200
22,9,Antonio Brown|Ginger Zee|Nyle DiMarco|Paige VanZant|Wanya Morris,Antonio Brown|Wanya Morris,2,5,0.3982114655|0.3805094823|0.4140425313|0.4101762626|0.3970602582,0.2017701567|0.2270436825|0.1815604712|0.1863010470|0.2033246427,0.2065738303|0.1853875384|0.2154362638|0.2046013478|0.1880010198,False,1199.9999999999998,1200
22,10,Ginger Zee|Nyle DiMarco|Paige VanZant,Ginger Zee|Nyle DiMarco|Paige VanZant,3,3,0.6377033220|0.6848448193|0.6774518587,0.4003955277|0.2924156442|0.3071888281,0.3120328711|0.3515122509|0.3364548780,False,1199.9999999999998,1200
23,2,Amber Rose|Babyface|Calvin Johnson Jr.|Jake T. Austin|James Hinchcliffe|Jana Kramer|Laurie Hernandez|Marilu Henner|Maureen McCormick|Rick Perry|Ryan Lochte|Terra Jole|Vanilla Ice,Jake T. Austin,1,13,0.0885728666|0.1249453044|0.2820132919|0.0793591814|0.2637509984|0.2879904672|0.2829101908|0.0941392669|0.0835354589|0.0706032694|0.0906392738|0.1262898934|0.1252505442,0.1036820657|0.0813569479|0.0285519810|0.1102503538|0.0322486101|0.0274366164|0.0283817688|0.0999050087|0.1072231175|0.1168775109|0.1022635299|0.0806309290|0.0811915604,0.0203910464|0.0397180310|0.2024678387|0.0111773612|0.1813646314|0.2056041002|0.1920010972|0.0174347200|0.0096718259|0.0081032694|0.0224574536|0.0382217136|0.0513869112,True,1160.4137874791095,1200
23,3,Amber Rose|Babyface|Calvin Johnson Jr.|James Hinchcliffe|Jana Kramer|Laurie Hernandez|Marilu Henner|Maureen McCormick|Rick Perry|Ryan Lochte|Terra Jole|Vanilla Ice,Rick Perry,1,12,0.0962034504|0.1229559380|0.3012235200|0.2788293264|0.2916874644|0.2834938231|0.1031151504|0.0948047003|0.0759652639|0.0978255736|0.1270860571|0.1268097250,0.1152939743|0.0964606590|0.0293908882|0.0341232621|0.0313200480|0.0330784720|0.1101019951|0.1163741190|0.1319478024|0.1140538847|0.0938409305|0.0940139649,0.0192803706|0.0460328582|0.2027619815|0.1895985580|0.2116874662|0.1881092104|0.0169613079|0.0086508578|0.0051960358|0.0209024939|0.0347783628|0.0560404969,True,1180.9407598637706,1200
23,4,Amber Rose|Babyface|Calvin Johnson Jr.|James Hinchcliffe|Jana Kramer|Laurie Hernandez|Marilu Henner|Maureen McCormick|Ryan Lochte|Terra Jole|Vanilla Ice,Babyface|Vanilla Ice,2,11,0.1111139391|0.1151881564|0.2986838317|0.2884496151|0.3027943100|0.3058360971|0.1000287767|0.1006495398|0.1033231782|0.1327085918|0.1412239717,0.1249352118|0.1215874612|0.0357778629|0.0383041198|0.0348107469|0.0341119437|0.1345177795|0.1339622387|0.1315956158|0.1081837258|0.1022132939,0.0191599164|0.0462226394|0.2105612255|0.1811699196|0.2146717037|0.1908935688|0.0195690031|0.0086955171|0.0190319883|0.0369231527|0.0531013654,False,1199.9999999999998,1200
23,6,Amber Rose|Calvin Johnson Jr.|James Hinchcliffe|Jana Kramer|Laurie Hernandez|Marilu Henner|Maureen McCormick|Ryan Lochte|Terra Jole,Amber Rose,1,9,0.1060928342|0.3534315167|0.3299262471|0.3566410448|0.3455317209|0.1290033254|0.1134792489|0.1220107403|0.1438833217,0.1888614906|0.0363098605|0.0424697110|0.0355411965|0.0382733812|0.1621103514|0.1797866963|0.1698464033|0.1468009091,0.0142895592|0.2321200384|0.2053360812|0.2254935111|0.2242202426|0.0175279173|0.0118399036|0.0236500826|0.0455226640,True,1156.3923313200805,1200
23,7,Calvin Johnson Jr.|James Hinchcliffe|Jana Kramer|Laurie Hernandez|Marilu Henner|Maureen McCormick|Ryan Lochte|Terra Jole,Maureen McCormick,1,8,0.3712218531|0.3411666046|0.3631090126|0.3482761568|0.1390669051|0.1264229321|0.1417748794|0.1689616562,0.0440039591|0.0537663568|0.0464494773|0.0512774415|0.2068469738|0.2250387065|0.2031462373|0.1694708477,0.2369205781|0.2068653296|0.2378821574|0.2230493015|0.0229144546|0.0066407153|0.0219926626|0.0437348010,True,1177.374130242265,1200
23,8,Calvin Johnson Jr.|James Hinchcliffe|Jana Kramer|Laurie Hernandez|Marilu Henner|Ryan Lochte|Terra Jole,Ryan Lochte,1,7,0.3896460669|0.3775499700|0.3918908669|0.3895507038|0.1370571068|0.1450023526|0.1693029182,0.0528823953|0.0573235273|0.0520968850|0.0529160262|0.2848597325|0.2701638392|0.2297575945,0.2403921919|0.2034214376|0.2426369918|0.2253714383|0.0226291305|0.0156489932|0.0498998167,True,1153.2686265541079,1200
23,9,Calvin Johnson Jr.|James Hinchcliffe|Jana Kramer|Laurie Hernandez|Marilu Henner|Terra Jole,Marilu Henner,1,6,0.4077369272|0.3858230097|0.4164532820|0.4013617100|0.1733992877|0.2152257536,0.0798547881|0.0924162306|0.0753467509|0.0833218887|0.3808710117|0.2881893300,0.2447413354|0.2272327078|0.2402418355|0.2251502635|0.0148089859|0.0478248719,True,1153.9877043506574,1200
23,10,Calvin Johnson Jr.|James Hinchcliffe|Jana Kramer|Laurie Hernandez|Terra Jole,Terra Jole,1,5,0.4449066225|0.4263109867|0.4503367433|0.4441898969|0.2342557505,0.1223383240|0.1384848952|0.1179887816|0.1229242762|0.4982637229,0.2537803355|0.2249457990|0.2523845175|0.2394117472|0.0294776008,True,1131.8735157454032,1200
23,11,Calvin Johnson Jr.|James Hinchcliffe|Jana Kramer|Laurie Hernandez,Calvin Johnson Jr.|James Hinchcliffe|Jana Kramer|Laurie Hernandez,4,4,0.5189108360|0.4867691946|0.4976367409|0.4966832434,0.2197285289|0.2722362986|0.2532102385|0.2548249340,0.2669946659|0.2304716361|0.2643390501|0.2381946479,False,1199.9999999999998,1200
24,2,Bonner Bolton|Charo|Chris Kattan|David Ross|Erika Jayne|Heather Morris|Mr. T|Nancy Kerrigan|Nick Viall|Normani|Rashad Jennings|Simone Biles,Chris Kattan,1,12,0.1050591092|0.0857457717|0.0734309256|0.2852814540|0.0973106642|0.1113842401|0.0764908422|0.2075156897|0.2870851755|0.2817413528|0.2717126551|0.1172421274,0.1080404885|0.1228865575|0.1334011304|0.0324929698|0.1137681209|0.1035794044|0.1307073903|0.0545687939|0.0321045878|0.0332689465|0.0355692824|0.0996123276,0.0196932550|0.0095262577|0.0063577518|0.2029643774|0.0119448100|0.0199208233|0.0094176684|0.1221498355|0.2108656615|0.1841803808|0.1741516831|0.0288274956,True,1178.595493974294,1200
24,3,Bonner Bolton|Charo|David Ross|Erika Jayne|Heather Morris|Mr. T|Nancy Kerrigan|Nick Viall|Normani|Rashad Jennings|Simone Biles,Charo,1,11,0.0980747451|0.0814665067|0.2993612899|0.0949945860|0.1254832324|0.0852305754|0.2248595563|0.2936021830|0.2929646768|0.2728529007|0.1311097702,0.1349612145|0.1507629938|0.0352715658|0.1377612109|0.1124225104|0.1470268517|0.0579601301|0.0366521168|0.0368082213|0.0420895602|0.1082836244,0.0218842660|0.0052760276|0.2009485899|0.0124549009|0.0207213265|0.0090400963|0.1200976504|0.2110624979|0.1850281678|0.1839640096|0.0295224672,True,1183.6921562053685,1200
24,4,Bonner Bolton|David Ross|Erika Jayne|Heather Morris|Mr. T|Nancy Kerrigan|Nick Viall|Normani|Rashad Jennings|Simone Biles,Mr. T,1,10,0.1177338463|0.3015983548|0.1039449965|0.1254904592|0.0916908628|0.2335209266|0.3007302431|0.2925043222|0.2928112509|0.1399747376,0.1476732445|0.0433470493|0.1618917157|0.1402310294|0.1756725789|0.0682439071|0.0435986439|0.0460563441|0.0459622004|0.1273232867,0.0195743393|0.2065063339|0.0119204541|0.0181284943|0.0058012924|0.1322939336|0.2087057007|0.1943448153|0.1731793495|0.0295452867,True,1181.9271165137714,1200
24,5,Bonner Bolton|David Ross|Erika Jayne|Heather Morris|Nancy Kerrigan|Nick Viall|Normani|Rashad Jennings|Simone Biles,Erika Jayne,1,9,0.1171113918|0.3060550124|0.1128966267|0.1314670422|0.2467811455|0.3178396541|0.3160212217|0.2988839057|0.1529440073,0.1902851946|0.0539954527|0.1957077363|0.1729183702|0.0801627502|0.0499156987|0.0505245036|0.0566395334|0.1498507603,0.0184271777|0.2106602743|0.0076334680|0.0196249389|0.1283600901|0.2059975508|0.1877317457|0.1936207470|0.0279440073,True,1178.5773268596392,1200
24,6,Bonner Bolton|David Ross|Heather Morris|Nancy Kerrigan|Nick Viall|Normani|Rashad Jennings|Simone Biles,Heather Morris,1,8,0.1379572280|0.3294260721|0.1498162935|0.2594220172|0.3166008461|0.3267484564|0.3203305528|0.1596985415,0.2274025561|0.0634506768|0.2101163416|0.1011856108|0.0691144875|0.0645934901|0.0674171648|0.1967196723,0.0208568551|0.2141844327|0.0122698287|0.1348867024|0.2032179478|0.1929194587|0.1902190224|0.0314457521,True,1160.3305099260187,1200
24,7,Bonner Bolton|David Ross|Nancy Kerrigan|Nick Viall|Normani|Rashad Jennings|Simone Biles,Nancy Kerrigan|Nick Viall,2,7,0.1427152798|0.3511572864|0.2720828349|0.3555566178|0.3562216628|0.3390988193|0.1831675140,0.3136940433|0.0781636534|0.1324185525|0.0759044926|0.0755687048|0.0847066855|0.2395438680,0.0201856390|0.2246750679|0.1297903503|0.2211692587|0.1902137566|0.1849486164|0.0290173111,False,1199.9999999999998,1200
24,8,Bonner Bolton|David Ross|Normani|Rashad Jennings|Simone Biles,Bonner Bolton,1,5,0.1890869899|0.5283136469|0.5126708171|0.5148192039|0.2551093572,0.5056174485|0.0526817611|0.0584723994|0.0576408928|0.3255874983,0.0228978856|0.3420672220|0.2863097808|0.2999194851|0.0488056266,True,1151.376918495488,1200
24,9,David Ross|Normani|Rashad Jennings|Simone Biles,Simone Biles,1,4,0.5788988572|0.5568035270|0.5682071753|0.2960904405,0.1018174037|0.1179762403|0.1093396321|0.6708667239,0.3478757542|0.3059784497|0.3140817590|0.0320640371,True,1143.8023408178808,1200
24,10,David Ross|Normani|Rashad Jennings,David Ross|Normani|Rashad Jennings,3,3,0.6845472302|0.6534838594|0.6619689104,0.2947649815|0.3625881092|0.3426469094,0.3695179667|0.3124438740|0.3180381593,False,1199.9999999999998,1200
25,2,Barbara Corcoran|Debbie Gibson|Derek Fisher|Drew Scott|Frankie Muniz|Jordan Fisher|Lindsey Stirling|Nick Lachey|Nikki Bella|Sasha Pieterse|Terrell Owens|Vanessa Lachey|Victoria Arlen,Barbara Corcoran|Debbie Gibson,2,13,0.0782640978|0.1105031802|0.0797811276|0.2600090111|0.2384889455|0.2357691701|0.2594500077|0.0806107127|0.1669000825|0.1047281445|0.0846566410|0.1902118462|0.1106270254,0.1149224605|0.0926964734|0.1137660461|0.0342136569|0.0394917580|0.0402143473|0.0343413985|0.1131385920|0.0636469293|0.0963349004|0.1101277097|0.0544857566|0.0926199716,0.0161068767|0.0355488866|0.0103112957|0.1850547175|0.1507375718|0.1480177965|0.1771830958|0.0111408809|0.0956020942|0.0224612327|0.0133586527|0.1042886290|0.0301882699,False,1199.9999999999998,1200
25,4,Derek Fisher|Drew Scott|Frankie Muniz|Jordan Fisher|Lindsey Stirling|Nick Lachey|Nikki Bella|Sasha Pieterse|Terrell Owens|Vanessa Lachey|Victoria Arlen,Derek Fisher,1,11,0.0912214602|0.2786705985|0.2540559476|0.2654402159|0.2843427637|0.0939923211|0.1855628868|0.1100264391|0.1037860785|0.2008900381|0.1320112579,0.1476394554|0.0423137574|0.0498595444|0.0462154805|0.0407435618|0.1449372346|0.0787147333|0.1302436157|0.1357763529|0.0710688651|0.1124873989,0.0063506152|0.1901097118|0.1654950609|0.1584291436|0.1884018012|0.0128115102|0.0970020001|0.0214655524|0.0152251918|0.1123291514|0.0323802613,True,1178.356791179117,1200
25,5,Drew Scott|Frankie Muniz|Jordan Fisher|Lindsey Stirling|Nick Lachey|Nikki Bella|Sasha Pieterse|Terrell Owens|Vanessa Lachey|Victoria Arlen,Sasha Pieterse,1,10,0.2829767379|0.2758739135|0.2801877431|0.2920730717|0.0982174353|0.2028252871|0.1072199125|0.1129395208|0.2122929396|0.1353934461,0.0506253121|0.0530801934|0.0515754090|0.0476465138|0.1735004815|0.0863833282|0.1633939016|0.1572808621|0.0810995175|0.1354144807,0.1871912989|0.1647628015|0.1652452148|0.1847933762|0.0139262453|0.0993770079|0.0152658898|0.0171540818|0.1203389170|0.0319451669,True,1152.224550932039,1200
25,6,Drew Scott|Frankie Muniz|Jordan Fisher|Lindsey Stirling|Nick Lachey|Nikki Bella|Terrell Owens|Vanessa Lachey|Victoria Arlen,Nick Lachey,1,9,0.2997419336|0.2819441876|0.2955157248|0.3112075913|0.0929719377|0.2172509362|0.1371931968|0.2313381879|0.1328363264,0.0576078019|0.0648650948|0.0592539671|0.0533684790|0.2286344975|0.0998429040|0.1702582247|0.0908929990|0.1752760319,0.2017027163|0.1806369966|0.1680647371|0.1804886299|0.0080046150|0.0996038770|0.0162781639|0.1136911287|0.0315291354,True,1174.674462398946,1200
25,7,Drew Scott|Frankie Muniz|Jordan Fisher|Lindsey Stirling|Nikki Bella|Terrell Owens|Vanessa Lachey|Victoria Arlen,Nikki Bella|Vanessa Lachey,2,8,0.3256672431|0.3078234141|0.3013443958|0.3198375065|0.2152711070|0.1275930112|0.2363921818|0.1660711480,0.0671773032|0.0756633807|0.0790031524|0.0698395418|0.1402336108|0.2515974323|0.1218148800|0.1946706988,0.1931091059|0.1682885234|0.1757629972|0.2012328539|0.1036432004|0.0136395251|0.1108107832|0.0335130109,False,1199.9999999999998,1200
25,8,Drew Scott|Frankie Muniz|Jordan Fisher|Lindsey Stirling|Terrell Owens|Victoria Arlen,Terrell Owens,1,6,0.4157591438|0.3911483177|0.4006460927|0.4154351514|0.1756902730|0.2013210213,0.0745225972|0.0878099282|0.0824223033|0.0746837362|0.3692823530|0.3112790822,0.2655993974|0.2218192407|0.2089528016|0.2429111910|0.0127509779|0.0479663915,True,1159.3458959669624,1200
25,9,Drew Scott|Frankie Muniz|Jordan Fisher|Lindsey Stirling|Victoria Arlen,Victoria Arlen,1,5,0.4440503026|0.4318849627|0.4272664079|0.4631532174|0.2336451094,0.1227074168|0.1330739598|0.1372350883|0.1080344363|0.4989490989,0.2662725205|0.2429960702|0.2124515959|0.2520421040|0.0262377094,True,1143.3727098656282,1200
25,10,Drew Scott|Frankie Muniz|Jordan Fisher|Lindsey Stirling,Drew Scott|Frankie Muniz|Jordan Fisher|Lindsey Stirling,4,4,0.5151460045|0.4874018686|0.4838076902|0.5136444218,0.2249424657|0.2706443418|0.2772076201|0.2272055724,0.2753588580|0.2387349265|0.2280347420|0.2578714735,False,1199.9999999999998,1200
26,1,Adam Rippon|Arike Ogunbowale|Chris Mazdzer|Jamie Anderson|Jennie Finch Daigle|Johnny Damon|Josh Norman|Kareem Abdul-Jabbar|Mirai Nagasu|Tonya Harding,Jamie Anderson|Johnny Damon,2,10,0.2237491039|0.2397252636|0.2149952111|0.2149298126|0.1892367696|0.1592732413|0.2286477897|0.1162684386|0.2331693413|0.1800050432,0.0825881720|0.0742441319|0.0875513746|0.0875895545|0.1039540218|0.1269388606|0.0799345815|0.1690854559|0.0775610130|0.1105528343,0.1094633890|0.1444871665|0.1149952096|0.1244536200|0.0892367681|0.0735589532|0.1143620748|0.0353160550|0.1236455309|0.0704812328,False,1199.9999999999998,1200
26,2,Adam Rippon|Arike Ogunbowale|Chris Mazdzer|Jennie Finch Daigle|Josh Norman|Kareem Abdul-Jabbar|Mirai Nagasu|Tonya Harding,Arike Ogunbowale|Kareem Abdul-Jabbar,2,8,0.2838927290|0.3165169630|0.2573015535|0.2321166782|0.2604710815|0.1534723784|0.2907772693|0.2054513546,0.0942730177|0.0758456325|0.1125580986|0.1331356707|0.1102046766|0.2249018355|0.0900439677|0.1590371006,0.1455749652|0.1856758419|0.1339370677|0.1143596707|0.1427140740|0.0431920062|0.1524595055|0.0820868688,False,1199.9999999999998,1200
26,3,Adam Rippon|Chris Mazdzer|Jennie Finch Daigle|Josh Norman|Mirai Nagasu|Tonya Harding,Chris Mazdzer|Jennie Finch Daigle|Mirai Nagasu,3,6,0.3645839000|0.3445204758|0.2880189065|0.3544711504|0.3758502928|0.2725552745,0.1306601865|0.1493594950|0.2176815569|0.1397728056|0.1212058902|0.2413200660,0.1702711040|0.1881223732|0.1505781506|0.1743763570|0.2099735168|0.1066784985,False,1199.9999999999998,1200
26,4,Adam Rippon|Josh Norman|Tonya Harding,Adam Rippon|Josh Norman|Tonya Harding,3,3,0.7372434040|0.7077194576|0.5550371384,0.1789919284|0.2179284988|0.6030795729,0.3980621299|0.3743861143|0.2275517558,False,1199.9999999999998,1200
27,1,Alexis Ren|Bobby Bones|Danelle Umstead|DeMarcus Ware|Evanna Lynch|Joe Amabile|John Schneider|Juan Pablo Di Pace|Mary Lou Retton|Milo Manheim|Nancy McKeon|Nikki Glaser|Tinashe,Nikki Glaser,1,13,0.2144782189|0.1902110750|0.0861342630|0.1858292911|0.1830355323|0.2015660535|0.1627224884|0.1893074846|0.0915669047|0.2238315151|0.0893766067|0.0752899627|0.1066506375,0.0481943630|0.0566574236|0.1133939950|0.0583369052|0.0594336149|0.0525267816|0.0680525545|0.0569997544|0.1093606160|0.0452809654|0.1109692140|0.1218954575|0.0988983550,0.1282037068|0.1117796997|0.0155460245|0.0956332106|0.1124472937|0.1466640923|0.0921342499|0.1030329725|0.0131355293|0.1454001398|0.0129060156|0.0066625083|0.0164545570,True,1179.2814233625663,1200
27,2,Alexis Ren|Bobby Bones|Danelle Umstead|DeMarcus Ware|Evanna Lynch|Joe Amabile|John Schneider|Juan Pablo Di Pace|Mary Lou Retton|Milo Manheim|Nancy McKeon|Tinashe,Danelle Umstead,1,12,0.2253873007|0.1915586911|0.0783730322|0.1868240333|0.1993997485|0.2065363119|0.1735759173|0.2009272576|0.0980063923|0.2362514587|0.0879224020|0.1152374618,0.0526982148|0.0660297662|0.1404254444|0.0681471971|0.0626668079|0.0597551176|0.0744398043|0.0620318854|0.1231973617|0.0490163472|0.1317642364|0.1098278169,0.1348142879|0.1194699652|0.0099811652|0.0999478793|0.1106751652|0.1418413038|0.0940934736|0.1048089565|0.0129786678|0.1401331575|0.0121368172|0.0191191607,True,1168.5392110128428,1200
27,3,Alexis Ren|Bobby Bones|DeMarcus Ware|Evanna Lynch|Joe Amabile|John Schneider|Juan Pablo Di Pace|Mary Lou Retton|Milo Manheim|Nancy McKeon|Tinashe,Nancy McKeon,1,11,0.2365494907|0.1982757040|0.1971068698|0.2052465960|0.2143323405|0.1771701731|0.2125938883|0.1024731976|0.2498557803|0.0899659076|0.1164300597,0.0592207987|0.0764342878|0.0770322077|0.0729634605|0.0686751314|0.0879822358|0.0694756844|0.1447654382|0.0541936755|0.1573537882|0.1319032919,0.1406085283|0.1134048589|0.1011659073|0.1056155994|0.1479116736|0.0996793963|0.1018927818|0.0139123109|0.1502247837|0.0087850966|0.0167990632,True,1172.1431398333757,1200
27,4,Alexis Ren|Bobby Bones|DeMarcus Ware|Evanna Lynch|Joe Amabile|John Schneider|Juan Pablo Di Pace|Mary Lou Retton|Milo Manheim|Tinashe,Tinashe,1,10,0.2454878571|0.2126264759|0.1981833131|0.2166280091|0.2179931053|0.1919539486|0.2096528066|0.1250511449|0.2588537824|0.1235695571,0.0707778780|0.0881132015|0.0970193187|0.0857936917|0.0850164562|0.1011332766|0.0898774280|0.1579783359|0.0647439542|0.1595464593,0.1377292382|0.1264195778|0.1033557282|0.1131797299|0.1533379354|0.1014367108|0.1062045274|0.0129821788|0.1338537824|0.0115005911,True,1162.4367040714744,1200
27,6,Alexis Ren|Bobby Bones|DeMarcus Ware|Evanna Lynch|Joe Amabile|John Schneider|Juan Pablo Di Pace|Mary Lou Retton|Milo Manheim,Mary Lou Retton,1,9,0.2558370025|0.2196714158|0.2210390190|0.2399588717|0.2423234604|0.1910696771|0.2367310939|0.1130238712|0.2803455883,0.0843461811|0.1073434433|0.1063692031|0.0937642580|0.0922977546|0.1298930868|0.0958037911|0.2185504926|0.0716317894,0.1379330696|0.1236015434|0.1075019012|0.1133213235|0.1462535880|0.1081002425|0.1057267306|0.0082203761|0.1493412250,True,1172.060712093535,1200
27,7,Alexis Ren|Bobby Bones|DeMarcus Ware|Evanna Lynch|Joe Amabile|John Schneider|Juan Pablo Di Pace|Milo Manheim,DeMarcus Ware|John Schneider,2,8,0.2659074473|0.2443759385|0.2280225670|0.2525816539|0.2564564000|0.2247226770|0.2391740460|0.2887592927,0.1114906642|0.1287000174|0.1435246398|0.1218486231|0.1187413787|0.1467170634|0.1332415349|0.0957360784,0.1394706624|0.1225368547|0.1061834833|0.1169494668|0.1484104197|0.1005847464|0.1104384143|0.1554259524,False,1199.9999999999998,1200
27,8,Alexis Ren|Bobby Bones|Evanna Lynch|Joe Amabile|Juan Pablo Di Pace|Milo Manheim,Joe Amabile|Juan Pablo Di Pace,2,6,0.3524633248|0.3027012755|0.3234786699|0.3397072922|0.3203716662|0.3612777714,0.1454162998|0.2026231111|0.1764136806|0.1583235747|0.1801059075|0.1371174263,0.1723391016|0.1629497219|0.1433544467|0.1968501429|0.1340362665|0.1904703204,False,1199.9999999999998,1200
27,9,Alexis Ren|Bobby Bones|Evanna Lynch|Milo Manheim,Alexis Ren|Bobby Bones|Evanna Lynch|Milo Manheim,4,4,0.5159494969|0.4675986322|0.4734530706|0.5429988004,0.2201254316|0.3038507497|0.2922200272|0.1838037915,0.2691962513|0.2338324042|0.2137128073|0.2832585371,False,1199.9999999999998,1200
28,2,Ally Brooke|Hannah Brown|James Van Der Beek|Karamo Brown|Kate Flannery|Kel Mitchell|Lamar Odom|Lauren Alaina|Mary Wilson|Ray Lewis|Sailor Brinkley-Cook|Sean Spicer,Mary Wilson|Ray Lewis,2,12,0.1810050926|1.0262761196|0.0384544090|0.0269299501|0.0251136762|0.2725897040|0.0134337786|0.2722966191|0.0167441098|0.0483648238|0.0425928442|0.0361988864,0.0418299655|0.0001493404|0.1081966983|0.1168370907|0.1182604115|0.0227155312|0.1278368771|0.0227599585|0.1250465639|0.1012792364|0.1052524008|0.1098359258,0.1809775737|0.0269122204|0.0384268901|0.0269296444|0.0245609436|0.2725621851|0.0134337786|0.2722961151|0.0167441098|0.0483648238|0.0425928290|0.0361988864,False,1199.9999999999998,1200
28,4,Ally Brooke|Hannah Brown|James Van Der Beek|Karamo Brown|Kate Flannery|Kel Mitchell|Lamar Odom|Lauren Alaina|Sailor Brinkley-Cook|Sean Spicer,Lamar Odom,1,10,0.3899474952|0.4573276489|0.0527678723|0.0370048830|0.0331325628|0.4482058249|0.0105497697|0.4536652421|0.0633391044|0.0540595837,0.0155037964|0.0098935586|0.1467820852|0.1630465379|0.1673104614|0.0105138775|0.1944943455|0.0101380933|0.1367937329|0.1455235114,0.1410870317|0.2084671854|0.0527678261|0.0370048368|0.0331325605|0.1993453614|0.0105497697|0.2048047786|0.0587810660|0.0540595837,True,1162.1758289062427,1200
28,6,Ally Brooke|Hannah Brown|James Van Der Beek|Karamo Brown|Kate Flannery|Kel Mitchell|Lauren Alaina|Sailor Brinkley-Cook|Sean Spicer,Sailor Brinkley-Cook,1,9,0.1688422639|0.2537753960|0.3438589815|0.0241746218|0.3387387319|0.2461491198|0.2481161246|0.3398019602|0.0365428387,0.1143255403|0.0648987988|0.0355973743|0.2999155524|0.0368334675|0.0682836912|0.0673941077|0.0365733081|0.2761781598,0.1687318165|0.2537733731|0.0146200899|0.0240641745|0.0094998403|0.2401188992|0.2420859041|0.0105630686|0.0365428337,True,1154.9525458295425,1200
28,7,Ally Brooke|Hannah Brown|James Van Der Beek|Karamo Brown|Kate Flannery|Kel Mitchell|Lauren Alaina|Sean Spicer,Karamo Brown,1,8,0.4295444258|0.3175460227|0.3552001536|0.0205529088|0.0309724410|0.3238074915|0.4719339984|0.0504425756,0.0201670895|0.0425512003|0.0331048741|0.3081732599|0.2874930278|0.0408115422|0.0152024241|0.2524965820,0.0967029997|0.3161857759|0.0223587275|0.0205495371|0.0309719847|0.3236958357|0.1390925722|0.0504425672,True,1142.9990391991923,1200
28,8,Ally Brooke|Hannah Brown|James Van Der Beek|Kate Flannery|Kel Mitchell|Lauren Alaina|Sean Spicer,Kate Flannery,1,7,0.1827710241|0.3067360030|0.9137822687|0.0156715656|0.2784825995|0.2637867677|0.0387697468,0.1217362976|0.0532727007|0.0009309487|0.3708707431|0.0643141739|0.0709341693|0.3179409666,0.1726715777|0.2321106226|0.0046590864|0.0156465316|0.2723569757|0.2637855213|0.0387696847,True,1157.7393098089897,1200
28,9,Ally Brooke|Hannah Brown|James Van Der Beek|Kel Mitchell|Lauren Alaina|Sean Spicer,Sean Spicer,1,6,1.0169580398|0.3054939374|0.0453208124|0.3018513303|0.3012209472|0.0291549477,0.0005792707|0.0664937983|0.3767554054|0.0681283027|0.0684152181|0.4196280049,0.0185206947|0.3054838232|0.0452754834|0.3003502405|0.3012148126|0.0291549456,True,1127.2068603792513,1200
28,10,Ally Brooke|Hannah Brown|James Van Der Beek|Kel Mitchell|Lauren Alaina,James Van Der Beek,1,5,0.9059032943|0.3473708434|0.0344567651|0.3733469682|0.3389221493,0.0021999863|0.0911039191|0.7336959295|0.0766175879|0.0963825771,0.0265266445|0.3465689556|0.0344478570|0.2543362813|0.3381202616,True,1153.8122364327662,1200
28,11,Ally Brooke|Hannah Brown|Kel Mitchell|Lauren Alaina,Ally Brooke|Hannah Brown|Kel Mitchell|Lauren Alaina,4,4,0.8957622239|0.3597221296|0.3878963755|0.3566192803,0.0097489429|0.3474982011|0.2879915625|0.3547612935,0.0308073351|0.3438799285|0.2708374650|0.3544752714,False,1199.9999999999998,1200
29,2,AJ McLean|Anne Heche|Carole Baskin|Charles Oakley|Chrishell Stause|Jeannie Mai|Jesse Metcalfe|Johnny Weir|Justina Machado|Kaitlyn Bristowe|Monica Aldama|Nelly|Nev Schulman|Skai Jackson|Veron Davis,Charles Oakley,1,15,0.0154532409|0.0119186692|0.0091962937|0.0062181232|0.0178402275|0.1403556172|0.0154385145|0.1139684546|0.2178465912|0.8012209510|0.0877742513|0.1555654587|0.2141758311|0.1755937414|0.0174340014,0.1006100722|0.1030089817|0.1048955775|0.1069990360|0.0990217111|0.0437534237|0.1006199502|0.0521687827|0.0261007323|0.0005340857|0.0621227524|0.0395343898|0.0267473421|0.0345929200|0.0992902426,0.0154514628|0.0119186648|0.0091962937|0.0062181232|0.0178402231|0.1403556128|0.0150034350|0.1139684502|0.1113861466|0.0145787572|0.0877742513|0.1555654543|0.1077153864|0.1755937414|0.0174339970,True,1179.6325141261036,1200
29,3,AJ McLean|Anne Heche|Carole Baskin|Chrishell Stause|Jeannie Mai|Jesse Metcalfe|Johnny Weir|Justina Machado|Kaitlyn Bristowe|Monica Aldama|Nelly|Nev Schulman|Skai Jackson|Veron Davis,Carole Baskin,1,14,0.0182915196|0.0133091653|0.0070638052|0.0171157609|0.1373580328|0.0151129018|0.5312383096|0.1571949201|0.1103565959|0.0874246728|0.1621778633|0.5407977937|0.1858164864|0.0167421915,0.1117895134|0.1155650360|0.1204782438|0.1126692065|0.0505438362|0.1141836987|0.0036582046|0.0442827446|0.0605125380|0.0705082744|0.0428358542|0.0034323412|0.0365903537|0.1129501546,0.0182908405|0.0133091653|0.0070638052|0.0170546297|0.1372969016|0.0151128972|0.0358868461|0.1571949200|0.1012839178|0.0874239937|0.1621778633|0.0454463301|0.1858164864|0.0166414032,True,1177.945157682858,1200
29,4,AJ McLean|Anne Heche|Chrishell Stause|Jeannie Mai|Jesse Metcalfe|Johnny Weir|Justina Machado|Kaitlyn Bristowe|Monica Aldama|Nelly|Nev Schulman|Skai Jackson|Veron Davis,Anne Heche,1,13,0.0155137169|0.0081908513|0.0177826113|0.1349347801|0.0166881889|0.1144937648|0.1518623055|0.1070336047|0.0894081486|0.1574629959|0.1514996718|1.0157185910|0.0194107769,0.1201904667|0.1262036423|0.1183861506|0.0542138974|0.1192530724|0.0621288666|0.0484284338|0.0652969366|0.0734384883|0.0466535573|0.0485456540|0.0001527497|0.1171080844,0.0155075742|0.0081908513|0.0177826113|0.1349347801|0.0166881889|0.1144876220|0.1518561627|0.1068301839|0.0894020058|0.1574629959|0.1514935290|0.0159527180|0.0194107769,True,1171.830168803784,1200
29,5,AJ McLean|Chrishell Stause|Jeannie Mai|Jesse Metcalfe|Johnny Weir|Justina Machado|Kaitlyn Bristowe|Monica Aldama|Nelly|Nev Schulman|Skai Jackson|Veron Davis,Jesse Metcalfe,1,12,0.0177446364|0.0174663242|0.1303209896|0.0086451606|0.9793994222|0.1441783116|0.1269753925|0.0847810260|0.1550230594|0.1401464297|0.1811636510|0.0141555738,0.1370942010|0.1373488038|0.0647257600|0.1456682040|0.0002252907|0.0590141426|0.0661856219|0.0876857170|0.0548981034|0.0606219072|0.0461182242|0.1404140240,0.0177445273|0.0174663242|0.1303208804|0.0086451606|0.0095487033|0.1441782025|0.0976884380|0.0844556773|0.1550229503|0.1396100204|0.1811635419|0.0141555737,True,1174.4422283792758,1200
29,6,AJ McLean|Chrishell Stause|Jeannie Mai|Johnny Weir|Justina Machado|Kaitlyn Bristowe|Monica Aldama|Nelly|Nev Schulman|Skai Jackson|Veron Davis,Veron Davis,1,11,0.2581977379|0.0180450725|0.1428890862|0.1221158677|0.3339175329|0.3097337904|0.3001262871|0.1636161128|0.1530464568|0.1880708800|0.0102411694,0.0427811379|0.2121121346|0.0922794661|0.1059862926|0.0258238548|0.0303417187|0.0323486937|0.0803700400|0.0862375626|0.0682795077|0.2234395913,0.0093503129|0.0180441451|0.1428384536|0.1221158614|0.0850701079|0.0608863654|0.0512788621|0.1636151855|0.1484886572|0.1880708800|0.0102411689,True,1166.1672423618045,1200
29,7,AJ McLean|Chrishell Stause|Jeannie Mai|Johnny Weir|Justina Machado|Kaitlyn Bristowe|Monica Aldama|Nelly|Nev Schulman|Skai Jackson,Jeannie Mai|Monica Aldama,2,10,0.0152854191|0.0201972884|0.1465680731|0.1167871422|0.1556145162|0.0999603834|0.0874830553|0.1630750782|1.0131438902|0.1818851307,0.1932060263|0.1869818060|0.0805227232|0.0982071438|0.0758099689|0.1098655507|0.1193952644|0.0721316354|0.0002494161|0.0636304653,0.0152849148|0.0201964570|0.1465680480|0.1167417485|0.1556136848|0.0999603778|0.0874830553|0.1630296846|0.0132822922|0.1818397371,False,1199.9999999999998,1200
29,8,AJ McLean|Chrishell Stause|Johnny Weir|Justina Machado|Kaitlyn Bristowe|Nelly|Nev Schulman|Skai Jackson,Chrishell Stause,1,8,0.0228909333|0.0159059071|0.5514290911|0.2157449704|0.1490502615|0.2304884939|0.5560866223|0.2584037085,0.3056169309|0.3201851107|0.0090136919|0.0844904810|0.1317979766|0.0765809783|0.0087381154|0.0635767152,0.0228858809|0.0159008547|0.0526810271|0.2137067011|0.1485954621|0.2304884911|0.0573385582|0.2584030247,True,1150.3392858228765,1200
29,9,AJ McLean|Johnny Weir|Justina Machado|Kaitlyn Bristowe|Nelly|Nev Schulman|Skai Jackson,AJ McLean,1,7,0.0146974956|0.5465929128|0.2168406669|0.5413782677|0.2212242031|0.2104453298|0.2488211410,0.4873122810|0.0140544027|0.1266318440|0.0145515862|0.1229847587|0.1321476146|0.1023175128,0.0146968118|0.0478321232|0.2168356144|0.0426174780|0.2212241106|0.2092090254|0.2475848366,True,1163.1826554638762,1200
29,10,Johnny Weir|Justina Machado|Kaitlyn Bristowe|Nelly|Nev Schulman|Skai Jackson,Johnny Weir|Skai Jackson,2,6,0.1696156545|0.2232740465|0.5446302204|0.2334328844|0.5639789459|0.2650682348,0.3293606582|0.2303110444|0.0270329440|0.2152295594|0.0237614559|0.1743043381,0.1695140692|0.2220364841|0.0453619270|0.2334102177|0.0647106525|0.2649666494,False,1199.9999999999998,1200
29,11,Justina Machado|Kaitlyn Bristowe|Nelly|Nev Schulman,Justina Machado|Kaitlyn Bristowe|Nelly|Nev Schulman,4,4,0.5314632661|0.4727250355|0.4648490226|0.5309626904,0.1983438418|0.2934156791|0.3092336241|0.1990068549,0.1984051175|0.1396668868|0.4640234539|0.1979045417,False,1199.9999999999998,1200
30,2,"Amanda Kloots|Brian Austin Green|Christine Chiu|Cody Rigsby|Iman Shumpert|Jimmie Allen|JoJo Siwa|Kenya Moore|Martin Kove|Matt James|Melanie C|Melora Hardin|Mike ""The Miz"" Mizanin|Olivia Jade|Suni Lee",Martin Kove,1,15,0.9886964414|0.0438817236|0.0136732147|0.1202466418|0.0943832838|0.1222820320|0.1120048105|0.0140556481|0.0048895010|0.1014605797|0.0157266479|0.1194783553|0.0113875186|0.1078713639|0.1299622630,0.0001502759|0.0817350100|0.0999702346|0.0491257322|0.0583701927|0.0484636342|0.0519005048|0.0997156795|0.1059990974|0.0556801321|0.0986110115|0.0493779952|0.1015052440|0.0533505788|0.0460446771,0.0081308338|0.0438817236|0.0136732147|0.1202466418|0.0943832838|0.1222820265|0.0940451245|0.0140556481|0.0048895010|0.1014605797|0.0142524271|0.1194783498|0.0113875186|0.1078713584|0.1299617685,True,1180.5471270331211,1200
30,3,"Amanda Kloots|Brian Austin Green|Christine Chiu|Cody Rigsby|Iman Shumpert|Jimmie Allen|JoJo Siwa|Kenya Moore|Matt James|Melanie C|Melora Hardin|Mike ""The Miz"" Mizanin|Olivia Jade|Suni Lee",Christine Chiu,1,14,0.3704074612|0.0464790923|0.0083140251|0.1324561026|0.1052616237|0.1395654348|0.3802332587|0.0117371824|0.1121890902|0.0157305880|0.1383711552|0.0128926718|0.3891747365|0.1371875717,0.0116962982|0.1013717912|0.1307423563|0.0571463082|0.0685053139|0.0545010105|0.0109546835|0.1277924664|0.0654134704|0.1244351738|0.0549366722|0.1268118294|0.0103207582|0.0553718678,0.0383100202|0.0464790923|0.0083139877|0.1324561026|0.1052616237|0.1395654346|0.0481358177|0.0117371450|0.1121890901|0.0157214433|0.1346818859|0.0128835270|0.0570772956|0.1371875344,True,1174.6823200519586,1200
30,4,"Amanda Kloots|Brian Austin Green|Cody Rigsby|Iman Shumpert|Jimmie Allen|JoJo Siwa|Kenya Moore|Matt James|Melanie C|Melora Hardin|Mike ""The Miz"" Mizanin|Olivia Jade|Suni Lee",Brian Austin Green|Matt James,2,13,0.0773338912|0.0439778620|0.1300362600|0.1073513477|0.1289059116|0.1040672986|0.0115392127|0.1076874741|0.0140807649|1.0094766251|0.0147326901|0.1186996999|0.1321109918,0.0820874823|0.1025303716|0.0577680821|0.0671997252|0.0582050468|0.0686871969|0.1272834801|0.0670493098|0.1251449974|0.0001642280|0.1246022764|0.0623032429|0.0569745607,0.0773325239|0.0439778620|0.1300362600|0.1073513477|0.1289059104|0.1015952218|0.0115392127|0.1076874741|0.0140807615|0.0121696225|0.0147326889|0.1184967795|0.1320943351,False,1199.9999999999998,1200
30,5,"Amanda Kloots|Cody Rigsby|Iman Shumpert|Jimmie Allen|JoJo Siwa|Kenya Moore|Melanie C|Melora Hardin|Mike ""The Miz"" Mizanin|Olivia Jade|Suni Lee",Melanie C,1,11,0.1026988682|0.1505009112|0.1203958688|0.1533112615|0.9942984737|0.0146709465|0.0106818152|0.1436366432|0.0164733558|0.1400733499|0.1532585216,0.0908391252|0.0660498527|0.0807299863|0.0648238850|0.0002381374|0.1633578018|0.1677604564|0.0691426379|0.1614066305|0.0708048057|0.0648466811,0.0847126861|0.1505009112|0.1203958688|0.1533112614|0.0122861422|0.0146706461|0.0106815148|0.1436363428|0.0164733558|0.1400730495|0.1532582212,True,1166.2320511192645,1200
30,6,"Amanda Kloots|Cody Rigsby|Iman Shumpert|Jimmie Allen|JoJo Siwa|Kenya Moore|Melora Hardin|Mike ""The Miz"" Mizanin|Olivia Jade|Suni Lee",Kenya Moore,1,10,0.1005952292|0.1614759248|0.5378683013|0.1676663967|0.5352976902|0.0096739896|0.1533331238|0.0181825398|0.1473775936|0.1685292156,0.1241897996|0.0827595763|0.0067305524|0.0794136224|0.0068468907|0.2276826184|0.0873763869|0.2151270892|0.0909153276|0.0789581365,0.1004275541|0.1614758685|0.0380360586|0.1674987216|0.0354654475|0.0096739896|0.1533331237|0.0181825398|0.1473775373|0.1685291593,True,1167.102642763255,1200
30,7,"Amanda Kloots|Cody Rigsby|Iman Shumpert|Jimmie Allen|JoJo Siwa|Melora Hardin|Mike ""The Miz"" Mizanin|Olivia Jade|Suni Lee","Mike ""The Miz"" Mizanin",1,9,0.0943324463|0.1571696835|0.1299841117|0.1663440764|0.1354307931|0.1526788901|0.0098607481|0.9944836585|0.1597155798,0.1447513968|0.0952117017|0.1141302109|0.0895628159|0.1100603430|0.0981053081|0.2542104382|0.0003584413|0.0936093442,0.0943324460|0.1571688681|0.1299841104|0.1654498828|0.1174704365|0.1521365343|0.0098607481|0.0138813941|0.1597155796,True,1169.5223718025165,1200
30,8,Amanda Kloots|Cody Rigsby|Iman Shumpert|Jimmie Allen|JoJo Siwa|Melora Hardin|Olivia Jade|Suni Lee,Jimmie Allen|Olivia Jade,2,8,0.3761010769|0.1649600973|0.1453838073|0.1782366739|0.1509910018|0.4069112052|0.1621537668|0.4152623414,0.0421676489|0.1723039113|0.1963244100|0.1577086484|0.1891210237|0.0343379947|0.1755578668|0.0324784962,0.0482104722|0.1649567757|0.1453837849|0.1782366738|0.1346662899|0.0790206004|0.1621536665|0.0873717367,False,1199.9999999999998,1200
30,9,Amanda Kloots|Cody Rigsby|Iman Shumpert|JoJo Siwa|Melora Hardin|Suni Lee,Melora Hardin|Suni Lee,2,6,0.2241127779|0.2257033148|0.1885002596|0.9041034077|0.2194929342|0.2380872859,0.1919205228|0.1898962297|0.2433493660|0.0020622765|0.1979234422|0.1748481628,0.1049532955|0.2257025826|0.1883211106|0.0236273501|0.2194875243|0.2379081368,False,1199.9999999999998,1200
30,10,Amanda Kloots|Cody Rigsby|Iman Shumpert|JoJo Siwa,Amanda Kloots|Cody Rigsby|Iman Shumpert|JoJo Siwa,4,4,0.2989739385|0.4733941320|0.6188364228|0.6087955198,0.6418825158|0.2006584080|0.0760954694|0.0813636067,0.2899007314|0.4732279505|0.1234561106|0.1134152076,False,1199.9999999999998,1200
31,1,Charli D'Amelio|Cheryl Ladd|Daniel Durant|Gabby Windey|Heidi D'Amelio|Jason Lewis|Jessie James Decker|Jordin Sparks|Joseph Baena|Sam Champion|Selma Blair|Shangela|Teresa Giudice|Trevor Donovan|Vinny Guadagnino|Wayne Brady,Jason Lewis,1,16,1.0045833572|0.0078765967|0.1238327726|0.0872810687|0.0928203666|0.0074940863|0.0194861823|0.0253936338|0.1184406772|0.0106451621|0.0731891732|0.1118651183|0.0112649764|0.0975715383|0.1384281607|0.0698271093,0.0001221190|0.0938739232|0.0433328699|0.0552898580|0.0532853184|0.0941136137|0.0868823932|0.0835272055|0.0449189058|0.0921571745|0.0607359308|0.0469318162|0.0917771579|0.0516239836|0.0393151083|0.0621126221,0.0047180637|0.0078765967|0.1238326601|0.0872773426|0.0928203666|0.0074940863|0.0194861823|0.0253936317|0.1184406772|0.0106451621|0.0731854470|0.1118613922|0.0112649764|0.0975715383|0.1384281607|0.0697037161,True,1178.328840933913,1200
31,2,Charli D'Amelio|Cheryl Ladd|Daniel Durant|Gabby Windey|Heidi D'Amelio|Jessie James Decker|Jordin Sparks|Joseph Baena|Sam Champion|Selma Blair|Shangela|Teresa Giudice|Trevor Donovan|Vinny Guadagnino|Wayne Brady,Teresa Giudice,1,15,0.3575878733|0.0087483755|0.1401966078|0.3789545299|0.1007339024|0.0222022883|0.0296262963|0.1354019767|0.0119321700|0.0858369048|0.1193929629|0.0068756474|0.1010310329|0.1391544163|0.3623249752,0.0115284442|0.1179680760|0.0491114643|0.0099978795|0.0638909165|0.1078478345|0.1026400191|0.0507066317|0.1154905546|0.0705619125|0.0564177295|0.1194501225|0.0637644821|0.0494538761|0.0111700570,0.0242629044|0.0087483755|0.1401965059|0.0456295611|0.1007339019|0.0222022883|0.0296262963|0.1354019767|0.0119321700|0.0858369044|0.1193929625|0.0068756474|0.1010060829|0.1391544163|0.0290000064,True,1176.4512015115424,1200
31,3,Charli D'Amelio|Cheryl Ladd|Daniel Durant|Gabby Windey|Heidi D'Amelio|Jessie James Decker|Jordin Sparks|Joseph Baena|Sam Champion|Selma Blair|Shangela|Trevor Donovan|Vinny Guadagnino|Wayne Brady,Cheryl Ladd,1,14,0.3563041888|0.0050492056|0.1408879515|0.3781680831|0.1071534415|0.0218753096|0.0266561135|0.1381295090|0.0098742972|0.0876429302|0.1187066294|0.1028980606|0.1443711519|0.3622831500,0.0132033109|0.1372998905|0.0555107045|0.0114124896|0.0695101377|0.1227308183|0.1188808181|0.0565409691|0.1329536057|0.0791656652|0.0643573635|0.0715103228|0.0542365231|0.0126873811,0.0263293586|0.0050492056|0.1407772573|0.0481932529|0.0971890648|0.0218753096|0.0266561104|0.1381295040|0.0098742972|0.0876429302|0.1187061770|0.1028980606|0.1443711519|0.0323083199,True,1181.0482381599584,1200
31,4,Charli D'Amelio|Daniel Durant|Gabby Windey|Heidi D'Amelio|Jessie James Decker|Jordin Sparks|Joseph Baena|Sam Champion|Selma Blair|Shangela|Trevor Donovan|Vinny Guadagnino|Wayne Brady,Sam Champion,1,13,0.3599440728|0.1411655323|0.3784458889|0.0993838729|0.0235829908|0.0267927668|0.1374823986|0.0074792917|0.0860434608|0.1156490260|0.1077504869|0.1473152225|0.3689650266,0.0148957232|0.0640457543|0.0131671974|0.0846175875|0.1402576865|0.1372882654|0.0656378140|0.1561534758|0.0924879361|0.0759220974|0.0800270504|0.0614731076|0.0140263043,0.0267336045|0.1411655323|0.0452354206|0.0991995794|0.0235829906|0.0266084733|0.1374823986|0.0074792917|0.0860434381|0.1156490032|0.1077504869|0.1473152225|0.0357545583,True,1174.0195552739067,1200
31,5,Charli D'Amelio|Daniel Durant|Gabby Windey|Heidi D'Amelio|Jessie James Decker|Jordin Sparks|Joseph Baena|Selma Blair|Shangela|Trevor Donovan|Vinny Guadagnino|Wayne Brady,Joseph Baena|Selma Blair,2,12,0.9977292089|0.1269509531|0.1012202136|0.0916379164|0.0200498296|0.0277013563|0.1279520921|0.0737852323|0.1159055786|0.1052381045|0.1392071931|0.0726223382,0.0002085514|0.0692427587|0.0822001260|0.0876225878|0.1412162959|0.1341934681|0.0687821533|0.0986972132|0.0745339258|0.0800275456|0.0638100247|0.0994653495,0.0049697427|0.1269509531|0.0945310531|0.0916378914|0.0200498296|0.0277013563|0.1279520921|0.0737829883|0.1159055375|0.1052381045|0.1392071931|0.0720732585,False,1199.9999999999998,1200
31,6,Charli D'Amelio|Daniel Durant|Gabby Windey|Heidi D'Amelio|Jessie James Decker|Jordin Sparks|Shangela|Trevor Donovan|Vinny Guadagnino|Wayne Brady,Jessie James Decker,1,10,1.0059312848|0.1641831340|0.1223024996|0.1174433172|0.0155467774|0.0352797808|0.1483330326|0.1212956865|0.1766191440|0.0930653672,0.0002664759|0.0729068780|0.0963885301|0.0995621190|0.1963879475|0.1721796952|0.0810325014|0.0970376744|0.0671061873|0.1171319911,0.0062788991|0.1641831319|0.1219671536|0.1174371752|0.0155467774|0.0352797787|0.1483268905|0.1212956845|0.1766191440|0.0930653651,True,1150.370134391376,1200
31,7,Charli D'Amelio|Daniel Durant|Gabby Windey|Heidi D'Amelio|Jordin Sparks|Shangela|Trevor Donovan|Vinny Guadagnino|Wayne Brady,Jordin Sparks,1,9,0.8872947464|0.1803682850|0.1218976928|0.1258406737|0.0226620702|0.1556533033|0.2228336767|0.1820220385|0.1014274911,0.0007876614|0.0877205370|0.1295361500|0.1261754570|0.2510195465|0.1034328479|0.0660923783|0.0867587278|0.1484766942,0.0096937189|0.1803663013|0.1218975300|0.1258406604|0.0226620684|0.1556134603|0.1040632859|0.1820220385|0.0978409362,True,1130.2947097303327,1200
31,8,Charli D'Amelio|Daniel Durant|Gabby Windey|Heidi D'Amelio|Shangela|Trevor Donovan|Vinny Guadagnino|Wayne Brady,Heidi D'Amelio|Vinny Guadagnino,2,8,0.5231575673|0.1845598829|0.1336659395|0.1335686642|0.1647452101|0.1373687253|0.1935670781|0.5293669554,0.0140133587|0.1339315657|0.1880338353|0.1881558151|0.1528453742|0.1834489969|0.1261259483|0.0134451057,0.0241788631|0.1845594680|0.1336648116|0.1335686640|0.1627059983|0.1373668658|0.1935670781|0.0303882512,False,1199.9999999999998,1200
31,9,Charli D'Amelio|Daniel Durant|Gabby Windey|Shangela|Trevor Donovan|Wayne Brady,Daniel Durant|Trevor Donovan,2,6,0.5373541610|0.2880119610|0.5633710570|0.2463435174|0.2185575246|0.1463617579,0.0277778233|0.1464258730|0.0233545542|0.1933126716|0.2326531902|0.3764758876,0.0374562339|0.2880112757|0.0634731299|0.2462418040|0.2185575120|0.1462600445,False,1199.9999999999998,1200
31,10,Charli D'Amelio|Gabby Windey|Shangela|Wayne Brady,Charli D'Amelio|Gabby Windey|Shangela|Wayne Brady,4,4,0.5706951853|0.6277766991|0.4961707922|0.3053573378,0.1087961454|0.0743610647|0.1788066747|0.6380361152,0.0708628531|0.1279443669|0.4960031172|0.3051896628,False,1199.9999999999998,1200
32,1,Adrian Peterson|Alyson Hannigan|Ariana Madix|Barry Williams|Charity Lawson|Harry Jowsey|Jamie Lynn Spears|Jason Mraz|Lele Pons|Matt Walsh|Mauricio Umansky|Mira Sorvino|Tyson Beckford|Xochitl Gomez,Matt Walsh,1,14,0.0152253681|0.2577384491|0.2760245940|0.0237241906|0.7451628098|0.0792804112|0.0145433429|0.3004195158|0.0355707386|0.0083716672|0.0201627095|0.0160069268|0.0105300579|0.1972392169,0.1070136757|0.0212467249|0.0188082411|0.1011189777|0.0008242405|0.0698201756|0.1075013571|0.0159851844|0.0934401228|0.1120167010|0.1035485958|0.1064575427|0.1104164035|0.0318020572,0.0152183649|0.2577384491|0.1217677435|0.0237241800|0.0538315424|0.0792804112|0.0145433428|0.1461626653|0.0354300746|0.0083716672|0.0201627093|0.0160065781|0.0105300579|0.1972322137,True,1172.7142093269647,1200
32,2,Adrian Peterson|Alyson Hannigan|Ariana Madix|Barry Williams|Charity Lawson|Harry Jowsey|Jamie Lynn Spears|Jason Mraz|Lele Pons|Mauricio Umansky|Mira Sorvino|Tyson Beckford|Xochitl Gomez,Jamie Lynn Spears,1,13,0.0167117449|0.2536937099|0.1693335918|0.0208089350|0.2563241164|0.0767960333|0.0087153565|0.5648750232|0.0320896303|0.0189793236|0.0144476080|0.0093402627|0.5578846774,0.1180107759|0.0243102039|0.0426615038|0.1148309837|0.0238876152|0.0790605503|0.1244725485|0.0030537004|0.1065118989|0.1162402012|0.1198055710|0.1239550694|0.0031993779,0.0167117449|0.2536930248|0.1693252456|0.0208089350|0.2560477295|0.0767960333|0.0087153565|0.0651559399|0.0318132435|0.0189793236|0.0144475873|0.0093402420|0.0581655941,True,1174.6967281959728,1200
32,3,Adrian Peterson|Alyson Hannigan|Ariana Madix|Barry Williams|Charity Lawson|Harry Jowsey|Jason Mraz|Lele Pons|Mauricio Umansky|Mira Sorvino|Tyson Beckford|Xochitl Gomez,Tyson Beckford,1,12,0.0159078374|0.2563357000|0.5437094410|0.0224886926|0.2547339966|0.0758783231|0.5621463603|0.0315693318|0.0186446810|0.0157356096|0.0065728152|0.1962772397,0.1362997584|0.0274400644|0.0040397355|0.1304492416|0.0277346400|0.0913824392|0.0035725028|0.1227864421|0.1338354342|0.1364563456|0.1450516734|0.0409517230,0.0159078374|0.2563357000|0.0527025600|0.0224886925|0.2457408925|0.0758783231|0.0711394793|0.0315692766|0.0186446810|0.0157356069|0.0065728152|0.1872841356,True,1178.2027916617267,1200
32,4,Adrian Peterson|Alyson Hannigan|Ariana Madix|Barry Williams|Charity Lawson|Harry Jowsey|Jason Mraz|Lele Pons|Mauricio Umansky|Mira Sorvino|Xochitl Gomez,Adrian Peterson,1,11,0.0095791157|0.2367744804|0.1671178808|0.0205310313|0.2394410342|0.0703667231|0.1919324880|0.0303304659|0.0168925426|0.0138294647|1.0032047745,0.1544340160|0.0339582273|0.0540283274|0.1435601560|0.0333598851|0.1029780860|0.0457905517|0.1344812238|0.1470850138|0.1501194430|0.0002050700,0.0095790748|0.2367744804|0.1561635306|0.0205310313|0.2379585242|0.0703666823|0.1904499780|0.0303291140|0.0168925425|0.0138294239|0.0171256181,True,1171.6254973893658,1200
32,5,Alyson Hannigan|Ariana Madix|Barry Williams|Charity Lawson|Harry Jowsey|Jason Mraz|Lele Pons|Mauricio Umansky|Mira Sorvino|Xochitl Gomez,Mira Sorvino,1,10,0.2817073606|0.1948767705|0.0233537865|0.5461824669|0.0844045537|0.2776672114|0.0369699202|0.0229385966|0.0098921980|0.5220071125,0.0329417981|0.0587689063|0.1843985542|0.0056495446|0.1227431986|0.0338411202|0.1683971615|0.1849096640|0.2017124955|0.0066375569,0.2817073600|0.1948722139|0.0233492299|0.0963744654|0.0844045537|0.1773014758|0.0369653636|0.0229340400|0.0098921867|0.0721991110,True,1169.6680529363382,1200
32,6,Alyson Hannigan|Ariana Madix|Barry Williams|Charity Lawson|Harry Jowsey|Jason Mraz|Lele Pons|Mauricio Umansky|Xochitl Gomez,Mauricio Umansky,1,9,0.2500272397|0.2514728235|0.0254648691|0.2504761989|0.0729044803|0.2035834869|0.0305938056|0.0123797835|0.9030973203,0.0469853266|0.0465346933|0.2099601654|0.0468449069|0.1530330252|0.0640369571|0.2029023672|0.2290984279|0.0006041304,0.2500272396|0.1322794707|0.0254648690|0.2504672770|0.0729044803|0.2035175629|0.0305883942|0.0123797829|0.0223709232,True,1161.5476288049667,1200
32,7,Alyson Hannigan|Ariana Madix|Barry Williams|Charity Lawson|Harry Jowsey|Jason Mraz|Lele Pons|Xochitl Gomez,Lele Pons,1,8,0.2643136751|0.5219752191|0.0243196017|0.2770740716|0.0824646538|0.2218457856|0.0814149727|0.5265920399,0.0653669619|0.0117314508|0.3237518901|0.0600361963|0.2197177506|0.0867591792|0.2212607002|0.0113758710,0.2642926609|0.0591053067|0.0243195992|0.2685963139|0.0824646528|0.2187269928|0.0187723462|0.0637221275,True,1134.8708947639807,1200
32,8,Alyson Hannigan|Ariana Madix|Barry Williams|Charity Lawson|Harry Jowsey|Jason Mraz|Xochitl Gomez,Barry Williams,1,7,0.2625930366|0.8429248390|0.0142940140|0.2702264758|0.0807012753|0.2208830392|0.3083772962,0.0792026535|0.0016538917|0.4146092952|0.0752729024|0.2662994812|0.1045929816|0.0583687944,0.2625899936|0.0263571796|0.0142933350|0.2689988159|0.0807012751|0.2208829834|0.1261764174,True,1159.9779660736979,1200
32,9,Alyson Hannigan|Ariana Madix|Charity Lawson|Harry Jowsey|Jason Mraz|Xochitl Gomez,Harry Jowsey,1,6,0.2704516025|0.1913000709|0.2817749886|0.0543612469|0.9744391234|0.2276729560,0.1088768178|0.1845451241|0.1009603525|0.4598128237|0.0009969716|0.1448079103,0.2704514953|0.1912288116|0.2812484498|0.0543612324|0.0224345715|0.1802754393,True,1075.9023316642267,1200
32,11,Alyson Hannigan|Ariana Madix|Charity Lawson|Jason Mraz|Xochitl Gomez,Alyson Hannigan|Ariana Madix|Charity Lawson|Jason Mraz|Xochitl Gomez,5,5,0.3286044785|0.2596901272|0.3494478390|0.5390025002|0.5232550685,0.2517276598|0.3985276164|0.2190701617|0.0619107796|0.0687637824,0.3285148793|0.2000940059|0.2898517177|0.0986434144|0.0828959827,False,1199.9999999999998,1200
33,2,Anna Delvey|Brooks Nader|Chandler Kinney|Danny Amendola|Dwight Howard|Eric Roberts|Ilona Maher|Jenn Tran|Joey Graziadei|Phaedra Parks|Reginald VelJohnson|Stephen Nedoroscik|Tori Spelling,Anna Delvey|Tori Spelling,2,13,0.0585242963|0.0128363380|1.0122528236|0.2083696089|0.0305446258|0.0207338369|0.2123308972|0.0271767624|0.1269125262|0.0148047302|0.0181279327|0.2234545889|0.0339310513,0.0861978815|0.1168898443|0.0001493378|0.0317431467|0.1038738038|0.1108947992|0.0309158273|0.1062324014|0.0546376971|0.1153659644|0.1128381726|0.0287061193|0.1015550045,0.0585242963|0.0128362966|0.0132693808|0.2083658861|0.0302095042|0.0207338369|0.2123271743|0.0271767619|0.1265774045|0.0148010073|0.0181279327|0.2231194673|0.0339310510,False,1199.9999999999998,1200
33,3,Brooks Nader|Chandler Kinney|Danny Amendola|Dwight Howard|Eric Roberts|Ilona Maher|Jenn Tran|Joey Graziadei|Phaedra Parks|Reginald VelJohnson|Stephen Nedoroscik,Eric Roberts|Reginald VelJohnson,2,11,0.0148866637|0.3567339099|0.2425123606|0.0394652292|0.0204705751|0.2486481890|0.0295808445|0.7594805352|0.0159315535|0.0205879966|0.2517021399,0.1557608289|0.0159481054|0.0341518595|0.1322196533|0.1500690628|0.0327830467|0.1412258635|0.0010880233|0.1546795799|0.1499516332|0.0321223433,0.0148864401|0.0877991236|0.2425123303|0.0394652292|0.0204705751|0.2486481890|0.0295686349|0.0284399978|0.0159315532|0.0205879966|0.2516899303,False,1199.9999999999998,1200
33,4,Brooks Nader|Chandler Kinney|Danny Amendola|Dwight Howard|Ilona Maher|Jenn Tran|Joey Graziadei|Phaedra Parks|Stephen Nedoroscik,Brooks Nader,1,9,0.0114365911|0.1902742626|0.5762707693|0.0461634939|0.2835945420|0.0293618082|0.5490701003|0.0223254231|0.2915030335,0.2335012124|0.0708763015|0.0054066306|0.1852441313|0.0380461893|0.2072002717|0.0064815772|0.2171514543|0.0360922317,0.0114365569|0.1902742285|0.0762723786|0.0461634939|0.2835945079|0.0293617741|0.0490717096|0.0223253890|0.2914999614,True,1160.6099265496848,1200
33,5,Chandler Kinney|Danny Amendola|Dwight Howard|Ilona Maher|Jenn Tran|Joey Graziadei|Phaedra Parks|Stephen Nedoroscik,Phaedra Parks,1,8,1.0022370011|0.2440733240|0.0403096511|0.2541089472|0.0287981324|0.1605483689|0.0117857731|0.2581388183,0.0003668843|0.0574960242|0.2236629626|0.0537751598|0.2415034468|0.1003384363|0.2705074052|0.0523496808,0.0166095883|0.2435281889|0.0403096103|0.2474678419|0.0282529972|0.1539072636|0.0117857323|0.2581387775,True,1162.8460353795485,1200
33,6,Chandler Kinney|Danny Amendola|Dwight Howard|Ilona Maher|Jenn Tran|Joey Graziadei|Stephen Nedoroscik,Jenn Tran,1,7,0.3277519933|0.2599157958|0.1200500663|0.2677099877|0.0989965830|0.6473329207|0.2782426442,0.0706077219|0.1109834211|0.2819751727|0.1053638451|0.3244643220|0.0083863048|0.0982192124,0.1032573423|0.2598701182|0.0374630999|0.2677096799|0.0164096165|0.0370931766|0.2781969666,True,1146.1211470101946,1200
33,7,Chandler Kinney|Danny Amendola|Dwight Howard|Ilona Maher|Joey Graziadei|Stephen Nedoroscik,Dwight Howard,1,6,1.0050630018|0.2556210648|0.0289380373|0.2624254206|0.1749717386|0.2729807510,0.0007434071|0.1099216829|0.4981933836|0.1050467791|0.1881859017|0.0979088454,0.0186157867|0.2555939015|0.0289377355|0.2623036834|0.1640132999|0.2705355929,True,1134.8082806748687,1200
33,9,Chandler Kinney|Danny Amendola|Ilona Maher|Joey Graziadei|Stephen Nedoroscik,Chandler Kinney|Danny Amendola|Ilona Maher|Joey Graziadei|Stephen Nedoroscik,5,5,0.8477780942|0.2837647067|0.2876210009|0.2522355629|0.3286006592,0.0058593107|0.2516706322|0.2452829861|0.3105408670|0.1866462040,0.0271209006|0.2835977289|0.2868726584|0.1411716951|0.2612370170,False,1199.9999999999998,1200
34,2,Alix Earle|Andy Richter|Baron Davis|Corey Feldman|Danielle Fishel|Dylan Efron|Elaine Hendrix|Hilaria Baldwin|Jen Affleck|Jordan Chiles|Lauren Jauregui|Robert Irwin|Scott Hoying|Whitney Leavitt,Baron Davis|Corey Feldman,2,14,0.2064384762|0.0116420922|0.0319446466|0.0247504151|0.0258455118|0.2034892084|0.2375096906|0.0176868931|0.2860986689|0.3882213520|0.0151988003|0.3576716915|0.0174596386|0.1760429064,0.0339137484|0.1242707991|0.1085393397|0.1138719110|0.1130435999|0.0345871516|0.0275686445|0.1193624158|0.0199404940|0.0100939340|0.1213588260|0.0123740192|0.1195433905|0.0415317261,0.2045840800|0.0116420922|0.0319446465|0.0247504151|0.0258454930|0.2034846118|0.2356552944|0.0158324969|0.0108818809|0.1130045639|0.0133444041|0.0824549035|0.0174596384|0.0091154793,False,1199.9999999999998,1200
34,3,Alix Earle|Andy Richter|Danielle Fishel|Dylan Efron|Elaine Hendrix|Hilaria Baldwin|Jen Affleck|Jordan Chiles|Lauren Jauregui|Robert Irwin|Scott Hoying|Whitney Leavitt,Lauren Jauregui,1,12,0.2054527385|0.0150905587|0.0268644826|0.2110729461|0.2441838437|0.0162766811|0.0188542814|0.5647042452|0.0093578450|0.1709287636|0.0173388488|0.4998747668,0.0395686723|0.1407688104|0.1301419888|0.0381135420|0.0305642289|0.1396600729|0.1372806563|0.0036075456|0.1462528530|0.0498090919|0.1386746166|0.0055579214,0.1999482491|0.0150905587|0.0268640706|0.2077343046|0.2441834317|0.0162395921|0.0188542813|0.0692059158|0.0093578450|0.1708676142|0.0172776994|0.0043764374,True,1171.632375436271,1200
34,4,Alix Earle|Andy Richter|Danielle Fishel|Dylan Efron|Elaine Hendrix|Hilaria Baldwin|Jen Affleck|Jordan Chiles|Robert Irwin|Scott Hoying|Whitney Leavitt,Hilaria Baldwin,1,11,0.2351713726|0.0138841135|0.0242508635|0.2035111842|0.2546768105|0.0089089105|0.0196024640|0.2577587264|0.1633253787|0.0158247129|0.8030854400,0.0368912154|0.1612928816|0.1505221405|0.0455605122|0.0323928334|0.1667323568|0.1552597492|0.0317340774|0.0595577691|0.1592196226|0.0008368417,0.1694317484|0.0138841134|0.0242508303|0.2027808829|0.1889371863|0.0084659604|0.0188721628|0.1920191022|0.1633204579|0.0158246797|0.0022128757,True,1173.9821279622756,1200
34,6,Alix Earle|Andy Richter|Danielle Fishel|Dylan Efron|Elaine Hendrix|Jen Affleck|Jordan Chiles|Robert Irwin|Scott Hoying|Whitney Leavitt,Scott Hoying,1,10,0.2162295039|0.0144622120|0.0252837582|0.2149937089|0.2467969019|0.0213542191|0.5724787382|0.1722867943|0.0117224987|0.5043916541,0.0515744005|0.1979749908|0.1841953856|0.0520010582|0.0420661248|0.1890844990|0.0047971910|0.0691291733|0.2016241798|0.0075529970,0.2162244404|0.0144622120|0.0251820555|0.2149937087|0.2466951992|0.0213542189|0.0726338295|0.1721850917|0.0117224987|0.0045467454,True,1157.930735425837,1200
34,7,Alix Earle|Andy Richter|Danielle Fishel|Dylan Efron|Elaine Hendrix|Jen Affleck|Jordan Chiles|Robert Irwin|Whitney Leavitt,Jen Affleck,1,9,0.7668192087|0.0146734443|0.0275688943|0.2230303130|0.2542329200|0.0123063719|0.2485671927|0.1775070766|0.2752946133,0.0016137875|0.2429581002|0.2229437138|0.0605726342|0.0491966647|0.2468225073|0.0510904375|0.0820502162|0.0427519386,0.0379491149|0.0146734443|0.0275688918|0.2230275967|0.2542329199|0.0123063710|0.2485550193|0.1745283513|0.0071582908,True,1160.9102735377137,1200
34,8,Alix Earle|Andy Richter|Danielle Fishel|Dylan Efron|Elaine Hendrix|Jordan Chiles|Robert Irwin|Whitney Leavitt,Danielle Fishel,1,8,0.1955105215|0.0132607076|0.0142351093|0.1974141261|0.2255084831|0.2271282452|0.1569870734|0.9699557610,0.0859595559|0.2897086216|0.2878327706|0.0848755621|0.0703786884|0.0696227987|0.1111299117|0.0004920911,0.1940538674|0.0132607075|0.0142348129|0.1972169894|0.2254986682|0.1978705658|0.1567899367|0.0010744520,True,1158.0552868962113,1200
34,9,Alix Earle|Andy Richter|Dylan Efron|Elaine Hendrix|Jordan Chiles|Robert Irwin|Whitney Leavitt,Andy Richter,1,7,0.2439567466|0.0102282544|0.4470557600|0.2736606384|0.2684264408|0.4153173445|0.3413547791,0.1173749906|0.5575564791|0.0303070523|0.0962884056|0.0997076658|0.0374486204|0.0613167861,0.2438889312|0.0102282532|0.1137587756|0.2736605766|0.2683853087|0.0820203601|0.0080577946,True,1172.2162809511547,1200
34,10,Alix Earle|Dylan Efron|Elaine Hendrix|Jordan Chiles|Robert Irwin|Whitney Leavitt,Whitney Leavitt,1,6,0.2637857424|0.2421586805|0.2724518056|0.2676030968|0.8367571320|0.1172435234,0.1481021365|0.1710716646|0.1397881962|0.1443806361|0.0032481736|0.3934091930,0.1971026139|0.2420978733|0.2669781210|0.2621294122|0.0243903484|0.0073016311,True,1159.881873205597,1200
34,11,Alix Earle|Dylan Efron|Elaine Hendrix|Jordan Chiles|Robert Irwin,Alix Earle|Dylan Efron|Elaine Hendrix|Jordan Chiles|Robert Irwin,5,5,0.8871447368|0.2610951771|0.2852092545|0.3222822958|0.2442685424,0.0042172754|0.2739246329|0.2332457200|0.1821697384|0.3064426333,0.0335098429|0.2553434304|0.2847371224|0.2522116789|0.1741979255,False,1199.9999999999998,1200
