season,week,celebrity_name,era,j_metric,q_hat,p_mean,ci_lo_05,ci_hi_95,ci_width,ci_rel_width,ess,ess_ratio,pcp_unweighted,pcp_weighted,has_posterior,alive_n,elim_this_week_end,B,kappa,tau_like
1,1,Evander Holyfield,rank,0.009928934765779536,0.06214964057207568,0.06383400571755209,0.001178502488360665,0.22080365464246826,0.2196251521541076,3.440512767021174,1199.9999999999998,0.9999999999999998,,,False,6,False,1200,10.0,0.15
1,1,Joey McIntyre,rank,0.32880116223716216,0.23913322992246114,0.24060906390605272,0.06383693270879706,0.48400166886305496,0.42016473615425787,1.7462475564543014,1199.9999999999998,0.9999999999999998,,,False,6,False,1200,10.0,0.15
1,1,John O'Hurley,rank,0.32880116223716216,0.2287788901818504,0.22513034979080895,0.059730612554872324,0.45623584660921007,0.39650523405433774,1.7612173267862012,1199.9999999999998,0.9999999999999998,,,False,6,False,1200,10.0,0.15
1,1,Kelly Monaco,rank,1.4927549671390548e-05,0.4251217777832921,0.4228868996447818,0.18288761592569017,0.6807219390324788,0.49783432310678866,1.1772252729977861,1199.9999999999998,0.9999999999999998,,,False,6,False,1200,10.0,0.15
1,1,Rachel Hunter,rank,0.32880116223716216,0.01830502296364114,0.017935291954979393,4.6007790998169375e-09,0.0882366422930132,0.0882366376922341,4.919447002407776,1199.9999999999998,0.9999999999999998,,,False,6,False,1200,10.0,0.15
1,1,Trista Sutter,rank,0.003652650973062681,0.02651143857667959,0.029604388985824306,2.3877027112378284e-06,0.13924008640318444,0.1392376987004732,4.703120055850075,1199.9999999999998,0.9999999999999998,,,False,6,False,1200,10.0,0.15
1,2,Evander Holyfield,rank,1.202591421187391e-06,0.056765550136213185,0.06464073591073263,0.0004211193516250388,0.23603918159749618,0.23561806224587115,3.644983522274978,1155.1000180670944,0.9625833483892453,0.6991666666666667,0.7581009996806005,True,6,False,1200,10.0,0.15
1,2,Joey McIntyre,rank,0.003584874502136416,0.45673552951330443,0.44887108595410136,0.21291021182384903,0.7050508669071416,0.4921406550832925,1.0963939850196334,1155.1000180670944,0.9625833483892453,0.6991666666666667,0.7581009996806005,True,6,False,1200,10.0,0.15
1,2,John O'Hurley,rank,0.8771898688524947,0.05658901928266557,0.05508804724232743,0.00052427218388641,0.20220713316760466,0.20168286098371827,3.6610337459014195,1155.1000180670944,0.9625833483892453,0.6991666666666667,0.7581009996806005,True,6,False,1200,10.0,0.15
1,2,Kelly Monaco,rank,2.4154694393768075e-05,0.37936931413996877,0.3867282551537427,0.16461343586408522,0.6336190210434844,0.4690055851793992,1.2127491751120507,1155.1000180670944,0.9625833483892453,0.6991666666666667,0.7581009996806005,True,6,False,1200,10.0,0.15
1,2,Rachel Hunter,rank,0.11871473935343953,0.026705862001413186,0.028975818267284317,1.4052555502777487e-06,0.1478349995197973,0.14783359426424703,5.101788364085353,1155.1000180670944,0.9625833483892453,0.6991666666666667,0.7581009996806005,True,6,False,1200,10.0,0.15
1,2,Trista Sutter,rank,0.00048516000611434286,0.0238347249264349,0.015696057471811277,2.24990329303515e-07,0.06970946584024741,0.06970924084991811,4.440911360304422,1155.1000180670944,0.9625833483892453,0.6991666666666667,0.7581009996806005,True,6,True,1200,10.0,0.15
1,3,Evander Holyfield,rank,1.577089515763756e-05,0.0441235318813282,0.03300689184427524,7.111395973472855e-05,0.12654887082453375,0.12647775686479903,3.8317429498829036,1152.0116581791049,0.960009715149254,0.9366666666666666,0.9710984459278841,True,5,True,1200,10.0,0.15
1,3,Joey McIntyre,rank,0.006362433205746139,0.35273017784756205,0.36024676581001513,0.1461776347321136,0.5984384861580484,0.4522608514259348,1.2554161173186704,1152.0116581791049,0.960009715149254,0.9366666666666666,0.9710984459278841,True,5,False,1200,10.0,0.15
1,3,John O'Hurley,rank,0.0470123758829574,0.30684032418125745,0.2967688901292401,0.10295308511550276,0.5347614458067599,0.4318083606912571,1.455027531611139,1152.0116581791049,0.960009715149254,0.9366666666666666,0.9710984459278841,True,5,False,1200,10.0,0.15
1,3,Kelly Monaco,rank,0.002340608372220518,0.29329764049499485,0.3073111187155232,0.10576349836415408,0.5467299321094918,0.4409664337453377,1.4349139096383554,1152.0116581791049,0.960009715149254,0.9366666666666666,0.9710984459278841,True,5,False,1200,10.0,0.15
1,3,Rachel Hunter,rank,0.9442688116439183,0.003008325594857363,0.0026663335009464804,2.409890243237837e-42,0.008133034511084273,0.008133034511084273,3.0491254686368747,1152.0116581791049,0.960009715149254,0.9366666666666666,0.9710984459278841,True,5,False,1200,10.0,0.15
1,4,Joey McIntyre,rank,0.0029699230231969107,0.4652427995867699,0.4721965953166524,0.2504887926519617,0.6881155682019903,0.43762677555002855,0.9267873870822216,1131.2766750945968,0.9427305625788307,0.7208333333333333,0.8121546640612245,True,4,False,1200,10.0,0.15
1,4,John O'Hurley,rank,0.0029699230231969107,0.44509803756287086,0.4518549182675398,0.2381679170815647,0.6695594623927275,0.43139154531116275,0.9547104018580979,1131.2766750945968,0.9427305625788307,0.7208333333333333,0.8121546640612245,True,4,False,1200,10.0,0.15
1,4,Kelly Monaco,rank,0.7267162032220472,0.07047389469918318,0.06238322057054006,0.0013073147208610145,0.1959055609957305,0.1945982462748695,3.1193504462371267,1131.2766750945968,0.9427305625788307,0.7208333333333333,0.8121546640612245,True,4,False,1200,10.0,0.15
1,4,Rachel Hunter,rank,0.26734395073155903,0.019185268151176018,0.013565265845268144,7.588124156053677e-09,0.0726615724307052,0.07266156484258104,5.3560475425833625,1131.2766750945968,0.9427305625788307,0.7208333333333333,0.8121546640612245,True,4,True,1200,10.0,0.15
1,5,Joey McIntyre,rank,0.003951304309611276,0.5327618719755364,0.5306883095666788,0.28240033848710244,0.771364296260988,0.48896395777388557,0.9213751793363558,1199.9999999999998,0.9999999999999998,,,False,3,False,1200,10.0,0.15
1,5,John O'Hurley,rank,0.9668522864827245,0.053562754995303816,0.05599183548435694,0.0004536435534248626,0.19796628992490542,0.19751264637148055,3.5274628381100803,1199.9999999999998,0.9999999999999998,,,False,3,False,1200,10.0,0.15
1,5,Kelly Monaco,rank,0.029196409207664163,0.41367537302915974,0.41331985494896445,0.18053424112296523,0.6677203264604598,0.4871860853374945,1.1787115977916254,1199.9999999999998,0.9999999999999998,,,False,3,False,1200,10.0,0.15
1,6,Joey McIntyre,rank,,0.5357089674794769,0.5394275951175823,0.2892669643350473,0.7868642330243042,0.4975972686892569,0.9224525232682423,1199.9999999999998,0.9999999999999998,,,False,3,True,1200,10.0,0.15
1,6,John O'Hurley,rank,0.2689414213699951,0.3593504066042508,0.35804036598897454,0.1391861812334242,0.62320474559123,0.48401856435780577,1.3518509600723358,1199.9999999999998,0.9999999999999998,,,False,3,True,1200,10.0,0.15
1,6,Kelly Monaco,rank,0.7310585786300049,0.10494062591627225,0.10253203889344224,0.006101765010241023,0.2818526977699782,0.27575093275973717,2.6893861309066645,1199.9999999999998,0.9999999999999998,,,False,3,True,1200,10.0,0.15
2,1,Drew Lachey,rank,0.9038358051199642,0.0351678123238762,0.03304179779199243,1.4979848580241994e-05,0.1319313633651927,0.13191638351661247,3.992288557011386,1166.0124995617425,0.9716770829681187,0.5233333333333333,0.5674696798989998,True,10,False,1200,10.0,0.15
2,1,George Hamilton,rank,2.7648547013883303e-07,0.08787448169952013,0.09017419110221529,0.0031995180371055696,0.26257909581784666,0.2593795777807411,2.876396208428651,1166.0124995617425,0.9716770829681187,0.5233333333333333,0.5674696798989998,True,10,False,1200,10.0,0.15
2,1,Giselle Fernandez,rank,0.04499933502283101,0.017343752899220955,0.016920880078783458,2.5673018217720015e-09,0.08999231406615017,0.08999231149884836,5.31810360786566,1166.0124995617425,0.9716770829681187,0.5233333333333333,0.5674696798989998,True,10,False,1200,10.0,0.15
2,1,Jerry Rice,rank,6.765376393125247e-05,0.3760781173244276,0.38171945041258865,0.16470524662389613,0.6447944701165385,0.4800892234926423,1.257698462248303,1166.0124995617425,0.9716770829681187,0.5233333333333333,0.5674696798989998,True,10,False,1200,10.0,0.15
2,1,Kenny Mayne,rank,4.1567909209555184e-10,0.017005070750190338,0.010884062790968619,1.3228271631138203e-09,0.05726027524977848,0.05726027392695132,5.260444981030372,1166.0124995617425,0.9716770829681187,0.5233333333333333,0.5674696798989998,True,10,True,1200,10.0,0.15
2,1,Lisa Rinna,rank,2.0429666493950526e-06,0.16191545709664698,0.16140252336663682,0.026407006606633626,0.36601286545678496,0.3396058588501513,2.1040795873998257,1166.0124995617425,0.9716770829681187,0.5233333333333333,0.5674696798989998,True,10,False,1200,10.0,0.15
2,1,Master P,rank,9.27505423896344e-11,0.032812129738260316,0.03538845683391225,7.946209115475031e-06,0.14620309490163816,0.14619514869252268,4.131036805075514,1166.0124995617425,0.9716770829681187,0.5233333333333333,0.5674696798989998,True,10,False,1200,10.0,0.15
2,1,Stacy Keibler,rank,0.00608999775077406,0.22353746573735755,0.22287518191090233,0.05194444641173313,0.45305624575326753,0.4011117993415344,1.7997068861395162,1166.0124995617425,0.9716770829681187,0.5233333333333333,0.5674696798989998,True,10,False,1200,10.0,0.15
2,1,Tatum O'Neal,rank,0.04499933502283101,0.015428759255103628,0.016308052118789967,1.1371817027276706e-10,0.0973949886046363,0.09739498849091813,5.971836240483131,1166.0124995617425,0.9716770829681187,0.5233333333333333,0.5674696798989998,True,10,False,1200,10.0,0.15
2,1,Tia Carrere,rank,5.553359119198432e-06,0.032836953175396394,0.031285403593210505,6.168170497820641e-06,0.12960126293233898,0.12959509476184117,4.142217700917364,1166.0124995617425,0.9716770829681187,0.5233333333333333,0.5674696798989998,True,10,False,1200,10.0,0.15
2,2,Drew Lachey,rank,0.11913598673436808,0.2256600021286145,0.22662316138507482,0.053767395558001,0.46544518321288686,0.41167778765488583,1.8165661822587924,1166.1606573655067,0.9718005478045889,0.455,0.49450579768741365,True,9,False,1200,10.0,0.15
2,2,George Hamilton,rank,3.280582064443076e-06,0.08990850769091482,0.0936034716147984,0.005319908241486941,0.2712838733648162,0.26596396512332926,2.841359611726943,1166.1606573655067,0.9718005478045889,0.455,0.49450579768741365,True,9,False,1200,10.0,0.15
2,2,Giselle Fernandez,rank,0.00048688154787924944,0.019693151149235474,0.020732764563670097,8.673553868979803e-09,0.09656505113418297,0.0965650424606291,4.6573810638243325,1166.1606573655067,0.9718005478045889,0.455,0.49450579768741365,True,9,False,1200,10.0,0.15
2,2,Jerry Rice,rank,6.589225218491863e-05,0.384787468162908,0.3823580808254958,0.15288747791209523,0.6192859860271994,0.4663985081151042,1.2197918959010234,1166.1606573655067,0.9718005478045889,0.455,0.49450579768741365,True,9,False,1200,10.0,0.15
2,2,Lisa Rinna,rank,6.008595643719746e-08,0.16566523866309324,0.16917545571228348,0.02843119041186221,0.37320077182467776,0.34476958141281555,2.037928859315751,1166.1606573655067,0.9718005478045889,0.455,0.49450579768741365,True,9,False,1200,10.0,0.15
2,2,Master P,rank,2.455575706203347e-10,0.03357186633318497,0.035519082037097395,1.362363755825225e-05,0.15017560661350116,0.1501619829759429,4.227523540601984,1166.1606573655067,0.9718005478045889,0.455,0.49450579768741365,True,9,False,1200,10.0,0.15
2,2,Stacy Keibler,rank,0.8803024893817034,0.02957777052296727,0.027637714761206335,3.538865913594119e-06,0.11702847358790895,0.11702493472199536,4.234094665148881,1166.1606573655067,0.9718005478045889,0.455,0.49450579768741365,True,9,False,1200,10.0,0.15
2,2,Tatum O'Neal,rank,4.0485598986319473e-10,0.017538719435010935,0.010693809082084959,2.7942649562869037e-09,0.058472037226033335,0.05847203443176838,5.467328493943459,1166.1606573655067,0.9718005478045889,0.455,0.49450579768741365,True,9,True,1200,10.0,0.15
2,2,Tia Carrere,rank,5.408765429924638e-06,0.03359727591407085,0.03365646001828847,1.1914237909439277e-05,0.15331600404916573,0.1533040898112563,4.554832412426706,1166.1606573655067,0.9718005478045889,0.455,0.49450579768741365,True,9,False,1200,10.0,0.15
2,3,Drew Lachey,rank,0.4777244394581647,0.1088721596338943,0.10414324545144776,0.006560681666633555,0.28652877307911606,0.2799680914124825,2.688272311147563,1156.790411722064,0.9639920097683866,0.5941666666666666,0.6492217892215206,True,8,False,1200,10.0,0.15
2,3,George Hamilton,rank,7.978810648018094e-06,0.10037737674374364,0.10549364565629721,0.006183728740493085,0.30196630222320453,0.2957825734827114,2.8037685860036397,1156.790411722064,0.9639920097683866,0.5941666666666666,0.6492217892215206,True,8,False,1200,10.0,0.15
2,3,Giselle Fernandez,rank,2.1688655997223125e-05,0.02201039029968294,0.014297343646405947,4.0292404437215734e-08,0.07311269294010667,0.07311265264770223,5.113365188007629,1156.790411722064,0.9639920097683866,0.5941666666666666,0.6492217892215206,True,8,True,1200,10.0,0.15
2,3,Jerry Rice,rank,3.972415912271176e-07,0.42966234881900006,0.4293470912269891,0.19669449904059902,0.679412606914293,0.48271810787369396,1.1243047721353185,1156.790411722064,0.9639920097683866,0.5941666666666666,0.6492217892215206,True,8,False,1200,10.0,0.15
2,3,Lisa Rinna,rank,0.005307039144174497,0.18267476653743306,0.1869652908693688,0.03656624798800739,0.4089465916720613,0.3723803436840539,1.991697765156136,1156.790411722064,0.9639920097683866,0.5941666666666666,0.6492217892215206,True,8,False,1200,10.0,0.15
2,3,Master P,rank,7.275733536502043e-09,0.03748135688289857,0.04012775018016308,1.632090899971432e-05,0.17255302064454772,0.172536699735548,4.299578206670348,1156.790411722064,0.9639920097683866,0.5941666666666666,0.6492217892215206,True,8,False,1200,10.0,0.15
2,3,Stacy Keibler,rank,0.4777244394581647,0.08469984435118981,0.08447137476702726,0.003795103651090308,0.2534069016401069,0.24961179798901656,2.9549518251077913,1156.790411722064,0.9639920097683866,0.5941666666666666,0.6492217892215206,True,8,False,1200,10.0,0.15
2,3,Tia Carrere,rank,0.03921400995552628,0.03422175673215768,0.03515425820230054,7.892442326681015e-06,0.152492433028885,0.1524845405865583,4.337460408030222,1156.790411722064,0.9639920097683866,0.5941666666666666,0.6492217892215206,True,8,False,1200,10.0,0.15
2,4,Drew Lachey,rank,0.9221612379182113,0.03659525716204674,0.03567614710705988,2.080221407056056e-05,0.15168365724104566,0.1516628550269751,4.250980454571259,1134.9105926683578,0.9457588272236315,0.5125,0.5879729012367167,True,7,False,1200,10.0,0.15
2,4,George Hamilton,rank,2.0843881640445854e-06,0.09544686578757132,0.10050987727039205,0.005480237639522213,0.2891815137555036,0.2837012761159814,2.822592776230325,1134.9105926683578,0.9457588272236315,0.5125,0.5879729012367167,True,7,False,1200,10.0,0.15
2,4,Jerry Rice,rank,0.0003093506322218766,0.4082565843352289,0.4042901379261412,0.17335728383758095,0.6594864040156532,0.4861291201780722,1.2024233889264269,1134.9105926683578,0.9457588272236315,0.5125,0.5879729012367167,True,7,False,1200,10.0,0.15
2,4,Lisa Rinna,rank,0.045911704598428034,0.15795675615078875,0.16186760793153895,0.023655214566995972,0.38747903249521837,0.3638238179282224,2.2476490196425165,1134.9105926683578,0.9457588272236315,0.5125,0.5879729012367167,True,7,False,1200,10.0,0.15
2,4,Master P,rank,1.0377557602845418e-07,0.03563978268528456,0.023168819108271684,1.0735894697185963e-05,0.09869387285559071,0.09868313696089352,4.259124186501024,1134.9105926683578,0.9457588272236315,0.5125,0.5879729012367167,True,7,True,1200,10.0,0.15
2,4,Stacy Keibler,rank,0.027846856478616098,0.23075065884721588,0.23287971393614879,0.05292949536456508,0.47258869814548016,0.41965920278091506,1.8020350233724256,1134.9105926683578,0.9457588272236315,0.5125,0.5879729012367167,True,7,False,1200,10.0,0.15
2,4,Tia Carrere,rank,0.0037686622087828125,0.035354095031864,0.04160769672044829,1.851161580548016e-05,0.1735497384520414,0.17353122683623592,4.170551844056083,1134.9105926683578,0.9457588272236315,0.5125,0.5879729012367167,True,7,False,1200,10.0,0.15
2,5,Drew Lachey,rank,0.017968580022232318,0.2908892360391103,0.2912736051543791,0.09178498772537697,0.5398870925449081,0.4481021048195311,1.5384180319531513,1138.640018686607,0.9488666822388391,0.725,0.8003616615722897,True,6,False,1200,10.0,0.15
2,5,George Hamilton,rank,7.343347962461509e-05,0.09145382902031168,0.0960991324347002,0.004619227125397885,0.28332286111845856,0.2787036339930607,2.9001378763181114,1138.640018686607,0.9488666822388391,0.725,0.8003616615722897,True,6,False,1200,10.0,0.15
2,5,Jerry Rice,rank,9.938140764047308e-06,0.3915165872818312,0.3957751480271073,0.17674804100888142,0.6376816046202954,0.460933563611414,1.1646319918699195,1138.640018686607,0.9488666822388391,0.725,0.8003616615722897,True,6,False,1200,10.0,0.15
2,5,Lisa Rinna,rank,0.0008946029220403149,0.16818791842006958,0.17193221083279195,0.031161555111026442,0.3703438679008618,0.3391823127898354,1.9727562298577448,1138.640018686607,0.9488666822388391,0.725,0.8003616615722897,True,6,False,1200,10.0,0.15
2,5,Stacy Keibler,rank,0.9810512279363985,0.023771827950891916,0.02090870139085329,3.080682235337688e-07,0.09780609354510543,0.0978057854768819,4.677531431398917,1138.640018686607,0.9488666822388391,0.725,0.8003616615722897,True,6,False,1200,10.0,0.15
2,5,Tia Carrere,rank,2.2174989402595147e-06,0.03418060128778539,0.024011202160168367,8.867508742782791e-06,0.10295492551643899,0.10294605800769621,4.287239351102247,1138.640018686607,0.9488666822388391,0.725,0.8003616615722897,True,6,True,1200,10.0,0.15
2,6,Drew Lachey,rank,0.49717707427615354,0.11590764085955368,0.11112089726334372,0.008298729443936054,0.2908986227580715,0.28259989331413543,2.543152162389851,1068.9980605196777,0.8908317170997314,0.7058333333333333,0.834369052778033,True,5,False,1200,10.0,0.15
2,6,George Hamilton,rank,6.135652533280864e-05,0.11182618599448868,0.08648683730206062,0.006993882293328027,0.23118370899357654,0.2241898267002485,2.5921543848675594,1068.9980605196777,0.8908317170997314,0.7058333333333333,0.834369052778033,True,5,True,1200,10.0,0.15
2,6,Jerry Rice,rank,6.135652533280864e-05,0.4786601421902067,0.4901186292135896,0.24518850267237385,0.7398599762440231,0.49467147357164926,1.009287210890458,1068.9980605196777,0.8908317170997314,0.7058333333333333,0.834369052778033,True,5,False,1200,10.0,0.15
2,6,Lisa Rinna,rank,0.005523138397027227,0.20343275642045414,0.22296013250307398,0.05536242634097018,0.46532977108362106,0.4099673447426509,1.8387390669402823,1068.9980605196777,0.8908317170997314,0.7058333333333333,0.834369052778033,True,5,False,1200,10.0,0.15
2,6,Stacy Keibler,rank,0.49717707427615354,0.09017327453529676,0.08931350371793224,0.0038044243856332513,0.2540242949485147,0.2502198705628814,2.8015592109553777,1068.9980605196777,0.8908317170997314,0.7058333333333333,0.834369052778033,True,5,False,1200,10.0,0.15
2,7,Drew Lachey,rank,0.358994242617783,0.17904602171282316,0.18372177867393033,0.031013320864178653,0.4126013986410173,0.3815880777768387,2.076977501271511,1072.0994303353896,0.893416191946158,0.8416666666666667,0.9398070923388455,True,4,False,1200,10.0,0.15
2,7,Jerry Rice,rank,0.0005397260144048746,0.5345398646999459,0.564692685534604,0.33255286593731964,0.7861855345015056,0.453632668564186,0.8033252012278569,1072.0994303353896,0.893416191946158,0.8416666666666667,0.9398070923388455,True,4,False,1200,10.0,0.15
2,7,Lisa Rinna,rank,0.04858458750499092,0.2056379037883284,0.1700656244445719,0.03655565867984467,0.34707042341806804,0.31051476473822337,1.825841876690075,1072.0994303353896,0.893416191946158,0.8416666666666667,0.9398070923388455,True,4,True,1200,10.0,0.15
2,7,Stacy Keibler,rank,0.5918814438628213,0.08077620979890256,0.0815199113468932,0.003086101340297332,0.24881074686443105,0.24572464552413373,3.014252925589974,1072.0994303353896,0.893416191946158,0.8416666666666667,0.9398070923388455,True,4,False,1200,10.0,0.15
2,8,Drew Lachey,rank,0.7274751568004648,0.09727401639383998,0.09861891595735332,0.004239402887379673,0.2861108764174357,0.28187147353005604,2.8581597418106406,1199.9999999999998,0.9999999999999998,,,False,3,True,1200,10.0,0.15
2,8,Jerry Rice,rank,0.004901689049672921,0.6807844575337385,0.6795178286355964,0.43643027819514735,0.8889278146194574,0.45249753642431,0.6659087538941022,1199.9999999999998,0.9999999999999998,,,False,3,True,1200,10.0,0.15
2,8,Stacy Keibler,rank,0.2676231541498624,0.2219415260724215,0.2218632554070505,0.05071543457400532,0.44838822247352017,0.3976727878995149,1.7924148582200026,1199.9999999999998,0.9999999999999998,,,False,3,True,1200,10.0,0.15
3,1,Emmitt Smith,percent,0.11320754716981132,0.1943297948822695,0.19302752192209116,0.0412069998405353,0.4138364873814314,0.3726294875408961,1.9304374495044532,1171.6977531713333,0.9764147943094443,0.8458333333333333,0.8913236773938185,True,11,False,1200,10.0,0.15
3,1,Harry Hamlin,percent,0.08018867924528301,0.01252759667898999,0.012930427737977084,1.5863954702426555e-12,0.07703364130953715,0.07703364130795075,5.957087095782777,1171.6977531713333,0.9764147943094443,0.8458333333333333,0.8913236773938185,True,11,False,1200,10.0,0.15
3,1,Jerry Springer,percent,0.07547169811320754,0.011906969846867035,0.013210223085833788,1.0554252502698079e-12,0.07589143911988305,0.07589143911882763,5.744467308269511,1171.6977531713333,0.9764147943094443,0.8458333333333333,0.8913236773938185,True,11,False,1200,10.0,0.15
3,1,Joey Lawrence,percent,0.09905660377358491,0.18342407001021577,0.18483593906457413,0.03687561138408488,0.39989233379635464,0.3630167224122698,1.9639836292974278,1171.6977531713333,0.9764147943094443,0.8458333333333333,0.8913236773938185,True,11,False,1200,10.0,0.15
3,1,Mario Lopez,percent,0.12264150943396226,0.17925942746957832,0.17350778669500078,0.0305202114569216,0.3742344703092539,0.3437142588523323,1.9809616872978548,1171.6977531713333,0.9764147943094443,0.8458333333333333,0.8913236773938185,True,11,False,1200,10.0,0.15
3,1,Monique Coleman,percent,0.08962264150943396,0.03169800085759675,0.03211223672469066,3.4569823820369297e-06,0.15338057620844964,0.1533771192260676,4.776133920756163,1171.6977531713333,0.9764147943094443,0.8458333333333333,0.8913236773938185,True,11,False,1200,10.0,0.15
3,1,Sara Evans,percent,0.07075471698113207,0.17763524748881396,0.18068820958563298,0.03058721496813862,0.4235942843719559,0.3930070694038173,2.175044488296141,1171.6977531713333,0.9764147943094443,0.8458333333333333,0.8913236773938185,True,11,False,1200,10.0,0.15
3,1,Shanna Moakler,percent,0.08490566037735849,0.013920945465201555,0.012874280530584207,9.458595807515979e-12,0.07548804938529938,0.07548804937584078,5.86302171797538,1171.6977531713333,0.9764147943094443,0.8458333333333333,0.8913236773938185,True,11,False,1200,10.0,0.15
3,1,Tucker Carlson,percent,0.05660377358490566,0.011888002760488821,0.00822550013161477,2.6069028751749533e-12,0.05014317560955495,0.05014317560694805,6.09532301765192,1171.6977531713333,0.9764147943094443,0.8458333333333333,0.8913236773938185,True,11,True,1200,10.0,0.15
3,1,Vivica A. Fox,percent,0.10377358490566038,0.013381347128560274,0.01606436852631049,1.0979107962268254e-11,0.08971641695372089,0.08971641694274178,5.584460561599435,1171.6977531713333,0.9764147943094443,0.8458333333333333,0.8913236773938185,True,11,False,1200,10.0,0.15
3,1,Willa Ford,percent,0.10377358490566038,0.1700285974114181,0.1725235059956898,0.032873022400259584,0.3842422695513261,0.35136924715106654,2.0366338400635375,1171.6977531713333,0.9764147943094443,0.8458333333333333,0.8913236773938185,True,11,False,1200,10.0,0.15
3,2,Emmitt Smith,percent,0.10434782608695652,0.20138580308301016,0.2025947227940279,0.04205547206482924,0.4236790442708013,0.38162357220597204,1.8836704296761269,1172.8306514809965,0.9773588762341637,0.03166666666666667,0.03539021860005952,True,10,False,1200,10.0,0.15
3,2,Harry Hamlin,percent,0.09130434782608696,0.012389658775376806,0.012530125285674334,2.886125885160605e-13,0.07303190779672164,0.07303190779643302,5.8280406692544675,1172.8306514809965,0.9773588762341637,0.03166666666666667,0.03539021860005952,True,10,False,1200,10.0,0.15
3,2,Jerry Springer,percent,0.08260869565217391,0.011886000383313748,0.011741064136063684,1.4856527924241371e-12,0.06631470944828569,0.06631470944680003,5.6476194200920835,1172.8306514809965,0.9773588762341637,0.03166666666666667,0.03539021860005952,True,10,False,1200,10.0,0.15
3,2,Joey Lawrence,percent,0.12608695652173912,0.17477378609807484,0.17612576522717446,0.031325583498653935,0.3884478384846243,0.35712225498597033,2.0276432972884137,1172.8306514809965,0.9773588762341637,0.03166666666666667,0.03539021860005952,True,10,False,1200,10.0,0.15
3,2,Mario Lopez,percent,0.09130434782608696,0.19579959303354166,0.19592015807009538,0.03759783267517602,0.41816998427523705,0.380572151600061,1.942476021216159,1172.8306514809965,0.9773588762341637,0.03166666666666667,0.03539021860005952,True,10,False,1200,10.0,0.15
3,2,Monique Coleman,percent,0.11304347826086956,0.030459279784858195,0.028700800894707633,2.7985125631557998e-06,0.13545193178464746,0.1354491332720843,4.719185871610584,1172.8306514809965,0.9773588762341637,0.03166666666666667,0.03539021860005952,True,10,False,1200,10.0,0.15
3,2,Sara Evans,percent,0.09130434782608696,0.17184403513029536,0.17655663280798872,0.029722507293752372,0.3926308449493128,0.3629083376555604,2.05546671579038,1172.8306514809965,0.9773588762341637,0.03166666666666667,0.03539021860005952,True,10,False,1200,10.0,0.15
3,2,Shanna Moakler,percent,0.09565217391304348,0.013779562516599302,0.008961291632559144,2.225333801918589e-11,0.05245684200713415,0.05245684198488081,5.853061263294553,1172.8306514809965,0.9773588762341637,0.03166666666666667,0.03539021860005952,True,10,True,1200,10.0,0.15
3,2,Vivica A. Fox,percent,0.10434782608695652,0.013564476262505861,0.012523178680016263,5.116079098703483e-12,0.0712302202483222,0.07123022024320613,5.687416481598268,1172.8306514809965,0.9773588762341637,0.03166666666666667,0.03539021860005952,True,10,False,1200,10.0,0.15
3,2,Willa Ford,percent,0.1,0.174117804932424,0.17434626047169222,0.03284175674245927,0.386862722289326,0.35402096554686674,2.030550778882741,1172.8306514809965,0.9773588762341637,0.03166666666666667,0.03539021860005952,True,10,False,1200,10.0,0.15
3,3,Emmitt Smith,percent,0.09178743961352658,0.2123115216857573,0.21587368235359233,0.044625708495411406,0.4475146146567411,0.40288890616132966,1.8663092020277627,1179.266490930137,0.9827220757751142,0.20166666666666666,0.21452824118459674,True,9,False,1200,10.0,0.15
3,3,Harry Hamlin,percent,0.10628019323671498,0.012246818316874944,0.007552144829524235,2.0069122852886955e-12,0.04579356121576806,0.045793561213761144,6.062846966042572,1179.266490930137,0.9827220757751142,0.20166666666666666,0.21452824118459674,True,9,True,1200,10.0,0.15
3,3,Jerry Springer,percent,0.10144927536231885,0.011643204945864087,0.009861625284715224,5.966988913467981e-13,0.05749429373022971,0.057494293729633016,5.829512129872338,1179.266490930137,0.9827220757751142,0.20166666666666666,0.21452824118459674,True,9,False,1200,10.0,0.15
3,3,Joey Lawrence,percent,0.10628019323671498,0.1874063792174343,0.1822582018068007,0.03305547049716521,0.39992090170892186,0.36686543121175663,2.0128774162011482,1179.266490930137,0.9827220757751142,0.20166666666666666,0.21452824118459674,True,9,False,1200,10.0,0.15
3,3,Mario Lopez,percent,0.10628019323671498,0.1935422182219792,0.19199986693412693,0.03727298305871979,0.40289952750659586,0.36562654444787607,1.9042963205646248,1179.266490930137,0.9827220757751142,0.20166666666666666,0.21452824118459674,True,9,False,1200,10.0,0.15
3,3,Monique Coleman,percent,0.13043478260869565,0.02993843573898935,0.032587819575179956,4.807461057258769e-06,0.14918050554462758,0.1491756980835703,4.57751155237253,1179.266490930137,0.9827220757751142,0.20166666666666666,0.21452824118459674,True,9,False,1200,10.0,0.15
3,3,Sara Evans,percent,0.12077294685990338,0.16419943707576692,0.16474570122965176,0.027219095622012926,0.3845774054437161,0.3573583098217032,2.1691378774471293,1179.266490930137,0.9827220757751142,0.20166666666666666,0.21452824118459674,True,9,False,1200,10.0,0.15
3,3,Vivica A. Fox,percent,0.13043478260869565,0.013064008919786336,0.014983400177937136,3.0762731080464284e-11,0.08435937627603318,0.08435937624527046,5.629813355457515,1179.266490930137,0.9827220757751142,0.20166666666666666,0.21452824118459674,True,9,False,1200,10.0,0.15
3,3,Willa Ford,percent,0.10628019323671498,0.1756479758775476,0.18013755780847152,0.033140460893466346,0.39254329091195284,0.3594028300184865,1.9951465937715227,1179.266490930137,0.9827220757751142,0.20166666666666666,0.21452824118459674,True,9,False,1200,10.0,0.15
3,4,Emmitt Smith,percent,0.12121212121212122,0.211261452400715,0.21315764000820983,0.04658827045758754,0.4338175789978258,0.3872293085402383,1.816624972486802,1171.5517412643542,0.9762931177202951,0.12166666666666667,0.13501960747261088,True,8,False,1200,10.0,0.15
3,4,Jerry Springer,percent,0.1111111111111111,0.01213392039517531,0.012166642776678274,3.326444736452185e-12,0.07565753052025707,0.07565753051693062,6.217928312453703,1171.5517412643542,0.9762931177202951,0.12166666666666667,0.13501960747261088,True,8,False,1200,10.0,0.15
3,4,Joey Lawrence,percent,0.13636363636363635,0.18619228057903195,0.19309026525939163,0.036463501645386774,0.4043227164134173,0.3678592147680306,1.9051054136180743,1171.5517412643542,0.9762931177202951,0.12166666666666667,0.13501960747261088,True,8,False,1200,10.0,0.15
3,4,Mario Lopez,percent,0.14646464646464646,0.18779712221770475,0.18750141849681656,0.03474481486075624,0.41081573691309875,0.3760709220523425,2.0056857136417547,1171.5517412643542,0.9762931177202951,0.12166666666666667,0.13501960747261088,True,8,False,1200,10.0,0.15
3,4,Monique Coleman,percent,0.12121212121212122,0.03260972051426962,0.03191235462010804,6.53354429487525e-06,0.14199704450928494,0.14199051096499007,4.44925056156661,1171.5517412643542,0.9762931177202951,0.12166666666666667,0.13501960747261088,True,8,False,1200,10.0,0.15
3,4,Sara Evans,percent,0.10101010101010101,0.18331583561049852,0.18175872950429123,0.03243372772251896,0.40254684208709557,0.3701131143645766,2.0362767669933097,1171.5517412643542,0.9762931177202951,0.12166666666666667,0.13501960747261088,True,8,False,1200,10.0,0.15
3,4,Vivica A. Fox,percent,0.12121212121212122,0.014229657266807454,0.009233593351520342,1.3022634018636259e-11,0.05339223591721283,0.0533922359041902,5.781763622044055,1171.5517412643542,0.9762931177202951,0.12166666666666667,0.13501960747261088,True,8,True,1200,10.0,0.15
3,4,Willa Ford,percent,0.1414141414141414,0.17246001101579736,0.17117935598298475,0.03162413819463666,0.38479970652164397,0.3531755683270073,2.0631781392142496,1171.5517412643542,0.9762931177202951,0.12166666666666667,0.13501960747261088,True,8,False,1200,10.0,0.15
3,5,Emmitt Smith,percent,0.14917127071823205,0.2079435700975618,0.20643825379706587,0.05045726289269338,0.4339333304945751,0.38347606760188174,1.857573405001971,1199.9999999999998,0.9999999999999998,,,False,7,False,1200,10.0,0.15
3,5,Jerry Springer,percent,0.13259668508287292,0.012125634196183552,0.011709863025492269,5.541468037100162e-13,0.07036645613720306,0.07036645613664892,6.00864820837498,1199.9999999999998,0.9999999999999998,,,False,7,False,1200,10.0,0.15
3,5,Joey Lawrence,percent,0.13812154696132597,0.19485481550718003,0.19475014359757442,0.03844959204516347,0.4334911637691402,0.39504157172397675,2.028442885759244,1199.9999999999998,0.9999999999999998,,,False,7,False,1200,10.0,0.15
3,5,Mario Lopez,percent,0.14917127071823205,0.19609854652616074,0.19858360362824254,0.0396583912629699,0.4230268517971255,0.38336846053415563,1.930504447624928,1199.9999999999998,0.9999999999999998,,,False,7,False,1200,10.0,0.15
3,5,Monique Coleman,percent,0.14917127071823205,0.03209758158227058,0.03150150318192235,8.46228198594842e-06,0.14063713157283841,0.14062866929085246,4.464047459300057,1199.9999999999998,0.9999999999999998,,,False,7,False,1200,10.0,0.15
3,5,Sara Evans,percent,0.13259668508287292,0.17891189715925954,0.17724959343022156,0.030381712611185465,0.3968624261256403,0.3664807135144549,2.0675852555536167,1199.9999999999998,0.9999999999999998,,,False,7,True,1200,10.0,0.15
3,5,Willa Ford,percent,0.14917127071823205,0.1779679549313837,0.17976703933948113,0.030015282033719268,0.4121059595797369,0.3820906775460176,2.1254650100759145,1199.9999999999998,0.9999999999999998,,,False,7,True,1200,10.0,0.15
3,6,Emmitt Smith,percent,0.211864406779661,0.32840171791327594,0.3288443784422334,0.11829134371636815,0.5825889163846776,0.4642975726683094,1.4119023805890896,1199.9999999999998,0.9999999999999998,,,False,5,False,1200,10.0,0.15
3,6,Jerry Springer,percent,0.15254237288135594,0.02116420494479151,0.019588063263338035,6.412110129091507e-08,0.10269238364208623,0.10269231952098494,5.242329259979421,1199.9999999999998,0.9999999999999998,,,False,5,False,1200,10.0,0.15
3,6,Joey Lawrence,percent,0.2033898305084746,0.3058822994539776,0.3069824839708957,0.10682276293796629,0.5424017855900354,0.4355790226520691,1.4189005122287466,1199.9999999999998,0.9999999999999998,,,False,5,False,1200,10.0,0.15
3,6,Mario Lopez,percent,0.23728813559322035,0.29180996903248546,0.29336502052546876,0.08899309846752054,0.5314082612761735,0.4424151628086529,1.5080654603972596,1199.9999999999998,0.9999999999999998,,,False,5,False,1200,10.0,0.15
3,6,Monique Coleman,percent,0.19491525423728814,0.0527418086554695,0.051220053798063686,0.00031404600243544297,0.18913171765126735,0.1888176716488319,3.6863293050009407,1199.9999999999998,0.9999999999999998,,,False,5,False,1200,10.0,0.15
3,7,Emmitt Smith,percent,0.2111111111111111,0.32420036426752724,0.32478459416812094,0.11094385491265149,0.5759883867016697,0.4650445317890183,1.4318508583490135,1170.798772070933,0.9756656433924441,0.8966666666666666,0.9294727634370454,True,5,False,1200,10.0,0.15
3,7,Jerry Springer,percent,0.17037037037037037,0.020004548934726984,0.012865779886296473,1.0278064388778437e-08,0.06589108375547292,0.06589107347740854,5.121022824645086,1170.798772070933,0.9756656433924441,0.8966666666666666,0.9294727634370454,True,5,True,1200,10.0,0.15
3,7,Joey Lawrence,percent,0.2111111111111111,0.2960404345053866,0.29749124058686693,0.09463634800689592,0.5510050547799794,0.4563687067730835,1.5340524709915084,1170.798772070933,0.9756656433924441,0.8966666666666666,0.9294727634370454,True,5,False,1200,10.0,0.15
3,7,Mario Lopez,percent,0.2074074074074074,0.30839396755952686,0.30716214179332696,0.11261678956273727,0.5481361806352633,0.435519391072526,1.4178764695848922,1170.798772070933,0.9756656433924441,0.8966666666666666,0.9294727634370454,True,5,False,1200,10.0,0.15
3,7,Monique Coleman,percent,0.2,0.05136068473283236,0.057696243565388654,0.00021706029982877917,0.20581015748190598,0.2055930971820772,3.563308825127447,1170.798772070933,0.9756656433924441,0.8966666666666666,0.9294727634370454,True,5,False,1200,10.0,0.15
3,8,Emmitt Smith,percent,0.24770642201834864,0.33530945771056836,0.33452667867567143,0.1269980980929022,0.5822758461347947,0.45527774804189247,1.3609568865698844,1144.6562051614574,0.9538801709678811,0.9175,0.961239991299503,True,4,False,1200,10.0,0.15
3,8,Joey Lawrence,percent,0.24770642201834864,0.30618459599412867,0.3107324072916987,0.10960109766024931,0.5483779119968395,0.4387768143365902,1.4120683648433454,1144.6562051614574,0.9538801709678811,0.9175,0.961239991299503,True,4,False,1200,10.0,0.15
3,8,Mario Lopez,percent,0.26146788990825687,0.3061900306727735,0.31729896607893443,0.11578533708637342,0.5729425200370328,0.45715718295065944,1.4407728705427372,1144.6562051614574,0.9538801709678811,0.9175,0.961239991299503,True,4,False,1200,10.0,0.15
3,8,Monique Coleman,percent,0.24311926605504589,0.05231591562252957,0.03744194795369538,0.00019545768079919884,0.13682799665529424,0.13663253897449504,3.649086048018029,1144.6562051614574,0.9538801709678811,0.9175,0.961239991299503,True,4,True,1200,10.0,0.15
3,9,Emmitt Smith,percent,0.3333333333333333,0.3501182755383472,0.35025189761778647,0.12095543834851612,0.6014577008362069,0.48050226248769073,1.3718723406880675,1199.9999999999998,0.9999999999999998,,,False,3,False,1200,10.0,0.15
3,9,Joey Lawrence,percent,0.3333333333333333,0.31970712510711,0.3234711104681161,0.11234031975080726,0.5874404474041686,0.4751001276533613,1.4687514387741656,1199.9999999999998,0.9999999999999998,,,False,3,False,1200,10.0,0.15
3,9,Mario Lopez,percent,0.3333333333333333,0.33017459935454274,0.32627699191409776,0.11152596812995655,0.5767597711081037,0.4652338029781472,1.4258816546248503,1199.9999999999998,0.9999999999999998,,,False,3,False,1200,10.0,0.15
3,10,Emmitt Smith,percent,0.5,0.2392773653186316,0.24257961915181359,0.05984426111880883,0.47944967160084173,0.4196054104820329,1.72975653186635,1199.9999999999998,0.9999999999999998,,,False,3,True,1200,10.0,0.15
3,10,Joey Lawrence,percent,,0.535075149964345,0.5300984338223923,0.2888383239554496,0.7723822244710925,0.4835439005156429,0.9121758478950805,1199.9999999999998,0.9999999999999998,,,False,3,True,1200,10.0,0.15
3,10,Mario Lopez,percent,0.5,0.22564748471702334,0.22732194702579417,0.054622640710207455,0.465404610150425,0.41078196944021755,1.8070413691830522,1199.9999999999998,0.9999999999999998,,,False,3,True,1200,10.0,0.15
4,1,Apolo Anton Ohno,percent,0.10194174757281553,0.2364832724941912,0.23214953768013327,0.06538091902943165,0.46075075054238407,0.3953698315129524,1.703075234991312,1199.9999999999998,0.9999999999999998,,,False,11,False,1200,10.0,0.15
4,1,Billy Ray Cyrus,percent,0.06310679611650485,0.044857344523161514,0.0432089012236443,7.01221232078189e-05,0.17840338723058874,0.17833326510738093,4.127138920877644,1199.9999999999998,0.9999999999999998,,,False,11,False,1200,10.0,0.15
4,1,Clyde Drexler,percent,0.07766990291262135,0.019918806471564028,0.0203585751578307,2.642473735375487e-08,0.11100327681944694,0.11100325039470958,5.452139817957621,1199.9999999999998,0.9999999999999998,,,False,11,False,1200,10.0,0.15
4,1,Heather Mills,percent,0.08737864077669903,0.015074331959282544,0.016750965033168714,2.941320532798396e-10,0.10093086348847549,0.10093086319434344,6.0250163485000945,1199.9999999999998,0.9999999999999998,,,False,11,False,1200,10.0,0.15
4,1,Ian Ziering,percent,0.10194174757281553,0.07408134831653729,0.0753296291333228,0.001707015663633977,0.23836663750039544,0.23665962183676145,3.141612177669629,1199.9999999999998,0.9999999999999998,,,False,11,False,1200,10.0,0.15
4,1,Joey Fatone,percent,0.11650485436893204,0.2733516626911529,0.271550867093002,0.0793891182070053,0.5125593631725645,0.43317024496555917,1.5951657766256697,1199.9999999999998,0.9999999999999998,,,False,11,False,1200,10.0,0.15
4,1,John Ratzenberger,percent,0.0825242718446602,0.019876875983243343,0.019975704053914682,4.666207142378074e-08,0.10509711109080246,0.10509706442873103,5.260981198153955,1199.9999999999998,0.9999999999999998,,,False,11,False,1200,10.0,0.15
4,1,Laila Ali,percent,0.11165048543689321,0.2704314843615571,0.27375191938780297,0.08185576181855951,0.515474663149489,0.43361890133092945,1.583979094362306,1199.9999999999998,0.9999999999999998,,,False,11,False,1200,10.0,0.15
4,1,Leeza Gibbons,percent,0.07281553398058252,0.013256164744842605,0.01238242856051672,1.5802901091170717e-11,0.0713955561775738,0.0713955561617709,5.765411074394069,1199.9999999999998,0.9999999999999998,,,False,11,False,1200,10.0,0.15
4,1,Paulina Porizkova,percent,0.09223300970873786,0.01255610988473167,0.013403938615650781,6.231821507249002e-13,0.0801148580174188,0.08011485801679562,5.976518081422502,1199.9999999999998,0.9999999999999998,,,False,11,False,1200,10.0,0.15
4,1,Shandi Finnessey,percent,0.09223300970873786,0.020112598569735744,0.021137534061013312,1.4561721217121962e-08,0.10982176142597695,0.10982174686425573,5.195334101564053,1199.9999999999998,0.9999999999999998,,,False,11,False,1200,10.0,0.15
4,2,Apolo Anton Ohno,percent,0.10612244897959183,0.23173742517783708,0.2333184644761821,0.06461309085233359,0.45382265247877485,0.38920956162644127,1.6681401292440086,1174.9916259855736,0.9791596883213113,0.05416666666666667,0.059406988742230216,True,11,False,1200,10.0,0.15
4,2,Billy Ray Cyrus,percent,0.08571428571428572,0.04210222396949637,0.0463073995221848,6.734041142336264e-05,0.18713268546024994,0.18706534504882658,4.039555393384084,1174.9916259855736,0.9791596883213113,0.05416666666666667,0.059406988742230216,True,11,False,1200,10.0,0.15
4,2,Clyde Drexler,percent,0.07346938775510205,0.019905614418777376,0.022075777270636768,2.4991145078884356e-08,0.11256070001896196,0.11256067502781687,5.098600835074251,1174.9916259855736,0.9791596883213113,0.05416666666666667,0.059406988742230216,True,11,False,1200,10.0,0.15
4,2,Heather Mills,percent,0.09795918367346938,0.014552267310433247,0.015480395243704669,7.194526237108735e-11,0.08466137532221758,0.08466137525027231,5.468588193606057,1174.9916259855736,0.9791596883213113,0.05416666666666667,0.059406988742230216,True,11,False,1200,10.0,0.15
4,2,Ian Ziering,percent,0.08979591836734693,0.07542142578352139,0.07506329869087794,0.0018826439320958309,0.22834660184611,0.22646395791401416,3.01693297431066,1174.9916259855736,0.9791596883213113,0.05416666666666667,0.059406988742230216,True,11,False,1200,10.0,0.15
4,2,Joey Fatone,percent,0.09795918367346938,0.28249498455999766,0.28148740372506537,0.09260424647787334,0.5224200510476671,0.42981580456979374,1.5269396496688452,1174.9916259855736,0.9791596883213113,0.05416666666666667,0.059406988742230216,True,11,False,1200,10.0,0.15
4,2,John Ratzenberger,percent,0.08571428571428572,0.019523180075481306,0.020199374488610256,4.101840887391031e-08,0.10442198394372257,0.10442194292531369,5.169307281119504,1174.9916259855736,0.9791596883213113,0.05416666666666667,0.059406988742230216,True,11,False,1200,10.0,0.15
4,2,Laila Ali,percent,0.11020408163265306,0.2685164846701524,0.26617138378002736,0.07394883915390871,0.5039698821143289,0.4300210429604202,1.6155734748042163,1174.9916259855736,0.9791596883213113,0.05416666666666667,0.059406988742230216,True,11,False,1200,10.0,0.15
4,2,Leeza Gibbons,percent,0.08571428571428572,0.01272784410040665,0.011534864691530075,4.3974196776788655e-12,0.06208284268762607,0.06208284268322865,5.381724243767479,1174.9916259855736,0.9791596883213113,0.05416666666666667,0.059406988742230216,True,11,False,1200,10.0,0.15
4,2,Paulina Porizkova,percent,0.08571428571428572,0.012616038843658604,0.007381088151297711,5.9674749559541295e-12,0.041877812424944934,0.04187781241897746,5.672895197223522,1174.9916259855736,0.9791596883213113,0.05416666666666667,0.059406988742230216,True,11,True,1200,10.0,0.15
4,2,Shandi Finnessey,percent,0.08163265306122448,0.02040251109023793,0.02098054995988293,1.5667143015384974e-08,0.10744851066467619,0.10744849499753317,5.121094256762558,1174.9916259855736,0.9791596883213113,0.05416666666666667,0.059406988742230216,True,11,False,1200,10.0,0.15
4,3,Apolo Anton Ohno,percent,0.10550458715596331,0.23631000272115438,0.23766934830806158,0.0621403869685835,0.47292752834606094,0.41078714137747746,1.7283903705355235,1162.1904215845295,0.9684920179871079,0.043333333333333335,0.05033130403527851,True,10,False,1200,10.0,0.15
4,3,Billy Ray Cyrus,percent,0.0963302752293578,0.04181920305907835,0.04310693652960104,5.499605639401794e-05,0.17386672380606746,0.17381172774967343,4.0320122404913,1162.1904215845295,0.9684920179871079,0.043333333333333335,0.05033130403527851,True,10,False,1200,10.0,0.15
4,3,Clyde Drexler,percent,0.07339449541284404,0.020272615339923892,0.02098001092751388,1.7432878931122446e-08,0.11274598052634852,0.11274596309346958,5.373714521334997,1162.1904215845295,0.9684920179871079,0.043333333333333335,0.05033130403527851,True,10,False,1200,10.0,0.15
4,3,Heather Mills,percent,0.11009174311926606,0.014403244233468148,0.014778152360043522,2.5760070137402246e-11,0.08220846539444451,0.08220846536868444,5.562461456919601,1162.1904215845295,0.9684920179871079,0.043333333333333335,0.05033130403527851,True,10,False,1200,10.0,0.15
4,3,Ian Ziering,percent,0.11009174311926606,0.07323679742852013,0.07236922309199938,0.0016384823490274648,0.2217004734836242,0.22006199113459673,3.0407808865650003,1162.1904215845295,0.9684920179871079,0.043333333333333335,0.05033130403527851,True,10,False,1200,10.0,0.15
4,3,Joey Fatone,percent,0.11009174311926606,0.279602083342044,0.2808656768722405,0.08674123988344783,0.529850143818385,0.4431089039349372,1.577648544389254,1162.1904215845295,0.9684920179871079,0.043333333333333335,0.05033130403527851,True,10,False,1200,10.0,0.15
4,3,John Ratzenberger,percent,0.09174311926605505,0.01960119219598017,0.021061707577097685,1.4163117367981994e-08,0.11705500707369056,0.11705499291057318,5.557452311489701,1162.1904215845295,0.9684920179871079,0.043333333333333335,0.05033130403527851,True,10,False,1200,10.0,0.15
4,3,Laila Ali,percent,0.0963302752293578,0.2824404092264855,0.2826681429982546,0.09330516375814699,0.5275603750024075,0.4342552112442605,1.536266769829001,1162.1904215845295,0.9684920179871079,0.043333333333333335,0.05033130403527851,True,10,False,1200,10.0,0.15
4,3,Leeza Gibbons,percent,0.11009174311926606,0.012241705471657167,0.013406764521482855,6.474378231229096e-12,0.07799033898771819,0.07799033898124381,5.816804050838025,1162.1904215845295,0.9684920179871079,0.043333333333333335,0.05033130403527851,True,10,False,1200,10.0,0.15
4,3,Shandi Finnessey,percent,0.0963302752293578,0.02007274698168841,0.013094036813704506,1.1604507762282858e-08,0.06366294010243362,0.06366292849792586,4.86160744743382,1162.1904215845295,0.9684920179871079,0.043333333333333335,0.05033130403527851,True,10,True,1200,10.0,0.15
4,4,Apolo Anton Ohno,percent,0.1368421052631579,0.23688845141061282,0.23739141794312293,0.06381524866657874,0.48351864777544984,0.4197033991088711,1.7679730580503554,1172.5613281916337,0.9771344401596948,0.23583333333333334,0.25894266561152934,True,9,False,1200,10.0,0.15
4,4,Billy Ray Cyrus,percent,0.11052631578947368,0.04363708674625122,0.04511452657859137,0.00019674219981580458,0.1732964205074557,0.1730996783076399,3.836809440893919,1172.5613281916337,0.9771344401596948,0.23583333333333334,0.25894266561152934,True,9,False,1200,10.0,0.15
4,4,Clyde Drexler,percent,0.07894736842105263,0.02158601533483891,0.02179343750718458,3.870778134623694e-08,0.10947362635322046,0.10947358764543912,5.023005875207879,1172.5613281916337,0.9771344401596948,0.23583333333333334,0.25894266561152934,True,9,False,1200,10.0,0.15
4,4,Heather Mills,percent,0.12105263157894737,0.015143550241200501,0.01528274628102683,3.556639062091734e-10,0.08598368608749907,0.08598368573183517,5.625825249309124,1172.5613281916337,0.9771344401596948,0.23583333333333334,0.25894266561152934,True,9,False,1200,10.0,0.15
4,4,Ian Ziering,percent,0.12631578947368421,0.07605864693258058,0.07643250677001118,0.0017879944260050199,0.24311041436032982,0.2413224199343248,3.1572857262779426,1172.5613281916337,0.9771344401596948,0.23583333333333334,0.25894266561152934,True,9,False,1200,10.0,0.15
4,4,Joey Fatone,percent,0.14736842105263157,0.2764185241911871,0.27626563673864313,0.08586915818138108,0.5274330856323961,0.441563927451015,1.5983252001172634,1172.5613281916337,0.9771344401596948,0.23583333333333334,0.25894266561152934,True,9,False,1200,10.0,0.15
4,4,John Ratzenberger,percent,0.08421052631578947,0.02151998224548075,0.022281250566254695,2.2935862511279226e-07,0.11183513596808022,0.11183490660945511,5.019013060504006,1172.5613281916337,0.9771344401596948,0.23583333333333334,0.25894266561152934,True,9,False,1200,10.0,0.15
4,4,Laila Ali,percent,0.11052631578947368,0.2947181136056414,0.2958381599713222,0.09276976263280051,0.5441861759820118,0.4514164133492113,1.5258845833424162,1172.5613281916337,0.9771344401596948,0.23583333333333334,0.25894266561152934,True,9,False,1200,10.0,0.15
4,4,Leeza Gibbons,percent,0.08421052631578947,0.014029629292206662,0.00960031764384252,2.058403010635316e-11,0.052817503523403524,0.052817503502819496,5.501068234805482,1172.5613281916337,0.9771344401596948,0.23583333333333334,0.25894266561152934,True,9,True,1200,10.0,0.15
4,5,Apolo Anton Ohno,percent,0.17045454545454544,0.23320445979906865,0.23157000901174712,0.06273414755613504,0.4669991064226094,0.40426495886647434,1.74574943811713,1154.705782309786,0.9622548185914883,0.7725,0.836946243506191,True,8,False,1200,10.0,0.15
4,5,Billy Ray Cyrus,percent,0.09659090909090909,0.04801359010594498,0.050010333034980335,0.00019919797557093875,0.18731270582669882,0.18711350785112787,3.7414221236664833,1154.705782309786,0.9622548185914883,0.7725,0.836946243506191,True,8,False,1200,10.0,0.15
4,5,Clyde Drexler,percent,0.07386363636363637,0.023264104232075238,0.014813351918726162,1.0680669300075096e-07,0.06981743911128631,0.0698173323045933,4.712817184823343,1154.705782309786,0.9622548185914883,0.7725,0.836946243506191,True,8,True,1200,10.0,0.15
4,5,Heather Mills,percent,0.11931818181818182,0.016193405928213635,0.014857565081626164,2.327309492519752e-10,0.08713652726055923,0.08713652702782829,5.864397170866773,1154.705782309786,0.9622548185914883,0.7725,0.836946243506191,True,8,False,1200,10.0,0.15
4,5,Ian Ziering,percent,0.13636363636363635,0.07912005540054111,0.08120924447830088,0.0020087051424578432,0.25528179665299267,0.25327309151053484,3.1187332723546795,1154.705782309786,0.9622548185914883,0.7725,0.836946243506191,True,8,False,1200,10.0,0.15
4,5,Joey Fatone,percent,0.14204545454545456,0.2980739991339918,0.3002889256792344,0.08985607743341552,0.5625046884655609,0.4726486110321454,1.5739742515938488,1154.705782309786,0.9622548185914883,0.7725,0.836946243506191,True,8,False,1200,10.0,0.15
4,5,John Ratzenberger,percent,0.10227272727272728,0.0219703085834467,0.022535114165869816,6.137821091543474e-08,0.10847634235779673,0.10847628097958581,4.813442112565682,1154.705782309786,0.9622548185914883,0.7725,0.836946243506191,True,8,False,1200,10.0,0.15
4,5,Laila Ali,percent,0.1590909090909091,0.2801600768167179,0.2847154566295155,0.08806601416411215,0.5372832677949574,0.44921725363084525,1.5777705965742082,1154.705782309786,0.9622548185914883,0.7725,0.836946243506191,True,8,False,1200,10.0,0.15
4,6,Apolo Anton Ohno,percent,0.16470588235294117,0.24624490885166236,0.2446642551069066,0.05861614933282388,0.4780277540122747,0.4194116046794508,1.7142262578157603,1168.7923139379127,0.9739935949482605,0.0925,0.10671998851376355,True,7,False,1200,10.0,0.15
4,6,Billy Ray Cyrus,percent,0.12352941176470589,0.04696558272206447,0.047654884339772656,0.00018994302042790466,0.17948545080165892,0.17929550778123102,3.762295260390217,1168.7923139379127,0.9739935949482605,0.0925,0.10671998851376355,True,7,False,1200,10.0,0.15
4,6,Heather Mills,percent,0.13529411764705881,0.016251493782696587,0.010197945657328893,1.2188061886147966e-09,0.056851050783033666,0.05685104956422748,5.574208499029966,1168.7923139379127,0.9739935949482605,0.0925,0.10671998851376355,True,7,True,1200,10.0,0.15
4,6,Ian Ziering,percent,0.1411764705882353,0.08150513798229256,0.08412683926322553,0.0032230558330741967,0.2554958401433967,0.2522727843103225,2.998683747492817,1168.7923139379127,0.9739935949482605,0.0925,0.10671998851376355,True,7,False,1200,10.0,0.15
4,6,Joey Fatone,percent,0.1588235294117647,0.29858232039596544,0.2983495328623017,0.10516170455614172,0.5288239445337082,0.42366223997756647,1.420015026998796,1168.7923139379127,0.9739935949482605,0.0925,0.10671998851376355,True,7,False,1200,10.0,0.15
4,6,John Ratzenberger,percent,0.11176470588235295,0.022386174033405957,0.02291238608711837,7.89618894423136e-08,0.1109415413671781,0.11094146240528865,4.8417751083790534,1168.7923139379127,0.9739935949482605,0.0925,0.10671998851376355,True,7,False,1200,10.0,0.15
4,6,Laila Ali,percent,0.16470588235294117,0.2880643822319126,0.29209415668334643,0.09473115951902977,0.5390137698025955,0.44428261028356575,1.5210201200467088,1168.7923139379127,0.9739935949482605,0.0925,0.10671998851376355,True,7,False,1200,10.0,0.15
4,7,Apolo Anton Ohno,percent,0.17475728155339806,0.2582200910995765,0.2577762649260061,0.07473470343413637,0.49439759643504055,0.4196628930009042,1.6280058410945075,1151.364821664806,0.9594706847206717,0.3958333333333333,0.45052853150266425,True,6,False,1200,10.0,0.15
4,7,Billy Ray Cyrus,percent,0.12297734627831715,0.05048671739853783,0.052992464960327744,0.0003807164413274039,0.20723741062377138,0.20685669418244398,3.9034377981757213,1151.364821664806,0.9594706847206717,0.3958333333333333,0.45052853150266425,True,6,False,1200,10.0,0.15
4,7,Ian Ziering,percent,0.17475728155339806,0.08089067911365948,0.08215443822857321,0.00204472974975293,0.260980977367495,0.25893624761774203,3.151784631679871,1151.364821664806,0.9594706847206717,0.3958333333333333,0.45052853150266425,True,6,False,1200,10.0,0.15
4,7,Joey Fatone,percent,0.19093851132686085,0.2973494071948252,0.2907207887066642,0.09650419702182791,0.527147136902482,0.43064293988065416,1.4812888356131066,1151.364821664806,0.9594706847206717,0.3958333333333333,0.45052853150266425,True,6,False,1200,10.0,0.15
4,7,John Ratzenberger,percent,0.14563106796116504,0.022202568014793492,0.014763772796030228,1.2406997168842722e-07,0.07406778996922746,0.07406766589925577,5.016512405742551,1151.364821664806,0.9594706847206717,0.3958333333333333,0.45052853150266425,True,6,True,1200,10.0,0.15
4,7,Laila Ali,percent,0.19093851132686085,0.2908505371786075,0.3015922703823984,0.09573269893259094,0.5471594053005261,0.45142670636793514,1.4968062974202272,1151.364821664806,0.9594706847206717,0.3958333333333333,0.45052853150266425,True,6,False,1200,10.0,0.15
4,8,Apolo Anton Ohno,percent,0.23107569721115537,0.24929413349414253,0.24904585529381013,0.06827505957563101,0.48222831764202556,0.41395325806639455,1.66215011058075,1117.1178566120996,0.9309315471767496,0.775,0.8637834911327298,True,5,False,1200,10.0,0.15
4,8,Billy Ray Cyrus,percent,0.15139442231075698,0.05202965512442979,0.037588671785294146,0.00022556995463183022,0.13725150823750545,0.13702593828287363,3.645308186396057,1117.1178566120996,0.9309315471767496,0.775,0.8637834911327298,True,5,True,1200,10.0,0.15
4,8,Ian Ziering,percent,0.18725099601593626,0.08652721510220647,0.09486782375529745,0.005063505605902212,0.26812925987819375,0.26306575427229156,2.7729420884445406,1117.1178566120996,0.9309315471767496,0.775,0.8637834911327298,True,5,False,1200,10.0,0.15
4,8,Joey Fatone,percent,0.21912350597609562,0.30660322467615897,0.307180357848545,0.11112304311455397,0.5500591431787446,0.43893610006419065,1.4289151631415309,1117.1178566120996,0.9309315471767496,0.775,0.8637834911327298,True,5,False,1200,10.0,0.15
4,8,Laila Ali,percent,0.21115537848605578,0.3055457716030621,0.31131729131705294,0.10953219559502106,0.5498137614158732,0.4402815658208522,1.4142489474621345,1117.1178566120996,0.9309315471767496,0.775,0.8637834911327298,True,5,False,1200,10.0,0.15
4,9,Apolo Anton Ohno,percent,0.2489451476793249,0.273304245068581,0.2802421330802361,0.09305686351466858,0.5070148392028319,0.4139579756881633,1.4771386943124258,1097.0738876356595,0.9142282396963829,0.8175,0.9098440978775653,True,4,False,1200,10.0,0.15
4,9,Ian Ziering,percent,0.24472573839662448,0.08646540044819004,0.06298881079835765,0.002133993698892139,0.1807376883706624,0.17860369467177026,2.8354378653956367,1097.0738876356595,0.9142282396963829,0.8175,0.9098440978775653,True,4,True,1200,10.0,0.15
4,9,Joey Fatone,percent,0.25316455696202533,0.32365204756438865,0.32933899792422705,0.1258629822190075,0.5659226625347469,0.4400596803157394,1.3361865643084938,1097.0738876356595,0.9142282396963829,0.8175,0.9098440978775653,True,4,False,1200,10.0,0.15
4,9,Laila Ali,percent,0.25316455696202533,0.3165783069188405,0.32743005819717813,0.13248187365440722,0.5808055420134696,0.44832366835906234,1.3692154642492191,1097.0738876356595,0.9142282396963829,0.8175,0.9098440978775653,True,4,False,1200,10.0,0.15
4,10,Apolo Anton Ohno,percent,0.3397685007685367,0.2924198665952279,0.2873373679439069,0.09452550269438255,0.5367404232467552,0.44221492055237266,1.5390040798126208,1199.9999999999998,0.9999999999999998,,,False,3,True,1200,10.0,0.15
4,10,Joey Fatone,percent,0.33204606818489824,0.35610124292177353,0.3540679834286781,0.14074594281061992,0.5894357962536131,0.44868985344299317,1.2672385169071863,1199.9999999999998,0.9999999999999998,,,False,3,True,1200,10.0,0.15
4,10,Laila Ali,percent,0.3281854310465651,0.35147889048299846,0.3585946486274156,0.1369731924746399,0.5976710091070416,0.4606978166324017,1.2847278498659958,1199.9999999999998,0.9999999999999998,,,False,3,True,1200,10.0,0.15
5,1,Albert Reed,percent,0.08171206225680934,0.018766773525902346,0.01879739710928279,9.5383344445825e-09,0.09456928300861177,0.09456927347027733,5.03070942275064,1167.9213367383795,0.9732677806153163,0.7258333333333333,0.7782914908233347,True,12,False,1200,10.0,0.15
5,1,Cameron Mathison,percent,0.08171206225680934,0.039947812497362366,0.04195989662152494,5.628110064488958e-05,0.17267592273163737,0.17261964163099247,4.113821570305595,1167.9213367383795,0.9732677806153163,0.7258333333333333,0.7782914908233347,True,12,False,1200,10.0,0.15
5,1,Floyd Mayweather Jr.,percent,0.07003891050583658,0.017664308233423045,0.016717242178031763,2.9997242095746087e-09,0.08964583265442448,0.08964582965470028,5.362156421713845,1167.9213367383795,0.9732677806153163,0.7258333333333333,0.7782914908233347,True,12,False,1200,10.0,0.15
5,1,Helio Castroneves,percent,0.09727626459143969,0.24266190958019054,0.24266430204016465,0.06848276856808526,0.4801159383732313,0.411633169805146,1.696300073988389,1167.9213367383795,0.9732677806153163,0.7258333333333333,0.7782914908233347,True,12,False,1200,10.0,0.15
5,1,Jane Seymour,percent,0.0933852140077821,0.022289995610420242,0.022508173737945593,8.61742384329526e-08,0.10361322153525758,0.10361313536101914,4.603151433601928,1167.9213367383795,0.9732677806153163,0.7258333333333333,0.7782914908233347,True,12,False,1200,10.0,0.15
5,1,Jennie Garth,percent,0.08171206225680934,0.09404375673640272,0.0945002364046515,0.004054416492799647,0.28152865540896416,0.2774742389161645,2.9361969162818995,1167.9213367383795,0.9732677806153163,0.7258333333333333,0.7782914908233347,True,12,False,1200,10.0,0.15
5,1,Josie Maran,percent,0.0622568093385214,0.015306359674406165,0.009924090559935731,6.428441529351723e-10,0.057189278184709647,0.057189277541865494,5.762091257153811,1167.9213367383795,0.9732677806153163,0.7258333333333333,0.7782914908233347,True,12,True,1200,10.0,0.15
5,1,Marie Osmond,percent,0.08171206225680934,0.2614446819594076,0.2631213526694916,0.0768215113471559,0.495402660611046,0.4185811492638901,1.5908232235581694,1167.9213367383795,0.9732677806153163,0.7258333333333333,0.7782914908233347,True,12,False,1200,10.0,0.15
5,1,Mark Cuban,percent,0.08171206225680934,0.014140226891172569,0.013980071547822263,1.5102787640326433e-11,0.07600924363542465,0.07600924362032185,5.436582121787461,1167.9213367383795,0.9732677806153163,0.7258333333333333,0.7782914908233347,True,12,False,1200,10.0,0.15
5,1,Mel B,percent,0.0933852140077821,0.24258259713126892,0.24310827500768453,0.05967728237494423,0.483890864144252,0.42421358176930773,1.7449502153132521,1167.9213367383795,0.9732677806153163,0.7258333333333333,0.7782914908233347,True,12,False,1200,10.0,0.15
5,1,Sabrina Bryan,percent,0.10116731517509728,0.022599696108650254,0.022280290325559143,1.1390173004578432e-07,0.10970979615623203,0.10970968225450198,4.923847795684106,1167.9213367383795,0.9732677806153163,0.7258333333333333,0.7782914908233347,True,12,False,1200,10.0,0.15
5,1,Wayne Newton,percent,0.07392996108949416,0.008551882051393228,0.010438671797905549,5.48359902010843e-18,0.07181483985609018,0.07181483985609018,6.879032334186787,1167.9213367383795,0.9732677806153163,0.7258333333333333,0.7782914908233347,True,12,False,1200,10.0,0.15
5,2,Albert Reed,percent,0.08823529411764706,0.019260187543630788,0.012252861454817531,4.155622647066068e-09,0.06758030283678405,0.0675802986811614,5.51502062679129,1157.9667354527323,0.9649722795439436,0.006666666666666667,0.007844619528413197,True,11,True,1200,10.0,0.15
5,2,Cameron Mathison,percent,0.08823529411764706,0.04099811614367538,0.042681731054076404,6.550450701007545e-05,0.17095638877320898,0.17089088426619892,4.003747652644125,1157.9667354527323,0.9649722795439436,0.006666666666666667,0.007844619528413197,True,11,False,1200,10.0,0.15
5,2,Floyd Mayweather Jr.,percent,0.08823529411764706,0.01764029840982546,0.01968517464031846,2.270203486482412e-09,0.10879300396713307,0.10879300169692958,5.526365771139458,1157.9667354527323,0.9649722795439436,0.006666666666666667,0.007844619528413197,True,11,False,1200,10.0,0.15
5,2,Helio Castroneves,percent,0.1134453781512605,0.2434842662902612,0.2484766430422582,0.06628043901490083,0.5142692640600443,0.4479888250451434,1.8029341374948356,1157.9667354527323,0.9649722795439436,0.006666666666666667,0.007844619528413197,True,11,False,1200,10.0,0.15
5,2,Jane Seymour,percent,0.08823529411764706,0.023509450978246308,0.023811000369755878,1.4835819555414264e-07,0.12109802727172632,0.12109787891353077,5.085581934869266,1157.9667354527323,0.9649722795439436,0.006666666666666667,0.007844619528413197,True,11,False,1200,10.0,0.15
5,2,Jennie Garth,percent,0.08823529411764706,0.09651634520716668,0.09586306104058573,0.00488361469062336,0.26519440362330177,0.2603107889326784,2.7154158305735794,1157.9667354527323,0.9649722795439436,0.006666666666666667,0.007844619528413197,True,11,False,1200,10.0,0.15
5,2,Marie Osmond,percent,0.10084033613445378,0.26052066051447104,0.26200915164407756,0.07776594252433595,0.5292113744467237,0.4514454319223878,1.7230074067345482,1157.9667354527323,0.9649722795439436,0.006666666666666667,0.007844619528413197,True,11,False,1200,10.0,0.15
5,2,Mark Cuban,percent,0.07563025210084033,0.014946373029377086,0.017183059933105038,6.378020955843286e-10,0.09948885978036506,0.09948885914256297,5.789601498706251,1157.9667354527323,0.9649722795439436,0.006666666666666667,0.007844619528413197,True,11,False,1200,10.0,0.15
5,2,Mel B,percent,0.09663865546218488,0.2508725351860804,0.24550033164060098,0.06240150978190404,0.4917270302616709,0.42932552047976685,1.748770638475694,1157.9667354527323,0.9649722795439436,0.006666666666666667,0.007844619528413197,True,11,False,1200,10.0,0.15
5,2,Sabrina Bryan,percent,0.1092436974789916,0.023109751376579637,0.02424963453440435,3.6293177418110555e-07,0.12681563363627968,0.1268152707045055,5.229358865830616,1157.9667354527323,0.9649722795439436,0.006666666666666667,0.007844619528413197,True,11,False,1200,10.0,0.15
5,2,Wayne Newton,percent,0.06302521008403361,0.009142015320686054,0.008287350646000242,1.9473874177489204e-17,0.04858743082614988,0.04858743082614986,5.8621350497034035,1157.9667354527323,0.9649722795439436,0.006666666666666667,0.007844619528413197,True,11,False,1200,10.0,0.15
5,3,Cameron Mathison,percent,0.09623430962343096,0.04162255840152121,0.04423679762509167,4.242473405251614e-05,0.18143907671293863,0.1813966519788861,4.100490117437446,1178.82616170449,0.9823551347537417,0.8233333333333334,0.8591941827735484,True,10,False,1200,10.0,0.15
5,3,Floyd Mayweather Jr.,percent,0.08786610878661087,0.018263083141498215,0.018246273080078826,9.006624310823007e-09,0.09458589297817273,0.09458588397154842,5.183562692159798,1178.82616170449,0.9823551347537417,0.8233333333333334,0.8591941827735484,True,10,False,1200,10.0,0.15
5,3,Helio Castroneves,percent,0.100418410041841,0.2596576988865254,0.25188179396715416,0.07399089636221558,0.475004093899717,0.4010131975375014,1.5920626860673703,1178.82616170449,0.9823551347537417,0.8233333333333334,0.8591941827735484,True,10,False,1200,10.0,0.15
5,3,Jane Seymour,percent,0.11297071129707113,0.022950954896733586,0.023087070221048677,4.90253324595899e-07,0.10913994174893504,0.10913945149561045,4.727092842783863,1178.82616170449,0.9823551347537417,0.8233333333333334,0.8591941827735484,True,10,False,1200,10.0,0.15
5,3,Jennie Garth,percent,0.1087866108786611,0.09515043758310593,0.10011944687256379,0.0058052879137181195,0.2681475620964044,0.2623422741826863,2.620266712518804,1178.82616170449,0.9823551347537417,0.8233333333333334,0.8591941827735484,True,10,False,1200,10.0,0.15
5,3,Marie Osmond,percent,0.1087866108786611,0.26452129046631656,0.26386350010494014,0.07584924380807882,0.5044577073715607,0.42860846356348187,1.6243506170516395,1178.82616170449,0.9823551347537417,0.8233333333333334,0.8591941827735484,True,10,False,1200,10.0,0.15
5,3,Mark Cuban,percent,0.08368200836820083,0.015172148850602613,0.016537154311610347,3.1185147165464874e-11,0.08590923175804789,0.08590923172686274,5.194608183487049,1178.82616170449,0.9823551347537417,0.8233333333333334,0.8591941827735484,True,10,False,1200,10.0,0.15
5,3,Mel B,percent,0.11297071129707113,0.24977583409166398,0.25019043807004127,0.07362772489033821,0.4862836445658282,0.41265591967549,1.6493606770027307,1178.82616170449,0.9823551347537417,0.8233333333333334,0.8591941827735484,True,10,False,1200,10.0,0.15
5,3,Sabrina Bryan,percent,0.11297071129707113,0.023697422567538005,0.025520193921834973,2.856873789272846e-07,0.13641975807562165,0.13641947238824273,5.34534053563722,1178.82616170449,0.9823551347537417,0.8233333333333334,0.8591941827735484,True,10,False,1200,10.0,0.15
5,3,Wayne Newton,percent,0.07531380753138076,0.009188571114494355,0.00631733182563656,5.150503431031788e-17,0.03713197517396348,0.03713197517396343,5.876863735345596,1178.82616170449,0.9823551347537417,0.8233333333333334,0.8591941827735484,True,10,True,1200,10.0,0.15
5,4,Cameron Mathison,percent,0.11538461538461539,0.04074746433642535,0.04573460170494037,9.676558748242112e-05,0.17052668713767122,0.1704299215501888,3.7264169530271842,1160.6856213893911,0.9672380178244926,0.23416666666666666,0.2588139406023675,True,9,False,1200,10.0,0.15
5,4,Floyd Mayweather Jr.,percent,0.09829059829059829,0.018247887750385258,0.011560840679792909,1.0449229541283913e-09,0.06208946860139976,0.062089467556476804,5.3702061182172365,1160.6856213893911,0.9672380178244926,0.23416666666666666,0.2588139406023675,True,9,True,1200,10.0,0.15
5,4,Helio Castroneves,percent,0.11538461538461539,0.25669929170841765,0.2578382778020515,0.07114611631925698,0.5178901638972835,0.4467440475780265,1.7326454347308602,1160.6856213893911,0.9672380178244926,0.23416666666666666,0.2588139406023675,True,9,False,1200,10.0,0.15
5,4,Jane Seymour,percent,0.1111111111111111,0.023600525351257597,0.022874251963269525,4.397342294676327e-07,0.11472799107631021,0.11472755134208074,5.015356837437121,1160.6856213893911,0.9672380178244926,0.23416666666666666,0.2588139406023675,True,9,False,1200,10.0,0.15
5,4,Jennie Garth,percent,0.11538461538461539,0.09592626940293789,0.09975424027502186,0.004825665408177761,0.2954445666671912,0.29061890125901346,2.9133196457427886,1160.6856213893911,0.9672380178244926,0.23416666666666666,0.2588139406023675,True,9,False,1200,10.0,0.15
5,4,Marie Osmond,percent,0.1111111111111111,0.2693580097285957,0.26224707210749143,0.07999133224921554,0.48946999214861414,0.4094786598993986,1.561417236011404,1160.6856213893911,0.9672380178244926,0.23416666666666666,0.2588139406023675,True,9,False,1200,10.0,0.15
5,4,Mark Cuban,percent,0.09401709401709402,0.015162696655604473,0.015295928389744955,3.4351406261112664e-10,0.08578925650135032,0.08578925615783625,5.608266834493994,1160.6856213893911,0.9672380178244926,0.23416666666666666,0.2588139406023675,True,9,False,1200,10.0,0.15
5,4,Mel B,percent,0.1111111111111111,0.25684512610195537,0.261364335643436,0.06487718511532597,0.5170193814979939,0.4521421963826679,1.7299241128115652,1160.6856213893911,0.9672380178244926,0.23416666666666666,0.2588139406023675,True,9,False,1200,10.0,0.15
5,4,Sabrina Bryan,percent,0.1282051282051282,0.023412728964420867,0.0233304514342513,2.3411810062135245e-07,0.12233289546980691,0.12233266135170628,5.243251226630424,1160.6856213893911,0.9672380178244926,0.23416666666666666,0.2588139406023675,True,9,False,1200,10.0,0.15
5,5,Cameron Mathison,percent,0.1306532663316583,0.04098299070452727,0.03918380399523657,4.915304093271886e-05,0.1710919919198805,0.17104283887894778,4.365029844215638,1169.6734762286835,0.9747278968572363,0.8525,0.8968418532377158,True,8,False,1200,10.0,0.15
5,5,Helio Castroneves,percent,0.11557788944723618,0.26745239197211207,0.26343176232340615,0.07604696614815308,0.5107438431863548,0.4346968770382017,1.6501245828510172,1169.6734762286835,0.9747278968572363,0.8525,0.8968418532377158,True,8,False,1200,10.0,0.15
5,5,Jane Seymour,percent,0.1306532663316583,0.023500777634111885,0.02727133653932866,5.515476991185654e-07,0.13071235477063428,0.13071180322293516,4.792834784597183,1169.6734762286835,0.9747278968572363,0.8525,0.8968418532377158,True,8,False,1200,10.0,0.15
5,5,Jennie Garth,percent,0.12562814070351758,0.09762181243914501,0.10341152786082997,0.0069854217375080185,0.27440888080733034,0.26742345906982234,2.5859870617389245,1169.6734762286835,0.9747278968572363,0.8525,0.8968418532377158,True,8,False,1200,10.0,0.15
5,5,Marie Osmond,percent,0.10552763819095477,0.2844603358011842,0.2843119988360784,0.08580172573545938,0.5318073270952959,0.44600560135983647,1.5687133658527606,1169.6734762286835,0.9747278968572363,0.8525,0.8968418532377158,True,8,False,1200,10.0,0.15
5,5,Mark Cuban,percent,0.10552763819095477,0.015385027760451437,0.009800483921535128,1.2955931343971986e-10,0.05641427936286106,0.056414279233301744,5.755687575975336,1169.6734762286835,0.9747278968572363,0.8525,0.8968418532377158,True,8,True,1200,10.0,0.15
5,5,Mel B,percent,0.1457286432160804,0.24689547749623117,0.24827553186975254,0.06811185930831358,0.4845023537538133,0.4163904944454997,1.6771238558461128,1169.6734762286835,0.9747278968572363,0.8525,0.8968418532377158,True,8,False,1200,10.0,0.15
5,5,Sabrina Bryan,percent,0.1407035175879397,0.023701186192237014,0.02431355465383213,3.0045482597080437e-07,0.11831971488879447,0.1183194144339685,4.866197062561481,1169.6734762286835,0.9747278968572363,0.8525,0.8968418532377158,True,8,False,1200,10.0,0.15
5,6,Cameron Mathison,percent,0.1388888888888889,0.0432790959504802,0.04385814515483777,7.104067538605205e-05,0.16910269253655585,0.1690316518611698,3.8539659463135982,1144.6800330704766,0.9539000275587305,0.18916666666666668,0.22430169961442106,True,7,False,1200,10.0,0.15
5,6,Helio Castroneves,percent,0.15555555555555556,0.2622204302604211,0.26875488910903117,0.07582153027500557,0.5051322499504082,0.4293107196754026,1.5974002322279763,1144.6800330704766,0.9539000275587305,0.18916666666666668,0.22430169961442106,True,7,False,1200,10.0,0.15
5,6,Jane Seymour,percent,0.12222222222222222,0.025804324970247636,0.02932570572302668,6.627438473003026e-07,0.1436476510184038,0.1436469882745565,4.898163115599037,1144.6800330704766,0.9539000275587305,0.18916666666666668,0.22430169961442106,True,7,False,1200,10.0,0.15
5,6,Jennie Garth,percent,0.15,0.09927151638557834,0.10288949162740832,0.005893293777121918,0.28031183822698813,0.2744185444498662,2.6670933349565766,1144.6800330704766,0.9539000275587305,0.18916666666666668,0.22430169961442106,True,7,False,1200,10.0,0.15
5,6,Marie Osmond,percent,0.12777777777777777,0.2907069943431009,0.28436681913822975,0.09195521155002716,0.5256703458102006,0.4337151342601734,1.5251906336467231,1144.6800330704766,0.9539000275587305,0.18916666666666668,0.22430169961442106,True,7,False,1200,10.0,0.15
5,6,Mel B,percent,0.16666666666666666,0.25309303664326527,0.2534932073430352,0.06483630927350145,0.5016728401541294,0.4368365308806279,1.723260406852173,1144.6800330704766,0.9539000275587305,0.18916666666666668,0.22430169961442106,True,7,False,1200,10.0,0.15
5,6,Sabrina Bryan,percent,0.1388888888888889,0.025624601446906578,0.017311741904430803,6.024569780648522e-07,0.08236988751293273,0.08236928505595466,4.757726159764104,1144.6800330704766,0.9539000275587305,0.18916666666666668,0.22430169961442106,True,7,True,1200,10.0,0.15
5,7,Cameron Mathison,percent,0.16346153846153846,0.043961622324865085,0.045872045386644085,7.933543083964192e-05,0.17395236107833176,0.1738730256474921,3.79030919316543,1152.3209483342255,0.9602674569451879,0.6616666666666666,0.7282660417947049,True,6,False,1200,10.0,0.15
5,7,Helio Castroneves,percent,0.16666666666666666,0.27487859384979013,0.277279260670557,0.08777700635906543,0.5197325804488607,0.4319555740897953,1.55783023661757,1152.3209483342255,0.9602674569451879,0.6616666666666666,0.7282660417947049,True,6,False,1200,10.0,0.15
5,7,Jane Seymour,percent,0.16025641025641027,0.025398564355800884,0.01738648368302194,6.042134297271203e-07,0.08204300018454752,0.08204239597111779,4.718474361602325,1152.3209483342255,0.9602674569451879,0.6616666666666666,0.7282660417947049,True,6,True,1200,10.0,0.15
5,7,Jennie Garth,percent,0.16987179487179488,0.10195227769151242,0.10574840803076058,0.007298236882793141,0.2989951421992839,0.2916969053164908,2.758378611742597,1152.3209483342255,0.9602674569451879,0.6616666666666666,0.7282660417947049,True,6,False,1200,10.0,0.15
5,7,Marie Osmond,percent,0.16666666666666666,0.28556412580845675,0.2859332329359764,0.08732059302926252,0.5205872834122492,0.4332666903829867,1.5152669407024084,1152.3209483342255,0.9602674569451879,0.6616666666666666,0.7282660417947049,True,6,False,1200,10.0,0.15
5,7,Mel B,percent,0.17307692307692307,0.26824481596957467,0.26778056929304,0.08575447081820314,0.486443357585234,0.40068888676703085,1.4963273530171417,1152.3209483342255,0.9602674569451879,0.6616666666666666,0.7282660417947049,True,6,False,1200,10.0,0.15
5,8,Cameron Mathison,percent,0.19391634980988592,0.04549845269890344,0.028908849237676604,5.661831194697282e-05,0.11843236190434274,0.11837574359239576,4.0946510173468225,1122.9309244237902,0.9357757703531585,0.7233333333333334,0.811015613775438,True,5,True,1200,10.0,0.15
5,8,Helio Castroneves,percent,0.21673003802281368,0.2717307031466914,0.2739391302720027,0.08269077826413421,0.5059627431759873,0.42327196491185315,1.5451258072031098,1122.9309244237902,0.9357757703531585,0.7233333333333334,0.811015613775438,True,5,False,1200,10.0,0.15
5,8,Jennie Garth,percent,0.19011406844106463,0.10806803638655334,0.1189583445932467,0.008009678795779886,0.3050059777008994,0.29699629890511947,2.496620168181222,1122.9309244237902,0.9357757703531585,0.7233333333333334,0.811015613775438,True,5,False,1200,10.0,0.15
5,8,Marie Osmond,percent,0.18631178707224336,0.3031173317748409,0.3024186488713351,0.10414187968005066,0.5396379001702198,0.43549602049016917,1.4400387743173777,1122.9309244237902,0.9357757703531585,0.7233333333333334,0.811015613775438,True,5,False,1200,10.0,0.15
5,8,Mel B,percent,0.21292775665399238,0.2715854759930109,0.2757750270257391,0.08467425968326014,0.5038058894240041,0.4191316297407439,1.5198261946881446,1122.9309244237902,0.9357757703531585,0.7233333333333334,0.811015613775438,True,5,False,1200,10.0,0.15
5,9,Helio Castroneves,percent,0.2564102564102564,0.2895932448684155,0.2992008479644911,0.10483089749551538,0.5584123370140773,0.45358143951856195,1.515971383881267,1056.2468488619627,0.880205707384969,0.705,0.8428665432788278,True,4,False,1200,10.0,0.15
5,9,Jennie Garth,percent,0.24786324786324787,0.11040438044286577,0.08187937842174665,0.006461809362207241,0.22348984163799052,0.21702803227578327,2.6505499419888205,1056.2468488619627,0.880205707384969,0.705,0.8428665432788278,True,4,True,1200,10.0,0.15
5,9,Marie Osmond,percent,0.23931623931623933,0.31312744978769325,0.325502731546943,0.12496029024609567,0.5776583520968128,0.45269806185071715,1.3907615120087515,1056.2468488619627,0.880205707384969,0.705,0.8428665432788278,True,4,False,1200,10.0,0.15
5,9,Mel B,percent,0.2564102564102564,0.28687492490102556,0.29341704206681923,0.09418713868241317,0.5251133433442609,0.43092620466184767,1.4686424925557717,1056.2468488619627,0.880205707384969,0.705,0.8428665432788278,True,4,False,1200,10.0,0.15
5,10,Helio Castroneves,percent,0.35294095402801606,0.31398535459125265,0.3133126919026637,0.10680681634107467,0.5626619915800983,0.45585517523902364,1.4549481462835112,1199.9999999999998,0.9999999999999998,,,False,3,True,1200,10.0,0.15
5,10,Marie Osmond,percent,0.2899168190830813,0.37801908639657605,0.38130220202228565,0.15483592900596158,0.6465762046620902,0.49174027565612866,1.289630595935537,1199.9999999999998,0.9999999999999998,,,False,3,True,1200,10.0,0.15
5,10,Mel B,percent,0.35714222688890257,0.3079955590121713,0.3053851060750505,0.09901255207820081,0.5433224259929889,0.44430987391478804,1.4549118806524755,1199.9999999999998,0.9999999999999998,,,False,3,True,1200,10.0,0.15
6,1,Adam Carolla,percent,0.06172839506172839,0.014539060254143647,0.015389354898130389,6.877376242730217e-11,0.08305762639704536,0.0830576263282716,5.396732361146617,1199.9999999999998,0.9999999999999998,,,False,12,False,1200,10.0,0.15
6,1,Cristian de la Fuente,percent,0.08641975308641975,0.26739135729242136,0.26206755644996393,0.08205873201721958,0.48763159598309924,0.40557286396587966,1.547583080778005,1199.9999999999998,0.9999999999999998,,,False,12,False,1200,10.0,0.15
6,1,Jason Taylor,percent,0.09053497942386832,0.2537521535947727,0.25788690744514764,0.07462790513894767,0.509588732863283,0.4349608277243353,1.68662746552725,1199.9999999999998,0.9999999999999998,,,False,12,False,1200,10.0,0.15
6,1,Kristi Yamaguchi,percent,0.1111111111111111,0.23069014038301658,0.2315762513087465,0.060795593359604064,0.46715833345508145,0.4063627400954774,1.7547610475508282,1199.9999999999998,0.9999999999999998,,,False,12,False,1200,10.0,0.15
6,1,Mario,percent,0.09876543209876543,0.037609085373195135,0.038898953953318535,2.3318553089469748e-05,0.16252216966639338,0.16249885111330392,4.177353302482283,1199.9999999999998,0.9999999999999998,,,False,12,False,1200,10.0,0.15
6,1,Marissa Jaret Winokur,percent,0.07407407407407407,0.056526416036293985,0.05517287643164975,0.0004074983614452365,0.20313448658429625,0.202726988222851,3.674329253881451,1199.9999999999998,0.9999999999999998,,,False,12,False,1200,10.0,0.15
6,1,Marlee Matlin,percent,0.09053497942386832,0.01595879548397012,0.016257259871489838,6.419987662417566e-10,0.08846253967165928,0.08846253902966052,5.441082854431836,1199.9999999999998,0.9999999999999998,,,False,12,False,1200,10.0,0.15
6,1,Monica Seles,percent,0.06172839506172839,0.0511411915541886,0.05041226490664265,0.00019111602626320943,0.1974188597594279,0.1972277437331647,3.912219216478027,1199.9999999999998,0.9999999999999998,,,False,12,False,1200,10.0,0.15
6,1,Penn Jillette,percent,0.06584362139917696,0.028697902046801078,0.02888681735009546,3.1547902963364985e-06,0.13700698620368446,0.13700383141338812,4.7426162299844155,1199.9999999999998,0.9999999999999998,,,False,12,False,1200,10.0,0.15
6,1,Priscilla Presley,percent,0.09876543209876543,0.010342263415519505,0.009628013387640726,3.431013133754658e-14,0.06185367610741231,0.061853676107378,6.4236774441263105,1199.9999999999998,0.9999999999999998,,,False,12,False,1200,10.0,0.15
6,1,Shannon Elizabeth,percent,0.08641975308641975,0.023419496489563794,0.022971293307697444,9.755097293200257e-08,0.11488286551360267,0.11488276796262974,5.000927265896234,1199.9999999999998,0.9999999999999998,,,False,12,False,1200,10.0,0.15
6,1,Steve Guttenberg,percent,0.07407407407407407,0.009932138076113522,0.010852450689477615,1.12604889047708e-14,0.06431232990146431,0.06431232990145305,5.925519149757934,1199.9999999999998,0.9999999999999998,,,False,12,False,1200,10.0,0.15
6,2,Adam Carolla,percent,0.07392996108949416,0.014140836607320085,0.012277300521487088,1.4588995478951013e-11,0.07084734972647175,0.07084734971188275,5.77012670343909,1199.9999999999998,0.9999999999999998,,,False,12,False,1200,10.0,0.15
6,2,Cristian de la Fuente,percent,0.07782101167315175,0.2730374663740797,0.2732138112992444,0.07823000246143426,0.5300411381462239,0.45181113568478964,1.6536846356764088,1199.9999999999998,0.9999999999999998,,,False,12,False,1200,10.0,0.15
6,2,Jason Taylor,percent,0.10505836575875487,0.24546478747995146,0.25000991010612106,0.0692640939214506,0.4884512059730594,0.4191871120516088,1.676675277385608,1199.9999999999998,0.9999999999999998,,,False,12,False,1200,10.0,0.15
6,2,Kristi Yamaguchi,percent,0.10505836575875487,0.234162212944026,0.2323779297395213,0.05464216460875756,0.4961531503278843,0.4415109857191268,1.8999613528387718,1199.9999999999998,0.9999999999999998,,,False,12,False,1200,10.0,0.15
6,2,Mario,percent,0.10116731517509728,0.03742738034326882,0.03733643622146535,3.9218524469235825e-05,0.15929511995917892,0.1592559014347097,4.26531432126433,1199.9999999999998,0.9999999999999998,,,False,12,False,1200,10.0,0.15
6,2,Marissa Jaret Winokur,percent,0.08171206225680934,0.05556834617988477,0.05415617316526827,0.00031512778617293703,0.19655950113955006,0.19624437335337713,3.6236081369038535,1199.9999999999998,0.9999999999999998,,,False,12,False,1200,10.0,0.15
6,2,Marlee Matlin,percent,0.0933852140077821,0.015865040246385534,0.017153367038281284,6.306098901739693e-10,0.09690293958951755,0.09690293895890767,5.648878722407031,1199.9999999999998,0.9999999999999998,,,False,12,False,1200,10.0,0.15
6,2,Monica Seles,percent,0.058365758754863814,0.05158519591393628,0.0517839445007346,0.00018377587321652012,0.18596738542282804,0.1857836095496115,3.587598892704733,1199.9999999999998,0.9999999999999998,,,False,12,True,1200,10.0,0.15
6,2,Penn Jillette,percent,0.06614785992217899,0.02869976343830264,0.029593763212082232,2.3080907524416983e-06,0.12720602439107587,0.12720371630032343,4.298183276167987,1199.9999999999998,0.9999999999999998,,,False,12,True,1200,10.0,0.15
6,2,Priscilla Presley,percent,0.08171206225680934,0.010771634190698239,0.010085401807570813,1.255952622456251e-14,0.05523176706417016,0.055231767064157604,5.475864249498851,1199.9999999999998,0.9999999999999998,,,False,12,False,1200,10.0,0.15
6,2,Shannon Elizabeth,percent,0.0933852140077821,0.023058813634358216,0.022597568373323277,8.13853638991029e-08,0.10576305776237187,0.10576297637700798,4.680074181241366,1199.9999999999998,0.9999999999999998,,,False,12,False,1200,10.0,0.15
6,2,Steve Guttenberg,percent,0.0622568093385214,0.010218522647788317,0.009414394014900372,1.4277336598076142e-14,0.05094201506077746,0.05094201506076318,5.4105027341547975,1199.9999999999998,0.9999999999999998,,,False,12,False,1200,10.0,0.15
6,3,Adam Carolla,percent,0.09210526315789473,0.015171322472939612,0.017623663571886185,1.5336666597070375e-10,0.0951045546821924,0.09510455452882573,5.396106095354401,1177.923720420398,0.9816031003503317,0.32166666666666666,0.34288866396769885,True,10,False,1200,10.0,0.15
6,3,Cristian de la Fuente,percent,0.10964912280701754,0.2837248388008215,0.2830556029753351,0.08483078166977256,0.5336243628793789,0.44879358120960633,1.5855259212897188,1177.923720420398,0.9816031003503317,0.32166666666666666,0.34288866396769885,True,10,False,1200,10.0,0.15
6,3,Jason Taylor,percent,0.10087719298245613,0.27749485669072177,0.285036628493646,0.0937070562396848,0.5223787533901418,0.42867169715045705,1.5039126567810779,1177.923720420398,0.9816031003503317,0.32166666666666666,0.34288866396769885,True,10,False,1200,10.0,0.15
6,3,Kristi Yamaguchi,percent,0.11842105263157894,0.2540712124882784,0.24879627507875723,0.07431452938052237,0.4901625218449452,0.41584799246442283,1.671433066671592,1177.923720420398,0.9816031003503317,0.32166666666666666,0.34288866396769885,True,10,False,1200,10.0,0.15
6,3,Mario,percent,0.09210526315789473,0.042797149650335875,0.04419766827762982,7.58988355541021e-05,0.17808449780855953,0.17800859897300544,4.0274652135413,1177.923720420398,0.9816031003503317,0.32166666666666666,0.34288866396769885,True,10,False,1200,10.0,0.15
6,3,Marissa Jaret Winokur,percent,0.08333333333333333,0.06197222507704419,0.0630932877072349,0.00083289203038257,0.20449271130082472,0.20365981927044216,3.2278646240599196,1177.923720420398,0.9816031003503317,0.32166666666666666,0.34288866396769885,True,10,False,1200,10.0,0.15
6,3,Marlee Matlin,percent,0.09210526315789473,0.017813893680507027,0.016458379733304863,5.453505420424194e-09,0.09148202740753239,0.09148202195402697,5.558047960271367,1177.923720420398,0.9816031003503317,0.32166666666666666,0.34288866396769885,True,10,False,1200,10.0,0.15
6,3,Priscilla Presley,percent,0.11403508771929824,0.011180308943115183,0.012735505848497856,1.197748102630215e-13,0.07421320895091867,0.07421320895079889,5.826810730790156,1177.923720420398,0.9816031003503317,0.32166666666666666,0.34288866396769885,True,10,False,1200,10.0,0.15
6,3,Shannon Elizabeth,percent,0.10526315789473684,0.02510639276554484,0.0224720297446325,3.894468024706272e-07,0.11134657411210294,0.11134618466530047,4.954658358510588,1177.923720420398,0.9816031003503317,0.32166666666666666,0.34288866396769885,True,10,False,1200,10.0,0.15
6,3,Steve Guttenberg,percent,0.09210526315789473,0.010667799430691616,0.006530958569075453,8.525003878061142e-14,0.036795338394002154,0.0367953383939169,5.633124889695218,1177.923720420398,0.9816031003503317,0.32166666666666666,0.34288866396769885,True,10,True,1200,10.0,0.15
6,4,Adam Carolla,percent,0.08444444444444445,0.016157107103713493,0.009622747890028083,4.45004123505607e-10,0.05073756634445843,0.05073756589945431,5.272121264941641,1171.7758415708,0.9764798679756665,0.7875,0.8329071080235775,True,9,True,1200,10.0,0.15
6,4,Cristian de la Fuente,percent,0.11555555555555555,0.2927192194182392,0.29184462273434625,0.09171695703562868,0.5446667178845513,0.4529497608489227,1.5520183465668156,1171.7758415708,0.9764798679756665,0.7875,0.8329071080235775,True,9,False,1200,10.0,0.15
6,4,Jason Taylor,percent,0.1288888888888889,0.2718608581496127,0.26947311593015655,0.07670339606180798,0.5200711283861219,0.4433677323243139,1.6453073082508152,1171.7758415708,0.9764798679756665,0.7875,0.8329071080235775,True,9,False,1200,10.0,0.15
6,4,Kristi Yamaguchi,percent,0.1288888888888889,0.25934286058188577,0.2619193285720599,0.07857379988298904,0.5123647782216358,0.43379097833864677,1.656194388208022,1171.7758415708,0.9764798679756665,0.7875,0.8329071080235775,True,9,False,1200,10.0,0.15
6,4,Mario,percent,0.10666666666666667,0.043268717967958,0.047127447560925656,7.853349306442376e-05,0.1736832034539245,0.17360466996086008,3.6836492383168644,1171.7758415708,0.9764798679756665,0.7875,0.8329071080235775,True,9,False,1200,10.0,0.15
6,4,Marissa Jaret Winokur,percent,0.10666666666666667,0.061382239018294295,0.06003395180540603,0.0007350735255959015,0.20015505350839788,0.19941997998280198,3.3217313245988915,1171.7758415708,0.9764798679756665,0.7875,0.8329071080235775,True,9,False,1200,10.0,0.15
6,4,Marlee Matlin,percent,0.10666666666666667,0.01801017936639616,0.01819289901439258,2.450148714398857e-09,0.0958306682870847,0.09583066583693599,5.267186860888234,1171.7758415708,0.9764798679756665,0.7875,0.8329071080235775,True,9,False,1200,10.0,0.15
6,4,Priscilla Presley,percent,0.09777777777777778,0.012148684216745203,0.013109924212842666,1.932092716186269e-12,0.06793442761168919,0.0679344276097571,5.181513256190792,1171.7758415708,0.9764798679756665,0.7875,0.8329071080235775,True,9,False,1200,10.0,0.15
6,4,Shannon Elizabeth,percent,0.12444444444444444,0.025110134177155196,0.028675962279842135,8.983674453716479e-07,0.14176676310892258,0.1417658647414772,4.943545392223378,1171.7758415708,0.9764798679756665,0.7875,0.8329071080235775,True,9,False,1200,10.0,0.15
6,5,Cristian de la Fuente,percent,0.11734693877551021,0.3035196661883379,0.30316222099310164,0.10035933632289874,0.55496732359931,0.4546079872764113,1.4995486120882577,1175.5348557710527,0.9796123798092106,0.7833333333333333,0.822679753275411,True,8,False,1200,10.0,0.15
6,5,Jason Taylor,percent,0.1377551020408163,0.277263839889563,0.2731821879668289,0.07983163097523888,0.5188403874560201,0.43900875648078125,1.607012348556704,1175.5348557710527,0.9796123798092106,0.7833333333333333,0.822679753275411,True,8,False,1200,10.0,0.15
6,5,Kristi Yamaguchi,percent,0.14795918367346939,0.25825695647837055,0.2597455823414799,0.07250059889201063,0.5012800868396298,0.4287794879476191,1.6507608457535643,1175.5348557710527,0.9796123798092106,0.7833333333333333,0.822679753275411,True,8,False,1200,10.0,0.15
6,5,Mario,percent,0.1377551020408163,0.04189281996462619,0.04590351986822573,6.0682990074006625e-05,0.18561170170451177,0.18555101871443777,4.0421078196021565,1175.5348557710527,0.9796123798092106,0.7833333333333333,0.822679753275411,True,8,False,1200,10.0,0.15
6,5,Marissa Jaret Winokur,percent,0.12244897959183673,0.06159727806458657,0.06385464253474313,0.0007645088631371537,0.21583798789358777,0.21507347903045063,3.3681201925645268,1175.5348557710527,0.9796123798092106,0.7833333333333333,0.822679753275411,True,8,False,1200,10.0,0.15
6,5,Marlee Matlin,percent,0.11224489795918367,0.018509967315568015,0.01870872682954005,3.655241969302822e-09,0.09555752838575862,0.09555752473051665,5.107371454490968,1175.5348557710527,0.9796123798092106,0.7833333333333333,0.822679753275411,True,8,False,1200,10.0,0.15
6,5,Priscilla Presley,percent,0.10714285714285714,0.01237567436969773,0.00773024704669071,2.0509909047212643e-12,0.042179687301651995,0.042179687299601004,5.455741750957969,1175.5348557710527,0.9796123798092106,0.7833333333333333,0.822679753275411,True,8,True,1200,10.0,0.15
6,5,Shannon Elizabeth,percent,0.11734693877551021,0.02658379772925003,0.0277128724193899,4.11519507676896e-07,0.1359342131992369,0.13593380167972924,4.904901040989988,1175.5348557710527,0.9796123798092106,0.7833333333333333,0.822679753275411,True,8,False,1200,10.0,0.15
6,6,Cristian de la Fuente,percent,0.15,0.2956340776020976,0.2943926921171977,0.0917406182707301,0.528806272313083,0.43706565404235287,1.4846298196781937,1165.702174175364,0.97141847847947,0.805,0.8545706830465054,True,7,False,1200,10.0,0.15
6,6,Jason Taylor,percent,0.13333333333333333,0.2945332059307136,0.29632742149560914,0.09210810435198517,0.5450610302104989,0.4529529258585137,1.5285503954443513,1165.702174175364,0.97141847847947,0.805,0.8545706830465054,True,7,False,1200,10.0,0.15
6,6,Kristi Yamaguchi,percent,0.16666666666666666,0.25989050001885033,0.2542263186061286,0.06769332565459352,0.4914750329826137,0.4237817073280202,1.666940082016049,1165.702174175364,0.97141847847947,0.805,0.8545706830465054,True,7,False,1200,10.0,0.15
6,6,Mario,percent,0.15555555555555556,0.042247366683416186,0.04493391637964959,6.85750500151368e-05,0.17488541874262345,0.1748168436926083,3.8904455104712397,1165.702174175364,0.97141847847947,0.805,0.8545706830465054,True,7,False,1200,10.0,0.15
6,6,Marissa Jaret Winokur,percent,0.14444444444444443,0.061511856370166554,0.06838916333425232,0.0004682125773787983,0.22796205027342123,0.22749383769604242,3.3264116739154663,1165.702174175364,0.97141847847947,0.805,0.8545706830465054,True,7,False,1200,10.0,0.15
6,6,Marlee Matlin,percent,0.11666666666666667,0.019260181422358955,0.011809008107686899,1.6509243449579648e-08,0.05707439442871084,0.05707437791946739,4.8327128482087,1165.702174175364,0.97141847847947,0.805,0.8545706830465054,True,7,True,1200,10.0,0.15
6,6,Shannon Elizabeth,percent,0.13333333333333333,0.026922811972396817,0.02992147995947571,8.980850776736269e-07,0.14613999887958942,0.14613910079451176,4.883923424543329,1165.702174175364,0.97141847847947,0.805,0.8545706830465054,True,7,False,1200,10.0,0.15
6,7,Cristian de la Fuente,percent,0.1488673139158576,0.3149246629558915,0.3191841301363776,0.11376575047650203,0.5669138554051247,0.4531481049286227,1.4197030567652291,1150.4219904783886,0.9586849920653239,0.5516666666666666,0.6150336630804092,True,6,False,1200,10.0,0.15
6,7,Jason Taylor,percent,0.1779935275080906,0.28187351721210446,0.2773792775466547,0.09143219373140099,0.5164898123555145,0.4250576186241135,1.532400293141317,1150.4219904783886,0.9586849920653239,0.5516666666666666,0.6150336630804092,True,6,False,1200,10.0,0.15
6,7,Kristi Yamaguchi,percent,0.17475728155339806,0.2709382869591651,0.27014911119201895,0.07680097191678516,0.5089567684103139,0.43215579649352875,1.599687649902015,1150.4219904783886,0.9586849920653239,0.5516666666666666,0.6150336630804092,True,6,False,1200,10.0,0.15
6,7,Mario,percent,0.1650485436893204,0.043898997909170075,0.048982096301301965,0.000126169774395358,0.18831605841609475,0.1881898886416994,3.841935337940189,1150.4219904783886,0.9586849920653239,0.5516666666666666,0.6150336630804092,True,6,False,1200,10.0,0.15
6,7,Marissa Jaret Winokur,percent,0.16828478964401294,0.06180659417136508,0.06749548764561418,0.0006931225813178145,0.22887978053825261,0.2281866579569348,3.380718996150047,1150.4219904783886,0.9586849920653239,0.5516666666666666,0.6150336630804092,True,6,False,1200,10.0,0.15
6,7,Shannon Elizabeth,percent,0.1650485436893204,0.026557940792303645,0.016809897178032922,6.217548064013562e-07,0.0872665357907122,0.08726591403590579,5.191032525613065,1150.4219904783886,0.9586849920653239,0.5516666666666666,0.6150336630804092,True,6,True,1200,10.0,0.15
6,8,Cristian de la Fuente,percent,0.21348314606741572,0.30306554225650423,0.30853407021788726,0.10832363698029655,0.5535494486728402,0.4452258116925436,1.4430314562883417,1124.828530438906,0.9373571086990883,0.49833333333333335,0.5884930903821426,True,5,False,1200,10.0,0.15
6,8,Jason Taylor,percent,0.1947565543071161,0.3033957641323025,0.301532212657817,0.10307050952812828,0.5421630998580674,0.43909259032993914,1.4561997547786751,1124.828530438906,0.9373571086990883,0.49833333333333335,0.5884930903821426,True,5,False,1200,10.0,0.15
6,8,Kristi Yamaguchi,percent,0.20599250936329588,0.28191603322603687,0.2827027749189432,0.10054872077817337,0.5304900005313665,0.4299412797531932,1.5208190264755608,1124.828530438906,0.9373571086990883,0.49833333333333335,0.5884930903821426,True,5,False,1200,10.0,0.15
6,8,Mario,percent,0.19850187265917604,0.045441231361399076,0.032461438919087246,6.459728578455522e-05,0.12063916491784134,0.12057456763205679,3.7142793840163817,1124.828530438906,0.9373571086990883,0.49833333333333335,0.5884930903821426,True,5,True,1200,10.0,0.15
6,8,Marissa Jaret Winokur,percent,0.18726591760299627,0.06618142902375725,0.07476950328626564,0.0014679701407920179,0.22910773869310597,0.22763976855231394,3.0445129903803707,1124.828530438906,0.9373571086990883,0.49833333333333335,0.5884930903821426,True,5,False,1200,10.0,0.15
6,9,Cristian de la Fuente,percent,0.2545454545454545,0.3239277695389317,0.3239437646645012,0.12449296294218984,0.5845424876995426,0.46004952475735283,1.4201480466394043,1119.336569438154,0.9327804745317949,0.8725,0.9413611875065794,True,4,False,1200,10.0,0.15
6,9,Jason Taylor,percent,0.25,0.3136974961647952,0.3206409094643341,0.11267895638500976,0.5593803288018621,0.4467013724168523,1.3931471814246421,1119.336569438154,0.9327804745317949,0.8725,0.9413611875065794,True,4,False,1200,10.0,0.15
6,9,Kristi Yamaguchi,percent,0.2590909090909091,0.292955051571243,0.3032608950707541,0.10562385804953266,0.5476249254190919,0.44200106736955924,1.4574896304279703,1119.336569438154,0.9327804745317949,0.8725,0.9413611875065794,True,4,False,1200,10.0,0.15
6,9,Marissa Jaret Winokur,percent,0.23636363636363636,0.06941968272503013,0.052154430800411315,0.0010045900037698177,0.17162198352892302,0.1706173935251532,3.271325553384321,1119.336569438154,0.9327804745317949,0.8725,0.9413611875065794,True,4,True,1200,10.0,0.15
6,10,Cristian de la Fuente,percent,0.3076923076923077,0.3686895846658893,0.3698969894800027,0.1549877455179825,0.6249626609226968,0.4699749154047143,1.2705527706852322,1199.9999999999998,0.9999999999999998,,,False,3,True,1200,10.0,0.15
6,10,Jason Taylor,percent,0.33727810650887574,0.32964118423669697,0.3286136808166575,0.1196385095895878,0.5653444823156908,0.445705972726103,1.356317896749031,1199.9999999999998,0.9999999999999998,,,False,3,True,1200,10.0,0.15
6,10,Kristi Yamaguchi,percent,0.35502958579881655,0.3016692310974137,0.30148932970333975,0.09719985720962597,0.5566612783542186,0.45946142114459265,1.5239673577480686,1199.9999999999998,0.9999999999999998,,,False,3,True,1200,10.0,0.15
7,1,Brooke Burke,percent,0.09722222222222222,0.21291204472510378,0.21748050025599314,0.049379220851448725,0.4422527701095475,0.39287354925809875,1.8064688205463688,1199.9999999999998,0.9999999999999998,,,False,13,False,1200,10.0,0.15
7,1,Cloris Leachman,percent,0.06349206349206349,0.006446373374097325,0.006742024905182303,4.827570690248644e-22,0.04009023035252884,0.04009023035252884,5.945437087399422,1199.9999999999998,0.9999999999999998,,,False,13,False,1200,10.0,0.15
7,1,Cody Linley,percent,0.08134920634920635,0.057260951547116634,0.05711975434926758,0.0003844956916483636,0.21088678049282814,0.21050228480117977,3.6852154212469515,1199.9999999999998,0.9999999999999998,,,False,13,False,1200,10.0,0.15
7,1,Jeffrey Ross,percent,0.047619047619047616,0.038597649261656555,0.039624734440807316,4.323446132265259e-05,0.16559422377955216,0.1655509893182295,4.177865512260185,1199.9999999999998,0.9999999999999998,,,False,13,True,1200,10.0,0.15
7,1,Kim Kardashian,percent,0.07341269841269842,0.05863150237870875,0.05782055434450055,0.0004548710547317432,0.19959279194784818,0.19913792089311644,3.444008435101098,1199.9999999999998,0.9999999999999998,,,False,13,False,1200,10.0,0.15
7,1,Lance Bass,percent,0.08531746031746032,0.2518858046817221,0.25372846675028465,0.06615200317525644,0.4850769250989251,0.41892492192366865,1.6510692561221754,1199.9999999999998,0.9999999999999998,,,False,13,False,1200,10.0,0.15
7,1,Maurice Greene,percent,0.07738095238095238,0.02583315924565306,0.024349039594372766,4.575722191200697e-07,0.11632861613178751,0.11632815855956839,4.777329338981919,1199.9999999999998,0.9999999999999998,,,False,13,False,1200,10.0,0.15
7,1,Misty May-Treanor,percent,0.08333333333333333,0.0508282512566406,0.0526762901850808,0.0003051791418509115,0.17899366989245805,0.17868849075060714,3.3921352089826193,1199.9999999999998,0.9999999999999998,,,False,13,False,1200,10.0,0.15
7,1,Rocco DiSpirito,percent,0.06944444444444445,0.011869267183335202,0.012688898398140126,3.919368514300204e-13,0.07994098696468667,0.07994098696429473,6.299576596768588,1199.9999999999998,0.9999999999999998,,,False,13,False,1200,10.0,0.15
7,1,Susan Lucci,percent,0.07341269841269842,0.009985135941420312,0.010769585744485648,1.5102330313357028e-14,0.06274510912993485,0.06274510912991975,5.825598590312895,1199.9999999999998,0.9999999999999998,,,False,13,False,1200,10.0,0.15
7,1,Ted McGinley,percent,0.07341269841269842,0.029474533044038596,0.02831030560626125,2.980540588180283e-06,0.1251461386863295,0.12514315814574134,4.420253869113864,1199.9999999999998,0.9999999999999998,,,False,13,True,1200,10.0,0.15
7,1,Toni Braxton,percent,0.08928571428571429,0.011461519995671042,0.011507476583598995,3.624878724873432e-13,0.0675310175677689,0.06753101756740641,5.867937174555882,1199.9999999999998,0.9999999999999998,,,False,13,False,1200,10.0,0.15
7,1,Warren Sapp,percent,0.08531746031746032,0.23481380736483612,0.22718236884202542,0.05610739314042015,0.46594215089936963,0.4098347577589495,1.8039822186276886,1199.9999999999998,0.9999999999999998,,,False,13,False,1200,10.0,0.15
7,2,Brooke Burke,percent,0.1085972850678733,0.228917165449935,0.2309178414375216,0.05617836527680208,0.48172450296277247,0.4255461376859704,1.8428385273234968,1199.9999999999998,0.9999999999999998,,,False,11,False,1200,10.0,0.15
7,2,Cloris Leachman,percent,0.06787330316742081,0.007045313419258919,0.0069818791965824845,1.2593845437509914e-20,0.03501660841121433,0.03501660841121433,5.014637576481623,1199.9999999999998,0.9999999999999998,,,False,11,False,1200,10.0,0.15
7,2,Cody Linley,percent,0.09502262443438914,0.06123521249878871,0.06368294669870463,0.000727684868836514,0.22384221144942995,0.22311452658059344,3.503465757801907,1199.9999999999998,0.9999999999999998,,,False,11,False,1200,10.0,0.15
7,2,Kim Kardashian,percent,0.07692307692307693,0.06420972427252387,0.062473100807834595,0.0007437020222085631,0.2105439032408016,0.20980020121859305,3.3581948120217353,1199.9999999999998,0.9999999999999998,,,False,11,True,1200,10.0,0.15
7,2,Lance Bass,percent,0.09049773755656108,0.2747746209082121,0.2681764575076012,0.07461149198179953,0.49678522719345486,0.42217373521165535,1.5742327454934921,1199.9999999999998,0.9999999999999998,,,False,11,False,1200,10.0,0.15
7,2,Maurice Greene,percent,0.08597285067873303,0.02795656098121757,0.02783179726264483,1.2196514311383635e-06,0.12193672402458176,0.12193550437315062,4.381000702965765,1199.9999999999998,0.9999999999999998,,,False,11,False,1200,10.0,0.15
7,2,Misty May-Treanor,percent,0.09502262443438914,0.05460897132308514,0.05833764462861747,0.00036782028504199043,0.21278242293451652,0.21241460264947454,3.641061666785391,1199.9999999999998,0.9999999999999998,,,False,11,True,1200,10.0,0.15
7,2,Rocco DiSpirito,percent,0.07239819004524888,0.013015453583600482,0.01203230277057421,8.167470988380179e-12,0.06400079491955626,0.0640007949113888,5.318639124405143,1199.9999999999998,0.9999999999999998,,,False,11,False,1200,10.0,0.15
7,2,Susan Lucci,percent,0.09502262443438914,0.010481706961920608,0.010751223913557685,7.040855389271499e-14,0.06262185097309775,0.06262185097302735,5.824083601353043,1199.9999999999998,0.9999999999999998,,,False,11,False,1200,10.0,0.15
7,2,Toni Braxton,percent,0.10407239819004525,0.012225134512434682,0.012964006883518273,2.0416147323409296e-13,0.07237404340373749,0.07237404340353333,5.582260314534706,1199.9999999999998,0.9999999999999998,,,False,11,False,1200,10.0,0.15
7,2,Warren Sapp,percent,0.1085972850678733,0.24553013608902277,0.24585079889284273,0.06344109092359305,0.4812238531259338,0.41778276220234073,1.699327660337503,1199.9999999999998,0.9999999999999998,,,False,11,False,1200,10.0,0.15
7,3,Brooke Burke,percent,0.1407035175879397,0.2536152948552117,0.25092213607587677,0.0645296520843992,0.48832587713032893,0.42379622504592973,1.6889483834514878,1199.9999999999998,0.9999999999999998,,,False,9,False,1200,10.0,0.15
7,3,Cloris Leachman,percent,0.08040201005025126,0.008171296861272787,0.007920308065349354,1.6802401973469808e-17,0.04707872854037505,0.04707872854037504,5.943302312191885,1199.9999999999998,0.9999999999999998,,,False,9,False,1200,10.0,0.15
7,3,Cody Linley,percent,0.10552763819095477,0.0713589192511238,0.07059939992641893,0.0012567330063594972,0.22251802619713484,0.22126129319077534,3.1339948983487065,1199.9999999999998,0.9999999999999998,,,False,9,False,1200,10.0,0.15
7,3,Lance Bass,percent,0.11055276381909548,0.31312623938199907,0.31746249983568464,0.11220712479981787,0.567988495941222,0.45578137114140416,1.4356969269768376,1199.9999999999998,0.9999999999999998,,,False,9,False,1200,10.0,0.15
7,3,Maurice Greene,percent,0.12060301507537688,0.030790458020657406,0.031224017543206316,4.380523826911567e-06,0.15533407845668454,0.1553296979328576,4.9745271629688155,1199.9999999999998,0.9999999999999998,,,False,9,False,1200,10.0,0.15
7,3,Rocco DiSpirito,percent,0.10050251256281408,0.014555358506708523,0.014503517588789651,2.8507878544616106e-11,0.08097852063060618,0.0809785206020983,5.582986135622017,1199.9999999999998,0.9999999999999998,,,False,9,False,1200,10.0,0.15
7,3,Susan Lucci,percent,0.10552763819095477,0.01221459435164743,0.00996729782449469,3.8989540625195324e-12,0.05868494938742785,0.058684949383528896,5.887158511589088,1199.9999999999998,0.9999999999999998,,,False,9,False,1200,10.0,0.15
7,3,Toni Braxton,percent,0.11055276381909548,0.014381040317536585,0.01358454898885247,4.446375352264179e-11,0.06842576202202985,0.0684257619775661,5.036657851200006,1199.9999999999998,0.9999999999999998,,,False,9,False,1200,10.0,0.15
7,3,Warren Sapp,percent,0.12562814070351758,0.28178679845384264,0.28381627415132726,0.0903834707912805,0.5299039436186166,0.4395204728273361,1.5486036716461105,1199.9999999999998,0.9999999999999998,,,False,9,False,1200,10.0,0.15
7,4,Brooke Burke,percent,0.12807881773399016,0.2595098128603389,0.2611637504407638,0.07562700659479286,0.4942657152756016,0.4186387086808087,1.6029678889447314,1170.093639132046,0.9750780326100383,0.7933333333333333,0.8413996684338927,True,9,False,1200,10.0,0.15
7,4,Cloris Leachman,percent,0.10837438423645321,0.007603557781877011,0.009175947068308214,9.043905476372842e-19,0.05236388961954599,0.05236388961954599,5.706025024420171,1170.093639132046,0.9750780326100383,0.7933333333333333,0.8413996684338927,True,9,False,1200,10.0,0.15
7,4,Cody Linley,percent,0.11330049261083744,0.06961450682967522,0.06966634854432363,0.0012213477231857025,0.22369619217349204,0.22247484445030635,3.1933875638853086,1170.093639132046,0.9750780326100383,0.7933333333333333,0.8413996684338927,True,9,False,1200,10.0,0.15
7,4,Lance Bass,percent,0.12807881773399016,0.2985797100664071,0.29655280017305985,0.09755123326674876,0.5393173561757556,0.44176612290900685,1.4896660324406752,1170.093639132046,0.9750780326100383,0.7933333333333333,0.8413996684338927,True,9,False,1200,10.0,0.15
7,4,Maurice Greene,percent,0.09852216748768473,0.032210932838624314,0.03274328343299801,6.259384286923053e-06,0.14030165781833134,0.14029539843404443,4.2845768398358635,1170.093639132046,0.9750780326100383,0.7933333333333333,0.8413996684338927,True,9,False,1200,10.0,0.15
7,4,Rocco DiSpirito,percent,0.08866995073891626,0.014866075144515536,0.008956825859501815,8.596341649570243e-11,0.05191237694169234,0.05191237685572892,5.795198262384619,1170.093639132046,0.9750780326100383,0.7933333333333333,0.8413996684338927,True,9,True,1200,10.0,0.15
7,4,Susan Lucci,percent,0.11822660098522167,0.011779446906268507,0.011945372050591194,2.0275841018499746e-13,0.0655370794824217,0.06553707948221894,5.485939932615416,1170.093639132046,0.9750780326100383,0.7933333333333333,0.8413996684338927,True,9,False,1200,10.0,0.15
7,4,Toni Braxton,percent,0.10837438423645321,0.014359974855372768,0.014831614927760911,9.721018811686764e-11,0.08484269322660361,0.08484269312939342,5.7200091516298155,1170.093639132046,0.9750780326100383,0.7933333333333333,0.8413996684338927,True,9,False,1200,10.0,0.15
7,4,Warren Sapp,percent,0.10837438423645321,0.29147598271692066,0.29496405750269256,0.10226441753560774,0.5223199196995565,0.42005550216394877,1.424085638211958,1170.093639132046,0.9750780326100383,0.7933333333333333,0.8413996684338927,True,9,False,1200,10.0,0.15
7,5,Brooke Burke,percent,0.14871794871794872,0.255807190065198,0.25385575786643105,0.07354839561735488,0.4970926554238449,0.42354425980649,1.6684379937970435,1168.856220602967,0.9740468505024724,0.075,0.08273972322940976,True,8,False,1200,10.0,0.15
7,5,Cloris Leachman,percent,0.1076923076923077,0.007878458191549321,0.008092222577833217,8.358540647407038e-19,0.047400542271077886,0.047400542271077886,5.856819309641222,1168.856220602967,0.9740468505024724,0.075,0.08273972322940976,True,8,False,1200,10.0,0.15
7,5,Cody Linley,percent,0.14358974358974358,0.0670892288625519,0.06977802704676996,0.0010314882959943296,0.22318652182628215,0.22215503353028782,3.1836934811571194,1168.856220602967,0.9740468505024724,0.075,0.08273972322940976,True,8,False,1200,10.0,0.15
7,5,Lance Bass,percent,0.1076923076923077,0.3239718097023619,0.3330594081139639,0.11962283187284566,0.5758260831809587,0.45620325130811307,1.3697312565353406,1168.856220602967,0.9740468505024724,0.075,0.08273972322940976,True,8,False,1200,10.0,0.15
7,5,Maurice Greene,percent,0.13846153846153847,0.030349422953408443,0.030783449810534283,6.349073822866803e-06,0.14371608797822744,0.14370973890440458,4.66825750626954,1168.856220602967,0.9740468505024724,0.075,0.08273972322940976,True,8,False,1200,10.0,0.15
7,5,Susan Lucci,percent,0.11282051282051282,0.012340977487730938,0.01350707796782835,2.190080679245272e-12,0.0810752756194179,0.08107527561722781,6.001984576215918,1168.856220602967,0.9740468505024724,0.075,0.08273972322940976,True,8,False,1200,10.0,0.15
7,5,Toni Braxton,percent,0.11282051282051282,0.01470168345432129,0.00955962045141995,4.5728120563269265e-11,0.05202873183982828,0.052028731794100155,5.441982772820232,1168.856220602967,0.9740468505024724,0.075,0.08273972322940976,True,8,True,1200,10.0,0.15
7,5,Warren Sapp,percent,0.1282051282051282,0.2878612292828784,0.2813644361652191,0.08849634789099688,0.5255450909241758,0.4370487430331789,1.5533135447971012,1168.856220602967,0.9740468505024724,0.075,0.08273972322940976,True,8,False,1200,10.0,0.15
7,6,Brooke Burke,percent,0.1625,0.2705039459981729,0.27055748359569814,0.07831664816111662,0.5078848011115381,0.4295681529504215,1.5877090499676783,1183.3829942700133,0.9861524952250111,0.9458333333333333,0.9648566883298714,True,7,False,1200,10.0,0.15
7,6,Cloris Leachman,percent,0.09375,0.00888943254748798,0.0055263504711917264,8.370639329616925e-17,0.03132919933789453,0.031329199337894444,5.668031998546258,1183.3829942700133,0.9861524952250111,0.9458333333333333,0.9648566883298714,True,7,True,1200,10.0,0.15
7,6,Cody Linley,percent,0.14375,0.07324118553613973,0.07650188020371088,0.0016973950403921393,0.23077571624157067,0.22907832120117852,2.9943751214489147,1183.3829942700133,0.9861524952250111,0.9458333333333333,0.9648566883298714,True,7,False,1200,10.0,0.15
7,6,Lance Bass,percent,0.16875,0.3067109004667986,0.30633756814638474,0.09780935947743495,0.5498804675733315,0.45207110809589657,1.4757237746174787,1183.3829942700133,0.9861524952250111,0.9458333333333333,0.9648566883298714,True,7,False,1200,10.0,0.15
7,6,Maurice Greene,percent,0.13125,0.033708840189597467,0.03586940231192599,1.4724324832408557e-05,0.15533479764677433,0.15532007332194192,4.330034326665524,1183.3829942700133,0.9861524952250111,0.9458333333333333,0.9648566883298714,True,7,False,1200,10.0,0.15
7,6,Susan Lucci,percent,0.14375,0.012536784196652544,0.014315474213199437,1.1364459278527389e-11,0.07848949474983109,0.07848949473846663,5.482459827022302,1183.3829942700133,0.9861524952250111,0.9458333333333333,0.9648566883298714,True,7,False,1200,10.0,0.15
7,6,Warren Sapp,percent,0.15625,0.29440891106515066,0.29089184105788946,0.09798757256644812,0.5290903497122357,0.43110277714578754,1.4819985791949946,1183.3829942700133,0.9861524952250111,0.9458333333333333,0.9648566883298714,True,7,False,1200,10.0,0.15
7,7,Brooke Burke,percent,0.20408163265306123,0.253024919728915,0.2538584016775638,0.07351563591520237,0.4906973259159531,0.4171816900007507,1.6433572569852215,1167.9669753527521,0.9733058127939601,0.6216666666666667,0.6705560396702347,True,6,False,1200,10.0,0.15
7,7,Cody Linley,percent,0.14965986394557823,0.07447194856465703,0.08062060579888743,0.002339151105197422,0.24194179480174252,0.2396026436965451,2.9719408503750193,1167.9669753527521,0.9733058127939601,0.6216666666666667,0.6705560396702347,True,6,False,1200,10.0,0.15
7,7,Lance Bass,percent,0.17006802721088435,0.3152336213671912,0.30906035432720314,0.10782642794324011,0.5381518260560507,0.4303253981128106,1.3923623645848175,1167.9669753527521,0.9733058127939601,0.6216666666666667,0.6705560396702347,True,6,False,1200,10.0,0.15
7,7,Maurice Greene,percent,0.17006802721088435,0.03173523530041618,0.034841762662203006,7.463393980278991e-06,0.14283713812754062,0.14282967473356034,4.099263773033135,1167.9669753527521,0.9733058127939601,0.6216666666666667,0.6705560396702347,True,6,False,1200,10.0,0.15
7,7,Susan Lucci,percent,0.16326530612244897,0.012348050894638321,0.008853373873887932,7.968247812035167e-13,0.0506462172751089,0.05064621727431207,5.719909504123239,1167.9669753527521,0.9733058127939601,0.6216666666666667,0.6705560396702347,True,6,True,1200,10.0,0.15
7,7,Warren Sapp,percent,0.14285714285714285,0.31318622414418235,0.31276550166025563,0.11238136090791141,0.5610755693016466,0.4486942083937352,1.4345980340347697,1167.9669753527521,0.9733058127939601,0.6216666666666667,0.6705560396702347,True,6,False,1200,10.0,0.15
7,8,Brooke Burke,percent,0.21568627450980393,0.2712331743703562,0.2654477061654625,0.0826529118514743,0.4996853037604383,0.417032391908964,1.571046994099925,1136.8975059582694,0.9474145882985578,0.7233333333333334,0.7983202249857891,True,5,False,1200,10.0,0.15
7,8,Cody Linley,percent,0.18823529411764706,0.07494903029133322,0.08452985720047868,0.002270888519664605,0.2598598132180787,0.2575889246984141,3.0472768552139495,1136.8975059582694,0.9474145882985578,0.7233333333333334,0.7983202249857891,True,5,False,1200,10.0,0.15
7,8,Lance Bass,percent,0.19607843137254902,0.32671848781116286,0.32932460694360477,0.12676928599547968,0.5614730984322502,0.4347038124367706,1.3199818151742184,1136.8975059582694,0.9474145882985578,0.7233333333333334,0.7983202249857891,True,5,False,1200,10.0,0.15
7,8,Maurice Greene,percent,0.18823529411764706,0.03350060578283353,0.02220239879980112,4.2686645350175845e-06,0.09534125596887334,0.09533698730433833,4.29380151047831,1136.8975059582694,0.9474145882985578,0.7233333333333334,0.7983202249857891,True,5,True,1200,10.0,0.15
7,8,Warren Sapp,percent,0.21176470588235294,0.2935987017443141,0.29849543089065245,0.098501670972224,0.5381349163403648,0.4396332453681408,1.47282580249407,1136.8975059582694,0.9474145882985578,0.7233333333333334,0.7983202249857891,True,5,False,1200,10.0,0.15
7,9,Brooke Burke,percent,0.24378109452736318,0.29505805636545046,0.2981834212481677,0.10413123874659119,0.5370955570263353,0.4329643182797441,1.4520018063566242,1115.2240585808684,0.9293533821507236,0.87,0.9396465299381748,True,4,False,1200,10.0,0.15
7,9,Cody Linley,percent,0.22885572139303484,0.07917769700961935,0.058726275350834044,0.001707331597294584,0.18047913277620337,0.17877180117890878,3.044101741668318,1115.2240585808684,0.9293533821507236,0.87,0.9396465299381748,True,4,True,1200,10.0,0.15
7,9,Lance Bass,percent,0.2835820895522388,0.3092932445872272,0.31490317744694674,0.1138899125973427,0.5542845168062882,0.4403946042089455,1.3985035313897691,1115.2240585808684,0.9293533821507236,0.87,0.9396465299381748,True,4,False,1200,10.0,0.15
7,9,Warren Sapp,percent,0.24378109452736318,0.31647100203770306,0.328187125954051,0.12300441715638112,0.5648146848211819,0.4418102676648008,1.3462103980162217,1115.2240585808684,0.9293533821507236,0.87,0.9396465299381748,True,4,False,1200,10.0,0.15
7,10,Brooke Burke,percent,0.35294117647058826,0.2957268334580547,0.29313404763210665,0.09432409432015951,0.5511404178832111,0.4568163235630516,1.5583818013340047,1199.9999999999998,0.9999999999999998,,,False,3,True,1200,10.0,0.15
7,10,Lance Bass,percent,0.3235294117647059,0.36448850354372675,0.36605109458779017,0.13845065005015178,0.6132767684943998,0.47482611844424805,1.2971544910266062,1199.9999999999998,0.9999999999999998,,,False,3,True,1200,10.0,0.15
7,10,Warren Sapp,percent,0.3235294117647059,0.3397846629982186,0.34081485778010256,0.12263287890060995,0.5815735450721755,0.4589406661715656,1.3465942258698487,1199.9999999999998,0.9999999999999998,,,False,3,True,1200,10.0,0.15
8,1,Belinda Carlisle,percent,0.06995884773662552,0.008533973119081559,0.007852719689395046,2.830137410995301e-17,0.04598855311065984,0.04598855311065981,5.8556397388053725,1199.9999999999998,0.9999999999999998,,,False,13,False,1200,10.0,0.15
8,1,Chuck Wicks,percent,0.0823045267489712,0.025009713301101872,0.02515619756393943,5.106706950498377e-07,0.1213215179547324,0.12132100728403734,4.822516775793026,1199.9999999999998,0.9999999999999998,,,False,13,False,1200,10.0,0.15
8,1,David Alan Grier,percent,0.07818930041152264,0.010839413751403732,0.010797976841704719,2.712327822155936e-14,0.06024491852585268,0.06024491852582556,5.57876171130999,1199.9999999999998,0.9999999999999998,,,False,13,False,1200,10.0,0.15
8,1,Denise Richards,percent,0.07407407407407407,0.013085178951448595,0.0139895084072921,1.2074725198264699e-11,0.08039985946096168,0.08039985944888695,5.746743228214718,1199.9999999999998,0.9999999999999998,,,False,13,False,1200,10.0,0.15
8,1,Gilles Marini,percent,0.09876543209876543,0.20897453697062465,0.21274216853576583,0.050803530985436364,0.43215138412890564,0.38134785314346925,1.7925269035341929,1199.9999999999998,0.9999999999999998,,,False,13,False,1200,10.0,0.15
8,1,Holly Madison,percent,0.07407407407407407,0.11879607046403699,0.12132765847787827,0.010837489005984097,0.31492276846472483,0.30408527945874075,2.506293923246372,1199.9999999999998,0.9999999999999998,,,False,13,False,1200,10.0,0.15
8,1,Lawrence Taylor,percent,0.06584362139917696,0.014441141926730537,0.01282012019373154,1.6831546231736855e-11,0.073253318140688,0.07325331812385645,5.713488136525795,1199.9999999999998,0.9999999999999998,,,False,13,False,1200,10.0,0.15
8,1,Lil' Kim,percent,0.08641975308641975,0.030324001615874834,0.029151476189161273,2.9301964322882513e-06,0.13320368419767142,0.13320075400123912,4.569106004475956,1199.9999999999998,0.9999999999999998,,,False,13,False,1200,10.0,0.15
8,1,Melissa Rycroft,percent,0.09465020576131687,0.23077067314029676,0.22890798432030057,0.05451622557322151,0.47538246338383,0.4208662378106085,1.8385745717245943,1199.9999999999998,0.9999999999999998,,,False,13,False,1200,10.0,0.15
8,1,Shawn Johnson,percent,0.09465020576131687,0.21437672489106374,0.21353265595968052,0.05030670815804682,0.4522725482717284,0.4019658401136816,1.8824472344049636,1199.9999999999998,0.9999999999999998,,,False,13,False,1200,10.0,0.15
8,1,Steve Wozniak,percent,0.053497942386831275,0.029721323462535407,0.03189845919905314,4.810827447683316e-06,0.14070332139754269,0.140698510570095,4.410686391017918,1199.9999999999998,0.9999999999999998,,,False,13,False,1200,10.0,0.15
8,1,Steve-O,percent,0.06995884773662552,0.014591171932334071,0.01550795753013016,3.2075352970213194e-11,0.08632444415279396,0.0863244441207186,5.566102296238226,1199.9999999999998,0.9999999999999998,,,False,13,False,1200,10.0,0.15
8,1,Ty Murray,percent,0.05761316872427984,0.08053607647346718,0.07631511709196775,0.0023501468014322973,0.23377139449820275,0.23142124769677044,3.0324033312371896,1199.9999999999998,0.9999999999999998,,,False,13,False,1200,10.0,0.15
8,2,Belinda Carlisle,percent,0.06792452830188679,0.008598193188337998,0.005501294846756248,4.782301685270284e-17,0.03444310341466677,0.03444310341466672,6.259770581900361,1181.9615433590395,0.9849679527991996,0.021666666666666667,0.023526743892213733,True,13,True,1200,10.0,0.15
8,2,Chuck Wicks,percent,0.07547169811320754,0.025482417027414304,0.026004595324928742,2.767500133652346e-07,0.11935028664970505,0.11935000989969169,4.589397335783495,1181.9615433590395,0.9849679527991996,0.021666666666666667,0.023526743892213733,True,13,False,1200,10.0,0.15
8,2,David Alan Grier,percent,0.06415094339622641,0.011232063640896671,0.01037110837492809,2.0826623552271416e-13,0.06160284560634983,0.061602845606141564,5.93927901438541,1181.9615433590395,0.9849679527991996,0.021666666666666667,0.023526743892213733,True,13,False,1200,10.0,0.15
8,2,Denise Richards,percent,0.07924528301886792,0.012963245289090295,0.014542856403148792,1.9253667787619057e-11,0.08867450810777908,0.08867450808852541,6.097042327049317,1181.9615433590395,0.9849679527991996,0.021666666666666667,0.023526743892213733,True,13,False,1200,10.0,0.15
8,2,Gilles Marini,percent,0.1018867924528302,0.20802253563410472,0.20927432941038737,0.04442113550718993,0.43747484843062634,0.3930537129234364,1.8781655440745286,1181.9615433590395,0.9849679527991996,0.021666666666666667,0.023526743892213733,True,13,False,1200,10.0,0.15
8,2,Holly Madison,percent,0.06792452830188679,0.12084805553801785,0.12637235818809378,0.01142314529223075,0.3186228319949671,0.30719968670273634,2.4308896361328083,1181.9615433590395,0.9849679527991996,0.021666666666666667,0.023526743892213733,True,13,False,1200,10.0,0.15
8,2,Lawrence Taylor,percent,0.07547169811320754,0.014158159098782087,0.013006914613558077,3.364679359081422e-11,0.07220394493176871,0.07220394489812192,5.5507702074600145,1181.9615433590395,0.9849679527991996,0.021666666666666667,0.023526743892213733,True,13,False,1200,10.0,0.15
8,2,Lil' Kim,percent,0.08679245283018867,0.030380614978473622,0.030848013509828437,7.364099847933321e-06,0.14720493177424934,0.1471975676744014,4.771548614593608,1181.9615433590395,0.9849679527991996,0.021666666666666667,0.023526743892213733,True,13,False,1200,10.0,0.15
8,2,Melissa Rycroft,percent,0.09811320754716982,0.22953582289490407,0.22694085114697382,0.059153518321391124,0.45668806507723086,0.39753454675583977,1.7517022300941107,1181.9615433590395,0.9849679527991996,0.021666666666666667,0.023526743892213733,True,13,False,1200,10.0,0.15
8,2,Shawn Johnson,percent,0.09056603773584905,0.21702836658217378,0.2140096900159921,0.048037168761158634,0.4388389970874458,0.3908018283262871,1.8260855487970447,1181.9615433590395,0.9849679527991996,0.021666666666666667,0.023526743892213733,True,13,False,1200,10.0,0.15
8,2,Steve Wozniak,percent,0.06415094339622641,0.02906912272534451,0.03118995963490403,4.3135406653317065e-06,0.1414802979969856,0.1414759844563203,4.535800953619989,1181.9615433590395,0.9849679527991996,0.021666666666666667,0.023526743892213733,True,13,False,1200,10.0,0.15
8,2,Steve-O,percent,0.052830188679245285,0.015229446824708712,0.014351756493678394,3.5721953234852066e-10,0.08309359236944697,0.08309359201222744,5.7893821335870665,1181.9615433590395,0.9849679527991996,0.021666666666666667,0.023526743892213733,True,13,False,1200,10.0,0.15
8,2,Ty Murray,percent,0.07547169811320754,0.07745195657775147,0.07758627203682225,0.002404787340661225,0.2445460992809284,0.2421413119402672,3.120889619954018,1181.9615433590395,0.9849679527991996,0.021666666666666667,0.023526743892213733,True,13,False,1200,10.0,0.15
8,3,Chuck Wicks,percent,0.09055118110236221,0.025252953933566764,0.02712928435462804,3.871437761800328e-07,0.1358930652358525,0.13589267809207634,5.008892509779205,1172.8314951508441,0.9773595792923702,0.07916666666666666,0.08735788157472683,True,12,False,1200,10.0,0.15
8,3,David Alan Grier,percent,0.09448818897637795,0.010740562737525805,0.011895612105976878,1.9212401939115596e-14,0.07184584657340552,0.07184584657338632,6.039185436439577,1172.8314951508441,0.9773595792923702,0.07916666666666666,0.08735788157472683,True,12,False,1200,10.0,0.15
8,3,Denise Richards,percent,0.06299212598425197,0.01382368366104209,0.009311796854363608,9.213837144824764e-12,0.04986982369303415,0.049869823683820313,5.3549781514296955,1172.8314951508441,0.9773595792923702,0.07916666666666666,0.08735788157472683,True,12,True,1200,10.0,0.15
8,3,Gilles Marini,percent,0.1062992125984252,0.2113592345898609,0.2155287801350213,0.043819137098595404,0.446587915496828,0.4027687783982326,1.8687384088913983,1172.8314951508441,0.9773595792923702,0.07916666666666666,0.08735788157472683,True,12,False,1200,10.0,0.15
8,3,Holly Madison,percent,0.06692913385826772,0.1243499537616638,0.1280904322678637,0.012687634234101368,0.3300240071252827,0.31733637289118133,2.47742075541454,1172.8314951508441,0.9773595792923702,0.07916666666666666,0.08735788157472683,True,12,False,1200,10.0,0.15
8,3,Lawrence Taylor,percent,0.07874015748031496,0.014423812199137381,0.013391709514611428,3.778318032453325e-11,0.08056833852621194,0.08056833848842876,6.015835585810983,1172.8314951508441,0.9773595792923702,0.07916666666666666,0.08735788157472683,True,12,False,1200,10.0,0.15
8,3,Lil' Kim,percent,0.0984251968503937,0.03035082581778182,0.03164108177224832,4.334117222082483e-06,0.13956114963487376,0.13955681551765167,4.41048147597071,1172.8314951508441,0.9773595792923702,0.07916666666666666,0.08735788157472683,True,12,False,1200,10.0,0.15
8,3,Melissa Rycroft,percent,0.1062992125984252,0.23116751762692997,0.22838079876076411,0.059291618372192156,0.45775461790680966,0.3984629995346175,1.7447230983236885,1172.8314951508441,0.9773595792923702,0.07916666666666666,0.08735788157472683,True,12,False,1200,10.0,0.15
8,3,Shawn Johnson,percent,0.1062992125984252,0.21474537754600392,0.21064439156006548,0.043243169105462456,0.43304457527613543,0.389801406170673,1.8505100125084921,1172.8314951508441,0.9773595792923702,0.07916666666666666,0.08735788157472683,True,12,False,1200,10.0,0.15
8,3,Steve Wozniak,percent,0.03937007874015748,0.03162331209700288,0.03110893295656003,4.301015030876466e-06,0.12920270706530182,0.12919840605027094,4.152963178373786,1172.8314951508441,0.9773595792923702,0.07916666666666666,0.08735788157472683,True,12,False,1200,10.0,0.15
8,3,Steve-O,percent,0.05905511811023622,0.015408245866880091,0.014511098561728514,8.64754797791423e-10,0.08293813174713267,0.08293813088237788,5.715102507717481,1172.8314951508441,0.9773595792923702,0.07916666666666666,0.08735788157472683,True,12,False,1200,10.0,0.15
8,3,Ty Murray,percent,0.09055118110236221,0.07675452016260462,0.07836608115616849,0.0014045144849350452,0.2419321346162737,0.24052762013133866,3.069243062045652,1172.8314951508441,0.9773595792923702,0.07916666666666666,0.08735788157472683,True,12,False,1200,10.0,0.15
8,4,Chuck Wicks,percent,0.09090909090909091,0.026060383572974723,0.026145387483001513,6.927256309304592e-07,0.12671669415423042,0.12671600142859948,4.846405703693524,1199.9999999999998,0.9999999999999998,,,False,11,False,1200,10.0,0.15
8,4,David Alan Grier,percent,0.09090909090909091,0.011186551364797532,0.012305725414709284,1.932992943451764e-14,0.07438719275425593,0.0743871927542366,6.0444342623690375,1199.9999999999998,0.9999999999999998,,,False,11,False,1200,10.0,0.15
8,4,Gilles Marini,percent,0.12396694214876033,0.2094597456061568,0.21229340076677328,0.04738710008561385,0.44472141236422597,0.3973343122786121,1.8716193684030495,1199.9999999999998,0.9999999999999998,,,False,11,False,1200,10.0,0.15
8,4,Holly Madison,percent,0.06611570247933884,0.1286780576674405,0.12673851640859207,0.012891400371762158,0.3377031419150366,0.3248117415432744,2.562829263890535,1199.9999999999998,0.9999999999999998,,,False,11,True,1200,10.0,0.15
8,4,Lawrence Taylor,percent,0.07851239669421488,0.014905405726807408,0.015705916313295668,9.118535504545682e-10,0.08620780879991609,0.08620780788806254,5.488525320217624,1199.9999999999998,0.9999999999999998,,,False,11,False,1200,10.0,0.15
8,4,Lil' Kim,percent,0.1115702479338843,0.030398037751776776,0.029156528697941386,3.2323793082892004e-06,0.13924747488276298,0.13924424250345468,4.77558451355604,1199.9999999999998,0.9999999999999998,,,False,11,False,1200,10.0,0.15
8,4,Melissa Rycroft,percent,0.11983471074380166,0.23131569259813944,0.23216715726097753,0.055677322092772694,0.4688757852353407,0.413198463142568,1.7797378762760148,1199.9999999999998,0.9999999999999998,,,False,11,False,1200,10.0,0.15
8,4,Shawn Johnson,percent,0.10330578512396695,0.2233561337109648,0.22338049357551623,0.04751324620276706,0.45318214778077254,0.4056689015780055,1.8160363022233321,1199.9999999999998,0.9999999999999998,,,False,11,False,1200,10.0,0.15
8,4,Steve Wozniak,percent,0.049586776859504134,0.03189025711802418,0.032638243369934906,3.164782659143143e-06,0.13736511454022565,0.13736194975756652,4.20849062586099,1199.9999999999998,0.9999999999999998,,,False,11,True,1200,10.0,0.15
8,4,Steve-O,percent,0.06198347107438017,0.01580555957391384,0.015690217709744745,4.885332640000873e-10,0.08321778155146084,0.08321778106292757,5.3034622680205805,1199.9999999999998,0.9999999999999998,,,False,11,False,1200,10.0,0.15
8,4,Ty Murray,percent,0.10330578512396695,0.07694417530900381,0.07377841299951367,0.0016580288835101717,0.22779634787885866,0.2261383189953485,3.0650598832609193,1199.9999999999998,0.9999999999999998,,,False,11,False,1200,10.0,0.15
8,5,Chuck Wicks,percent,0.10952380952380952,0.030447605856117416,0.03400614627301563,2.182456137694868e-06,0.15804241345681844,0.15804023100068074,4.647265305118656,1170.306181627032,0.9752551513558599,0.03666666666666667,0.04226611871404185,True,9,False,1200,10.0,0.15
8,5,David Alan Grier,percent,0.10476190476190476,0.013216222708998335,0.008245679962792431,2.260214424210449e-12,0.04704322314678387,0.04704322314452366,5.704504522641161,1170.306181627032,0.9752551513558599,0.03666666666666667,0.04226611871404185,True,9,True,1200,10.0,0.15
8,5,Gilles Marini,percent,0.1380952380952381,0.24730435796750236,0.24730864348495066,0.06616474211124188,0.4981837902085555,0.4320190480973136,1.7468750591749689,1170.306181627032,0.9752551513558599,0.03666666666666667,0.04226611871404185,True,9,False,1200,10.0,0.15
8,5,Lawrence Taylor,percent,0.09523809523809523,0.01749184677123058,0.016955487422083197,6.464781794431034e-09,0.08905610801352147,0.08905610154873968,5.252037130800917,1170.306181627032,0.9752551513558599,0.03666666666666667,0.04226611871404185,True,9,False,1200,10.0,0.15
8,5,Lil' Kim,percent,0.12380952380952381,0.03604925256303403,0.03859468497821556,2.3824980402794766e-05,0.16307062127522035,0.16304679629481755,4.22448251370187,1170.306181627032,0.9752551513558599,0.03666666666666667,0.04226611871404185,True,9,False,1200,10.0,0.15
8,5,Melissa Rycroft,percent,0.11904761904761904,0.2828085134561042,0.27744914964471756,0.07710630393937654,0.5112704617125672,0.4341641577731906,1.5648366321991523,1170.306181627032,0.9752551513558599,0.03666666666666667,0.04226611871404185,True,9,False,1200,10.0,0.15
8,5,Shawn Johnson,percent,0.12380952380952381,0.25980691856334587,0.2615711527579308,0.07987377313700922,0.5079514358795355,0.4280776627425263,1.6365567138130575,1170.306181627032,0.9752551513558599,0.03666666666666667,0.04226611871404185,True,9,False,1200,10.0,0.15
8,5,Steve-O,percent,0.08571428571428572,0.018246666321516697,0.01948829902725237,4.390516560808815e-09,0.0994400817746696,0.09944007738415304,5.1022911211482525,1170.306181627032,0.9752551513558599,0.03666666666666667,0.04226611871404185,True,9,False,1200,10.0,0.15
8,5,Ty Murray,percent,0.1,0.09462861579215055,0.09638075644904152,0.004251023510813285,0.27841219934668665,0.27416117583587335,2.844533923604375,1170.306181627032,0.9752551513558599,0.03666666666666667,0.04226611871404185,True,9,False,1200,10.0,0.15
8,6,Chuck Wicks,percent,0.12365591397849462,0.030809079717308563,0.03191937846886216,7.721431252341915e-06,0.1376097146369119,0.13760199320565955,4.310788274013987,1161.6447188257848,0.9680372656881541,0.8275,0.8819444345884109,True,8,False,1200,10.0,0.15
8,6,Gilles Marini,percent,0.13978494623655913,0.25763248067242567,0.2666945756156015,0.07273064689673756,0.5058543871091276,0.43312374021239,1.6240379661815905,1161.6447188257848,0.9680372656881541,0.8275,0.8819444345884109,True,8,False,1200,10.0,0.15
8,6,Lawrence Taylor,percent,0.11827956989247312,0.017334368961955077,0.018864609311927016,4.710889467106969e-09,0.10332701487916082,0.10332701016827135,5.4770036026849676,1161.6447188257848,0.9680372656881541,0.8275,0.8819444345884109,True,8,False,1200,10.0,0.15
8,6,Lil' Kim,percent,0.15053763440860216,0.035417873533165,0.03589866722656669,1.4371853523898032e-05,0.14976547192258838,0.14975110006906447,4.171378501198048,1161.6447188257848,0.9680372656881541,0.8275,0.8819444345884109,True,8,False,1200,10.0,0.15
8,6,Melissa Rycroft,percent,0.14516129032258066,0.27825505078651036,0.2757910949584276,0.08138452748962305,0.5281024968121495,0.44671796932252644,1.6197635011614961,1161.6447188257848,0.9680372656881541,0.8275,0.8819444345884109,True,8,False,1200,10.0,0.15
8,6,Shawn Johnson,percent,0.13978494623655913,0.2617599578152884,0.2557455063073582,0.07408482762170178,0.4900680775324112,0.41598324991070945,1.6265451908491664,1161.6447188257848,0.9680372656881541,0.8275,0.8819444345884109,True,8,False,1200,10.0,0.15
8,6,Steve-O,percent,0.08602150537634409,0.019070285000549168,0.012214376663538057,7.254504310747205e-09,0.06554733579911749,0.06554732854461318,5.365968676206836,1161.6447188257848,0.9680372656881541,0.8275,0.8819444345884109,True,8,True,1200,10.0,0.15
8,6,Ty Murray,percent,0.0967741935483871,0.09972090351279782,0.10287179144771862,0.005665655219934377,0.28536333485355,0.2796976796336156,2.718869350169834,1161.6447188257848,0.9680372656881541,0.8275,0.8819444345884109,True,8,False,1200,10.0,0.15
8,7,Chuck Wicks,percent,0.14835164835164835,0.030628042440032355,0.032158978867212355,6.515671693958699e-06,0.13474138912694766,0.1347348734552537,4.189519962421934,1165.1936528421277,0.970994710701773,0.8466666666666667,0.894051513781763,True,7,False,1200,10.0,0.15
8,7,Gilles Marini,percent,0.14835164835164835,0.2659687132053549,0.269473045958398,0.08156573100259626,0.5099026619914138,0.42833693098881753,1.5895294460192473,1165.1936528421277,0.970994710701773,0.8466666666666667,0.894051513781763,True,7,False,1200,10.0,0.15
8,7,Lawrence Taylor,percent,0.11538461538461539,0.018381657470314457,0.011838663704063446,2.5350523774583764e-09,0.06085017706347414,0.060850174528421765,5.139518828354695,1165.1936528421277,0.970994710701773,0.8466666666666667,0.894051513781763,True,7,True,1200,10.0,0.15
8,7,Lil' Kim,percent,0.14285714285714285,0.03798060788142423,0.042663192621893026,2.571829698728997e-05,0.16648973362275635,0.16646401532576904,3.9017266024705797,1165.1936528421277,0.970994710701773,0.8466666666666667,0.894051513781763,True,7,False,1200,10.0,0.15
8,7,Melissa Rycroft,percent,0.15934065934065933,0.28351086967117306,0.2837073733820831,0.08863028375584157,0.5291940247839669,0.44056374102812534,1.5528753549857268,1165.1936528421277,0.970994710701773,0.8466666666666667,0.894051513781763,True,7,False,1200,10.0,0.15
8,7,Shawn Johnson,percent,0.15384615384615385,0.26677795491572404,0.2629697209015781,0.07696816803658935,0.5103456493070422,0.43337748127045284,1.648006590941555,1165.1936528421277,0.970994710701773,0.8466666666666667,0.894051513781763,True,7,False,1200,10.0,0.15
8,7,Ty Murray,percent,0.13186813186813187,0.09675215441597686,0.09718902456477178,0.005243056996771115,0.2739618253409941,0.268718768344223,2.76488013607957,1165.1936528421277,0.970994710701773,0.8466666666666667,0.894051513781763,True,7,False,1200,10.0,0.15
8,8,Chuck Wicks,percent,0.16346153846153846,0.031016713150054744,0.02044616618260086,6.1900302926894274e-06,0.09204030071985284,0.09203411068956015,4.501069237060091,1146.958470131511,0.9557987251095924,0.68,0.7543791448389482,True,6,True,1200,10.0,0.15
8,8,Gilles Marini,percent,0.1762820512820513,0.2613843587154491,0.27153948394253447,0.08867229954959498,0.5296290336632782,0.4409567341136832,1.6239078892081593,1146.958470131511,0.9557987251095924,0.68,0.7543791448389482,True,6,False,1200,10.0,0.15
8,8,Lil' Kim,percent,0.1794871794871795,0.03657386627806934,0.043703284107886056,3.270596456710381e-05,0.18902564479575867,0.18899293883119156,4.32435727272534,1146.958470131511,0.9557987251095924,0.68,0.7543791448389482,True,6,False,1200,10.0,0.15
8,8,Melissa Rycroft,percent,0.14743589743589744,0.30584193277802013,0.3056919910143847,0.10550409171700659,0.5434500331636294,0.4379459414466228,1.4326332442015814,1146.958470131511,0.9557987251095924,0.68,0.7543791448389482,True,6,False,1200,10.0,0.15
8,8,Shawn Johnson,percent,0.16666666666666666,0.271614411831995,0.26247712358568664,0.08168351187298248,0.4934338060293069,0.41175029415632447,1.5687032828924792,1146.958470131511,0.9557987251095924,0.68,0.7543791448389482,True,6,False,1200,10.0,0.15
8,8,Ty Murray,percent,0.16666666666666666,0.09356871724641166,0.09614195116690764,0.005047287780153663,0.2740070167011198,0.26895972892096615,2.797498159319473,1146.958470131511,0.9557987251095924,0.68,0.7543791448389482,True,6,False,1200,10.0,0.15
8,9,Gilles Marini,percent,0.20973782771535582,0.2756135278897113,0.28067768755293615,0.08900119602433791,0.5178485467361776,0.4288473507118397,1.5278942425258382,1122.4177625515838,0.9353481354596531,0.6033333333333334,0.6963568209123626,True,5,False,1200,10.0,0.15
8,9,Lil' Kim,percent,0.1947565543071161,0.04024128252347972,0.028387116247906727,4.935011578618879e-05,0.11706457728755634,0.11701522717177015,4.121979287033481,1122.4177625515838,0.9353481354596531,0.6033333333333334,0.6963568209123626,True,5,True,1200,10.0,0.15
8,9,Melissa Rycroft,percent,0.21348314606741572,0.2988135784761182,0.29698548020060594,0.10385182560114757,0.5503587267590015,0.44650690115785396,1.5034586788471018,1122.4177625515838,0.9353481354596531,0.6033333333333334,0.6963568209123626,True,5,False,1200,10.0,0.15
8,9,Shawn Johnson,percent,0.20973782771535582,0.28002907570285734,0.2817152925643548,0.08592557277172252,0.527380778140407,0.44145520536868443,1.5670204990641043,1122.4177625515838,0.9353481354596531,0.6033333333333334,0.6963568209123626,True,5,False,1200,10.0,0.15
8,9,Ty Murray,percent,0.17228464419475656,0.10530253540783327,0.11223442343419716,0.008298939903443317,0.302097644210562,0.2937987043071187,2.617700324170566,1122.4177625515838,0.9353481354596531,0.6033333333333334,0.6963568209123626,True,5,False,1200,10.0,0.15
8,10,Gilles Marini,percent,0.273972602739726,0.2768548118038967,0.28589753523039924,0.09075605317923788,0.511556841057002,0.4208007878777642,1.4718535984755932,1091.638848398994,0.909699040332495,0.8091666666666667,0.9047829290281701,True,4,False,1200,10.0,0.15
8,10,Melissa Rycroft,percent,0.2511415525114155,0.3194164636631507,0.3361750709047076,0.1265424607913139,0.5785837043894022,0.4520412435980883,1.3446562165521407,1091.638848398994,0.909699040332495,0.8091666666666667,0.9047829290281701,True,4,False,1200,10.0,0.15
8,10,Shawn Johnson,percent,0.2557077625570776,0.29357183283245475,0.2979118078272572,0.11216739029720034,0.5315102384017273,0.41934284810452693,1.4076026175674872,1091.638848398994,0.909699040332495,0.8091666666666667,0.9047829290281701,True,4,False,1200,10.0,0.15
8,10,Ty Murray,percent,0.2191780821917808,0.11015689170049789,0.08001558603763645,0.006645933341229128,0.2120627925912434,0.20541685925001427,2.5671784991351014,1091.638848398994,0.909699040332495,0.8091666666666667,0.9047829290281701,True,4,True,1200,10.0,0.15
8,11,Gilles Marini,percent,0.3314285714285714,0.32282514347193964,0.3229339333294788,0.11343530895403116,0.5725306135160786,0.45909530456204745,1.4216340729345909,1199.9999999999998,0.9999999999999998,,,False,3,True,1200,10.0,0.15
8,11,Melissa Rycroft,percent,0.32571428571428573,0.3578322447471369,0.35669144368979383,0.13006946916830667,0.6159814957082497,0.48591202653994303,1.3622717137302975,1199.9999999999998,0.9999999999999998,,,False,3,True,1200,10.0,0.15
8,11,Shawn Johnson,percent,0.34285714285714286,0.31934261178092344,0.32037462298072666,0.10786602893735713,0.5779339160119253,0.4700678870745682,1.4672398689423598,1199.9999999999998,0.9999999999999998,,,False,3,True,1200,10.0,0.15
9,1,Aaron Carter,percent,0.07881779829674204,0.011471106080361868,0.010366615141973887,7.644538843461517e-13,0.06069961744535369,0.06069961744458924,5.85473289791047,1199.9999999999998,0.9999999999999998,,,False,16,False,1200,10.0,0.15
9,1,Ashley Hamiliton,percent,0.046797967676719905,0.04090443232694803,0.03979663240395138,5.7474273924969884e-05,0.16234934013179345,0.16229186585786848,4.077927656866217,1199.9999999999998,0.9999999999999998,,,False,16,True,1200,10.0,0.15
9,1,Chuck Liddell,percent,0.05418740566465287,0.01018842273155487,0.010926782729614405,8.683676334955645e-15,0.06648102213077883,0.06648102213077015,6.08366983272882,1199.9999999999998,0.9999999999999998,,,False,16,False,1200,10.0,0.15
9,1,Debi Mazar,percent,0.05418740566465287,0.04080226686881817,0.03966662841204549,0.00011032774958149383,0.16497977597462465,0.16486944822504315,4.1562718726834404,1199.9999999999998,0.9999999999999998,,,False,16,False,1200,10.0,0.15
9,1,Donny Osmond,percent,0.07389167050904633,0.16387329978767542,0.16359630742114217,0.026274537880026157,0.3820761354155718,0.35580159753554563,2.174862185351373,1199.9999999999998,0.9999999999999998,,,False,16,False,1200,10.0,0.15
9,1,Joanna Krupa,percent,0.08374392608443776,0.022186978707582905,0.022006466501046353,6.641308623079338e-08,0.11012457588448649,0.11012450947140026,5.003961244978578,1199.9999999999998,0.9999999999999998,,,False,16,False,1200,10.0,0.15
9,1,Kathy Ireland,percent,0.04926103157056776,0.00910441883920631,0.008621868939657792,7.000680058685483e-16,0.05342871438055542,0.05342871438055472,6.196164496346283,1199.9999999999998,0.9999999999999998,,,False,16,False,1200,10.0,0.15
9,1,Kelly Osbourne,percent,0.07635448809650482,0.1727093088950548,0.17246963556805894,0.030161250312098813,0.3960250717320273,0.36586382141992846,2.1213107971388805,1199.9999999999998,0.9999999999999998,,,False,16,False,1200,10.0,0.15
9,1,Louie Vito,percent,0.06650223252111338,0.09735744781310755,0.09677381158051578,0.0050176021269231095,0.28120884185310085,0.27619123972617776,2.853957917514405,1199.9999999999998,0.9999999999999998,,,False,16,False,1200,10.0,0.15
9,1,Macy Gray,percent,0.046797967676719905,0.03220180767576775,0.03399225778322831,7.743562076831854e-06,0.15199855100908694,0.1519908074470101,4.471204508148077,1199.9999999999998,0.9999999999999998,,,False,16,True,1200,10.0,0.15
9,1,Mark Dacascos,percent,0.0714283603088091,0.06805579416035387,0.06789353411083923,0.0009480423182550447,0.23657984509983537,0.23563180278158033,3.4705562953993696,1199.9999999999998,0.9999999999999998,,,False,16,False,1200,10.0,0.15
9,1,Melissa Joan Hart,percent,0.05911353345234858,0.06791223410312125,0.06762619826388044,0.0009015725339580773,0.23072740474184533,0.22982583220788724,3.398423091713926,1199.9999999999998,0.9999999999999998,,,False,16,False,1200,10.0,0.15
9,1,Michael Irvin,percent,0.046798213983109294,0.08947367895688531,0.0941171299648125,0.0032179230869370853,0.2726602881599417,0.2694423650730046,2.862810440174914,1199.9999999999998,0.9999999999999998,,,False,16,False,1200,10.0,0.15
9,1,Mya,percent,0.07635473440289418,0.14184593361746758,0.14264391848261074,0.018884498724552962,0.34349172044203585,0.3246072217174829,2.275631162823753,1199.9999999999998,0.9999999999999998,,,False,16,False,1200,10.0,0.15
9,1,Natalie Coughlin,percent,0.06650223252111338,0.0133115701788227,0.011720728826884231,3.662238216659405e-12,0.0683152942512571,0.06831529424759486,5.8280903147077705,1199.9999999999998,0.9999999999999998,,,False,16,False,1200,10.0,0.15
9,1,Tom DeLay,percent,0.04926103157056776,0.01860129925727165,0.01778148386973844,3.939957769788187e-09,0.08781303311990193,0.08781302917994416,4.9381756690009455,1199.9999999999998,0.9999999999999998,,,False,16,False,1200,10.0,0.15
9,2,Aaron Carter,percent,0.09183673469387756,0.012155706197783854,0.011648613820925111,4.263063244904757e-12,0.07249945725020424,0.07249945724594117,6.223335671068957,1179.724508468698,0.9831037570572484,0.6216666666666667,0.6516676107037989,True,14,False,1200,10.0,0.15
9,2,Chuck Liddell,percent,0.06462585034013606,0.010861855141289027,0.011546893985381132,6.26490898490066e-14,0.06826909136325249,0.06826909136318984,5.911821796217907,1179.724508468698,0.9831037570572484,0.6216666666666667,0.6516676107037989,True,14,False,1200,10.0,0.15
9,2,Debi Mazar,percent,0.07142857142857142,0.0428123233493623,0.04491886761102504,6.312578001264714e-05,0.18277332312695083,0.1827101973469382,4.067469631234936,1179.724508468698,0.9831037570572484,0.6216666666666667,0.6516676107037989,True,14,False,1200,10.0,0.15
9,2,Donny Osmond,percent,0.08503401360544217,0.17441747176004227,0.17502098428889173,0.02945600272644753,0.3931772068246308,0.36372120409818326,2.0781458145156444,1179.724508468698,0.9831037570572484,0.6216666666666667,0.6516676107037989,True,14,False,1200,10.0,0.15
9,2,Joanna Krupa,percent,0.06802721088435375,0.025146215379920022,0.02664295989031213,6.097614462974809e-07,0.13722760747216575,0.13722699771071944,5.150397999233433,1179.724508468698,0.9831037570572484,0.6216666666666667,0.6516676107037989,True,14,False,1200,10.0,0.15
9,2,Kathy Ireland,percent,0.061224489795918366,0.009671629371980519,0.005955239331325029,3.44288240042424e-16,0.03291302717308837,0.03291302717308802,5.5258066948371205,1179.724508468698,0.9831037570572484,0.6216666666666667,0.6516676107037989,True,14,True,1200,10.0,0.15
9,2,Kelly Osbourne,percent,0.06462585034013606,0.19392676329197459,0.19465730685086455,0.04037401445495898,0.43318550342045836,0.3928114889654994,2.017953897371808,1179.724508468698,0.9831037570572484,0.6216666666666667,0.6516676107037989,True,14,False,1200,10.0,0.15
9,2,Louie Vito,percent,0.06462585034013606,0.10682671428286075,0.10506448970706952,0.008618125430285273,0.2806153087644207,0.2719971833341354,2.588834679136641,1179.724508468698,0.9831037570572484,0.6216666666666667,0.6516676107037989,True,14,False,1200,10.0,0.15
9,2,Mark Dacascos,percent,0.07142857142857142,0.07434793441167001,0.0755118647561261,0.002765774176155757,0.2429148125501939,0.24014903837403814,3.1802400710079755,1179.724508468698,0.9831037570572484,0.6216666666666667,0.6516676107037989,True,14,False,1200,10.0,0.15
9,2,Melissa Joan Hart,percent,0.06462585034013606,0.07324040281961822,0.07402862490000045,0.0014261343423620637,0.24491380501624632,0.24348767067388427,3.2890571984227734,1179.724508468698,0.9831037570572484,0.6216666666666667,0.6516676107037989,True,14,False,1200,10.0,0.15
9,2,Michael Irvin,percent,0.06802721088435375,0.09300955965868898,0.09102823747433214,0.005344340613010598,0.26911308615255625,0.26376874553954566,2.8976266621361244,1179.724508468698,0.9831037570572484,0.6216666666666667,0.6516676107037989,True,14,False,1200,10.0,0.15
9,2,Mya,percent,0.09183673469387756,0.14944760540771587,0.14778399878581633,0.021055724736351422,0.3610931719895835,0.3400374472532321,2.300892851418876,1179.724508468698,0.9831037570572484,0.6216666666666667,0.6516676107037989,True,14,False,1200,10.0,0.15
9,2,Natalie Coughlin,percent,0.07142857142857142,0.01437564802207049,0.016032896695239853,2.8685769902389092e-11,0.08786326329780392,0.08786326326911814,5.47984466528358,1179.724508468698,0.9831037570572484,0.6216666666666667,0.6516676107037989,True,14,False,1200,10.0,0.15
9,2,Tom DeLay,percent,0.061224489795918366,0.019760170905023015,0.02015902190269092,1.9375582184564138e-08,0.1037423652199878,0.10374234584440561,5.1459441038880165,1179.724508468698,0.9831037570572484,0.6216666666666667,0.6516676107037989,True,14,False,1200,10.0,0.15
9,3,Aaron Carter,percent,0.08139534883720931,0.01272254171255083,0.012829919107431791,1.0103079668468662e-11,0.06888973681723162,0.06888973680712854,5.3690414716453905,1199.9999999999998,0.9999999999999998,,,False,13,False,1200,10.0,0.15
9,3,Chuck Liddell,percent,0.06589147286821706,0.011061185779437035,0.01173349015557872,1.6695423611339875e-13,0.07162046694765005,0.0716204669474831,6.103415316551598,1199.9999999999998,0.9999999999999998,,,False,13,False,1200,10.0,0.15
9,3,Debi Mazar,percent,0.06589147286821706,0.0442974801840883,0.046420175769352395,0.00014942967667367694,0.1732482725361352,0.17309884285946153,3.7288767462400783,1199.9999999999998,0.9999999999999998,,,False,13,True,1200,10.0,0.15
9,3,Donny Osmond,percent,0.08139534883720931,0.17966816412142494,0.18070358097642114,0.03213156095658503,0.40139157940954584,0.3692600184529608,2.043445807835624,1199.9999999999998,0.9999999999999998,,,False,13,False,1200,10.0,0.15
9,3,Joanna Krupa,percent,0.08914728682170543,0.024445297297742245,0.025444817560382194,5.371541756828427e-07,0.13712568018794094,0.13712514303376525,5.388906947413704,1199.9999999999998,0.9999999999999998,,,False,13,False,1200,10.0,0.15
9,3,Kelly Osbourne,percent,0.07751937984496124,0.19218513752581046,0.19478492982496434,0.03326960921099911,0.4359076013631639,0.4026379921521648,2.0670794472371665,1199.9999999999998,0.9999999999999998,,,False,13,False,1200,10.0,0.15
9,3,Louie Vito,percent,0.07751937984496124,0.10586732036037488,0.10307100708793662,0.006939266138387534,0.2831929338899063,0.27625366775151877,2.6802007213833625,1199.9999999999998,0.9999999999999998,,,False,13,False,1200,10.0,0.15
9,3,Mark Dacascos,percent,0.06976744186046512,0.07623257494516504,0.0760705317827946,0.0016313282660843375,0.2386049589983645,0.23697363073228017,3.115142092956743,1199.9999999999998,0.9999999999999998,,,False,13,False,1200,10.0,0.15
9,3,Melissa Joan Hart,percent,0.07364341085271318,0.07324387579637488,0.07386062245051939,0.0015230828218249389,0.23471399114395994,0.233190908322135,3.157132223548864,1199.9999999999998,0.9999999999999998,,,False,13,False,1200,10.0,0.15
9,3,Michael Irvin,percent,0.05426356589147287,0.0981063619927832,0.09374362699766206,0.004538221806325387,0.2623784912949387,0.25784026948861327,2.750453841957723,1199.9999999999998,0.9999999999999998,,,False,13,False,1200,10.0,0.15
9,3,Mya,percent,0.10465116279069768,0.14813285358779585,0.14887066245917074,0.01977724652574177,0.3688171615886514,0.34903991506290966,2.3445692034146304,1199.9999999999998,0.9999999999999998,,,False,13,False,1200,10.0,0.15
9,3,Natalie Coughlin,percent,0.10077519379844961,0.013708526180156704,0.012943410093162532,8.98846417643032e-12,0.07241131252719867,0.0724113125182102,5.594021820774911,1199.9999999999998,0.9999999999999998,,,False,13,False,1200,10.0,0.15
9,3,Tom DeLay,percent,0.05813953488372093,0.020328680516295668,0.019523225734623714,1.0456543195921214e-08,0.09997543276418322,0.09997542230764002,5.12058320091774,1199.9999999999998,0.9999999999999998,,,False,13,True,1200,10.0,0.15
9,4,Aaron Carter,percent,0.0743801652892562,0.014285748226891503,0.0132417894279066,8.71177367184201e-11,0.07706868579219103,0.07706868570507329,5.819671612588361,1170.7805807134507,0.9756504839278756,0.7166666666666667,0.7639522233368743,True,11,False,1200,10.0,0.15
9,4,Chuck Liddell,percent,0.07024793388429752,0.01209415594865064,0.008599964784578307,1.0256840612234487e-12,0.04825901347412133,0.04825901347309564,5.610883741743133,1170.7805807134507,0.9756504839278756,0.7166666666666667,0.7639522233368743,True,11,True,1200,10.0,0.15
9,4,Donny Osmond,percent,0.09917355371900827,0.19037353779008795,0.1889881831081507,0.037861510911149504,0.41508564281906907,0.3772241319079196,1.9960091138763738,1170.7805807134507,0.9756504839278756,0.7166666666666667,0.7639522233368743,True,11,False,1200,10.0,0.15
9,4,Joanna Krupa,percent,0.10743801652892562,0.025870806924318222,0.02724711218871854,2.4431183567127914e-06,0.12113214428125342,0.1211297011628967,4.445434616679525,1170.7805807134507,0.9756504839278756,0.7166666666666667,0.7639522233368743,True,11,False,1200,10.0,0.15
9,4,Kelly Osbourne,percent,0.09504132231404959,0.2037584596882976,0.20669344900211828,0.04468439888173373,0.4360547576329062,0.39137035875117243,1.8934730015277843,1170.7805807134507,0.9756504839278756,0.7166666666666667,0.7639522233368743,True,11,False,1200,10.0,0.15
9,4,Louie Vito,percent,0.06611570247933884,0.12010203650977166,0.1230502112083699,0.010478570429769029,0.32638391441336245,0.31590534398359343,2.5672672449249787,1170.7805807134507,0.9756504839278756,0.7166666666666667,0.7639522233368743,True,11,False,1200,10.0,0.15
9,4,Mark Dacascos,percent,0.09090909090909091,0.08014165294349404,0.07896651227175572,0.00194187179646734,0.2609830564362594,0.2590411846397921,3.2803513392740276,1170.7805807134507,0.9756504839278756,0.7166666666666667,0.7639522233368743,True,11,False,1200,10.0,0.15
9,4,Melissa Joan Hart,percent,0.11570247933884298,0.07332193358477133,0.07334386889873223,0.0012067480269852956,0.23719922152592912,0.23599247349894384,3.2175730496536885,1170.7805807134507,0.9756504839278756,0.7166666666666667,0.7639522233368743,True,11,False,1200,10.0,0.15
9,4,Michael Irvin,percent,0.06611570247933884,0.10540333730560567,0.10417863076540917,0.006860965580225969,0.2881878223728979,0.28132685679267194,2.700401745770835,1170.7805807134507,0.9756504839278756,0.7166666666666667,0.7639522233368743,True,11,False,1200,10.0,0.15
9,4,Mya,percent,0.11570247933884298,0.15944919394649124,0.1588243832587144,0.02595262240443199,0.37772721662287245,0.3517745942184405,2.214851222146441,1170.7805807134507,0.9756504839278756,0.7166666666666667,0.7639522233368743,True,11,False,1200,10.0,0.15
9,4,Natalie Coughlin,percent,0.09917355371900827,0.015199137131620176,0.016865895085546305,1.8422914825662086e-10,0.09471893727219331,0.09471893708796417,5.615671207271062,1170.7805807134507,0.9756504839278756,0.7166666666666667,0.7639522233368743,True,11,False,1200,10.0,0.15
9,5,Aaron Carter,percent,0.09917355371900827,0.013935525367069053,0.013368697905115336,1.1929322320858906e-11,0.07569838690431034,0.07569838689238102,5.661936973416454,1162.9275815466358,0.9691063179555298,0.6825,0.7374573413380037,True,10,False,1200,10.0,0.15
9,5,Donny Osmond,percent,0.11983471074380166,0.18751062353878367,0.19495780360977455,0.03848480291085553,0.41540071136367873,0.3769159084528232,1.9333105326561717,1162.9275815466358,0.9691063179555298,0.6825,0.7374573413380037,True,10,False,1200,10.0,0.15
9,5,Joanna Krupa,percent,0.09917355371900827,0.02726602778837991,0.029532154145466054,1.389397734464044e-06,0.14038133363875477,0.1403799442410203,4.75330008943767,1162.9275815466358,0.9691063179555298,0.6825,0.7374573413380037,True,10,False,1200,10.0,0.15
9,5,Kelly Osbourne,percent,0.09917355371900827,0.20860788414964498,0.2048162784773101,0.045472956219854976,0.4313064077907299,0.3858334515708749,1.8837934691804723,1162.9275815466358,0.9691063179555298,0.6825,0.7374573413380037,True,10,False,1200,10.0,0.15
9,5,Louie Vito,percent,0.09090909090909091,0.11715766999645355,0.11692847945641222,0.007619634458548812,0.30388654275570215,0.29626690829715335,2.5337229728076633,1162.9275815466358,0.9691063179555298,0.6825,0.7374573413380037,True,10,False,1200,10.0,0.15
9,5,Mark Dacascos,percent,0.10743801652892562,0.07970334273409697,0.08210834135739248,0.002969083946231609,0.24867443415108928,0.24570535020485768,2.9924165282898874,1162.9275815466358,0.9691063179555298,0.6825,0.7374573413380037,True,10,False,1200,10.0,0.15
9,5,Melissa Joan Hart,percent,0.09504132231404959,0.0795504492132586,0.0796581712509605,0.003072949024017685,0.2398561215322621,0.2367831725082444,2.972453375924236,1162.9275815466358,0.9691063179555298,0.6825,0.7374573413380037,True,10,False,1200,10.0,0.15
9,5,Michael Irvin,percent,0.08677685950413223,0.10381823929245647,0.10358801185371162,0.007090899716161979,0.2928079225377738,0.2857170228216118,2.7581788619154057,1162.9275815466358,0.9691063179555298,0.6825,0.7374573413380037,True,10,False,1200,10.0,0.15
9,5,Mya,percent,0.1115702479338843,0.16643140647781932,0.16421474482966633,0.027704316257844926,0.3722228273368457,0.3445185110790008,2.097962722370833,1162.9275815466358,0.9691063179555298,0.6825,0.7374573413380037,True,10,False,1200,10.0,0.15
9,5,Natalie Coughlin,percent,0.09090909090909091,0.016018831442037598,0.01082731711419074,2.944940341215832e-10,0.06061310943106405,0.06061310913657002,5.597648138429125,1162.9275815466358,0.9691063179555298,0.6825,0.7374573413380037,True,10,True,1200,10.0,0.15
9,6,Aaron Carter,percent,0.12692274704027823,0.013402971395833012,0.012987682217057426,1.096054144521604e-11,0.07295671612049176,0.07295671610953122,5.6169451904613235,1199.9999999999998,0.9999999999999998,,,False,9,False,1200,10.0,0.15
9,6,Donny Osmond,percent,0.11923079733737539,0.1927145332559963,0.19433532673535245,0.03597449874950574,0.43469116513087125,0.3987166663813655,2.0516836614100384,1199.9999999999998,0.9999999999999998,,,False,9,False,1200,10.0,0.15
9,6,Joanna Krupa,percent,0.13846163313642237,0.02552551101651342,0.02467465187112141,3.457282374392748e-07,0.11595498847605382,0.11595464274781637,4.699152158307164,1199.9999999999998,0.9999999999999998,,,False,9,False,1200,10.0,0.15
9,6,Kelly Osbourne,percent,0.09615340976180302,0.21561280341345634,0.21481829066145647,0.049145960970410976,0.44955198105893096,0.40040602008852,1.863920222693306,1199.9999999999998,0.9999999999999998,,,False,9,False,1200,10.0,0.15
9,6,Louie Vito,percent,0.09230801183542559,0.1198461665225918,0.11691416602856416,0.008014992188290396,0.32108834067334524,0.31307334848505486,2.677782182754342,1199.9999999999998,0.9999999999999998,,,False,9,True,1200,10.0,0.15
9,6,Mark Dacascos,percent,0.12307734911390078,0.07886052159893644,0.07791797235998894,0.0021451448351419837,0.2348810993221767,0.23273595448703474,2.98689712451269,1199.9999999999998,0.9999999999999998,,,False,9,False,1200,10.0,0.15
9,6,Melissa Joan Hart,percent,0.09230762721870961,0.08216661413266788,0.08470364783248256,0.002901553965936093,0.24966876035954902,0.24676720639361294,2.9132664228961302,1199.9999999999998,0.9999999999999998,,,False,9,True,1200,10.0,0.15
9,6,Michael Irvin,percent,0.08461490828237482,0.10708914218966814,0.1074273912319365,0.005921596418051248,0.29193399259453096,0.2860123961764797,2.6623538982258674,1199.9999999999998,0.9999999999999998,,,False,9,False,1200,10.0,0.15
9,6,Mya,percent,0.12692351627371018,0.16478173647433647,0.1662208710620403,0.026650810413430207,0.3847653020208174,0.3581144916073872,2.154436653367506,1199.9999999999998,0.9999999999999998,,,False,9,False,1200,10.0,0.15
9,7,Aaron Carter,percent,0.150997150997151,0.017062303842563402,0.01992587533740601,1.2079585906299828e-09,0.10954253590787354,0.10954253469991494,5.49722587435902,1199.9999999999998,0.9999999999999998,,,False,7,False,1200,10.0,0.15
9,7,Donny Osmond,percent,0.14814814814814814,0.2425659940544369,0.24005175730501288,0.06702829903713296,0.4707909658735174,0.4037626668363844,1.6819747099316191,1199.9999999999998,0.9999999999999998,,,False,7,False,1200,10.0,0.15
9,7,Joanna Krupa,percent,0.15669515669515668,0.03294171480105842,0.03478403675340254,1.2339796763871465e-05,0.15069206486973874,0.15067972507297486,4.331739711565374,1199.9999999999998,0.9999999999999998,,,False,7,False,1200,10.0,0.15
9,7,Kelly Osbourne,percent,0.14814814814814814,0.257122475817792,0.2560108930817542,0.07628093223436505,0.4895172991825865,0.41323636694822147,1.6141295702081297,1199.9999999999998,0.9999999999999998,,,False,7,False,1200,10.0,0.15
9,7,Mark Dacascos,percent,0.1225071225071225,0.10635030125851148,0.10936313343213226,0.009325004676270725,0.30178609066812767,0.29246108599185694,2.674195614354212,1199.9999999999998,0.9999999999999998,,,False,7,True,1200,10.0,0.15
9,7,Michael Irvin,percent,0.1339031339031339,0.12851716653028478,0.1306095044771149,0.013817960032293564,0.3325794217229249,0.3187614616906313,2.4405499616340856,1199.9999999999998,0.9999999999999998,,,False,7,True,1200,10.0,0.15
9,7,Mya,percent,0.1396011396011396,0.21544004369535308,0.2092547996131773,0.046754289821650544,0.44686486183694213,0.4001105720152916,1.9120644338408852,1199.9999999999998,0.9999999999999998,,,False,7,False,1200,10.0,0.15
9,8,Aaron Carter,percent,0.19083969465648856,0.023134567981114462,0.016176704044405042,1.5280979960099226e-07,0.07750185962933816,0.07750170681953855,4.790649316294176,1157.176494117181,0.9643137450976508,0.7633333333333333,0.8190580368101772,True,5,True,1200,10.0,0.15
9,8,Donny Osmond,percent,0.19083969465648856,0.3267071510411076,0.33247578116415377,0.12066229874882103,0.5905598861097582,0.4698975873609371,1.413324520634524,1157.176494117181,0.9643137450976508,0.7633333333333333,0.8190580368101772,True,5,False,1200,10.0,0.15
9,8,Joanna Krupa,percent,0.1984732824427481,0.0444634435802598,0.04778510714844243,0.00012863149340882515,0.18323756192209623,0.1831089304286874,3.8318444701904486,1157.176494117181,0.9643137450976508,0.7633333333333333,0.8190580368101772,True,5,False,1200,10.0,0.15
9,8,Kelly Osbourne,percent,0.1946564885496183,0.34323404052094286,0.3397394242320798,0.13479158292727847,0.595952868932281,0.4611612860050026,1.3573930363081526,1157.176494117181,0.9643137450976508,0.7633333333333333,0.8190580368101772,True,5,False,1200,10.0,0.15
9,8,Mya,percent,0.22519083969465647,0.2624607968765753,0.2638229834109188,0.07563715610288345,0.5060083904798831,0.43037123437699965,1.631281693244224,1157.176494117181,0.9643137450976508,0.7633333333333333,0.8190580368101772,True,5,False,1200,10.0,0.15
9,9,Donny Osmond,percent,0.2312501699224591,0.3386683591182215,0.3432639524354331,0.13669834213603618,0.5844540010233802,0.44775565888734403,1.3044024905850686,1148.6147157107337,0.9571789297589447,0.9158333333333334,0.9567557053217779,True,4,False,1200,10.0,0.15
9,9,Joanna Krupa,percent,0.2531258701201785,0.04458071584479195,0.032851265053306974,9.499557998249813e-05,0.1227968760094504,0.1227018804294679,3.7349595295900757,1148.6147157107337,0.9571789297589447,0.9158333333333334,0.9567557053217779,True,4,True,1200,10.0,0.15
9,9,Kelly Osbourne,percent,0.2437489628870599,0.34864558732305695,0.3503616595802978,0.13863216781522628,0.5997160033710748,0.46108383555584853,1.316018767833834,1148.6147157107337,0.9571789297589447,0.9158333333333334,0.9567557053217779,True,4,False,1200,10.0,0.15
9,9,Mya,percent,0.27187499707030244,0.2681053377139295,0.2735231229309626,0.08725355080327242,0.5111681428734267,0.4239145920701543,1.5498252495161104,1148.6147157107337,0.9571789297589447,0.9158333333333334,0.9567557053217779,True,4,False,1200,10.0,0.15
9,10,Donny Osmond,percent,0.35127769056340485,0.32605292033450395,0.33720019974539145,0.1134727128842224,0.593047967413989,0.4795752545297666,1.4222228595031001,1199.9999999999998,0.9999999999999998,,,False,3,True,1200,10.0,0.15
9,10,Kelly Osbourne,percent,0.305519216233502,0.3846762980747454,0.37363061655588975,0.139923756162937,0.639195737356412,0.499271981193475,1.336268021950951,1199.9999999999998,0.9999999999999998,,,False,3,True,1200,10.0,0.15
9,10,Mya,percent,0.34320309320309317,0.28927078159075054,0.28916918369871863,0.08936386766222243,0.5524876531537664,0.4631237854915439,1.601561335155026,1199.9999999999998,0.9999999999999998,,,False,3,True,1200,10.0,0.15
10,1,Aiden Turner,percent,0.07177033492822966,0.017312094935182414,0.017055369546749993,4.531554210250379e-09,0.08314107743717893,0.08314107290562471,4.874488247791677,1199.9999999999998,0.9999999999999998,,,False,11,False,1200,10.0,0.15
10,1,Buzz Aldrin,percent,0.06698564593301436,0.007323023633879425,0.006834236452255107,3.377423348166777e-19,0.04134938244351011,0.04134938244351011,6.049444336321089,1199.9999999999998,0.9999999999999998,,,False,11,False,1200,10.0,0.15
10,1,Chad Ochocinco,percent,0.0861244019138756,0.06517681559188347,0.06412916393013385,0.001123028878878254,0.2033992034052022,0.20227617452632396,3.154150280150419,1199.9999999999998,0.9999999999999998,,,False,11,False,1200,10.0,0.15
10,1,Erin Andrews,percent,0.10047846889952153,0.2784589963580045,0.2784358916886169,0.08395419623682981,0.5206083448260943,0.4366541485892645,1.5682338139214185,1199.9999999999998,0.9999999999999998,,,False,11,False,1200,10.0,0.15
10,1,Evan Lysacek,percent,0.11004784688995216,0.26246973920361993,0.2621977408173647,0.07595384944931373,0.5039623415904293,0.4280084921411156,1.632381951213283,1199.9999999999998,0.9999999999999998,,,False,11,False,1200,10.0,0.15
10,1,Jake Pavelka,percent,0.09569377990430622,0.025458668299591796,0.024627208013317217,3.156579714367545e-07,0.10836054537546011,0.10836022971748867,4.399842232081807,1199.9999999999998,0.9999999999999998,,,False,11,False,1200,10.0,0.15
10,1,Kate Gosselin,percent,0.07655502392344497,0.0154928071467261,0.015256286515611298,3.4444316634531025e-10,0.08336221687693245,0.08336221653248928,5.463764244526235,1199.9999999999998,0.9999999999999998,,,False,11,False,1200,10.0,0.15
10,1,Nicole Scherzinger,percent,0.11961722488038277,0.2603811721837541,0.25962562867207567,0.07258702701705415,0.5132066827476728,0.4406196557306186,1.6971281335211121,1199.9999999999998,0.9999999999999998,,,False,11,False,1200,10.0,0.15
10,1,Niecy Nash,percent,0.0861244019138756,0.03488867828059918,0.036494448378233145,6.280131648233809e-06,0.15265899868681587,0.15265271855516763,4.182787863656273,1199.9999999999998,0.9999999999999998,,,False,11,False,1200,10.0,0.15
10,1,Pamela Anderson,percent,0.10047846889952153,0.018732365701855026,0.019918792003329303,1.560152330158466e-08,0.10080543052293203,0.10080541492140874,5.0605656376613055,1199.9999999999998,0.9999999999999998,,,False,11,False,1200,10.0,0.15
10,1,Shannen Doherty,percent,0.0861244019138756,0.014305638664904148,0.015425233982312422,1.1131442587974282e-11,0.08590081811339106,0.08590081810225962,5.568489250244273,1199.9999999999998,0.9999999999999998,,,False,11,False,1200,10.0,0.15
10,2,Aiden Turner,percent,0.08636363636363636,0.016819412709533226,0.017932372724502214,1.4329332966043687e-09,0.09239714868024657,0.09239714724731327,5.1522459643674186,1165.7218371458016,0.971434864288168,0.0025,0.0030211536294308334,True,11,False,1200,10.0,0.15
10,2,Buzz Aldrin,percent,0.05454545454545454,0.007579168545133223,0.006991848243696469,6.512254656736992e-19,0.04602185799910514,0.04602185799910514,6.581275096394435,1165.7218371458016,0.971434864288168,0.0025,0.0030211536294308334,True,11,False,1200,10.0,0.15
10,2,Chad Ochocinco,percent,0.07272727272727272,0.0676077766444202,0.06848902716779169,0.0007731387533570789,0.2381475496431238,0.2373744108897667,3.4658244521969626,1165.7218371458016,0.971434864288168,0.0025,0.0030211536294308334,True,11,False,1200,10.0,0.15
10,2,Erin Andrews,percent,0.10454545454545454,0.2772801054416853,0.27234109833208703,0.07904939678688273,0.519364889615163,0.4403154928282803,1.6167735194996216,1165.7218371458016,0.971434864288168,0.0025,0.0030211536294308334,True,11,False,1200,10.0,0.15
10,2,Evan Lysacek,percent,0.10909090909090909,0.2644488771996544,0.26435770672766207,0.08457438370849632,0.5064438178272203,0.4218694341187239,1.5958219774214844,1165.7218371458016,0.971434864288168,0.0025,0.0030211536294308334,True,11,False,1200,10.0,0.15
10,2,Jake Pavelka,percent,0.09090909090909091,0.025881397180703525,0.027718682714348252,1.1495260993536166e-06,0.13307265979874322,0.13307151027264386,4.800614481916974,1165.7218371458016,0.971434864288168,0.0025,0.0030211536294308334,True,11,False,1200,10.0,0.15
10,2,Kate Gosselin,percent,0.06818181818181818,0.01588285606460342,0.016608197513180142,9.869648133780613e-10,0.09908838613962599,0.09908838515266118,5.9658743340266795,1165.7218371458016,0.971434864288168,0.0025,0.0030211536294308334,True,11,False,1200,10.0,0.15
10,2,Nicole Scherzinger,percent,0.12727272727272726,0.257110956681975,0.2605293952508798,0.0780212901673504,0.5017948294389919,0.4237735392716415,1.6265800344085206,1165.7218371458016,0.971434864288168,0.0025,0.0030211536294308334,True,11,False,1200,10.0,0.15
10,2,Niecy Nash,percent,0.09545454545454546,0.03431577776911832,0.03722673757964891,1.1172314219162324e-05,0.17537762309117402,0.17536645077695487,4.710639490292892,1165.7218371458016,0.971434864288168,0.0025,0.0030211536294308334,True,11,False,1200,10.0,0.15
10,2,Pamela Anderson,percent,0.1,0.018852498807661586,0.018569904336959143,1.1562161290085216e-08,0.0938971882874219,0.09389717672526061,5.056144548566213,1165.7218371458016,0.971434864288168,0.0025,0.0030211536294308334,True,11,False,1200,10.0,0.15
10,2,Shannen Doherty,percent,0.09090909090909091,0.01422117295551188,0.00923502940924412,1.461694161606893e-11,0.04789450698603854,0.0478945069714216,5.185616551143194,1165.7218371458016,0.971434864288168,0.0025,0.0030211536294308334,True,11,True,1200,10.0,0.15
10,3,Aiden Turner,percent,0.09852216748768473,0.016838258086011762,0.018703046397752103,3.2462644168892694e-10,0.09836108020686499,0.09836107988223855,5.258812868110711,1179.9748685315774,0.9833123904429811,0.87,0.9009680354979379,True,10,False,1200,10.0,0.15
10,3,Buzz Aldrin,percent,0.06403940886699508,0.007635113435540057,0.005319866341726879,1.1119055528063708e-18,0.028680057367696826,0.028680057367696826,5.390110468061251,1179.9748685315774,0.9833123904429811,0.87,0.9009680354979379,True,10,True,1200,10.0,0.15
10,3,Chad Ochocinco,percent,0.09852216748768473,0.06555811784974143,0.06742760057534676,0.0014311206000323475,0.22103995292384193,0.2196088323238096,3.2569092410335885,1179.9748685315774,0.9833123904429811,0.87,0.9009680354979379,True,10,False,1200,10.0,0.15
10,3,Erin Andrews,percent,0.11330049261083744,0.2798101632018283,0.28755217681798884,0.08309689687017854,0.5459263774386335,0.46282948056845497,1.6095439657111144,1179.9748685315774,0.9833123904429811,0.87,0.9009680354979379,True,10,False,1200,10.0,0.15
10,3,Evan Lysacek,percent,0.12807881773399016,0.26054841142906476,0.2564698710267425,0.07081544362690584,0.49070958898915845,0.4198941453622526,1.6372001377047993,1179.9748685315774,0.9833123904429811,0.87,0.9009680354979379,True,10,False,1200,10.0,0.15
10,3,Jake Pavelka,percent,0.10344827586206896,0.025887329582397603,0.02558595310466462,1.2260774864702973e-06,0.12031052634478386,0.12030930026729739,4.701978378401156,1179.9748685315774,0.9833123904429811,0.87,0.9009680354979379,True,10,False,1200,10.0,0.15
10,3,Kate Gosselin,percent,0.07389162561576355,0.016142387482464233,0.01731747876291387,1.959017163016157e-09,0.0895555978652896,0.08955559590627245,5.171100599092372,1179.9748685315774,0.9833123904429811,0.87,0.9009680354979379,True,10,False,1200,10.0,0.15
10,3,Nicole Scherzinger,percent,0.11330049261083744,0.27362737552427907,0.2666612095814149,0.0802709548628038,0.5050704405069679,0.42479948564416414,1.5930246970914272,1179.9748685315774,0.9833123904429811,0.87,0.9009680354979379,True,10,False,1200,10.0,0.15
10,3,Niecy Nash,percent,0.10344827586206896,0.034690632584035284,0.03458575174590305,2.0086372545620103e-05,0.14869873614987664,0.14867864977733103,4.298716770791945,1179.9748685315774,0.9833123904429811,0.87,0.9009680354979379,True,10,False,1200,10.0,0.15
10,3,Pamela Anderson,percent,0.10344827586206896,0.019262210824637513,0.020377045645546484,8.594783594983877e-09,0.09664427917568544,0.09664427058090184,4.742568166836104,1179.9748685315774,0.9833123904429811,0.87,0.9009680354979379,True,10,False,1200,10.0,0.15
10,4,Aiden Turner,percent,0.0889487870619946,0.017686928785120612,0.011599539247514598,1.3059602345751239e-08,0.05714393947676392,0.057143926417161574,4.925971560279372,1161.2362866840053,0.9676969055700044,0.2833333333333333,0.31375045646753674,True,9,True,1200,10.0,0.15
10,4,Chad Ochocinco,percent,0.11859838274932614,0.06424709232613482,0.06809137207120323,0.0013465922555445668,0.23098706045674136,0.2296404682011968,3.372484482712175,1161.2362866840053,0.9676969055700044,0.2833333333333333,0.31375045646753674,True,9,False,1200,10.0,0.15
10,4,Erin Andrews,percent,0.10512129380053908,0.29295577294826686,0.291868309794578,0.10219766114056664,0.5300676495170081,0.4278699883764415,1.465964299835371,1161.2362866840053,0.9676969055700044,0.2833333333333333,0.31375045646753674,True,9,False,1200,10.0,0.15
10,4,Evan Lysacek,percent,0.14016172506738545,0.2601583585365511,0.2542187515750983,0.07662715136282017,0.48047354246757124,0.40384639110475107,1.5885720468319002,1161.2362866840053,0.9676969055700044,0.2833333333333333,0.31375045646753674,True,9,False,1200,10.0,0.15
10,4,Jake Pavelka,percent,0.10242587601078167,0.026653453513651792,0.027611420640792618,2.5302515478769496e-06,0.12292184449818681,0.12291931424663893,4.4515950211567725,1161.2362866840053,0.9676969055700044,0.2833333333333333,0.31375045646753674,True,9,False,1200,10.0,0.15
10,4,Kate Gosselin,percent,0.0862533692722372,0.016107709336012563,0.01820750370661975,6.409297941587789e-10,0.10064448029938833,0.10064447965845853,5.527333891903977,1161.2362866840053,0.9676969055700044,0.2833333333333333,0.31375045646753674,True,9,False,1200,10.0,0.15
10,4,Nicole Scherzinger,percent,0.1347708894878706,0.26728208844071477,0.2697096515100281,0.07437021954703495,0.5065276998655137,0.4321574803184788,1.602300383388495,1161.2362866840053,0.9676969055700044,0.2833333333333333,0.31375045646753674,True,9,False,1200,10.0,0.15
10,4,Niecy Nash,percent,0.09703504043126684,0.03617065069604627,0.04040197875466947,5.054208883131881e-05,0.1731461049023908,0.17309556281355948,4.284227751241099,1161.2362866840053,0.9676969055700044,0.2833333333333333,0.31375045646753674,True,9,False,1200,10.0,0.15
10,4,Pamela Anderson,percent,0.12668463611859837,0.01873794541750119,0.018291472699496086,9.384636346420321e-09,0.09238506522846994,0.0923850558438336,5.050441094624598,1161.2362866840053,0.9676969055700044,0.2833333333333333,0.31375045646753674,True,9,False,1200,10.0,0.15
10,5,Chad Ochocinco,percent,0.10404624277456648,0.07084205813431806,0.07160657673199128,0.0014023124595409276,0.21922159141638198,0.21781927895684106,3.0418468114356463,1165.0822853669747,0.9709019044724789,0.8275,0.877392088135839,True,8,False,1200,10.0,0.15
10,5,Erin Andrews,percent,0.12716763005780346,0.29651756424709375,0.295016529718858,0.09484379921246447,0.5432917738747809,0.44844797466231645,1.520072299058543,1165.0822853669747,0.9709019044724789,0.8275,0.877392088135839,True,8,False,1200,10.0,0.15
10,5,Evan Lysacek,percent,0.15606936416184972,0.2671307900744698,0.2769578912139902,0.08458314558900343,0.5115974442122104,0.427014298623207,1.5417966787470911,1165.0822853669747,0.9709019044724789,0.8275,0.877392088135839,True,8,False,1200,10.0,0.15
10,5,Jake Pavelka,percent,0.1329479768786127,0.026447781803273826,0.026464927083320922,4.4274014248704934e-07,0.12483457156687013,0.12483412882672763,4.716786547235644,1165.0822853669747,0.9709019044724789,0.8275,0.877392088135839,True,8,False,1200,10.0,0.15
10,5,Kate Gosselin,percent,0.08670520231213873,0.01714846600022454,0.010672208157407286,3.8773931501196754e-10,0.05647270611698236,0.056472705729243046,5.291071334540644,1165.0822853669747,0.9709019044724789,0.8275,0.877392088135839,True,8,True,1200,10.0,0.15
10,5,Nicole Scherzinger,percent,0.1676300578034682,0.26377329399324223,0.25987094187298526,0.07218437347423357,0.4979884559448695,0.42580408247063595,1.6385150293707027,1165.0822853669747,0.9709019044724789,0.8275,0.877392088135839,True,8,False,1200,10.0,0.15
10,5,Niecy Nash,percent,0.10404624277456648,0.03792124166452091,0.03911724039819085,3.9747982244408176e-05,0.17028788700816663,0.17024813902592223,4.352142051711403,1165.0822853669747,0.9709019044724789,0.8275,0.877392088135839,True,8,False,1200,10.0,0.15
10,5,Pamela Anderson,percent,0.12138728323699421,0.020218804082856777,0.020293684823256657,1.4916624822701787e-08,0.1023714220141546,0.10237140709752977,5.044247200144613,1165.0822853669747,0.9709019044724789,0.8275,0.877392088135839,True,8,False,1200,10.0,0.15
10,6,Chad Ochocinco,percent,0.14832537716633498,0.0662004974455312,0.07143079735740344,0.0011143166825564195,0.21876882513160273,0.2176545084490463,3.0470255054626287,1146.5987870328067,0.9554989891940057,0.6208333333333333,0.6940493013062076,True,7,False,1200,10.0,0.15
10,6,Erin Andrews,percent,0.16267997069846646,0.2828321880872419,0.2872724534634241,0.09631609649684063,0.5262221306344633,0.4299060341376227,1.496504563699126,1146.5987870328067,0.9554989891940057,0.6208333333333333,0.6940493013062076,True,7,False,1200,10.0,0.15
10,6,Evan Lysacek,percent,0.12918703555466454,0.294852177467367,0.2943313375084815,0.09824453486986998,0.5257775560459641,0.42753302117609415,1.4525519852665674,1146.5987870328067,0.9554989891940057,0.6208333333333333,0.6940493013062076,True,7,False,1200,10.0,0.15
10,6,Jake Pavelka,percent,0.1196171470430762,0.028281299897576932,0.018666800135686733,1.024123009491069e-06,0.08217592857258116,0.08217490444957166,4.401959730245885,1146.5987870328067,0.9554989891940057,0.6208333333333333,0.6940493013062076,True,7,True,1200,10.0,0.15
10,6,Nicole Scherzinger,percent,0.17224890226905065,0.2704590257283206,0.26722415394442556,0.07439564689241605,0.49900653481792157,0.4246108879255055,1.588963021100219,1146.5987870328067,0.9554989891940057,0.6208333333333333,0.6940493013062076,True,7,False,1200,10.0,0.15
10,6,Niecy Nash,percent,0.1244013735931173,0.03747683178644968,0.03607458186000588,2.4773169057971688e-05,0.14745816080840715,0.14743338763934918,4.086791675640215,1146.5987870328067,0.9554989891940057,0.6208333333333333,0.6940493013062076,True,7,False,1200,10.0,0.15
10,6,Pamela Anderson,percent,0.1435401936752898,0.019897979587512694,0.024999875730572798,4.2624968155776694e-08,0.13466872698315838,0.1346686843581902,5.38655868736262,1146.5987870328067,0.9554989891940057,0.6208333333333333,0.6940493013062076,True,7,False,1200,10.0,0.15
10,7,Chad Ochocinco,percent,0.16720257234726688,0.06779638483786381,0.07290336382138408,0.001590687828954661,0.23170360585496483,0.23011291802601017,3.156366861519943,1163.2166037485274,0.9693471697904396,0.42833333333333334,0.4745288507232917,True,6,False,1200,10.0,0.15
10,7,Erin Andrews,percent,0.1639871382636656,0.3018059506710556,0.2951373799833975,0.09416462538335497,0.5461516387952113,0.4519870134118564,1.5314409919756358,1163.2166037485274,0.9693471697904396,0.42833333333333334,0.4745288507232917,True,6,False,1200,10.0,0.15
10,7,Evan Lysacek,percent,0.17363344051446947,0.28442490293592587,0.2887428655131777,0.08830738389964525,0.5312414580505719,0.4429340741509266,1.5340034094359385,1163.2166037485274,0.9693471697904396,0.42833333333333334,0.4745288507232917,True,6,False,1200,10.0,0.15
10,7,Nicole Scherzinger,percent,0.17363344051446947,0.28855049558453433,0.29039449984931387,0.09050534014021415,0.5433510530200218,0.4528457128798077,1.55941022885957,1163.2166037485274,0.9693471697904396,0.42833333333333334,0.4745288507232917,True,6,False,1200,10.0,0.15
10,7,Niecy Nash,percent,0.15755627009646303,0.037119314681886714,0.03902919367832281,3.333597095690545e-05,0.159969590719357,0.15993625474840012,4.097757138141694,1163.2166037485274,0.9693471697904396,0.42833333333333334,0.4745288507232917,True,6,False,1200,10.0,0.15
10,7,Pamela Anderson,percent,0.1639871382636656,0.020302951288733672,0.013792697154404156,3.246716094412829e-08,0.06819174460256369,0.06819171213540275,4.9436863352933615,1163.2166037485274,0.9693471697904396,0.42833333333333334,0.4745288507232917,True,6,True,1200,10.0,0.15
10,8,Chad Ochocinco,percent,0.17786561264822134,0.0746290647066319,0.07996754012291969,0.0023111664501261056,0.2508249348904346,0.2485137684403085,3.107644181803467,1137.53310720802,0.9479442560066834,0.7275,0.8060184343396513,True,5,False,1200,10.0,0.15
10,8,Erin Andrews,percent,0.20948616600790515,0.30621811195555965,0.30564852082337757,0.0922053115776192,0.5568329190949021,0.4646276075172829,1.5201319677048417,1137.53310720802,0.9479442560066834,0.7275,0.8060184343396513,True,5,False,1200,10.0,0.15
10,8,Evan Lysacek,percent,0.20948616600790515,0.29517034888792854,0.3043342120342123,0.09260878723782545,0.5596558836989475,0.467047096461122,1.5346469221859818,1137.53310720802,0.9479442560066834,0.7275,0.8060184343396513,True,5,False,1200,10.0,0.15
10,8,Nicole Scherzinger,percent,0.233201581027668,0.28328830975476116,0.2818307698805085,0.09004864729577763,0.510910864372538,0.4208622170767603,1.493310059597604,1137.53310720802,0.9479442560066834,0.7275,0.8060184343396513,True,5,False,1200,10.0,0.15
10,8,Niecy Nash,percent,0.16996047430830039,0.04069416469511882,0.02821895713898192,2.7462122758255596e-05,0.11541049714516875,0.1153830350224105,4.0887034113536975,1137.53310720802,0.9479442560066834,0.7275,0.8060184343396513,True,5,True,1200,10.0,0.15
10,9,Chad Ochocinco,percent,0.23008849557522124,0.07564966074511648,0.057069639121013135,0.0013310693816403073,0.1777051608651396,0.17637409148349928,3.090452362194752,1118.0073598151546,0.9316727998459622,0.88,0.9440234010622554,True,4,True,1200,10.0,0.15
10,9,Erin Andrews,percent,0.24778761061946902,0.32068308224046554,0.32719787026598063,0.12173246249857113,0.5672283795939886,0.4454959170954175,1.3615447899721445,1118.0073598151546,0.9316727998459622,0.88,0.9440234010622554,True,4,False,1200,10.0,0.15
10,9,Evan Lysacek,percent,0.2610619469026549,0.29966033694514954,0.30617743721505636,0.11066477398402186,0.5487349919039463,0.4380702179199244,1.4307676984196922,1118.0073598151546,0.9316727998459622,0.88,0.9440234010622554,True,4,False,1200,10.0,0.15
10,9,Nicole Scherzinger,percent,0.2610619469026549,0.3040069200692685,0.30955505339795014,0.12033127468303086,0.5499851374780976,0.4296538627950668,1.3879678916914113,1118.0073598151546,0.9316727998459622,0.88,0.9440234010622554,True,4,False,1200,10.0,0.15
10,10,Erin Andrews,percent,0.32661232765023673,0.34520018610119546,0.34913866749365,0.12981801487957023,0.5912574251528219,0.46143941027325164,1.3216470462544738,1199.9999999999998,0.9999999999999998,,,False,3,True,1200,10.0,0.15
10,10,Evan Lysacek,percent,0.325268368450467,0.3337940044589816,0.33080029014207196,0.11860442573143995,0.5878050709849817,0.46920064525354177,1.4183761044342673,1199.9999999999998,0.9999999999999998,,,False,3,True,1200,10.0,0.15
10,10,Nicole Scherzinger,percent,0.3481193038992962,0.32100580943982293,0.32006104236427807,0.10852631868298042,0.5696934918408925,0.46116717315791206,1.440868057178225,1199.9999999999998,0.9999999999999998,,,False,3,True,1200,10.0,0.15
11,1,Audrina Patridge,percent,0.08370044052863436,0.023769286055934487,0.02518166534627224,1.394383053384998e-07,0.1237334009257803,0.12373326148747497,4.913429924358307,1184.292516978972,0.9869104308158099,0.5283333333333333,0.5497906203534122,True,12,False,1200,10.0,0.15
11,1,Brandy,percent,0.1013215859030837,0.06129396267356145,0.06542548553722127,0.0006375222089578097,0.20870363731323172,0.20806611510427392,3.1801511787746057,1184.292516978972,0.9869104308158099,0.5283333333333333,0.5497906203534122,True,12,False,1200,10.0,0.15
11,1,Bristol Palin,percent,0.07929515418502203,0.30707824745943896,0.30938099673559577,0.10872523078034743,0.566476947381737,0.4577517166013896,1.4795680467231378,1184.292516978972,0.9869104308158099,0.5283333333333333,0.5497906203534122,True,12,False,1200,10.0,0.15
11,1,David Hasselhoff,percent,0.06607929515418502,0.007963032598442306,0.0050192816937514075,6.828500799277261e-20,0.029662700734989868,0.029662700734989868,5.908572973486753,1184.292516978972,0.9869104308158099,0.5283333333333333,0.5497906203534122,True,12,True,1200,10.0,0.15
11,1,Florence Henderson,percent,0.07929515418502203,0.00901610917196207,0.008711542240865903,6.523124861384046e-17,0.05496631910261186,0.0549663191026118,6.308872609511611,1184.292516978972,0.9869104308158099,0.5283333333333333,0.5497906203534122,True,12,False,1200,10.0,0.15
11,1,Jennifer Grey,percent,0.10572687224669604,0.24975599374928037,0.2492492555981231,0.06552591233227018,0.49279102986229456,0.4272651175300244,1.71420132149803,1184.292516978972,0.9869104308158099,0.5283333333333333,0.5497906203534122,True,12,False,1200,10.0,0.15
11,1,Kurt Warner,percent,0.08370044052863436,0.0345156869661706,0.03475121393039503,2.3839085009867736e-05,0.14770465731691892,0.14768081823190907,4.2495369799373925,1184.292516978972,0.9869104308158099,0.5283333333333333,0.5497906203534122,True,12,False,1200,10.0,0.15
11,1,Kyle Massey,percent,0.1013215859030837,0.24637709321071724,0.2380652098412689,0.06101688976929998,0.4683012162804398,0.4072843265111398,1.7108027501370204,1184.292516978972,0.9869104308158099,0.5283333333333333,0.5497906203534122,True,12,False,1200,10.0,0.15
11,1,Margaret Cho,percent,0.06607929515418502,0.012434582604725929,0.012252994089002468,2.576723303790309e-12,0.0613789382626766,0.06137893826009987,5.008892432483327,1184.292516978972,0.9869104308158099,0.5283333333333333,0.5497906203534122,True,12,False,1200,10.0,0.15
11,1,Michael Bolton,percent,0.07048458149779736,0.008847471656240734,0.008603747555099177,9.467579134886519e-17,0.04410020257520967,0.04410020257520957,5.125101264484602,1184.292516978972,0.9869104308158099,0.5283333333333333,0.5497906203534122,True,12,False,1200,10.0,0.15
11,1,Rick Fox,percent,0.09691629955947137,0.02154094658786962,0.024249952290997696,8.302431009792551e-08,0.11425744202729729,0.1142573590029872,4.711458652508305,1184.292516978972,0.9869104308158099,0.5283333333333333,0.5497906203534122,True,12,False,1200,10.0,0.15
11,1,The Situation,percent,0.06607929515418502,0.0174075872656562,0.01910865514140695,5.26667892414678e-09,0.10630922334087266,0.10630921807419373,5.56311546637187,1184.292516978972,0.9869104308158099,0.5283333333333333,0.5497906203534122,True,12,False,1200,10.0,0.15
11,2,Audrina Patridge,percent,0.10407239819004525,0.02323629356948569,0.021690908098220232,2.2286551816026144e-07,0.10476750474230251,0.10476728187678434,4.829786360996994,1183.0165418726172,0.985847118227181,0.9158333333333334,0.9424284403180103,True,11,False,1200,10.0,0.15
11,2,Brandy,percent,0.09502262443438914,0.06377785617468658,0.06808662567790214,0.0008282177545834728,0.2287876455756156,0.22795942782103212,3.3480302118247667,1183.0165418726172,0.985847118227181,0.9158333333333334,0.9424284403180103,True,11,False,1200,10.0,0.15
11,2,Bristol Palin,percent,0.09954751131221719,0.3002764703437921,0.3087924022357631,0.10533748370780693,0.5731458256068556,0.46780834189904863,1.5149557552459556,1183.0165418726172,0.985847118227181,0.9158333333333334,0.9424284403180103,True,11,False,1200,10.0,0.15
11,2,Florence Henderson,percent,0.08597285067873303,0.009100918459544723,0.010618779597425484,1.0783041388009658e-16,0.0670106572348028,0.06701065723480269,6.309985684735666,1183.0165418726172,0.985847118227181,0.9158333333333334,0.9424284403180103,True,11,False,1200,10.0,0.15
11,2,Jennifer Grey,percent,0.1085972850678733,0.2543611209214096,0.2470722696813213,0.07018503037670105,0.48645395001620445,0.4162689196395034,1.6847994935931885,1183.0165418726172,0.985847118227181,0.9158333333333334,0.9424284403180103,True,11,False,1200,10.0,0.15
11,2,Kurt Warner,percent,0.09502262443438914,0.034463796257798225,0.034881788188037444,5.3259994060275846e-06,0.15120969965544753,0.1512043736560415,4.33464128042078,1183.0165418726172,0.985847118227181,0.9158333333333334,0.9424284403180103,True,11,False,1200,10.0,0.15
11,2,Kyle Massey,percent,0.09954751131221719,0.25366152948829307,0.2511054246467488,0.07029447896886962,0.4873626064656144,0.4170681274967448,1.6609217708526076,1183.0165418726172,0.985847118227181,0.9158333333333334,0.9424284403180103,True,11,False,1200,10.0,0.15
11,2,Margaret Cho,percent,0.08144796380090498,0.01229889212713514,0.012532647701254559,7.123069486269543e-13,0.0735899089770816,0.0735899089763693,5.871388021302314,1183.0165418726172,0.985847118227181,0.9158333333333334,0.9424284403180103,True,11,False,1200,10.0,0.15
11,2,Michael Bolton,percent,0.05429864253393665,0.009421455303412391,0.005956054014695934,3.2380597379836254e-15,0.03197451741441585,0.03197451741441261,5.367505034456983,1183.0165418726172,0.985847118227181,0.9158333333333334,0.9424284403180103,True,11,True,1200,10.0,0.15
11,2,Rick Fox,percent,0.09502262443438914,0.02218403771783306,0.022030101199211467,2.8344927395460396e-08,0.10307869871970209,0.1030786703747747,4.678779759700077,1183.0165418726172,0.985847118227181,0.9158333333333334,0.9424284403180103,True,11,False,1200,10.0,0.15
11,2,The Situation,percent,0.08144796380090498,0.0172176296366094,0.017232998959419456,4.1521426103702075e-09,0.09545484199153687,0.09545483783939425,5.538751514617112,1183.0165418726172,0.985847118227181,0.9158333333333334,0.9424284403180103,True,11,False,1200,10.0,0.15
11,3,Audrina Patridge,percent,0.11764705882352941,0.022668438678971312,0.02424425117813254,1.6319193116579483e-07,0.11935956292323095,0.11935939973129979,4.9230011623452805,1174.4409188607137,0.9787007657172615,0.7783333333333333,0.8202111608261704,True,10,False,1200,10.0,0.15
11,3,Brandy,percent,0.1085972850678733,0.06221923550108314,0.06545915027262784,0.0009506250748770054,0.22966577342793518,0.22871514835305817,3.4939600260694084,1174.4409188607137,0.9787007657172615,0.7783333333333333,0.8202111608261704,True,10,False,1200,10.0,0.15
11,3,Bristol Palin,percent,0.08597285067873303,0.31215024585477097,0.3098782705144309,0.10337283953072152,0.5409744284970821,0.4376015889663606,1.4121679976847041,1174.4409188607137,0.9787007657172615,0.7783333333333333,0.8202111608261704,True,10,False,1200,10.0,0.15
11,3,Florence Henderson,percent,0.09049773755656108,0.009068508244144154,0.009365432578639591,2.845419786360058e-17,0.05343501826374206,0.05343501826374203,5.704948796151276,1174.4409188607137,0.9787007657172615,0.7783333333333333,0.8202111608261704,True,10,False,1200,10.0,0.15
11,3,Jennifer Grey,percent,0.1085972850678733,0.2561529115290688,0.25588189444945575,0.07376834091927997,0.48724048521573826,0.4134721442964583,1.6158647305677207,1174.4409188607137,0.9787007657172615,0.7783333333333333,0.8202111608261704,True,10,False,1200,10.0,0.15
11,3,Kurt Warner,percent,0.10407239819004525,0.03397940778864595,0.03523234626905873,1.1037886625831123e-05,0.14405936871588793,0.1440483308292621,4.08840902391842,1174.4409188607137,0.9787007657172615,0.7783333333333333,0.8202111608261704,True,10,False,1200,10.0,0.15
11,3,Kyle Massey,percent,0.10407239819004525,0.2527581893643156,0.25338627222956733,0.06468055740230992,0.509562326622663,0.44488176922035305,1.7557384208994242,1174.4409188607137,0.9787007657172615,0.7783333333333333,0.8202111608261704,True,10,False,1200,10.0,0.15
11,3,Margaret Cho,percent,0.08144796380090498,0.012385528950082712,0.007832189770637668,2.3534897777624005e-12,0.04421625749945829,0.0442162574971048,5.644732068517897,1174.4409188607137,0.9787007657172615,0.7783333333333333,0.8202111608261704,True,10,True,1200,10.0,0.15
11,3,Rick Fox,percent,0.1085972850678733,0.021641898143302543,0.02142374497207585,6.33205007994499e-08,0.10403759028352237,0.10403752696302157,4.855951709045774,1174.4409188607137,0.9787007657172615,0.7783333333333333,0.8202111608261704,True,10,False,1200,10.0,0.15
11,3,The Situation,percent,0.09049773755656108,0.016975635945614867,0.01729644776537384,1.4792712685754557e-09,0.086204927639604,0.08620492616033272,4.983678940941703,1174.4409188607137,0.9787007657172615,0.7783333333333333,0.8202111608261704,True,10,False,1200,10.0,0.15
11,4,Audrina Patridge,percent,0.12849162011173185,0.023253623144121882,0.022491911120243034,1.5336415510834404e-07,0.10881316747237889,0.10881301410822378,4.837658119330534,1161.9925623396584,0.9683271352830487,0.7708333333333334,0.82938033296788,True,9,False,1200,10.0,0.15
11,4,Brandy,percent,0.1340782122905028,0.0616766864707346,0.06343278276861844,0.0006866174712108016,0.22746703667348464,0.22678041920227385,3.5750732386476125,1161.9925623396584,0.9683271352830487,0.7708333333333334,0.82938033296788,True,9,False,1200,10.0,0.15
11,4,Bristol Palin,percent,0.0893854748603352,0.3258251639608713,0.3264235685226604,0.1133470509115673,0.5756250262640477,0.4622779753524804,1.4161862185946001,1161.9925623396584,0.9683271352830487,0.7708333333333334,0.82938033296788,True,9,False,1200,10.0,0.15
11,4,Florence Henderson,percent,0.09776536312849161,0.009380793069742422,0.010812171101091518,2.997731656960211e-15,0.06339922568539558,0.06339922568539258,5.863148293195217,1161.9925623396584,0.9683271352830487,0.7708333333333334,0.82938033296788,True,9,False,1200,10.0,0.15
11,4,Jennifer Grey,percent,0.1564245810055866,0.24098417636546834,0.24476439384252108,0.06617000349656071,0.47818645304147284,0.4120164495449121,1.6833116931962948,1161.9925623396584,0.9683271352830487,0.7708333333333334,0.82938033296788,True,9,False,1200,10.0,0.15
11,4,Kurt Warner,percent,0.09497206703910614,0.03652176129579844,0.03695600773258284,3.751386961559043e-05,0.15202654739005522,0.15198903352043963,4.112590354181726,1161.9925623396584,0.9683271352830487,0.7708333333333334,0.82938033296788,True,9,False,1200,10.0,0.15
11,4,Kyle Massey,percent,0.11173184357541899,0.261222627840242,0.25936890888399117,0.07032847722088352,0.49241035912788167,0.42208188190699814,1.6273355830794678,1161.9925623396584,0.9683271352830487,0.7708333333333334,0.82938033296788,True,9,False,1200,10.0,0.15
11,4,Rick Fox,percent,0.10893854748603352,0.022752925054741812,0.023757531373490993,2.3405744761869732e-07,0.12088441613766397,0.12088418208021635,5.088032596791527,1161.9925623396584,0.9683271352830487,0.7708333333333334,0.82938033296788,True,9,False,1200,10.0,0.15
11,4,The Situation,percent,0.0782122905027933,0.018382242798279103,0.011992724654800621,5.093539872204755e-09,0.06490815571571588,0.06490815062217602,5.411842650247587,1161.9925623396584,0.9683271352830487,0.7708333333333334,0.82938033296788,True,9,True,1200,10.0,0.15
11,5,Audrina Patridge,percent,0.12637362637362637,0.02384448924181886,0.02356311228114733,2.1342688504727024e-07,0.11561666384066668,0.11561645041378163,4.906463228249068,1182.6145138913766,0.9855120949094806,0.86,0.8894918915906537,True,8,False,1200,10.0,0.15
11,5,Brandy,percent,0.14835164835164835,0.060864263550214064,0.05797604873495009,0.0004490423212025876,0.19984758887019638,0.1993985465489938,3.439266932343714,1182.6145138913766,0.9855120949094806,0.86,0.8894918915906537,True,8,False,1200,10.0,0.15
11,5,Bristol Palin,percent,0.0989010989010989,0.3251326497827002,0.3248910441380535,0.10480184262037157,0.5561576151722196,0.45135577255184806,1.3892484617445957,1182.6145138913766,0.9855120949094806,0.86,0.8894918915906537,True,8,False,1200,10.0,0.15
11,5,Florence Henderson,percent,0.11538461538461539,0.009185040216530698,0.00585760887278558,4.142776657958016e-16,0.035333224489644335,0.03533322448964392,6.03099221280565,1182.6145138913766,0.9855120949094806,0.86,0.8894918915906537,True,8,True,1200,10.0,0.15
11,5,Jennifer Grey,percent,0.13736263736263737,0.2571007936643299,0.2595714419598851,0.07307927416632404,0.5136823003464837,0.4406030261801596,1.6974183501661995,1182.6145138913766,0.9855120949094806,0.86,0.8894918915906537,True,8,False,1200,10.0,0.15
11,5,Kurt Warner,percent,0.13186813186813187,0.034182608306716135,0.037740439202229935,1.8110117133686246e-05,0.1643889112497927,0.16437080113265903,4.355181058462319,1182.6145138913766,0.9855120949094806,0.86,0.8894918915906537,True,8,False,1200,10.0,0.15
11,5,Kyle Massey,percent,0.10989010989010989,0.26768711569156,0.26783731009845607,0.07530350100812082,0.5033550534069005,0.4280515523987796,1.5981714947403527,1182.6145138913766,0.9855120949094806,0.86,0.8894918915906537,True,8,False,1200,10.0,0.15
11,5,Rick Fox,percent,0.13186813186813187,0.022003039546130074,0.022562994712492387,3.88122652955358e-08,0.11111666884590461,0.11111663003363932,4.924510550967308,1182.6145138913766,0.9855120949094806,0.86,0.8894918915906537,True,8,False,1200,10.0,0.15
11,6,Audrina Patridge,percent,0.15458892856159417,0.023797156876858544,0.01616383332254039,1.989284612103145e-07,0.07973562097209788,0.07973542204363668,4.932647337133559,1149.73816087672,0.9581151340639333,0.04833333333333333,0.059613453260669844,True,7,True,1200,10.0,0.15
11,6,Brandy,percent,0.1739131484985698,0.061121790295120736,0.0635808103303234,0.0006210593683723362,0.2015294978959892,0.20090843852761686,3.1598414308093354,1149.73816087672,0.9581151340639333,0.04833333333333333,0.059613453260669844,True,7,False,1200,10.0,0.15
11,6,Bristol Palin,percent,0.13526519171803963,0.31835911344839746,0.3231129946907743,0.11858905411611353,0.5742541890980607,0.45566513498194716,1.4102302669311078,1149.73816087672,0.9581151340639333,0.04833333333333333,0.059613453260669844,True,7,False,1200,10.0,0.15
11,6,Jennifer Grey,percent,0.14009709211577043,0.27235332527293893,0.26948221035777775,0.08465534394243825,0.5092677491517177,0.42461240520927945,1.575654396596899,1149.73816087672,0.9581151340639333,0.04833333333333333,0.059613453260669844,True,7,False,1200,10.0,0.15
11,6,Kurt Warner,percent,0.1062800695461289,0.03869138043556196,0.04119598441914474,3.679817202510523e-05,0.16803545699093342,0.16799865881890833,4.077935829226309,1149.73816087672,0.9581151340639333,0.04833333333333333,0.059613453260669844,True,7,False,1200,10.0,0.15
11,6,Kyle Massey,percent,0.14492754323323798,0.2629252216524193,0.2643236894653811,0.07878478864170961,0.4887492931215264,0.40996450447981675,1.55098831406557,1149.73816087672,0.9581151340639333,0.04833333333333333,0.059613453260669844,True,7,False,1200,10.0,0.15
11,6,Rick Fox,percent,0.14492802632665908,0.022752012018703038,0.02214047741405938,9.330180179159537e-08,0.11005058234290256,0.11005048904110076,4.970331788755026,1149.73816087672,0.9581151340639333,0.04833333333333333,0.059613453260669844,True,7,False,1200,10.0,0.15
11,7,Brandy,percent,0.1750599520383693,0.0659797578950041,0.0720321066647539,0.0012667448344605282,0.24010264804556075,0.23883590321110024,3.3156407417308245,1151.1206047635908,0.9592671706363256,0.665,0.7301433299451289,True,6,False,1200,10.0,0.15
11,7,Bristol Palin,percent,0.15587529976019185,0.32836315040367714,0.3242337943030112,0.11733745851577915,0.5704022017155926,0.4530647431998135,1.3973353605486438,1151.1206047635908,0.9592671706363256,0.665,0.7301433299451289,True,6,False,1200,10.0,0.15
11,7,Jennifer Grey,percent,0.1750599520383693,0.27163475974394036,0.2678533022741131,0.08637504373371012,0.5078375180666357,0.42146247433292555,1.5734765906489532,1151.1206047635908,0.9592671706363256,0.665,0.7301433299451289,True,6,False,1200,10.0,0.15
11,7,Kurt Warner,percent,0.16786570743405277,0.03625887331012549,0.041045065545250115,1.9559194425962316e-05,0.1641608299600169,0.16414127076559096,3.9989526056922045,1151.1206047635908,0.9592671706363256,0.665,0.7301433299451289,True,6,False,1200,10.0,0.15
11,7,Kyle Massey,percent,0.1606714628297362,0.2742926213776038,0.27986445118111514,0.0840219233378385,0.5258075462459046,0.4417856229080661,1.5785643459869731,1151.1206047635908,0.9592671706363256,0.665,0.7301433299451289,True,6,False,1200,10.0,0.15
11,7,Rick Fox,percent,0.16546762589928057,0.02347083726964911,0.01497128003175614,9.858673373855935e-08,0.07646102041902268,0.07646092183228895,5.106832203920557,1151.1206047635908,0.9592671706363256,0.665,0.7301433299451289,True,6,True,1200,10.0,0.15
11,8,Brandy,percent,0.21509433962264152,0.06686838915129857,0.07346809227417035,0.0008809430921899107,0.23690157017491892,0.236020627082729,3.2125158999100245,1143.7153038522968,0.9530960865435806,0.8216666666666667,0.885506632456426,True,5,False,1200,10.0,0.15
11,8,Bristol Palin,percent,0.17735849056603772,0.3475483638994187,0.3532545955279684,0.14276940058241458,0.6028898785764081,0.46012047799399347,1.3025143375473136,1143.7153038522968,0.9530960865435806,0.8216666666666667,0.885506632456426,True,5,False,1200,10.0,0.15
11,8,Jennifer Grey,percent,0.21509433962264152,0.27529320205269553,0.2757245252409483,0.09434758195639582,0.5210448707925303,0.42669728883613445,1.5475436612669664,1143.7153038522968,0.9530960865435806,0.8216666666666667,0.885506632456426,True,5,False,1200,10.0,0.15
11,8,Kurt Warner,percent,0.1811320754716981,0.039122321378533144,0.025777752154293128,2.5825428840152887e-05,0.103942418323803,0.10391659289496284,4.031094766456988,1143.7153038522968,0.9530960865435806,0.8216666666666667,0.885506632456426,True,5,True,1200,10.0,0.15
11,8,Kyle Massey,percent,0.21132075471698114,0.2711677235180541,0.27177503480261955,0.07750673720778006,0.505510371104998,0.4280036338972179,1.5748394968234063,1143.7153038522968,0.9530960865435806,0.8216666666666667,0.885506632456426,True,5,False,1200,10.0,0.15
11,9,Brandy,percent,0.25,0.07179605241400236,0.05414516354204919,0.0010118185560029167,0.17019004010314548,0.16917822154714257,3.1244729170102885,1113.3907631735706,0.9278256359779755,0.8366666666666667,0.9156630703127566,True,4,True,1200,10.0,0.15
11,9,Bristol Palin,percent,0.2324561403508772,0.35594015084825065,0.35706285227499035,0.14504826679654398,0.5995112215227988,0.4544629547262548,1.2727778290372929,1113.3907631735706,0.9278256359779755,0.8366666666666667,0.9156630703127566,True,4,False,1200,10.0,0.15
11,9,Jennifer Grey,percent,0.2631578947368421,0.28661893210406436,0.2962894637780058,0.0910070261396734,0.5474387872773312,0.4564317611376578,1.5404875179500788,1113.3907631735706,0.9278256359779755,0.8366666666666667,0.9156630703127566,True,4,False,1200,10.0,0.15
11,9,Kyle Massey,percent,0.2543859649122807,0.28564486463368266,0.29250252040495495,0.09767298016142312,0.5385816672740497,0.44090868711262654,1.5073619849163282,1113.3907631735706,0.9278256359779755,0.8366666666666667,0.9156630703127566,True,4,False,1200,10.0,0.15
11,10,Bristol Palin,percent,0.3092368897274451,0.3888456454174248,0.3876467884740514,0.16937735124202982,0.6453109469151973,0.4759335956731675,1.2277474806360875,1199.9999999999998,0.9999999999999998,,,False,3,True,1200,10.0,0.15
11,10,Jennifer Grey,percent,0.36144665408832316,0.29774871342548787,0.3040562137122014,0.09758695263984146,0.5509367835219086,0.4533498308820671,1.4910017274287575,1199.9999999999998,0.9999999999999998,,,False,3,True,1200,10.0,0.15
11,10,Kyle Massey,percent,0.3293164561842318,0.3134056411570873,0.3082969978137469,0.10458209321555319,0.5689533305491474,0.46437123733359426,1.5062414956523216,1199.9999999999998,0.9999999999999998,,,False,3,True,1200,10.0,0.15
12,1,Chelsea Kane,percent,0.10144927536231885,0.25492586848361043,0.2560798341206807,0.07222161808204172,0.5091960051649133,0.4369743870828715,1.7063923920090909,1199.9999999999998,0.9999999999999998,,,False,11,False,1200,10.0,0.15
12,1,Chris Jericho,percent,0.09178743961352658,0.022858948063429935,0.023952902838804548,4.400474101415016e-08,0.11942786247350443,0.11942781846876341,4.985735279651139,1199.9999999999998,0.9999999999999998,,,False,11,False,1200,10.0,0.15
12,1,Hines Ward,percent,0.10144927536231885,0.2508991505406113,0.2524310214207594,0.06741562014030825,0.48849893327675775,0.42108331313644953,1.6681057766224452,1199.9999999999998,0.9999999999999998,,,False,11,False,1200,10.0,0.15
12,1,Kendra Wilkinson,percent,0.08695652173913043,0.03992864643200462,0.03863867709619993,7.490231477317318e-05,0.17189017623689584,0.17181527392212267,4.446602219122066,1199.9999999999998,0.9999999999999998,,,False,11,False,1200,10.0,0.15
12,1,Kirstie Alley,percent,0.1111111111111111,0.2574135859937224,0.2552310092170259,0.06737183074343824,0.4880049943548427,0.42063316361140446,1.64804236311025,1199.9999999999998,0.9999999999999998,,,False,11,False,1200,10.0,0.15
12,1,Mike Catherwood,percent,0.06280193236714976,0.014548333094829566,0.013829610296320894,6.050148555826588e-11,0.08525778525324697,0.08525778519274549,6.164426830493884,1199.9999999999998,0.9999999999999998,,,False,11,False,1200,10.0,0.15
12,1,Petra Nemcova,percent,0.08695652173913043,0.018249061647169197,0.018537259043414682,1.1265661475083126e-09,0.09524828012914906,0.09524827900258291,5.137930092546517,1199.9999999999998,0.9999999999999998,,,False,11,False,1200,10.0,0.15
12,1,Ralph Macchio,percent,0.11594202898550725,0.07159807393473434,0.06896377954622454,0.0015339927678962946,0.22378470037278575,0.22225070760488946,3.2226697318146726,1199.9999999999998,0.9999999999999998,,,False,11,False,1200,10.0,0.15
12,1,Romeo,percent,0.09178743961352658,0.04007340495914637,0.03988861905688082,8.892406827642868e-05,0.16936798181875468,0.16927905775047825,4.243686998090753,1199.9999999999998,0.9999999999999998,,,False,11,False,1200,10.0,0.15
12,1,Sugar Ray Leonard,percent,0.0821256038647343,0.01547666405504633,0.016584938670252354,6.540854553168315e-10,0.09541897046436801,0.09541896981028256,5.753003897296502,1199.9999999999998,0.9999999999999998,,,False,11,False,1200,10.0,0.15
12,1,Wendy Williams,percent,0.06763285024154589,0.014028262795695618,0.015862348693436265,3.3879830167510745e-11,0.09035786117472823,0.0903578611408484,5.696014308645659,1199.9999999999998,0.9999999999999998,,,False,11,False,1200,10.0,0.15
12,2,Chelsea Kane,percent,0.08333333333333333,0.26078085829425285,0.2621743123959229,0.07954119463299644,0.49899791174501984,0.41945671711202337,1.5999092869529326,1170.3255860249708,0.9752713216874757,0.3408333333333333,0.3665224705654095,True,11,False,1200,10.0,0.15
12,2,Chris Jericho,percent,0.10648148148148148,0.021656006288787475,0.022383496782182044,1.2743960856409174e-07,0.11263683547572802,0.11263670803611946,5.031907088739103,1170.3255860249708,0.9752713216874757,0.3408333333333333,0.3665224705654095,True,11,False,1200,10.0,0.15
12,2,Hines Ward,percent,0.10648148148148148,0.24313032873078758,0.24115232717467017,0.06650221992465197,0.47882074049814005,0.41231852057348806,1.7097774490784485,1170.3255860249708,0.9752713216874757,0.3408333333333333,0.3665224705654095,True,11,False,1200,10.0,0.15
12,2,Kendra Wilkinson,percent,0.08796296296296297,0.03905847583775513,0.03935669349436827,3.1373579480520974e-05,0.15291132351836442,0.1528799499388839,3.8843726947759185,1170.3255860249708,0.9752713216874757,0.3408333333333333,0.3665224705654095,True,11,False,1200,10.0,0.15
12,2,Kirstie Alley,percent,0.09259259259259259,0.2635738639642127,0.2654068245411542,0.07723151561478198,0.5127923059782413,0.43556079036345935,1.6411000358277728,1170.3255860249708,0.9752713216874757,0.3408333333333333,0.3665224705654095,True,11,False,1200,10.0,0.15
12,2,Mike Catherwood,percent,0.0787037037037037,0.013743841456724777,0.009223883657670592,5.580375116287822e-11,0.053626076792189316,0.053626076736385565,5.813198163403925,1170.3255860249708,0.9752713216874757,0.3408333333333333,0.3665224705654095,True,11,True,1200,10.0,0.15
12,2,Petra Nemcova,percent,0.08333333333333333,0.018045778133388462,0.019438257902856693,1.4582121230741512e-08,0.10768945590961033,0.1076894413274891,5.539791789668247,1170.3255860249708,0.9752713216874757,0.3408333333333333,0.3665224705654095,True,11,False,1200,10.0,0.15
12,2,Ralph Macchio,percent,0.09722222222222222,0.07334605435171718,0.07085605350467757,0.00214801910185655,0.2271396025675762,0.22499158346571965,3.175288448183455,1170.3255860249708,0.9752713216874757,0.3408333333333333,0.3665224705654095,True,11,False,1200,10.0,0.15
12,2,Romeo,percent,0.10648148148148148,0.037964560197622024,0.04007612944392211,2.0876937891994325e-05,0.15822816170922466,0.15820728477133267,3.9475702717856596,1170.3255860249708,0.9752713216874757,0.3408333333333333,0.3665224705654095,True,11,False,1200,10.0,0.15
12,2,Sugar Ray Leonard,percent,0.0787037037037037,0.015297057285501535,0.018404345715664447,1.5018322444641993e-10,0.09870926334697314,0.09870926319678991,5.363075745585169,1170.3255860249708,0.9752713216874757,0.3408333333333333,0.3665224705654095,True,11,False,1200,10.0,0.15
12,2,Wendy Williams,percent,0.0787037037037037,0.013403175459250379,0.011527675386910559,4.826805693350187e-12,0.06320366567691668,0.06320366567208988,5.48230074582984,1170.3255860249708,0.9752713216874757,0.3408333333333333,0.3665224705654095,True,11,False,1200,10.0,0.15
12,3,Chelsea Kane,percent,0.10747663551401869,0.25650664923011873,0.25509021079309896,0.06871938208557267,0.48551749795347593,0.4167981158679033,1.6339179800513106,1167.5167868832814,0.9729306557360679,0.8533333333333334,0.9006352407808313,True,10,False,1200,10.0,0.15
12,3,Chris Jericho,percent,0.09813084112149532,0.022983693277046323,0.024481561471851522,1.78182069497846e-07,0.11904978825467083,0.11904961007260133,4.862628863792579,1167.5167868832814,0.9729306557360679,0.8533333333333334,0.9006352407808313,True,10,False,1200,10.0,0.15
12,3,Hines Ward,percent,0.11682242990654206,0.24699447355237564,0.24248418550031559,0.06730695039763383,0.4826241395945386,0.41531718919690475,1.7127528361783744,1167.5167868832814,0.9729306557360679,0.8533333333333334,0.9006352407808313,True,10,False,1200,10.0,0.15
12,3,Kendra Wilkinson,percent,0.10747663551401869,0.03883672326128184,0.04047452341078054,4.9348791107048735e-05,0.1586634104187591,0.15861406162765204,3.918764929063416,1167.5167868832814,0.9729306557360679,0.8533333333333334,0.9006352407808313,True,10,False,1200,10.0,0.15
12,3,Kirstie Alley,percent,0.09813084112149532,0.2707887876126107,0.2728815267757493,0.07924201562780138,0.5004912084069256,0.42124919277912426,1.5437015984731792,1167.5167868832814,0.9729306557360679,0.8533333333333334,0.9006352407808313,True,10,False,1200,10.0,0.15
12,3,Petra Nemcova,percent,0.11682242990654206,0.0173660823419483,0.018896399865639023,2.163585815562582e-08,0.10203921660275761,0.10203919496689945,5.3996420508853396,1167.5167868832814,0.9729306557360679,0.8533333333333334,0.9006352407808313,True,10,False,1200,10.0,0.15
12,3,Ralph Macchio,percent,0.09813084112149532,0.0761744736001543,0.07828201739546989,0.0017156844017695496,0.230872874083639,0.22915718968186943,2.9272912223632606,1167.5167868832814,0.9729306557360679,0.8533333333333334,0.9006352407808313,True,10,False,1200,10.0,0.15
12,3,Romeo,percent,0.09345794392523364,0.040735041106287166,0.04175277630773701,9.061161431195465e-05,0.16646827432415542,0.16637766270984347,3.984733296542894,1167.5167868832814,0.9729306557360679,0.8533333333333334,0.9006352407808313,True,10,False,1200,10.0,0.15
12,3,Sugar Ray Leonard,percent,0.09345794392523364,0.015380535308759836,0.016601131716412323,5.007523569298722e-10,0.09305868572364276,0.0930586852228904,5.605225088709279,1167.5167868832814,0.9729306557360679,0.8533333333333334,0.9006352407808313,True,10,False,1200,10.0,0.15
12,3,Wendy Williams,percent,0.07009345794392523,0.014233540709417026,0.009055666762945988,2.6332728653098752e-11,0.049869885610052234,0.049869885583719506,5.506428235579426,1167.5167868832814,0.9729306557360679,0.8533333333333334,0.9006352407808313,True,10,True,1200,10.0,0.15
12,4,Chelsea Kane,percent,0.1262135922330097,0.2551867325571885,0.25555749226347413,0.07403632238135777,0.4867866142066464,0.4127502918252886,1.6150912778110849,1166.8901735949387,0.9724084779957822,0.375,0.4108043336969237,True,9,False,1200,10.0,0.15
12,4,Chris Jericho,percent,0.11165048543689321,0.023146259759434695,0.023886302664239144,3.564439970862118e-07,0.11777233910902446,0.11777198266502738,4.930317345597154,1166.8901735949387,0.9724084779957822,0.375,0.4108043336969237,True,9,False,1200,10.0,0.15
12,4,Hines Ward,percent,0.12135922330097088,0.2540247972627543,0.24899617722262024,0.07490988284391799,0.48842105210887826,0.4135111692649603,1.6607062532891828,1166.8901735949387,0.9724084779957822,0.375,0.4108043336969237,True,9,False,1200,10.0,0.15
12,4,Kendra Wilkinson,percent,0.08737864077669903,0.04231203904772349,0.04377756775907891,7.675190918234724e-05,0.16780900065295998,0.16773224874377762,3.831378168121841,1166.8901735949387,0.9724084779957822,0.375,0.4108043336969237,True,9,False,1200,10.0,0.15
12,4,Kirstie Alley,percent,0.10679611650485436,0.2758191540213535,0.27672486255787787,0.08227767099116151,0.5180632578593105,0.435785586868149,1.5747916831481679,1166.8901735949387,0.9724084779957822,0.375,0.4108043336969237,True,9,False,1200,10.0,0.15
12,4,Petra Nemcova,percent,0.11165048543689321,0.018270743088880784,0.018934115603120513,9.083229068903637e-09,0.10250678821395168,0.1025067791307226,5.413580845201149,1166.8901735949387,0.9724084779957822,0.375,0.4108043336969237,True,9,False,1200,10.0,0.15
12,4,Ralph Macchio,percent,0.12135922330097088,0.07499028247260398,0.07572752178307858,0.0016465050232239724,0.23851540134100294,0.23686889631777897,3.127869008143071,1166.8901735949387,0.9724084779957822,0.375,0.4108043336969237,True,9,False,1200,10.0,0.15
12,4,Romeo,percent,0.11165048543689321,0.04057708333977655,0.04645104638627775,7.513589823397371e-05,0.1849504546336238,0.18487531873538984,3.9799176380311905,1166.8901735949387,0.9724084779957822,0.375,0.4108043336969237,True,9,False,1200,10.0,0.15
12,4,Sugar Ray Leonard,percent,0.10194174757281553,0.015672908450284285,0.009944913760233175,7.885955217568613e-11,0.05358812797343139,0.05358812789457184,5.3879542077705995,1166.8901735949387,0.9724084779957822,0.375,0.4108043336969237,True,9,True,1200,10.0,0.15
12,5,Chelsea Kane,percent,0.13402061855670103,0.2617069860184792,0.255630782744378,0.07781837861721529,0.5010409616825998,0.4232225830653845,1.6555945372746976,1164.1209870223988,0.9701008225186657,0.6216666666666667,0.6735955275079213,True,8,False,1200,10.0,0.15
12,5,Chris Jericho,percent,0.13402061855670103,0.022942451953779055,0.023586325454451374,3.683722084969024e-07,0.12454614145032028,0.12454577307811178,5.280199033952263,1164.1209870223988,0.9701008225186657,0.6216666666666667,0.6735955275079213,True,8,False,1200,10.0,0.15
12,5,Hines Ward,percent,0.13917525773195877,0.2544853243851093,0.2501716442859607,0.07039599903612899,0.4905315326604667,0.4201355336243377,1.6793823914020765,1164.1209870223988,0.9701008225186657,0.6216666666666667,0.6735955275079213,True,8,False,1200,10.0,0.15
12,5,Kendra Wilkinson,percent,0.1134020618556701,0.041582509518937424,0.04772250454425792,5.267140159353141e-05,0.1869620414444237,0.18690937004283015,3.9165055422426858,1164.1209870223988,0.9701008225186657,0.6216666666666667,0.6735955275079213,True,8,False,1200,10.0,0.15
12,5,Kirstie Alley,percent,0.11855670103092783,0.2802620288177823,0.2875839456804272,0.09713301880237159,0.538133537707868,0.4410005189054964,1.533461766790634,1164.1209870223988,0.9701008225186657,0.6216666666666667,0.6735955275079213,True,8,False,1200,10.0,0.15
12,5,Petra Nemcova,percent,0.1134020618556701,0.019004946259506633,0.012046195141047262,5.0322757999410115e-09,0.06273876006522983,0.06273875503295402,5.207747886409695,1164.1209870223988,0.9701008225186657,0.6216666666666667,0.6735955275079213,True,8,True,1200,10.0,0.15
12,5,Ralph Macchio,percent,0.1134020618556701,0.07979595967059509,0.08174938663036865,0.00284643490054953,0.24057617661147213,0.2377297417109226,2.907995319775169,1164.1209870223988,0.9701008225186657,0.6216666666666667,0.6735955275079213,True,8,False,1200,10.0,0.15
12,5,Romeo,percent,0.13402061855670103,0.040219793375811,0.041509215519108814,5.6372205950884475e-05,0.16054954113113884,0.16049316892518795,3.866353544979946,1164.1209870223988,0.9701008225186657,0.6216666666666667,0.6735955275079213,True,8,False,1200,10.0,0.15
12,6,Chelsea Kane,percent,0.15555555555555556,0.2653176395601709,0.26609625734586273,0.07856482889198038,0.4981570134942991,0.41959218460231873,1.5768376900516092,1151.2265814383975,0.9593554845319979,0.7325,0.8008611145422699,True,7,False,1200,10.0,0.15
12,6,Chris Jericho,percent,0.12222222222222222,0.025145606393636145,0.01639923194472503,4.795370886391235e-07,0.07935940775877395,0.07935892822168532,4.838890601618004,1151.2265814383975,0.9593554845319979,0.7325,0.8008611145422699,True,7,True,1200,10.0,0.15
12,6,Hines Ward,percent,0.15,0.264543231207038,0.26275265997566555,0.07300271360773028,0.5085811026078187,0.4355783890000885,1.6577443261510756,1151.2265814383975,0.9593554845319979,0.7325,0.8008611145422699,True,7,False,1200,10.0,0.15
12,6,Kendra Wilkinson,percent,0.1388888888888889,0.0417682052627261,0.040900903109536715,4.224601740713225e-05,0.16242470542357124,0.1623824594061641,3.9700465518999994,1151.2265814383975,0.9593554845319979,0.7325,0.8008611145422699,True,7,False,1200,10.0,0.15
12,6,Kirstie Alley,percent,0.14444444444444443,0.2812496505751493,0.2866231628128294,0.09995517564609614,0.5299993626087864,0.4300441869626903,1.500376600292128,1151.2265814383975,0.9593554845319979,0.7325,0.8008611145422699,True,7,False,1200,10.0,0.15
12,6,Ralph Macchio,percent,0.13333333333333333,0.08120097923152145,0.08602562412291415,0.004047068831383437,0.25268216396783255,0.2486350951364491,2.890210997716257,1151.2265814383975,0.9593554845319979,0.7325,0.8008611145422699,True,7,False,1200,10.0,0.15
12,6,Romeo,percent,0.15555555555555556,0.04077468776975822,0.041202160688466556,9.708479426424339e-05,0.15907611429282328,0.15897902949855905,3.858418306803825,1151.2265814383975,0.9593554845319979,0.7325,0.8008611145422699,True,7,False,1200,10.0,0.15
12,7,Chelsea Kane,percent,0.16976127320954906,0.2755102643289319,0.2773099931610849,0.08535075122733285,0.5168666308972697,0.4315158796699369,1.556072028559204,1125.6247138291064,0.9380205948575887,0.4066666666666667,0.4798322009258913,True,6,False,1200,10.0,0.15
12,7,Hines Ward,percent,0.17506631299734748,0.26781344832030807,0.2713558955876863,0.07782208449497094,0.5051611612664947,0.4273390767715237,1.574822986701782,1125.6247138291064,0.9380205948575887,0.4066666666666667,0.4798322009258913,True,6,False,1200,10.0,0.15
12,7,Kendra Wilkinson,percent,0.16180371352785147,0.04249792879085897,0.02748125383450926,5.0216136717856466e-05,0.10978916762336888,0.10973895148665103,3.993084124303249,1125.6247138291064,0.9380205948575887,0.4066666666666667,0.4798322009258913,True,6,True,1200,10.0,0.15
12,7,Kirstie Alley,percent,0.15915119363395225,0.2917121578447731,0.2952235590724042,0.09894262173631739,0.5170410992185209,0.4180984774822035,1.4162049349683823,1125.6247138291064,0.9380205948575887,0.4066666666666667,0.4798322009258913,True,6,False,1200,10.0,0.15
12,7,Ralph Macchio,percent,0.17506631299734748,0.0790608096371334,0.08213107649433031,0.0036926441989075308,0.23445828227846757,0.23076563807956005,2.8096895625850897,1125.6247138291064,0.9380205948575887,0.4066666666666667,0.4798322009258913,True,6,False,1200,10.0,0.15
12,7,Romeo,percent,0.15915119363395225,0.043405391077994515,0.0464982218499847,0.00010435866459472172,0.19178121608863716,0.19167685742404245,4.122151937131944,1125.6247138291064,0.9380205948575887,0.4066666666666667,0.4798322009258913,True,6,False,1200,10.0,0.15
12,8,Chelsea Kane,percent,0.21153846153846154,0.28428078871057283,0.2792926197070427,0.0913337016108433,0.5023715824717826,0.4110378808609393,1.4717052301161984,1117.668806402845,0.9313906720023707,0.53,0.6251223514753856,True,5,False,1200,10.0,0.15
12,8,Hines Ward,percent,0.2076923076923077,0.28231960779078885,0.29208042769063086,0.0941935992587879,0.5268529694079552,0.43265937014916733,1.4812970943412225,1117.668806402845,0.9313906720023707,0.53,0.6251223514753856,True,5,False,1200,10.0,0.15
12,8,Kirstie Alley,percent,0.20384615384615384,0.2989505667506878,0.29606372918949087,0.10650268559273575,0.5296921488120139,0.42318946321927814,1.4293815557760121,1117.668806402845,0.9313906720023707,0.53,0.6251223514753856,True,5,False,1200,10.0,0.15
12,8,Ralph Macchio,percent,0.17692307692307693,0.08956449746650047,0.10098931252356316,0.004958375842433454,0.28356140981248384,0.2786030339700504,2.7587104842857717,1117.668806402845,0.9313906720023707,0.53,0.6251223514753856,True,5,False,1200,10.0,0.15
12,8,Romeo,percent,0.2,0.044884539281450093,0.03157391088927232,7.940202478438793e-05,0.12095967439180497,0.12088027236702058,3.8283646402337133,1117.668806402845,0.9313906720023707,0.53,0.6251223514753856,True,5,True,1200,10.0,0.15
12,9,Chelsea Kane,percent,0.31063829787234043,0.2673224355507137,0.2687131611320514,0.08030216535703835,0.5113050209521915,0.43100285559515317,1.6039454481274993,1104.0008296035755,0.9200006913363129,0.87,0.9429068621555066,True,4,False,1200,10.0,0.15
12,9,Hines Ward,percent,0.2553191489361702,0.29945593509952806,0.3109208057000909,0.10355120529615101,0.5456266805715204,0.4420754752753694,1.4218220374732635,1104.0008296035755,0.9200006913363129,0.87,0.9429068621555066,True,4,False,1200,10.0,0.15
12,9,Kirstie Alley,percent,0.2297872340425532,0.3336008315020114,0.3464991142571075,0.14316159574881585,0.5847687095259173,0.4416071137771015,1.2744789845853368,1104.0008296035755,0.9200006913363129,0.87,0.9429068621555066,True,4,False,1200,10.0,0.15
12,9,Ralph Macchio,percent,0.20425531914893616,0.09962079784774672,0.07386691891074991,0.003158964597450768,0.21449895026476098,0.21133998566731022,2.861052386255248,1104.0008296035755,0.9200006913363129,0.87,0.9429068621555066,True,4,True,1200,10.0,0.15
12,10,Chelsea Kane,percent,0.33969480071129965,0.3263478985140076,0.3260180964779878,0.1181071931582235,0.5794128224622412,0.46130562930401775,1.414965056610309,1199.9999999999998,0.9999999999999998,,,False,3,True,1200,10.0,0.15
12,10,Hines Ward,percent,0.33969480071129965,0.3211930237010934,0.31994613517745635,0.11215299755421096,0.5692509077663159,0.457097910212105,1.4286669888717054,1199.9999999999998,0.9999999999999998,,,False,3,True,1200,10.0,0.15
12,10,Kirstie Alley,percent,0.32061039857740076,0.352459077784899,0.35403576834455497,0.13429959715315362,0.6026038373819333,0.4683042402287797,1.3227559454305537,1199.9999999999998,0.9999999999999998,,,False,3,True,1200,10.0,0.15
13,1,Carson Kressley,percent,0.07834101382488479,0.01934261226956305,0.020182820004461262,2.3584740602548394e-08,0.10640599656301337,0.10640597297827277,5.271845119246688,1173.0508725168158,0.9775423937640132,0.73,0.7758915597625762,True,12,False,1200,10.0,0.15
13,1,Chaz Bono,percent,0.07834101382488479,0.018900924769683976,0.020173562003364363,3.986254694817833e-09,0.10552520073166469,0.10552519674540999,5.230606579107508,1173.0508725168158,0.9775423937640132,0.73,0.7758915597625762,True,12,False,1200,10.0,0.15
13,1,Chynna Phillips,percent,0.10138248847926268,0.01237078880971292,0.012801947477063721,7.18690386565235e-13,0.07772444000169848,0.07772444000097979,6.070823936458531,1173.0508725168158,0.9775423937640132,0.73,0.7758915597625762,True,12,False,1200,10.0,0.15
13,1,David Arquette,percent,0.08294930875576037,0.024900864999728677,0.024333908950830513,5.279725903323549e-07,0.12509395712251023,0.1250934291499199,5.140493001337103,1173.0508725168158,0.9775423937640132,0.73,0.7758915597625762,True,12,False,1200,10.0,0.15
13,1,Elisabetta Canalis,percent,0.06912442396313365,0.015693482308761438,0.015897870091797967,5.176654817089647e-10,0.09168671773092632,0.09168671721326084,5.766870015534053,1173.0508725168158,0.9775423937640132,0.73,0.7758915597625762,True,12,False,1200,10.0,0.15
13,1,Hope Solo,percent,0.0967741935483871,0.07366944142467287,0.0736970292445549,0.0014220806669455908,0.21996409188114277,0.21854201121419717,2.965371170089245,1173.0508725168158,0.9775423937640132,0.73,0.7758915597625762,True,12,False,1200,10.0,0.15
13,1,J.R. Martinez,percent,0.10138248847926268,0.24996545598282627,0.24298912481622975,0.05939254089876696,0.47575769581038424,0.4163651549116173,1.713506486020816,1173.0508725168158,0.9775423937640132,0.73,0.7758915597625762,True,12,False,1200,10.0,0.15
13,1,Kristin Cavallari,percent,0.08755760368663594,0.019557315491844886,0.019417584931656517,8.672236788603422e-09,0.10427236928813721,0.10427236061590042,5.369719831948918,1173.0508725168158,0.9775423937640132,0.73,0.7758915597625762,True,12,False,1200,10.0,0.15
13,1,Metta World Peace (Ron),percent,0.06451612903225806,0.012678213607440607,0.008716170569655598,1.584251072953216e-12,0.04916512441383134,0.04916512441224709,5.640032395762738,1173.0508725168158,0.9775423937640132,0.73,0.7758915597625762,True,12,True,1200,10.0,0.15
13,1,Nancy Grace,percent,0.07373271889400922,0.038226598273390526,0.03711767622029216,3.41533637647059e-05,0.14728783027569062,0.14725367691192592,3.9671047544369267,1173.0508725168158,0.9775423937640132,0.73,0.7758915597625762,True,12,False,1200,10.0,0.15
13,1,Ricki Lake,percent,0.09216589861751152,0.26947091591613986,0.2729157942692767,0.09085440140364964,0.5098749047894395,0.4190205033857899,1.5353415846309488,1173.0508725168158,0.9775423937640132,0.73,0.7758915597625762,True,12,False,1200,10.0,0.15
13,1,Rob Kardashian,percent,0.07373271889400922,0.24522338614623493,0.2517565114208167,0.0626665714671051,0.4788428605519865,0.4161762890848814,1.6530839009972425,1173.0508725168158,0.9775423937640132,0.73,0.7758915597625762,True,12,False,1200,10.0,0.15
13,2,Carson Kressley,percent,0.08071748878923767,0.01983413170798251,0.019532226485912102,2.0000017648615303e-08,0.10501783592607972,0.10501781592606207,5.376368108044198,1169.5574896411495,0.9746312413676246,0.010833333333333334,0.012283226479000275,True,11,False,1200,10.0,0.15
13,2,Chaz Bono,percent,0.07623318385650224,0.01958564238738819,0.02211336830708334,6.660440779838474e-09,0.11605995105851938,0.1160599443980786,5.2481690992233325,1169.5574896411495,0.9746312413676246,0.010833333333333334,0.012283226479000275,True,11,False,1200,10.0,0.15
13,2,Chynna Phillips,percent,0.09417040358744394,0.012972952228249244,0.01591493086704287,2.3332685450578105e-11,0.08993096249567349,0.08993096247234081,5.650374032382921,1169.5574896411495,0.9746312413676246,0.010833333333333334,0.012283226479000275,True,11,False,1200,10.0,0.15
13,2,David Arquette,percent,0.08071748878923767,0.02581042717966776,0.026735991071883118,1.2517157092580009e-06,0.1283509275720684,0.12834967585635915,4.800453256362602,1169.5574896411495,0.9746312413676246,0.010833333333333334,0.012283226479000275,True,11,False,1200,10.0,0.15
13,2,Elisabetta Canalis,percent,0.09417040358744394,0.015260961720499816,0.009826128366975008,1.5253836699503466e-10,0.05240797347985006,0.052407973327311695,5.332989594746074,1169.5574896411495,0.9746312413676246,0.010833333333333334,0.012283226479000275,True,11,True,1200,10.0,0.15
13,2,Hope Solo,percent,0.08520179372197309,0.0780475926086198,0.0796629143598733,0.0023827557861309024,0.24407163712140578,0.24168888133527489,3.0338564615777095,1169.5574896411495,0.9746312413676246,0.010833333333333334,0.012283226479000275,True,11,False,1200,10.0,0.15
13,2,J.R. Martinez,percent,0.09865470852017937,0.2593968637909901,0.26005501011969245,0.06898313156850848,0.4995366481633715,0.430553516594863,1.6556184046532822,1169.5574896411495,0.9746312413676246,0.010833333333333334,0.012283226479000275,True,11,False,1200,10.0,0.15
13,2,Kristin Cavallari,percent,0.09865470852017937,0.0196492460412351,0.02118352583835931,8.929542967645495e-09,0.11865388920644758,0.11865388027690461,5.600969367086578,1169.5574896411495,0.9746312413676246,0.010833333333333334,0.012283226479000275,True,11,False,1200,10.0,0.15
13,2,Nancy Grace,percent,0.09417040358744394,0.037576032737815006,0.036766832395894365,1.17458014081387e-05,0.1507035049593994,0.15069175915799127,4.098467310648916,1169.5574896411495,0.9746312413676246,0.010833333333333334,0.012283226479000275,True,11,False,1200,10.0,0.15
13,2,Ricki Lake,percent,0.1031390134529148,0.270816137247304,0.2698944981219441,0.0780649197874683,0.5035091206661001,0.4254442008786318,1.576329371327297,1169.5574896411495,0.9746312413676246,0.010833333333333334,0.012283226479000275,True,11,False,1200,10.0,0.15
13,2,Rob Kardashian,percent,0.09417040358744394,0.24105001235024848,0.23831457406534007,0.0630308047176149,0.485365391425967,0.4223345867083521,1.7721652827966614,1169.5574896411495,0.9746312413676246,0.010833333333333334,0.012283226479000275,True,11,False,1200,10.0,0.15
13,3,Carson Kressley,percent,0.0970464135021097,0.0198346485601513,0.019523852058595276,8.833320061337077e-09,0.10362814548212554,0.10362813664880548,5.307499198345324,1155.402352939638,0.9628352941163649,0.024166666666666666,0.028490795028949217,True,10,False,1200,10.0,0.15
13,3,Chaz Bono,percent,0.0759493670886076,0.020362452227443775,0.02045787774143764,1.6965117780222172e-08,0.10062747135425952,0.10062745438914174,4.918522690290571,1155.402352939638,0.9628352941163649,0.024166666666666666,0.028490795028949217,True,10,False,1200,10.0,0.15
13,3,Chynna Phillips,percent,0.10970464135021098,0.012997434945462101,0.013259613894087424,1.8175509658804643e-11,0.07543154933729636,0.07543154931912086,5.688390441166068,1155.402352939638,0.9628352941163649,0.024166666666666666,0.028490795028949217,True,10,False,1200,10.0,0.15
13,3,David Arquette,percent,0.10126582278481013,0.02555753599986947,0.025779875710398074,3.4331708183563795e-07,0.1263808540926811,0.12638051077559925,4.902103101355351,1155.402352939638,0.9628352941163649,0.024166666666666666,0.028490795028949217,True,10,False,1200,10.0,0.15
13,3,Hope Solo,percent,0.10126582278481013,0.07809801594549003,0.07686397633387856,0.002354809076325031,0.22450413681883027,0.22214932774250523,2.8901241935931226,1155.402352939638,0.9628352941163649,0.024166666666666666,0.028490795028949217,True,10,False,1200,10.0,0.15
13,3,J.R. Martinez,percent,0.10970464135021098,0.2626275335165915,0.26458203292254606,0.0701899808063488,0.5235026271697257,0.4533126463633769,1.7133095851088818,1155.402352939638,0.9628352941163649,0.024166666666666666,0.028490795028949217,True,10,False,1200,10.0,0.15
13,3,Kristin Cavallari,percent,0.10126582278481013,0.02029067437279998,0.012796434664939554,1.7770105278779897e-08,0.06289170032901098,0.0628916825589057,4.914397627768843,1155.402352939638,0.9628352941163649,0.024166666666666666,0.028490795028949217,True,10,True,1200,10.0,0.15
13,3,Nancy Grace,percent,0.08860759493670886,0.0395519045006029,0.04254224541185411,6.398683368800907e-05,0.17408666621817842,0.17402267938449043,4.090489047081521,1155.402352939638,0.9628352941163649,0.024166666666666666,0.028490795028949217,True,10,False,1200,10.0,0.15
13,3,Ricki Lake,percent,0.11392405063291139,0.27435902161863185,0.26880841639317166,0.07910953895952982,0.5111004197269993,0.43199088076746944,1.6070526344048228,1155.402352939638,0.9628352941163649,0.024166666666666666,0.028490795028949217,True,10,False,1200,10.0,0.15
13,3,Rob Kardashian,percent,0.10126582278481013,0.24632077831295704,0.2553856748690916,0.06987304756968504,0.49789569919316173,0.4280226516234767,1.6759787950678182,1155.402352939638,0.9628352941163649,0.024166666666666666,0.028490795028949217,True,10,False,1200,10.0,0.15
13,4,Carson Kressley,percent,0.09569377990430622,0.02110433808465195,0.02461466573622293,1.0559940052522845e-07,0.1263997458606349,0.12639964026123438,5.134926742006911,1173.280345767051,0.9777336214725424,0.23833333333333334,0.2588146367923998,True,9,False,1200,10.0,0.15
13,4,Chaz Bono,percent,0.10047846889952153,0.020392840795379456,0.023453862847798802,3.505586932223197e-08,0.11304797914950025,0.11304794409363093,4.819808362436887,1173.280345767051,0.9777336214725424,0.23833333333333334,0.2588146367923998,True,9,False,1200,10.0,0.15
13,4,Chynna Phillips,percent,0.10047846889952153,0.014086578795492962,0.008745728953285844,2.160527392866197e-11,0.04787367693915133,0.04787367691754606,5.473323475921998,1173.280345767051,0.9777336214725424,0.23833333333333334,0.2588146367923998,True,9,True,1200,10.0,0.15
13,4,David Arquette,percent,0.11004784688995216,0.026556322448328673,0.028811108894436915,1.262676534371894e-06,0.1352279588489937,0.13522669617245933,4.693398066344567,1173.280345767051,0.9777336214725424,0.23833333333333334,0.2588146367923998,True,9,False,1200,10.0,0.15
13,4,Hope Solo,percent,0.11483253588516747,0.08024666989884667,0.07833688493156954,0.0022555903726149892,0.23820327085907897,0.23594768048646397,3.0119230394408945,1173.280345767051,0.9777336214725424,0.23833333333333334,0.2588146367923998,True,9,False,1200,10.0,0.15
13,4,J.R. Martinez,percent,0.12440191387559808,0.2691401323517902,0.26196783804093127,0.07952083262651907,0.5007923487770671,0.42127151615054803,1.6080978153772878,1173.280345767051,0.9777336214725424,0.23833333333333334,0.2588146367923998,True,9,False,1200,10.0,0.15
13,4,Nancy Grace,percent,0.10047846889952153,0.04080164149765683,0.04500200334756597,0.00013798549367024604,0.1699539129504299,0.16981592745675964,3.77343543374743,1173.280345767051,0.9777336214725424,0.23833333333333334,0.2588146367923998,True,9,False,1200,10.0,0.15
13,4,Ricki Lake,percent,0.13875598086124402,0.27457385325990236,0.2680267475633556,0.07782521490869002,0.49469003529380945,0.4168648203851194,1.5553047181675927,1173.280345767051,0.9777336214725424,0.23833333333333334,0.2588146367923998,True,9,False,1200,10.0,0.15
13,4,Rob Kardashian,percent,0.11483253588516747,0.253097622867951,0.2610411596848339,0.07146235215293574,0.5076123465003806,0.43614999434744484,1.6708028882155486,1173.280345767051,0.9777336214725424,0.23833333333333334,0.2588146367923998,True,9,False,1200,10.0,0.15
13,5,Carson Kressley,percent,0.10106382978723404,0.021675357363083812,0.012162749667467913,5.2822073748482737e-08,0.057819360970378895,0.057819308148305146,4.753411548985059,1164.2968253803888,0.9702473544836573,0.7391666666666666,0.7947737243833501,True,8,True,1200,10.0,0.15
13,5,Chaz Bono,percent,0.11170212765957446,0.020659706572180494,0.022495429266092493,3.11733795813331e-08,0.11089900557476973,0.11089897440139014,4.9296256347909155,1164.2968253803888,0.9702473544836573,0.7391666666666666,0.7947737243833501,True,8,False,1200,10.0,0.15
13,5,David Arquette,percent,0.13297872340425532,0.026176895064116662,0.027655237079393213,1.0870664365677945e-06,0.13204177175110973,0.13204068468467317,4.774354671086374,1164.2968253803888,0.9702473544836573,0.7391666666666666,0.7947737243833501,True,8,False,1200,10.0,0.15
13,5,Hope Solo,percent,0.1276595744680851,0.08099238241960333,0.0844281035301005,0.002796131264597647,0.26905588026760485,0.2662597490030072,3.1536488944014525,1164.2968253803888,0.9702473544836573,0.7391666666666666,0.7947737243833501,True,8,False,1200,10.0,0.15
13,5,J.R. Martinez,percent,0.14893617021276595,0.2643013584623305,0.2719375576988803,0.0767151507549946,0.5131197346359059,0.4364045838809113,1.6047911247810087,1164.2968253803888,0.9702473544836573,0.7391666666666666,0.7947737243833501,True,8,False,1200,10.0,0.15
13,5,Nancy Grace,percent,0.11702127659574468,0.040824326952104764,0.04477513729812007,6.581336737866991e-05,0.18229235001949223,0.18222653665211355,4.069724358732578,1164.2968253803888,0.9702473544836573,0.7391666666666666,0.7947737243833501,True,8,False,1200,10.0,0.15
13,5,Ricki Lake,percent,0.1276595744680851,0.2930798789242111,0.2857526749144414,0.09222014886436256,0.5308400828566002,0.43861993399223764,1.5349581562636652,1164.2968253803888,0.9702473544836573,0.7391666666666666,0.7947737243833501,True,8,False,1200,10.0,0.15
13,5,Rob Kardashian,percent,0.13297872340425532,0.2522900942423693,0.25079311054550546,0.07065068109980444,0.4882608639791245,0.41761018287932006,1.665151474135381,1164.2968253803888,0.9702473544836573,0.7391666666666666,0.7947737243833501,True,8,False,1200,10.0,0.15
13,6,Chaz Bono,percent,0.1144578313253012,0.02204981385973069,0.014150574667535222,1.3981962895816819e-08,0.0705256004308709,0.07052558644890801,4.983585792095562,1158.448301994155,0.9653735849951292,0.78,0.8390382532435173,True,7,True,1200,10.0,0.15
13,6,David Arquette,percent,0.13855421686746988,0.027754512123816077,0.029085260344277913,6.422063426318786e-07,0.13518852415891813,0.1351878819525755,4.647826167834284,1158.448301994155,0.9653735849951292,0.78,0.8390382532435173,True,7,False,1200,10.0,0.15
13,6,Hope Solo,percent,0.12048192771084337,0.08847461248163956,0.09271200534807279,0.003463833957384445,0.27823292270658473,0.2747690887492003,2.963652054181974,1158.448301994155,0.9653735849951292,0.78,0.8390382532435173,True,7,False,1200,10.0,0.15
13,6,J.R. Martinez,percent,0.1746987951807229,0.2673017636878173,0.2684142102820344,0.0834317447050554,0.5003767898127205,0.41694504510766506,1.553358487656361,1158.448301994155,0.9653735849951292,0.78,0.8390382532435173,True,7,False,1200,10.0,0.15
13,6,Nancy Grace,percent,0.14457831325301204,0.04111479047773733,0.04419677730931688,3.8356164536269615e-05,0.17046083143749555,0.17042247527295928,3.8559060126544935,1158.448301994155,0.9653735849951292,0.78,0.8390382532435173,True,7,False,1200,10.0,0.15
13,6,Ricki Lake,percent,0.1746987951807229,0.28201248993967726,0.28223036647341937,0.0830965504315344,0.5345054274894988,0.4514088770579644,1.599428450134646,1158.448301994155,0.9653735849951292,0.78,0.8390382532435173,True,7,False,1200,10.0,0.15
13,6,Rob Kardashian,percent,0.13253012048192772,0.2712920174295819,0.2692108055753436,0.07886087383871289,0.5128562434314854,0.4339953695927725,1.6120963516635656,1158.448301994155,0.9653735849951292,0.78,0.8390382532435173,True,7,False,1200,10.0,0.15
13,7,David Arquette,percent,0.16040955631399317,0.027936873149687243,0.018717252271631117,1.7409303619292894e-06,0.08804125269438957,0.08803951176402765,4.703404489181822,1143.3483491456432,0.9527902909547027,0.41083333333333333,0.47226327171511456,True,6,True,1200,10.0,0.15
13,7,Hope Solo,percent,0.17064846416382254,0.08334788977524296,0.08520281192412713,0.0029043463372482314,0.24438379455512887,0.24147944821788064,2.8341390222413394,1143.3483491456432,0.9527902909547027,0.41083333333333333,0.47226327171511456,True,6,False,1200,10.0,0.15
13,7,J.R. Martinez,percent,0.16382252559726962,0.29047319201956634,0.2932218650592677,0.10172366562196078,0.5356249163672739,0.43390125074531316,1.4797660839225852,1143.3483491456432,0.9527902909547027,0.41083333333333333,0.47226327171511456,True,6,False,1200,10.0,0.15
13,7,Nancy Grace,percent,0.15017064846416384,0.04299003880240788,0.04576046540738805,9.741024824633857e-05,0.17521203796387247,0.17511462771562614,3.826683130810632,1143.3483491456432,0.9527902909547027,0.41083333333333333,0.47226327171511456,True,6,False,1200,10.0,0.15
13,7,Ricki Lake,percent,0.18088737201365188,0.2944640162808981,0.2973613119471545,0.09839498092197833,0.5365378212715474,0.438142840349569,1.4734309720709775,1143.3483491456432,0.9527902909547027,0.41083333333333333,0.47226327171511456,True,6,False,1200,10.0,0.15
13,7,Rob Kardashian,percent,0.17406143344709898,0.26078798997219743,0.25973629339043214,0.07536819957354503,0.49616994098646167,0.42080174141291665,1.6201052067651123,1143.3483491456432,0.9527902909547027,0.41083333333333333,0.47226327171511456,True,6,False,1200,10.0,0.15
13,8,Hope Solo,percent,0.20077220077220076,0.08680212850860258,0.09839268072544248,0.004431868525526872,0.2741393634850375,0.26970749495951063,2.7411058613825197,1135.181187105982,0.9459843225883183,0.815,0.8863965540536839,True,5,False,1200,10.0,0.15
13,8,J.R. Martinez,percent,0.23166023166023167,0.27696123811583245,0.27903105004549383,0.08285458099487597,0.5186460604704315,0.4357914794755555,1.561797217934296,1135.181187105982,0.9459843225883183,0.815,0.8863965540536839,True,5,False,1200,10.0,0.15
13,8,Nancy Grace,percent,0.16988416988416988,0.0458756132695442,0.03070773291937202,5.552936036042654e-05,0.11889851182491899,0.11884298246455857,3.870006059077375,1135.181187105982,0.9459843225883183,0.815,0.8863965540536839,True,5,True,1200,10.0,0.15
13,8,Ricki Lake,percent,0.20077220077220076,0.3141030866565495,0.31529602699528053,0.10907646638599074,0.5669754491572312,0.45789898277124047,1.452278149067655,1135.181187105982,0.9459843225883183,0.815,0.8863965540536839,True,5,False,1200,10.0,0.15
13,8,Rob Kardashian,percent,0.1969111969111969,0.27625793344947136,0.2765725093144114,0.08097268566005059,0.5082948838463751,0.42732219818632455,1.5450583074481679,1135.181187105982,0.9459843225883183,0.815,0.8863965540536839,True,5,False,1200,10.0,0.15
13,9,Hope Solo,percent,0.20675023945248716,0.10077166519267254,0.07441387932846562,0.004738856901507868,0.2079234127421698,0.20318455584066192,2.73042915172663,1100.4518912905307,0.9170432427421089,0.8383333333333334,0.9231224142116436,True,4,True,1200,10.0,0.15
13,9,J.R. Martinez,percent,0.2362879168266533,0.32255160417463574,0.33692207395475676,0.12920046297966709,0.5663446572761697,0.4371441942965026,1.2974599488404404,1100.4518912905307,0.9170432427421089,0.8383333333333334,0.9231224142116436,True,4,False,1200,10.0,0.15
13,9,Ricki Lake,percent,0.2827007708893286,0.3052836689135529,0.3076877062895723,0.11859996458732304,0.5353867592288458,0.4167867946415228,1.3545729372636641,1100.4518912905307,0.9170432427421089,0.8383333333333334,0.9231224142116436,True,4,False,1200,10.0,0.15
13,9,Rob Kardashian,percent,0.27426107283153095,0.2713930617191388,0.2809763404272052,0.09109535725120986,0.5142608356094039,0.42316547835819407,1.506048415558359,1100.4518912905307,0.9170432427421089,0.8383333333333334,0.9231224142116436,True,4,False,1200,10.0,0.15
13,10,J.R. Martinez,percent,0.33333293885414844,0.33610626324989173,0.3302511351752746,0.118458492410199,0.5781209734856508,0.4596624810754518,1.3918531694927434,1199.9999999999998,0.9999999999999998,,,False,3,True,1200,10.0,0.15
13,10,Ricki Lake,percent,0.33136133188796163,0.3562431819492681,0.35557107939430155,0.1346853013132418,0.6148044845387179,0.48011918322547614,1.3502724512097073,1199.9999999999998,0.9999999999999998,,,False,3,True,1200,10.0,0.15
13,10,Rob Kardashian,percent,0.33530572925789,0.3076505548008403,0.3141777854304231,0.10164069094710695,0.5462514150813912,0.44461072413428426,1.415151960451977,1199.9999999999998,0.9999999999999998,,,False,3,True,1200,10.0,0.15
14,1,Donald Driver,percent,0.07777777777777778,0.17453194014422282,0.17207117677632316,0.032789027635786464,0.3747475456678413,0.34195851803205485,1.9872969845471715,1199.9999999999998,0.9999999999999998,,,False,12,False,1200,10.0,0.15
14,1,Gavin DeGraw,percent,0.07407407407407407,0.01727729167028271,0.01607207997167063,6.270518818521766e-10,0.0866941495767944,0.08669414894974252,5.393748373214344,1199.9999999999998,0.9999999999999998,,,False,12,False,1200,10.0,0.15
14,1,Gladys Knight,percent,0.08518518518518518,0.010225451840730615,0.010753570427916088,1.516539977843708e-14,0.06490323006518177,0.0649032300651666,6.034943980346679,1199.9999999999998,0.9999999999999998,,,False,12,False,1200,10.0,0.15
14,1,Jack Wagner,percent,0.08518518518518518,0.012423759775134794,0.013162795113167541,8.844389511541641e-13,0.07569712647958358,0.07569712647869914,5.750402967224891,1199.9999999999998,0.9999999999999998,,,False,12,False,1200,10.0,0.15
14,1,Jaleel White,percent,0.0962962962962963,0.022577978544673444,0.02110522029048354,8.803667883761547e-08,0.10651796671688657,0.10651787868020773,5.046752910478952,1199.9999999999998,0.9999999999999998,,,False,12,False,1200,10.0,0.15
14,1,Katherine Jenkins,percent,0.0962962962962963,0.18900469431526865,0.18640313052913493,0.034625359865717444,0.4133405919544638,0.37871523208874636,2.031689056533826,1199.9999999999998,0.9999999999999998,,,False,12,False,1200,10.0,0.15
14,1,Maria Menounos,percent,0.07777777777777778,0.020191784143905957,0.018615660062705743,1.7557977804245224e-08,0.10303976489245288,0.10303974733447507,5.534813816625026,1199.9999999999998,0.9999999999999998,,,False,12,False,1200,10.0,0.15
14,1,Martina Navratilova,percent,0.07407407407407407,0.01112145989219881,0.00992102285928487,1.928453979258288e-13,0.055313725389919875,0.05531372538972703,5.574843575165253,1199.9999999999998,0.9999999999999998,,,False,12,False,1200,10.0,0.15
14,1,Melissa Gilbert,percent,0.07407407407407407,0.18119496681423877,0.18487695590022168,0.030307080545332668,0.4109904503385161,0.38068336979318346,2.059106332821192,1199.9999999999998,0.9999999999999998,,,False,12,False,1200,10.0,0.15
14,1,Roshon Fegan,percent,0.08518518518518518,0.16389914138476847,0.16912840151208453,0.02474731450051185,0.3936335972352508,0.36888628273473895,2.1810890326386065,1199.9999999999998,0.9999999999999998,,,False,12,False,1200,10.0,0.15
14,1,Sherri Sheperd,percent,0.08518518518518518,0.013371204585655369,0.011876830783685823,1.4558754188825576e-11,0.0746385120330924,0.07463851201853364,6.283850425032952,1199.9999999999998,0.9999999999999998,,,False,12,False,1200,10.0,0.15
14,1,William Levy,percent,0.08888888888888889,0.18418032688891978,0.18601315577332178,0.036644146279417006,0.39548729614390404,0.35884314986448707,1.929117428577726,1199.9999999999998,0.9999999999999998,,,False,12,False,1200,10.0,0.15
14,2,Donald Driver,percent,0.08921933085501858,0.17167373376001643,0.17537135417270766,0.029662201260536633,0.3977176490022558,0.36805544774171917,2.0987084850286957,1172.9831517112564,0.9774859597593804,0.7775,0.8231193102746721,True,12,False,1200,10.0,0.15
14,2,Gavin DeGraw,percent,0.07806691449814127,0.01729312845413413,0.017186202105940712,2.2615725597494994e-09,0.09159652893020868,0.09159652666863613,5.329344829021125,1172.9831517112564,0.9774859597593804,0.7775,0.8231193102746721,True,12,False,1200,10.0,0.15
14,2,Gladys Knight,percent,0.07063197026022305,0.010688724336934064,0.01038746513796475,4.2981335350911025e-14,0.06412048862077128,0.0641204886207283,6.172277402789691,1172.9831517112564,0.9774859597593804,0.7775,0.8231193102746721,True,12,False,1200,10.0,0.15
14,2,Jack Wagner,percent,0.07806691449814127,0.01276266703056388,0.012539809516054807,3.915745256290634e-12,0.07025501469298523,0.07025501468906949,5.602111618004297,1172.9831517112564,0.9774859597593804,0.7775,0.8231193102746721,True,12,False,1200,10.0,0.15
14,2,Jaleel White,percent,0.08178438661710037,0.023598611629725354,0.023895390127269933,2.565790732018587e-07,0.11925691763335397,0.11925666105428077,4.990572233677597,1172.9831517112564,0.9774859597593804,0.7775,0.8231193102746721,True,12,False,1200,10.0,0.15
14,2,Katherine Jenkins,percent,0.09665427509293681,0.19079370295923243,0.19109948855341746,0.036299536129045996,0.4304722620132297,0.3941727258841837,2.062646353591097,1172.9831517112564,0.9774859597593804,0.7775,0.8231193102746721,True,12,False,1200,10.0,0.15
14,2,Maria Menounos,percent,0.09293680297397769,0.01968911263582483,0.018705995165217718,7.407219671555735e-09,0.10009573904248686,0.1000957316352672,5.350711364985925,1172.9831517112564,0.9774859597593804,0.7775,0.8231193102746721,True,12,False,1200,10.0,0.15
14,2,Martina Navratilova,percent,0.06319702602230483,0.011525762158882832,0.008054835587999305,2.447205292289062e-13,0.04666312210808581,0.04666312210784109,5.792462072755638,1172.9831517112564,0.9774859597593804,0.7775,0.8231193102746721,True,12,True,1200,10.0,0.15
14,2,Melissa Gilbert,percent,0.07434944237918216,0.18294541095922057,0.1834770023665348,0.029221538295919308,0.41171130965683644,0.3824897713609171,2.0846628283908153,1172.9831517112564,0.9774859597593804,0.7775,0.8231193102746721,True,12,False,1200,10.0,0.15
14,2,Roshon Fegan,percent,0.09665427509293681,0.16120467538220495,0.1621716359082429,0.024284396439734193,0.37087604078771613,0.34659164434798195,2.1371771039356053,1172.9831517112564,0.9774859597593804,0.7775,0.8231193102746721,True,12,False,1200,10.0,0.15
14,2,Sherri Sheperd,percent,0.08550185873605948,0.013499073186389791,0.01330687920611743,1.2578145025947564e-11,0.07968747109426555,0.0796874710816874,5.987991763936082,1172.9831517112564,0.9774859597593804,0.7775,0.8231193102746721,True,12,False,1200,10.0,0.15
14,2,William Levy,percent,0.09293680297397769,0.1843253975068706,0.18380394215253232,0.032875059009645775,0.39920750656972526,0.3663324475600795,1.9930500413643664,1172.9831517112564,0.9774859597593804,0.7775,0.8231193102746721,True,12,False,1200,10.0,0.15
14,3,Donald Driver,percent,0.09285714285714286,0.17414450942523452,0.1732866499646702,0.027777487979199968,0.38467803007745927,0.3569005420982593,2.0595844087621016,1173.7805878182216,0.978150489848518,0.25833333333333336,0.276199404511829,True,11,False,1200,10.0,0.15
14,3,Gavin DeGraw,percent,0.08571428571428572,0.017378216784600307,0.016050343530853224,5.200224122867608e-09,0.08088310247038141,0.08088309727015729,5.0390235007236095,1173.7805878182216,0.978150489848518,0.25833333333333336,0.276199404511829,True,11,False,1200,10.0,0.15
14,3,Gladys Knight,percent,0.08571428571428572,0.01055607687535262,0.010821445269221724,5.314297371332496e-14,0.07196994609825645,0.07196994609820331,6.65006329973142,1173.7805878182216,0.978150489848518,0.25833333333333336,0.276199404511829,True,11,False,1200,10.0,0.15
14,3,Jack Wagner,percent,0.08571428571428572,0.012825463882666527,0.00828693352783539,5.93735921827233e-12,0.04675765194314828,0.04675765193721092,5.641653830858234,1173.7805878182216,0.978150489848518,0.25833333333333336,0.276199404511829,True,11,True,1200,10.0,0.15
14,3,Jaleel White,percent,0.08928571428571429,0.023722830039130987,0.02446808974698595,3.976385298770146e-07,0.11530782603448528,0.1153074283959554,4.712370978579565,1173.7805878182216,0.978150489848518,0.25833333333333336,0.276199404511829,True,11,False,1200,10.0,0.15
14,3,Katherine Jenkins,percent,0.10357142857142858,0.19206033699486316,0.19933317596073796,0.037703211768035254,0.43656132836022593,0.39885811659219067,2.0009519926515367,1173.7805878182216,0.978150489848518,0.25833333333333336,0.276199404511829,True,11,False,1200,10.0,0.15
14,3,Maria Menounos,percent,0.09642857142857143,0.019979309664688524,0.019535159266527907,1.037948540633868e-08,0.09686388051114572,0.09686387013166031,4.958183889175244,1173.7805878182216,0.978150489848518,0.25833333333333336,0.276199404511829,True,11,False,1200,10.0,0.15
14,3,Melissa Gilbert,percent,0.08571428571428572,0.18225341527297223,0.18519078059674,0.03209599871903868,0.39575036773234396,0.3636543690133053,1.9636636563540166,1173.7805878182216,0.978150489848518,0.25833333333333336,0.276199404511829,True,11,False,1200,10.0,0.15
14,3,Roshon Fegan,percent,0.08928571428571429,0.16779060064706472,0.165626042668983,0.02913578493612817,0.37794091713310174,0.34880513219697357,2.1059672779045178,1173.7805878182216,0.978150489848518,0.25833333333333336,0.276199404511829,True,11,False,1200,10.0,0.15
14,3,Sherri Sheperd,percent,0.08571428571428572,0.01380354293587485,0.014949464799321053,1.6948875666952798e-11,0.0744614798509279,0.07446147983397902,4.9805461457867555,1173.7805878182216,0.978150489848518,0.25833333333333336,0.276199404511829,True,11,False,1200,10.0,0.15
14,3,William Levy,percent,0.1,0.18548569747755156,0.1824519146681235,0.031546172052682495,0.39583759643604416,0.36429142438336165,1.9966325287047186,1173.7805878182216,0.978150489848518,0.25833333333333336,0.276199404511829,True,11,False,1200,10.0,0.15
14,4,Donald Driver,percent,0.11587982832618025,0.1706638066317094,0.17098552379501358,0.030622188686477744,0.38593574705214756,0.3553135583656698,2.0780208315810658,1166.526276348051,0.9721052302900425,0.195,0.21224803227141115,True,10,False,1200,10.0,0.15
14,4,Gavin DeGraw,percent,0.09871244635193133,0.01743505073030592,0.016406155015043788,2.219801474384774e-09,0.09033567074903637,0.0903356685292349,5.505870362436739,1166.526276348051,0.9721052302900425,0.195,0.21224803227141115,True,10,False,1200,10.0,0.15
14,4,Gladys Knight,percent,0.08583690987124463,0.01091450265636759,0.0115366219650231,2.74312301809274e-13,0.06818879055390942,0.06818879055363511,5.910125219941594,1166.526276348051,0.9721052302900425,0.195,0.21224803227141115,True,10,False,1200,10.0,0.15
14,4,Jaleel White,percent,0.0944206008583691,0.024242350305718613,0.024772229482498326,1.3607162886163757e-07,0.11341487613264771,0.11341474006101884,4.578116879801382,1166.526276348051,0.9721052302900425,0.195,0.21224803227141115,True,10,False,1200,10.0,0.15
14,4,Katherine Jenkins,percent,0.10300429184549356,0.19890238451458767,0.2070626444509877,0.045151522285701726,0.4309264295352655,0.38577490724956376,1.8630740720922512,1166.526276348051,0.9721052302900425,0.195,0.21224803227141115,True,10,False,1200,10.0,0.15
14,4,Maria Menounos,percent,0.11158798283261803,0.019943544226345658,0.020751084994005842,3.778862200977567e-08,0.10501582749824542,0.10501578970962341,5.060493427043924,1166.526276348051,0.9721052302900425,0.195,0.21224803227141115,True,10,False,1200,10.0,0.15
14,4,Melissa Gilbert,percent,0.0944206008583691,0.18469486203774096,0.1784364630248886,0.03030715987771576,0.3845995767783759,0.35429241690066016,1.9855270910864897,1166.526276348051,0.9721052302900425,0.195,0.21224803227141115,True,10,False,1200,10.0,0.15
14,4,Roshon Fegan,percent,0.11158798283261803,0.16471430505035503,0.16912955830723944,0.026884996345657858,0.39242124850633336,0.36553625216067553,2.161266750486622,1166.526276348051,0.9721052302900425,0.195,0.21224803227141115,True,10,False,1200,10.0,0.15
14,4,Sherri Sheperd,percent,0.09012875536480687,0.014129631743838316,0.009220388662447341,5.279823255276133e-11,0.0539778048799445,0.05397780482714627,5.853544059688366,1166.526276348051,0.9721052302900425,0.195,0.21224803227141115,True,10,True,1200,10.0,0.15
14,4,William Levy,percent,0.0944206008583691,0.1943595621030309,0.1916993303028518,0.0378556347141112,0.4080350223740973,0.3701793876599861,1.9310315588667464,1166.526276348051,0.9721052302900425,0.195,0.21224803227141115,True,10,False,1200,10.0,0.15
14,5,Donald Driver,percent,0.12053571428571429,0.17686350491725913,0.17846754877358892,0.03214727402577845,0.41105489970224673,0.3789076256764683,2.123105882130319,1162.7061466189007,0.9689217888490839,0.7383333333333333,0.7962963747558129,True,9,False,1200,10.0,0.15
14,5,Gavin DeGraw,percent,0.08482142857142858,0.01886975854254012,0.01235940354487706,1.3657910495733528e-08,0.06583055791669315,0.06583054425878265,5.325921926397544,1162.7061466189007,0.9689217888490839,0.7383333333333333,0.7962963747558129,True,9,True,1200,10.0,0.15
14,5,Gladys Knight,percent,0.09821428571428571,0.011108479110344717,0.011130690902530363,1.3831717048610988e-13,0.0733854863852926,0.07338548638515428,6.592483300849911,1162.7061466189007,0.9689217888490839,0.7383333333333333,0.7962963747558129,True,9,False,1200,10.0,0.15
14,5,Jaleel White,percent,0.10714285714285714,0.0246532923651267,0.02690260385217006,6.214620129659429e-07,0.14084214081628615,0.1408415193542732,5.235042863705891,1162.7061466189007,0.9689217888490839,0.7383333333333333,0.7962963747558129,True,9,False,1200,10.0,0.15
14,5,Katherine Jenkins,percent,0.12946428571428573,0.19587574927699092,0.19386829458559077,0.04089101376224986,0.4309245282084143,0.39003351444616446,2.0118374871063955,1162.7061466189007,0.9689217888490839,0.7383333333333333,0.7962963747558129,True,9,False,1200,10.0,0.15
14,5,Maria Menounos,percent,0.12053571428571429,0.02046152533039469,0.02296998800937896,6.303072055738105e-08,0.11514196868439133,0.11514190565367077,5.012492523467375,1162.7061466189007,0.9689217888490839,0.7383333333333333,0.7962963747558129,True,9,False,1200,10.0,0.15
14,5,Melissa Gilbert,percent,0.09375,0.193804604826121,0.18918406196685508,0.03355098100732587,0.423605054416766,0.3900540734094401,2.0617593659576405,1162.7061466189007,0.9689217888490839,0.7383333333333333,0.7962963747558129,True,9,False,1200,10.0,0.15
14,5,Roshon Fegan,percent,0.11607142857142858,0.17076676110120487,0.17372302875858042,0.02984488823803023,0.4005497281465994,0.3707048399085692,2.133871995472357,1162.7061466189007,0.9689217888490839,0.7383333333333333,0.7962963747558129,True,9,False,1200,10.0,0.15
14,5,William Levy,percent,0.12946428571428573,0.1875963245300179,0.19139437960642786,0.044476774900352865,0.42539883567997266,0.3809220607796198,1.9902364496098153,1162.7061466189007,0.9689217888490839,0.7383333333333333,0.7962963747558129,True,9,False,1200,10.0,0.15
14,6,Donald Driver,percent,0.13178291569008133,0.18059607288061788,0.187523814756246,0.03670970992968963,0.4200499946175249,0.38334028468783526,2.0442109764839382,1175.3128200298663,0.9794273500248886,0.8875,0.9229816876666677,True,8,False,1200,10.0,0.15
14,6,Gladys Knight,percent,0.09302350820331683,0.011787671777368348,0.008331247670902635,8.778889437836678e-13,0.04727234516382438,0.04727234516294649,5.673420549898928,1175.3128200298663,0.9794273500248886,0.8875,0.9229816876666677,True,8,True,1200,10.0,0.15
14,6,Jaleel White,percent,0.14341046661754508,0.02374218356847707,0.02258398762826453,3.6342236888029574e-07,0.10873389249735921,0.10873352907499033,4.814416145126115,1175.3128200298663,0.9794273500248886,0.8875,0.9229816876666677,True,8,False,1200,10.0,0.15
14,6,Katherine Jenkins,percent,0.151162813232439,0.1951779226582026,0.192724133974875,0.03779474068531047,0.41910102406224115,0.3813062833769307,1.9784979546395876,1175.3128200298663,0.9794273500248886,0.8875,0.9229816876666677,True,8,False,1200,10.0,0.15
14,6,Maria Menounos,percent,0.11627899765619518,0.021665179769924187,0.02214618508258299,4.92937625577263e-08,0.10687845372316872,0.10687840442940616,4.8258234186816615,1175.3128200298663,0.9794273500248886,0.8875,0.9229816876666677,True,8,False,1200,10.0,0.15
14,6,Melissa Gilbert,percent,0.11627938525414604,0.1927391063669087,0.1995150741821589,0.040940413304846955,0.4257642629757911,0.3848238496709442,1.928786195540308,1175.3128200298663,0.9794273500248886,0.8875,0.9229816876666677,True,8,False,1200,10.0,0.15
14,6,Roshon Fegan,percent,0.10852665104130127,0.18220856034922708,0.17971437808019017,0.0328534868519753,0.4056920172457635,0.37283853039378817,2.074605603463857,1175.3128200298663,0.9794273500248886,0.8875,0.9229816876666677,True,8,False,1200,10.0,0.15
14,6,William Levy,percent,0.13953526230497523,0.19208330262927426,0.1874611786247799,0.03932016657815598,0.41535747943411466,0.3760373128559587,2.005936960802246,1175.3128200298663,0.9794273500248886,0.8875,0.9229816876666677,True,8,False,1200,10.0,0.15
14,7,Donald Driver,percent,0.1444141689373297,0.18223810745526006,0.1840340766875971,0.03348328022574575,0.3963247209817949,0.3628414407560491,1.971588499794412,1144.395576642437,0.9536629805353641,0.7083333333333334,0.7828282698850618,True,7,False,1200,10.0,0.15
14,7,Jaleel White,percent,0.13896457765667575,0.02493471403908712,0.01719897776296103,2.745783305828886e-07,0.07847306690918936,0.07847279233085877,4.562377545617793,1144.395576642437,0.9536629805353641,0.7083333333333334,0.7828282698850618,True,7,True,1200,10.0,0.15
14,7,Katherine Jenkins,percent,0.14713896457765668,0.20477907218174463,0.2049074584371684,0.04133890878798335,0.4162828671026948,0.37494395831471145,1.8298120105651055,1144.395576642437,0.9536629805353641,0.7083333333333334,0.7828282698850618,True,7,False,1200,10.0,0.15
14,7,Maria Menounos,percent,0.1553133514986376,0.02055246105186253,0.021164081818404207,2.1692041716715115e-08,0.11043747091188985,0.11043744921984813,5.217907975381256,1144.395576642437,0.9536629805353641,0.7083333333333334,0.7828282698850618,True,7,False,1200,10.0,0.15
14,7,Melissa Gilbert,percent,0.12806539509536785,0.19487656891400315,0.19387849928845768,0.04067977902555728,0.4093495002550274,0.36866972122947017,1.901540506255157,1144.395576642437,0.9536629805353641,0.7083333333333334,0.7828282698850618,True,7,False,1200,10.0,0.15
14,7,Roshon Fegan,percent,0.14168937329700274,0.1752414096349508,0.18026893005383296,0.037200437263323685,0.3845931915854971,0.3473927543221734,1.9270698902386745,1144.395576642437,0.9536629805353641,0.7083333333333334,0.7828282698850618,True,7,False,1200,10.0,0.15
14,7,William Levy,percent,0.1444141689373297,0.1973776667230915,0.1985479759515785,0.04198233225498008,0.4278914972896376,0.3859091650346575,1.9436472194586982,1144.395576642437,0.9536629805353641,0.7083333333333334,0.7828282698850618,True,7,False,1200,10.0,0.15
14,8,Donald Driver,percent,0.16819571865443425,0.18783904798977946,0.19043800342145084,0.03800566889205116,0.416985659797841,0.3789799909057899,1.9900334705443117,1199.9999999999998,0.9999999999999998,,,False,6,False,1200,10.0,0.15
14,8,Katherine Jenkins,percent,0.16819571865443425,0.21242275549884873,0.21006420981724477,0.04745152638212106,0.42635353121816727,0.3789020048360462,1.8037351599805043,1199.9999999999998,0.9999999999999998,,,False,6,False,1200,10.0,0.15
14,8,Maria Menounos,percent,0.1620795107033639,0.022044517930518714,0.025214051024828286,1.287008679734047e-07,0.11645052790233057,0.11645039920146259,4.618289254572532,1199.9999999999998,0.9999999999999998,,,False,6,False,1200,10.0,0.15
14,8,Melissa Gilbert,percent,0.1559633027522936,0.19894063198432407,0.19948445831132777,0.038928871507294356,0.4211349566613505,0.38220608515405613,1.9159596312908416,1199.9999999999998,0.9999999999999998,,,False,6,True,1200,10.0,0.15
14,8,Roshon Fegan,percent,0.1712538226299694,0.17819977852037674,0.17455044252746915,0.029987112231804374,0.3914983208502511,0.3615112086184467,2.071086915031113,1199.9999999999998,0.9999999999999998,,,False,6,True,1200,10.0,0.15
14,8,William Levy,percent,0.1743119266055046,0.20055326807615215,0.20024883489767878,0.03848327814585987,0.4260003374142928,0.3875170592684329,1.9351679339283432,1199.9999999999998,0.9999999999999998,,,False,6,False,1200,10.0,0.15
14,9,Donald Driver,percent,0.24782608695652175,0.3004885333155344,0.3019381403467277,0.1086567578875129,0.5376632934687788,0.42900653558126595,1.4208377724352734,1159.5803720748377,0.9663169767290314,0.9375,0.9680939186384895,True,4,False,1200,10.0,0.15
14,9,Katherine Jenkins,percent,0.24347826086956523,0.3432899440003269,0.3462493064769083,0.13936428865148695,0.583907137908705,0.444542849257218,1.2838771286022381,1159.5803720748377,0.9663169767290314,0.9375,0.9680939186384895,True,4,False,1200,10.0,0.15
14,9,Maria Menounos,percent,0.2565217391304348,0.03406368639409562,0.023721982426525276,3.879782216614338e-06,0.10799031427480611,0.1079864344925895,4.551975487358921,1159.5803720748377,0.9663169767290314,0.9375,0.9680939186384895,True,4,True,1200,10.0,0.15
14,9,William Levy,percent,0.25217391304347825,0.322157836290043,0.3280905707498393,0.12094973561301646,0.5743649514443527,0.45341521583133626,1.3819776436044215,1159.5803720748377,0.9663169767290314,0.9375,0.9680939186384895,True,4,False,1200,10.0,0.15
14,10,Donald Driver,percent,0.33208930162582334,0.31209816355504805,0.3102415299490055,0.10461090860296851,0.5389802107002808,0.4343693020973123,1.400095925496448,1199.9999999999998,0.9999999999999998,,,False,3,True,1200,10.0,0.15
14,10,Katherine Jenkins,percent,0.3358213967483533,0.3498758979008939,0.35175778897878085,0.1424604652063633,0.5956761759254404,0.4532157107190771,1.2884275387541675,1199.9999999999998,0.9999999999999998,,,False,3,True,1200,10.0,0.15
14,10,William Levy,percent,0.33208930162582334,0.33802593854405805,0.3380006810722138,0.11563966541693466,0.6057133140273286,0.490073648610394,1.4499148260321526,1199.9999999999998,0.9999999999999998,,,False,3,True,1200,10.0,0.15
15,1,Apolo Anton Ohno,percent,0.07956600361663653,0.12150797539364055,0.12296338036845049,0.012144148162071952,0.30829464816860996,0.29615050000653803,2.408425099359283,1178.0657290574345,0.9817214408811954,0.8091666666666667,0.8489342866830408,True,13,False,1200,10.0,0.15
15,1,Bristol Palin,percent,0.0705244122965642,0.015854095554606,0.017377200316520326,7.88603929263947e-11,0.08680283300741162,0.08680283292855123,4.994926479586808,1178.0657290574345,0.9817214408811954,0.8091666666666667,0.8489342866830408,True,13,False,1200,10.0,0.15
15,1,Drew Lachey,percent,0.07775768535262206,0.06552624306762832,0.06559928550379071,0.0007587802300388043,0.2131931917005308,0.212434411470492,3.2383153493778085,1178.0657290574345,0.9817214408811954,0.8091666666666667,0.8489342866830408,True,13,False,1200,10.0,0.15
15,1,Emmitt Smith,percent,0.08860759493670886,0.08024666458099829,0.0785862836589022,0.002876533455311944,0.24045485384354995,0.237578320388238,3.0231140373729617,1178.0657290574345,0.9817214408811954,0.8091666666666667,0.8489342866830408,True,13,False,1200,10.0,0.15
15,1,Gilles Marini,percent,0.0867992766726944,0.10033268355155646,0.102782992060575,0.007137227572382915,0.2895271830508141,0.28238995547843115,2.747411827631745,1178.0657290574345,0.9817214408811954,0.8091666666666667,0.8489342866830408,True,13,False,1200,10.0,0.15
15,1,Helio Castroneves,percent,0.07775768535262206,0.06988733815656806,0.06952450023277607,0.001243966109919937,0.23324517216240018,0.23200120605248023,3.3369225000284,1178.0657290574345,0.9817214408811954,0.8091666666666667,0.8489342866830408,True,13,False,1200,10.0,0.15
15,1,Joey Fatone,percent,0.07414104882459313,0.013141947442803283,0.01234141452496727,5.346913595660149e-12,0.06935934652989692,0.06935934652455,5.619593020818099,1178.0657290574345,0.9817214408811954,0.8091666666666667,0.8489342866830408,True,13,False,1200,10.0,0.15
15,1,Kelly Monaco,percent,0.07775768535262206,0.12899183509032924,0.1347571833308313,0.013829354370553472,0.331888117121607,0.3180587627510535,2.360218540273872,1178.0657290574345,0.9817214408811954,0.8091666666666667,0.8489342866830408,True,13,False,1200,10.0,0.15
15,1,Kirstie Alley,percent,0.06871609403254973,0.11601488376266796,0.11497360579417876,0.008765475883719408,0.306757817798869,0.2979923419151496,2.591810077162597,1178.0657290574345,0.9817214408811954,0.8091666666666667,0.8489342866830408,True,13,False,1200,10.0,0.15
15,1,Melissa Rycroft,percent,0.0759493670886076,0.12511330336230547,0.12715192471916345,0.012214467683641506,0.33667388145538846,0.324459413771747,2.5517259197015316,1178.0657290574345,0.9817214408811954,0.8091666666666667,0.8489342866830408,True,13,False,1200,10.0,0.15
15,1,Pamela Anderson,percent,0.06148282097649186,0.011121427573265459,0.006941586528509419,1.8419673639394907e-14,0.03954466180043563,0.039544661800417207,5.695955194512712,1178.0657290574345,0.9817214408811954,0.8091666666666667,0.8489342866830408,True,13,True,1200,10.0,0.15
15,1,Sabrina Bryan,percent,0.081374321880651,0.01878315293597589,0.016769350709547416,5.719819767575774e-09,0.09268437207429757,0.0926843663544778,5.526680268034721,1178.0657290574345,0.9817214408811954,0.8091666666666667,0.8489342866830408,True,13,False,1200,10.0,0.15
15,1,Shawn Johnson,percent,0.07956600361663653,0.13347844952765509,0.1302312922517876,0.013388415777754837,0.33252155834775027,0.3191331425699954,2.4504916334651625,1178.0657290574345,0.9817214408811954,0.8091666666666667,0.8489342866830408,True,13,False,1200,10.0,0.15
15,2,Apolo Anton Ohno,percent,0.08876811594202899,0.121889673482109,0.12066035161119495,0.011061571804454516,0.3031279871272071,0.2920664153227526,2.4205465248215794,1170.2942324383891,0.9752451936986576,0.14833333333333334,0.16108954758302846,True,12,False,1200,10.0,0.15
15,2,Bristol Palin,percent,0.06521739130434782,0.016453071013469975,0.016585826869857656,1.3726670457646006e-09,0.08494823631381802,0.08494823494115097,5.121427721387917,1170.2942324383891,0.9752451936986576,0.14833333333333334,0.16108954758302846,True,12,False,1200,10.0,0.15
15,2,Drew Lachey,percent,0.08152173913043478,0.06657378501810002,0.06740659294502294,0.0007200056927002949,0.23753217293522408,0.2368121672425238,3.5131378661698514,1170.2942324383891,0.9752451936986576,0.14833333333333334,0.16108954758302846,True,12,False,1200,10.0,0.15
15,2,Emmitt Smith,percent,0.08152173913043478,0.0836257534377162,0.08635813960478342,0.0032933282471771983,0.25915110654296625,0.25585777829578904,2.962718010701639,1170.2942324383891,0.9752451936986576,0.14833333333333334,0.16108954758302846,True,12,False,1200,10.0,0.15
15,2,Gilles Marini,percent,0.09239130434782608,0.10150160835095368,0.10163144588808341,0.005988845674926799,0.27869381095340334,0.27270496527847654,2.6832470959006183,1170.2942324383891,0.9752451936986576,0.14833333333333334,0.16108954758302846,True,12,False,1200,10.0,0.15
15,2,Helio Castroneves,percent,0.08333333333333333,0.07070426945833512,0.0757331674259408,0.0017957364840362048,0.23805260561641273,0.23625686913237653,3.119554583648236,1170.2942324383891,0.9752451936986576,0.14833333333333334,0.16108954758302846,True,12,False,1200,10.0,0.15
15,2,Joey Fatone,percent,0.08152173913043478,0.013239533490962263,0.00820137366898668,4.456816886659098e-12,0.04333364897172046,0.04333364896726365,5.283062039846946,1170.2942324383891,0.9752451936986576,0.14833333333333334,0.16108954758302846,True,12,True,1200,10.0,0.15
15,2,Kelly Monaco,percent,0.07971014492753623,0.13161065270072422,0.1250292980518109,0.011634683375312925,0.3126805450349,0.3010458616595871,2.4077832841351596,1170.2942324383891,0.9752451936986576,0.14833333333333334,0.16108954758302846,True,12,False,1200,10.0,0.15
15,2,Kirstie Alley,percent,0.07608695652173914,0.11687904441946509,0.12033914683475462,0.010939845126462951,0.3187524265931169,0.30781258146665397,2.557854461398718,1170.2942324383891,0.9752451936986576,0.14833333333333334,0.16108954758302846,True,12,False,1200,10.0,0.15
15,2,Melissa Rycroft,percent,0.08514492753623189,0.12550825102151,0.12570239203561018,0.010472391271138254,0.325398928830996,0.3149265375598578,2.5053145540467443,1170.2942324383891,0.9752451936986576,0.14833333333333334,0.16108954758302846,True,12,False,1200,10.0,0.15
15,2,Sabrina Bryan,percent,0.09420289855072464,0.018682956946762537,0.01901783111202323,1.108143927570279e-08,0.09713847019549879,0.09713845911405951,5.107488390948011,1170.2942324383891,0.9752451936986576,0.14833333333333334,0.16108954758302846,True,12,False,1200,10.0,0.15
15,2,Shawn Johnson,percent,0.09057971014492754,0.1333314006598918,0.1333344339519309,0.013646515944254435,0.33032154685320747,0.31667503090895305,2.3750253141495636,1170.2942324383891,0.9752451936986576,0.14833333333333334,0.16108954758302846,True,12,False,1200,10.0,0.15
15,3,Apolo Anton Ohno,percent,0.09172661870503597,0.12493674434527174,0.127613415405754,0.012580235367758808,0.31477818147013636,0.30219794610237755,2.368054934401649,1199.9999999999998,0.9999999999999998,,,False,11,False,1200,10.0,0.15
15,3,Bristol Palin,percent,0.08093525179856115,0.016368349736871263,0.0140010857925177,4.0581120392670044e-10,0.0792209553225928,0.07922095491678159,5.657796709052799,1199.9999999999998,0.9999999999999998,,,False,11,False,1200,10.0,0.15
15,3,Drew Lachey,percent,0.08633093525179857,0.06794319241206491,0.06775018419835502,0.0009793818183773707,0.22692309769148272,0.22594371587310536,3.334904305312367,1199.9999999999998,0.9999999999999998,,,False,11,True,1200,10.0,0.15
15,3,Emmitt Smith,percent,0.08992805755395683,0.08463062504730222,0.08461397821363759,0.0026379288420526337,0.25949667408794286,0.25685874524589025,3.035617932765617,1199.9999999999998,0.9999999999999998,,,False,11,False,1200,10.0,0.15
15,3,Gilles Marini,percent,0.09172661870503597,0.1049247340041667,0.10246470165152628,0.006230616920080765,0.2832675448169378,0.277036927896857,2.7037040046729666,1199.9999999999998,0.9999999999999998,,,False,11,False,1200,10.0,0.15
15,3,Helio Castroneves,percent,0.09172661870503597,0.07155605473301473,0.07095451875876815,0.0014232411626309714,0.2241174215865883,0.2226941804239573,3.1385040137760734,1199.9999999999998,0.9999999999999998,,,False,11,True,1200,10.0,0.15
15,3,Kelly Monaco,percent,0.09712230215827339,0.13041493127423123,0.12942506958111666,0.01273717404062341,0.3334413581952393,0.3207041841546159,2.4778947950174546,1199.9999999999998,0.9999999999999998,,,False,11,False,1200,10.0,0.15
15,3,Kirstie Alley,percent,0.08633093525179857,0.1177760078000062,0.11801306843561934,0.008764733488527023,0.31428270563995614,0.3055179721514291,2.5888267068607966,1199.9999999999998,0.9999999999999998,,,False,11,False,1200,10.0,0.15
15,3,Melissa Rycroft,percent,0.09712230215827339,0.12595954245027088,0.12688658034049544,0.011677128514340494,0.32454499332333475,0.31286786480899426,2.465709125900514,1199.9999999999998,0.9999999999999998,,,False,11,False,1200,10.0,0.15
15,3,Sabrina Bryan,percent,0.09172661870503597,0.019395072479685808,0.019391883623365722,1.8049753022738226e-08,0.11192481400384165,0.11192479595408862,5.771436477824001,1199.9999999999998,0.9999999999999998,,,False,11,False,1200,10.0,0.15
15,3,Shawn Johnson,percent,0.09532374100719425,0.13609474571711427,0.13888551399884413,0.015525197968286634,0.34335522754758796,0.32783002957930135,2.3604165742256997,1199.9999999999998,0.9999999999999998,,,False,11,False,1200,10.0,0.15
15,4,Apolo Anton Ohno,percent,0.10730948678071539,0.1466444536456754,0.14494100086205838,0.019428034517764033,0.34426492775126727,0.32483689323350323,2.2411508831222164,1160.9064383273242,0.9674220319394368,0.745,0.8053607836910641,True,9,False,1200,10.0,0.15
15,4,Bristol Palin,percent,0.09953343701399689,0.019077275696021526,0.012021234374031124,7.70598945373252e-09,0.06977672341457936,0.0697767157085899,5.80397233473609,1160.9064383273242,0.9674220319394368,0.745,0.8053607836910641,True,9,True,1200,10.0,0.15
15,4,Emmitt Smith,percent,0.1119751166407465,0.0978440577549952,0.10210650745174255,0.004974922583251042,0.27702636775942735,0.2720514451761763,2.6643628070614853,1160.9064383273242,0.9674220319394368,0.745,0.8053607836910641,True,9,False,1200,10.0,0.15
15,4,Gilles Marini,percent,0.12286158631415241,0.11875452264266584,0.11970651085640704,0.010861664222553719,0.3239414418542251,0.3130797776316714,2.6153728817168416,1160.9064383273242,0.9674220319394368,0.745,0.8053607836910641,True,9,False,1200,10.0,0.15
15,4,Kelly Monaco,percent,0.1166407465007776,0.15167138792542498,0.15124958236709374,0.019587076345862407,0.3489816996570644,0.32939462331120195,2.1778073059695235,1160.9064383273242,0.9674220319394368,0.745,0.8053607836910641,True,9,False,1200,10.0,0.15
15,4,Kirstie Alley,percent,0.09331259720062209,0.14104976014685688,0.1475712103707651,0.018679350547795164,0.35862158555914786,0.3399422350113527,2.303565381024456,1160.9064383273242,0.9674220319394368,0.745,0.8053607836910641,True,9,False,1200,10.0,0.15
15,4,Melissa Rycroft,percent,0.1150855365474339,0.14702383137224642,0.14762790682049082,0.021564706009965743,0.3593832294413079,0.33781852343134217,2.2882952309747315,1160.9064383273242,0.9674220319394368,0.745,0.8053607836910641,True,9,False,1200,10.0,0.15
15,4,Sabrina Bryan,percent,0.1104199066874028,0.022599884980674147,0.022274741280261554,2.0704766902701604e-07,0.1135566745452518,0.11355646749758277,5.097763799142554,1160.9064383273242,0.9674220319394368,0.745,0.8053607836910641,True,9,False,1200,10.0,0.15
15,4,Shawn Johnson,percent,0.12286158631415241,0.15533482583543956,0.15250130561714956,0.018818411848086993,0.3658994494094904,0.3470810375614034,2.2759068209285656,1160.9064383273242,0.9674220319394368,0.745,0.8053607836910641,True,9,False,1200,10.0,0.15
15,5,Apolo Anton Ohno,percent,0.12710911136107986,0.1465150987421169,0.14859220138629942,0.02057366782268463,0.3689621971171656,0.348388529294481,2.344579200422309,1199.9999999999998,0.9999999999999998,,,False,8,False,1200,10.0,0.15
15,5,Emmitt Smith,percent,0.12598425196850394,0.09909121822741403,0.10017125077047037,0.005452772504309429,0.29634114657722005,0.2908883740729106,2.9038817819860863,1199.9999999999998,0.9999999999999998,,,False,8,False,1200,10.0,0.15
15,5,Gilles Marini,percent,0.12710911136107986,0.12304672931628724,0.12598937532034588,0.011064905783610432,0.33759711226851497,0.32653220648490455,2.591723420576029,1199.9999999999998,0.9999999999999998,,,False,8,False,1200,10.0,0.15
15,5,Kelly Monaco,percent,0.11586051743532058,0.15901295201229385,0.15548371224465013,0.021336243492756556,0.36778790096987646,0.3464516574771199,2.22820399816536,1199.9999999999998,0.9999999999999998,,,False,8,False,1200,10.0,0.15
15,5,Kirstie Alley,percent,0.11811023622047244,0.13928693724579513,0.14269756587398885,0.015556144210091369,0.3579322417417874,0.342376097531696,2.399295994565454,1199.9999999999998,0.9999999999999998,,,False,8,False,1200,10.0,0.15
15,5,Melissa Rycroft,percent,0.12710911136107986,0.14959120626118844,0.14875505834267072,0.017863237795181182,0.3522754445146728,0.3344122067194916,2.2480577291793256,1199.9999999999998,0.9999999999999998,,,False,8,False,1200,10.0,0.15
15,5,Sabrina Bryan,percent,0.13160854893138357,0.0225066847012885,0.024656802560638784,9.534527466812431e-08,0.12510948866381483,0.12510939331854015,5.073825739778292,1199.9999999999998,0.9999999999999998,,,False,8,False,1200,10.0,0.15
15,5,Shawn Johnson,percent,0.12710911136107986,0.16094917349361582,0.1536540335009361,0.02133529553189374,0.3797736249317467,0.358438329399853,2.3327470713653473,1199.9999999999998,0.9999999999999998,,,False,8,False,1200,10.0,0.15
15,6,Apolo Anton Ohno,percent,0.13274336283185842,0.14471713331386615,0.14159476591546688,0.020046788912782863,0.3462686736127681,0.3262218846999852,2.30389575981206,1151.9868954128933,0.9599890795107444,0.5466666666666666,0.6058265908586922,True,8,False,1200,10.0,0.15
15,6,Emmitt Smith,percent,0.1172566371681416,0.10122003047013466,0.1031579261747832,0.005511028606089415,0.28985159377823766,0.28434056517214823,2.756335061983751,1151.9868954128933,0.9599890795107444,0.5466666666666666,0.6058265908586922,True,8,False,1200,10.0,0.15
15,6,Gilles Marini,percent,0.12168141592920353,0.12472346750508048,0.1253973502602643,0.010817326541970285,0.32432945200598734,0.3135121254640171,2.500129585543371,1151.9868954128933,0.9599890795107444,0.5466666666666666,0.6058265908586922,True,8,False,1200,10.0,0.15
15,6,Kelly Monaco,percent,0.11946902654867257,0.15780781819283424,0.15821627136500815,0.02288677499061978,0.3795806707622273,0.3566938957716075,2.2544561203353877,1151.9868954128933,0.9599890795107444,0.5466666666666666,0.6058265908586922,True,8,False,1200,10.0,0.15
15,6,Kirstie Alley,percent,0.12168141592920353,0.13824337764522912,0.14046321202273293,0.018907712998313925,0.3360886868606855,0.31718097386237154,2.2580910062061825,1151.9868954128933,0.9599890795107444,0.5466666666666666,0.6058265908586922,True,8,False,1200,10.0,0.15
15,6,Melissa Rycroft,percent,0.13053097345132744,0.14852232522015463,0.15105974902564107,0.017306118758331088,0.37627970702459,0.3589735882662589,2.3763524977976025,1151.9868954128933,0.9599890795107444,0.5466666666666666,0.6058265908586922,True,8,False,1200,10.0,0.15
15,6,Sabrina Bryan,percent,0.13274336283185842,0.02246576300978353,0.014263979482059607,9.451311432120093e-08,0.07462367668946117,0.07462358217634685,5.231243568923279,1151.9868954128933,0.9599890795107444,0.5466666666666666,0.6058265908586922,True,8,True,1200,10.0,0.15
15,6,Shawn Johnson,percent,0.12389380530973451,0.1623000846429171,0.16584674575404398,0.02347801627060793,0.37075003428750264,0.3472720180168947,2.0939206405126973,1151.9868954128933,0.9599890795107444,0.5466666666666666,0.6058265908586922,True,8,False,1200,10.0,0.15
15,7,Apolo Anton Ohno,percent,0.13636403080504778,0.15350164362551053,0.14925759931414695,0.0192439583958671,0.3616714203892935,0.3424274619934264,2.294189169447543,1199.9999999999998,0.9999999999999998,,,False,7,False,1200,10.0,0.15
15,7,Emmitt Smith,percent,0.14256198261730507,0.10205276677767948,0.09989792959161727,0.00694913669854547,0.28033425682662705,0.2733851201280816,2.7366171113711504,1199.9999999999998,0.9999999999999998,,,False,7,False,1200,10.0,0.15
15,7,Gilles Marini,percent,0.1384293260352406,0.12829274113159522,0.13202224981946686,0.016032750584050216,0.33749031836676174,0.3214575677827115,2.4348557411083553,1199.9999999999998,0.9999999999999998,,,False,7,False,1200,10.0,0.15
15,7,Kelly Monaco,percent,0.14876076087823395,0.15762898870118222,0.1575487341632036,0.02367256686847126,0.36673138716256887,0.3430588202940976,2.177463656896607,1199.9999999999998,0.9999999999999998,,,False,7,False,1200,10.0,0.15
15,7,Kirstie Alley,percent,0.1157024007920684,0.14996574783148514,0.1538255342111859,0.020689192112501094,0.37838600269126277,0.3576968105787617,2.3253258120454414,1199.9999999999998,0.9999999999999998,,,False,7,False,1200,10.0,0.15
15,7,Melissa Rycroft,percent,0.16115707772708432,0.14789156385264235,0.1519729130968439,0.019173762384185198,0.37390911428194157,0.35473535189775635,2.3341858130066355,1199.9999999999998,0.9999999999999998,,,False,7,False,1200,10.0,0.15
15,7,Shawn Johnson,percent,0.15702442114501983,0.16066654807990505,0.15547503980353541,0.02235718480088816,0.3603131111598408,0.33795592635895266,2.173684940689284,1199.9999999999998,0.9999999999999998,,,False,7,False,1200,10.0,0.15
15,8,Apolo Anton Ohno,percent,0.1469193195013584,0.14952646968771707,0.147773647181355,0.015882582957690718,0.3602856718603759,0.3444030889026852,2.330596590631814,1199.9999999999998,0.9999999999999998,,,False,7,False,1200,10.0,0.15
15,8,Emmitt Smith,percent,0.1458037890899821,0.1011256638774563,0.09936006964906142,0.006257373275639743,0.2936359006123993,0.28737852733675956,2.8922648312036783,1199.9999999999998,0.9999999999999998,,,False,7,False,1200,10.0,0.15
15,8,Gilles Marini,percent,0.1469193195013584,0.1255757474775239,0.12433588687761148,0.010734320882529609,0.32825696796670223,0.3175226470841726,2.5537284635147706,1199.9999999999998,0.9999999999999998,,,False,7,True,1200,10.0,0.15
15,8,Kelly Monaco,percent,0.1421801970519487,0.15982828379835184,0.15990448252739017,0.024380661837092338,0.36211212275107313,0.33773146091398076,2.1120693022900627,1199.9999999999998,0.9999999999999998,,,False,7,False,1200,10.0,0.15
15,8,Kirstie Alley,percent,0.127962327890669,0.14550066184411184,0.14710242673636464,0.01767940394030069,0.3556554587808664,0.3379760548405657,2.2975403247830424,1199.9999999999998,0.9999999999999998,,,False,7,True,1200,10.0,0.15
15,8,Melissa Rycroft,percent,0.15054391516549293,0.1513765663587247,0.14926572764150112,0.018985396507401095,0.3642688133424788,0.3452834168350777,2.313197470667116,1199.9999999999998,0.9999999999999998,,,False,7,False,1200,10.0,0.15
15,8,Shawn Johnson,percent,0.13967113179919047,0.16706660695611433,0.17225775938671634,0.026618019438694462,0.38639369988331734,0.3597756804446229,2.0885769857249237,1199.9999999999998,0.9999999999999998,,,False,7,False,1200,10.0,0.15
15,9,Apolo Anton Ohno,percent,0.20291532535175605,0.20503671078170035,0.20957010983416735,0.036098734246546214,0.45806230052801217,0.421963566281466,2.013462478751789,1199.9999999999998,0.9999999999999998,,,False,5,True,1200,10.0,0.15
15,9,Emmitt Smith,percent,0.19148976912716836,0.14205332550720656,0.14023026812417833,0.015352274322294907,0.35276541358972824,0.3374131392674333,2.406119147183676,1199.9999999999998,0.9999999999999998,,,False,5,True,1200,10.0,0.15
15,9,Kelly Monaco,percent,0.19227700484469115,0.22220898646963821,0.2216581977013612,0.05499498708878171,0.44382305582378323,0.38882806873500153,1.7541706943235669,1199.9999999999998,0.9999999999999998,,,False,5,False,1200,10.0,0.15
15,9,Melissa Rycroft,percent,0.20409759737077457,0.2087632020327629,0.20868069551840712,0.04370422056712449,0.4371561270539828,0.39345190648685835,1.8854164736846948,1199.9999999999998,0.9999999999999998,,,False,5,False,1200,10.0,0.15
15,9,Shawn Johnson,percent,0.2092203033056099,0.22193777520869185,0.21986072882188587,0.05131366670684189,0.4560248157150149,0.404711149008173,1.840753055007755,1199.9999999999998,0.9999999999999998,,,False,5,False,1200,10.0,0.15
15,10,Kelly Monaco,percent,0.3331212530739241,0.33289799458328895,0.3288689984341445,0.12273021075096895,0.5833762855312216,0.4606460747802526,1.4006935171147756,1199.9999999999998,0.9999999999999998,,,False,3,True,1200,10.0,0.15
15,10,Melissa Rycroft,percent,0.33566392755094215,0.31961798745077796,0.3259694539426639,0.10927331249876944,0.5760592953182551,0.46678598281948563,1.431988627109101,1199.9999999999998,0.9999999999999998,,,False,3,True,1200,10.0,0.15
15,10,Shawn Johnson,percent,0.3312148193751337,0.3474840179659331,0.3451615476231917,0.13220784556830556,0.5959378428112769,0.46372999724297137,1.3435119205030839,1199.9999999999998,0.9999999999999998,,,False,3,True,1200,10.0,0.15
16,1,Alexandra Raisman,percent,0.09170305676855896,0.2263214307183019,0.2268735547925652,0.04975827666450277,0.4694536867136844,0.41969541004918165,1.8499007543305834,1199.9999999999998,0.9999999999999998,,,False,12,False,1200,10.0,0.15
16,1,Andy Dick,percent,0.07423580786026202,0.015791934897333125,0.014227459754622435,2.190127664645563e-10,0.07250052819961819,0.07250052798060543,5.095458625242412,1199.9999999999998,0.9999999999999998,,,False,12,False,1200,10.0,0.15
16,1,D. L. Hughley,percent,0.05240174672489083,0.011526962073895083,0.011692979936416995,9.56070150356539e-13,0.06999101845390579,0.06999101845294972,5.985217935511081,1199.9999999999998,0.9999999999999998,,,False,12,False,1200,10.0,0.15
16,1,Dorothy Hamill,percent,0.09170305676855896,0.007357627057509648,0.007791066438329302,1.8900571765778557e-19,0.048981487999484014,0.048981487999484014,6.286071658545322,1199.9999999999998,0.9999999999999998,,,False,12,False,1200,10.0,0.15
16,1,Ingo Rademacher,percent,0.08733624454148471,0.023779622581737048,0.02044878898345299,7.288657834054683e-08,0.10818555123490997,0.10818547834833163,5.290298028789942,1199.9999999999998,0.9999999999999998,,,False,12,False,1200,10.0,0.15
16,1,Jacoby Jones,percent,0.08733624454148471,0.22134839737300985,0.23033779134264487,0.05492563896627311,0.4762077194835245,0.4212820805172514,1.828967140365711,1199.9999999999998,0.9999999999999998,,,False,12,False,1200,10.0,0.15
16,1,Kellie Pickler,percent,0.09170305676855896,0.2339599960268642,0.23277585690293925,0.061761734149934876,0.47206311181546307,0.4103013776655282,1.7626381897432837,1199.9999999999998,0.9999999999999998,,,False,12,False,1200,10.0,0.15
16,1,Lisa Vanderpump,percent,0.07860262008733625,0.009834301378211901,0.009488900597594871,6.676970712701624e-15,0.05817568673076731,0.05817568673076064,6.130273561085007,1199.9999999999998,0.9999999999999998,,,False,12,False,1200,10.0,0.15
16,1,Sean Lowe,percent,0.08296943231441048,0.02791622511761023,0.027292149318684233,1.904403064446088e-06,0.12398814139979623,0.1239862369967318,4.542760366311183,1199.9999999999998,0.9999999999999998,,,False,12,False,1200,10.0,0.15
16,1,Victor Ortiz,percent,0.07860262008733625,0.01743658980139017,0.018027208355994903,1.0732879251709347e-09,0.09678142272350984,0.09678142165022191,5.368332767134859,1199.9999999999998,0.9999999999999998,,,False,12,False,1200,10.0,0.15
16,1,Wynonna Judd,percent,0.07860262008733625,0.010363946215234702,0.009605074116761356,3.0137367383764802e-15,0.059068810899849916,0.059068810899846905,6.149110467176126,1199.9999999999998,0.9999999999999998,,,False,12,False,1200,10.0,0.15
16,1,Zendaya,percent,0.10480349344978165,0.19436296675890224,0.19143916945999387,0.03511286195474308,0.4053706143049119,0.37025775235016883,1.9340651097132637,1199.9999999999998,0.9999999999999998,,,False,12,False,1200,10.0,0.15
16,2,Alexandra Raisman,percent,0.09836065573770492,0.22624952715490496,0.2300416309004549,0.06224792310342922,0.46355222411400687,0.4013043010105777,1.7444779667131867,1180.4450725349461,0.9837042271124551,0.8225,0.856061135533694,True,12,False,1200,10.0,0.15
16,2,Andy Dick,percent,0.08196721311475409,0.01574730369776033,0.015244848359993228,4.2907940188477517e-10,0.08457721494517392,0.08457721451609453,5.547557113189869,1180.4450725349461,0.9837042271124551,0.8225,0.856061135533694,True,12,False,1200,10.0,0.15
16,2,D. L. Hughley,percent,0.06557377049180328,0.011348991470129768,0.011293339411820674,2.068031480360283e-13,0.0745442211957138,0.074544221195507,6.60013998848741,1180.4450725349461,0.9837042271124551,0.8225,0.856061135533694,True,12,False,1200,10.0,0.15
16,2,Dorothy Hamill,percent,0.06147540983606557,0.008018266739793785,0.005339848064710195,2.4402275834303703e-17,0.03118366655233506,0.031183666552335034,5.838710664394667,1180.4450725349461,0.9837042271124551,0.8225,0.856061135533694,True,12,True,1200,10.0,0.15
16,2,Ingo Rademacher,percent,0.08196721311475409,0.024450500216391904,0.024496973240166114,4.5810959395974696e-07,0.12200417006452702,0.12200371195493306,4.980155327906864,1180.4450725349461,0.9837042271124551,0.8225,0.856061135533694,True,12,False,1200,10.0,0.15
16,2,Jacoby Jones,percent,0.0942622950819672,0.22113913003168248,0.22346188429403124,0.04952641703149744,0.4558157658141594,0.40628934878266193,1.8181513680279389,1180.4450725349461,0.9837042271124551,0.8225,0.856061135533694,True,12,False,1200,10.0,0.15
16,2,Kellie Pickler,percent,0.10655737704918032,0.2294428638742482,0.22748317745434393,0.05806080242530628,0.45316386185956553,0.3951030594342593,1.7368375412112187,1180.4450725349461,0.9837042271124551,0.8225,0.856061135533694,True,12,False,1200,10.0,0.15
16,2,Lisa Vanderpump,percent,0.07377049180327869,0.010099054907552807,0.009240570740045747,9.04190056035408e-15,0.05261331912050405,0.05261331912049501,5.69311436339604,1180.4450725349461,0.9837042271124551,0.8225,0.856061135533694,True,12,False,1200,10.0,0.15
16,2,Sean Lowe,percent,0.08196721311475409,0.028412023942539895,0.0285003588352438,1.319378434597836e-06,0.13813019776397256,0.13812887838553797,4.8463962432111325,1180.4450725349461,0.9837042271124551,0.8225,0.856061135533694,True,12,False,1200,10.0,0.15
16,2,Victor Ortiz,percent,0.07377049180327869,0.01790600786293295,0.018512681960913244,2.274519761043717e-09,0.09584996557938853,0.09584996330486877,5.177250182175035,1180.4450725349461,0.9837042271124551,0.8225,0.856061135533694,True,12,False,1200,10.0,0.15
16,2,Wynonna Judd,percent,0.07377049180327869,0.010642958544922086,0.012420694718388438,3.9994213204594156e-14,0.07813810707411512,0.07813810707407512,6.290454631637621,1180.4450725349461,0.9837042271124551,0.8225,0.856061135533694,True,12,False,1200,10.0,0.15
16,2,Zendaya,percent,0.10655737704918032,0.19654337155714088,0.19396399201988834,0.03734558204906966,0.4114748227410278,0.37412924069195813,1.9288493082999045,1180.4450725349461,0.9837042271124551,0.8225,0.856061135533694,True,12,False,1200,10.0,0.15
16,3,Alexandra Raisman,percent,0.09787250701703322,0.23106312049781028,0.23138474953102256,0.05565045442392139,0.4767845199242109,0.4211340655002895,1.820051867298884,1174.8781568006295,0.9790651306671913,0.7641666666666667,0.8052138586545923,True,11,False,1200,10.0,0.15
16,3,Andy Dick,percent,0.07659587505680861,0.016267139151581882,0.01681230892854612,9.604729998574092e-10,0.09506396115709347,0.09506396019662046,5.65408989988985,1174.8781568006295,0.9790651306671913,0.7641666666666667,0.8052138586545923,True,11,False,1200,10.0,0.15
16,3,D. L. Hughley,percent,0.06808522227271877,0.011509387093901167,0.01183844331374138,5.772938002449788e-13,0.07170127764170564,0.07170127764112835,6.0561358960103036,1174.8781568006295,0.9790651306671913,0.7641666666666667,0.8052138586545923,True,11,False,1200,10.0,0.15
16,3,Ingo Rademacher,percent,0.08936185423294338,0.02451436517690199,0.029329909893866406,2.858500025950899e-07,0.1424430119038408,0.1424427260538382,4.8564032472659635,1174.8781568006295,0.9790651306671913,0.7641666666666667,0.8052138586545923,True,11,False,1200,10.0,0.15
16,3,Jacoby Jones,percent,0.11063763512788959,0.2171064941395364,0.21067462017255073,0.04404407642137453,0.4393591215321898,0.3953150451108153,1.876415718093239,1174.8781568006295,0.9790651306671913,0.7641666666666667,0.8052138586545923,True,11,False,1200,10.0,0.15
16,3,Kellie Pickler,percent,0.10638315980112308,0.2341523436996023,0.23715440968803295,0.05564797006942328,0.4802347729900411,0.4245868029206178,1.7903315107976758,1174.8781568006295,0.9790651306671913,0.7641666666666667,0.8052138586545923,True,11,False,1200,10.0,0.15
16,3,Lisa Vanderpump,percent,0.08936185423294338,0.009933094915035969,0.010229220785611535,1.150989555169802e-14,0.05698299573303994,0.05698299573302843,5.570065097047869,1174.8781568006295,0.9790651306671913,0.7641666666666667,0.8052138586545923,True,11,False,1200,10.0,0.15
16,3,Sean Lowe,percent,0.08936185423294338,0.028486236444167385,0.028731605679708186,1.2285932242564447e-06,0.1398786291446079,0.13987740055138365,4.868246274307422,1174.8781568006295,0.9790651306671913,0.7641666666666667,0.8052138586545923,True,11,False,1200,10.0,0.15
16,3,Victor Ortiz,percent,0.09787250701703322,0.017264522545741085,0.020586970856515563,8.949967738581312e-10,0.11006068310607667,0.1100606822110799,5.34587322753318,1174.8781568006295,0.9790651306671913,0.7641666666666667,0.8052138586545923,True,11,False,1200,10.0,0.15
16,3,Wynonna Judd,percent,0.06382989588067384,0.011112464175331368,0.007158153872274947,7.138470910002608e-14,0.04235229110214489,0.0423522911020735,5.915823553686983,1174.8781568006295,0.9790651306671913,0.7641666666666667,0.8052138586545923,True,11,True,1200,10.0,0.15
16,3,Zendaya,percent,0.11063763512788959,0.19859083216039003,0.19609960727812936,0.04416738470437162,0.41758515585381845,0.37341777114944685,1.9042152716020337,1174.8781568006295,0.9790651306671913,0.7641666666666667,0.8052138586545923,True,11,False,1200,10.0,0.15
16,4,Alexandra Raisman,percent,0.12053571428571429,0.22594064245503304,0.23163622876555734,0.056837197718797625,0.46508357658680255,0.4082463788680049,1.7624385382420358,1181.2410625925393,0.9843675521604494,0.6175,0.6461023909754515,True,10,False,1200,10.0,0.15
16,4,Andy Dick,percent,0.09375,0.016112870954399134,0.018761143764239853,7.945516723272838e-10,0.11297281981206565,0.11297281901751398,6.021317203252496,1181.2410625925393,0.9843675521604494,0.6175,0.6461023909754515,True,10,False,1200,10.0,0.15
16,4,D. L. Hughley,percent,0.09375,0.011175472485044477,0.01207483037320031,1.381186582851094e-13,0.06913567432729618,0.06913567432715807,5.725127977997251,1181.2410625925393,0.9843675521604494,0.6175,0.6461023909754515,True,10,False,1200,10.0,0.15
16,4,Ingo Rademacher,percent,0.10267857142857142,0.02450088422272074,0.026840231741128425,5.936110826833341e-07,0.12780332300518107,0.1278027293940984,4.761433105108517,1181.2410625925393,0.9843675521604494,0.6175,0.6461023909754515,True,10,False,1200,10.0,0.15
16,4,Jacoby Jones,percent,0.10714285714285714,0.22569234267733668,0.2190591313869349,0.05293275073817106,0.4719409128191795,0.41900816208100844,1.9127540891541654,1181.2410625925393,0.9843675521604494,0.6175,0.6461023909754515,True,10,False,1200,10.0,0.15
16,4,Kellie Pickler,percent,0.11607142857142858,0.2360188243694676,0.2329681165179699,0.052398728483161836,0.4688811446533059,0.41648241617014403,1.787715137504155,1181.2410625925393,0.9843675521604494,0.6175,0.6461023909754515,True,10,False,1200,10.0,0.15
16,4,Lisa Vanderpump,percent,0.08035714285714286,0.010459898791480406,0.0061225302722011585,1.8569888455409727e-14,0.034034561510271365,0.034034561510252796,5.557996775938002,1181.2410625925393,0.9843675521604494,0.6175,0.6461023909754515,True,10,True,1200,10.0,0.15
16,4,Sean Lowe,percent,0.08928571428571429,0.029376852025894077,0.029909759515673026,2.988248255544824e-06,0.14706281529640505,0.14705982704814952,4.916619618806109,1181.2410625925393,0.9843675521604494,0.6175,0.6461023909754515,True,10,False,1200,10.0,0.15
16,4,Victor Ortiz,percent,0.08035714285714286,0.01854579777219135,0.018171099689010147,3.732254333517589e-09,0.09885134817125514,0.0988513444390008,5.439731573714767,1181.2410625925393,0.9843675521604494,0.6175,0.6461023909754515,True,10,False,1200,10.0,0.15
16,4,Zendaya,percent,0.11607142857142858,0.20217641424643254,0.204456927974085,0.04248272151366739,0.4296109532749228,0.38712823176125544,1.893437127125361,1181.2410625925393,0.9843675521604494,0.6175,0.6461023909754515,True,10,False,1200,10.0,0.15
16,5,Alexandra Raisman,percent,0.11961722488038277,0.23547591998034048,0.23420719158681602,0.06304938554458105,0.4597261711083294,0.39667678556374836,1.6936930466700122,1174.0593708368615,0.978382809030718,0.5908333333333333,0.6247491150276774,True,9,False,1200,10.0,0.15
16,5,Andy Dick,percent,0.0861244019138756,0.017058485139540683,0.017583417329556573,1.2622809166817239e-09,0.09212389422298362,0.0921238929607027,5.238950556857932,1174.0593708368615,0.978382809030718,0.5908333333333333,0.6247491150276774,True,9,False,1200,10.0,0.15
16,5,D. L. Hughley,percent,0.0861244019138756,0.011831326140015372,0.007345352086077255,1.3413076424255327e-12,0.042387713073658184,0.042387713072316875,5.769899478769839,1174.0593708368615,0.978382809030718,0.5908333333333333,0.6247491150276774,True,9,True,1200,10.0,0.15
16,5,Ingo Rademacher,percent,0.10047846889952153,0.025611570182865168,0.02849998439311773,5.077467984832807e-07,0.13702486379045636,0.13702435604365787,4.807706083188685,1174.0593708368615,0.978382809030718,0.5908333333333333,0.6247491150276774,True,9,False,1200,10.0,0.15
16,5,Jacoby Jones,percent,0.12440191387559808,0.2254228620443698,0.22303826458966153,0.05919321269842623,0.4506888419677718,0.39149562926934556,1.7552767221933014,1174.0593708368615,0.978382809030718,0.5908333333333333,0.6247491150276774,True,9,False,1200,10.0,0.15
16,5,Kellie Pickler,percent,0.1291866028708134,0.23803376162910633,0.23852482646219642,0.06457498187897158,0.46241674512629893,0.39784176324732734,1.6679190222211877,1174.0593708368615,0.978382809030718,0.5908333333333333,0.6247491150276774,True,9,False,1200,10.0,0.15
16,5,Sean Lowe,percent,0.11483253588516747,0.02877827951084259,0.030955973410031166,2.4186131532683263e-06,0.1378781439212271,0.13787572530807382,4.4537856941595315,1174.0593708368615,0.978382809030718,0.5908333333333333,0.6247491150276774,True,9,False,1200,10.0,0.15
16,5,Victor Ortiz,percent,0.10047846889952153,0.01840001497114213,0.019593618366650564,6.086768797396537e-09,0.0989470509598732,0.0989470448731044,5.049705129318018,1174.0593708368615,0.978382809030718,0.5908333333333333,0.6247491150276774,True,9,False,1200,10.0,0.15
16,5,Zendaya,percent,0.13875598086124402,0.19938778040177746,0.2002513717758931,0.040898291032673874,0.4226066729482625,0.3817083819155886,1.906136634140678,1174.0593708368615,0.978382809030718,0.5908333333333333,0.6247491150276774,True,9,False,1200,10.0,0.15
16,6,Alexandra Raisman,percent,0.13793103448275862,0.23213628640831535,0.23820892295319854,0.05796790690181944,0.4801082346469588,0.4221403277451393,1.7721357805404179,1161.975774920247,0.9683131457668724,0.7125,0.7701218539676908,True,8,False,1200,10.0,0.15
16,6,Andy Dick,percent,0.11405835543766578,0.01644226101793099,0.017991198893124186,1.0567268938587168e-10,0.09609853480137502,0.09609853469570233,5.34112229786582,1161.975774920247,0.9683131457668724,0.7125,0.7701218539676908,True,8,False,1200,10.0,0.15
16,6,Ingo Rademacher,percent,0.1220159151193634,0.025058614521918023,0.028331836436300044,3.3426599479136617e-07,0.13192867247886922,0.13192833821287442,4.656375951256605,1161.975774920247,0.9683131457668724,0.7125,0.7701218539676908,True,8,False,1200,10.0,0.15
16,6,Jacoby Jones,percent,0.11936339522546419,0.23470580035503869,0.2323393626933299,0.05810542233556142,0.4674377370577968,0.40933231472223536,1.7617787541397627,1161.975774920247,0.9683131457668724,0.7125,0.7701218539676908,True,8,False,1200,10.0,0.15
16,6,Kellie Pickler,percent,0.14323607427055704,0.23701087441531818,0.23750647770289887,0.0580978780360449,0.46844084994274104,0.41034297190669616,1.7277054847931963,1161.975774920247,0.9683131457668724,0.7125,0.7701218539676908,True,8,False,1200,10.0,0.15
16,6,Sean Lowe,percent,0.1220159151193634,0.02911866626296268,0.029051061582760006,2.3546626970968025e-06,0.13263319052847203,0.13263083586577493,4.565281382457221,1161.975774920247,0.9683131457668724,0.7125,0.7701218539676908,True,8,False,1200,10.0,0.15
16,6,Victor Ortiz,percent,0.10610079575596817,0.018685773627266002,0.01208679417793496,8.892325085108677e-09,0.06232086385724256,0.062320854964917474,5.155684655739578,1161.975774920247,0.9683131457668724,0.7125,0.7701218539676908,True,8,True,1200,10.0,0.15
16,6,Zendaya,percent,0.13527851458885942,0.20684172339125015,0.20448434556045306,0.04587829438130581,0.4291099585808116,0.3832316641995058,1.8741277676849906,1161.975774920247,0.9683131457668724,0.7125,0.7701218539676908,True,8,False,1200,10.0,0.15
16,7,Alexandra Raisman,percent,0.17391304347826086,0.2302846214679621,0.23154659018768906,0.06268971955341633,0.45776146216275393,0.3950717426093376,1.706222648610155,1167.6215387789805,0.9730179489824837,0.8691666666666666,0.9142629315455324,True,7,False,1200,10.0,0.15
16,7,Andy Dick,percent,0.09239130434782608,0.018666513137187687,0.01262753955190585,1.8780351750610856e-09,0.06788910460687,0.06788910272883483,5.375847496046309,1167.6215387789805,0.9730179489824837,0.8691666666666666,0.9142629315455324,True,7,True,1200,10.0,0.15
16,7,Ingo Rademacher,percent,0.1358695652173913,0.026179693813193492,0.02625239117883599,6.524012694278302e-07,0.1342376073901845,0.13423695498891508,5.113128207876222,1167.6215387789805,0.9730179489824837,0.8691666666666666,0.9142629315455324,True,7,False,1200,10.0,0.15
16,7,Jacoby Jones,percent,0.14673913043478262,0.23756964117966178,0.2320772335237175,0.060352749408766206,0.4714559725481557,0.41110322313938946,1.7713993117643076,1167.6215387789805,0.9730179489824837,0.8691666666666666,0.9142629315455324,True,7,False,1200,10.0,0.15
16,7,Kellie Pickler,percent,0.15760869565217392,0.2473138455178287,0.2492335181757894,0.06462575897158356,0.48135045146984784,0.41672469249826427,1.672018368676931,1167.6215387789805,0.9730179489824837,0.8691666666666666,0.9142629315455324,True,7,False,1200,10.0,0.15
16,7,Sean Lowe,percent,0.13043478260869565,0.03081069602002523,0.03193594107902648,4.925901488983042e-06,0.13827471408285,0.13826978818136101,4.329462481682852,1167.6215387789805,0.9730179489824837,0.8691666666666666,0.9142629315455324,True,7,False,1200,10.0,0.15
16,7,Zendaya,percent,0.16304347826086957,0.20917498886414101,0.21632678630303584,0.050466301620963654,0.4357446249147129,0.3852783232937492,1.780993231974576,1167.6215387789805,0.9730179489824837,0.8691666666666666,0.9142629315455324,True,7,False,1200,10.0,0.15
16,8,Alexandra Raisman,percent,0.18006430868167203,0.24060170562955477,0.24661146430206304,0.0687207672763637,0.47315480631443746,0.40443403903807373,1.6399578187690589,1144.2393173404646,0.9535327644503871,0.6808333333333333,0.7582218686681186,True,6,False,1200,10.0,0.15
16,8,Ingo Rademacher,percent,0.15434083601286175,0.026575376494730414,0.026378717914362092,9.84125227470969e-07,0.12208628228762503,0.12208529816239755,4.6279986222267295,1144.2393173404646,0.9535327644503871,0.6808333333333333,0.7582218686681186,True,6,False,1200,10.0,0.15
16,8,Jacoby Jones,percent,0.16720257234726688,0.2400388136109922,0.236389203499754,0.05821445460710093,0.4738240077935231,0.4156095531864222,1.7581504945354247,1144.2393173404646,0.9535327644503871,0.6808333333333333,0.7582218686681186,True,6,False,1200,10.0,0.15
16,8,Kellie Pickler,percent,0.17684887459807075,0.250600522318244,0.24999852651233914,0.06829053670868991,0.49043474684316735,0.42214421013447745,1.6885800386251604,1144.2393173404646,0.9535327644503871,0.6808333333333333,0.7582218686681186,True,6,False,1200,10.0,0.15
16,8,Sean Lowe,percent,0.13504823151125403,0.03230709565692286,0.022969095846952923,7.389203652854724e-06,0.09885592127379014,0.09884853207013729,4.303357405591755,1144.2393173404646,0.9535327644503871,0.6808333333333333,0.7582218686681186,True,6,True,1200,10.0,0.15
16,8,Zendaya,percent,0.1864951768488746,0.20987648628955577,0.21765299192452855,0.053052646999924055,0.4354626461351644,0.3824099991352403,1.7569629472628319,1144.2393173404646,0.9535327644503871,0.6808333333333333,0.7582218686681186,True,6,False,1200,10.0,0.15
16,9,Alexandra Raisman,percent,0.20921985815602837,0.2477091361860167,0.24703483662053805,0.0691195743146649,0.4746675431063562,0.4055479687916913,1.6416564266124574,1157.6911903250752,0.9647426586042294,0.9291666666666667,0.9629905927222437,True,5,False,1200,10.0,0.15
16,9,Ingo Rademacher,percent,0.18085106382978725,0.027530289433684473,0.01926612095169148,1.0383681458543897e-06,0.09432575910833596,0.0943247207401901,4.89563131807242,1157.6911903250752,0.9647426586042294,0.9291666666666667,0.9629905927222437,True,5,True,1200,10.0,0.15
16,9,Jacoby Jones,percent,0.20921985815602837,0.239803443937388,0.2388525353533166,0.06018157799137989,0.4784155103316112,0.4182339323402313,1.7510058275736713,1157.6911903250752,0.9647426586042294,0.9291666666666667,0.9629905927222437,True,5,False,1200,10.0,0.15
16,9,Kellie Pickler,percent,0.20567375886524822,0.2582030086551349,0.26753739924443515,0.07580643404753461,0.5069286875129817,0.4311222534654471,1.6114406555582117,1157.6911903250752,0.9647426586042294,0.9291666666666667,0.9629905927222437,True,5,False,1200,10.0,0.15
16,9,Zendaya,percent,0.1950354609929078,0.22675412178777596,0.22730910783001834,0.05219324105270549,0.47149380330122276,0.41930056224851725,1.844619081180801,1157.6911903250752,0.9647426586042294,0.9291666666666667,0.9629905927222437,True,5,False,1200,10.0,0.15
16,10,Alexandra Raisman,percent,0.24786345971235874,0.25847040918421066,0.25527599944471724,0.07459693859182942,0.5064622123635549,0.4318652737717255,1.6917516059461921,1199.9999999999998,0.9999999999999998,,,False,4,True,1200,10.0,0.15
16,10,Jacoby Jones,percent,0.2393155891586232,0.2552760613591239,0.2613977940699357,0.07302505976578562,0.5023422305433992,0.4293171707776136,1.6423838996852924,1199.9999999999998,0.9999999999999998,,,False,4,True,1200,10.0,0.15
16,10,Kellie Pickler,percent,0.256410475564509,0.26190377314543045,0.26045597016078975,0.07216222542383652,0.4887633214252844,0.4166010960014479,1.5995006612580367,1199.9999999999998,0.9999999999999998,,,False,4,True,1200,10.0,0.15
16,10,Zendaya,percent,0.256410475564509,0.22434975631123505,0.2228702363245575,0.05888354291770183,0.458253715363045,0.3993701724453432,1.791932323935055,1199.9999999999998,0.9999999999999998,,,False,4,True,1200,10.0,0.15
17,1,Amber Riley,percent,0.10546875,0.1910123270715232,0.18474900475460215,0.03564869853856472,0.4132740630288695,0.37762536449030476,2.04398026940185,1199.9999999999998,0.9999999999999998,,,False,12,False,1200,10.0,0.15
17,1,Bill Engvall,percent,0.0703125,0.25016459927663354,0.24959387516391987,0.0710974227523866,0.4830941104807911,0.4119966877284045,1.6506616470303255,1199.9999999999998,0.9999999999999998,,,False,12,False,1200,10.0,0.15
17,1,Bill Nye,percent,0.0546875,0.009539408082148202,0.009765982878153752,1.810841596501351e-15,0.05951530700990951,0.059515307009907696,6.093520153805967,1199.9999999999998,0.9999999999999998,,,False,12,False,1200,10.0,0.15
17,1,Brant Daugherty,percent,0.0859375,0.01662360177647333,0.01611067794268555,2.3793478970134795e-09,0.09005044206216829,0.0900504396828204,5.589140994697072,1199.9999999999998,0.9999999999999998,,,False,12,False,1200,10.0,0.15
17,1,Christina Milian,percent,0.0859375,0.015304421703752125,0.014373036082938745,5.449845516513069e-10,0.08671648729608587,0.08671648675110132,6.03285578599802,1199.9999999999998,0.9999999999999998,,,False,12,False,1200,10.0,0.15
17,1,Corbin Bleu,percent,0.09375,0.2131858139664444,0.21588118726736616,0.04624020837213454,0.4443997126090544,0.39815950423691987,1.8443369936020084,1199.9999999999998,0.9999999999999998,,,False,12,False,1200,10.0,0.15
17,1,Elizabeth Berkley Lauren,percent,0.09375,0.02325638390882828,0.02269922011670382,1.489138780217161e-07,0.12059176015809843,0.12059161124422041,5.312354269000405,1199.9999999999998,0.9999999999999998,,,False,12,False,1200,10.0,0.15
17,1,Jack Osbourne,percent,0.08984375,0.21807668503959637,0.2237254835699211,0.04926867603351259,0.4627695792749872,0.4135009032414746,1.8482429824283337,1199.9999999999998,0.9999999999999998,,,False,12,False,1200,10.0,0.15
17,1,Keyshawn Johnson,percent,0.06640625,0.011518713142716196,0.011351391804016363,6.453966512294509e-13,0.0678460340235038,0.0678460340228584,5.976364733892918,1199.9999999999998,0.9999999999999998,,,False,12,False,1200,10.0,0.15
17,1,Leah Remini,percent,0.08203125,0.026114495132052808,0.024479801701557977,9.504495250861579e-07,0.10861618964246463,0.10861523919293954,4.43675172557879,1199.9999999999998,0.9999999999999998,,,False,12,False,1200,10.0,0.15
17,1,"Nicole ""Snooki"" Polizzi",percent,0.08984375,0.017397619321255248,0.018820004325462807,2.4235645213897045e-09,0.10194334299206033,0.10194334056849581,5.416466560744443,1199.9999999999998,0.9999999999999998,,,False,12,False,1200,10.0,0.15
17,1,Valerie Harper,percent,0.08203125,0.007805931578576171,0.008450334392671715,3.732686495520955e-19,0.05254228249477059,0.05254228249477059,6.217039825134695,1199.9999999999998,0.9999999999999998,,,False,12,False,1200,10.0,0.15
17,2,Amber Riley,percent,0.09022556390977443,0.19804587157994843,0.197985075172109,0.03524151929232502,0.42671052183669844,0.39146900254437345,1.9772552297128474,1174.7256213877915,0.9789380178231596,0.14916666666666667,0.15989121743848805,True,12,False,1200,10.0,0.15
17,2,Bill Engvall,percent,0.07894736842105263,0.24528257922641175,0.24441931252493654,0.062294939076902825,0.4891104245690205,0.4268154854921177,1.74623574073277,1174.7256213877915,0.9789380178231596,0.14916666666666667,0.15989121743848805,True,12,False,1200,10.0,0.15
17,2,Bill Nye,percent,0.06390977443609022,0.009340398166834123,0.009595354084580138,1.545515101960935e-16,0.055779100070638174,0.05577910007063802,5.812530423430961,1174.7256213877915,0.9789380178231596,0.14916666666666667,0.15989121743848805,True,12,False,1200,10.0,0.15
17,2,Brant Daugherty,percent,0.08646616541353383,0.016611278108703633,0.01642862275700814,1.8384959033493456e-09,0.08721492630128486,0.08721492446278896,5.30839482760412,1174.7256213877915,0.9789380178231596,0.14916666666666667,0.15989121743848805,True,12,False,1200,10.0,0.15
17,2,Christina Milian,percent,0.09398496240601503,0.015026390280452696,0.013959804489216094,3.875177645438316e-10,0.07013775340105854,0.07013775301354078,5.023904823516302,1174.7256213877915,0.9789380178231596,0.14916666666666667,0.15989121743848805,True,12,False,1200,10.0,0.15
17,2,Corbin Bleu,percent,0.09774436090225563,0.2113073377052513,0.2124269576047914,0.053079616630623466,0.4439149250162883,0.3908353083856648,1.8398487317417458,1174.7256213877915,0.9789380178231596,0.14916666666666667,0.15989121743848805,True,12,False,1200,10.0,0.15
17,2,Elizabeth Berkley Lauren,percent,0.09398496240601503,0.023255118414136307,0.023681834715151645,1.2057733135091142e-07,0.1069748973737588,0.10697477679642745,4.51697518827794,1174.7256213877915,0.9789380178231596,0.14916666666666667,0.15989121743848805,True,12,False,1200,10.0,0.15
17,2,Jack Osbourne,percent,0.09022556390977443,0.21798990485220912,0.22056448923614053,0.051559904700301994,0.4521668638940968,0.40060695919379485,1.816272167423705,1174.7256213877915,0.9789380178231596,0.14916666666666667,0.15989121743848805,True,12,False,1200,10.0,0.15
17,2,Keyshawn Johnson,percent,0.06766917293233082,0.011490416577738409,0.007555157939850093,8.478228034138237e-14,0.045171657349204725,0.045171657349119945,5.9781250880015495,1174.7256213877915,0.9789380178231596,0.14916666666666667,0.15989121743848805,True,12,True,1200,10.0,0.15
17,2,Leah Remini,percent,0.09022556390977443,0.02563127159167802,0.026305080997973625,9.35431329835944e-07,0.11715267021326674,0.1171517347819369,4.453408882568299,1174.7256213877915,0.9789380178231596,0.14916666666666667,0.15989121743848805,True,12,False,1200,10.0,0.15
17,2,"Nicole ""Snooki"" Polizzi",percent,0.07518796992481203,0.01801346801073124,0.018995536064959295,3.1120989097231873e-09,0.10345640713420094,0.10345640402210203,5.446066781245242,1174.7256213877915,0.9789380178231596,0.14916666666666667,0.15989121743848805,True,12,False,1200,10.0,0.15
17,2,Valerie Harper,percent,0.07142857142857142,0.00800596548590493,0.008082774413283325,4.631056759171726e-18,0.045282824929519405,0.0452828249295194,5.601693295041768,1174.7256213877915,0.9789380178231596,0.14916666666666667,0.15989121743848805,True,12,False,1200,10.0,0.15
17,3,Amber Riley,percent,0.09411764705882353,0.2010979339066819,0.19723419249213436,0.03878200457691538,0.4274772269316009,0.3886952223546855,1.9707194108890405,1178.505666354358,0.9820880552952983,0.4475,0.47064619985159695,True,11,False,1200,10.0,0.15
17,3,Bill Engvall,percent,0.09411764705882353,0.2425762323395368,0.24220432068431424,0.06659128688344144,0.47323552293483573,0.40664423605139427,1.6789236293508454,1178.505666354358,0.9820880552952983,0.4475,0.47064619985159695,True,11,False,1200,10.0,0.15
17,3,Bill Nye,percent,0.06274509803921569,0.00959722334691316,0.006568651506277204,1.0210442438530425e-15,0.038967346637762953,0.038967346637761933,5.931417610284079,1178.505666354358,0.9820880552952983,0.4475,0.47064619985159695,True,11,True,1200,10.0,0.15
17,3,Brant Daugherty,percent,0.10588235294117647,0.01626560178613742,0.016995185706811147,1.1035234350020961e-09,0.09394920209335969,0.09394920098983625,5.527663830607977,1178.505666354358,0.9820880552952983,0.4475,0.47064619985159695,True,11,False,1200,10.0,0.15
17,3,Christina Milian,percent,0.10196078431372549,0.01511286532158616,0.01363617144483693,1.3515153218271897e-10,0.07849377134125404,0.07849377120610251,5.75586891487094,1178.505666354358,0.9820880552952983,0.4475,0.47064619985159695,True,11,False,1200,10.0,0.15
17,3,Corbin Bleu,percent,0.10196078431372549,0.21440100504057716,0.21977293324988356,0.04924433716551332,0.44109207508197773,0.39184773791646443,1.782958206744803,1178.505666354358,0.9820880552952983,0.4475,0.47064619985159695,True,11,False,1200,10.0,0.15
17,3,Elizabeth Berkley Lauren,percent,0.09803921568627451,0.023604542208305452,0.023226879144293652,2.2898684508122374e-07,0.10993418574163626,0.10993395675479117,4.732845218966038,1178.505666354358,0.9820880552952983,0.4475,0.47064619985159695,True,11,False,1200,10.0,0.15
17,3,Jack Osbourne,percent,0.08627450980392157,0.2254488141483388,0.22680124701126742,0.05258017958312636,0.4570016986335581,0.4044215190504318,1.7831459978010726,1178.505666354358,0.9820880552952983,0.4475,0.47064619985159695,True,11,False,1200,10.0,0.15
17,3,Leah Remini,percent,0.09411764705882353,0.02602627219324146,0.028960410308748852,1.1259639795758344e-06,0.1376488600294018,0.13764773406542222,4.75279803704313,1178.505666354358,0.9820880552952983,0.4475,0.47064619985159695,True,11,False,1200,10.0,0.15
17,3,"Nicole ""Snooki"" Polizzi",percent,0.09803921568627451,0.017497415486669637,0.0165076803480647,4.108257914905806e-09,0.09231395234271128,0.09231394823445337,5.591842975218505,1178.505666354358,0.9820880552952983,0.4475,0.47064619985159695,True,11,False,1200,10.0,0.15
17,3,Valerie Harper,percent,0.06274509803921569,0.008372094222011859,0.008092328103367845,1.6350411075942525e-17,0.04366865625294031,0.043668656252940294,5.395636466878024,1178.505666354358,0.9820880552952983,0.4475,0.47064619985159695,True,11,False,1200,10.0,0.15
17,4,Amber Riley,percent,0.11392405063291139,0.19797584241967606,0.19488783618403174,0.03787037914716294,0.4076300348010057,0.3697596556538427,1.8972849491731896,1179.660784266538,0.9830506535554484,0.8608333333333333,0.8947019952658566,True,10,False,1200,10.0,0.15
17,4,Bill Engvall,percent,0.08860759493670886,0.2533833110822198,0.25395978505036654,0.06833629605794822,0.48987438482216755,0.42153808876421933,1.659855038960516,1179.660784266538,0.9830506535554484,0.8608333333333333,0.8947019952658566,True,10,False,1200,10.0,0.15
17,4,Brant Daugherty,percent,0.08860759493670886,0.017464434752178567,0.019103119132187478,2.7574252237026563e-09,0.10009168750328715,0.10009168474586193,5.239272434038739,1179.660784266538,0.9830506535554484,0.8608333333333333,0.8947019952658566,True,10,False,1200,10.0,0.15
17,4,Christina Milian,percent,0.10126582278481013,0.015609311459805106,0.015475550405665109,3.0432114601988627e-10,0.0845152494708847,0.08451524916656356,5.460858327681807,1179.660784266538,0.9830506535554484,0.8608333333333333,0.8947019952658566,True,10,False,1200,10.0,0.15
17,4,Corbin Bleu,percent,0.11392405063291139,0.21498153835888223,0.21832613417262436,0.05072620873724281,0.4503595339988689,0.3996333252616261,1.8304336141088566,1179.660784266538,0.9830506535554484,0.8608333333333333,0.8947019952658566,True,10,False,1200,10.0,0.15
17,4,Elizabeth Berkley Lauren,percent,0.11392405063291139,0.023452279006574123,0.022608269568821726,3.526049070597383e-07,0.10651629737885679,0.10651594477394973,4.711162580892735,1179.660784266538,0.9830506535554484,0.8608333333333333,0.8947019952658566,True,10,False,1200,10.0,0.15
17,4,Jack Osbourne,percent,0.10126582278481013,0.22446331505677286,0.2249006793758655,0.054042682614906454,0.46370048615539927,0.4096578035404928,1.8214973079674288,1179.660784266538,0.9830506535554484,0.8608333333333333,0.8947019952658566,True,10,False,1200,10.0,0.15
17,4,Leah Remini,percent,0.10126582278481013,0.026392415715255683,0.026986831472567845,1.1480873923015207e-06,0.1308984173307374,0.1308972692433451,4.850232942072335,1179.660784266538,0.9830506535554484,0.8608333333333333,0.8947019952658566,True,10,False,1200,10.0,0.15
17,4,"Nicole ""Snooki"" Polizzi",percent,0.10126582278481013,0.01790712889016842,0.017857258440818372,2.2272274867476004e-09,0.10351099701674447,0.10351099478951699,5.796253600682771,1179.660784266538,0.9830506535554484,0.8608333333333333,0.8947019952658566,True,10,False,1200,10.0,0.15
17,4,Valerie Harper,percent,0.0759493670886076,0.008370423258467177,0.0058945361970515475,8.00653674167267e-18,0.033554007483141905,0.0335540074831419,5.691425913036171,1179.660784266538,0.9830506535554484,0.8608333333333333,0.8947019952658566,True,10,True,1200,10.0,0.15
17,5,Amber Riley,percent,0.11063829787234042,0.20482397514708411,0.2081423318477238,0.041413636147656335,0.44750067400045684,0.40608703785280054,1.9509971049655868,1168.0486840330345,0.9733739033608622,0.015,0.017753046902583305,True,9,False,1200,10.0,0.15
17,5,Bill Engvall,percent,0.10212765957446808,0.25203999595640897,0.2527138217492888,0.06486087546331272,0.48632108313889455,0.42146020767558184,1.6677304669280562,1168.0486840330345,0.9733739033608622,0.015,0.017753046902583305,True,9,False,1200,10.0,0.15
17,5,Brant Daugherty,percent,0.1148936170212766,0.016860635407233177,0.017695892616033403,4.532910371882243e-09,0.1014273902936676,0.10142738576075723,5.731366967151279,1168.0486840330345,0.9733739033608622,0.015,0.017753046902583305,True,9,False,1200,10.0,0.15
17,5,Christina Milian,percent,0.11914893617021277,0.015368862201540498,0.010274932424680153,3.841752328810057e-11,0.05303932303462632,0.053039322996208796,5.161509516043718,1168.0486840330345,0.9733739033608622,0.015,0.017753046902583305,True,9,True,1200,10.0,0.15
17,5,Corbin Bleu,percent,0.11914893617021277,0.21803274443489748,0.21718685641600455,0.04604405145618775,0.45117866195085954,0.4051346104946718,1.8653649296057857,1168.0486840330345,0.9733739033608622,0.015,0.017753046902583305,True,9,False,1200,10.0,0.15
17,5,Elizabeth Berkley Lauren,percent,0.11063829787234042,0.02426351090958969,0.024852565794337127,3.135572119307549e-07,0.11665072831806146,0.11665041476084953,4.693508196213369,1168.0486840330345,0.9733739033608622,0.015,0.017753046902583305,True,9,False,1200,10.0,0.15
17,5,Jack Osbourne,percent,0.1148936170212766,0.22321704823134572,0.22009751142987596,0.05302174216624318,0.4451452529683454,0.3921235108021022,1.781581839216727,1168.0486840330345,0.9733739033608622,0.015,0.017753046902583305,True,9,False,1200,10.0,0.15
17,5,Leah Remini,percent,0.09361702127659574,0.02758552291100379,0.029642007340947265,1.8354278532349142e-06,0.12643667776695364,0.1264348423391004,4.26525017805633,1168.0486840330345,0.9733739033608622,0.015,0.017753046902583305,True,9,False,1200,10.0,0.15
17,5,"Nicole ""Snooki"" Polizzi",percent,0.1148936170212766,0.017807704800896548,0.019394080381108656,4.90756948740099e-09,0.10442153831137793,0.10442153340380844,5.383918568624129,1168.0486840330345,0.9733739033608622,0.015,0.017753046902583305,True,9,False,1200,10.0,0.15
17,6,Amber Riley,percent,0.13852818537899697,0.19860596626605476,0.19816588408790933,0.03735052206602813,0.4098810570684284,0.3725305350024003,1.8798828912157748,1199.9999999999998,0.9999999999999998,,,False,8,False,1200,10.0,0.15
17,6,Bill Engvall,percent,0.10389603080876471,0.2597910538188366,0.25937663188945104,0.07163107330093066,0.5149978734999752,0.4433668001990445,1.7093486318358064,1199.9999999999998,0.9999999999999998,,,False,8,False,1200,10.0,0.15
17,6,Brant Daugherty,percent,0.13419959895965008,0.016680456178010512,0.016919536298613428,9.384200583000723e-10,0.08835658579312593,0.08835658485470586,5.221854868864076,1199.9999999999998,0.9999999999999998,,,False,8,False,1200,10.0,0.15
17,6,Corbin Bleu,percent,0.1168830887726018,0.2268693343990088,0.225034420596387,0.05585508346821957,0.45366538696866693,0.3978103035004474,1.7677675027610045,1199.9999999999998,0.9999999999999998,,,False,8,False,1200,10.0,0.15
17,6,Elizabeth Berkley Lauren,percent,0.13852775247706486,0.023526947500760113,0.025386149802978732,9.429500972069366e-08,0.12012675882894612,0.1201266645339364,4.7317901168977095,1199.9999999999998,0.9999999999999998,,,False,8,False,1200,10.0,0.15
17,6,Jack Osbourne,percent,0.11688265587066968,0.229962943187261,0.22788602280356282,0.05516509538645127,0.47723505768155244,0.4220699622951012,1.8521017875551555,1199.9999999999998,0.9999999999999998,,,False,8,False,1200,10.0,0.15
17,6,Leah Remini,percent,0.12121210809388083,0.026766542826914385,0.027402945050733422,7.249748830227475e-07,0.13564999155553709,0.13564926658065407,4.949990460480201,1199.9999999999998,0.9999999999999998,,,False,8,False,1200,10.0,0.15
17,6,"Nicole ""Snooki"" Polizzi",percent,0.12987057963837104,0.017796755823153803,0.01982840947036429,4.526330880347787e-09,0.10668724862475072,0.10668724409841984,5.380253217215946,1199.9999999999998,0.9999999999999998,,,False,8,False,1200,10.0,0.15
17,7,Amber Riley,percent,0.13318284424379231,0.20438707978008683,0.20439928460708542,0.05148285403526065,0.41854235931558154,0.3670595052803209,1.7957876427907722,1165.5875492623852,0.9713229577186543,0.30583333333333335,0.3373226417372259,True,8,False,1200,10.0,0.15
17,7,Bill Engvall,percent,0.11286681715575621,0.2585461585480124,0.25341620397737596,0.07597118349314573,0.48251428246481687,0.4065430989716711,1.6042442762014124,1165.5875492623852,0.9713229577186543,0.30583333333333335,0.3373226417372259,True,8,False,1200,10.0,0.15
17,7,Brant Daugherty,percent,0.12866817155756208,0.01717347419360342,0.01713129624808996,3.0010026820214986e-10,0.09480907569477146,0.09480907539467119,5.533938593038352,1165.5875492623852,0.9713229577186543,0.30583333333333335,0.3373226417372259,True,8,False,1200,10.0,0.15
17,7,Corbin Bleu,percent,0.13318284424379231,0.22194348711828335,0.22966363599861367,0.05540387909961982,0.450649597843381,0.3952457187437612,1.7209689991024435,1165.5875492623852,0.9713229577186543,0.30583333333333335,0.3373226417372259,True,8,False,1200,10.0,0.15
17,7,Elizabeth Berkley Lauren,percent,0.12189616252821671,0.024859660161309506,0.02637409359262482,3.8539043322363985e-07,0.12687219286059348,0.12687180747016025,4.810288427019534,1165.5875492623852,0.9713229577186543,0.30583333333333335,0.3373226417372259,True,8,False,1200,10.0,0.15
17,7,Jack Osbourne,percent,0.12866817155756208,0.22735870415232506,0.2279722739147506,0.06128407032137292,0.4439810528227372,0.3826969825013643,1.678692313049256,1165.5875492623852,0.9713229577186543,0.30583333333333335,0.3373226417372259,True,8,False,1200,10.0,0.15
17,7,Leah Remini,percent,0.11963882618510158,0.027303635207827585,0.029541934733209704,5.372545749820105e-07,0.13009478804821728,0.13009425079364229,4.403565589149177,1165.5875492623852,0.9713229577186543,0.30583333333333335,0.3373226417372259,True,8,False,1200,10.0,0.15
17,7,"Nicole ""Snooki"" Polizzi",percent,0.12189616252821671,0.01842780083855174,0.011501276928249511,3.4834704264971964e-09,0.058698314319423885,0.058698310835953456,5.103190542369122,1165.5875492623852,0.9713229577186543,0.30583333333333335,0.3373226417372259,True,8,True,1200,10.0,0.15
17,8,Amber Riley,percent,0.14583333333333334,0.21110759654161299,0.21080687728256722,0.04431006986561216,0.43726815660172264,0.3929580867361105,1.864057889114783,1164.4437727547786,0.9703698106289822,0.2575,0.2881004377842505,True,7,False,1200,10.0,0.15
17,8,Bill Engvall,percent,0.125,0.26737091967169696,0.2741184781456967,0.08993949904270104,0.49483416463178487,0.4048946655890838,1.4770736772447783,1164.4437727547786,0.9703698106289822,0.2575,0.2881004377842505,True,7,False,1200,10.0,0.15
17,8,Brant Daugherty,percent,0.140625,0.017766973057274135,0.011561567136856552,3.198846839038479e-10,0.05992301547600161,0.05992301515611693,5.1825009486957105,1164.4437727547786,0.9703698106289822,0.2575,0.2881004377842505,True,7,True,1200,10.0,0.15
17,8,Corbin Bleu,percent,0.15625,0.22372163911057577,0.22045873146422496,0.05491780125139551,0.4591837578362195,0.404265956584824,1.8337405833701024,1164.4437727547786,0.9703698106289822,0.2575,0.2881004377842505,True,7,False,1200,10.0,0.15
17,8,Elizabeth Berkley Lauren,percent,0.13020833333333334,0.025939044073789268,0.027240976894611427,8.147443408729581e-07,0.1321155664463106,0.1321147517019697,4.849675638925548,1164.4437727547786,0.9703698106289822,0.2575,0.2881004377842505,True,7,False,1200,10.0,0.15
17,8,Jack Osbourne,percent,0.15625,0.2267720959741903,0.22737337552466338,0.0533590564229025,0.4675906696606535,0.414231613237751,1.821804292070806,1164.4437727547786,0.9703698106289822,0.2575,0.2881004377842505,True,7,False,1200,10.0,0.15
17,8,Leah Remini,percent,0.14583333333333334,0.027321731570860545,0.028439993551378766,1.4166962871580251e-06,0.13595358900050306,0.13595217230421588,4.780148487380293,1164.4437727547786,0.9703698106289822,0.2575,0.2881004377842505,True,7,False,1200,10.0,0.15
17,9,Amber Riley,percent,0.1619047619047619,0.21562448151641841,0.22196546371652018,0.05375706982595219,0.45533196581987406,0.4015748959939219,1.809169228856053,1152.0753850470257,0.9600628208725215,0.3425,0.38999229314761175,True,6,False,1200,10.0,0.15
17,9,Bill Engvall,percent,0.13333333333333333,0.27808105170893366,0.2749872153947986,0.0858049868043741,0.5140878240111416,0.4282828372067675,1.5574588772536488,1152.0753850470257,0.9600628208725215,0.3425,0.38999229314761175,True,6,False,1200,10.0,0.15
17,9,Corbin Bleu,percent,0.18412698412698414,0.22228289917636962,0.2229756001654592,0.056357232501973546,0.44513236376293636,0.3887751312609628,1.743569195029762,1152.0753850470257,0.9600628208725215,0.3425,0.38999229314761175,True,6,False,1200,10.0,0.15
17,9,Elizabeth Berkley Lauren,percent,0.17777777777777778,0.024611701985113192,0.015230719477304448,1.9620633102413103e-07,0.0768664189676884,0.07686622276135736,5.0464573534123645,1152.0753850470257,0.9600628208725215,0.3425,0.38999229314761175,True,6,True,1200,10.0,0.15
17,9,Jack Osbourne,percent,0.17142857142857143,0.23210852541266658,0.2351927312739974,0.05676519639292094,0.46794217727533605,0.4111769808824151,1.748248044942149,1152.0753850470257,0.9600628208725215,0.3425,0.38999229314761175,True,6,False,1200,10.0,0.15
17,9,Leah Remini,percent,0.17142857142857143,0.027291340200498587,0.029648269971920455,1.737844184426028e-06,0.13853750235040763,0.1385357645062232,4.672484841529807,1152.0753850470257,0.9600628208725215,0.3425,0.38999229314761175,True,6,False,1200,10.0,0.15
17,10,Amber Riley,percent,0.2257142857142857,0.20884475099350563,0.21056385701282188,0.045745222426477126,0.4266139717183687,0.3808687492918916,1.808795421491913,1156.1983299286073,0.9634986082738395,0.9191666666666667,0.9564712722929325,True,5,False,1200,10.0,0.15
17,10,Bill Engvall,percent,0.17142857142857143,0.2860397012864575,0.29154502310144786,0.08702178104239182,0.5173378627343291,0.4303160816919373,1.4759799400254632,1156.1983299286073,0.9634986082738395,0.9191666666666667,0.9564712722929325,True,5,False,1200,10.0,0.15
17,10,Corbin Bleu,percent,0.21428571428571427,0.23293009702944392,0.23645286029840143,0.0654823806652316,0.4590773808822621,0.3935950002170305,1.6645742206125083,1156.1983299286073,0.9634986082738395,0.9191666666666667,0.9564712722929325,True,5,False,1200,10.0,0.15
17,10,Jack Osbourne,percent,0.20285714285714285,0.24250478131030503,0.24102484742701924,0.06338495187079402,0.47681679754086115,0.41343184567006713,1.7153008695270788,1156.1983299286073,0.9634986082738395,0.9191666666666667,0.9564712722929325,True,5,False,1200,10.0,0.15
17,10,Leah Remini,percent,0.18571428571428572,0.029680669380287947,0.0204134121603097,4.29895600168531e-06,0.09330920220966044,0.09330490325365876,4.570540778786905,1156.1983299286073,0.9634986082738395,0.9191666666666667,0.9564712722929325,True,5,True,1200,10.0,0.15
17,11,Amber Riley,percent,0.27365383574062396,0.21455635710458765,0.216427232240434,0.05018021811459682,0.4517793866005649,0.40159916848596805,1.8555766238474116,1199.9999999999998,0.9999999999999998,,,False,4,True,1200,10.0,0.15
17,11,Bill Engvall,percent,0.22270771724567986,0.2915752303196232,0.2921921802641434,0.08809959653668722,0.5342783148078669,0.4461787182711797,1.5269990828253863,1199.9999999999998,0.9999999999999998,,,False,4,True,1200,10.0,0.15
17,11,Corbin Bleu,percent,0.25909655421775135,0.2410586114646982,0.23963965456863545,0.06695430246723935,0.4725028856268647,0.4055485831596254,1.6923196270250225,1199.9999999999998,0.9999999999999998,,,False,4,True,1200,10.0,0.15
17,11,Jack Osbourne,percent,0.24454189279594477,0.2528098011110909,0.25174093292678784,0.0625489746890604,0.49055501714902183,0.42800604245996143,1.700177787164426,1199.9999999999998,0.9999999999999998,,,False,4,True,1200,10.0,0.15
18,1,Amy Purdy,percent,0.0916030534351145,0.20104403365582987,0.19990249430565366,0.039813149813867243,0.4193370428354913,0.37952389302162404,1.8985355625716562,1199.9999999999998,0.9999999999999998,,,False,12,False,1200,10.0,0.15
18,1,Billy Dee Williams,percent,0.05725190839694656,0.013870908123224062,0.013822172997433432,7.89369613731155e-12,0.07854376644511234,0.07854376643721864,5.682035987815675,1199.9999999999998,0.9999999999999998,,,False,12,False,1200,10.0,0.15
18,1,Candace Cameron Bure,percent,0.09541984732824428,0.22010659165846608,0.22259088037185593,0.05531634070860498,0.4804274210644804,0.4251110803558754,1.9098229443306576,1199.9999999999998,0.9999999999999998,,,False,12,False,1200,10.0,0.15
18,1,Charlie White,percent,0.10305343511450382,0.029271043274058214,0.029151972795639122,3.0732426790995742e-06,0.13597138609815956,0.13596831285548047,4.663960475269933,1199.9999999999998,0.9999999999999998,,,False,12,False,1200,10.0,0.15
18,1,Cody Simpson,percent,0.08396946564885496,0.019688967287334443,0.02080409819638182,1.033094476848678e-08,0.108476573940722,0.10847656360977723,5.213941438096274,1199.9999999999998,0.9999999999999998,,,False,12,False,1200,10.0,0.15
18,1,Danica McKellar,percent,0.0916030534351145,0.016199785046166676,0.016415246800719728,8.129744551219223e-10,0.08461681089683883,0.08461681008386437,5.154455285123672,1199.9999999999998,0.9999999999999998,,,False,12,False,1200,10.0,0.15
18,1,Diana Nyad,percent,0.06870229007633588,0.019333248500414086,0.020844582121535834,7.130880677999404e-09,0.1026183854016982,0.10261837827081752,4.922787844087173,1199.9999999999998,0.9999999999999998,,,False,12,False,1200,10.0,0.15
18,1,Drew Carey,percent,0.08015267175572519,0.010137155506295079,0.01031596869764348,1.5839462423643055e-14,0.06594837477188009,0.06594837477186426,6.392223985997716,1199.9999999999998,0.9999999999999998,,,False,12,False,1200,10.0,0.15
18,1,James Maslow,percent,0.08015267175572519,0.20639397206492338,0.2000701666566712,0.04580989335018565,0.41545901959104514,0.3696491262408595,1.8475881978295738,1199.9999999999998,0.9999999999999998,,,False,12,False,1200,10.0,0.15
18,1,Meryl Davis,percent,0.0916030534351145,0.200728427044246,0.19991681072852166,0.037714993928708286,0.4467618188514345,0.4090468249227262,2.046074951661967,1199.9999999999998,0.9999999999999998,,,False,12,False,1200,10.0,0.15
18,1,NeNe Leakes,percent,0.08015267175572519,0.015239020924978154,0.017483350486195346,1.345156495959107e-10,0.10388368673907875,0.1038836866045631,5.941523918007922,1199.9999999999998,0.9999999999999998,,,False,12,False,1200,10.0,0.15
18,1,Sean Avery,percent,0.07633587786259542,0.04798684691406378,0.04868225584174868,0.00014084132814336955,0.18999002125396477,0.1898491799258214,3.8996812485785894,1199.9999999999998,0.9999999999999998,,,False,12,False,1200,10.0,0.15
18,2,Amy Purdy,percent,0.09836065573770492,0.2015071893187407,0.20578118177649682,0.039438641200191714,0.4419778232065498,0.40253918200635813,1.9561420650285557,1199.9999999999998,0.9999999999999998,,,False,12,False,1200,10.0,0.15
18,2,Billy Dee Williams,percent,0.06147540983606557,0.01398554075756203,0.014147671708761503,1.6025909556204082e-11,0.07729347728565157,0.07729347726962567,5.46294937508247,1199.9999999999998,0.9999999999999998,,,False,12,True,1200,10.0,0.15
18,2,Candace Cameron Bure,percent,0.0860655737704918,0.22908908322515503,0.23414971533360157,0.06089154212317708,0.4489534014203795,0.3880618592972024,1.6573165652913722,1199.9999999999998,0.9999999999999998,,,False,12,False,1200,10.0,0.15
18,2,Charlie White,percent,0.10245901639344263,0.02984752135032062,0.030359930435527264,2.9376102012354774e-06,0.1406427842696061,0.14063984665940488,4.632264052580984,1199.9999999999998,0.9999999999999998,,,False,12,False,1200,10.0,0.15
18,2,Cody Simpson,percent,0.09016393442622951,0.01976034480682174,0.02141372463115056,1.852740417128326e-08,0.1013004807027013,0.10130046217529713,4.730411617244994,1199.9999999999998,0.9999999999999998,,,False,12,False,1200,10.0,0.15
18,2,Danica McKellar,percent,0.09836065573770492,0.016237105338868893,0.014654163676104514,5.684869472529997e-10,0.07806758984159265,0.0780675892731057,5.326968091144297,1199.9999999999998,0.9999999999999998,,,False,12,False,1200,10.0,0.15
18,2,Diana Nyad,percent,,0.017574616244614708,0.016468877553726464,3.251398687717147e-09,0.08573794438552157,0.08573794113412288,5.205742474674553,1199.9999999999998,0.9999999999999998,,,False,12,True,1200,10.0,0.15
18,2,Drew Carey,percent,0.0860655737704918,0.010180610035072125,0.009309680768565396,5.460104831388265e-15,0.05770087055049779,0.05770087055049233,6.197277297413234,1199.9999999999998,0.9999999999999998,,,False,12,False,1200,10.0,0.15
18,2,James Maslow,percent,0.10245901639344263,0.19947873296825444,0.19834731222583185,0.03497418575192565,0.4228879703493122,0.38791378459738657,1.9557201180301584,1199.9999999999998,0.9999999999999998,,,False,12,False,1200,10.0,0.15
18,2,Meryl Davis,percent,0.10245901639344263,0.19927082196071982,0.19661327554382363,0.039773812489014154,0.4181445825159204,0.3783707700269062,1.9244318296845675,1199.9999999999998,0.9999999999999998,,,False,12,False,1200,10.0,0.15
18,2,NeNe Leakes,percent,0.0860655737704918,0.015304345411014426,0.015264060494283766,1.5357813019589472e-10,0.0819808629928039,0.08198086283922576,5.3704905309693824,1199.9999999999998,0.9999999999999998,,,False,12,False,1200,10.0,0.15
18,2,Sean Avery,percent,0.0860655737704918,0.047764088582855385,0.04349040585212696,0.00022155517851708175,0.15577808220194303,0.15555652702342596,3.5767187557083395,1199.9999999999998,0.9999999999999998,,,False,12,True,1200,10.0,0.15
18,3,Amy Purdy,percent,0.1157556270096463,0.21886434774364502,0.21476066422542792,0.041646645593956755,0.4559619235479269,0.41431527795397016,1.929186381788687,1199.9999999999998,0.9999999999999998,,,False,9,False,1200,10.0,0.15
18,3,Candace Cameron Bure,percent,0.10289389067524116,0.24915216978602542,0.24589611473285894,0.06991837518970634,0.4773967172468255,0.40747834205711914,1.6571090819825236,1199.9999999999998,0.9999999999999998,,,False,9,False,1200,10.0,0.15
18,3,Charlie White,percent,0.1157556270096463,0.03273084924389111,0.03364567251986812,8.190911665276158e-06,0.15820758860629563,0.15819939769463037,4.701784332498696,1199.9999999999998,0.9999999999999998,,,False,9,False,1200,10.0,0.15
18,3,Cody Simpson,percent,0.11254019292604502,0.021213742319381675,0.022385542038209815,2.6366862183535323e-08,0.11537160957637703,0.11537158320951485,5.153613408117977,1199.9999999999998,0.9999999999999998,,,False,9,False,1200,10.0,0.15
18,3,Danica McKellar,percent,0.1157556270096463,0.017635715535762726,0.019393498800690207,7.885702970173387e-09,0.10275724581902959,0.10275723793332663,5.298267255541026,1199.9999999999998,0.9999999999999998,,,False,9,False,1200,10.0,0.15
18,3,Drew Carey,percent,0.09646302250803858,0.011240063662607942,0.010343230403819462,3.7440884066345047e-13,0.05813977562020205,0.05813977561982764,5.620502768225304,1199.9999999999998,0.9999999999999998,,,False,9,False,1200,10.0,0.15
18,3,James Maslow,percent,0.1157556270096463,0.21874876173180838,0.22632726164356876,0.047135733669228144,0.46353329954288774,0.4163975658736596,1.8397948309673318,1199.9999999999998,0.9999999999999998,,,False,9,False,1200,10.0,0.15
18,3,Meryl Davis,percent,0.12540192926045016,0.21364399007142185,0.21045723532877744,0.045708853969085604,0.44367280612684745,0.39796395215776187,1.890940269151565,1199.9999999999998,0.9999999999999998,,,False,9,False,1200,10.0,0.15
18,3,NeNe Leakes,percent,0.09967845659163987,0.01677035990545594,0.016790780306779347,2.180950256285153e-09,0.09038355013874778,0.09038354795779753,5.382606626964204,1199.9999999999998,0.9999999999999998,,,False,9,False,1200,10.0,0.15
18,4,Amy Purdy,percent,0.11447811447811448,0.21905146149651206,0.2183550000930208,0.04843536740633475,0.45310772587972603,0.4046723584733913,1.853268782634774,1199.9999999999998,0.9999999999999998,,,False,9,False,1200,10.0,0.15
18,4,Candace Cameron Bure,percent,0.09427609427609428,0.2536848858496998,0.2541055551332679,0.06694714421961144,0.486160592142326,0.41921344792271453,1.6497545594715386,1199.9999999999998,0.9999999999999998,,,False,9,False,1200,10.0,0.15
18,4,Charlie White,percent,0.1111111111111111,0.03301792430782924,0.03486710296800782,1.6002565032687156e-05,0.15294943989752643,0.15293343733249376,4.386055572705325,1199.9999999999998,0.9999999999999998,,,False,9,False,1200,10.0,0.15
18,4,Cody Simpson,percent,0.10437710437710437,0.02157670680659392,0.021416021035492876,6.672341065935849e-08,0.11480771256562765,0.11480764584221699,5.360579590035169,1199.9999999999998,0.9999999999999998,,,False,9,False,1200,10.0,0.15
18,4,Danica McKellar,percent,0.10774410774410774,0.017931100297908738,0.017491513409493023,2.9013541411162413e-09,0.0914312237587968,0.09143122085744265,5.226877276985467,1199.9999999999998,0.9999999999999998,,,False,9,False,1200,10.0,0.15
18,4,Drew Carey,percent,0.1111111111111111,0.010838200893079129,0.010350672502194258,2.1588032942686163e-14,0.057073367259088674,0.05707336725906709,5.513444059109209,1199.9999999999998,0.9999999999999998,,,False,9,False,1200,10.0,0.15
18,4,James Maslow,percent,0.11784511784511785,0.21721778219941787,0.21673693052897097,0.05693543233199762,0.432814776768974,0.3758793444369764,1.7342573287453866,1199.9999999999998,0.9999999999999998,,,False,9,False,1200,10.0,0.15
18,4,Meryl Davis,percent,0.13131313131313133,0.21026018519862832,0.2088932930555629,0.04791884862902144,0.42764096581191285,0.3797221171828914,1.8177716184993657,1199.9999999999998,0.9999999999999998,,,False,9,False,1200,10.0,0.15
18,4,NeNe Leakes,percent,0.10774410774410774,0.01642175295033102,0.017783911273989438,5.148548858531947e-10,0.0914833092687228,0.09148330875386793,5.1438720916006435,1199.9999999999998,0.9999999999999998,,,False,9,False,1200,10.0,0.15
18,5,Amy Purdy,percent,0.11490683229813664,0.21937202528350755,0.22490514344215826,0.051249511271313615,0.4635765495310087,0.4123270382596951,1.833329369972226,1157.0089457199272,0.9641741214332726,0.08166666666666667,0.09457588991596162,True,9,False,1200,10.0,0.15
18,5,Candace Cameron Bure,percent,0.10869565217391304,0.24587420689602488,0.24431275436398794,0.06540706824611607,0.4788984818807542,0.4134914136346381,1.6924606423042512,1157.0089457199272,0.9641741214332726,0.08166666666666667,0.09457588991596162,True,9,False,1200,10.0,0.15
18,5,Charlie White,percent,0.11490683229813664,0.0328067716917135,0.03230805049695169,9.05362379392457e-06,0.1349632765758367,0.1349542229520428,4.176978923127917,1157.0089457199272,0.9641741214332726,0.08166666666666667,0.09457588991596162,True,9,False,1200,10.0,0.15
18,5,Cody Simpson,percent,0.10559006211180125,0.02156866916734855,0.01395528437817543,4.417267341029884e-08,0.06894612578009104,0.06894608160741764,4.940145939934715,1157.0089457199272,0.9641741214332726,0.08166666666666667,0.09457588991596162,True,9,True,1200,10.0,0.15
18,5,Danica McKellar,percent,0.12111801242236025,0.017421592569848543,0.018298506344742397,2.1232237765159855e-09,0.10240638283833285,0.10240638071510907,5.59612804771268,1157.0089457199272,0.9641741214332726,0.08166666666666667,0.09457588991596162,True,9,False,1200,10.0,0.15
18,5,Drew Carey,percent,0.08695652173913043,0.01149668074204055,0.01354008942759121,5.319295637794225e-13,0.08178729959516545,0.08178729959463352,6.039934972143704,1157.0089457199272,0.9641741214332726,0.08166666666666667,0.09457588991596162,True,9,False,1200,10.0,0.15
18,5,James Maslow,percent,0.12422360248447205,0.21452832596009452,0.2199028115133813,0.04996586406624116,0.4561872105655234,0.40622134649928227,1.8472683292920704,1157.0089457199272,0.9641741214332726,0.08166666666666667,0.09457588991596162,True,9,False,1200,10.0,0.15
18,5,Meryl Davis,percent,0.11180124223602485,0.22062497031755265,0.215806934511199,0.050026870030042074,0.44267318301791614,0.39264631298787406,1.8194248227119671,1157.0089457199272,0.9641741214332726,0.08166666666666667,0.09457588991596162,True,9,False,1200,10.0,0.15
18,5,NeNe Leakes,percent,0.11180124223602485,0.016306757371869332,0.016970425521812608,2.2343571917555678e-10,0.08662504692111447,0.08662504669767876,5.104170335387766,1157.0089457199272,0.9641741214332726,0.08166666666666667,0.09457588991596162,True,9,False,1200,10.0,0.15
18,6,Amy Purdy,percent,0.1347517730496454,0.2207419373349848,0.218459475067212,0.04972040545156606,0.43984036363550827,0.3901199581839422,1.7857690644676896,1172.5591110663847,0.9771325925553206,0.75,0.7917875876153766,True,8,False,1200,10.0,0.15
18,6,Candace Cameron Bure,percent,0.11347517730496454,0.2562861941196621,0.26169946274589695,0.0726854502586942,0.5168249636711544,0.44413951341246016,1.6971292627927292,1172.5591110663847,0.9771325925553206,0.75,0.7917875876153766,True,8,False,1200,10.0,0.15
18,6,Charlie White,percent,0.1276595744680851,0.03356400659884282,0.035902886351885335,1.2224796211809575e-05,0.16875525299317384,0.16874302819696205,4.699854120056873,1172.5591110663847,0.9771325925553206,0.75,0.7917875876153766,True,8,False,1200,10.0,0.15
18,6,Danica McKellar,percent,0.1276595744680851,0.01808462921957737,0.02007557131179158,4.249641335907891e-09,0.10523916053062678,0.10523915628098544,5.241888898587743,1172.5591110663847,0.9771325925553206,0.75,0.7917875876153766,True,8,False,1200,10.0,0.15
18,6,Drew Carey,percent,0.11347517730496454,0.011389236723867505,0.00796439630162613,9.768363425986316e-14,0.04471144046064542,0.04471144046054774,5.6132097848565214,1172.5591110663847,0.9771325925553206,0.75,0.7917875876153766,True,8,True,1200,10.0,0.15
18,6,James Maslow,percent,0.12411347517730496,0.22618587250474345,0.22600460863746352,0.06447975613368598,0.44417667885712303,0.379696922723437,1.6800331859573907,1172.5591110663847,0.9771325925553206,0.75,0.7917875876153766,True,8,False,1200,10.0,0.15
18,6,Meryl Davis,percent,0.14184397163120568,0.21676833688013966,0.21126290462197767,0.05117392653609381,0.4546382803482141,0.40346435381212026,1.909764730203458,1172.5591110663847,0.9771325925553206,0.75,0.7917875876153766,True,8,False,1200,10.0,0.15
18,6,NeNe Leakes,percent,0.11702127659574468,0.01697978661818226,0.01863069496214687,1.7005172557823006e-09,0.10469578377593564,0.10469578207541838,5.619230149920543,1172.5591110663847,0.9771325925553206,0.75,0.7917875876153766,True,8,False,1200,10.0,0.15
18,7,Amy Purdy,percent,0.1482213438735178,0.22582239743469362,0.2245074879407161,0.05178575053941572,0.46548692552199594,0.41370117498258024,1.842697257360811,1164.9153823797049,0.970762818649754,0.7366666666666667,0.7911754923690207,True,7,False,1200,10.0,0.15
18,7,Candace Cameron Bure,percent,0.14624505928853754,0.2506083150265275,0.2518510000341649,0.07356087564502528,0.49256273134955875,0.41900185570453347,1.6636828599641613,1164.9153823797049,0.970762818649754,0.7366666666666667,0.7911754923690207,True,7,False,1200,10.0,0.15
18,7,Charlie White,percent,0.14031620553359683,0.034401868051546165,0.034670137379686224,1.1182642316828673e-05,0.1519589272408175,0.15194774459850066,4.382542831938553,1164.9153823797049,0.970762818649754,0.7366666666666667,0.7911754923690207,True,7,False,1200,10.0,0.15
18,7,Danica McKellar,percent,0.1422924901185771,0.018450564026865783,0.018729958699357355,3.0971347030697242e-09,0.1055907730574549,0.1055907699603202,5.637232543999093,1164.9153823797049,0.970762818649754,0.7366666666666667,0.7911754923690207,True,7,False,1200,10.0,0.15
18,7,James Maslow,percent,0.1383399209486166,0.23098221698169172,0.23309115392471919,0.056104777156772194,0.47505676697046734,0.41895198981369514,1.7973663324120397,1164.9153823797049,0.970762818649754,0.7366666666666667,0.7911754923690207,True,7,False,1200,10.0,0.15
18,7,Meryl Davis,percent,0.1541501976284585,0.22236177678856725,0.22501331036851752,0.05196640404784411,0.45622615690090945,0.40425975285306537,1.7965957462482647,1164.9153823797049,0.970762818649754,0.7366666666666667,0.7911754923690207,True,7,False,1200,10.0,0.15
18,7,NeNe Leakes,percent,0.13043478260869565,0.017372861690108026,0.0121369516528379,3.836826087711222e-09,0.06248990763266033,0.062489903795834245,5.148307192443287,1164.9153823797049,0.970762818649754,0.7366666666666667,0.7911754923690207,True,7,True,1200,10.0,0.15
18,8,Amy Purdy,percent,0.17699115044247787,0.22393747130728825,0.23185572988948203,0.056468006515522966,0.4480821878161388,0.3916141813006158,1.689035213630782,1165.9011655572306,0.9715843046310255,0.7766666666666666,0.8268834881489212,True,6,False,1200,10.0,0.15
18,8,Candace Cameron Bure,percent,0.1592920353982301,0.257829078016968,0.2554844338837231,0.06732196856691174,0.49767374831373373,0.430351779746822,1.6844474191929248,1165.9011655572306,0.9715843046310255,0.7766666666666666,0.8268834881489212,True,6,False,1200,10.0,0.15
18,8,Charlie White,percent,0.17699115044247787,0.03348952759543208,0.03533052593234633,1.0361691596503076e-05,0.1525898427598694,0.15257948106827288,4.318508104077809,1165.9011655572306,0.9715843046310255,0.7766666666666666,0.8268834881489212,True,6,False,1200,10.0,0.15
18,8,Danica McKellar,percent,0.168141592920354,0.018422020413653935,0.012221000256975097,6.890831165339243e-09,0.06454025946476227,0.0645402525739311,5.280662020694852,1165.9011655572306,0.9715843046310255,0.7766666666666666,0.8268834881489212,True,6,True,1200,10.0,0.15
18,8,James Maslow,percent,0.1592920353982301,0.23328252320146067,0.2354328644068536,0.054942152396717805,0.4736678405564946,0.4187256881597768,1.7785278647772451,1165.9011655572306,0.9715843046310255,0.7766666666666666,0.8268834881489212,True,6,False,1200,10.0,0.15
18,8,Meryl Davis,percent,0.1592920353982301,0.23303937946519704,0.22967544563062026,0.05937410635123637,0.4586310974075263,0.3992569910562899,1.738345392624194,1165.9011655572306,0.9715843046310255,0.7766666666666666,0.8268834881489212,True,6,False,1200,10.0,0.15
18,9,Amy Purdy,percent,0.20418848167539266,0.23280469265990025,0.2423783359874481,0.06227535399742223,0.49115679368133974,0.4288814396839175,1.7694637124764119,1146.7145073390857,0.9555954227825714,0.8783333333333333,0.9306799457649296,True,5,False,1200,10.0,0.15
18,9,Candace Cameron Bure,percent,0.18848167539267016,0.2667917421040775,0.26485544534756783,0.08090617962176895,0.5023159445971341,0.4214097649753652,1.5910874452096282,1146.7145073390857,0.9555954227825714,0.8783333333333333,0.9306799457649296,True,5,False,1200,10.0,0.15
18,9,Charlie White,percent,0.19895287958115182,0.035244723548876,0.02348614199559436,9.144561079855255e-06,0.10064419925162052,0.10063505469054067,4.28468711558935,1146.7145073390857,0.9555954227825714,0.8783333333333333,0.9306799457649296,True,5,True,1200,10.0,0.15
18,9,James Maslow,percent,0.19895287958115182,0.23554963626052203,0.23414393489390012,0.057535527975740255,0.46094317397210427,0.40340764599636403,1.7228971712719867,1146.7145073390857,0.9555954227825714,0.8783333333333333,0.9306799457649296,True,5,False,1200,10.0,0.15
18,9,Meryl Davis,percent,0.2094240837696335,0.22960920542662436,0.23513614177548997,0.056522210391633396,0.47495815287923693,0.4184359424876035,1.7795399711336464,1146.7145073390857,0.9555954227825714,0.8783333333333333,0.9306799457649296,True,5,False,1200,10.0,0.15
18,10,Amy Purdy,percent,0.2587209505138384,0.23836313660027406,0.2476560172170418,0.06794580596496157,0.4777898711012251,0.40984406513626354,1.6548857356910027,1199.9999999999998,0.9999999999999998,,,False,4,True,1200,10.0,0.15
18,10,Candace Cameron Bure,percent,0.22674296916969572,0.28376158712356075,0.27152432582100533,0.08711297568379696,0.5013214153097145,0.4142084396259176,1.525487312734031,1199.9999999999998,0.9999999999999998,,,False,4,True,1200,10.0,0.15
18,10,James Maslow,percent,0.2529075649013137,0.24149987526102978,0.24205237941469862,0.05483061967094183,0.4767802178352502,0.4219495981643084,1.743208870640893,1199.9999999999998,0.9999999999999998,,,False,4,True,1200,10.0,0.15
18,10,Meryl Davis,percent,0.2616285154151521,0.23637540101513532,0.23876727754725408,0.06235501062926679,0.4529387845569372,0.3905837739276704,1.6358277487275121,1199.9999999999998,0.9999999999999998,,,False,4,True,1200,10.0,0.15
19,1,Alfonso Ribeiro,percent,0.0967741935483871,0.1928891952880193,0.1982263035264915,0.03816214903051043,0.4439427060708656,0.4057805570403552,2.0470467479578356,1165.0464815442188,0.9708720679535157,0.14333333333333334,0.15646509970594097,True,13,False,1200,10.0,0.15
19,1,Antonio Sabato Jr.,percent,0.06720430107526881,0.013640765877111063,0.012168211021486956,2.3745325277146895e-11,0.06431269014839301,0.06431269012464769,5.284869332209946,1165.0464815442188,0.9708720679535157,0.14333333333333334,0.15646509970594097,True,13,False,1200,10.0,0.15
19,1,Bethany Mota,percent,0.08602150537634409,0.2344098022978218,0.23310631229772671,0.06212897606678359,0.4688533403252201,0.4067243642584365,1.7447945336822577,1165.0464815442188,0.9708720679535157,0.14333333333333334,0.15646509970594097,True,13,False,1200,10.0,0.15
19,1,Betsey Johnson,percent,0.053763440860215055,0.008867533824810639,0.009065126951543389,9.550460360885075e-16,0.05470126854233037,0.054701268542329415,6.033587311836312,1165.0464815442188,0.9708720679535157,0.14333333333333334,0.15646509970594097,True,13,False,1200,10.0,0.15
19,1,Janel Parrish,percent,0.07795698924731183,0.22849275784923995,0.22656362049440815,0.05719177831023898,0.44917072022359517,0.3919789419133562,1.7300977577963486,1165.0464815442188,0.9708720679535157,0.14333333333333334,0.15646509970594097,True,13,False,1200,10.0,0.15
19,1,Jonathan Bennett,percent,0.08064516129032258,0.018446168795982758,0.02041121829177251,1.8017980949449398e-08,0.10647170963068575,0.1064716916127048,5.21607647394306,1165.0464815442188,0.9708720679535157,0.14333333333333334,0.15646509970594097,True,13,False,1200,10.0,0.15
19,1,Lea Thompson,percent,0.08602150537634409,0.023769396119965484,0.022772137183080556,3.484798844299044e-07,0.11486640042139624,0.11486605194151181,5.043927457954816,1165.0464815442188,0.9708720679535157,0.14333333333333334,0.15646509970594097,True,13,False,1200,10.0,0.15
19,1,Lolo Jones,percent,0.05913978494623656,0.01607959072990704,0.010904737472885378,2.435630899711034e-10,0.05992974753030884,0.059929747286745744,5.4952493983783635,1165.0464815442188,0.9708720679535157,0.14333333333333334,0.15646509970594097,True,13,True,1200,10.0,0.15
19,1,Michael Waltrip,percent,0.06720430107526881,0.016394430090423517,0.018655672340573526,1.5904352841107508e-09,0.10271282571570023,0.10271282412526495,5.505420379919018,1165.0464815442188,0.9708720679535157,0.14333333333333334,0.15646509970594097,True,13,False,1200,10.0,0.15
19,1,Randy Couture,percent,0.08333333333333333,0.009142092013410897,0.009933367899536801,2.927254727295254e-15,0.057713930998524496,0.05771393099852157,5.809522214414119,1165.0464815442188,0.9708720679535157,0.14333333333333334,0.15646509970594097,True,13,False,1200,10.0,0.15
19,1,Sadie Robertson,percent,0.0913978494623656,0.1985647667040636,0.1986767024632004,0.038083706614632805,0.42342829763649065,0.38534459102185786,1.939546241195498,1165.0464815442188,0.9708720679535157,0.14333333333333334,0.15646509970594097,True,13,False,1200,10.0,0.15
19,1,Tavis Smiley,percent,0.07795698924731183,0.01219366285814047,0.011993666957453674,7.346275669690366e-13,0.07310966599792565,0.07310966599719103,6.09518098806066,1165.0464815442188,0.9708720679535157,0.14333333333333334,0.15646509970594097,True,13,False,1200,10.0,0.15
19,1,Tommy Chong,percent,0.07258064516129033,0.027109837551103712,0.0275229230998404,1.8910043108269637e-06,0.12839037239718373,0.1283884813928729,4.66461415864141,1165.0464815442188,0.9708720679535157,0.14333333333333334,0.15646509970594097,True,13,False,1200,10.0,0.15
19,2,Alfonso Ribeiro,percent,0.08839779005524862,0.20125507772712434,0.20672839596947956,0.044514566551212296,0.4275212388364393,0.383006672285227,1.852695745029759,1177.0993797662206,0.9809161498051838,0.0625,0.06745548349184159,True,12,False,1200,10.0,0.15
19,2,Antonio Sabato Jr.,percent,0.0856353591160221,0.013367107900186803,0.013351258847601154,5.4418656815196e-12,0.07439359958722909,0.07439359958178722,5.571611547596133,1177.0993797662206,0.9809161498051838,0.0625,0.06745548349184159,True,12,False,1200,10.0,0.15
19,2,Bethany Mota,percent,0.09116022099447514,0.23696347170146295,0.2347141154246956,0.06270394825720639,0.46452280373740273,0.40181885548019636,1.711942815242818,1177.0993797662206,0.9809161498051838,0.0625,0.06745548349184159,True,12,False,1200,10.0,0.15
19,2,Betsey Johnson,percent,0.07734806629834254,0.008585484032672832,0.008460129000006839,1.1439091527594371e-17,0.046869351894177236,0.04686935189417722,5.539373279161604,1177.0993797662206,0.9809161498051838,0.0625,0.06745548349184159,True,12,False,1200,10.0,0.15
19,2,Janel Parrish,percent,0.09392265193370165,0.22520412206703855,0.22657036396471023,0.05992489675838324,0.4647281195059944,0.40480322274761116,1.7866477725343153,1177.0993797662206,0.9809161498051838,0.0625,0.06745548349184159,True,12,False,1200,10.0,0.15
19,2,Jonathan Bennett,percent,0.08287292817679558,0.018774559559644518,0.0166839011154767,3.1663284516184815e-09,0.08643903081808962,0.08643902765176117,5.180673655391427,1177.0993797662206,0.9809161498051838,0.0625,0.06745548349184159,True,12,False,1200,10.0,0.15
19,2,Lea Thompson,percent,0.09668508287292818,0.023719729242969414,0.024568050655721263,2.681617376306867e-07,0.14217108908192685,0.14217082092018923,5.7865817817866185,1177.0993797662206,0.9809161498051838,0.0625,0.06745548349184159,True,12,False,1200,10.0,0.15
19,2,Michael Waltrip,percent,0.06629834254143646,0.01680909068181136,0.017155161060556125,3.4507519645268397e-09,0.09552016074804984,0.09552015729729788,5.567688305101604,1177.0993797662206,0.9809161498051838,0.0625,0.06745548349184159,True,12,False,1200,10.0,0.15
19,2,Randy Couture,percent,0.07734806629834254,0.009485381305836786,0.008208855214006733,1.5310884896937996e-15,0.04808961194384959,0.04808961194384806,5.85754689824529,1177.0993797662206,0.9809161498051838,0.0625,0.06745548349184159,True,12,False,1200,10.0,0.15
19,2,Sadie Robertson,percent,0.0856353591160221,0.2059135957362877,0.2060706947520188,0.04240723989009902,0.442963706459403,0.40055646656930394,1.9437723703457814,1177.0993797662206,0.9809161498051838,0.0625,0.06745548349184159,True,12,False,1200,10.0,0.15
19,2,Tavis Smiley,percent,0.07734806629834254,0.012493388582188618,0.007779134255584033,9.536699995383582e-13,0.045252838198281076,0.04525283819732741,5.8164598078558996,1177.0993797662206,0.9809161498051838,0.0625,0.06745548349184159,True,12,True,1200,10.0,0.15
19,2,Tommy Chong,percent,0.07734806629834254,0.027428991462776338,0.029709939740143118,1.6360495287928777e-06,0.1453412675624859,0.1453396315129571,4.8917884383369215,1177.0993797662206,0.9809161498051838,0.0625,0.06745548349184159,True,12,False,1200,10.0,0.15
19,3,Alfonso Ribeiro,percent,0.0906515580736544,0.20839815214273813,0.21202777889938706,0.044933653011766654,0.43688553099665006,0.3919518779848834,1.848578669459179,1177.8901152383999,0.9815750960319999,0.7916666666666666,0.8304196684280538,True,11,False,1200,10.0,0.15
19,3,Antonio Sabato Jr.,percent,0.0821529745042493,0.014028564366981347,0.01375240728265358,6.798915096720877e-11,0.08076059977792391,0.08076059970993475,5.872043054508659,1177.8901152383999,0.9815750960319999,0.7916666666666666,0.8304196684280538,True,11,False,1200,10.0,0.15
19,3,Bethany Mota,percent,0.11331444759206799,0.23421067494254877,0.2304164062181888,0.05723746403085827,0.4732613272073146,0.41602386317645634,1.8055227250605865,1177.8901152383999,0.9815750960319999,0.7916666666666666,0.8304196684280538,True,11,False,1200,10.0,0.15
19,3,Betsey Johnson,percent,0.0821529745042493,0.008837297507603072,0.00920312243994776,2.3748042542681436e-16,0.05128573060382413,0.051285730603823895,5.572039152937973,1177.8901152383999,0.9815750960319999,0.7916666666666666,0.8304196684280538,True,11,False,1200,10.0,0.15
19,3,Janel Parrish,percent,0.11331444759206799,0.22403127228561423,0.2238647067916551,0.05616489680217038,0.45365209311773597,0.3974871963155656,1.7755609021684355,1177.8901152383999,0.9815750960319999,0.7916666666666666,0.8304196684280538,True,11,False,1200,10.0,0.15
19,3,Jonathan Bennett,percent,0.0906515580736544,0.019191225935633882,0.020835174693365904,7.927881590255555e-09,0.1015380708203241,0.10153806289244251,4.873162391212411,1177.8901152383999,0.9815750960319999,0.7916666666666666,0.8304196684280538,True,11,False,1200,10.0,0.15
19,3,Lea Thompson,percent,0.08781869688385269,0.02520904680058922,0.02283260722087049,8.459980191903718e-07,0.10522219784494222,0.10522135184692302,4.608179112004172,1177.8901152383999,0.9815750960319999,0.7916666666666666,0.8304196684280538,True,11,False,1200,10.0,0.15
19,3,Michael Waltrip,percent,0.07932011331444759,0.01697263977041191,0.01855103904968721,3.606322506076335e-09,0.0998808988074922,0.09988089520116969,5.383823036037308,1177.8901152383999,0.9815750960319999,0.7916666666666666,0.8304196684280538,True,11,False,1200,10.0,0.15
19,3,Randy Couture,percent,0.07365439093484419,0.009959677391743377,0.0066523679409363125,2.145086042309324e-15,0.038967115015539316,0.03896711501553717,5.856750349816581,1177.8901152383999,0.9815750960319999,0.7916666666666666,0.8304196684280538,True,11,True,1200,10.0,0.15
19,3,Sadie Robertson,percent,0.0906515580736544,0.2118483137564093,0.2162154739382361,0.051668067757117644,0.4510539531945306,0.399385885437413,1.8471575184021392,1177.8901152383999,0.9815750960319999,0.7916666666666666,0.8304196684280538,True,11,False,1200,10.0,0.15
19,3,Tommy Chong,percent,0.09631728045325778,0.02731313509972675,0.025648915525072005,1.062636577276637e-06,0.12450934874569813,0.12450828610912086,4.854140201257889,1177.8901152383999,0.9815750960319999,0.7916666666666666,0.8304196684280538,True,11,False,1200,10.0,0.15
19,4,Alfonso Ribeiro,percent,0.125,0.19887710863898192,0.19851320514107057,0.038612086791767974,0.4370431571214259,0.3984310703296579,2.007065791823411,1176.204098993878,0.9801700824948983,0.03,0.033476226079535085,True,10,False,1200,10.0,0.15
19,4,Antonio Sabato Jr.,percent,0.090625,0.014223233284724352,0.01758820862406005,5.367468536369591e-12,0.09289816600980873,0.09289816600444126,5.281543245633408,1176.204098993878,0.9801700824948983,0.03,0.033476226079535085,True,10,False,1200,10.0,0.15
19,4,Bethany Mota,percent,0.103125,0.24805874226528743,0.24238732925836376,0.05880748232931212,0.4674027965665661,0.408595314237254,1.6857053946757015,1176.204098993878,0.9801700824948983,0.03,0.033476226079535085,True,10,False,1200,10.0,0.15
19,4,Betsey Johnson,percent,0.090625,0.00895992923930237,0.006145278987288741,3.304858904381183e-17,0.03628990594456424,0.0362899059445642,5.904370110698877,1176.204098993878,0.9801700824948983,0.03,0.033476226079535085,True,10,True,1200,10.0,0.15
19,4,Janel Parrish,percent,0.1125,0.23212939800765167,0.23273438768666688,0.05090585800530758,0.4690057090818511,0.4180998510765435,1.7964601568861285,1176.204098993878,0.9801700824948983,0.03,0.033476226079535085,True,10,False,1200,10.0,0.15
19,4,Jonathan Bennett,percent,0.075,0.02058736962871303,0.02175116871221943,2.2034637509780107e-08,0.11107336842531836,0.11107334639068085,5.106311368773295,1176.204098993878,0.9801700824948983,0.03,0.033476226079535085,True,10,False,1200,10.0,0.15
19,4,Lea Thompson,percent,0.121875,0.024073775893627664,0.023847032561997328,2.406789240125642e-07,0.11609913392244701,0.116098893243523,4.868279718324883,1176.204098993878,0.9801700824948983,0.03,0.033476226079535085,True,10,False,1200,10.0,0.15
19,4,Michael Waltrip,percent,0.078125,0.01760182524573871,0.017440675987056647,1.4533159212136215e-09,0.08622536444576454,0.08622536299244861,4.943639765836487,1176.204098993878,0.9801700824948983,0.03,0.033476226079535085,True,10,False,1200,10.0,0.15
19,4,Sadie Robertson,percent,0.115625,0.20665327724114388,0.2076292630749086,0.04545459040005815,0.42237562995403205,0.3769210395539739,1.815347310030565,1176.204098993878,0.9801700824948983,0.03,0.033476226079535085,True,10,False,1200,10.0,0.15
19,4,Tommy Chong,percent,0.0875,0.02883534055482882,0.03196344996636767,1.643015436411155e-06,0.1445922687276201,0.1445906257121837,4.523482364449222,1176.204098993878,0.9801700824948983,0.03,0.033476226079535085,True,10,False,1200,10.0,0.15
19,5,Alfonso Ribeiro,percent,0.12878787878787878,0.20512035355394678,0.20895951015208636,0.0429825342903311,0.44096411640411903,0.3979815821137879,1.9045779598457508,1199.9999999999998,0.9999999999999998,,,False,9,False,1200,10.0,0.15
19,5,Antonio Sabato Jr.,percent,0.10606060606060606,0.014275342005016888,0.014447879805645426,6.415499208255542e-11,0.08114383270621167,0.08114383264205668,5.615925506581652,1199.9999999999998,0.9999999999999998,,,False,9,False,1200,10.0,0.15
19,5,Bethany Mota,percent,0.12121212121212122,0.2474277490089383,0.24598959505665466,0.06577500278484716,0.47635159383256637,0.4105765910477192,1.6690743438917182,1199.9999999999998,0.9999999999999998,,,False,9,False,1200,10.0,0.15
19,5,Janel Parrish,percent,0.125,0.23458559093021186,0.2288544498638962,0.056074588494078766,0.465380827888324,0.40930623939424526,1.788492428900714,1199.9999999999998,0.9999999999999998,,,False,9,False,1200,10.0,0.15
19,5,Jonathan Bennett,percent,0.09090909090909091,0.020639915816166993,0.021011552998347845,2.6289246178133875e-08,0.10282034180912336,0.10282031551987718,4.893280484668456,1199.9999999999998,0.9999999999999998,,,False,9,False,1200,10.0,0.15
19,5,Lea Thompson,percent,0.12878787878787878,0.02464862636836103,0.023626038258393562,3.3283322401330545e-07,0.11326554439229472,0.11326521155907071,4.7938810747399945,1199.9999999999998,0.9999999999999998,,,False,9,False,1200,10.0,0.15
19,5,Michael Waltrip,percent,0.07575757575757576,0.01841774006787336,0.01763190362748779,1.04139708251492e-09,0.09219704354600036,0.09219704250460328,5.228693155271266,1199.9999999999998,0.9999999999999998,,,False,9,False,1200,10.0,0.15
19,5,Sadie Robertson,percent,0.13636363636363635,0.20485277056571022,0.20720283028757827,0.042656504993826706,0.42499392993978286,0.38233742494595613,1.8452237317008564,1199.9999999999998,0.9999999999999998,,,False,9,False,1200,10.0,0.15
19,5,Tommy Chong,percent,0.08712121212121213,0.03003191168377453,0.032276239949909996,4.9866499178669225e-06,0.1431818028941047,0.14317681624418685,4.435844467072721,1199.9999999999998,0.9999999999999998,,,False,9,False,1200,10.0,0.15
19,6,Alfonso Ribeiro,percent,0.13310580204778158,0.2008324571238073,0.20509321502847067,0.04337308083921906,0.42957229970312855,0.3861992188639095,1.883033213834424,1161.445657911715,0.9678713815930958,0.016666666666666666,0.019684560179862847,True,9,False,1200,10.0,0.15
19,6,Antonio Sabato Jr.,percent,0.09556313993174062,0.014469923634036435,0.013856693655314802,5.4496844328945134e-11,0.08112110931885191,0.08112110926435508,5.853867987133842,1161.445657911715,0.9678713815930958,0.016666666666666666,0.019684560179862847,True,9,False,1200,10.0,0.15
19,6,Bethany Mota,percent,0.12286689419795221,0.24376968390412979,0.24099918939957216,0.06760782650066169,0.4671558777995121,0.3995480512988504,1.6578744286229998,1161.445657911715,0.9678713815930958,0.016666666666666666,0.019684560179862847,True,9,False,1200,10.0,0.15
19,6,Janel Parrish,percent,0.11262798634812286,0.23882834033428463,0.2412476935562987,0.06161441499591523,0.4789919637933626,0.4173775487974474,1.7300717473110236,1161.445657911715,0.9678713815930958,0.016666666666666666,0.019684560179862847,True,9,False,1200,10.0,0.15
19,6,Jonathan Bennett,percent,0.10921501706484642,0.019557765696154045,0.012708662919017859,1.0488510546750246e-08,0.06473934532976386,0.06473933484125331,5.093709821712255,1161.445657911715,0.9678713815930958,0.016666666666666666,0.019684560179862847,True,9,True,1200,10.0,0.15
19,6,Lea Thompson,percent,0.10921501706484642,0.025520803852540883,0.02510651946309537,1.6029709176746262e-06,0.12576937482480496,0.1257677718538873,5.009167553917414,1161.445657911715,0.9678713815930958,0.016666666666666666,0.019684560179862847,True,9,False,1200,10.0,0.15
19,6,Michael Waltrip,percent,0.10238907849829351,0.017115424315790346,0.02042251159582377,1.5003482668378987e-09,0.10541795692346681,0.10541795542311855,5.161597942083308,1161.445657911715,0.9678713815930958,0.016666666666666666,0.019684560179862847,True,9,False,1200,10.0,0.15
19,6,Sadie Robertson,percent,0.11945392491467577,0.21078384638608758,0.2087948060614198,0.042543378494792054,0.4239123113490759,0.38136893285428386,1.826516250724402,1161.445657911715,0.9678713815930958,0.016666666666666666,0.019684560179862847,True,9,False,1200,10.0,0.15
19,6,Tommy Chong,percent,0.09556313993174062,0.029121754753169145,0.031770708320986774,2.6742163298813475e-06,0.1456147212729748,0.14561204705664493,4.5830726376290265,1161.445657911715,0.9678713815930958,0.016666666666666666,0.019684560179862847,True,9,False,1200,10.0,0.15
19,7,Alfonso Ribeiro,percent,0.13152804642166344,0.21094328681462923,0.20830593957762528,0.045364515471583634,0.4234716480581246,0.37810713258654094,1.8151441970834576,1172.613760593488,0.9771781338279066,0.24333333333333335,0.2660628388388455,True,8,False,1200,10.0,0.15
19,7,Antonio Sabato Jr.,percent,0.11411992263056092,0.014499013415570628,0.008650512621284146,8.12831136607639e-11,0.046115941318546246,0.04611594123726313,5.3303905635888835,1172.613760593488,0.9771781338279066,0.24333333333333335,0.2660628388388455,True,8,True,1200,10.0,0.15
19,7,Bethany Mota,percent,0.1450676982591876,0.24218601184699617,0.24669915472432408,0.06570526982882836,0.4853841815124197,0.41967891168359134,1.701170038391597,1172.613760593488,0.9771781338279066,0.24333333333333335,0.2660628388388455,True,8,False,1200,10.0,0.15
19,7,Janel Parrish,percent,0.12959381044487428,0.2402009477241175,0.24160147635449372,0.0628989370102526,0.48770157521403107,0.42480263820377845,1.7582710434659719,1172.613760593488,0.9771781338279066,0.24333333333333335,0.2660628388388455,True,8,False,1200,10.0,0.15
19,7,Lea Thompson,percent,0.13539651837524178,0.025119948728348603,0.027068907148344937,9.877514434517845e-07,0.1250552384942645,0.12505425074282106,4.619677860641163,1172.613760593488,0.9771781338279066,0.24333333333333335,0.2660628388388455,True,8,False,1200,10.0,0.15
19,7,Michael Waltrip,percent,0.10831721470019343,0.017664136369570826,0.01839624738671226,6.735273011005024e-09,0.09358417698188498,0.09358417024661198,5.086857195506584,1172.613760593488,0.9771781338279066,0.24333333333333335,0.2660628388388455,True,8,False,1200,10.0,0.15
19,7,Sadie Robertson,percent,0.11992263056092843,0.22033811638750106,0.22139317151821292,0.049871425370453415,0.4433805234954243,0.39350909812497087,1.7774139916443057,1172.613760593488,0.9771781338279066,0.24333333333333335,0.2660628388388455,True,8,False,1200,10.0,0.15
19,7,Tommy Chong,percent,0.11605415860735009,0.029048538713266108,0.027884590669002663,3.7681337781976245e-06,0.13080922845830983,0.13080546032453164,4.690790375472794,1172.613760593488,0.9771781338279066,0.24333333333333335,0.2660628388388455,True,8,False,1200,10.0,0.15
19,8,Alfonso Ribeiro,percent,0.16532258064516128,0.2115870358075875,0.21506246668273257,0.04550385027254489,0.4360715132733471,0.3905676630008022,1.8160576922949827,1162.9486498425117,0.9691238748687597,0.7825,0.8381896056888576,True,7,False,1200,10.0,0.15
19,8,Bethany Mota,percent,0.16129032258064516,0.2531208939806606,0.2481805195868134,0.07271195514410198,0.4936467403367612,0.42093478519265926,1.6960762666513416,1162.9486498425117,0.9691238748687597,0.7825,0.8381896056888576,True,7,False,1200,10.0,0.15
19,8,Janel Parrish,percent,0.17338709677419356,0.2353628359681158,0.2352084074703318,0.06327219406348805,0.46758424526088777,0.4043120511973997,1.7189450691864767,1162.9486498425117,0.9691238748687597,0.7825,0.8381896056888576,True,7,False,1200,10.0,0.15
19,8,Lea Thompson,percent,0.12903225806451613,0.02767892510501731,0.029325813419318395,8.664130022585253e-07,0.12112582403091847,0.12112495761791621,4.130177932598971,1162.9486498425117,0.9691238748687597,0.7825,0.8381896056888576,True,7,False,1200,10.0,0.15
19,8,Michael Waltrip,percent,0.10080645161290322,0.019515868940099115,0.013256368224552909,9.479515918780384e-09,0.06588909587585708,0.06588908639634115,4.969997459549571,1162.9486498425117,0.9691238748687597,0.7825,0.8381896056888576,True,7,True,1200,10.0,0.15
19,8,Sadie Robertson,percent,0.1532258064516129,0.2212647692252564,0.22741178812290297,0.05076202478204879,0.45368852075921356,0.4029264959771648,1.7717846885523745,1162.9486498425117,0.9691238748687597,0.7825,0.8381896056888576,True,7,False,1200,10.0,0.15
19,8,Tommy Chong,percent,0.11693548387096774,0.03146967097326311,0.031554636493347436,6.041877094447405e-06,0.15368902421441175,0.1536829823373173,4.8702228639792065,1162.9486498425117,0.9691238748687597,0.7825,0.8381896056888576,True,7,False,1200,10.0,0.15
19,9,Alfonso Ribeiro,percent,0.17990654205607476,0.21504194324791162,0.21644954226180022,0.0552942222729619,0.4442588689913735,0.38896464671841163,1.797013962884662,1141.6876271710705,0.9514063559758921,0.22333333333333333,0.26783966738850007,True,6,False,1200,10.0,0.15
19,9,Bethany Mota,percent,0.17289719626168223,0.25905218969688576,0.26079913289522594,0.07952679619593223,0.49131081975875873,0.4117840235628265,1.5789256661470223,1141.6876271710705,0.9514063559758921,0.22333333333333333,0.26783966738850007,True,6,False,1200,10.0,0.15
19,9,Janel Parrish,percent,0.17990654205607476,0.24376240226066193,0.24109142936495445,0.06469808263429314,0.48110911161466346,0.4164110289803703,1.727184176115405,1141.6876271710705,0.9514063559758921,0.22333333333333333,0.26783966738850007,True,6,False,1200,10.0,0.15
19,9,Lea Thompson,percent,0.16355140186915887,0.026848889164187283,0.019106718867525112,2.3435515427583648e-06,0.09280094639506721,0.09279860284352445,4.856602898907105,1141.6876271710705,0.9514063559758921,0.22333333333333333,0.26783966738850007,True,6,True,1200,10.0,0.15
19,9,Sadie Robertson,percent,0.1705607476635514,0.22343489413302056,0.22692546018140658,0.055918395378576825,0.45710505133863055,0.4011866559600537,1.7679148374294575,1141.6876271710705,0.9514063559758921,0.22333333333333333,0.26783966738850007,True,6,False,1200,10.0,0.15
19,9,Tommy Chong,percent,0.13317757009345793,0.031859681497332856,0.035627716429087276,8.142375008567693e-06,0.1478648779389161,0.14785673556390752,4.149931582805978,1141.6876271710705,0.9514063559758921,0.22333333333333333,0.26783966738850007,True,6,False,1200,10.0,0.15
19,10,Alfonso Ribeiro,percent,0.2054794520547945,0.22437101535785575,0.22994664332417147,0.06087073117178161,0.4538547164990851,0.3929839853273035,1.7090150594554674,1155.770705534763,0.9631422546123025,0.9375,0.9707820710946737,True,5,False,1200,10.0,0.15
19,10,Bethany Mota,percent,0.20821917808219179,0.26419487104210543,0.26237750107199315,0.07173544794440577,0.4971267651030315,0.4253913171586257,1.6212887695471059,1155.770705534763,0.9631422546123025,0.9375,0.9707820710946737,True,5,False,1200,10.0,0.15
19,10,Janel Parrish,percent,0.2136986301369863,0.24949303631234968,0.25221691576260985,0.0728165714708628,0.47958361370671726,0.40676704223585447,1.6127603029544813,1155.770705534763,0.9631422546123025,0.9375,0.9707820710946737,True,5,False,1200,10.0,0.15
19,10,Sadie Robertson,percent,0.20273972602739726,0.22955241057080317,0.23306341938921032,0.06278496410518075,0.45527699410187633,0.3924920299966956,1.6840495474396977,1155.770705534763,0.9631422546123025,0.9375,0.9707820710946737,True,5,False,1200,10.0,0.15
19,10,Tommy Chong,percent,0.16986301369863013,0.032388666716886005,0.022395520452015687,5.4993892206928e-06,0.09745527033646735,0.09744977094724666,4.3511120915426025,1155.770705534763,0.9631422546123025,0.9375,0.9707820710946737,True,5,True,1200,10.0,0.15
19,11,Alfonso Ribeiro,percent,0.255864084998049,0.2273514036121231,0.22926110366549526,0.05892908057921402,0.46866226869624866,0.40973318811703463,1.7871823627460717,1199.9999999999998,0.9999999999999998,,,False,4,True,1200,10.0,0.15
19,11,Bethany Mota,percent,0.2430708807481466,0.2776124671221977,0.27952540596156533,0.08379398960047202,0.5364843468720237,0.4526903572715517,1.6194904939814392,1199.9999999999998,0.9999999999999998,,,False,4,True,1200,10.0,0.15
19,11,Janel Parrish,percent,0.24946620355267282,0.2616027801838405,0.2532880847825822,0.06595876171872891,0.4907182029700454,0.4247594412513165,1.6769749143194257,1199.9999999999998,0.9999999999999998,,,False,4,True,1200,10.0,0.15
19,11,Sadie Robertson,percent,0.2515988307011316,0.23343334908183877,0.23792540559035683,0.06719095652268116,0.4678455443257927,0.40065458780311153,1.6839433471412477,1199.9999999999998,0.9999999999999998,,,False,4,True,1200,10.0,0.15
20,1,Charlotte McKinney,percent,0.06918238993710692,0.01612830593798624,0.0160440779645012,5.377045852310319e-10,0.08464727303369807,0.08464727249599348,5.275591223880035,1199.9999999999998,0.9999999999999998,,,False,12,False,1200,10.0,0.15
20,1,Chris Soules,percent,0.08176100628930817,0.18420809034254298,0.18796849614028718,0.030270006441433992,0.4015853977503893,0.3713153913089553,1.9754023867353012,1199.9999999999998,0.9999999999999998,,,False,12,False,1200,10.0,0.15
20,1,Michael Sam,percent,0.08176100628930817,0.015469891299053642,0.015102158971143208,1.9613180984027708e-10,0.07919274672560904,0.07919274652947723,5.2434558015834005,1199.9999999999998,0.9999999999999998,,,False,12,False,1200,10.0,0.15
20,1,Nastia Liukin,percent,0.09433962264150944,0.023379658089862938,0.022613956729196416,1.8347778860319047e-07,0.10252406691720378,0.10252388343941518,4.533454769208316,1199.9999999999998,0.9999999999999998,,,False,12,False,1200,10.0,0.15
20,1,Noah Galloway,percent,0.08176100628930817,0.18563510330531285,0.18703491459740462,0.036432643610233795,0.41396509721970515,0.37753245360947135,2.0185024593918826,1199.9999999999998,0.9999999999999998,,,False,12,False,1200,10.0,0.15
20,1,Patti LaBelle,percent,0.07861635220125786,0.009744117610581072,0.010963740726737146,3.4720271513135065e-15,0.0630108892247875,0.06301088922478403,5.7466830083026155,1199.9999999999998,0.9999999999999998,,,False,12,False,1200,10.0,0.15
20,1,Redfoo,percent,0.06918238993710692,0.01443546654754537,0.013431475339459034,1.691564211562828e-11,0.07446016088553029,0.07446016086861465,5.5432940680621705,1199.9999999999998,0.9999999999999998,,,False,12,False,1200,10.0,0.15
20,1,Riker Lynch,percent,0.09748427672955975,0.15834783694060373,0.15670949461180259,0.020792840129211787,0.36743948914930563,0.34664664902009384,2.212019366531859,1199.9999999999998,0.9999999999999998,,,False,12,False,1200,10.0,0.15
20,1,Robert Herjavec,percent,0.0880503144654088,0.18143726894722054,0.17737024114640296,0.03194721120482375,0.4070545168648624,0.37510730566003864,2.1148146860540007,1199.9999999999998,0.9999999999999998,,,False,12,False,1200,10.0,0.15
20,1,Rumer Willis,percent,0.10062893081761007,0.17785996680571,0.17758702042662916,0.029455460338898745,0.4025170661489544,0.37306160581005565,2.1007138032950077,1199.9999999999998,0.9999999999999998,,,False,12,False,1200,10.0,0.15
20,1,Suzanne Somers,percent,0.07861635220125786,0.009382534775880138,0.010350802097474215,2.170532368410579e-15,0.05637647029111581,0.05637647029111364,5.446053717049827,1199.9999999999998,0.9999999999999998,,,False,12,False,1200,10.0,0.15
20,1,Willow Shields,percent,0.07861635220125786,0.02397175939770034,0.024823621248962292,2.8538086303112294e-07,0.12669064735018526,0.12669036196932223,5.103415705672371,1199.9999999999998,0.9999999999999998,,,False,12,False,1200,10.0,0.15
20,2,Charlotte McKinney,percent,0.07492795389048991,0.01563348270318842,0.017282738037192658,5.998841142798114e-11,0.08485421113459568,0.08485421107460726,4.90948259525865,1177.0152603474685,0.9808460502895571,0.0016666666666666668,0.0018227053781399469,True,12,False,1200,10.0,0.15
20,2,Chris Soules,percent,0.06051873198847262,0.1901950545065134,0.19231834737106845,0.03701990544913776,0.4091695481572619,0.3721496427081242,1.9350608651457417,1177.0152603474685,0.9808460502895571,0.0016666666666666668,0.0018227053781399469,True,12,False,1200,10.0,0.15
20,2,Michael Sam,percent,0.08069164265129683,0.015236288790324204,0.015032811886084355,7.825808090330619e-11,0.08276797296054034,0.08276797288228226,5.505454871288779,1177.0152603474685,0.9808460502895571,0.0016666666666666668,0.0018227053781399469,True,12,False,1200,10.0,0.15
20,2,Nastia Liukin,percent,0.09798270893371758,0.022774117689360225,0.022267089588672087,1.4831201978978459e-07,0.10635867048957955,0.10635852217755976,4.776275115745222,1177.0152603474685,0.9808460502895571,0.0016666666666666668,0.0018227053781399469,True,12,False,1200,10.0,0.15
20,2,Noah Galloway,percent,0.07780979827089338,0.18406889583616534,0.18904670406198537,0.036649171376044606,0.40587363609261884,0.3692244647165742,1.9530756353196022,1177.0152603474685,0.9808460502895571,0.0016666666666666668,0.0018227053781399469,True,12,False,1200,10.0,0.15
20,2,Patti LaBelle,percent,0.08069164265129683,0.009526624091423321,0.00878803243614957,4.2893385365460413e-16,0.0467500021964799,0.04675000219647947,5.3191295556260805,1177.0152603474685,0.9808460502895571,0.0016666666666666668,0.0018227053781399469,True,12,False,1200,10.0,0.15
20,2,Redfoo,percent,0.0893371757925072,0.013528696744573257,0.007976607244887789,7.791803797643064e-12,0.04464650246961264,0.044646502461820836,5.5964778775529735,1177.0152603474685,0.9808460502895571,0.0016666666666666668,0.0018227053781399469,True,12,True,1200,10.0,0.15
20,2,Riker Lynch,percent,0.09221902017291066,0.15749533737891427,0.15738690034975883,0.02244858731526991,0.35715316182072954,0.33470457450545965,2.1266220196193917,1177.0152603474685,0.9808460502895571,0.0016666666666666668,0.0018227053781399469,True,12,False,1200,10.0,0.15
20,2,Robert Herjavec,percent,0.08069164265129683,0.18134654163380803,0.17758778359829142,0.03084341982518635,0.3957572860944844,0.36491386626929806,2.05482496628131,1177.0152603474685,0.9808460502895571,0.0016666666666666668,0.0018227053781399469,True,12,False,1200,10.0,0.15
20,2,Rumer Willis,percent,0.09221902017291066,0.17820882011677297,0.17831074156294546,0.031464668600462584,0.3855079679607515,0.3540432993602889,1.9855299278500333,1177.0152603474685,0.9808460502895571,0.0016666666666666668,0.0018227053781399469,True,12,False,1200,10.0,0.15
20,2,Suzanne Somers,percent,0.08069164265129683,0.009173111964233217,0.010384744876019652,1.220090839389447e-15,0.055259987144243544,0.05525998714424232,5.320753379166462,1177.0152603474685,0.9808460502895571,0.0016666666666666668,0.0018227053781399469,True,12,False,1200,10.0,0.15
20,2,Willow Shields,percent,0.09221902017291066,0.0228130285447232,0.02361749898694416,1.8185101784420024e-07,0.11367063422009317,0.11367045236907533,4.81277207463142,1177.0152603474685,0.9808460502895571,0.0016666666666666668,0.0018227053781399469,True,12,False,1200,10.0,0.15
20,3,Charlotte McKinney,percent,0.07028753993610223,0.016644163298980462,0.010501734069491895,2.7159435610658174e-09,0.05772079681649587,0.05772079410055231,5.495787451023669,1164.8988292850472,0.970749024404206,0.3625,0.39437385995679086,True,11,True,1200,10.0,0.15
20,3,Chris Soules,percent,0.08945686900958466,0.18719092955060082,0.1867172778921335,0.038161569309190416,0.4142923362993685,0.3761307669901781,2.014429284783076,1164.8988292850472,0.970749024404206,0.3625,0.39437385995679086,True,11,False,1200,10.0,0.15
20,3,Michael Sam,percent,0.07667731629392971,0.016197546338489834,0.0168521153715854,9.696722747357775e-10,0.09331929401552946,0.09331929304585719,5.537213208852465,1164.8988292850472,0.970749024404206,0.3625,0.39437385995679086,True,11,False,1200,10.0,0.15
20,3,Nastia Liukin,percent,0.10862619808306709,0.023394681755057083,0.025460897590296103,1.0959953729790194e-07,0.13922138230358183,0.13922127270404452,5.467827847878225,1164.8988292850472,0.970749024404206,0.3625,0.39437385995679086,True,11,False,1200,10.0,0.15
20,3,Noah Galloway,percent,0.09584664536741214,0.18584174318192023,0.1866480706856059,0.03558425908641682,0.3979505688553752,0.3623663097689584,1.941431095466491,1164.8988292850472,0.970749024404206,0.3625,0.39437385995679086,True,11,False,1200,10.0,0.15
20,3,Patti LaBelle,percent,0.07028753993610223,0.010280210284464065,0.011305078782807738,3.330828022672299e-15,0.07054660226688707,0.07054660226688374,6.2397055267435775,1164.8988292850472,0.970749024404206,0.3625,0.39437385995679086,True,11,False,1200,10.0,0.15
20,3,Riker Lynch,percent,0.10862619808306709,0.15961971950991863,0.15780382329611312,0.024493776419506987,0.3808151581447683,0.3563213817252613,2.257987901020246,1164.8988292850472,0.970749024404206,0.3625,0.39437385995679086,True,11,False,1200,10.0,0.15
20,3,Robert Herjavec,percent,0.0926517571884984,0.18571499786162435,0.18655992359861098,0.03665376807774899,0.4002961638933595,0.3636423958156105,1.9491884409727371,1164.8988292850472,0.970749024404206,0.3625,0.39437385995679086,True,11,False,1200,10.0,0.15
20,3,Rumer Willis,percent,0.10543130990415335,0.18196778310062886,0.18248955708788306,0.035417547729162675,0.3991295724549623,0.3637120247257996,1.9930457253776954,1164.8988292850472,0.970749024404206,0.3625,0.39437385995679086,True,11,False,1200,10.0,0.15
20,3,Suzanne Somers,percent,0.07987220447284345,0.009679217805796699,0.010243816848890863,7.683733293441986e-16,0.05901905100499142,0.05901905100499065,5.760869313284038,1164.8988292850472,0.970749024404206,0.3625,0.39437385995679086,True,11,False,1200,10.0,0.15
20,3,Willow Shields,percent,0.10223642172523961,0.023469007312519004,0.025417704776581347,1.6738092557797674e-07,0.12869436004354393,0.12869419266261836,5.062972082715495,1164.8988292850472,0.970749024404206,0.3625,0.39437385995679086,True,11,False,1200,10.0,0.15
20,4,Chris Soules,percent,0.08307692307692308,0.1942516764703897,0.19090836445135467,0.033055003021465586,0.4221723093934389,0.38911730637197334,2.038230589108287,1163.0703915344732,0.9692253262787276,0.060833333333333336,0.06760726438446127,True,10,False,1200,10.0,0.15
20,4,Michael Sam,percent,0.09230769230769231,0.015964802298511122,0.010594362215567681,1.347831791817004e-10,0.05752058722610271,0.05752058709131953,5.428845746000547,1163.0703915344732,0.9692253262787276,0.060833333333333336,0.06760726438446127,True,10,True,1200,10.0,0.15
20,4,Nastia Liukin,percent,0.11076923076923077,0.023797785249802604,0.02673800016107141,2.671659393641763e-07,0.1313705025362351,0.13137023537029574,4.913057129247267,1163.0703915344732,0.9692253262787276,0.060833333333333336,0.06760726438446127,True,10,False,1200,10.0,0.15
20,4,Noah Galloway,percent,0.09846153846153846,0.18883530396047526,0.18994874002510723,0.03258835950816363,0.421103778273273,0.38851541876510937,2.0453590445228094,1163.0703915344732,0.9692253262787276,0.060833333333333336,0.06760726438446127,True,10,False,1200,10.0,0.15
20,4,Patti LaBelle,percent,0.09230769230769231,0.009982133594658016,0.010714612355088908,1.676294658745713e-14,0.06089631878497803,0.06089631878496127,5.68295275780868,1163.0703915344732,0.9692253262787276,0.060833333333333336,0.06760726438446127,True,10,False,1200,10.0,0.15
20,4,Riker Lynch,percent,0.10461538461538461,0.16472485647360238,0.16454579435537645,0.02472238587122087,0.3791411027025117,0.35441871683129084,2.1539083652145936,1163.0703915344732,0.9692253262787276,0.060833333333333336,0.06760726438446127,True,10,False,1200,10.0,0.15
20,4,Robert Herjavec,percent,0.10461538461538461,0.18462360918494963,0.1922685223356317,0.030672339618613466,0.4198946290032092,0.3892222893845957,2.0243577071209296,1163.0703915344732,0.9692253262787276,0.060833333333333336,0.06760726438446127,True,10,False,1200,10.0,0.15
20,4,Rumer Willis,percent,0.1076923076923077,0.18505210686265003,0.18187020214212016,0.03701164086170757,0.39625772604389226,0.3592460851821847,1.975277454324286,1163.0703915344732,0.9692253262787276,0.060833333333333336,0.06760726438446127,True,10,False,1200,10.0,0.15
20,4,Suzanne Somers,percent,0.08615384615384615,0.009751114106567703,0.009419424108338782,1.4168163395973785e-14,0.05907396132540132,0.05907396132538715,6.270838833370145,1163.0703915344732,0.9692253262787276,0.060833333333333336,0.06760726438446127,True,10,False,1200,10.0,0.15
20,4,Willow Shields,percent,0.12,0.023016611798393705,0.022991977850343334,4.1782608946924554e-08,0.10914708982479356,0.10914704804218461,4.746973130344437,1163.0703915344732,0.9692253262787276,0.060833333333333336,0.06760726438446127,True,10,False,1200,10.0,0.15
20,5,Chris Soules,percent,0.09540636042402827,0.19622712339006,0.1997131308854289,0.04264944272519982,0.4298421342442117,0.38719269151901187,1.9387345792828992,1180.2593819197305,0.9835494849331087,0.20583333333333334,0.21955372996930758,True,9,False,1200,10.0,0.15
20,5,Nastia Liukin,percent,0.13427561837455831,0.023419273023500418,0.023172285709693798,3.978198768294311e-07,0.11012309752391138,0.11012269970403454,4.7521400755857535,1180.2593819197305,0.9835494849331087,0.20583333333333334,0.21955372996930758,True,9,False,1200,10.0,0.15
20,5,Noah Galloway,percent,0.0989399293286219,0.19611907016243052,0.19372755443364395,0.041552448720500006,0.41505448009132395,0.37350203137082394,1.9279658203342251,1180.2593819197305,0.9835494849331087,0.20583333333333334,0.21955372996930758,True,9,False,1200,10.0,0.15
20,5,Patti LaBelle,percent,0.09540636042402827,0.010303800282346788,0.010407003141891982,5.453560014390308e-15,0.06678491418058119,0.06678491418057574,6.416688510764177,1180.2593819197305,0.9835494849331087,0.20583333333333334,0.21955372996930758,True,9,False,1200,10.0,0.15
20,5,Riker Lynch,percent,0.13427561837455831,0.15978750342817902,0.1614566164008013,0.025898701818040177,0.37444112619184367,0.3485424243738035,2.1587239558187465,1180.2593819197305,0.9835494849331087,0.20583333333333334,0.21955372996930758,True,9,False,1200,10.0,0.15
20,5,Robert Herjavec,percent,0.08480565371024736,0.20106641187264884,0.2054979795682493,0.04386520183383948,0.4477497296735833,0.4038845278397438,1.9653845906597687,1180.2593819197305,0.9835494849331087,0.20583333333333334,0.21955372996930758,True,9,False,1200,10.0,0.15
20,5,Rumer Willis,percent,0.13780918727915195,0.179313789781971,0.17660925907769132,0.03315119044966609,0.403753127892782,0.3706019374431159,2.0984168155264817,1180.2593819197305,0.9835494849331087,0.20583333333333334,0.21955372996930758,True,9,False,1200,10.0,0.15
20,5,Suzanne Somers,percent,0.0989399293286219,0.009839759466822902,0.006198172564245299,3.7879378379854174e-15,0.03632506405527832,0.03632506405527453,5.859663314550242,1180.2593819197305,0.9835494849331087,0.20583333333333334,0.21955372996930758,True,9,True,1200,10.0,0.15
20,5,Willow Shields,percent,0.12014134275618374,0.023923268592040647,0.023217998218353558,1.1475917286076422e-07,0.10913087676880402,0.10913076200963116,4.70006332673596,1180.2593819197305,0.9835494849331087,0.20583333333333334,0.21955372996930758,True,9,False,1200,10.0,0.15
20,6,Chris Soules,percent,0.12367491166077739,0.1918386797926141,0.18698937158436718,0.03648736614580869,0.39797567013942586,0.3614883039936172,1.9331920725689302,1179.8456797309348,0.9832047331091123,0.85,0.8835262894810505,True,8,False,1200,10.0,0.15
20,6,Nastia Liukin,percent,0.12897526501766785,0.02476631526805796,0.027365049692809743,4.94115541624983e-07,0.12463047061227689,0.12462997649673527,4.554182203706259,1179.8456797309348,0.9832047331091123,0.85,0.8835262894810505,True,8,False,1200,10.0,0.15
20,6,Noah Galloway,percent,0.12014134275618374,0.19492978164098307,0.1976711253685581,0.03951384998928052,0.4193897932424975,0.37987594325321694,1.9217476543288097,1179.8456797309348,0.9832047331091123,0.85,0.8835262894810505,True,8,False,1200,10.0,0.15
20,6,Patti LaBelle,percent,0.12014134275618374,0.010156993802236329,0.0060910933200313405,4.028731984503891e-16,0.03576753492352906,0.03576753492352866,5.8711403526800625,1179.8456797309348,0.9832047331091123,0.85,0.8835262894810505,True,8,True,1200,10.0,0.15
20,6,Riker Lynch,percent,0.13427561837455831,0.16689559544433696,0.16723632864368546,0.02466128169523066,0.39720160283522193,0.37254032113999125,2.227614637003218,1179.8456797309348,0.9832047331091123,0.85,0.8835262894810505,True,8,False,1200,10.0,0.15
20,6,Robert Herjavec,percent,0.11837455830388692,0.1941470268417941,0.1973206458814065,0.03718038232813221,0.4166673173234055,0.3794869349952733,1.9231895887557673,1179.8456797309348,0.9832047331091123,0.85,0.8835262894810505,True,8,False,1200,10.0,0.15
20,6,Rumer Willis,percent,0.1254416961130742,0.19278929177688206,0.1932091912303119,0.03997254553929505,0.408121532080541,0.36814898654124595,1.9054325457522172,1179.8456797309348,0.9832047331091123,0.85,0.8835262894810505,True,8,False,1200,10.0,0.15
20,6,Willow Shields,percent,0.12897526501766785,0.024476315433095464,0.024117194278829572,3.405343007910218e-07,0.11143062410180067,0.11143028356749989,4.620175220385838,1179.8456797309348,0.9832047331091123,0.85,0.8835262894810505,True,8,False,1200,10.0,0.15
20,7,Chris Soules,percent,0.1220472440944882,0.20070981343480002,0.2023072961588982,0.042144338994916555,0.41141419707982246,0.3692698580849059,1.8252828237694798,1151.627100859666,0.9596892507163882,0.6075,0.6757536418303892,True,7,False,1200,10.0,0.15
20,7,Nastia Liukin,percent,0.16141732283464566,0.02392621899315547,0.02737537901295276,2.87942043826712e-07,0.1341072984071681,0.13410701046512427,4.898639458551965,1151.627100859666,0.9596892507163882,0.6075,0.6757536418303892,True,7,False,1200,10.0,0.15
20,7,Noah Galloway,percent,0.14960629921259844,0.18963392626310804,0.186340156877609,0.03696902567256513,0.38421619047562405,0.34724716480305895,1.8635022483580204,1151.627100859666,0.9596892507163882,0.6075,0.6757536418303892,True,7,False,1200,10.0,0.15
20,7,Riker Lynch,percent,0.14566929133858267,0.16937361070258528,0.17039328029013365,0.03058792497486994,0.3850771648818002,0.35448923990693026,2.0804057466209227,1151.627100859666,0.9596892507163882,0.6075,0.6757536418303892,True,7,False,1200,10.0,0.15
20,7,Robert Herjavec,percent,0.1220472440944882,0.20062139739062787,0.2016953641992345,0.047752752288791236,0.4284329237570732,0.380680171468282,1.8873923334197948,1151.627100859666,0.9596892507163882,0.6075,0.6757536418303892,True,7,False,1200,10.0,0.15
20,7,Rumer Willis,percent,0.14566929133858267,0.19164930101776093,0.19608337171878784,0.037846592890262834,0.415806949814396,0.37796035692413316,1.9275394240300838,1151.627100859666,0.9596892507163882,0.6075,0.6757536418303892,True,7,False,1200,10.0,0.15
20,7,Willow Shields,percent,0.15354330708661418,0.02408573219796252,0.01580515174238334,4.6324742461157366e-07,0.07667347736400654,0.07667301411658192,4.850833736524709,1151.627100859666,0.9596892507163882,0.6075,0.6757536418303892,True,7,True,1200,10.0,0.15
20,8,Chris Soules,percent,0.15130023640661938,0.20427547815887237,0.20314983594701388,0.04770664425270404,0.43586087236166093,0.3881542281089569,1.9106701003691458,1199.9999999999998,0.9999999999999998,,,False,6,True,1200,10.0,0.15
20,8,Nastia Liukin,percent,0.17966903073286053,0.024986221941703537,0.024053308277729876,2.924062059110909e-07,0.11651392684169135,0.11651363443548543,4.843774058693547,1199.9999999999998,0.9999999999999998,,,False,6,False,1200,10.0,0.15
20,8,Noah Galloway,percent,0.14893617021276595,0.20699977416189966,0.2084068295537229,0.047053639213305354,0.435554749615358,0.38850111040205265,1.864138747733111,1199.9999999999998,0.9999999999999998,,,False,6,False,1200,10.0,0.15
20,8,Riker Lynch,percent,0.18439716312056736,0.1686030903416878,0.17071053961558938,0.027091624275602154,0.38889903809704407,0.36180741382144194,2.119408064833607,1199.9999999999998,0.9999999999999998,,,False,6,False,1200,10.0,0.15
20,8,Robert Herjavec,percent,0.14657210401891252,0.20645687236614477,0.20097496195884582,0.04646423088814826,0.4175156679658346,0.37105143707768634,1.8462478470617654,1199.9999999999998,0.9999999999999998,,,False,6,True,1200,10.0,0.15
20,8,Rumer Willis,percent,0.18912529550827423,0.18867856302969171,0.1927045246470981,0.037866988791745576,0.4069169063932418,0.3690499176014962,1.9150977548637373,1199.9999999999998,0.9999999999999998,,,False,6,False,1200,10.0,0.15
20,9,Nastia Liukin,percent,0.25477707006369427,0.042369169632161974,0.030053683183931784,3.820259716787031e-05,0.12056586185794817,0.1205276592607803,4.010278814890929,1151.332179833246,0.9594434831943718,0.9191666666666667,0.9595415835856845,True,4,True,1200,10.0,0.15
20,9,Noah Galloway,percent,0.24203821656050956,0.33653847705281864,0.3368231150304455,0.13075572973367275,0.5735115343086958,0.44275580457502306,1.3145015003899065,1151.332179833246,0.9594434831943718,0.9191666666666667,0.9595415835856845,True,4,False,1200,10.0,0.15
20,9,Riker Lynch,percent,0.25477707006369427,0.28908087074499117,0.29910682455797377,0.10908942637252808,0.538359864943189,0.42927043857066094,1.4351695386272276,1151.332179833246,0.9594434831943718,0.9191666666666667,0.9595415835856845,True,4,False,1200,10.0,0.15
20,9,Rumer Willis,percent,0.2484076433121019,0.3320114825700281,0.33401637722764876,0.13641595713794002,0.5658175867079642,0.4294016295700242,1.285566736479601,1151.332179833246,0.9594434831943718,0.9191666666666667,0.9595415835856845,True,4,False,1200,10.0,0.15
20,10,Noah Galloway,percent,0.3103448275862069,0.36494778411385664,0.3565632778328367,0.12635241247985018,0.6141395925017324,0.48778718002188226,1.3680203271808542,1199.9999999999998,0.9999999999999998,,,False,3,True,1200,10.0,0.15
20,10,Riker Lynch,percent,0.3448275862068966,0.2979342398984146,0.30323173334032105,0.09433629730511725,0.5650819379134844,0.4707456406083671,1.5524235639826018,1199.9999999999998,0.9999999999999998,,,False,3,True,1200,10.0,0.15
20,10,Rumer Willis,percent,0.3448275862068966,0.3371179759877288,0.34020498882684247,0.12210446199348408,0.5987636783060765,0.4766592163125924,1.401090021831455,1199.9999999999998,0.9999999999999998,,,False,3,True,1200,10.0,0.15
21,1,Alek Skarlatos,percent,0.088,0.12813017281229214,0.13405409696298382,0.014117373143493308,0.3355907992561904,0.3214734261126971,2.3980694012810604,1199.9999999999998,0.9999999999999998,,,False,13,False,1200,10.0,0.15
21,1,Alexa PenaVega,percent,0.088,0.1593571858353346,0.15363812500382232,0.021795021635297094,0.34764542912911345,0.32585040749381633,2.120881692639877,1199.9999999999998,0.9999999999999998,,,False,13,False,1200,10.0,0.15
21,1,Andy Grammer,percent,0.084,0.016198011971343924,0.016511415322704254,8.779800264096012e-10,0.08350363516552578,0.08350363428754576,5.057021196210457,1199.9999999999998,0.9999999999999998,,,False,13,False,1200,10.0,0.15
21,1,Bindi Irwin,percent,0.096,0.15105926140501708,0.15114431809992623,0.018936242220044162,0.3591078656925184,0.34017162347247426,2.2506262697967108,1199.9999999999998,0.9999999999999998,,,False,13,False,1200,10.0,0.15
21,1,Carlos PenaVega,percent,0.092,0.1425204387044808,0.13791139128163388,0.015331932402124517,0.33563579272175836,0.32030386031963387,2.322516906153374,1199.9999999999998,0.9999999999999998,,,False,13,False,1200,10.0,0.15
21,1,Chaka Khan,percent,0.052,0.0223275633762676,0.022238068893142823,6.713859393712051e-08,0.10956732414200325,0.10956725700340932,4.926791563525989,1199.9999999999998,0.9999999999999998,,,False,13,False,1200,10.0,0.15
21,1,Gary Busey,percent,0.06,0.008309982004660764,0.008165179937458945,3.0960477936424875e-18,0.051835199085303214,0.051835199085303214,6.347545545442962,1199.9999999999998,0.9999999999999998,,,False,13,False,1200,10.0,0.15
21,1,Hayes Grier,percent,0.084,0.019000860633477376,0.018594490189194762,6.5780002773811965e-09,0.10676394170932339,0.10676393513132311,5.741388586430498,1199.9999999999998,0.9999999999999998,,,False,13,False,1200,10.0,0.15
21,1,Kim Zolciak-Biermann,percent,0.048,0.04759513098655582,0.04739663770689967,0.00018739969660972554,0.17346307120103763,0.1732756715044279,3.6557870790088804,1199.9999999999998,0.9999999999999998,,,False,13,False,1200,10.0,0.15
21,1,Nick Carter,percent,0.096,0.1305092364718971,0.13265948154384924,0.01555868093235087,0.34394893112248603,0.3283902501901352,2.475418801201848,1199.9999999999998,0.9999999999999998,,,False,13,False,1200,10.0,0.15
21,1,Paula Deen,percent,0.06,0.007586495479952337,0.008482140909660544,1.6897009240595788e-19,0.04486947613696481,0.04486947613696481,5.28925272075438,1199.9999999999998,0.9999999999999998,,,False,13,False,1200,10.0,0.15
21,1,Tamar Braxton,percent,0.092,0.12872880040481263,0.1293587684369761,0.013422540515444404,0.31871239967294607,0.3052898591575017,2.360006227950527,1199.9999999999998,0.9999999999999998,,,False,13,False,1200,10.0,0.15
21,1,Victor Espinoza,percent,0.06,0.03867685991390809,0.03984588571174788,2.6520763708783727e-05,0.16627151809314167,0.16624499732943288,4.172095117597097,1199.9999999999998,0.9999999999999998,,,False,13,False,1200,10.0,0.15
21,2,Alek Skarlatos,percent,0.08317929759704251,0.1283822272672883,0.13025326201803505,0.013984467746962931,0.3280175447298437,0.31403307698288074,2.4109236205983002,1199.9999999999998,0.9999999999999998,,,False,13,False,1200,10.0,0.15
21,2,Alexa PenaVega,percent,0.08502772643253234,0.15898160440556336,0.1594138081332503,0.022187726450683336,0.3748248916611325,0.35263716521044913,2.2120728264822787,1199.9999999999998,0.9999999999999998,,,False,13,False,1200,10.0,0.15
21,2,Andy Grammer,percent,0.08133086876155268,0.01614837785973243,0.01457946291382024,1.074841066631985e-09,0.0807122453193626,0.08071224424452153,5.535643464928512,1199.9999999999998,0.9999999999999998,,,False,13,False,1200,10.0,0.15
21,2,Bindi Irwin,percent,0.08872458410351201,0.15222822860517343,0.14800371189649553,0.019383470623724006,0.3422673862625154,0.3228839156387914,2.1815786234197363,1199.9999999999998,0.9999999999999998,,,False,13,False,1200,10.0,0.15
21,2,Carlos PenaVega,percent,0.08317929759704251,0.1441435525025547,0.14572042657703627,0.018871447579852367,0.35503475562205894,0.33616330804220657,2.306890043136466,1199.9999999999998,0.9999999999999998,,,False,13,False,1200,10.0,0.15
21,2,Chaka Khan,percent,0.05545286506469501,0.021942579835116088,0.024969852169231834,5.8197755003958345e-08,0.13513841964926399,0.13513836145150898,5.4118441988143875,1199.9999999999998,0.9999999999999998,,,False,13,True,1200,10.0,0.15
21,2,Gary Busey,percent,0.06099815157116451,0.008213736805952691,0.007459246317962362,5.783015445526886e-19,0.04323455910120784,0.04323455910120784,5.795325952858969,1199.9999999999998,0.9999999999999998,,,False,13,False,1200,10.0,0.15
21,2,Hayes Grier,percent,0.08317929759704251,0.018860890325975918,0.017961794846465137,1.0928131055912176e-08,0.09908177389649991,0.09908176296836886,5.515943583126039,1199.9999999999998,0.9999999999999998,,,False,13,False,1200,10.0,0.15
21,2,Kim Zolciak-Biermann,percent,0.06839186691312385,0.044956905944380766,0.044336391967709665,0.00010330242153431396,0.17026175842196034,0.17015845600042603,3.83780931734438,1199.9999999999998,0.9999999999999998,,,False,13,True,1200,10.0,0.15
21,2,Nick Carter,percent,0.08317929759704251,0.13323670886683303,0.135966319855269,0.015408070103502484,0.33864991072262485,0.32324184061912237,2.3773495054782177,1199.9999999999998,0.9999999999999998,,,False,13,False,1200,10.0,0.15
21,2,Paula Deen,percent,0.06839186691312385,0.007370022635388766,0.007381049819325902,7.676456767555376e-20,0.041680950927944396,0.041680950927944396,5.646257062479501,1199.9999999999998,0.9999999999999998,,,False,13,False,1200,10.0,0.15
21,2,Tamar Braxton,percent,0.09057301293900184,0.12796190944427172,0.1277849580027193,0.014645676923897533,0.3341632686340199,0.3195175917101224,2.500412382582154,1199.9999999999998,0.9999999999999998,,,False,13,False,1200,10.0,0.15
21,2,Victor Espinoza,percent,0.06839186691312385,0.03757325550176877,0.03616971548267936,3.535605744136181e-05,0.1437896966627716,0.14375434060533024,3.9743294730834995,1199.9999999999998,0.9999999999999998,,,False,13,True,1200,10.0,0.15
21,3,Alek Skarlatos,percent,0.10819672131147541,0.14286375256168213,0.1410715923276317,0.014011892617997705,0.3534787955541525,0.33946690293615484,2.4063278155955734,1199.9999999999998,0.9999999999999998,,,False,10,False,1200,10.0,0.15
21,3,Alexa PenaVega,percent,0.1180327868852459,0.17363906246991362,0.17354789522386052,0.028362927616554824,0.40078053396370505,0.3724176063471502,2.1458944228182446,1199.9999999999998,0.9999999999999998,,,False,10,False,1200,10.0,0.15
21,3,Andy Grammer,percent,0.09508196721311475,0.018449910410920756,0.017913671708370847,2.6178491324708465e-09,0.0930609546475997,0.09306095202975057,5.1946780574419735,1199.9999999999998,0.9999999999999998,,,False,10,False,1200,10.0,0.15
21,3,Bindi Irwin,percent,0.10491803278688525,0.17293335710026336,0.17359574194862198,0.029169033050238508,0.3943410533823091,0.36517202033207063,2.1035649415594886,1199.9999999999998,0.9999999999999998,,,False,10,False,1200,10.0,0.15
21,3,Carlos PenaVega,percent,0.10163934426229508,0.16288294370295736,0.16508042600236283,0.027109975012171324,0.38240217746040417,0.35529220244823284,2.1522239724482843,1199.9999999999998,0.9999999999999998,,,False,10,False,1200,10.0,0.15
21,3,Gary Busey,percent,0.08196721311475409,0.009227236454882848,0.01022531830085154,1.778914775739896e-15,0.06082308991277394,0.06082308991277216,5.94770161884238,1199.9999999999998,0.9999999999999998,,,False,10,False,1200,10.0,0.15
21,3,Hayes Grier,percent,0.09836065573770492,0.021477028737556046,0.019893284199903046,7.98796501667046e-08,0.10170350541618474,0.10170342553653457,5.112193256846617,1199.9999999999998,0.9999999999999998,,,False,10,False,1200,10.0,0.15
21,3,Nick Carter,percent,0.1180327868852459,0.14489259247023814,0.1406566644292648,0.016724760342920447,0.34380529716837827,0.3270805368254578,2.3253659027584876,1199.9999999999998,0.9999999999999998,,,False,10,False,1200,10.0,0.15
21,3,Paula Deen,percent,0.06557377049180328,0.008753281021953259,0.00874378782587147,7.029510396589647e-17,0.05233222415990782,0.05233222415990775,5.9843903822437845,1199.9999999999998,0.9999999999999998,,,False,10,False,1200,10.0,0.15
21,3,Tamar Braxton,percent,0.10819672131147541,0.14488083506963256,0.149271618033261,0.018851805636576856,0.3623974399854121,0.3435456343488352,2.3014645209229614,1199.9999999999998,0.9999999999999998,,,False,10,False,1200,10.0,0.15
21,4,Alek Skarlatos,percent,0.1016949152542373,0.1442380985050292,0.14687012073342157,0.01987147516998115,0.3573255870862455,0.33745411191626434,2.2976205957382216,1176.822020964618,0.9806850174705151,0.8358333333333333,0.8729313918590256,True,10,False,1200,10.0,0.15
21,4,Alexa PenaVega,percent,0.08898305084745763,0.1848065312535716,0.17998035178221025,0.031622027974098195,0.39878142480663176,0.36715939683253357,2.0399857718416383,1176.822020964618,0.9806850174705151,0.8358333333333333,0.8729313918590256,True,10,False,1200,10.0,0.15
21,4,Andy Grammer,percent,0.09745762711864407,0.018244476697794443,0.017466687972400807,6.012245068265406e-09,0.08562451579466655,0.08562450978242149,4.901879969330195,1176.822020964618,0.9806850174705151,0.8358333333333333,0.8729313918590256,True,10,False,1200,10.0,0.15
21,4,Bindi Irwin,percent,0.11864406779661017,0.16652609727767792,0.1717900466852705,0.02886251145049083,0.3930435045405974,0.36418099309010654,2.119906712934253,1176.822020964618,0.9806850174705151,0.8358333333333333,0.8729313918590256,True,10,False,1200,10.0,0.15
21,4,Carlos PenaVega,percent,0.1059322033898305,0.16034839162811892,0.16161450362190422,0.02157019065503152,0.3727188377125101,0.35114864705747856,2.1727410996347407,1176.822020964618,0.9806850174705151,0.8358333333333333,0.8729313918590256,True,10,False,1200,10.0,0.15
21,4,Gary Busey,percent,0.06779661016949153,0.009484669198058598,0.00645534735697789,1.0337684165770962e-15,0.03613954970097258,0.036139549700971545,5.597522515871555,1176.822020964618,0.9806850174705151,0.8358333333333333,0.8729313918590256,True,10,True,1200,10.0,0.15
21,4,Hayes Grier,percent,0.11440677966101695,0.020569331857885734,0.01968673783988219,1.238418621487838e-08,0.09444159584210923,0.09444158345792301,4.796974859478733,1176.822020964618,0.9806850174705151,0.8358333333333333,0.8729313918590256,True,10,False,1200,10.0,0.15
21,4,Nick Carter,percent,0.11440677966101695,0.1453054459767444,0.1429719118190825,0.01565370089249102,0.36378027655157236,0.34812657565908134,2.434912818307846,1176.822020964618,0.9806850174705151,0.8358333333333333,0.8729313918590256,True,10,False,1200,10.0,0.15
21,4,Paula Deen,percent,0.07627118644067797,0.008488909760343619,0.008997602013473363,1.8011231657696806e-17,0.053920143007349076,0.053920143007349056,5.99205775815131,1176.822020964618,0.9806850174705151,0.8358333333333333,0.8729313918590256,True,10,False,1200,10.0,0.15
21,4,Tamar Braxton,percent,0.11440677966101695,0.1419880478447755,0.14416669017537678,0.017082714262515196,0.35581724686552946,0.3387345326030143,2.3495870135045602,1176.822020964618,0.9806850174705151,0.8358333333333333,0.8729313918590256,True,10,False,1200,10.0,0.15
21,5,Alek Skarlatos,percent,0.09634551495016612,0.15071194209002184,0.15399627908481586,0.01926379174615346,0.35620575918431835,0.3369419674381649,2.187973511224117,1199.9999999999998,0.9999999999999998,,,False,9,False,1200,10.0,0.15
21,5,Alexa PenaVega,percent,0.132890365448505,0.17208105825826722,0.1738945314560854,0.03073790799821758,0.397207023316755,0.36646911531853743,2.1074096168542633,1199.9999999999998,0.9999999999999998,,,False,9,False,1200,10.0,0.15
21,5,Andy Grammer,percent,0.11960132890365449,0.017875661934946302,0.01734658322963332,5.324509467470648e-09,0.09930948171782758,0.09930947639331811,5.724686550209289,1199.9999999999998,0.9999999999999998,,,False,9,False,1200,10.0,0.15
21,5,Bindi Irwin,percent,0.12292358803986711,0.1701240096473466,0.1724408151849192,0.02798161599861457,0.3922418022354611,0.36426018623684653,2.112365761438022,1199.9999999999998,0.9999999999999998,,,False,9,False,1200,10.0,0.15
21,5,Carlos PenaVega,percent,0.12956810631229235,0.15655936030274248,0.15677597328591825,0.019868996516470134,0.37174078427935436,0.35187178776288425,2.244409879767015,1199.9999999999998,0.9999999999999998,,,False,9,False,1200,10.0,0.15
21,5,Hayes Grier,percent,0.09966777408637874,0.021969949351555263,0.02168268391253557,7.346825170543099e-08,0.11431119741163494,0.11431112394338323,5.2717575299692845,1199.9999999999998,0.9999999999999998,,,False,9,False,1200,10.0,0.15
21,5,Nick Carter,percent,0.11627906976744186,0.1492833219528886,0.14428458880137693,0.01701377101601705,0.3549055908122246,0.3378918197962076,2.3418265303082233,1199.9999999999998,0.9999999999999998,,,False,9,False,1200,10.0,0.15
21,5,Paula Deen,percent,0.08637873754152824,0.008554863870399167,0.007568742175697233,4.943482321680389e-18,0.041679078418803146,0.04167907841880314,5.506010304104469,1199.9999999999998,0.9999999999999998,,,False,9,False,1200,10.0,0.15
21,5,Tamar Braxton,percent,0.09634551495016612,0.15283983259183248,0.1520098028690181,0.020492408222603765,0.3744279800850508,0.353935571862447,2.3283580191824904,1199.9999999999998,0.9999999999999998,,,False,9,False,1200,10.0,0.15
21,6,Alek Skarlatos,percent,0.09584664536741214,0.15045906262975567,0.1512348921034648,0.019757617386665136,0.35990844122633964,0.3401508238396745,2.2491408561068793,1182.4868963410465,0.9854057469508721,0.9175,0.943974588753875,True,9,False,1200,10.0,0.15
21,6,Alexa PenaVega,percent,0.09584664536741214,0.18712792059701347,0.18559914249070622,0.03075005311306871,0.40482178849393097,0.37407173538086225,2.0154711648434946,1182.4868963410465,0.9854057469508721,0.9175,0.943974588753875,True,9,False,1200,10.0,0.15
21,6,Andy Grammer,percent,0.12779552715654952,0.017486359702427984,0.018141707702524608,5.350339336864652e-09,0.09077318467320805,0.09077317932286871,5.003287315830887,1182.4868963410465,0.9854057469508721,0.9175,0.943974588753875,True,9,False,1200,10.0,0.15
21,6,Bindi Irwin,percent,0.12779552715654952,0.16771765420899423,0.16949034269755223,0.02927387324563516,0.37111958691694075,0.34184571367130556,2.016891885040465,1182.4868963410465,0.9854057469508721,0.9175,0.943974588753875,True,9,False,1200,10.0,0.15
21,6,Carlos PenaVega,percent,0.12140575079872204,0.159124455469217,0.15794689084582567,0.023655528649461303,0.3655145887267993,0.341859060077338,2.164378759644405,1182.4868963410465,0.9854057469508721,0.9175,0.943974588753875,True,9,False,1200,10.0,0.15
21,6,Hayes Grier,percent,0.10223642172523961,0.02177623032914301,0.02151901458427313,7.256355025963706e-08,0.11289123187207241,0.11289115930852214,5.245868159913945,1182.4868963410465,0.9854057469508721,0.9175,0.943974588753875,True,9,False,1200,10.0,0.15
21,6,Nick Carter,percent,0.12460063897763578,0.1459886654731251,0.15259898382575943,0.022825391971249512,0.34337987351587557,0.32055448154462607,2.100619367762445,1182.4868963410465,0.9854057469508721,0.9175,0.943974588753875,True,9,False,1200,10.0,0.15
21,6,Paula Deen,percent,0.07667731629392971,0.00872639582087837,0.005426271831667552,6.335425190666666e-18,0.03264239357194811,0.032642393571948106,6.014512370926995,1182.4868963410465,0.9854057469508721,0.9175,0.943974588753875,True,9,True,1200,10.0,0.15
21,6,Tamar Braxton,percent,0.12779552715654952,0.14159325576944512,0.13804275391822618,0.016710303278407414,0.33110125131141616,0.31439094803300877,2.2774731859236925,1182.4868963410465,0.9854057469508721,0.9175,0.943974588753875,True,9,False,1200,10.0,0.15
21,7,Alek Skarlatos,percent,0.11990950226244344,0.1467457388633893,0.14685608484157214,0.019511582277645653,0.35254434077283375,0.3330327584951881,2.267733687172534,1157.2111436451864,0.964342619704322,0.42583333333333334,0.4711911877289236,True,8,False,1200,10.0,0.15
21,7,Alexa PenaVega,percent,0.1244343891402715,0.18058754812901642,0.17626226369104914,0.03019127934360795,0.40043312109696894,0.370241841753361,2.100504858473027,1157.2111436451864,0.964342619704322,0.42583333333333334,0.4711911877289236,True,8,False,1200,10.0,0.15
21,7,Andy Grammer,percent,0.12669683257918551,0.018088990048035956,0.01981406278005042,7.459224281239341e-09,0.10118794701676323,0.10118793955753895,5.106617156894088,1157.2111436451864,0.964342619704322,0.42583333333333334,0.4711911877289236,True,8,False,1200,10.0,0.15
21,7,Bindi Irwin,percent,0.13122171945701358,0.17167053238636246,0.17061686293153436,0.03137786275436542,0.3783578518926795,0.34697998913831407,2.0336674201431677,1157.2111436451864,0.964342619704322,0.42583333333333334,0.4711911877289236,True,8,False,1200,10.0,0.15
21,7,Carlos PenaVega,percent,0.12669683257918551,0.1621656653777377,0.16530276200105892,0.02514482234148897,0.3841396474463805,0.35899482510489156,2.171728100795382,1157.2111436451864,0.964342619704322,0.42583333333333334,0.4711911877289236,True,8,False,1200,10.0,0.15
21,7,Hayes Grier,percent,0.12669683257918551,0.021219047097331762,0.013580116935256284,4.451181872809096e-08,0.07072200340165545,0.07072195888983672,5.207374270244597,1157.2111436451864,0.964342619704322,0.42583333333333334,0.4711911877289236,True,8,True,1200,10.0,0.15
21,7,Nick Carter,percent,0.12217194570135746,0.15149054258481043,0.1576164095970325,0.02004215547738379,0.3739581474831996,0.3539159920058158,2.245411803877781,1157.2111436451864,0.964342619704322,0.42583333333333334,0.4711911877289236,True,8,False,1200,10.0,0.15
21,7,Tamar Braxton,percent,0.12217194570135746,0.14803193551331606,0.14995143722244608,0.021353929760680818,0.35834150057341085,0.33698757081273,2.247296389806774,1157.2111436451864,0.964342619704322,0.42583333333333334,0.4711911877289236,True,8,False,1200,10.0,0.15
21,8,Alek Skarlatos,percent,0.12886637793725134,0.1540901143115362,0.15542413697625893,0.022348285719471676,0.35224330153311945,0.3298950158136478,2.122533215872533,1161.3391484014917,0.9677826236679098,0.8966666666666666,0.9392708243432171,True,7,False,1200,10.0,0.15
21,8,Alexa PenaVega,percent,0.13917465724120795,0.18707696643920535,0.18826834498576253,0.03475046404537994,0.40501862720338466,0.3702681631580047,1.9666938512268444,1161.3391484014917,0.9677826236679098,0.8966666666666666,0.9392708243432171,True,7,False,1200,10.0,0.15
21,8,Andy Grammer,percent,0.1237106918887378,0.019532571589440648,0.01270581764806517,7.454396160560381e-09,0.05814446096019756,0.0581444535058014,4.575847007189474,1161.3391484014917,0.9677826236679098,0.8966666666666666,0.9392708243432171,True,7,True,1200,10.0,0.15
21,8,Bindi Irwin,percent,0.1443303432897215,0.1785197447712777,0.18249858782483455,0.03274641038667567,0.3991233569337078,0.3663769465470321,2.007549446624972,1161.3391484014917,0.9677826236679098,0.8966666666666666,0.9392708243432171,True,7,False,1200,10.0,0.15
21,8,Carlos PenaVega,percent,0.14948396747618806,0.16485975448521836,0.16511358274984858,0.026699600856236187,0.37630427554316254,0.34960467468692635,2.1173458386566826,1161.3391484014917,0.9677826236679098,0.8966666666666666,0.9392708243432171,True,7,False,1200,10.0,0.15
21,8,Nick Carter,percent,0.17010361887717176,0.1452080805643589,0.14199771583015122,0.01967812740665676,0.33330584763489246,0.3136277202282357,2.2086658910590073,1161.3391484014917,0.9677826236679098,0.8966666666666666,0.9392708243432171,True,7,False,1200,10.0,0.15
21,8,Tamar Braxton,percent,0.1443303432897215,0.15071276783896279,0.15399181398507858,0.02380072535426149,0.35825301088125244,0.33445228552699097,2.1718694325528616,1161.3391484014917,0.9677826236679098,0.8966666666666666,0.9392708243432171,True,7,False,1200,10.0,0.15
21,9,Alek Skarlatos,percent,0.15501519756838905,0.15552646637930576,0.15750838526115596,0.020549415760628135,0.36884600498395376,0.3482965892233256,2.211275148117923,1199.9999999999998,0.9999999999999998,,,False,6,False,1200,10.0,0.15
21,9,Alexa PenaVega,percent,0.182370820668693,0.1814375976268592,0.18186711546409337,0.03419516438234061,0.41504894442897516,0.38085378004663456,2.0941206713159537,1199.9999999999998,0.9999999999999998,,,False,6,True,1200,10.0,0.15
21,9,Bindi Irwin,percent,0.182370820668693,0.1752395566014554,0.17571390287588962,0.028362154679529718,0.38898460666142615,0.3606224519818964,2.0523156891058356,1199.9999999999998,0.9999999999999998,,,False,6,False,1200,10.0,0.15
21,9,Carlos PenaVega,percent,0.1641337386018237,0.17093416216503368,0.16660634124059368,0.028492223347560013,0.3744844836481395,0.3459922603005795,2.076692765902436,1199.9999999999998,0.9999999999999998,,,False,6,False,1200,10.0,0.15
21,9,Nick Carter,percent,0.16717325227963525,0.15688049775193522,0.15829730537556003,0.023521513085142363,0.3663163238239196,0.3427948107387772,2.1654989289083186,1199.9999999999998,0.9999999999999998,,,False,6,False,1200,10.0,0.15
21,9,Tamar Braxton,percent,0.14893617021276595,0.15998171947541076,0.16000694978270721,0.024314282614653866,0.361714160643061,0.33739987802840715,2.108644467269285,1199.9999999999998,0.9999999999999998,,,False,6,True,1200,10.0,0.15
21,10,Alek Skarlatos,percent,0.24050632911392406,0.23477801332376,0.23452222310491558,0.06328666879040508,0.46269581637315577,0.3994091475827507,1.7030686440978695,1199.9999999999998,0.9999999999999998,,,False,4,False,1200,10.0,0.15
21,10,Bindi Irwin,percent,0.26582278481012656,0.26580145400654626,0.26624103694414414,0.07869941439777432,0.5029422983016424,0.42424288390386805,1.593448160077259,1199.9999999999998,0.9999999999999998,,,False,4,False,1200,10.0,0.15
21,10,Carlos PenaVega,percent,0.26582278481012656,0.2484405998329056,0.248349413884524,0.06497419757965003,0.49447549510893757,0.42950129752928756,1.7294164757421893,1199.9999999999998,0.9999999999999998,,,False,4,False,1200,10.0,0.15
21,10,Nick Carter,percent,0.22784810126582278,0.25097993283678816,0.2508873260664162,0.07087037274695847,0.4864666810121535,0.41559630826519506,1.6564991874320079,1199.9999999999998,0.9999999999999998,,,False,4,False,1200,10.0,0.15
21,11,Alek Skarlatos,percent,0.23728748922668577,0.23634560988435407,0.2390068399601329,0.05572734414499757,0.4834633995309731,0.42773605538597553,1.789631902691238,1199.9999999999998,0.9999999999999998,,,False,4,True,1200,10.0,0.15
21,11,Bindi Irwin,percent,0.25423750359110475,0.27286572041428414,0.26472711107416075,0.07936990739718948,0.5073199607261635,0.427950053328974,1.6165644501920253,1199.9999999999998,0.9999999999999998,,,False,4,True,1200,10.0,0.15
21,11,Carlos PenaVega,percent,0.25423750359110475,0.25504346282429696,0.25923201041862953,0.07427064195809675,0.5118469624463757,0.437576320488279,1.6879652779622738,1199.9999999999998,0.9999999999999998,,,False,4,True,1200,10.0,0.15
21,11,Nick Carter,percent,0.25423750359110475,0.2357452068770648,0.23703403854707694,0.06083622012361812,0.47052282781716276,0.40968660769354465,1.7283799484023448,1199.9999999999998,0.9999999999999998,,,False,4,True,1200,10.0,0.15
22,1,Antonio Brown,percent,0.08860759493670886,0.13902451848138483,0.13905349767903355,0.01490715257131864,0.3433114048974128,0.32840425232609416,2.361694571606874,1199.9999999999998,0.9999999999999998,,,False,12,False,1200,10.0,0.15
22,1,Doug Flutie,percent,0.06329113924050633,0.0101289445442719,0.010419365079047272,3.5676585897411967e-14,0.06648882233352092,0.06648882233348524,6.380661505533766,1199.9999999999998,0.9999999999999998,,,False,12,False,1200,10.0,0.15
22,1,Geraldo Rivera,percent,0.05485232067510549,0.009109050795943593,0.00894047775258194,1.885412097107034e-16,0.04876303822622964,0.04876303822622945,5.45357709044779,1199.9999999999998,0.9999999999999998,,,False,12,False,1200,10.0,0.15
22,1,Ginger Zee,percent,0.0970464135021097,0.12850525450229827,0.12883995847287746,0.01288278146104818,0.33093513584304934,0.3180523543820012,2.4685655722512725,1199.9999999999998,0.9999999999999998,,,False,12,False,1200,10.0,0.15
22,1,Jodie Sweetin,percent,0.08438818565400844,0.016173678249291244,0.015465264419440853,9.745216966583487e-10,0.08115821978984177,0.08115821881532007,5.247435102254262,1199.9999999999998,0.9999999999999998,,,False,12,False,1200,10.0,0.15
22,1,Kim Fields,percent,0.08438818565400844,0.10823180471005707,0.10882326013494358,0.00742503049427148,0.3202770717009984,0.31285204120672694,2.874837291048762,1199.9999999999998,0.9999999999999998,,,False,12,False,1200,10.0,0.15
22,1,Marla Maples,percent,0.08860759493670886,0.013028390229714517,0.012237158977265714,3.4722618706407843e-12,0.07107647004594625,0.07107647004247399,5.80777469670966,1199.9999999999998,0.9999999999999998,,,False,12,False,1200,10.0,0.15
22,1,Mischa Barton,percent,0.06751054852320675,0.020159600849283053,0.020468363067914407,1.0424786837428097e-08,0.11048547140285507,0.11048546097806823,5.397601313313626,1199.9999999999998,0.9999999999999998,,,False,12,False,1200,10.0,0.15
22,1,Nyle DiMarco,percent,0.0970464135021097,0.14725608707237675,0.14493252975590912,0.016979044147895514,0.35475541475313616,0.33777637060524063,2.3305605761076076,1199.9999999999998,0.9999999999999998,,,False,12,False,1200,10.0,0.15
22,1,Paige VanZant,percent,0.08860759493670886,0.1443031031390097,0.14243739582884357,0.01663745202283396,0.3459533854862472,0.32931593346341326,2.311988502447928,1199.9999999999998,0.9999999999999998,,,False,12,False,1200,10.0,0.15
22,1,Von Miller,percent,0.08860759493670886,0.13303803207397574,0.13400797275943313,0.01411622049647242,0.3347287487372176,0.32061252824074515,2.3924706058026004,1199.9999999999998,0.9999999999999998,,,False,12,False,1200,10.0,0.15
22,1,Wanya Morris,percent,0.0970464135021097,0.1310415353523932,0.13437475607270938,0.013001040107221449,0.3327462927091443,0.3197452526019228,2.3794861658595012,1199.9999999999998,0.9999999999999998,,,False,12,False,1200,10.0,0.15
22,2,Antonio Brown,percent,0.08050847457627118,0.1409142457797489,0.1398159257323146,0.0172335292492279,0.33369294899372803,0.31645941974450015,2.263384193916372,1184.5127204859152,0.9870939337382627,0.8808333333333334,0.9083919395184489,True,12,False,1200,10.0,0.15
22,2,Doug Flutie,percent,0.0847457627118644,0.009580690902432626,0.008870244427018871,6.068087917829415e-16,0.053610109934009595,0.05361010993400899,6.043132998424704,1184.5127204859152,0.9870939337382627,0.8808333333333334,0.9083919395184489,True,12,False,1200,10.0,0.15
22,2,Geraldo Rivera,percent,0.05508474576271186,0.009054627182173631,0.0048577928034111775,8.44565219487978e-16,0.027011096716879762,0.02701109671687892,5.559219709454462,1184.5127204859152,0.9870939337382627,0.8808333333333334,0.9083919395184489,True,12,True,1200,10.0,0.15
22,2,Ginger Zee,percent,0.08898305084745763,0.13024109894225547,0.13500785503885174,0.01272955536122892,0.3272585111371142,0.31452895577588524,2.329691305695265,1184.5127204859152,0.9870939337382627,0.8808333333333334,0.9083919395184489,True,12,False,1200,10.0,0.15
22,2,Jodie Sweetin,percent,0.08898305084745763,0.015913781118185196,0.017073163177465156,5.527962154807946e-11,0.090755486987679,0.09075548693239938,5.3153695433917605,1184.5127204859152,0.9870939337382627,0.8808333333333334,0.9083919395184489,True,12,False,1200,10.0,0.15
22,2,Kim Fields,percent,0.08050847457627118,0.10862527096946664,0.11120977993861444,0.007936302022285789,0.2903607445830887,0.2824244425608029,2.5395419645172357,1184.5127204859152,0.9870939337382627,0.8808333333333334,0.9083919395184489,True,12,False,1200,10.0,0.15
22,2,Marla Maples,percent,0.0847457627118644,0.013075206706403409,0.012434370635046293,2.9795403241824034e-11,0.07362000059311735,0.07362000056332195,5.9202095959923025,1184.5127204859152,0.9870939337382627,0.8808333333333334,0.9083919395184489,True,12,False,1200,10.0,0.15
22,2,Mischa Barton,percent,0.0635593220338983,0.02023627495677234,0.020567080769866686,1.5509044950740056e-08,0.09934826859783294,0.09934825308878799,4.830215040498011,1184.5127204859152,0.9870939337382627,0.8808333333333334,0.9083919395184489,True,12,False,1200,10.0,0.15
22,2,Nyle DiMarco,percent,0.0847457627118644,0.15073222774007716,0.14631200816915868,0.02190887184377462,0.3468534206869646,0.32494454884319,2.2208862554962154,1184.5127204859152,0.9870939337382627,0.8808333333333334,0.9083919395184489,True,12,False,1200,10.0,0.15
22,2,Paige VanZant,percent,0.1016949152542373,0.13919085178274965,0.13727208096642718,0.017124367300253695,0.34068882811587664,0.32356446081562296,2.357086025444107,1184.5127204859152,0.9870939337382627,0.8808333333333334,0.9083919395184489,True,12,False,1200,10.0,0.15
22,2,Von Miller,percent,0.0847457627118644,0.13351609358560604,0.13533086023348434,0.016315067995155537,0.34360585265155463,0.3272907846563991,2.418431137292677,1184.5127204859152,0.9870939337382627,0.8808333333333334,0.9083919395184489,True,12,False,1200,10.0,0.15
22,2,Wanya Morris,percent,0.1016949152542373,0.12891963033412893,0.13124883810834073,0.013357522811798729,0.3486191595077846,0.33526163669598585,2.5543775255497283,1184.5127204859152,0.9870939337382627,0.8808333333333334,0.9083919395184489,True,12,False,1200,10.0,0.15
22,3,Antonio Brown,percent,0.08438818565400844,0.14244144592549912,0.1383916768963505,0.015560134078939934,0.3392514088661374,0.3236912747871975,2.3389335479768687,1161.56836042235,0.9679736336852917,0.6525,0.713994750396922,True,11,False,1200,10.0,0.15
22,3,Doug Flutie,percent,0.08438818565400844,0.009781016640290715,0.009481554450995812,1.1386014219270478e-14,0.058393525365676796,0.05839352536566541,6.157995260394546,1161.56836042235,0.9679736336852917,0.6525,0.713994750396922,True,11,False,1200,10.0,0.15
22,3,Ginger Zee,percent,0.08860759493670886,0.13296991414559386,0.13533958672332558,0.017070547648201564,0.33477065643123455,0.317700108783033,2.3474119366166324,1161.56836042235,0.9679736336852917,0.6525,0.713994750396922,True,11,False,1200,10.0,0.15
22,3,Jodie Sweetin,percent,0.0970464135021097,0.01592955560203074,0.018674464230675435,2.4784229090171363e-10,0.10462612897536634,0.10462612872752405,5.602330814120814,1161.56836042235,0.9679736336852917,0.6525,0.713994750396922,True,11,False,1200,10.0,0.15
22,3,Kim Fields,percent,0.09282700421940929,0.10765576449158804,0.10908873766578457,0.007050743028122382,0.3000583304940604,0.293007587465938,2.6859317268102507,1161.56836042235,0.9679736336852917,0.6525,0.713994750396922,True,11,False,1200,10.0,0.15
22,3,Marla Maples,percent,0.08860759493670886,0.013217466060946714,0.012938556660526776,3.629158835876884e-12,0.06810582961288938,0.06810582960926023,5.263381999556669,1161.56836042235,0.9679736336852917,0.6525,0.713994750396922,True,11,False,1200,10.0,0.15
22,3,Mischa Barton,percent,0.0759493670886076,0.02005230576251462,0.013079399409505886,2.23270675239031e-08,0.06473212648332961,0.06473210415626209,4.9487865110005345,1161.56836042235,0.9679736336852917,0.6525,0.713994750396922,True,11,True,1200,10.0,0.15
22,3,Nyle DiMarco,percent,0.10548523206751055,0.1464723486066336,0.148834425014229,0.022830965434906248,0.35231799473170705,0.3294870292968008,2.2137675171438596,1161.56836042235,0.9679736336852917,0.6525,0.713994750396922,True,11,False,1200,10.0,0.15
22,3,Paige VanZant,percent,0.0970464135021097,0.14353508128738637,0.14637816497904124,0.019046615283190634,0.3600593683065421,0.3410127530233515,2.3296536298193677,1161.56836042235,0.9679736336852917,0.6525,0.713994750396922,True,11,False,1200,10.0,0.15
22,3,Von Miller,percent,0.08438818565400844,0.1363078243945684,0.1375591941018804,0.016642092107143024,0.3319148750027546,0.31527278289561156,2.291889633872666,1161.56836042235,0.9679736336852917,0.6525,0.713994750396922,True,11,False,1200,10.0,0.15
22,3,Wanya Morris,percent,0.10126582278481013,0.13163727708294778,0.1302342398676848,0.013957624902406023,0.33801938938848414,0.3240617644860781,2.488280167605292,1161.56836042235,0.9679736336852917,0.6525,0.713994750396922,True,11,False,1200,10.0,0.15
22,4,Antonio Brown,percent,0.109717868338558,0.14129478077409136,0.14618529407316477,0.01671731780309128,0.3501827958891682,0.3334654780860769,2.2810994710569843,1173.3736745131157,0.9778113954275964,0.056666666666666664,0.061882277773067866,True,10,False,1200,10.0,0.15
22,4,Doug Flutie,percent,0.07523510971786834,0.010517516434818486,0.01054849566432891,2.262097572105205e-14,0.062105075852567776,0.062105075852545155,5.887018472602584,1173.3736745131157,0.9778113954275964,0.056666666666666664,0.061882277773067866,True,10,False,1200,10.0,0.15
22,4,Ginger Zee,percent,0.11285266457680251,0.13223464631890486,0.12618415227492835,0.013606865893460532,0.31241755908028884,0.2988106931868283,2.368033701269296,1173.3736745131157,0.9778113954275964,0.056666666666666664,0.061882277773067866,True,10,False,1200,10.0,0.15
22,4,Jodie Sweetin,percent,0.08463949843260188,0.01725993800546519,0.017981589883186926,4.946172773363925e-09,0.10013662188149151,0.10013661693531874,5.568531428776167,1173.3736745131157,0.9778113954275964,0.056666666666666664,0.061882277773067866,True,10,False,1200,10.0,0.15
22,4,Kim Fields,percent,0.10031347962382445,0.11134181776273919,0.11368043675375566,0.008445179956144081,0.30643155398464367,0.2979863740284996,2.6212403936622053,1173.3736745131157,0.9778113954275964,0.056666666666666664,0.061882277773067866,True,10,False,1200,10.0,0.15
22,4,Marla Maples,percent,0.0877742946708464,0.013938733466588495,0.008722464980675587,3.136985029155699e-11,0.04811741109039591,0.04811741105902606,5.515859943911831,1173.3736745131157,0.9778113954275964,0.056666666666666664,0.061882277773067866,True,10,True,1200,10.0,0.15
22,4,Nyle DiMarco,percent,0.10658307210031348,0.15376887537007328,0.1556447263060875,0.020190287265792698,0.3870791960075169,0.3668889087417242,2.3572051571799224,1173.3736745131157,0.9778113954275964,0.056666666666666664,0.061882277773067866,True,10,False,1200,10.0,0.15
22,4,Paige VanZant,percent,0.11285266457680251,0.14558780079455735,0.14516772480751516,0.01810977242915733,0.3683924329316014,0.35028266050244405,2.412934748630584,1173.3736745131157,0.9778113954275964,0.056666666666666664,0.061882277773067866,True,10,False,1200,10.0,0.15
22,4,Von Miller,percent,0.10031347962382445,0.1382186820408703,0.13786519976830103,0.01577299841553998,0.33102111781105986,0.3152481193955199,2.2866236969273706,1173.3736745131157,0.9778113954275964,0.056666666666666664,0.061882277773067866,True,10,False,1200,10.0,0.15
22,4,Wanya Morris,percent,0.109717868338558,0.13583720903189173,0.13801991548805617,0.015055965859939133,0.3454710855500409,0.3304151196901018,2.39394963090717,1173.3736745131157,0.9778113954275964,0.056666666666666664,0.061882277773067866,True,10,False,1200,10.0,0.15
22,5,Antonio Brown,percent,0.09420289855072464,0.1499379668073786,0.14913110678002203,0.018212979987642878,0.3663673648272549,0.34815438483961203,2.334536756415295,1199.9999999999998,0.9999999999999998,,,False,9,False,1200,10.0,0.15
22,5,Doug Flutie,percent,0.10144927536231885,0.010122688619178921,0.011218949961406363,4.636125438094077e-14,0.06621174793040549,0.06621174793035912,5.901251623947513,1199.9999999999998,0.9999999999999998,,,False,9,False,1200,10.0,0.15
22,5,Ginger Zee,percent,0.11594202898550725,0.13434641106655607,0.1341923488397522,0.015141427388853126,0.3393597643639408,0.3242183369750877,2.416053699965823,1199.9999999999998,0.9999999999999998,,,False,9,False,1200,10.0,0.15
22,5,Jodie Sweetin,percent,0.12681159420289856,0.016003182275653227,0.015907080476550383,8.413902657561452e-10,0.08706897533529034,0.08706897449390008,5.473254590473426,1199.9999999999998,0.9999999999999998,,,False,9,False,1200,10.0,0.15
22,5,Kim Fields,percent,0.10144927536231885,0.11363816859569895,0.11320415065314209,0.009117439530698225,0.3019911800449177,0.2928737405142195,2.587106141588714,1199.9999999999998,0.9999999999999998,,,False,9,False,1200,10.0,0.15
22,5,Nyle DiMarco,percent,0.13405797101449277,0.14756046997892466,0.144702979525569,0.019270075616024486,0.34580391360546897,0.32653383798944446,2.2565643257360892,1199.9999999999998,0.9999999999999998,,,False,9,False,1200,10.0,0.15
22,5,Paige VanZant,percent,0.11231884057971014,0.14917205713443074,0.14978154026489435,0.019350770150527368,0.34219454112901915,0.32284377097849176,2.155416581983014,1199.9999999999998,0.9999999999999998,,,False,9,False,1200,10.0,0.15
22,5,Von Miller,percent,0.10507246376811594,0.13987850574389254,0.14219851950468532,0.018445334294280424,0.3432464924773466,0.3248011581830662,2.284122754524247,1199.9999999999998,0.9999999999999998,,,False,9,False,1200,10.0,0.15
22,5,Wanya Morris,percent,0.10869565217391304,0.1393405497782863,0.1396633239939786,0.01583561645364579,0.34655230813517923,0.33071669168153345,2.367939658633165,1199.9999999999998,0.9999999999999998,,,False,9,False,1200,10.0,0.15
22,6,Antonio Brown,percent,0.11894273127753303,0.14251115423917712,0.1461967355688094,0.019943303211073106,0.3437760315352586,0.32383272832418547,2.2150324494716296,1177.0500802448082,0.9808750668706735,0.8791666666666667,0.9149922896649365,True,9,False,1200,10.0,0.15
22,6,Doug Flutie,percent,0.09251101321585903,0.010410100417247194,0.006835094376646862,5.853774756858882e-15,0.04278793347804898,0.042787933478043126,6.259119772280092,1177.0500802448082,0.9808750668706735,0.8791666666666667,0.9149922896649365,True,9,True,1200,10.0,0.15
22,6,Ginger Zee,percent,0.10572687224669604,0.1385742762871796,0.14268549607244516,0.017426323468710772,0.34692607831661676,0.329499754847906,2.3092567546168596,1177.0500802448082,0.9808750668706735,0.8791666666666667,0.9149922896649365,True,9,False,1200,10.0,0.15
22,6,Jodie Sweetin,percent,0.11013215859030837,0.016758360991786275,0.01781168293724179,3.0081569673818513e-10,0.08858847893725331,0.08858847863643762,4.973337197352884,1177.0500802448082,0.9808750668706735,0.8791666666666667,0.9149922896649365,True,9,False,1200,10.0,0.15
22,6,Kim Fields,percent,0.10572687224669604,0.11330629750693727,0.11069422928873877,0.0077158639713095474,0.2946706049230631,0.28695474095175355,2.592295465627135,1177.0500802448082,0.9808750668706735,0.8791666666666667,0.9149922896649365,True,9,False,1200,10.0,0.15
22,6,Nyle DiMarco,percent,0.11013215859030837,0.15716599379033747,0.16008075248362152,0.024052103066474442,0.3641216467187281,0.34006954365225367,2.124349205179068,1177.0500802448082,0.9808750668706735,0.8791666666666667,0.9149922896649365,True,9,False,1200,10.0,0.15
22,6,Paige VanZant,percent,0.12334801762114538,0.14640527417873792,0.14399436550736908,0.01785734016690003,0.3381100008160642,0.32025266064916413,2.22404838878495,1177.0500802448082,0.9808750668706735,0.8791666666666667,0.9149922896649365,True,9,False,1200,10.0,0.15
22,6,Von Miller,percent,0.10572687224669604,0.14065736866010303,0.14129266983513342,0.019012425197986946,0.33699107485853724,0.3179786496605503,2.250480506533515,1177.0500802448082,0.9808750668706735,0.8791666666666667,0.9149922896649365,True,9,False,1200,10.0,0.15
22,6,Wanya Morris,percent,0.1277533039647577,0.13421117392849413,0.13040897392999382,0.01380429186951818,0.32585551924418754,0.31205122737466934,2.3928478625583,1177.0500802448082,0.9808750668706735,0.8791666666666667,0.9149922896649365,True,9,False,1200,10.0,0.15
22,7,Antonio Brown,percent,0.12149532710280374,0.14717043974032068,0.14428122230280885,0.020340175290468197,0.3542853278035464,0.33394515251307816,2.3145273699223927,1199.9999999999998,0.9999999999999998,,,False,8,False,1200,10.0,0.15
22,7,Ginger Zee,percent,0.12850467289719625,0.13649056279963276,0.1368770252727851,0.01464690938332573,0.3377841907342658,0.32313728135094005,2.3607681416133643,1199.9999999999998,0.9999999999999998,,,False,8,False,1200,10.0,0.15
22,7,Jodie Sweetin,percent,0.1191588785046729,0.01704608413361164,0.01660807249945651,3.2614826749205367e-09,0.10330054422920967,0.10330054096772699,6.219524959693399,1199.9999999999998,0.9999999999999998,,,False,8,False,1200,10.0,0.15
22,7,Kim Fields,percent,0.12149532710280374,0.11344792577235183,0.11129632291759806,0.007577289794279012,0.295033120719007,0.287455830924728,2.5827739912266674,1199.9999999999998,0.9999999999999998,,,False,8,True,1200,10.0,0.15
22,7,Nyle DiMarco,percent,0.1308411214953271,0.15555387198557663,0.1594042431303149,0.020815828384307785,0.3852442956935831,0.3644284673092753,2.286176164301901,1199.9999999999998,0.9999999999999998,,,False,8,False,1200,10.0,0.15
22,7,Paige VanZant,percent,0.12850467289719625,0.15027348293643872,0.14794111707034505,0.020484861272755728,0.3594515329504592,0.33896667167770345,2.29121144397662,1199.9999999999998,0.9999999999999998,,,False,8,False,1200,10.0,0.15
22,7,Von Miller,percent,0.12149532710280374,0.1408331846525009,0.1412676482504539,0.017509068104282682,0.3492747084872148,0.3317656403829321,2.3484732422352326,1199.9999999999998,0.9999999999999998,,,False,8,True,1200,10.0,0.15
22,7,Wanya Morris,percent,0.12850467289719625,0.1391844479795668,0.1423243485562376,0.014607222494595938,0.3528259041720093,0.33821868167741337,2.376376977877357,1199.9999999999998,0.9999999999999998,,,False,8,False,1200,10.0,0.15
22,8,Antonio Brown,percent,0.15976331360946747,0.19693523669783747,0.19490624391936712,0.03771816790838776,0.4263660554237834,0.38864788751539564,1.9940145871447383,1152.2338253496819,0.9601948544580682,0.7866666666666666,0.8482711647387449,True,6,False,1200,10.0,0.15
22,8,Ginger Zee,percent,0.17751479289940827,0.178110658665467,0.18054628834161787,0.03313685135643129,0.3979795695357624,0.3648427181793311,2.0207598880632505,1152.2338253496819,0.9601948544580682,0.7866666666666666,0.8482711647387449,True,6,False,1200,10.0,0.15
22,8,Jodie Sweetin,percent,0.17751479289940827,0.02176282340856722,0.01468186874043026,6.199487819166164e-08,0.07448568716814093,0.07448562517326274,5.072961319075311,1152.2338253496819,0.9601948544580682,0.7866666666666666,0.8482711647387449,True,6,True,1200,10.0,0.15
22,8,Nyle DiMarco,percent,0.17159763313609466,0.2069450140290446,0.2058027605651133,0.047559060959000865,0.4267004176457097,0.37914135668670884,1.8422469815207971,1152.2338253496819,0.9601948544580682,0.7866666666666666,0.8482711647387449,True,6,False,1200,10.0,0.15
22,8,Paige VanZant,percent,0.16568047337278108,0.20160208188952017,0.20278617340428526,0.04350257085499975,0.4251082667510887,0.38160569589608895,1.8818039104243707,1152.2338253496819,0.9601948544580682,0.7866666666666666,0.8482711647387449,True,6,False,1200,10.0,0.15
22,8,Wanya Morris,percent,0.14792899408284024,0.1946441853095636,0.2012766650291861,0.0472038816373867,0.42985152278355576,0.38264764114616906,1.9010934029400808,1152.2338253496819,0.9601948544580682,0.7866666666666666,0.8482711647387449,True,6,False,1200,10.0,0.15
22,9,Antonio Brown,percent,0.1916376306620209,0.20302040369072702,0.20657383031092358,0.04631698074768651,0.42384095719980125,0.3775239764521147,1.827541021739624,1199.9999999999998,0.9999999999999998,,,False,5,True,1200,10.0,0.15
22,9,Ginger Zee,percent,0.1951219512195122,0.18984696468578607,0.1853875383651767,0.03350460624137842,0.39363734405524464,0.36013273781386623,1.9425836191905237,1199.9999999999998,0.9999999999999998,,,False,5,False,1200,10.0,0.15
22,9,Nyle DiMarco,percent,0.1986062717770035,0.21578212012003256,0.2154362637650208,0.046394313102578605,0.43862713274002246,0.39223281963744383,1.8206359140601385,1199.9999999999998,0.9999999999999998,,,False,5,False,1200,10.0,0.15
22,9,Paige VanZant,percent,0.20557491289198607,0.20396782711417913,0.20460134777483072,0.04228404897658224,0.43865889159494587,0.39637484261836364,1.937293715977212,1199.9999999999998,0.9999999999999998,,,False,5,False,1200,10.0,0.15
22,9,Wanya Morris,percent,0.20905923344947736,0.1873826843892753,0.18800101978404776,0.03400949688074379,0.402721962745746,0.3687124658650022,1.9612154501772432,1199.9999999999998,0.9999999999999998,,,False,5,True,1200,10.0,0.15
22,10,Ginger Zee,percent,0.32567046285270274,0.3137005564382364,0.3120328711009689,0.10467909504140184,0.5483240725452665,0.44364497750386467,1.4217846797801919,1199.9999999999998,0.9999999999999998,,,False,3,True,1200,10.0,0.15
22,10,Nyle DiMarco,percent,0.3333325670462853,0.3530871043848213,0.3515122509070623,0.1342893552257494,0.6109127486340319,0.4766233934082825,1.3559187091194425,1199.9999999999998,0.9999999999999998,,,False,3,True,1200,10.0,0.15
22,10,Paige VanZant,percent,0.340996970101012,0.3332123391769423,0.33645487799196816,0.12295138930359975,0.5918486475287937,0.468897258225194,1.3936366962100972,1199.9999999999998,0.9999999999999998,,,False,3,True,1200,10.0,0.15
23,1,Amber Rose,percent,0.07272727272727272,0.018951901635650758,0.01895051187484939,1.1618828993638228e-08,0.09473575773021019,0.09473574611138119,4.99884899616401,1199.9999999999998,0.9999999999999998,,,False,13,False,1200,10.0,0.15
23,1,Babyface,percent,0.07878787878787878,0.04017773334237418,0.039265902262648575,7.987309550625588e-05,0.15167629082164572,0.15159641772613947,3.8606665917301264,1199.9999999999998,0.9999999999999998,,,False,13,False,1200,10.0,0.15
23,1,Calvin Johnson Jr.,percent,0.07878787878787878,0.20662576681718817,0.2022154362222796,0.038985578952756714,0.44774482006469324,0.4087592411119365,2.021394742921004,1199.9999999999998,0.9999999999999998,,,False,13,False,1200,10.0,0.15
23,1,Jake T. Austin,percent,0.06666666666666667,0.016692096841912852,0.01572024834113384,6.759433775158215e-10,0.08577390553298532,0.08577390485704195,5.4559220105072015,1199.9999999999998,0.9999999999999998,,,False,13,False,1200,10.0,0.15
23,1,James Hinchcliffe,percent,0.09393939393939393,0.17810932727566353,0.18088803212404797,0.029024877725540396,0.4079492202039653,0.3789243424784249,2.094788932358102,1199.9999999999998,0.9999999999999998,,,False,13,False,1200,10.0,0.15
23,1,Jana Kramer,percent,0.08181818181818182,0.20649047439953078,0.2019735415686313,0.03913221891846374,0.45535458430861847,0.4162223653901547,2.0607664815455053,1199.9999999999998,0.9999999999999998,,,False,13,False,1200,10.0,0.15
23,1,Laurie Hernandez,percent,0.09393939393939393,0.19106028628930974,0.19800665238360327,0.03524165245223539,0.4210140843957113,0.38577243194347594,1.9482703183416017,1199.9999999999998,0.9999999999999998,,,False,13,False,1200,10.0,0.15
23,1,Marilu Henner,percent,0.08181818181818182,0.016905153262198765,0.017762253099187015,3.6430645461498426e-09,0.08630100809898684,0.0863010044559223,4.858400878151767,1199.9999999999998,0.9999999999999998,,,False,13,False,1200,10.0,0.15
23,1,Maureen McCormick,percent,0.06666666666666667,0.009712910587680717,0.010366150933449683,1.494718343659075e-15,0.0605035399385243,0.06050353993852281,5.836081709132615,1199.9999999999998,0.9999999999999998,,,False,13,False,1200,10.0,0.15
23,1,Rick Perry,percent,0.06060606060606061,0.007897292461245538,0.007054090368988563,1.2678395716506695e-19,0.039154273274822654,0.039154273274822654,5.549790467168164,1199.9999999999998,0.9999999999999998,,,False,13,False,1200,10.0,0.15
23,1,Ryan Lochte,percent,0.07272727272727272,0.01908606860668851,0.019745562487732952,1.8690661935757762e-08,0.09868903972151474,0.09868902103085281,4.997782327539836,1199.9999999999998,0.9999999999999998,,,False,13,False,1200,10.0,0.15
23,1,Terra Jole,percent,0.07575757575757576,0.03567768692145934,0.03772389788708158,2.391599961806664e-05,0.16035601075402983,0.16033209475441176,4.250033896296257,1199.9999999999998,0.9999999999999998,,,False,13,False,1200,10.0,0.15
23,1,Vanilla Ice,percent,0.07575757575757576,0.05261330155909708,0.050327720446366464,0.00030652669257616666,0.18862502311404628,0.1883184964214701,3.7417700023221228,1199.9999999999998,0.9999999999999998,,,False,13,False,1200,10.0,0.15
23,2,Amber Rose,percent,0.06818181818181818,0.019067335742503633,0.02039104638792642,8.280443932225514e-09,0.10791835541343739,0.10791834713299346,5.292178385632204,1160.4137874791095,0.9670114895659245,0.0675,0.07554642201305856,True,13,False,1200,10.0,0.15
23,2,Babyface,percent,0.08522727272727272,0.03939675594774984,0.039718031006621635,4.8446640365338816e-05,0.16432987953292832,0.16428143289256297,4.136088638848599,1160.4137874791095,0.9670114895659245,0.0675,0.07554642201305856,True,13,False,1200,10.0,0.15
23,2,Calvin Johnson Jr.,percent,0.07954545454545454,0.2053208506969228,0.2024678387313514,0.04391546759009324,0.4366794157663616,0.39276394817626836,1.9398735659140747,1160.4137874791095,0.9670114895659245,0.0675,0.07554642201305856,True,13,False,1200,10.0,0.15
23,2,Jake T. Austin,percent,0.06818181818181818,0.016557305655686586,0.01117736123028711,3.8201140285813803e-10,0.060346358447892434,0.06034635806588103,5.398497760331464,1160.4137874791095,0.9670114895659245,0.0675,0.07554642201305856,True,13,True,1200,10.0,0.15
23,2,James Hinchcliffe,percent,0.08238636363636363,0.18215646555878331,0.1813646314230739,0.0349706160649652,0.3996711973787127,0.3647005813137475,2.010858278121095,1160.4137874791095,0.9670114895659245,0.0675,0.07554642201305856,True,13,False,1200,10.0,0.15
23,2,Jana Kramer,percent,0.08238636363636363,0.20527735835079153,0.20560410017480363,0.041307299566394916,0.4391116133030929,0.397804313736698,1.934797888760971,1160.4137874791095,0.9670114895659245,0.0675,0.07554642201305856,True,13,False,1200,10.0,0.15
23,2,Laurie Hernandez,percent,0.09090909090909091,0.1915437703846785,0.19200109720780545,0.03289944265163954,0.42192535229319594,0.3890259096415564,2.0261544811175187,1160.4137874791095,0.9670114895659245,0.0675,0.07554642201305856,True,13,False,1200,10.0,0.15
23,2,Marilu Henner,percent,0.07670454545454546,0.01703074660466578,0.01743472004887913,4.694527037127181e-09,0.0971773109643148,0.09717730626978777,5.57346103271685,1160.4137874791095,0.9670114895659245,0.0675,0.07554642201305856,True,13,False,1200,10.0,0.15
23,2,Maureen McCormick,percent,0.07386363636363637,0.00950724344520766,0.009671825947658575,8.691833791948062e-16,0.062052074932682284,0.06205207493268142,6.415092680097472,1160.4137874791095,0.9670114895659245,0.0675,0.07554642201305856,True,13,False,1200,10.0,0.15
23,2,Rick Perry,percent,0.0625,0.00782658108423833,0.00810326940687233,1.0077093492666292e-18,0.04970282665448059,0.04970282665448059,6.132918855379259,1160.4137874791095,0.9670114895659245,0.0675,0.07554642201305856,True,13,False,1200,10.0,0.15
23,2,Ryan Lochte,percent,0.06818181818181818,0.019202319910927107,0.0224574535514399,6.7639155689451986e-09,0.11606115315144871,0.11606114638753315,5.16781558987137,1160.4137874791095,0.9670114895659245,0.0675,0.07554642201305856,True,13,False,1200,10.0,0.15
23,2,Terra Jole,percent,0.08806818181818182,0.03450688226662996,0.03822171364185358,1.6211546576302655e-05,0.16067170964384167,0.16065549809726537,4.203142131733651,1160.4137874791095,0.9670114895659245,0.0675,0.07554642201305856,True,13,False,1200,10.0,0.15
23,2,Vanilla Ice,percent,0.07386363636363637,0.052606384351214924,0.05138691124142663,0.00026427432478053596,0.19155817502115052,0.19129390069636998,3.7225467250001283,1160.4137874791095,0.9670114895659245,0.0675,0.07554642201305856,True,13,False,1200,10.0,0.15
23,3,Amber Rose,percent,0.07692307692307693,0.019257870486339194,0.01928037057354308,1.7973490359826308e-08,0.10237347408669749,0.10237345611320713,5.309449124621815,1180.9407598637706,0.9841172998864756,0.8141666666666667,0.84662032640785,True,12,False,1200,10.0,0.15
23,3,Babyface,percent,0.07692307692307693,0.041409439274065485,0.046032858240365834,7.020649185707858e-05,0.18349072401769786,0.1834205175258408,3.9844697910853,1180.9407598637706,0.9841172998864756,0.8141666666666667,0.84662032640785,True,12,False,1200,10.0,0.15
23,3,Calvin Johnson Jr.,percent,0.09846153846153846,0.20249402511514092,0.20276198145722796,0.04645601734512467,0.41909815116660903,0.37264213382148437,1.8378213377183534,1180.9407598637706,0.9841172998864756,0.8141666666666667,0.84662032640785,True,12,False,1200,10.0,0.15
23,3,James Hinchcliffe,percent,0.08923076923076922,0.18479504202613473,0.18959855798045666,0.033549314820652036,0.4118525280727455,0.3783032132520935,1.9952747637264419,1180.9407598637706,0.9841172998864756,0.8141666666666667,0.84662032640785,True,12,False,1200,10.0,0.15
23,3,Jana Kramer,percent,0.08,0.21279752234664012,0.21168746619758533,0.05095263992823618,0.4451002803149974,0.3941476403867612,1.8619230771830173,1180.9407598637706,0.9841172998864756,0.8141666666666667,0.84662032640785,True,12,False,1200,10.0,0.15
23,3,Laurie Hernandez,percent,0.09538461538461539,0.19539834495800845,0.1881092104237193,0.04207313146953637,0.4048427710849019,0.36276963961536557,1.9284952092617669,1180.9407598637706,0.9841172998864756,0.8141666666666667,0.84662032640785,True,12,False,1200,10.0,0.15
23,3,Marilu Henner,percent,0.08615384615384615,0.017172457980633618,0.01696130790838265,5.387642812886372e-09,0.09059159337257555,0.09059158798493273,5.340758372872304,1180.9407598637706,0.9841172998864756,0.8141666666666667,0.84662032640785,True,12,False,1200,10.0,0.15
23,3,Maureen McCormick,percent,0.08615384615384615,0.00952284282947816,0.008650857797307978,1.5450738612312282e-15,0.051367720251126923,0.051367720251125376,5.9371896134386795,1180.9407598637706,0.9841172998864756,0.8141666666666667,0.84662032640785,True,12,False,1200,10.0,0.15
23,3,Rick Perry,percent,0.07076923076923076,0.007913525119770639,0.005196035838086765,1.1295452465107813e-18,0.0323100501214844,0.0323100501214844,6.217015069378281,1180.9407598637706,0.9841172998864756,0.8141666666666667,0.84662032640785,True,12,True,1200,10.0,0.15
23,3,Ryan Lochte,percent,0.07692307692307693,0.019394203515154043,0.020902493852354573,6.6266753215425975e-09,0.1180174611203816,0.11801745449370628,5.645824345312148,1180.9407598637706,0.9841172998864756,0.8141666666666667,0.84662032640785,True,12,False,1200,10.0,0.15
23,3,Terra Jole,percent,0.09230769230769231,0.03522073342406877,0.034778362799638904,1.4208163143951863e-05,0.1395420731140447,0.13952786495090075,4.0118004965964875,1180.9407598637706,0.9841172998864756,0.8141666666666667,0.84662032640785,True,12,False,1200,10.0,0.15
23,3,Vanilla Ice,percent,0.07076923076923076,0.054623992924565795,0.05604049693133099,0.0004082632977424978,0.19753225939020141,0.19712399609245893,3.5174648588348694,1180.9407598637706,0.9841172998864756,0.8141666666666667,0.84662032640785,True,12,False,1200,10.0,0.15
23,4,Amber Rose,percent,0.09195402298850575,0.0190870756320911,0.01915991641511888,7.8859433478736e-09,0.09726100422120147,0.09726099633525813,5.076009634826994,1199.9999999999998,0.9999999999999998,,,False,11,False,1200,10.0,0.15
23,4,Babyface,percent,0.06896551724137931,0.04331019302340611,0.04622263940799623,6.6455926155174e-05,0.18988269311291694,0.18981623718676177,4.106475379650124,1199.9999999999998,0.9999999999999998,,,False,11,True,1200,10.0,0.15
23,4,Calvin Johnson Jr.,percent,0.08812260536398467,0.2129721433027854,0.2105612254607518,0.0441959992055416,0.45105966716353985,0.4068636679579982,1.9322728332097556,1199.9999999999998,0.9999999999999998,,,False,11,False,1200,10.0,0.15
23,4,James Hinchcliffe,percent,0.10727969348659004,0.1818673533893192,0.18116991957271117,0.03158333694996441,0.4254636296662303,0.3938802927162659,2.174081213724733,1199.9999999999998,0.9999999999999998,,,False,11,False,1200,10.0,0.15
23,4,Jana Kramer,percent,0.08812260536398467,0.21434707927946456,0.2146717037003858,0.04533199914125393,0.4461460111686724,0.4008140120274185,1.867093510811818,1199.9999999999998,0.9999999999999998,,,False,11,False,1200,10.0,0.15
23,4,Laurie Hernandez,percent,0.11494252873563218,0.19162490919921127,0.19089356877214436,0.038585695241404094,0.4080864146516929,0.3695007194102888,1.9356271987566727,1199.9999999999998,0.9999999999999998,,,False,11,False,1200,10.0,0.15
23,4,Marilu Henner,percent,0.08045977011494253,0.01786583036724465,0.01956900314960803,3.353003291281289e-09,0.11276582589030887,0.11276582253730558,5.762177025483217,1199.9999999999998,0.9999999999999998,,,False,11,False,1200,10.0,0.15
23,4,Maureen McCormick,percent,0.09195402298850575,0.009644451687617996,0.008695517109380276,1.327150853095323e-15,0.05117605297667679,0.05117605297667546,5.884660759360288,1199.9999999999998,0.9999999999999998,,,False,11,False,1200,10.0,0.15
23,4,Ryan Lochte,percent,0.0842911877394636,0.019569945984456518,0.019031988295116008,3.873953239513615e-08,0.09839489153316339,0.09839485279363099,5.169700693762301,1199.9999999999998,0.9999999999999998,,,False,11,False,1200,10.0,0.15
23,4,Terra Jole,percent,0.09578544061302682,0.03586486851191241,0.036923152740998604,3.630280300614557e-05,0.15724335688558577,0.15720705408257962,4.257566996466931,1199.9999999999998,0.9999999999999998,,,False,11,False,1200,10.0,0.15
23,4,Vanilla Ice,percent,0.08812260536398467,0.05384614962249085,0.05310136537578887,0.00035478235460691815,0.18802446827164887,0.18766968591704195,3.5341116085688866,1199.9999999999998,0.9999999999999998,,,False,11,True,1200,10.0,0.15
23,5,Amber Rose,percent,0.10434782608695652,0.021243831804444006,0.022316650484348218,4.704591956461367e-08,0.11803588334394167,0.11803583629802211,5.288900656491723,1199.9999999999998,0.9999999999999998,,,False,9,False,1200,10.0,0.15
23,5,Calvin Johnson Jr.,percent,0.10434782608695652,0.23492162087245566,0.23449421094964468,0.06037276544796089,0.47406552707159194,0.41369276162363106,1.7641842660593487,1199.9999999999998,0.9999999999999998,,,False,9,False,1200,10.0,0.15
23,5,James Hinchcliffe,percent,0.12608695652173912,0.19940277898661177,0.19896656688946945,0.03945021840701295,0.4260954938624973,0.3866452754554843,1.9432577957304653,1199.9999999999998,0.9999999999999998,,,False,9,False,1200,10.0,0.15
23,5,Jana Kramer,percent,0.11304347826086956,0.23167635977948234,0.2303485077546405,0.05575282961833436,0.4825584990234574,0.426805669405123,1.85286121757091,1199.9999999999998,0.9999999999999998,,,False,9,False,1200,10.0,0.15
23,5,Laurie Hernandez,percent,0.10869565217391304,0.22278556111720305,0.2258027452843338,0.052970389317751915,0.4626899666731114,0.40971957735535947,1.814494161022163,1199.9999999999998,0.9999999999999998,,,False,9,False,1200,10.0,0.15
23,5,Marilu Henner,percent,0.11739130434782609,0.018775123086285997,0.017794069584558925,3.984761049651915e-09,0.08771603727433375,0.0877160332895727,4.9292323850020425,1199.9999999999998,0.9999999999999998,,,False,9,False,1200,10.0,0.15
23,5,Maureen McCormick,percent,0.10434782608695652,0.010734232600481213,0.011658988951640536,7.192126605455118e-15,0.07536932541154061,0.07536932541153342,6.463927686734996,1199.9999999999998,0.9999999999999998,,,False,9,False,1200,10.0,0.15
23,5,Ryan Lochte,percent,0.10434782608695652,0.021394224130303067,0.02241689686488587,2.0210027906384197e-08,0.11134801904637573,0.11134799883634783,4.966924395604525,1199.9999999999998,0.9999999999999998,,,False,9,False,1200,10.0,0.15
23,5,Terra Jole,percent,0.11739130434782609,0.03906626762273303,0.03620136323647814,2.916611605499289e-05,0.1483977878010308,0.1483686216849758,4.098313160271177,1199.9999999999998,0.9999999999999998,,,False,9,False,1200,10.0,0.15
23,6,Amber Rose,percent,0.09180327868852459,0.022357000144623024,0.014289559159525953,6.65090240423245e-08,0.06985823382826079,0.06985816731923675,4.888413849969611,1156.3923313200805,0.9636602761000671,0.6116666666666667,0.6741416739052278,True,9,True,1200,10.0,0.15
23,6,Calvin Johnson Jr.,percent,0.12131147540983607,0.23073797721655945,0.23212003838703596,0.05961217040752913,0.47505349828432825,0.4154413278767991,1.789761629379311,1156.3923313200805,0.9636602761000671,0.6116666666666667,0.6741416739052278,True,9,False,1200,10.0,0.15
23,6,James Hinchcliffe,percent,0.12459016393442623,0.2044964484768393,0.20533608119410385,0.04155258584769256,0.4343801315198728,0.39282754567218026,1.913086245249794,1156.3923313200805,0.9636602761000671,0.6116666666666667,0.6741416739052278,True,9,False,1200,10.0,0.15
23,6,Jana Kramer,percent,0.13114754098360656,0.22694414808073998,0.22549351112861923,0.05781842476875748,0.4658612606124582,0.4080428358437007,1.8095466439578132,1156.3923313200805,0.9636602761000671,0.6116666666666667,0.6741416739052278,True,9,False,1200,10.0,0.15
23,6,Laurie Hernandez,percent,0.12131147540983607,0.221055411556481,0.22422024258720127,0.0516176994378949,0.4506629384580786,0.3990452390201837,1.7796941735571379,1156.3923313200805,0.9636602761000671,0.6116666666666667,0.6741416739052278,True,9,False,1200,10.0,0.15
23,6,Marilu Henner,percent,0.11147540983606558,0.01945484616187718,0.017527917286032264,3.437764495107076e-09,0.09833126532488312,0.09833126188711863,5.60965975722145,1156.3923313200805,0.9636602761000671,0.6116666666666667,0.6741416739052278,True,9,False,1200,10.0,0.15
23,6,Maureen McCormick,percent,0.10163934426229508,0.011039688418632797,0.0118399036461696,3.7546710975026513e-14,0.07674215637010276,0.0767421563700652,6.481106397220827,1156.3923313200805,0.9636602761000671,0.6116666666666667,0.6741416739052278,True,9,False,1200,10.0,0.15
23,6,Ryan Lochte,percent,0.09836065573770492,0.022172464893327255,0.023650082598075894,8.612828059285544e-08,0.12714756113787135,0.12714747500959075,5.3759684987923,1156.3923313200805,0.9636602761000671,0.6116666666666667,0.6741416739052278,True,9,False,1200,10.0,0.15
23,6,Terra Jole,percent,0.09836065573770492,0.04174201505092005,0.04552266401323598,3.67322297690928e-05,0.1884986547982911,0.18846192256852198,4.139867180148918,1156.3923313200805,0.9636602761000671,0.6116666666666667,0.6741416739052278,True,9,False,1200,10.0,0.15
23,7,Calvin Johnson Jr.,percent,0.13430127041742287,0.23243208538278154,0.2369205781157278,0.05449710407538018,0.46033677968392905,0.4058396756085489,1.712970506258871,1177.374130242265,0.9811451085352209,0.2891666666666667,0.31053989028523743,True,8,False,1200,10.0,0.15
23,7,James Hinchcliffe,percent,0.13430127041742287,0.20758424458909558,0.20686532958314285,0.047572170962332024,0.42196042503911657,0.37438825407678455,1.8098075932957083,1177.374130242265,0.9811451085352209,0.2891666666666667,0.31053989028523743,True,8,False,1200,10.0,0.15
23,7,Jana Kramer,percent,0.12522686025408347,0.23895259790798068,0.23788215735325252,0.061510546718068854,0.4713423371104331,0.4098317903923643,1.7228281100362683,1177.374130242265,0.9811451085352209,0.2891666666666667,0.31053989028523743,True,8,False,1200,10.0,0.15
23,7,Laurie Hernandez,percent,0.12522686025408347,0.22745686973553073,0.22304930152783015,0.05253274723013888,0.45861802008045266,0.40608527285031376,1.8205995242720898,1177.374130242265,0.9811451085352209,0.2891666666666667,0.31053989028523743,True,8,False,1200,10.0,0.15
23,7,Marilu Henner,percent,0.1161524500907441,0.019982589012571668,0.022914454622128808,3.7368902940778653e-08,0.13175904077605557,0.13175900340715263,5.749787886814023,1177.374130242265,0.9811451085352209,0.2891666666666667,0.31053989028523743,True,8,False,1200,10.0,0.15
23,7,Maureen McCormick,percent,0.11978221415607986,0.010987466063025168,0.006640715254500573,3.574504892330225e-14,0.03928333227207608,0.03928333227204034,5.914636621228392,1177.374130242265,0.9811451085352209,0.2891666666666667,0.31053989028523743,True,8,True,1200,10.0,0.15
23,7,Ryan Lochte,percent,0.11978221415607986,0.02189893961920679,0.021992662572522394,1.6112495518841052e-07,0.11076739698724643,0.11076723586229124,5.036325145802564,1177.374130242265,0.9811451085352209,0.2891666666666667,0.31053989028523743,True,8,False,1200,10.0,0.15
23,7,Terra Jole,percent,0.12522686025408347,0.04070520768980796,0.04373480097089512,5.645039956713131e-05,0.1622003408397663,0.16214389044019917,3.7073492845849816,1177.374130242265,0.9811451085352209,0.2891666666666667,0.31053989028523743,True,8,False,1200,10.0,0.15
23,8,Calvin Johnson Jr.,percent,0.14925387985460684,0.24137864114983845,0.24039219190488786,0.061076428179652156,0.4748746995441537,0.41379827136450154,1.721339394371126,1153.2686265541079,0.96105718879509,0.11916666666666667,0.14131670232201488,True,7,False,1200,10.0,0.15
23,8,James Hinchcliffe,percent,0.1741285314711756,0.20338593407853323,0.20342143755105196,0.0470123327002339,0.42505587269732037,0.37804353999708645,1.8584161341701093,1153.2686265541079,0.96105718879509,0.11916666666666667,0.14131670232201488,True,7,False,1200,10.0,0.15
23,8,Jana Kramer,percent,0.14925387985460684,0.24293696785196964,0.24263699184773024,0.06165950312040956,0.48269544843906953,0.42103594531865995,1.7352432820285004,1153.2686265541079,0.96105718879509,0.11916666666666667,0.14131670232201488,True,7,False,1200,10.0,0.15
23,8,Laurie Hernandez,percent,0.1641792678400675,0.2233132857976645,0.225371438314389,0.05405243927095628,0.45112135748044974,0.39706891820949347,1.7618344158640735,1153.2686265541079,0.96105718879509,0.11916666666666667,0.14131670232201488,True,7,False,1200,10.0,0.15
23,8,Marilu Henner,percent,0.11442797455519857,0.02157748576389948,0.022629130451250867,4.208909655572254e-08,0.10855796856536819,0.10855792647627163,4.7970526157648,1153.2686265541079,0.96105718879509,0.11916666666666667,0.14131670232201488,True,7,False,1200,10.0,0.15
23,8,Ryan Lochte,percent,0.12935336254065924,0.02303001314946175,0.01564899323284733,1.537962057964515e-07,0.0785597471371543,0.0785595933409485,5.019784492689873,1153.2686265541079,0.96105718879509,0.11916666666666667,0.14131670232201488,True,7,True,1200,10.0,0.15
23,8,Terra Jole,percent,0.11940310388368545,0.04437767220863308,0.049899816697842714,0.0001931982831307612,0.18968746286083138,0.1894942645777006,3.7974181008923793,1153.2686265541079,0.96105718879509,0.11916666666666667,0.14131670232201488,True,7,False,1200,10.0,0.15
23,9,Calvin Johnson Jr.,percent,0.16299559471365638,0.24630743115456874,0.2447413354492727,0.0645741487057529,0.46536605942517445,0.40079191071942155,1.637607608768173,1153.9877043506574,0.9616564202922145,0.7591666666666667,0.8206811912420542,True,6,False,1200,10.0,0.15
23,9,James Hinchcliffe,percent,0.15859030837004406,0.22225535325860218,0.22723270781590132,0.05621228055814187,0.44041887118284034,0.3842065906246985,1.6907992846553046,1153.9877043506574,0.9616564202922145,0.7591666666666667,0.8206811912420542,True,6,False,1200,10.0,0.15
23,9,Jana Kramer,percent,0.1762114537444934,0.24034941249139,0.24024183545610406,0.0617279478108898,0.4799883735199562,0.4182604257090664,1.7409902148174106,1153.9877043506574,0.9616564202922145,0.7591666666666667,0.8206811912420542,True,6,False,1200,10.0,0.15
23,9,Laurie Hernandez,percent,0.1762114537444934,0.22878648521376702,0.22515026346636757,0.056110581222932374,0.44779510360137925,0.39168452237844686,1.7396505635730333,1153.9877043506574,0.9616564202922145,0.7591666666666667,0.8206811912420542,True,6,False,1200,10.0,0.15
23,9,Marilu Henner,percent,0.15859030837004406,0.020505378018211402,0.014808985864317432,9.562031481395603e-09,0.07260420470058143,0.07260419513854995,4.902381123366194,1153.9877043506574,0.9616564202922145,0.7591666666666667,0.8206811912420542,True,6,True,1200,10.0,0.15
23,9,Terra Jole,percent,0.16740088105726872,0.04179593986346059,0.047824871948036585,8.173717590021515e-05,0.19700915536409175,0.19692741818819154,4.117591800566766,1153.9877043506574,0.9616564202922145,0.7591666666666667,0.8206811912420542,True,6,False,1200,10.0,0.15
23,10,Calvin Johnson Jr.,percent,0.19112627986348124,0.2527523919705833,0.2537803355400892,0.07673179127504344,0.47844393231827265,0.4017121410432292,1.5829065608324524,1131.8735157454032,0.943227929787836,0.8141666666666667,0.8874881777842033,True,5,False,1200,10.0,0.15
23,10,James Hinchcliffe,percent,0.20136518771331058,0.22038872718731845,0.2249457989644073,0.056117646687495346,0.4540558341961178,0.3979381875086224,1.7690324527426908,1131.8735157454032,0.943227929787836,0.8141666666666667,0.8874881777842033,True,5,False,1200,10.0,0.15
23,10,Jana Kramer,percent,0.19795221843003413,0.2503536370187369,0.25238451753947533,0.06926288660179755,0.4732909985162869,0.4040281119144894,1.600837147287169,1131.8735157454032,0.943227929787836,0.8141666666666667,0.8874881777842033,True,5,False,1200,10.0,0.15
23,10,Laurie Hernandez,percent,0.20477815699658702,0.23453359934173398,0.23941174715079622,0.06524735542840056,0.4671563586670666,0.4019090032386661,1.6787285055691716,1131.8735157454032,0.943227929787836,0.8141666666666667,0.8874881777842033,True,5,False,1200,10.0,0.15
23,10,Terra Jole,percent,0.20477815699658702,0.041971644481627234,0.029477600805232183,7.363806398760532e-05,0.11662655663459345,0.11655291857060585,3.9538144751401756,1131.8735157454032,0.943227929787836,0.8141666666666667,0.8874881777842033,True,5,True,1200,10.0,0.15
23,11,Calvin Johnson Jr.,percent,0.25191616266698036,0.2578201242487032,0.26699466590345206,0.07606467315350071,0.5232710015498921,0.4472063283963914,1.6749572577635217,1199.9999999999998,0.9999999999999998,,,False,4,True,1200,10.0,0.15
23,11,James Hinchcliffe,percent,0.25629755904896034,0.2279097958378939,0.2304716360805684,0.05414429219571891,0.4717231170112754,0.41757882481555647,1.8118368927302055,1199.9999999999998,0.9999999999999998,,,False,4,True,1200,10.0,0.15
23,11,Jana Kramer,percent,0.2332976924558098,0.2710382798906148,0.2643390501339293,0.07264945713614251,0.507148296214769,0.43449883907862646,1.6437117223004436,1199.9999999999998,0.9999999999999998,,,False,4,True,1200,10.0,0.15
23,11,Laurie Hernandez,percent,0.2584885858282496,0.24323180002278819,0.23819464788205066,0.06325390985828966,0.47295464068009624,0.4097007308218066,1.7200177016864788,1199.9999999999998,0.9999999999999998,,,False,4,True,1200,10.0,0.15
24,1,Bonner Bolton,percent,0.0728476821192053,0.019508287663357094,0.019083073946003382,8.403701381185498e-09,0.09462748229974981,0.09462747389604842,4.958452485763159,1199.9999999999998,0.9999999999999998,,,False,12,False,1200,10.0,0.15
24,1,Charo,percent,0.0695364238410596,0.008700183489275978,0.008432189248489678,8.023909761861398e-17,0.052720055294542746,0.05272005529454266,6.251496763692862,1199.9999999999998,0.9999999999999998,,,False,12,False,1200,10.0,0.15
24,1,Chris Kattan,percent,0.056291390728476824,0.010670708211762237,0.00883070905196069,2.9967855801279304e-14,0.048258326945881974,0.048258326945852005,5.464211588258603,1199.9999999999998,0.9999999999999998,,,False,12,False,1200,10.0,0.15
24,1,David Ross,percent,0.09271523178807947,0.1992041317813767,0.19730859324666905,0.034363522607596175,0.4209293288684442,0.386565806260848,1.9591840411813022,1199.9999999999998,0.9999999999999998,,,False,12,False,1200,10.0,0.15
24,1,Erika Jayne,percent,0.07947019867549669,0.012108415338960307,0.011832605940303425,2.5133639894758393e-13,0.0691994916295532,0.06919949162930186,5.8477096481317785,1199.9999999999998,0.9999999999999998,,,False,12,False,1200,10.0,0.15
24,1,Heather Morris,percent,0.09271523178807947,0.018045186210794168,0.017173257422520724,3.742996916055133e-09,0.0865375585495442,0.08653755480654729,5.038794556151813,1199.9999999999998,0.9999999999999998,,,False,12,False,1200,10.0,0.15
24,1,Mr. T,percent,0.06622516556291391,0.00862332472015453,0.008886488089403252,7.743305540281323e-17,0.05247333865740537,0.05247333865740529,5.904181038506303,1199.9999999999998,0.9999999999999998,,,False,12,False,1200,10.0,0.15
24,1,Nancy Kerrigan,percent,0.09271523178807947,0.12404887071085727,0.12296344305084439,0.011977982712196916,0.3308495213909396,0.3188715386787427,2.593201178871627,1199.9999999999998,0.9999999999999998,,,False,12,False,1200,10.0,0.15
24,1,Nick Viall,percent,0.07947019867549669,0.20526476138685168,0.2082659146663733,0.04838565754360815,0.43078055520687414,0.382394897663266,1.836080868993674,1199.9999999999998,0.9999999999999998,,,False,12,False,1200,10.0,0.15
24,1,Normani,percent,0.08940397350993377,0.18829368644655364,0.19252094645181686,0.039858371131866195,0.42047272287870285,0.38061435174683667,1.9769920196713486,1199.9999999999998,0.9999999999999998,,,False,12,False,1200,10.0,0.15
24,1,Rashad Jennings,percent,0.10264900662251655,0.17807456529714036,0.17717969238301473,0.03277504661657127,0.396455590255926,0.36368054363935476,2.052596920962358,1199.9999999999998,0.9999999999999998,,,False,12,False,1200,10.0,0.15
24,1,Simone Biles,percent,0.10596026490066225,0.02745787874291597,0.027523086502600533,9.948299075238953e-07,0.12688169752576953,0.126880702695862,4.609806130491344,1199.9999999999998,0.9999999999999998,,,False,12,False,1200,10.0,0.15
24,2,Bonner Bolton,percent,0.08536585365853659,0.0188087408576874,0.019693254950026256,7.182353041298439e-09,0.10073710770281587,0.10073710052046282,5.115050088265894,1178.595493974294,0.9821629116452449,0.44666666666666666,0.46981689860485076,True,12,False,1200,10.0,0.15
24,2,Charo,percent,0.07621951219512195,0.00850351084611066,0.009526257683752249,1.4892153931481344e-17,0.05242575883159593,0.05242575883159591,5.502712382913986,1178.595493974294,0.9821629116452449,0.44666666666666666,0.46981689860485076,True,12,False,1200,10.0,0.15
24,2,Chris Kattan,percent,0.06707317073170732,0.0103299505017805,0.006357751781887844,5.794041128588277e-15,0.034445142648834394,0.0344451426488286,5.416966069809727,1178.595493974294,0.9821629116452449,0.44666666666666666,0.46981689860485076,True,12,True,1200,10.0,0.15
24,2,David Ross,percent,0.08231707317073171,0.20264001549789315,0.20296437741121912,0.039662125271143274,0.4192907095593317,0.3796285842881884,1.87041055538768,1178.595493974294,0.9821629116452449,0.44666666666666666,0.46981689860485076,True,12,False,1200,10.0,0.15
24,2,Erika Jayne,percent,0.08536585365853659,0.01185652204970539,0.011944809965318319,4.459666254810206e-13,0.06444427189647395,0.06444427189602799,5.394717652727263,1178.595493974294,0.9821629116452449,0.44666666666666666,0.46981689860485076,True,12,False,1200,10.0,0.15
24,2,Heather Morris,percent,0.09146341463414634,0.017967772249541648,0.019920823266277074,3.5193547308699144e-09,0.10298751254625377,0.10298750902689904,5.16958250509292,1178.595493974294,0.9821629116452449,0.44666666666666666,0.46981689860485076,True,12,False,1200,10.0,0.15
24,2,Mr. T,percent,0.06707317073170732,0.008544248759424795,0.009417668357169211,8.540504127054287e-17,0.0559653331943186,0.05596533319431852,5.941958148650532,1178.595493974294,0.9821629116452449,0.44666666666666666,0.46981689860485076,True,12,False,1200,10.0,0.15
24,2,Nancy Kerrigan,percent,0.08536585365853659,0.12529152124014437,0.12214983547388013,0.011377535119358179,0.3202090756334949,0.3088315405141367,2.528280214507211,1178.595493974294,0.9821629116452449,0.44666666666666666,0.46981689860485076,True,12,False,1200,10.0,0.15
24,2,Nick Viall,percent,0.07621951219512195,0.20534229154527536,0.2108656615267689,0.04286489744958829,0.4479701826172058,0.4051052851676175,1.9211443014959035,1178.595493974294,0.9821629116452449,0.44666666666666666,0.46981689860485076,True,12,False,1200,10.0,0.15
24,2,Normani,percent,0.0975609756097561,0.18340362156812506,0.18418038084268668,0.03076665243536092,0.41570883004991416,0.38494217761455324,2.0900167859168173,1178.595493974294,0.9821629116452449,0.44666666666666666,0.46981689860485076,True,12,False,1200,10.0,0.15
24,2,Rashad Jennings,percent,0.0975609756097561,0.1789092954298579,0.17415168311741144,0.029039793857940116,0.38430275365358396,0.3552629597956438,2.039951113220175,1178.595493974294,0.9821629116452449,0.44666666666666666,0.46981689860485076,True,12,False,1200,10.0,0.15
24,2,Simone Biles,percent,0.08841463414634146,0.028402509454453686,0.0288274956236029,1.2140206894898005e-06,0.13897365530599864,0.13897244128530917,4.820662274570011,1178.595493974294,0.9821629116452449,0.44666666666666666,0.46981689860485076,True,12,False,1200,10.0,0.15
24,3,Bonner Bolton,percent,0.0761904761904762,0.019775136977292034,0.021884265998818098,1.1101462871880364e-08,0.12107941203111804,0.12107940092965516,5.532461928321729,1183.6921562053685,0.9864101301711404,0.43583333333333335,0.4555450670244192,True,11,False,1200,10.0,0.15
24,3,Charo,percent,0.0761904761904762,0.008751128191782804,0.005276027564608222,1.9766019811594785e-17,0.03415161892449363,0.03415161892449361,6.471752990933846,1183.6921562053685,0.9864101301711404,0.43583333333333335,0.4555450670244192,True,11,True,1200,10.0,0.15
24,3,David Ross,percent,0.09841269841269841,0.20081955699753515,0.20094858985326214,0.04174007332026268,0.4343173446445205,0.3925772713242578,1.9536107120742394,1183.6921562053685,0.9864101301711404,0.43583333333333335,0.4555450670244192,True,11,False,1200,10.0,0.15
24,3,Erika Jayne,percent,0.08253968253968254,0.012281895040433687,0.012454900932335243,5.734066672591218e-13,0.06730230840966218,0.06730230840908878,5.403246924867031,1183.6921562053685,0.9864101301711404,0.43583333333333335,0.4555450670244192,True,11,False,1200,10.0,0.15
24,3,Heather Morris,percent,0.10476190476190476,0.017923273063683135,0.020721326460815308,1.257963610194217e-09,0.11194322831338502,0.11194322705542141,5.402058850250208,1183.6921562053685,0.9864101301711404,0.43583333333333335,0.4555450670244192,True,11,False,1200,10.0,0.15
24,3,Mr. T,percent,0.0761904761904762,0.008606878215940791,0.009040096296222454,6.277634248619978e-17,0.05570926092759525,0.055709260927595185,6.161781613903571,1183.6921562053685,0.9864101301711404,0.43583333333333335,0.4555450670244192,True,11,False,1200,10.0,0.15
24,3,Nancy Kerrigan,percent,0.10476190476190476,0.12321079744038677,0.12009765035107409,0.010207509007116524,0.3210726326402873,0.31086512363317076,2.5884147967062527,1183.6921562053685,0.9864101301711404,0.43583333333333335,0.4555450670244192,True,11,False,1200,10.0,0.15
24,3,Nick Viall,percent,0.08253968253968254,0.20820563090045502,0.21106249788368053,0.053720998386530855,0.43798759632930434,0.3842665979427735,1.8206208169379774,1183.6921562053685,0.9864101301711404,0.43583333333333335,0.4555450670244192,True,11,False,1200,10.0,0.15
24,3,Normani,percent,0.10793650793650794,0.18420488410771815,0.18502816782883846,0.0327231365024458,0.4033483998222744,0.3706252633198286,2.003063990768613,1183.6921562053685,0.9864101301711404,0.43583333333333335,0.4555450670244192,True,11,False,1200,10.0,0.15
24,3,Rashad Jennings,percent,0.08888888888888889,0.18788030951533088,0.18396400964540882,0.03227527122518487,0.4201415637887817,0.38786629256359684,2.1083699194276466,1183.6921562053685,0.9864101301711404,0.43583333333333335,0.4555450670244192,True,11,False,1200,10.0,0.15
24,3,Simone Biles,percent,0.10158730158730159,0.028340509549441516,0.029522467184936504,1.2647643354793275e-06,0.13300906698919007,0.1330078022248546,4.505155217430491,1183.6921562053685,0.9864101301711404,0.43583333333333335,0.4555450670244192,True,11,False,1200,10.0,0.15
24,4,Bonner Bolton,percent,0.09815950920245399,0.01920003535555907,0.019574339338849146,3.392489065366288e-08,0.09766063161171454,0.09766059768682388,4.9889606507615945,1181.9271165137714,0.9849392637614761,0.8116666666666666,0.8442908159879561,True,10,False,1200,10.0,0.15
24,4,David Ross,percent,0.0950920245398773,0.2068647638170252,0.20650633389275136,0.04852932608684324,0.4415644641099268,0.39303513802308354,1.9032502653257077,1181.9271165137714,0.9849392637614761,0.8116666666666666,0.8442908159879561,True,10,False,1200,10.0,0.15
24,4,Erika Jayne,percent,0.09202453987730061,0.012278169721278402,0.01192045413212298,2.782218643103954e-12,0.07166778175455474,0.07166778175177252,6.011664429313195,1181.9271165137714,0.9849392637614761,0.8116666666666666,0.8442908159879561,True,10,False,1200,10.0,0.15
24,4,Heather Morris,percent,0.10736196319018405,0.01820880816725129,0.018128494327471777,6.2797369655983395e-09,0.0944319192838082,0.09443191300407124,5.208745004044473,1181.9271165137714,0.9849392637614761,0.8116666666666666,0.8442908159879561,True,10,False,1200,10.0,0.15
24,4,Mr. T,percent,0.08588957055214724,0.008599955676038577,0.005801292365171183,2.55812991120938e-17,0.03562781351490927,0.03562781351490924,6.140299604475055,1181.9271165137714,0.9849392637614761,0.8116666666666666,0.8442908159879561,True,10,True,1200,10.0,0.15
24,4,Nancy Kerrigan,percent,0.10122699386503067,0.12698340874277017,0.13229393364966696,0.013050149892768141,0.34145680355653146,0.3284066536637633,2.482382693001865,1181.9271165137714,0.9849392637614761,0.8116666666666666,0.8442908159879561,True,10,False,1200,10.0,0.15
24,4,Nick Viall,percent,0.09202453987730061,0.2081424783965069,0.20870570071537417,0.048278421585470195,0.43368266401074185,0.38540424242527166,1.8466308992679181,1181.9271165137714,0.9849392637614761,0.8116666666666666,0.8442908159879561,True,10,False,1200,10.0,0.15
24,4,Normani,percent,0.09815950920245399,0.19263811288362442,0.19434481529978798,0.03740513434003949,0.42151079151655746,0.38410565717651796,1.9764030245982713,1181.9271165137714,0.9849392637614761,0.8116666666666666,0.8442908159879561,True,10,False,1200,10.0,0.15
24,4,Rashad Jennings,percent,0.1196319018404908,0.17870971661413892,0.17317934953350547,0.032065124973887055,0.4001287964397159,0.36806367146582886,2.1253200634903386,1181.9271165137714,0.9849392637614761,0.8116666666666666,0.8442908159879561,True,10,False,1200,10.0,0.15
24,4,Simone Biles,percent,0.11042944785276074,0.028374550625806964,0.029545286745299007,4.7072756582684334e-06,0.13578037523543363,0.13577566795977536,4.595354710059398,1181.9271165137714,0.9849392637614761,0.8116666666666666,0.8442908159879561,True,10,False,1200,10.0,0.15
24,5,Bonner Bolton,percent,0.09868421052631579,0.019804803449394025,0.018427177720570554,6.1505980341029204e-09,0.09718668459665385,0.09718667844605582,5.273808399273828,1178.5773268596392,0.9821477723830327,0.28,0.29919196187970065,True,9,False,1200,10.0,0.15
24,5,David Ross,percent,0.09539473684210527,0.21349150696014516,0.21066027434226095,0.05065376271770793,0.4203488329402818,0.36969507022257386,1.7549265823861437,1178.5773268596392,0.9821477723830327,0.28,0.29919196187970065,True,9,False,1200,10.0,0.15
24,5,Erika Jayne,percent,0.10526315789473684,0.012293710103444997,0.0076334680397394696,3.255235662052388e-12,0.047424002222172655,0.04742400221891742,6.211827984878929,1178.5773268596392,0.9821477723830327,0.28,0.29919196187970065,True,9,True,1200,10.0,0.15
24,5,Heather Morris,percent,0.1118421052631579,0.018609329713138993,0.019624938946406822,4.259579348475704e-09,0.10615384689186697,0.10615384263228762,5.408854216970984,1178.5773268596392,0.9821477723830327,0.28,0.29919196187970065,True,9,False,1200,10.0,0.15
24,5,Nancy Kerrigan,percent,0.11842105263157894,0.1259728684249584,0.1283600901266935,0.010607041299728795,0.33093660365076466,0.3203295623510359,2.4955347608443326,1178.5773268596392,0.9821477723830327,0.28,0.29919196187970065,True,9,False,1200,10.0,0.15
24,5,Nick Viall,percent,0.1118421052631579,0.2052224640662135,0.20599755079542426,0.0473126040906973,0.4278129941381356,0.3805003900474383,1.8471022663907506,1178.5773268596392,0.9821477723830327,0.28,0.29919196187970065,True,9,False,1200,10.0,0.15
24,5,Normani,percent,0.12828947368421054,0.185407589201611,0.18773174567919734,0.038416052441411525,0.408279554530564,0.36986350208915253,1.9701597648882472,1178.5773268596392,0.9821477723830327,0.28,0.29919196187970065,True,9,False,1200,10.0,0.15
24,5,Rashad Jennings,percent,0.10526315789473684,0.1908756646827857,0.19362074703657614,0.03514209437091523,0.4283021529127545,0.3931600585418392,2.0305573343864585,1178.5773268596392,0.9821477723830327,0.28,0.29919196187970065,True,9,False,1200,10.0,0.15
24,5,Simone Biles,percent,0.125,0.02832206339830825,0.027944007313130598,1.056235601640707e-06,0.13586715372110972,0.13586609748550807,4.8619095340751,1178.5773268596392,0.9821477723830327,0.28,0.29919196187970065,True,9,False,1200,10.0,0.15
24,6,Bonner Bolton,percent,0.1171003717472119,0.01975611106525723,0.020856855110475414,2.1313093693461278e-08,0.10689728351637481,0.10689726220328112,5.1250361859879945,1160.3305099260187,0.9669420916050157,0.07083333333333333,0.08252997748122481,True,8,False,1200,10.0,0.15
24,6,David Ross,percent,0.11524163568773234,0.21225488263772727,0.21418443274596205,0.050411900866258075,0.4412094277240599,0.39079752685780184,1.8245756578661132,1160.3305099260187,0.9669420916050157,0.07083333333333333,0.08252997748122481,True,8,False,1200,10.0,0.15
24,6,Heather Morris,percent,0.137546468401487,0.018249702489004177,0.01226982870990302,6.061088891523907e-09,0.06426281631541796,0.06426281025432906,5.237039141656876,1160.3305099260187,0.9669420916050157,0.07083333333333333,0.08252997748122481,True,8,True,1200,10.0,0.15
24,6,Nancy Kerrigan,percent,0.12453531598513011,0.12933272942323215,0.13488670244116557,0.01581637374209697,0.3254814257713464,0.30966505202924943,2.295724861681272,1160.3305099260187,0.9669420916050157,0.07083333333333333,0.08252997748122481,True,8,False,1200,10.0,0.15
24,6,Nick Viall,percent,0.11338289962825279,0.21296274023403275,0.20321794780012822,0.04484495350099035,0.4297346035032267,0.3848896500022363,1.8939653716777753,1160.3305099260187,0.9669420916050157,0.07083333333333333,0.08252997748122481,True,8,False,1200,10.0,0.15
24,6,Normani,percent,0.13382899628252787,0.1906088016483585,0.1929194587447559,0.03909326057920437,0.4170688766520283,0.37797561607282393,1.9592303404840328,1160.3305099260187,0.9669420916050157,0.07083333333333333,0.08252997748122481,True,8,False,1200,10.0,0.15
24,6,Rashad Jennings,percent,0.13011152416356878,0.1875622513013365,0.19021902235066326,0.037645882397026834,0.40511437113135806,0.36746848873433124,1.9318076204245065,1160.3305099260187,0.9669420916050157,0.07083333333333333,0.08252997748122481,True,8,False,1200,10.0,0.15
24,6,Simone Biles,percent,0.12825278810408922,0.029272781201051503,0.03144575209694674,3.5356628522101178e-06,0.14275131877320982,0.1427477831103576,4.539349013541446,1160.3305099260187,0.9669420916050157,0.07083333333333333,0.08252997748122481,True,8,False,1200,10.0,0.15
24,7,Bonner Bolton,percent,0.1225296442687747,0.02086925637155888,0.020185638980757724,7.347797891858017e-08,0.10885955222794311,0.10885947874996418,5.3926500024957615,1199.9999999999998,0.9999999999999998,,,False,7,False,1200,10.0,0.15
24,7,David Ross,percent,0.12648221343873517,0.2211862270155422,0.22467506786668678,0.05304597221716134,0.46655807298623314,0.4135121007690718,1.840481296897328,1199.9999999999998,0.9999999999999998,,,False,7,False,1200,10.0,0.15
24,7,Nancy Kerrigan,percent,0.1422924901185771,0.13273548238675487,0.12979035030645925,0.015049946152173711,0.3330077760415683,0.3179578298893946,2.449761321834179,1199.9999999999998,0.9999999999999998,,,False,7,True,1200,10.0,0.15
24,7,Nick Viall,percent,0.13438735177865613,0.2169114677729617,0.2211692587466757,0.04710669662995019,0.4575627682797909,0.4104560716498407,1.8558375523716752,1199.9999999999998,0.9999999999999998,,,False,7,True,1200,10.0,0.15
24,7,Normani,percent,0.16600790513833993,0.18913285499899218,0.19021375660603815,0.03638469739608554,0.41630397220813414,0.3799192748120486,1.9973175666855099,1199.9999999999998,0.9999999999999998,,,False,7,False,1200,10.0,0.15
24,7,Rashad Jennings,percent,0.1541501976284585,0.18968855024020198,0.18494861637977048,0.03174722993799826,0.39754571703183944,0.36579848709384116,1.977827768740653,1199.9999999999998,0.9999999999999998,,,False,7,False,1200,10.0,0.15
24,7,Simone Biles,percent,0.1541501976284585,0.029476161213988168,0.029017311113612564,2.234594018279647e-06,0.13481301242023397,0.1348107778262157,4.645714125071035,1199.9999999999998,0.9999999999999998,,,False,7,False,1200,10.0,0.15
24,8,Bonner Bolton,percent,0.166189111747851,0.03328890714783673,0.022897885557028833,7.498804475648624e-06,0.09853489193994018,0.09852739313546453,4.302715644832832,1151.376918495488,0.9594807654129067,0.8275,0.8862021735307919,True,5,True,1200,10.0,0.15
24,8,David Ross,percent,0.18624641833810887,0.33977068717864584,0.34206722197964484,0.13287009884731907,0.58931473932988,0.45644464048256095,1.334367272823496,1151.376918495488,0.9594807654129067,0.8275,0.8862021735307919,True,5,False,1200,10.0,0.15
24,8,Normani,percent,0.22636103151862463,0.29013249800638663,0.28630978081999325,0.0871262180768133,0.5366330594227561,0.44950684134594276,1.5699962120132414,1151.376918495488,0.9594807654129067,0.8275,0.8862021735307919,True,5,False,1200,10.0,0.15
24,8,Rashad Jennings,percent,0.2148997134670487,0.29071519193062473,0.2999194850908142,0.08823452100177452,0.5360021501371584,0.4477676291353838,1.4929544709151907,1151.376918495488,0.9594807654129067,0.8275,0.8862021735307919,True,5,False,1200,10.0,0.15
24,8,Simone Biles,percent,0.20630372492836677,0.04609271573650601,0.04880562655251881,0.00015792952151341726,0.1891986073696042,0.18904067784809078,3.8732584323293033,1151.376918495488,0.9594807654129067,0.8275,0.8862021735307919,True,5,False,1200,10.0,0.15
24,9,David Ross,percent,0.23102310231023102,0.3455559033656783,0.3478757542315911,0.1417153111521122,0.5974349923360281,0.4557196811839159,1.310003257304542,1143.8023408178808,0.953168617348234,0.9075,0.9541113365336082,True,4,False,1200,10.0,0.15
24,9,Normani,percent,0.2508250825082508,0.30943493922822196,0.3059784497022256,0.11447523330016014,0.5554896934702117,0.4410144601700516,1.4413205220129652,1143.8023408178808,0.953168617348234,0.9075,0.9541113365336082,True,4,False,1200,10.0,0.15
24,9,Rashad Jennings,percent,0.25412541254125415,0.29953028285786787,0.3140817590080387,0.10408433411644437,0.5542195824478882,0.4501352483314438,1.4331740136042392,1143.8023408178808,0.953168617348234,0.9075,0.9541113365336082,True,4,False,1200,10.0,0.15
24,9,Simone Biles,percent,0.264026402640264,0.04547887454823178,0.03206403705814441,7.095701345300965e-05,0.11892036759262636,0.11884941057917335,3.706510937868572,1143.8023408178808,0.953168617348234,0.9075,0.9541113365336082,True,4,True,1200,10.0,0.15
24,10,David Ross,percent,0.3150292500591764,0.3652727175614585,0.36951796671838427,0.14307614334007987,0.6101093294099107,0.4670331860698308,1.2638950314714523,1199.9999999999998,0.9999999999999998,,,False,3,True,1200,10.0,0.15
24,10,Normani,percent,0.34103999632369203,0.32237344997350187,0.3124438739981743,0.10921624968048796,0.5676545894142653,0.45843833973377734,1.467261516783457,1199.9999999999998,0.9999999999999998,,,False,3,True,1200,10.0,0.15
24,10,Rashad Jennings,percent,0.3439307536171316,0.3123538324650396,0.3180381592834417,0.1063874790628921,0.5696237075797608,0.4632362285168687,1.4565383381108268,1199.9999999999998,0.9999999999999998,,,False,3,True,1200,10.0,0.15
25,1,Barbara Corcoran,percent,0.058577405857740586,0.017207630702063548,0.018730713640962834,2.142028276792705e-09,0.10569577284580903,0.10569577070378075,5.642610853960708,1199.9999999999998,0.9999999999999998,,,False,13,False,1200,10.0,0.15
25,1,Debbie Gibson,percent,0.07112970711297072,0.0313096122103385,0.02978939977169506,7.987998348094005e-06,0.1277575642830947,0.12774957628474662,4.288280025235718,1199.9999999999998,0.9999999999999998,,,False,13,False,1200,10.0,0.15
25,1,Derek Fisher,percent,0.07531380753138076,0.010927506906163596,0.010570745471193427,1.1141635575908184e-13,0.06428336457494577,0.06428336457483436,6.080676530663532,1199.9999999999998,0.9999999999999998,,,False,13,False,1200,10.0,0.15
25,1,Drew Scott,percent,0.06694560669456066,0.18435600701365432,0.17763976894844807,0.034272531600940306,0.39882429091570687,0.3645517593147666,2.052185213297296,1199.9999999999998,0.9999999999999998,,,False,13,False,1200,10.0,0.15
25,1,Frankie Muniz,percent,0.0794979079497908,0.15983650367310162,0.1639095950488104,0.023853921737071924,0.3767264634141304,0.3528725416770585,2.152835462356645,1199.9999999999998,0.9999999999999998,,,False,13,False,1200,10.0,0.15
25,1,Jordan Fisher,percent,0.09205020920502092,0.15262644514694795,0.1533651701184553,0.02203309071733001,0.36650369704153857,0.34447060632420856,2.2460664308051124,1199.9999999999998,0.9999999999999998,,,False,13,False,1200,10.0,0.15
25,1,Lindsey Stirling,percent,0.09205020920502092,0.172425454564108,0.17409840065392107,0.03121356207641998,0.3933405661996711,0.36212700412325116,2.080001440344392,1199.9999999999998,0.9999999999999998,,,False,13,False,1200,10.0,0.15
25,1,Nick Lachey,percent,0.07531380753138076,0.012091675329066074,0.011177932436483537,6.955533383426787e-13,0.05953186489199873,0.059531864891303174,5.325362258833869,1199.9999999999998,0.9999999999999998,,,False,13,False,1200,10.0,0.15
25,1,Nikki Bella,percent,0.08368200836820083,0.09174320069352654,0.09055591739561208,0.004390704398803994,0.26356587078252197,0.25917516638371796,2.862014011049765,1199.9999999999998,0.9999999999999998,,,False,13,False,1200,10.0,0.15
25,1,Sasha Pieterse,percent,0.07531380753138076,0.02167374151893356,0.022316333763888377,5.294487022722107e-08,0.10748325240506003,0.1074831994601898,4.816130842390685,1199.9999999999998,0.9999999999999998,,,False,13,False,1200,10.0,0.15
25,1,Terrell Owens,percent,0.06276150627615062,0.013794968022290816,0.014440299231739359,9.402550981385019e-11,0.07154285228115145,0.07154285218712594,4.954045410948049,1199.9999999999998,0.9999999999999998,,,False,13,False,1200,10.0,0.15
25,1,Vanessa Lachey,percent,0.08786610878661087,0.10252140298609387,0.10323320541240984,0.006138592694109063,0.29192441571702654,0.2857858230229175,2.768324915963978,1199.9999999999998,0.9999999999999998,,,False,13,False,1200,10.0,0.15
25,1,Victoria Arlen,percent,0.0794979079497908,0.02948585123371159,0.030172518106380865,4.677479250648407e-06,0.1429837246642825,0.14297904718503185,4.7385607034930315,1199.9999999999998,0.9999999999999998,,,False,13,False,1200,10.0,0.15
25,2,Barbara Corcoran,percent,0.062157221206581355,0.017039781502255314,0.0161068766893968,1.340834306330402e-09,0.09073946264994498,0.09073946130911067,5.633235407671142,1199.9999999999998,0.9999999999999998,,,False,13,True,1200,10.0,0.15
25,2,Debbie Gibson,percent,0.07495429616087751,0.030986456012950844,0.03554888655874077,5.34559763017274e-06,0.1706379368753072,0.17063259127767702,4.799806913468842,1199.9999999999998,0.9999999999999998,,,False,13,True,1200,10.0,0.15
25,2,Derek Fisher,percent,0.06946983546617916,0.011062160649573419,0.010311295747052229,7.599519300711774e-13,0.059198146188262,0.05919814618750205,5.7405399960938714,1199.9999999999998,0.9999999999999998,,,False,13,False,1200,10.0,0.15
25,2,Drew Scott,percent,0.07495429616087751,0.18067574867862754,0.18505471748024283,0.036164427871168414,0.41273263915603275,0.37656821128486434,2.0348909853329338,1199.9999999999998,0.9999999999999998,,,False,13,False,1200,10.0,0.15
25,2,Frankie Muniz,percent,0.08775137111517367,0.15655603568210139,0.15073757184388997,0.01943914339866391,0.36594052909227015,0.3465013856936062,2.2986909153713815,1199.9999999999998,0.9999999999999998,,,False,13,False,1200,10.0,0.15
25,2,Jordan Fisher,percent,0.08775137111517367,0.15394960598997467,0.1480177964874781,0.022857177561425166,0.336093482975099,0.3132363054136738,2.1161927596146386,1199.9999999999998,0.9999999999999998,,,False,13,False,1200,10.0,0.15
25,2,Lindsey Stirling,percent,0.08226691042047532,0.17616643878917085,0.17718309581948338,0.031248324159065,0.3995998837633299,0.3683515596042649,2.078919995051613,1199.9999999999998,0.9999999999999998,,,False,13,False,1200,10.0,0.15
25,2,Nick Lachey,percent,0.06946983546617916,0.012240674488813724,0.011140880857919574,7.475307442647676e-13,0.07307184486240267,0.07307184486165515,6.558304274965943,1199.9999999999998,0.9999999999999998,,,False,13,False,1200,10.0,0.15
25,2,Nikki Bella,percent,0.0712979890310786,0.09430579709601197,0.0956020941940689,0.005186608861976295,0.26876524635377147,0.26357863749179516,2.757009485035551,1199.9999999999998,0.9999999999999998,,,False,13,False,1200,10.0,0.15
25,2,Sasha Pieterse,percent,0.08226691042047532,0.021293599810681022,0.02246123268253334,4.7058253873142885e-08,0.12101876346101519,0.12101871640276131,5.387653049149723,1199.9999999999998,0.9999999999999998,,,False,13,False,1200,10.0,0.15
25,2,Terrell Owens,percent,0.0712979890310786,0.013502896969288587,0.013358652740799894,1.3808966657913608e-11,0.07441740217940845,0.07441740216559949,5.5703096187771,1199.9999999999998,0.9999999999999998,,,False,13,False,1200,10.0,0.15
25,2,Vanessa Lachey,percent,0.08592321755027423,0.10284172478392395,0.10428862899186644,0.007020112570898489,0.28272197025305823,0.27570185768215977,2.643617206689476,1199.9999999999998,0.9999999999999998,,,False,13,False,1200,10.0,0.15
25,2,Victoria Arlen,percent,0.08043875685557587,0.029379079546626576,0.030188269906527745,2.0113389987101418e-06,0.12997041800232348,0.12996840666332476,4.305119238250344,1199.9999999999998,0.9999999999999998,,,False,13,False,1200,10.0,0.15
25,3,Derek Fisher,percent,0.0860655737704918,0.011552251539855073,0.012648044143351854,1.6340076790092052e-12,0.07732527038507593,0.07732527038344192,6.113131514691006,1199.9999999999998,0.9999999999999998,,,False,11,False,1200,10.0,0.15
25,3,Drew Scott,percent,0.0942622950819672,0.187486711052854,0.18508997583940734,0.03454810969324905,0.41339162378108724,0.3788435140878382,2.046796243683639,1199.9999999999998,0.9999999999999998,,,False,11,False,1200,10.0,0.15
25,3,Frankie Muniz,percent,0.0860655737704918,0.1706369844391812,0.17122544616955138,0.02621171701600588,0.38155516410767953,0.35534344709167365,2.0752836669856856,1199.9999999999998,0.9999999999999998,,,False,11,False,1200,10.0,0.15
25,3,Jordan Fisher,percent,0.10245901639344263,0.1614818930565016,0.16437138604319834,0.0237418749671789,0.3829411731238977,0.3591992981567188,2.1852776296763037,1199.9999999999998,0.9999999999999998,,,False,11,False,1200,10.0,0.15
25,3,Lindsey Stirling,percent,0.11065573770491803,0.178964285830559,0.1764541170830413,0.03270672928669792,0.3982102991108322,0.3655035698241343,2.0713684922615485,1199.9999999999998,0.9999999999999998,,,False,11,False,1200,10.0,0.15
25,3,Nick Lachey,percent,0.0860655737704918,0.012782977502475163,0.01318741017958583,4.7813155856464845e-12,0.08022116246033714,0.08022116245555583,6.082701505578673,1199.9999999999998,0.9999999999999998,,,False,11,False,1200,10.0,0.15
25,3,Nikki Bella,percent,0.0860655737704918,0.09890602164510696,0.10172657318909181,0.00508222692146949,0.27580411789460435,0.27072189097313487,2.6612439723683905,1199.9999999999998,0.9999999999999998,,,False,11,False,1200,10.0,0.15
25,3,Sasha Pieterse,percent,0.0778688524590164,0.02335653892589899,0.02485201207561622,1.1161591879730295e-07,0.11937264693925294,0.11937253532333414,4.803141565301571,1199.9999999999998,0.9999999999999998,,,False,11,False,1200,10.0,0.15
25,3,Terrell Owens,percent,0.0860655737704918,0.01416156653186894,0.014247535388448954,5.1618956088434716e-11,0.07454373272333566,0.0745437326717167,5.231676845337244,1199.9999999999998,0.9999999999999998,,,False,11,False,1200,10.0,0.15
25,3,Vanessa Lachey,percent,0.0942622950819672,0.10949290671240461,0.10674706559287533,0.006503336008016978,0.293572926714376,0.287069590706359,2.689225224944206,1199.9999999999998,0.9999999999999998,,,False,11,False,1200,10.0,0.15
25,3,Victoria Arlen,percent,0.09016393442622951,0.031177862763294272,0.029450434295831635,5.6851623967146745e-06,0.12687334159893085,0.12686765643653414,4.307690252440104,1199.9999999999998,0.9999999999999998,,,False,11,False,1200,10.0,0.15
25,4,Derek Fisher,percent,0.08487084870848709,0.011517626516542942,0.006350615162201428,2.373365934536852e-13,0.035535053832591756,0.03553505383235442,5.59464843585363,1178.356791179117,0.9819639926492642,0.2275,0.24142906023887017,True,11,True,1200,10.0,0.15
25,4,Drew Scott,percent,0.08856088560885608,0.1889062325021815,0.190109711833312,0.037603967151322346,0.4214114777737632,0.38380751062244084,2.018863150430793,1178.356791179117,0.9819639926492642,0.2275,0.24142906023887017,True,11,False,1200,10.0,0.15
25,4,Frankie Muniz,percent,0.08856088560885608,0.1686630356786154,0.16549506094634175,0.027414612019895486,0.38244932232202766,0.3550347103021322,2.145275895220515,1178.356791179117,0.9819639926492642,0.2275,0.24142906023887017,True,11,False,1200,10.0,0.15
25,4,Jordan Fisher,percent,0.1070110701107011,0.1588475902546014,0.15842914358920698,0.023843597667357684,0.351884808801216,0.3280412111338583,2.070573211019964,1178.356791179117,0.9819639926492642,0.2275,0.24142906023887017,True,11,False,1200,10.0,0.15
25,4,Lindsey Stirling,percent,0.0959409594095941,0.1841624356749109,0.18840180123282246,0.03484256061652826,0.4028918179955946,0.36804925737906635,1.9535232755071525,1178.356791179117,0.9819639926492642,0.2275,0.24142906023887017,True,11,False,1200,10.0,0.15
25,4,Nick Lachey,percent,0.08118081180811808,0.012855174876408552,0.012811510171265982,3.7108870787536835e-12,0.06517947822129432,0.06517947821758342,5.087174749235197,1178.356791179117,0.9819639926492642,0.2275,0.24142906023887017,True,11,False,1200,10.0,0.15
25,4,Nikki Bella,percent,0.08856088560885608,0.09776186512194454,0.09700200009051005,0.0049980111099562205,0.2809474694670823,0.2759494583571261,2.8447517922089776,1178.356791179117,0.9819639926492642,0.2275,0.24142906023887017,True,11,False,1200,10.0,0.15
25,4,Sasha Pieterse,percent,0.08856088560885608,0.02264780838376847,0.021465552433741503,1.3173449595607574e-07,0.11321780006879525,0.1132176683342993,5.274143050392283,1178.356791179117,0.9819639926492642,0.2275,0.24142906023887017,True,11,False,1200,10.0,0.15
25,4,Terrell Owens,percent,0.08856088560885608,0.013997743860042385,0.015225191814944652,1.1815342450354988e-10,0.08449516828818908,0.08449516817003566,5.54933033794457,1178.356791179117,0.9819639926492642,0.2275,0.24142906023887017,True,11,False,1200,10.0,0.15
25,4,Vanessa Lachey,percent,0.08856088560885608,0.11032191229234493,0.11232915142011254,0.009479654923283027,0.2874830786458715,0.2780034237225885,2.474878028810459,1178.356791179117,0.9819639926492642,0.2275,0.24142906023887017,True,11,False,1200,10.0,0.15
25,4,Victoria Arlen,percent,0.0996309963099631,0.030318574838639138,0.032380261305540545,4.889917291913378e-06,0.14512945806815375,0.14512456815086183,4.481745376793909,1178.356791179117,0.9819639926492642,0.2275,0.24142906023887017,True,11,False,1200,10.0,0.15
25,5,Drew Scott,percent,0.09578544061302682,0.19269422020760282,0.18719129891693986,0.035109684092991145,0.41310640534951704,0.3779967212565259,2.019296324921192,1152.224550932039,0.9601871257766991,0.12833333333333333,0.1463444771598129,True,10,False,1200,10.0,0.15
25,5,Frankie Muniz,percent,0.1111111111111111,0.16598514539405623,0.16476280152766606,0.026287526932183388,0.3707369606594591,0.3444494337272757,2.090564981710731,1152.224550932039,0.9601871257766991,0.12833333333333333,0.1463444771598129,True,10,False,1200,10.0,0.15
25,5,Jordan Fisher,percent,0.11494252873563218,0.16176505754652631,0.16524521475403986,0.025961082307649687,0.38032144701911674,0.35436036471146704,2.1444386199037204,1152.224550932039,0.9601871257766991,0.12833333333333333,0.1463444771598129,True,10,False,1200,10.0,0.15
25,5,Lindsey Stirling,percent,0.10727969348659004,0.18605564561754637,0.18479337615050756,0.03121584264411729,0.41587483567633626,0.38465899303221895,2.0815514034849727,1152.224550932039,0.9601871257766991,0.12833333333333333,0.1463444771598129,True,10,False,1200,10.0,0.15
25,5,Nick Lachey,percent,0.0842911877394636,0.013239786743763523,0.013926245348611532,6.764677560152927e-12,0.07959410612783868,0.07959410612107401,5.714992744707344,1152.224550932039,0.9601871257766991,0.12833333333333333,0.1463444771598129,True,10,False,1200,10.0,0.15
25,5,Nikki Bella,percent,0.10344827586206896,0.09795020170177782,0.09937700785441246,0.005660033296558113,0.29208461699340377,0.28642458369684565,2.8821727249398488,1152.224550932039,0.9601871257766991,0.12833333333333333,0.1463444771598129,True,10,False,1200,10.0,0.15
25,5,Sasha Pieterse,percent,0.09195402298850575,0.023309977613649658,0.015265889809485646,9.011587501698142e-08,0.06961227939861335,0.06961218928273834,4.55968374380267,1152.224550932039,0.9601871257766991,0.12833333333333333,0.1463444771598129,True,10,True,1200,10.0,0.15
25,5,Terrell Owens,percent,0.09578544061302682,0.014278429578788403,0.017154081793195435,2.8217245661243966e-10,0.10004806144245518,0.10004806116028273,5.831978090595102,1152.224550932039,0.9601871257766991,0.12833333333333333,0.1463444771598129,True,10,False,1200,10.0,0.15
25,5,Vanessa Lachey,percent,0.09195402298850575,0.113547468357805,0.12033891698344457,0.010439686428734274,0.3169622269009647,0.30652254047223043,2.54713937117307,1152.224550932039,0.9601871257766991,0.12833333333333333,0.1463444771598129,True,10,False,1200,10.0,0.15
25,5,Victoria Arlen,percent,0.10344827586206896,0.0311740672384839,0.0319451668616971,5.122045771976806e-06,0.14399869163786488,0.14399356959209292,4.50738175304339,1152.224550932039,0.9601871257766991,0.12833333333333333,0.1463444771598129,True,10,False,1200,10.0,0.15
25,6,Drew Scott,percent,0.09803921568627451,0.20083307882538706,0.2017027163057542,0.0429016012040478,0.4317307142922449,0.3888291130881971,1.9277240906101472,1174.674462398946,0.9788953853324549,0.8716666666666667,0.9097244449690093,True,9,False,1200,10.0,0.15
25,6,Frankie Muniz,percent,0.10130718954248366,0.17794596290840672,0.1806369966352215,0.031312696389412205,0.40873799191399035,0.37742529552457815,2.0894014689874294,1174.674462398946,0.9788953853324549,0.8716666666666667,0.9097244449690093,True,9,False,1200,10.0,0.15
25,6,Jordan Fisher,percent,0.12745098039215685,0.1646004598774934,0.16806473709164974,0.0314221072736455,0.38259692745164303,0.3511748201779975,2.0895087021008605,1174.674462398946,0.9788953853324549,0.8716666666666667,0.9097244449690093,True,9,False,1200,10.0,0.15
25,6,Lindsey Stirling,percent,0.13071895424836602,0.18453633969384112,0.1804886299433451,0.03370476011514781,0.4022794852493263,0.36857472513417844,2.0420825575955384,1174.674462398946,0.9788953853324549,0.8716666666666667,0.9097244449690093,True,9,False,1200,10.0,0.15
25,6,Nick Lachey,percent,0.08496732026143791,0.013850028275201588,0.008004615038768335,7.0841454679338024e-12,0.04370911144966853,0.04370911144258439,5.459806801965467,1174.674462398946,0.9788953853324549,0.8716666666666667,0.9097244449690093,True,9,True,1200,10.0,0.15
25,6,Nikki Bella,percent,0.11764705882352941,0.09927366190189257,0.09960387696318224,0.006688616157815128,0.2756413647622914,0.26895274860447627,2.700196584790637,1174.674462398946,0.9788953853324549,0.8716666666666667,0.9097244449690093,True,9,False,1200,10.0,0.15
25,6,Terrell Owens,percent,0.12091503267973856,0.014105934827949902,0.016278163916463695,6.209658947385465e-11,0.09195048090126266,0.09195048083916607,5.64835401320416,1174.674462398946,0.9788953853324549,0.8716666666666667,0.9097244449690093,True,9,False,1200,10.0,0.15
25,6,Vanessa Lachey,percent,0.11764705882352941,0.11202793857931516,0.11369112867912066,0.007053081298920611,0.3121012078813141,0.3050481265823935,2.6831068265363123,1174.674462398946,0.9788953853324549,0.8716666666666667,0.9097244449690093,True,9,False,1200,10.0,0.15
25,6,Victoria Arlen,percent,0.10130718954248366,0.03282659511051245,0.03152913542649513,9.322987500706555e-06,0.13715451340955856,0.13714519042205786,4.3496543407426405,1174.674462398946,0.9788953853324549,0.8716666666666667,0.9097244449690093,True,9,False,1200,10.0,0.15
25,7,Drew Scott,percent,0.1325581395348837,0.19324415249904814,0.1931091059302712,0.038399973363192536,0.4047666628400862,0.36636668947689366,1.8971906607994016,1199.9999999999998,0.9999999999999998,,,False,8,False,1200,10.0,0.15
25,7,Frankie Muniz,percent,0.13953488372093023,0.1697425058004896,0.16828852340130446,0.026652318310739054,0.3978728514618714,0.37122053315113235,2.205844580508539,1199.9999999999998,0.9999999999999998,,,False,8,False,1200,10.0,0.15
25,7,Jordan Fisher,percent,0.12558139534883722,0.17245592964770676,0.17576299717765964,0.027232495546124207,0.4025811078381398,0.37534861229201555,2.135526150515448,1199.9999999999998,0.9999999999999998,,,False,8,False,1200,10.0,0.15
25,7,Lindsey Stirling,percent,0.1186046511627907,0.19803369927500547,0.2012328539163063,0.045782211158337784,0.42482095871577485,0.37903874755743705,1.8835734653031109,1199.9999999999998,0.9999999999999998,,,False,8,False,1200,10.0,0.15
25,7,Nikki Bella,percent,0.11162790697674418,0.10502620849792207,0.10364320042043078,0.006653328567458697,0.29820773525840233,0.2915544066909436,2.8130315590091732,1199.9999999999998,0.9999999999999998,,,False,8,True,1200,10.0,0.15
25,7,Terrell Owens,percent,0.11395348837209303,0.014956264092138093,0.01363952512448888,2.4132394374743644e-11,0.07475845270954219,0.0747584526854098,5.480613979530429,1199.9999999999998,0.9999999999999998,,,False,8,False,1200,10.0,0.15
25,7,Vanessa Lachey,percent,0.12558139534883722,0.11471262920271694,0.11081078316390566,0.011262785342778778,0.2830970133035816,0.2718342279608028,2.4531166289303648,1199.9999999999998,0.9999999999999998,,,False,8,True,1200,10.0,0.15
25,7,Victoria Arlen,percent,0.1325581395348837,0.031828610984972895,0.03351301086563267,1.3775044889394633e-05,0.15303550936843557,0.15302173432354618,4.5659033452323685,1199.9999999999998,0.9999999999999998,,,False,8,False,1200,10.0,0.15
25,8,Drew Scott,percent,0.1501597444089457,0.2612980887715563,0.2655993974140965,0.07912497379380547,0.5102695038892463,0.43114453009544085,1.6232826994729426,1159.3458959669624,0.9661215799724687,0.48,0.5301376522451084,True,6,False,1200,10.0,0.15
25,8,Frankie Muniz,percent,0.16932907348242812,0.22306480685807706,0.22181924067405204,0.05543748849136873,0.46876372929705107,0.41332624080568237,1.8633387086304438,1159.3458959669624,0.9661215799724687,0.48,0.5301376522451084,True,6,False,1200,10.0,0.15
25,8,Jordan Fisher,percent,0.19169329073482427,0.20816827966754833,0.20895280161079818,0.03954450133796599,0.44305010337884043,0.40350560204087443,1.9310756680677799,1159.3458959669624,0.9661215799724687,0.48,0.5301376522451084,True,6,False,1200,10.0,0.15
25,8,Lindsey Stirling,percent,0.17252396166134185,0.24596026155620368,0.24291119097401911,0.06599943038008867,0.48187122470048893,0.4158717943204003,1.712025208174423,1159.3458959669624,0.9661215799724687,0.48,0.5301376522451084,True,6,False,1200,10.0,0.15
25,8,Terrell Owens,percent,0.16293929712460065,0.01879152907932391,0.012750977857325839,5.686863583111083e-09,0.06485778272725028,0.0648577770403867,5.086095487777748,1159.3458959669624,0.9661215799724687,0.48,0.5301376522451084,True,6,True,1200,10.0,0.15
25,8,Victoria Arlen,percent,0.15335463258785942,0.042717034067290736,0.047966391469708304,5.1860244762065726e-05,0.1992940552116176,0.19924219496685555,4.153700855146109,1159.3458959669624,0.9661215799724687,0.48,0.5301376522451084,True,6,False,1200,10.0,0.15
25,9,Drew Scott,percent,0.17777777777777778,0.26694083571670785,0.2662725205439419,0.08048909876489656,0.4949792141490523,0.41449011538415576,1.5566328733605879,1143.3727098656282,0.9528105915546902,0.8391666666666666,0.9010664954852794,True,5,False,1200,10.0,0.15
25,9,Frankie Muniz,percent,0.18888888888888888,0.23221921398462894,0.24299607019156222,0.0642433199435558,0.47487867280792684,0.41063535286437103,1.6898777937555143,1143.3727098656282,0.9528105915546902,0.8391666666666666,0.9010664954852794,True,5,False,1200,10.0,0.15
25,9,Jordan Fisher,percent,0.21481481481481482,0.21491287680132418,0.2124515959079142,0.05079676658341251,0.44575462717146125,0.3949578605880487,1.8590399373573194,1143.3727098656282,0.9528105915546902,0.8391666666666666,0.9010664954852794,True,5,False,1200,10.0,0.15
25,9,Lindsey Stirling,percent,0.2111111111111111,0.24490492857826182,0.25204210395241644,0.07110756767128172,0.49106621481016943,0.4199586471388877,1.6662175657786389,1143.3727098656282,0.9528105915546902,0.8391666666666666,0.9010664954852794,True,5,False,1200,10.0,0.15
25,9,Victoria Arlen,percent,0.2074074074074074,0.041022144919077144,0.026237709404165067,3.249529194575903e-05,0.10131894402992102,0.10128644873797527,3.860191718190884,1143.3727098656282,0.9528105915546902,0.8391666666666666,0.9010664954852794,True,5,True,1200,10.0,0.15
25,10,Drew Scott,percent,0.2397871457464638,0.27205857346332263,0.27535885801212134,0.07871468939920835,0.5307658436756681,0.4520511542764598,1.6416741261413657,1199.9999999999998,0.9999999999999998,,,False,4,True,1200,10.0,0.15
25,10,Frankie Muniz,percent,0.24866694332774683,0.23791010449978503,0.23873492652622075,0.058860660266367396,0.47340653988236814,0.41454587961600076,1.736420176250559,1199.9999999999998,0.9999999999999998,,,False,4,True,1200,10.0,0.15
25,10,Jordan Fisher,percent,0.2557729554628947,0.23009168308086728,0.22803474195045673,0.05410792116220286,0.4747187662338626,0.42061084507165974,1.8444952597081998,1199.9999999999998,0.9999999999999998,,,False,4,True,1200,10.0,0.15
25,10,Lindsey Stirling,percent,0.2557729554628947,0.2599396389560251,0.2578714735112007,0.07009603284648089,0.4937952606899434,0.4236992278434625,1.6430572138016861,1199.9999999999998,0.9999999999999998,,,False,4,True,1200,10.0,0.15
26,1,Adam Rippon,percent,0.11428571428571428,0.11422833580911909,0.10946338895078983,0.008293469609251522,0.2837893293511952,0.2754958597419437,2.5167624136265356,1199.9999999999998,0.9999999999999998,,,False,10,False,1200,10.0,0.15
26,1,Arike Ogunbowale,percent,0.09523809523809523,0.1472423806134599,0.14448716654922455,0.017947962035527714,0.3346657087345938,0.31671774669906605,2.191997824203589,1199.9999999999998,0.9999999999999998,,,False,10,False,1200,10.0,0.15
26,1,Chris Mazdzer,percent,0.1,0.1146314881781021,0.11499520964109347,0.009225760064997746,0.30873186177376494,0.2995061017087672,2.6044867273759236,1199.9999999999998,0.9999999999999998,,,False,10,False,1200,10.0,0.15
26,1,Jamie Anderson,percent,0.09047619047619047,0.12443828695788552,0.12445362004623019,0.010950968357978697,0.32643972476762667,0.31548875640964796,2.5349702268381504,1199.9999999999998,0.9999999999999998,,,False,10,True,1200,10.0,0.15
26,1,Jennie Finch Daigle,percent,0.1,0.09024305988146954,0.08923676808868027,0.005143438295254943,0.26166622530488337,0.25652278700962844,2.8745988666447624,1199.9999999999998,0.9999999999999998,,,False,10,False,1200,10.0,0.15
26,1,Johnny Damon,percent,0.08571428571428572,0.07568787374239341,0.07355895323887154,0.0018575741443295928,0.23824480776062526,0.23638723361629566,3.2135315916892226,1199.9999999999998,0.9999999999999998,,,False,10,True,1200,10.0,0.15
26,1,Josh Norman,percent,0.11428571428571428,0.10759728677923056,0.11436207482416597,0.007408292249178473,0.31203981938272946,0.30463152713355096,2.663722775921547,1199.9999999999998,0.9999999999999998,,,False,10,False,1200,10.0,0.15
26,1,Kareem Abdul-Jabbar,percent,0.08095238095238096,0.034137832142125964,0.03531605498481322,8.457872140362725e-06,0.15764948125787578,0.15764102338573543,4.4635948114451525,1199.9999999999998,0.9999999999999998,,,False,10,False,1200,10.0,0.15
26,1,Mirai Nagasu,percent,0.10952380952380952,0.12634888850573978,0.12364553088639893,0.012570365731542701,0.32154766913896254,0.30897730340741986,2.4988756351870056,1199.9999999999998,0.9999999999999998,,,False,10,False,1200,10.0,0.15
26,1,Tonya Harding,percent,0.10952380952380952,0.06544456739047415,0.07048123278973235,0.0012264304075341804,0.23696260429891824,0.23573617389138407,3.3446184174478284,1199.9999999999998,0.9999999999999998,,,False,10,False,1200,10.0,0.15
26,2,Adam Rippon,percent,0.1383177570093458,0.1423376618428341,0.14557496519516946,0.020687361231181256,0.35183262965323037,0.3311452684220491,2.2747248694390745,1199.9999999999998,0.9999999999999998,,,False,8,False,1200,10.0,0.15
26,2,Arike Ogunbowale,percent,0.1308411214953271,0.17857514874581207,0.1856758419425667,0.030739860082386744,0.41066883019965406,0.37992897011726734,2.046183929791236,1199.9999999999998,0.9999999999999998,,,False,8,True,1200,10.0,0.15
26,2,Chris Mazdzer,percent,0.1233644859813084,0.14306330124341604,0.13393706769450028,0.01692782508722626,0.329690247827374,0.31276242274014776,2.3351271832107394,1199.9999999999998,0.9999999999999998,,,False,8,False,1200,10.0,0.15
26,2,Jennie Finch Daigle,percent,0.11775700934579439,0.11411326438024672,0.11435967068179569,0.006968717674036991,0.2967161636241551,0.2897474459501181,2.533628425075694,1199.9999999999998,0.9999999999999998,,,False,8,False,1200,10.0,0.15
26,2,Josh Norman,percent,0.11775700934579439,0.14068246926040426,0.14271407398576286,0.018509232795601804,0.35404262687981786,0.33553339408421606,2.3510718574667777,1199.9999999999998,0.9999999999999998,,,False,8,False,1200,10.0,0.15
26,2,Kareem Abdul-Jabbar,percent,0.1102803738317757,0.04201462266023246,0.043192006200159325,9.141922355520455e-05,0.16762967333338655,0.16753825410983134,3.8788282837607477,1199.9999999999998,0.9999999999999998,,,False,8,True,1200,10.0,0.15
26,2,Mirai Nagasu,percent,0.1383177570093458,0.15569641819816324,0.15245950548199982,0.02163087525654546,0.36221433299483646,0.340583457738291,2.233912688807803,1199.9999999999998,0.9999999999999998,,,False,8,False,1200,10.0,0.15
26,2,Tonya Harding,percent,0.1233644859813084,0.08351711366889111,0.08208686881804585,0.0025083473468244717,0.2599879991309044,0.25747965178407994,3.1366346269118477,1199.9999999999998,0.9999999999999998,,,False,8,False,1200,10.0,0.15
26,3,Adam Rippon,percent,0.1943127962085308,0.175999099352559,0.17027110401736714,0.03291426969188347,0.3762487480170876,0.3433344783252041,2.0163871252227272,1199.9999999999998,0.9999999999999998,,,False,6,False,1200,10.0,0.15
26,3,Chris Mazdzer,percent,0.15639810426540285,0.18665987684767382,0.18812237315134134,0.03566849875271319,0.40912094509433605,0.3734524463416229,1.9851464498310274,1199.9999999999998,0.9999999999999998,,,False,6,True,1200,10.0,0.15
26,3,Jennie Finch Daigle,percent,0.13744075829383887,0.1536116853717977,0.1505781505533349,0.017635311250645175,0.3506309175564682,0.33299560630582303,2.211432360204984,1199.9999999999998,0.9999999999999998,,,False,6,True,1200,10.0,0.15
26,3,Josh Norman,percent,0.18009478672985782,0.1713899940700509,0.17437635699604845,0.02808189383476542,0.38107048010551686,0.35298858627075147,2.0242799429443727,1199.9999999999998,0.9999999999999998,,,False,6,False,1200,10.0,0.15
26,3,Mirai Nagasu,percent,0.16587677725118483,0.2057616033447445,0.20997351680596751,0.04652238506444502,0.44037273784373837,0.39385035277929337,1.8757054845052514,1199.9999999999998,0.9999999999999998,,,False,6,True,1200,10.0,0.15
26,3,Tonya Harding,percent,0.16587677725118483,0.10657774101317408,0.10667849847594121,0.008169451268383763,0.28264582676617045,0.2744763754977867,2.5729065042397785,1199.9999999999998,0.9999999999999998,,,False,6,False,1200,10.0,0.15
26,4,Adam Rippon,percent,0.3391812865497076,0.3941314163320647,0.39806212986634437,0.17149908836234654,0.6451584335788636,0.4736593452165171,1.1899101164570436,1199.9999999999998,0.9999999999999998,,,False,3,True,1200,10.0,0.15
26,4,Josh Norman,percent,0.3333333333333333,0.37636643748475584,0.37438611431746155,0.14455923347478933,0.6445280781444677,0.49996884466967834,1.3354328328878589,1199.9999999999998,0.9999999999999998,,,False,3,True,1200,10.0,0.15
26,4,Tonya Harding,percent,0.32748538011695905,0.22950214618317938,0.22755175581619427,0.05417162308214846,0.454457271517383,0.40028564843523456,1.7590894340060872,1199.9999999999998,0.9999999999999998,,,False,3,True,1200,10.0,0.15
27,1,Alexis Ren,percent,0.08627450980392157,0.12914315302522492,0.12820370679373883,0.012682755211647034,0.31806215704488366,0.30537940183323664,2.381967163846363,1179.2814233625663,0.9827345194688053,0.6808333333333333,0.715870190699636,True,13,False,1200,10.0,0.15
27,1,Bobby Bones,percent,0.0784313725490196,0.11181778513069354,0.11177969967987755,0.008754782595926483,0.3014352490090231,0.2926804664130966,2.6183452711540336,1179.2814233625663,0.9827345194688053,0.6808333333333333,0.715870190699636,True,13,False,1200,10.0,0.15
27,1,Danelle Umstead,percent,0.07058823529411765,0.0152421753291203,0.015546024478667403,2.828385466632298e-10,0.09508032294568515,0.0950803226628466,6.1156604463644815,1179.2814233625663,0.9827345194688053,0.6808333333333333,0.715870190699636,True,13,False,1200,10.0,0.15
27,1,DeMarcus Ware,percent,0.09019607843137255,0.09643932994615813,0.09563321060003835,0.0047431583632348,0.26448767986542765,0.25974452150219285,2.7160209706597263,1179.2814233625663,0.9827345194688053,0.6808333333333333,0.715870190699636,True,13,False,1200,10.0,0.15
27,1,Evanna Lynch,percent,0.07058823529411765,0.1113742095903353,0.11244729372772619,0.009682912456033676,0.2904751646425879,0.2807922521865542,2.497078816210794,1179.2814233625663,0.9827345194688053,0.6808333333333333,0.715870190699636,True,13,False,1200,10.0,0.15
27,1,Joe Amabile,percent,0.054901960784313725,0.14088284872641058,0.14666409230094313,0.01690659236889652,0.3467708774309905,0.329864285062094,2.249098813405736,1179.2814233625663,0.9827345194688053,0.6808333333333333,0.715870190699636,True,13,False,1200,10.0,0.15
27,1,John Schneider,percent,0.07058823529411765,0.09413845768799581,0.09213424985504201,0.004037155155134188,0.2721140659046439,0.2680769107495097,2.909602037996095,1179.2814233625663,0.9827345194688053,0.6808333333333333,0.715870190699636,True,13,False,1200,10.0,0.15
27,1,Juan Pablo Di Pace,percent,0.08627450980392157,0.10287346857254404,0.10303297252302586,0.004921978634923829,0.2882206567303407,0.28329867809541687,2.749565712727477,1179.2814233625663,0.9827345194688053,0.6808333333333333,0.715870190699636,True,13,False,1200,10.0,0.15
27,1,Mary Lou Retton,percent,0.0784313725490196,0.012154544279214275,0.013135529327870236,4.561434665010851e-13,0.08388313666413823,0.08388313666368208,6.38548695550179,1179.2814233625663,0.9827345194688053,0.6808333333333333,0.715870190699636,True,13,False,1200,10.0,0.15
27,1,Milo Manheim,percent,0.0784313725490196,0.1446752546216896,0.14540013979812708,0.018757759525185505,0.36275081003634296,0.34399305051115747,2.3658208662514797,1179.2814233625663,0.9827345194688053,0.6808333333333333,0.715870190699636,True,13,False,1200,10.0,0.15
27,1,Nancy McKeon,percent,0.07647058823529412,0.012751632185907445,0.012906015556100436,5.882533038221019e-12,0.07836157948953223,0.0783615794836497,6.071239253028753,1179.2814233625663,0.9827345194688053,0.6808333333333333,0.715870190699636,True,13,False,1200,10.0,0.15
27,1,Nikki Glaser,percent,0.06862745098039216,0.011427796234850166,0.00666250834150588,2.84168134202498e-14,0.037241717329051856,0.03724171732902344,5.5889053364053,1179.2814233625663,0.9827345194688053,0.6808333333333333,0.715870190699636,True,13,True,1200,10.0,0.15
27,1,Tinashe,percent,0.09019607843137255,0.017079344669855914,0.01645455701733683,7.661199128265057e-10,0.07967661692134417,0.07967661615522426,4.841927627930223,1179.2814233625663,0.9827345194688053,0.6808333333333333,0.715870190699636,True,13,False,1200,10.0,0.15
27,2,Alexis Ren,percent,0.09057301293900184,0.13161272511685865,0.13481428790849967,0.014086060562511713,0.3378530083658712,0.32376694780335946,2.401559591840229,1168.5392110128428,0.9737826758440357,0.7358333333333333,0.788128281629268,True,12,False,1200,10.0,0.15
27,2,Bobby Bones,percent,0.07208872458410351,0.1168289102152175,0.11946996518921384,0.009076549611561402,0.3132033956088724,0.304126845997311,2.545613032552686,1168.5392110128428,0.9737826758440357,0.7358333333333333,0.788128281629268,True,12,False,1200,10.0,0.15
27,2,Danelle Umstead,percent,0.06839186691312385,0.015771506346027787,0.00998116522334274,3.2045081614939804e-10,0.05315115785023268,0.05315115752978186,5.324612079700988,1168.5392110128428,0.9737826758440357,0.7358333333333333,0.788128281629268,True,12,True,1200,10.0,0.15
27,2,DeMarcus Ware,percent,0.08687615526802218,0.10005115349781181,0.09994787934961998,0.005124069347670822,0.27556739282950754,0.2704433234818367,2.7058164657937707,1168.5392110128428,0.9737826758440357,0.7358333333333333,0.788128281629268,True,12,False,1200,10.0,0.15
27,2,Evanna Lynch,percent,0.08872458410351201,0.10988790263512876,0.11067516516156593,0.0078035341741746365,0.2959072384564664,0.28810370428229176,2.6031232999599845,1168.5392110128428,0.9737826758440357,0.7358333333333333,0.788128281629268,True,12,False,1200,10.0,0.15
27,2,Joe Amabile,percent,0.06469500924214418,0.1417429184088099,0.14184130383673604,0.015667040232551194,0.3501388627502365,0.33447182251768526,2.3580540746339715,1168.5392110128428,0.9737826758440357,0.7358333333333333,0.788128281629268,True,12,False,1200,10.0,0.15
27,2,John Schneider,percent,0.07948243992606285,0.09491255824921739,0.0940934736405179,0.004298178002023827,0.2814965881082803,0.2771984101062565,2.945958454109386,1168.5392110128428,0.9737826758440357,0.7358333333333333,0.788128281629268,True,12,False,1200,10.0,0.15
27,2,Juan Pablo Di Pace,percent,0.09611829944547134,0.10348920922722095,0.10480895646591792,0.006641321851505155,0.29036851961315785,0.28372719776165267,2.707063406270138,1168.5392110128428,0.9737826758440357,0.7358333333333333,0.788128281629268,True,12,False,1200,10.0,0.15
27,2,Mary Lou Retton,percent,0.08502772643253234,0.01232055377041585,0.012978667754332915,5.566445668445296e-12,0.0706768627975434,0.07067686279197695,5.4451981460298455,1168.5392110128428,0.9737826758440357,0.7358333333333333,0.788128281629268,True,12,False,1200,10.0,0.15
27,2,Milo Manheim,percent,0.09611829944547134,0.14289472015944607,0.1401331575443659,0.018926961203321074,0.34969695286141833,0.3307699916580973,2.360380919643927,1168.5392110128428,0.9737826758440357,0.7358333333333333,0.788128281629268,True,12,False,1200,10.0,0.15
27,2,Nancy McKeon,percent,0.07578558225508318,0.013147895304431785,0.012136817246380488,3.927255314439232e-12,0.06869555903597754,0.06869555903205028,5.659630363320504,1168.5392110128428,0.9737826758440357,0.7358333333333333,0.788128281629268,True,12,False,1200,10.0,0.15
27,2,Tinashe,percent,0.09611829944547134,0.01733994706941356,0.019119160679506603,2.8004938782821812e-09,0.09380928007705684,0.09380927727656296,4.90630172251166,1168.5392110128428,0.9737826758440357,0.7358333333333333,0.788128281629268,True,12,False,1200,10.0,0.15
27,3,Alexis Ren,percent,0.0959409594095941,0.1341144628774266,0.14060852827424164,0.01619663394262059,0.3383272127984898,0.3221305788558692,2.2909583924326453,1172.1431398333757,0.9767859498611464,0.695,0.7396736534610662,True,11,False,1200,10.0,0.15
27,3,Bobby Bones,percent,0.08487084870848709,0.11700224233955642,0.11340485893344172,0.010958212469364117,0.2916401184498093,0.2806819059804452,2.475021208076898,1172.1431398333757,0.9767859498611464,0.695,0.7396736534610662,True,11,False,1200,10.0,0.15
27,3,DeMarcus Ware,percent,0.0959409594095941,0.10107489354880403,0.10116590733610045,0.0051992298031773,0.2893747767647009,0.28417554696152364,2.808977307346414,1172.1431398333757,0.9767859498611464,0.695,0.7396736534610662,True,11,False,1200,10.0,0.15
27,3,Evanna Lynch,percent,0.0996309963099631,0.11053498014883203,0.10561559942205616,0.00772607370391879,0.2757833076372422,0.26805723393332337,2.538021820435021,1172.1431398333757,0.9767859498611464,0.695,0.7396736534610662,True,11,False,1200,10.0,0.15
27,3,Joe Amabile,percent,0.06642066420664207,0.14567337992179502,0.1479116735833897,0.01960895986369604,0.35234603969337536,0.3327370798296793,2.24955084489153,1172.1431398333757,0.9767859498611464,0.695,0.7396736534610662,True,11,False,1200,10.0,0.15
27,3,John Schneider,percent,0.07749077490774908,0.09839654267032466,0.09967939629547179,0.0053059886464049515,0.27200076689416697,0.266694778247762,2.675498775679298,1172.1431398333757,0.9767859498611464,0.695,0.7396736534610662,True,11,False,1200,10.0,0.15
27,3,Juan Pablo Di Pace,percent,0.11070110701107011,0.1032070046652602,0.10189278177505125,0.005718248892766628,0.2853640395370617,0.27964579064429507,2.744483380366264,1172.1431398333757,0.9767859498611464,0.695,0.7396736534610662,True,11,False,1200,10.0,0.15
27,3,Mary Lou Retton,percent,0.08856088560885608,0.012608759759487083,0.013912310874938879,8.506033671047397e-13,0.08462248060439505,0.08462248060354445,6.08212390021194,1172.1431398333757,0.9767859498611464,0.695,0.7396736534610662,True,11,False,1200,10.0,0.15
27,3,Milo Manheim,percent,0.0996309963099631,0.14624435670579702,0.15022478371878814,0.018296066129333863,0.35753516561511856,0.3392390994857847,2.258194905614977,1172.1431398333757,0.9767859498611464,0.695,0.7396736534610662,True,11,False,1200,10.0,0.15
27,3,Nancy McKeon,percent,0.08118081180811808,0.013396959568907837,0.008785096624577653,1.6571374476848733e-11,0.046679072276223615,0.04667907225965224,5.312833930038426,1172.1431398333757,0.9767859498611464,0.695,0.7396736534610662,True,11,True,1200,10.0,0.15
27,3,Tinashe,percent,0.0996309963099631,0.017746417793809033,0.016799063161942962,3.9500444851424895e-09,0.0810153771417367,0.08101537319169222,4.822325512157337,1172.1431398333757,0.9767859498611464,0.695,0.7396736534610662,True,11,False,1200,10.0,0.15
27,4,Alexis Ren,percent,0.10775862068965517,0.1342612477889182,0.1377292382309086,0.016829052390803238,0.3367919982941987,0.31996294590339547,2.3231132829885084,1162.4367040714744,0.9686972533928954,0.1725,0.1933112696565153,True,10,False,1200,10.0,0.15
27,4,Bobby Bones,percent,0.08620689655172414,0.1200383674345072,0.12641957775752485,0.01079835491430361,0.3310943688167839,0.3202960139024803,2.5335749890085872,1162.4367040714744,0.9686972533928954,0.1725,0.1933112696565153,True,10,False,1200,10.0,0.15
27,4,DeMarcus Ware,percent,0.09482758620689655,0.1042937186594149,0.10335572820244758,0.0059394521263988346,0.28395527867086856,0.2780158265444697,2.689866749650905,1162.4367040714744,0.9686972533928954,0.1725,0.1933112696565153,True,10,False,1200,10.0,0.15
27,4,Evanna Lynch,percent,0.10344827586206896,0.11274683090727229,0.1131797298630228,0.006722965411651214,0.29829432235708503,0.2915713569454338,2.5761572424767767,1162.4367040714744,0.9686972533928954,0.1725,0.1933112696565153,True,10,False,1200,10.0,0.15
27,4,Joe Amabile,percent,0.06465517241379311,0.15054200765383957,0.15333793541227086,0.023276056061397692,0.36439551697764244,0.34111946091624473,2.2246108595908956,1162.4367040714744,0.9686972533928954,0.1725,0.1933112696565153,True,10,False,1200,10.0,0.15
27,4,John Schneider,percent,0.09051724137931035,0.09822602809800589,0.10143671083751696,0.005965253415287739,0.28472332228365316,0.2787580688683654,2.7480713687918334,1162.4367040714744,0.9686972533928954,0.1725,0.1933112696565153,True,10,False,1200,10.0,0.15
27,4,Juan Pablo Di Pace,percent,0.10344827586206896,0.10803453540997243,0.1062045273964907,0.0079509587489182,0.29270556790488556,0.28475460915596734,2.6811656242043798,1162.4367040714744,0.9686972533928954,0.1725,0.1933112696565153,True,10,False,1200,10.0,0.15
27,4,Mary Lou Retton,percent,0.11206896551724138,0.012281977102399947,0.012982178839531497,6.19953932628594e-13,0.08036187812207922,0.08036187812145927,6.189691994134093,1162.4367040714744,0.9686972533928954,0.1725,0.1933112696565153,True,10,False,1200,10.0,0.15
27,4,Milo Manheim,percent,0.125,0.14183521226212095,0.13385378237110332,0.015174408858367112,0.3204886207588034,0.3053142119004363,2.2809361495502887,1162.4367040714744,0.9686972533928954,0.1725,0.1933112696565153,True,10,False,1200,10.0,0.15
27,4,Tinashe,percent,0.11206896551724138,0.01774007468354865,0.011500591089182909,4.668778450811496e-10,0.06109066642745661,0.061090665960578765,5.311496947412234,1162.4367040714744,0.9686972533928954,0.1725,0.1933112696565153,True,10,True,1200,10.0,0.15
27,5,Alexis Ren,percent,0.13063063063063063,0.1335752579739881,0.1341717576768276,0.01562674402363097,0.33129316877228426,0.3156664247486533,2.3526864187212775,1199.9999999999998,0.9999999999999998,,,False,9,False,1200,10.0,0.15
27,5,Bobby Bones,percent,0.0945945945945946,0.12354169974820307,0.12054823532156683,0.009861496347186022,0.3230072573576698,0.31314576101048375,2.5976586261635166,1199.9999999999998,0.9999999999999998,,,False,9,False,1200,10.0,0.15
27,5,DeMarcus Ware,percent,0.11711711711711711,0.10390235184626333,0.10494983776447185,0.006744353008583864,0.29632943449580995,0.28958508148722606,2.7592450680299088,1199.9999999999998,0.9999999999999998,,,False,9,False,1200,10.0,0.15
27,5,Evanna Lynch,percent,0.10810810810810811,0.11705389911723708,0.11481451612723921,0.010072363533691986,0.310293428657088,0.30022106512339597,2.614812659908172,1199.9999999999998,0.9999999999999998,,,False,9,False,1200,10.0,0.15
27,5,Joe Amabile,percent,0.07657657657657657,0.15365986264303297,0.1580934163785048,0.023608641161965864,0.3673220821120073,0.3437134409500414,2.1741023422809143,1199.9999999999998,0.9999999999999998,,,False,9,False,1200,10.0,0.15
27,5,John Schneider,percent,0.10810810810810811,0.09893918502133345,0.10046263052524308,0.0049013207392173104,0.28526471964946704,0.28036339891024975,2.790695473022986,1199.9999999999998,0.9999999999999998,,,False,9,False,1200,10.0,0.15
27,5,Juan Pablo Di Pace,percent,0.13063063063063063,0.10640401586425947,0.10799460176592889,0.006428581558608335,0.3032021777393862,0.29677359618077787,2.7480155795974817,1199.9999999999998,0.9999999999999998,,,False,9,False,1200,10.0,0.15
27,5,Mary Lou Retton,percent,0.11261261261261261,0.012874561979062756,0.01368279881917039,2.1907667233147715e-12,0.08536257310860498,0.08536257310641422,6.238221873506725,1199.9999999999998,0.9999999999999998,,,False,9,False,1200,10.0,0.15
27,5,Milo Manheim,percent,0.12162162162162163,0.1500491658066198,0.14528220562104752,0.021257280238086186,0.3411492547168612,0.319891974478775,2.201851019953207,1199.9999999999998,0.9999999999999998,,,False,9,False,1200,10.0,0.15
27,6,Alexis Ren,percent,0.11790393013100436,0.1382279164101002,0.13793306959331747,0.015331241004987187,0.34098265399237904,0.32565141298739186,2.3609207931552887,1172.060712093535,0.9767172600779458,0.6666666666666666,0.7090144825948981,True,9,False,1200,10.0,0.15
27,6,Bobby Bones,percent,0.09606986899563319,0.12366649668233627,0.1236015434497159,0.014063477955648707,0.3154582047118549,0.30139472675620615,2.438418485124619,1172.060712093535,0.9767172600779458,0.6666666666666666,0.7090144825948981,True,9,False,1200,10.0,0.15
27,6,DeMarcus Ware,percent,0.11353711790393013,0.10524482507391965,0.1075019011709417,0.0075369913438905495,0.2886824488325453,0.2811454574886547,2.615236002250784,1172.060712093535,0.9767172600779458,0.6666666666666666,0.7090144825948981,True,9,False,1200,10.0,0.15
27,6,Evanna Lynch,percent,0.12663755458515283,0.11258871758379731,0.11332132354035508,0.009219160432800586,0.3112834987448196,0.302064338312019,2.6655325171165525,1172.060712093535,0.9767172600779458,0.6666666666666666,0.7090144825948981,True,9,False,1200,10.0,0.15
27,6,Joe Amabile,percent,0.09606986899563319,0.14746536217429465,0.14625358797573984,0.020272154411563922,0.3484022767468927,0.3281301223353288,2.2435543860665605,1172.060712093535,0.9767172600779458,0.6666666666666666,0.7090144825948981,True,9,False,1200,10.0,0.15
27,6,John Schneider,percent,0.08296943231441048,0.10540238195789971,0.1081002425486909,0.006231988805937816,0.30604500361446707,0.29981301480852923,2.7734465186511397,1172.060712093535,0.9767172600779458,0.6666666666666666,0.7090144825948981,True,9,False,1200,10.0,0.15
27,6,Juan Pablo Di Pace,percent,0.13100436681222707,0.10678637070074011,0.10572673058976853,0.008301372539736715,0.28210117652022937,0.27379980398049264,2.58966878843599,1172.060712093535,0.9767172600779458,0.6666666666666666,0.7090144825948981,True,9,False,1200,10.0,0.15
27,6,Mary Lou Retton,percent,0.10480349344978165,0.013170590007621573,0.008220376113137398,2.4995779812963447e-12,0.048107004856519545,0.04810700485401997,5.851454086518082,1172.060712093535,0.9767172600779458,0.6666666666666666,0.7090144825948981,True,9,True,1200,10.0,0.15
27,6,Milo Manheim,percent,0.13100436681222707,0.14744733940929053,0.14934122501833336,0.01994967765835019,0.3512641046825435,0.3313144270241933,2.218491300658745,1172.060712093535,0.9767172600779458,0.6666666666666666,0.7090144825948981,True,9,False,1200,10.0,0.15
27,7,Alexis Ren,percent,0.12643678160919541,0.1413613930019896,0.13947066239898054,0.01722528801223917,0.34612197261223626,0.3288966845999971,2.3581613565280137,1199.9999999999998,0.9999999999999998,,,False,8,False,1200,10.0,0.15
27,7,Bobby Bones,percent,0.12183908045977011,0.12147096597629253,0.1225368547257778,0.010943462418748478,0.31788773822521105,0.30694427580646255,2.5048934999993264,1199.9999999999998,0.9999999999999998,,,False,8,False,1200,10.0,0.15
27,7,DeMarcus Ware,percent,0.12183908045977011,0.10768877122398048,0.10618348326186622,0.005819528015880089,0.2944656959014629,0.2886461678855828,2.718346024001829,1199.9999999999998,0.9999999999999998,,,False,8,True,1200,10.0,0.15
27,7,Evanna Lynch,percent,0.135632183908046,0.11501664467770488,0.11694946680435213,0.00842092047173839,0.31781615252572953,0.30939523205399116,2.6455237033947223,1199.9999999999998,0.9999999999999998,,,False,8,False,1200,10.0,0.15
27,7,Joe Amabile,percent,0.10804597701149425,0.14959815282204697,0.1484104197011542,0.019399834026555762,0.35874448464984127,0.3393446506232855,2.2865130682436723,1199.9999999999998,0.9999999999999998,,,False,8,False,1200,10.0,0.15
27,7,John Schneider,percent,0.12413793103448276,0.09986721900048258,0.10058474638854281,0.005397477076797852,0.28245357197436977,0.27705609489757194,2.7544269923430216,1199.9999999999998,0.9999999999999998,,,False,8,True,1200,10.0,0.15
27,7,Juan Pablo Di Pace,percent,0.12873563218390804,0.11200227652886763,0.11043841427905617,0.008825772077252896,0.29893493240818414,0.29010916033093126,2.6268625401968273,1199.9999999999998,0.9999999999999998,,,False,8,False,1200,10.0,0.15
27,7,Milo Manheim,percent,0.13333333333333333,0.15299457676863543,0.15542595244027033,0.025114947143682984,0.382737505194377,0.357622558050694,2.3009043955109796,1199.9999999999998,0.9999999999999998,,,False,8,False,1200,10.0,0.15
27,8,Alexis Ren,percent,0.18012422360248448,0.1729824465114486,0.17233910157222387,0.0304817366349632,0.39161946017182525,0.3611377235368621,2.095494433636024,1199.9999999999998,0.9999999999999998,,,False,6,False,1200,10.0,0.15
27,8,Bobby Bones,percent,0.13975155279503104,0.16162042037773167,0.1629497219212974,0.023614477245038006,0.3918481261537403,0.3682336489087023,2.2597853177143534,1199.9999999999998,0.9999999999999998,,,False,6,False,1200,10.0,0.15
27,8,Evanna Lynch,percent,0.18012422360248448,0.14380558980990382,0.1433544466964371,0.013413647137651448,0.334450054398134,0.32103640726048255,2.2394433881559763,1199.9999999999998,0.9999999999999998,,,False,6,False,1200,10.0,0.15
27,8,Joe Amabile,percent,0.14285714285714285,0.19132797216267844,0.19685014291523012,0.034525965798396153,0.41829885811100465,0.38377289231260847,1.9495588729087152,1199.9999999999998,0.9999999999999998,,,False,6,True,1200,10.0,0.15
27,8,Juan Pablo Di Pace,percent,0.18633540372670807,0.13580713208983042,0.13403626645955008,0.015002786378823784,0.33039727053129286,0.31539448415246907,2.3530357823855588,1199.9999999999998,0.9999999999999998,,,False,6,True,1200,10.0,0.15
27,8,Milo Manheim,percent,0.17080745341614906,0.1944564390484071,0.19047032043526227,0.042222142297004446,0.4037689867857125,0.36154684448870805,1.8981694654213899,1199.9999999999998,0.9999999999999998,,,False,6,False,1200,10.0,0.15
27,9,Alexis Ren,percent,0.24675324675324675,0.2666839399197674,0.26919625132238534,0.07787019090818162,0.5153933633989568,0.4375231724907752,1.625288409675499,1199.9999999999998,0.9999999999999998,,,False,4,True,1200,10.0,0.15
27,9,Bobby Bones,percent,0.23376623376623376,0.23370245911014434,0.23383240419075235,0.05523088916586095,0.47116145512122554,0.4159305659553646,1.7787474265912169,1199.9999999999998,0.9999999999999998,,,False,4,True,1200,10.0,0.15
27,9,Evanna Lynch,percent,0.2597402597402597,0.21506706942147644,0.21371280734905856,0.043991103651537,0.4347067281848303,0.3907156245332933,1.8282189128526347,1199.9999999999998,0.9999999999999998,,,False,4,True,1200,10.0,0.15
27,9,Milo Manheim,percent,0.2597402597402597,0.28454653154861187,0.28325853713780424,0.08870346793423053,0.5393206822800767,0.4506172143458461,1.5908280402457315,1199.9999999999998,0.9999999999999998,,,False,4,True,1200,10.0,0.15
28,1,Ally Brooke,rank,4.0022129552190464e-08,0.15255624851988625,0.1547388681546563,0.01782614659388375,0.374842056425054,0.35701590983117026,2.3072005559313724,1199.9999999999998,0.9999999999999998,,,False,12,False,1200,10.0,0.15
28,1,Hannah Brown,rank,0.029192796451533172,0.2167847897748968,0.21397859533627064,0.05002906579035812,0.4549920135834654,0.4049629477931073,1.8925306740425638,1199.9999999999998,0.9999999999999998,,,False,12,False,1200,10.0,0.15
28,1,James Van Der Beek,rank,0.9667326484306302,0.00331841670476843,0.00387439138947997,2.2637042341606093e-40,0.02294573717160648,0.02294573717160648,5.920882529154175,1199.9999999999998,0.9999999999999998,,,False,12,False,1200,10.0,0.15
28,1,Karamo Brown,rank,2.1851342339364305e-06,0.021601185609040986,0.021446445474409867,1.1906788763611454e-07,0.10847129204700437,0.10847117297911674,5.057533453508003,1199.9999999999998,0.9999999999999998,,,False,12,False,1200,10.0,0.15
28,1,Kate Flannery,rank,4.446056986483689e-10,0.02000984951903701,0.01992699784784947,1.996154697374908e-08,0.10699158690057903,0.10699156693903206,5.368906989849863,1199.9999999999998,0.9999999999999998,,,False,12,False,1200,10.0,0.15
28,1,Kel Mitchell,rank,2.4274648640394562e-08,0.22745481863578965,0.22665716036802624,0.05606058128838112,0.45370301551844294,0.39764243423006185,1.7543706945490398,1199.9999999999998,0.9999999999999998,,,False,12,False,1200,10.0,0.15
28,1,Lamar Odom,rank,2.459044628010706e-13,0.010036070768189636,0.010987884348527092,3.657863909587106e-15,0.06376712249953785,0.06376712249953419,5.8028750214375755,1199.9999999999998,0.9999999999999998,,,False,12,False,1200,10.0,0.15
28,1,Lauren Alaina,rank,0.003950815376237023,0.22493469269435143,0.22622727355337624,0.05318521674879789,0.4637733423137197,0.4105881255649218,1.8149284309860931,1199.9999999999998,0.9999999999999998,,,False,12,False,1200,10.0,0.15
28,1,Mary Wilson,rank,2.1851342339364305e-06,0.015972479435154886,0.016837963387885988,8.050684721620153e-11,0.0877286918142724,0.08772869173376555,5.209862965607365,1199.9999999999998,0.9999999999999998,,,False,12,False,1200,10.0,0.15
28,1,Ray Lewis,rank,4.446056986483689e-10,0.04035977764642795,0.0431480960064293,6.0403395579914654e-05,0.1770249914865733,0.17696458809099339,4.1012351235498725,1199.9999999999998,0.9999999999999998,,,False,12,False,1200,10.0,0.15
28,1,Sailor Brinkley-Cook,rank,0.00011930428674702095,0.034608143276490054,0.030751416135762894,7.4419307725618286e-06,0.13464559462132766,0.1346381526905551,4.378132504976752,1199.9999999999998,0.9999999999999998,,,False,12,False,1200,10.0,0.15
28,1,Sean Spicer,rank,1.4914859604901409e-13,0.03236352741596708,0.031424907997326015,4.888020645805991e-06,0.1365155627179183,0.1365106746972725,4.343889592908118,1199.9999999999998,0.9999999999999998,,,False,12,False,1200,10.0,0.15
28,2,Ally Brooke,rank,2.751893301983347e-05,0.18242773161282236,0.1809775736946224,0.034189531460251645,0.4002124247716328,0.36602289331138116,2.0224653440412057,1199.9999999999998,0.9999999999999998,,,False,12,False,1200,10.0,0.15
28,2,Hannah Brown,rank,0.9993638856741766,0.026784519637032277,0.02691222038096228,9.737235258842276e-07,0.12789733471782014,0.12789636099429424,4.752176037794602,1199.9999999999998,0.9999999999999998,,,False,12,False,1200,10.0,0.15
28,2,James Van Der Beek,rank,2.751893301983347e-05,0.038100573394484735,0.03842689009473502,5.859870776310863e-05,0.16495600224068438,0.16489740353292126,4.291086581293043,1199.9999999999998,0.9999999999999998,,,False,12,False,1200,10.0,0.15
28,2,Karamo Brown,rank,3.0570773165345196e-07,0.025832609463994086,0.026929644379515557,1.7315701276047657e-06,0.12864213803008226,0.12864040645995464,4.776729611334636,1199.9999999999998,0.9999999999999998,,,False,12,False,1200,10.0,0.15
28,2,Kate Flannery,rank,0.0005527325452565936,0.023898516725332223,0.024560943637216698,2.743733523395401e-07,0.12256613227480692,0.12256585790145458,4.990071621031675,1199.9999999999998,0.9999999999999998,,,False,12,False,1200,10.0,0.15
28,2,Kel Mitchell,rank,2.751893301983347e-05,0.27199190778385407,0.27256218509358165,0.08607959167510157,0.5262794953874206,0.440199903712319,1.615038008750819,1199.9999999999998,0.9999999999999998,,,False,12,False,1200,10.0,0.15
28,2,Lamar Odom,rank,4.655922560884117e-15,0.012001968842860764,0.01343377858809067,4.240428971593707e-12,0.07867245585277409,0.07867245584853366,5.855880343147097,1199.9999999999998,0.9999999999999998,,,False,12,False,1200,10.0,0.15
28,2,Lauren Alaina,rank,5.04026839794533e-07,0.2714934208666395,0.27229611508028134,0.08203416541512991,0.5100184380831494,0.42798427266801947,1.571754708241536,1199.9999999999998,0.9999999999999998,,,False,12,False,1200,10.0,0.15
28,2,Mary Wilson,rank,1.878333221333085e-12,0.019101318141483525,0.01674410984804805,7.47720706703081e-09,0.08695184874031753,0.08695184126311047,5.192670699215885,1199.9999999999998,0.9999999999999998,,,False,12,True,1200,10.0,0.15
28,2,Ray Lewis,rank,1.878333221333085e-12,0.048265581770712836,0.04836482384728259,0.0001908814685831408,0.18012423515760326,0.1799333536890201,3.7202582190508795,1199.9999999999998,0.9999999999999998,,,False,12,True,1200,10.0,0.15
28,2,Sailor Brinkley-Cook,rank,1.5220291736415017e-08,0.041398851688107356,0.042592828997573495,5.328340906954482e-05,0.16862172474311243,0.1685684413340429,3.957578956887064,1199.9999999999998,0.9999999999999998,,,False,12,False,1200,10.0,0.15
28,2,Sean Spicer,rank,2.2882783125079008e-11,0.038703000072676186,0.03619888635809049,2.520875428037836e-05,0.14607122225724498,0.1460460135029646,4.034432927724483,1199.9999999999998,0.9999999999999998,,,False,12,False,1200,10.0,0.15
28,3,Ally Brooke,rank,0.476265485407472,0.05753291005380298,0.06134336491313625,0.0008220823196588129,0.2066463453994279,0.2058242630797691,3.3552268960843703,1199.9999999999998,0.9999999999999998,,,False,10,False,1200,10.0,0.15
28,3,Hannah Brown,rank,3.564934309510324e-05,0.26674567385062314,0.26116772523800613,0.07443322219769616,0.48492851964963984,0.4104952974519437,1.5717628405845858,1199.9999999999998,0.9999999999999998,,,False,10,False,1200,10.0,0.15
28,3,James Van Der Beek,rank,0.023711862283235716,0.03464309897751866,0.033066982849052406,9.820561621812769e-06,0.1391120106582579,0.13910219009663607,4.2065520213798635,1199.9999999999998,0.9999999999999998,,,False,10,False,1200,10.0,0.15
28,3,Karamo Brown,rank,4.3994784471855135e-09,0.024826786852138162,0.02303991694427343,2.3203027697082384e-07,0.10409683143646666,0.10409659940618969,4.517901768317505,1199.9999999999998,0.9999999999999998,,,False,10,False,1200,10.0,0.15
28,3,Kate Flannery,rank,0.476265485407472,0.0075462314859773005,0.009369463016158973,2.1503686222804428e-19,0.0613921729008444,0.0613921729008444,6.551669089881275,1199.9999999999998,0.9999999999999998,,,False,10,False,1200,10.0,0.15
28,3,Kel Mitchell,rank,4.82461394497498e-06,0.26141528367557765,0.26447587736118294,0.07579058929671227,0.5192268693961134,0.4434362800994011,1.6766542486578977,1199.9999999999998,0.9999999999999998,,,False,10,False,1200,10.0,0.15
28,3,Lamar Odom,rank,2.964345260075482e-11,0.011534650132684824,0.011733414050077636,7.399886500922029e-13,0.06351999535162559,0.0635199953508856,5.413137382046387,1199.9999999999998,0.9999999999999998,,,False,10,False,1200,10.0,0.15
28,3,Lauren Alaina,rank,4.82461394497498e-06,0.2609196879973199,0.2653869867630233,0.07802917965304433,0.5112094451932108,0.4331802655401664,1.6322527286322583,1199.9999999999998,0.9999999999999998,,,False,10,False,1200,10.0,0.15
28,3,Sailor Brinkley-Cook,rank,0.023711862283235716,0.037639649461466446,0.035480131604437005,4.430091288297729e-05,0.1371454307320879,0.13710112981920491,3.864057419241388,1199.9999999999998,0.9999999999999998,,,False,10,False,1200,10.0,0.15
28,3,Sean Spicer,rank,1.6184776725964115e-09,0.03719602751289106,0.03493613726065167,3.210575498741891e-05,0.14843465075391607,0.14840254499892866,4.247701919357561,1199.9999999999998,0.9999999999999998,,,False,10,False,1200,10.0,0.15
28,4,Ally Brooke,rank,0.24886046672720671,0.13770105179358236,0.1410870317434571,0.016303519892745064,0.3419131755520059,0.3256096556592608,2.3078474597428835,1162.1758289062427,0.9684798574218689,0.4658333333333333,0.5068746130848945,True,10,False,1200,10.0,0.15
28,4,Hannah Brown,rank,0.24886046672720671,0.20950776059503642,0.2084671854068308,0.04661387192402163,0.4446349146786586,0.398021042754637,1.9092651570688792,1162.1758289062427,0.9684798574218689,0.4658333333333333,0.5068746130848945,True,10,False,1200,10.0,0.15
28,4,James Van Der Beek,rank,4.6173356046224044e-08,0.05148206803864716,0.05276782612119882,0.00026211524066978666,0.19445031155409123,0.19418819631342144,3.6799794611199474,1162.1758289062427,0.9684798574218689,0.4658333333333333,0.5068746130848945,True,10,False,1200,10.0,0.15
28,4,Karamo Brown,rank,4.6173356046224044e-08,0.03490318815016324,0.03700483683562284,1.898658948750155e-05,0.1631188515131844,0.16309986492369688,4.407409178399999,1162.1758289062427,0.9684798574218689,0.4658333333333333,0.5068746130848945,True,10,False,1200,10.0,0.15
28,4,Kate Flannery,rank,2.29883603424708e-09,0.03233174590283748,0.033132560498655865,9.841999908687277e-06,0.1561034473711364,0.1560936053712277,4.711042309430041,1162.1758289062427,0.9684798574218689,0.4658333333333333,0.5068746130848945,True,10,False,1200,10.0,0.15
28,4,Kel Mitchell,rank,0.24886046672720671,0.2053063503561498,0.19934536144185602,0.03699391456203057,0.4353876450332655,0.39839373047123494,1.9985001360932073,1162.1758289062427,0.9684798574218689,0.4658333333333333,0.5068746130848945,True,10,False,1200,10.0,0.15
28,4,Lamar Odom,rank,2.0962671213967765e-12,0.01621619847953611,0.010549769667686204,5.188856271575043e-10,0.05937892951773795,0.05937892899885232,5.627923921106145,1162.1758289062427,0.9684798574218689,0.4658333333333333,0.5068746130848945,True,10,True,1200,10.0,0.15
28,4,Lauren Alaina,rank,0.24886046672720671,0.20491712697745224,0.2048047785771901,0.04160112513738216,0.430796910783996,0.38919578564661383,1.9003164283273786,1162.1758289062427,0.9684798574218689,0.4658333333333333,0.5068746130848945,True,10,False,1200,10.0,0.15
28,4,Sailor Brinkley-Cook,rank,0.004558038442257366,0.0553417951375058,0.058781066015228395,0.000494452627453144,0.20226891010913053,0.20177445748167738,3.432585330182247,1162.1758289062427,0.9684798574218689,0.4658333333333333,0.5068746130848945,True,10,False,1200,10.0,0.15
28,4,Sean Spicer,rank,1.27145028007469e-12,0.052292714569089585,0.05405958369227388,0.00019641778401191163,0.20245051257601165,0.20225409479199974,3.7412488171285703,1162.1758289062427,0.9684798574218689,0.4658333333333333,0.5068746130848945,True,10,False,1200,10.0,0.15
28,5,Ally Brooke,rank,0.8570443657705182,0.025447303374250253,0.025242818870948064,4.698543031329729e-07,0.13006631186915002,0.1300658420148469,5.152383745097047,1199.9999999999998,0.9999999999999998,,,False,9,False,1200,10.0,0.15
28,5,Hannah Brown,rank,0.002124400587153311,0.286171637724292,0.28562830528479216,0.08405195856688898,0.5445085499336028,0.4604565913667138,1.6120775524332378,1199.9999999999998,0.9999999999999998,,,False,9,False,1200,10.0,0.15
28,5,James Van Der Beek,rank,0.07035048558489321,0.03348704646833434,0.03595677799040024,8.468983370698547e-06,0.1524333680093148,0.1524248990259441,4.2389966105980585,1199.9999999999998,0.9999999999999998,,,False,9,False,1200,10.0,0.15
28,5,Karamo Brown,rank,2.1520376788849077e-08,0.02676530366343762,0.026708840623133966,1.0546669612496972e-06,0.12322505804793484,0.12322400338097358,4.613430874396406,1199.9999999999998,0.9999999999999998,,,False,9,False,1200,10.0,0.15
28,5,Kate Flannery,rank,6.415133907286708e-05,0.024789685891135955,0.0239805618288068,3.8191861939441146e-07,0.11592972474834438,0.11592934282972499,4.834103118774773,1199.9999999999998,0.9999999999999998,,,False,9,False,1200,10.0,0.15
28,5,Kel Mitchell,rank,0.07035048558489321,0.2390569181378066,0.23332629842121408,0.05444427147229141,0.4698841555928772,0.4154398841205858,1.780502696990958,1199.9999999999998,0.9999999999999998,,,False,9,False,1200,10.0,0.15
28,5,Lauren Alaina,rank,1.9372025830385294e-06,0.2812946428634027,0.2831655512935099,0.08282798050220937,0.5299517582681724,0.44712377776596307,1.579013395909558,1199.9999999999998,0.9999999999999998,,,False,9,False,1200,10.0,0.15
28,5,Sailor Brinkley-Cook,rank,6.415133907286708e-05,0.04288710501115745,0.04531975825184159,7.978771507314053e-05,0.1735257377627789,0.17344595004770577,3.8270752021378165,1199.9999999999998,0.9999999999999998,,,False,9,False,1200,10.0,0.15
28,5,Sean Spicer,rank,1.0714364704886213e-09,0.04010035686618302,0.04067108743535347,4.9373922978961736e-05,0.1681723932170126,0.16812301929403364,4.13362160379051,1199.9999999999998,0.9999999999999998,,,False,9,False,1200,10.0,0.15
28,6,Ally Brooke,rank,0.00011044733950855347,0.1645756710634885,0.1687318165453287,0.02609373020637262,0.3835485113283255,0.3574547811219529,2.1184662737252746,1154.9525458295425,0.9624604548579521,0.0,0.0,True,9,False,1200,10.0,0.15
28,6,Hannah Brown,rank,2.0229135866600886e-06,0.2504601675129468,0.25377337312640424,0.06530585764280658,0.4897825934493135,0.4244767358065069,1.6726540610744662,1154.9525458295425,0.9624604548579521,0.0,0.0,True,9,False,1200,10.0,0.15
28,6,James Van Der Beek,rank,0.3292388788555319,0.015913449910192612,0.014620089908490464,4.4498896359048596e-10,0.07750310934860097,0.077503108903612,5.300775071399155,1154.9525458295425,0.9624604548579521,0.0,0.0,True,9,False,1200,10.0,0.15
28,6,Karamo Brown,rank,0.00011044733950855347,0.02330319141144341,0.02406417447709775,1.41955543926354e-07,0.12489730226756326,0.12489716031201933,5.189954489250886,1154.9525458295425,0.9624604548579521,0.0,0.0,True,9,False,1200,10.0,0.15
28,6,Kate Flannery,rank,0.3292388788555319,0.00999395684202619,0.009499840339373157,2.2290310198635725e-15,0.05710644692577656,0.05710644692577433,6.010673254776754,1154.9525458295425,0.9624604548579521,0.0,0.0,True,9,False,1200,10.0,0.15
28,6,Kel Mitchell,rank,0.0060302204132496205,0.2420000283312658,0.2401188992203522,0.06523924308844438,0.45306671540393817,0.3878274723154938,1.6151409090822328,1154.9525458295425,0.9624604548579521,0.0,0.0,True,9,False,1200,10.0,0.15
28,6,Lauren Alaina,rank,0.0060302204132496205,0.2415412404345028,0.2420859040952696,0.06615577136888352,0.46458716048066206,0.39843138911177856,1.6458196720752065,1154.9525458295425,0.9624604548579521,0.0,0.0,True,9,False,1200,10.0,0.15
28,6,Sailor Brinkley-Cook,rank,0.3292388788555319,0.017289927691831363,0.010563068632316428,9.386917036449777e-10,0.0538238693157961,0.0538238683771044,5.094994196880962,1154.9525458295425,0.9624604548579521,0.0,0.0,True,9,True,1200,10.0,0.15
28,6,Sean Spicer,rank,5.014301456141645e-09,0.034922366802302415,0.03654283365536741,1.7846090034547453e-05,0.14716736975777303,0.14714952366773848,4.026658096560314,1154.9525458295425,0.9624604548579521,0.0,0.0,True,9,False,1200,10.0,0.15
28,7,Ally Brooke,rank,0.33284142031600816,0.09703529103689428,0.09670299967427143,0.005407595030070346,0.26845351299500203,0.2630459179649317,2.7201141509239597,1142.9990391991923,0.9524991993326603,0.35333333333333333,0.40633288315682925,True,8,False,1200,10.0,0.15
28,7,Hannah Brown,rank,0.0013602468100852758,0.32064556840641406,0.3161857758824039,0.11806231082176034,0.5583805322442524,0.4403182214224921,1.392588985398476,1142.9990391991923,0.9524991993326603,0.35333333333333333,0.40633288315682925,True,8,False,1200,10.0,0.15
28,7,James Van Der Beek,rank,0.33284142031600816,0.020266108641053326,0.02235872746161696,5.282940308767433e-08,0.11470358465370176,0.11470353182429867,5.1299163650898905,1142.9990391991923,0.9524991993326603,0.35333333333333333,0.40633288315682925,True,8,False,1200,10.0,0.15
28,7,Karamo Brown,rank,3.3717147413023483e-06,0.029935804458284882,0.02054953712259837,4.109210681424342e-06,0.09439143693674226,0.09438732772606084,4.5929372630493415,1142.9990391991923,0.9524991993326603,0.35333333333333333,0.40633288315682925,True,8,True,1200,10.0,0.15
28,7,Kate Flannery,rank,4.5631196950721565e-07,0.027730513380531566,0.030971984730072757,2.3519654578800715e-06,0.14084387461776857,0.14084152265231067,4.547237661456718,1142.9990391991923,0.9524991993326603,0.35333333333333333,0.40633288315682925,True,8,False,1200,10.0,0.15
28,7,Kel Mitchell,rank,0.0001116558575340126,0.3151347230645415,0.3236958356596317,0.1191019155074861,0.5627310171078047,0.4436291016003186,1.3705079961510531,1142.9990391991923,0.9524991993326603,0.35333333333333333,0.40633288315682925,True,8,False,1200,10.0,0.15
28,7,Lauren Alaina,rank,0.33284142031600816,0.14440117047550405,0.13909257223428964,0.014560872976428503,0.33429393148372394,0.31973305850729544,2.2986903950438204,1142.9990391991923,0.9524991993326603,0.35333333333333333,0.40633288315682925,True,8,False,1200,10.0,0.15
28,7,Sean Spicer,rank,8.357645254101244e-09,0.04485082053677648,0.05044256723511623,0.00011523098017262897,0.19673569670289864,0.196620465722726,3.8978303181113825,1142.9990391991923,0.9524991993326603,0.35333333333333333,0.40633288315682925,True,8,False,1200,10.0,0.15
28,8,Ally Brooke,rank,0.010099446587794745,0.17501334787907127,0.1726715776909011,0.029340636689425447,0.3870254094937516,0.35768477280432615,2.0714625193388434,1157.7393098089897,0.964782758174158,0.5866666666666667,0.6443024857921414,True,7,False,1200,10.0,0.15
28,8,Hannah Brown,rank,0.07462537740536912,0.22896356552238506,0.23211062263272458,0.05644564692644921,0.4734718916849711,0.4170262447585219,1.7966624851802095,1157.7393098089897,0.964782758174158,0.5866666666666667,0.6443024857921414,True,7,False,1200,10.0,0.15
28,8,James Van Der Beek,rank,0.9091232095561267,0.00446040242893385,0.004659086442932815,1.6580618032516618e-32,0.024919569967142695,0.024919569967142695,5.34744800816605,1157.7393098089897,0.964782758174158,0.5866666666666667,0.6443024857921414,True,7,False,1200,10.0,0.15
28,8,Kate Flannery,rank,2.5034025212621854e-05,0.023502930177846857,0.01564653155065381,1.1726035729516244e-07,0.07702981851899558,0.07702970125863828,4.922802105193372,1157.7393098089897,0.964782758174158,0.5866666666666667,0.6443024857921414,True,7,True,1200,10.0,0.15
28,8,Kel Mitchell,rank,0.006125624001627652,0.26337483387224964,0.2723569756832596,0.08862130579482849,0.5191584635329575,0.43053715773812895,1.5807767577139904,1157.7393098089897,0.964782758174158,0.5866666666666667,0.6443024857921414,True,7,False,1200,10.0,0.15
28,8,Lauren Alaina,rank,1.246370724783634e-06,0.2666695333579719,0.2637855212923007,0.07908275513588113,0.49559225617754527,0.4165095010416641,1.578964304169779,1157.7393098089897,0.964782758174158,0.5866666666666667,0.6443024857921414,True,7,False,1200,10.0,0.15
28,8,Sean Spicer,rank,6.205314448650691e-08,0.03801538676154145,0.03876968470722722,2.7921487635629998e-05,0.17149922775662013,0.1714713062689845,4.422705133113644,1157.7393098089897,0.964782758174158,0.5866666666666667,0.6443024857921414,True,7,False,1200,10.0,0.15
28,9,Ally Brooke,rank,0.9984373302687561,0.019290814890315196,0.018520694725709382,1.1232258786548239e-08,0.09341517968985623,0.09341516845759744,5.04355405058754,1127.2068603792513,0.9393390503160428,0.4766666666666667,0.5581887897114203,True,6,False,1200,10.0,0.15
28,9,Hannah Brown,rank,1.0114263607989463e-05,0.3035005314358271,0.305483823163704,0.10633627645225162,0.5551122770198884,0.4487760005676368,1.4690615262649092,1127.2068603792513,0.9393390503160428,0.4766666666666667,0.5581887897114203,True,6,False,1200,10.0,0.15
28,9,James Van Der Beek,rank,4.532898466644442e-05,0.041658292890223596,0.045275483388725855,3.875275524406314e-05,0.18042999744886143,0.18039124469361736,3.9842150094752276,1127.2068603792513,0.9393390503160428,0.4766666666666667,0.5581887897114203,True,6,False,1200,10.0,0.15
28,9,Kel Mitchell,rank,0.0015010898140579406,0.2963784877541374,0.3003502405448348,0.09602816623003702,0.534945204281401,0.438917038051364,1.4613458471327503,1127.2068603792513,0.9393390503160428,0.4766666666666667,0.5581887897114203,True,6,False,1200,10.0,0.15
28,9,Lauren Alaina,rank,6.134610978661329e-06,0.2968531373944288,0.30121481255782756,0.10378567146697511,0.5379262172015334,0.43414054573455835,1.441294007933969,1127.2068603792513,0.9393390503160428,0.4766666666666667,0.5581887897114203,True,6,False,1200,10.0,0.15
28,9,Sean Spicer,rank,2.0579327200613295e-09,0.04231873563506796,0.02915494561919918,3.630786471264547e-05,0.11658007719286831,0.11654376932815566,3.997255683294032,1127.2068603792513,0.9393390503160428,0.4766666666666667,0.5581887897114203,True,6,True,1200,10.0,0.15
28,10,Ally Brooke,rank,0.8793766310201364,0.028589128606036417,0.02652664447694027,2.957166241513609e-06,0.11027861304080404,0.11027565587456252,4.157008963627435,1153.8122364327662,0.9615101970273052,0.9466666666666667,0.9758454594415311,True,5,False,1200,10.0,0.15
28,10,Hannah Brown,rank,0.0008018876907573506,0.33979924181349797,0.34656895564088996,0.13797458317358607,0.5871112079279277,0.44913662475434163,1.2959479534911837,1153.8122364327662,0.9615101970273052,0.9466666666666667,0.9758454594415311,True,5,False,1200,10.0,0.15
28,10,James Van Der Beek,rank,8.908167580682524e-06,0.04673109779605885,0.0344478569665667,6.5192385832062e-05,0.13314469424975608,0.13307950186392403,3.8631035564715637,1153.8122364327662,0.9615101970273052,0.9466666666666667,0.9758454594415311,True,5,True,1200,10.0,0.15
28,10,Kel Mitchell,rank,0.11901068543076841,0.2525268080666028,0.25433628134255043,0.07008230535394262,0.48400326749359585,0.41392096213965324,1.6274490312813006,1153.8122364327662,0.9615101970273052,0.9466666666666667,0.9758454594415311,True,5,False,1200,10.0,0.15
28,10,Lauren Alaina,rank,0.0008018876907573506,0.33235372371780403,0.3381202615730531,0.1258623047074661,0.5810894834475238,0.4552271787400577,1.3463429558442697,1153.8122364327662,0.9615101970273052,0.9466666666666667,0.9758454594415311,True,5,False,1200,10.0,0.15
28,11,Ally Brooke,rank,0.8649548767993754,0.03137051084829494,0.030807335087894936,3.442870414740798e-06,0.1399407692131375,0.13993732634272277,4.542190480059608,1199.9999999999998,0.9999999999999998,,,False,4,True,1200,10.0,0.15
28,11,Hannah Brown,rank,0.01584220117850692,0.34802093456455124,0.34387992845622634,0.12853836577005445,0.575356841783086,0.44681847601303154,1.299340670094499,1199.9999999999998,0.9999999999999998,,,False,4,True,1200,10.0,0.15
28,11,Kel Mitchell,rank,0.11705891323853293,0.26912674701732003,0.27083746504926437,0.07413790549290329,0.5156236261220526,0.4414857206291493,1.6300702359572337,1199.9999999999998,0.9999999999999998,,,False,4,True,1200,10.0,0.15
28,11,Lauren Alaina,rank,0.002144008783584634,0.3514818075698337,0.35447527140661367,0.13289750984172385,0.5965401642013756,0.4636426543596517,1.3079652765468612,1199.9999999999998,0.9999999999999998,,,False,4,True,1200,10.0,0.15
29,1,AJ McLean,rank,3.397117632707675e-08,0.016773450738345467,0.015318164747652047,1.8879771526724715e-09,0.07816846296139938,0.07816846107342224,5.102658164532309,1199.9999999999998,0.9999999999999998,,,False,15,False,1200,10.0,0.15
29,1,Anne Heche,rank,3.397117632707675e-08,0.012942641777146597,0.012183007104393283,7.651690322288082e-12,0.07004705045746723,0.07004705044981555,5.749097965033042,1199.9999999999998,0.9999999999999998,,,False,15,False,1200,10.0,0.15
29,1,Carole Baskin,rank,7.001981314505321e-17,0.01123595567448424,0.011821494953647288,4.516945657182916e-13,0.07472352075676697,0.07472352075631528,6.3204527512412065,1199.9999999999998,0.9999999999999998,,,False,15,False,1200,10.0,0.15
29,1,Charles Oakley,rank,3.1380703127929855e-16,0.010441622888562919,0.01043959981365159,1.4061027010728783e-15,0.07156018416925891,0.07156018416925751,6.854029983573272,1199.9999999999998,0.9999999999999998,,,False,15,False,1200,10.0,0.15
29,1,Chrishell Stause,rank,2.3187377583616226e-15,0.018399945384843488,0.017628987842829104,1.5434031157668514e-09,0.09766041841939212,0.097660416875989,5.539448906410438,1199.9999999999998,0.9999999999999998,,,False,15,False,1200,10.0,0.15
29,1,Jeannie Mai,rank,3.397117632707675e-08,0.14651146810098148,0.14831393951124824,0.01947481008380815,0.3508323355185123,0.33135752543470415,2.2341479997001508,1199.9999999999998,0.9999999999999998,,,False,15,False,1200,10.0,0.15
29,1,Jesse Metcalfe,rank,3.397117632707675e-08,0.015234263372014481,0.01422885955082384,9.606896325466314e-11,0.07876393990181656,0.0787639398057476,5.53511716151742,1199.9999999999998,0.9999999999999998,,,False,15,False,1200,10.0,0.15
29,1,Johnny Weir,rank,3.397117632707675e-08,0.12314957727078886,0.1263619311004265,0.011124268642681888,0.32841672252210097,0.31729245387941907,2.5109614909712086,1199.9999999999998,0.9999999999999998,,,False,15,False,1200,10.0,0.15
29,1,Justina Machado,rank,0.49770217303950903,0.04966908874001559,0.04904976548205017,0.00015921476835834152,0.17019604678656972,0.17003683201821138,3.4665479803864696,1199.9999999999998,0.9999999999999998,,,False,15,False,1200,10.0,0.15
29,1,Kaitlyn Bristowe,rank,0.0033534908632698755,0.10702709842638092,0.10362498999839194,0.006534305623454057,0.2784838491295147,0.2719495435060606,2.6243372295915406,1199.9999999999998,0.9999999999999998,,,False,15,False,1200,10.0,0.15
29,1,Monica Aldama,rank,8.31247277676095e-06,0.09143494798411449,0.09224947021413714,0.004013081353334941,0.2655564833720725,0.26154340201873755,2.83514437825225,1199.9999999999998,0.9999999999999998,,,False,15,False,1200,10.0,0.15
29,1,Nelly,rank,6.912059840643311e-12,0.16653048449371627,0.16847936739069944,0.022368661388861472,0.37467636630136725,0.3523077049125058,2.091090554755961,1199.9999999999998,0.9999999999999998,,,False,15,False,1200,10.0,0.15
29,1,Nev Schulman,rank,0.0012336803447532596,0.153216098508768,0.1546199271663107,0.02093766169296815,0.36843198605316246,0.34749432436019434,2.2473951665444902,1199.9999999999998,0.9999999999999998,,,False,15,False,1200,10.0,0.15
29,1,Skai Jackson,rank,0.49770217303950903,0.06016893784784118,0.0585992810608454,0.0007347175273476986,0.21046776811833515,0.20973305059098746,3.579045130742957,1199.9999999999998,0.9999999999999998,,,False,15,False,1200,10.0,0.15
29,1,Veron Davis,rank,3.7738568021751455e-10,0.01726441879199604,0.017081214062893216,2.1911545213029217e-09,0.09671720013527166,0.09671719794411714,5.661865469430614,1199.9999999999998,0.9999999999999998,,,False,15,False,1200,10.0,0.15
29,2,AJ McLean,rank,1.778070543828434e-06,0.015478307002385271,0.015451462834506376,1.8134794095475825e-10,0.0849292416616331,0.08492924148028516,5.496162158088646,1179.6325141261036,0.9830270951050863,0.29583333333333334,0.3114859851758772,True,15,False,1200,10.0,0.15
29,2,Anne Heche,rank,4.407396230781067e-09,0.011943339348250237,0.011918664827797352,6.761150183517935e-13,0.06533431146229744,0.06533431146162133,5.481220521340325,1179.6325141261036,0.9830270951050863,0.29583333333333334,0.3114859851758772,True,15,False,1200,10.0,0.15
29,2,Carole Baskin,rank,4.464733634406441e-14,0.010368425901786469,0.009196293742492746,1.6582571093659493e-15,0.05584461988687067,0.055844619886869014,6.071853465858037,1179.6325141261036,0.9830270951050863,0.29583333333333334,0.3114859851758772,True,15,False,1200,10.0,0.15
29,2,Charles Oakley,rank,3.0083138593664827e-16,0.009635423665859476,0.006218123202046781,1.0326992795368666e-15,0.03421627330327998,0.03421627330327895,5.501784124813286,1179.6325141261036,0.9830270951050863,0.29583333333333334,0.3114859851758772,True,15,True,1200,10.0,0.15
29,2,Chrishell Stause,rank,4.407396230781067e-09,0.01697928274900319,0.017840223093574106,1.2666352936755148e-09,0.09530491849070584,0.09530491722407054,5.341837648921985,1179.6325141261036,0.9830270951050863,0.29583333333333334,0.3114859851758772,True,15,False,1200,10.0,0.15
29,2,Jeannie Mai,rank,4.407396230781067e-09,0.13519930568040026,0.14035561280790093,0.014202443508873612,0.35391026256233016,0.33970781905345654,2.4203193013669946,1179.6325141261036,0.9830270951050863,0.29583333333333334,0.3114859851758772,True,15,False,1200,10.0,0.15
29,2,Jesse Metcalfe,rank,0.0004350795170714727,0.01404372127709412,0.015003434967318287,1.846470314850938e-10,0.07908664058453564,0.07908664039988861,5.270884280024548,1179.6325141261036,0.9830270951050863,0.29583333333333334,0.3114859851758772,True,15,False,1200,10.0,0.15
29,2,Johnny Weir,rank,4.407396230781067e-09,0.1136411883496369,0.11396845021787981,0.009040045729457493,0.30483738069940697,0.2957973349699495,2.595408983762423,1179.6325141261036,0.9830270951050863,0.29583333333333334,0.3114859851758772,True,15,False,1200,10.0,0.15
29,2,Justina Machado,rank,0.10646044772080253,0.11448458479154819,0.11138614655561326,0.010731179487091295,0.289624384377697,0.2788932048906057,2.503818559993008,1179.6325141261036,0.9830270951050863,0.29583333333333334,0.3114859851758772,True,15,False,1200,10.0,0.15
29,2,Kaitlyn Bristowe,rank,0.7866422205262835,0.01580018830451705,0.014578757208546187,2.4289499911153054e-10,0.08579796956194913,0.08579796931905413,5.88473237872316,1179.6325141261036,0.9830270951050863,0.29583333333333334,0.3114859851758772,True,15,False,1200,10.0,0.15
29,2,Monica Aldama,rank,7.361101311056189e-14,0.0843768833896507,0.08777425134810111,0.0030672471580395176,0.2631552524737422,0.2600880053157027,2.963113193310489,1179.6325141261036,0.9830270951050863,0.29583333333333334,0.3114859851758772,True,15,False,1200,10.0,0.15
29,2,Nelly,rank,4.407396230781067e-09,0.15367263997001612,0.1555654543143581,0.025319064589133168,0.3553299807420551,0.3300109161529219,2.1213501175906364,1179.6325141261036,0.9830270951050863,0.29583333333333334,0.3114859851758772,True,15,False,1200,10.0,0.15
29,2,Nev Schulman,rank,0.10646044772080253,0.11053037436187113,0.10771538642431316,0.0079812577841462,0.2943684216213343,0.2863871638371881,2.658714921136143,1179.6325141261036,0.9830270951050863,0.29583333333333334,0.3114859851758772,True,15,False,1200,10.0,0.15
29,2,Skai Jackson,rank,3.0083138593664827e-16,0.1779149048534752,0.17559374144941184,0.03141386444537666,0.39118403919149325,0.3597701747461166,2.048866451104773,1179.6325141261036,0.9830270951050863,0.29583333333333334,0.3114859851758772,True,15,False,1200,10.0,0.15
29,2,Veron Davis,rank,4.407396230781067e-09,0.015931430354505612,0.017433997006140112,4.072668318438832e-10,0.09595769151133021,0.09595769110406338,5.503740039087463,1179.6325141261036,0.9830270951050863,0.29583333333333334,0.3114859851758772,True,15,False,1200,10.0,0.15
29,3,AJ McLean,rank,6.791065767531569e-07,0.016117050873184113,0.018290840450371375,1.0652436043815402e-10,0.11323020039682956,0.1132302002903052,6.190202708006143,1177.945157682858,0.981620964735715,0.3075,0.3262676534997316,True,14,False,1200,10.0,0.15
29,3,Anne Heche,rank,3.804895908940717e-15,0.012436173728321884,0.013309165316094893,6.375713348107755e-12,0.07260492026152361,0.07260492025514789,5.454847368976906,1177.945157682858,0.981620964735715,0.3075,0.3262676534997316,True,14,False,1200,10.0,0.15
29,3,Carole Baskin,rank,5.149366655223208e-16,0.010796272358539093,0.007063805236055442,4.0653070375750963e-14,0.042791190245362876,0.04279119024532222,6.0569525720165815,1177.945157682858,0.981620964735715,0.3075,0.3262676534997316,True,14,True,1200,10.0,0.15
29,3,Chrishell Stause,rank,6.113122588663682e-05,0.0176773935442927,0.01705462970455953,8.293959300410574e-09,0.09207565228764002,0.09207564399368072,5.398548490359513,1177.945157682858,0.981620964735715,0.3075,0.3262676534997316,True,14,False,1200,10.0,0.15
29,3,Jeannie Mai,rank,6.113122588663682e-05,0.14075808553031324,0.1372969015664538,0.018303997195768806,0.32213060713316627,0.30382660993739746,2.2129006086108447,1177.945157682858,0.981620964735715,0.3075,0.3262676534997316,True,14,False,1200,10.0,0.15
29,3,Jesse Metcalfe,rank,4.575784120893138e-09,0.01463812003385248,0.015112897236439842,3.558216543053784e-11,0.08117871832306571,0.08117871828748355,5.371130755855637,1177.945157682858,0.981620964735715,0.3075,0.3262676534997316,True,14,False,1200,10.0,0.15
29,3,Johnny Weir,rank,0.4953514539549871,0.0371319936599807,0.0358868460553954,1.895780512275774e-05,0.14794395205975683,0.14792499425463407,4.121868836215512,1177.945157682858,0.981620964735715,0.3075,0.3262676534997316,True,14,False,1200,10.0,0.15
29,3,Justina Machado,rank,1.3817670755636667e-10,0.15292806148646676,0.15719491996667967,0.021477986304360958,0.3716672864714433,0.3501893001670824,2.227725123154029,1177.945157682858,0.981620964735715,0.3075,0.3262676534997316,True,14,False,1200,10.0,0.15
29,3,Kaitlyn Bristowe,rank,0.009072678353648979,0.10147195953033175,0.10128391776568034,0.00492222335733496,0.2826984293718171,0.27777620601448216,2.742522896223396,1177.945157682858,0.981620964735715,0.3075,0.3262676534997316,True,14,False,1200,10.0,0.15
29,3,Monica Aldama,rank,6.791065767531569e-07,0.0878585018604019,0.08742399372018825,0.0034659316815108102,0.252285356695028,0.2488194250135172,2.846090281800725,1177.945157682858,0.981620964735715,0.3075,0.3262676534997316,True,14,False,1200,10.0,0.15
29,3,Nelly,rank,2.53079467843664e-12,0.16001384472305635,0.16217786328519912,0.023845206903160967,0.3686509084582839,0.34480570155512297,2.1260828604327187,1177.945157682858,0.981620964735715,0.3075,0.3262676534997316,True,14,False,1200,10.0,0.15
29,3,Nev Schulman,rank,0.4953514539549871,0.04633117389901528,0.045446330104049505,0.00010554686708162374,0.17211803963933733,0.17201249277225572,3.784875643485355,1177.945157682858,0.981620964735715,0.3075,0.3262676534997316,True,14,False,1200,10.0,0.15
29,3,Skai Jackson,rank,2.53079467843664e-12,0.18525644949626932,0.18581648639788986,0.035301556588950164,0.413722537223642,0.3784209806346918,2.0365197483318727,1177.945157682858,0.981620964735715,0.3075,0.3262676534997316,True,14,False,1200,10.0,0.15
29,3,Veron Davis,rank,0.00010078835242327243,0.016584919275974545,0.01664140319494294,2.917515406205386e-10,0.09335760754681427,0.09335760725506273,5.609622971004027,1177.945157682858,0.981620964735715,0.3075,0.3262676534997316,True,14,False,1200,10.0,0.15
29,4,AJ McLean,rank,6.14277378001525e-06,0.01601328619273516,0.015507574157093553,1.4009843588026081e-09,0.08772285631138671,0.08772285491040235,5.656410062060948,1171.830168803784,0.9765251406698201,0.31416666666666665,0.3359856400681922,True,13,False,1200,10.0,0.15
29,4,Anne Heche,rank,1.5424499775544558e-13,0.012356265201804578,0.008190851302738788,1.381487544868524e-12,0.0475474835330243,0.047547483531642815,5.804241529109083,1171.830168803784,0.9765251406698201,0.31416666666666665,0.3359856400681922,True,13,True,1200,10.0,0.15
29,4,Chrishell Stause,rank,6.222687334676905e-11,0.017566319974268784,0.01778261127284557,3.1150806032303187e-09,0.09247698116701288,0.09247697805193227,5.200123677531046,1171.830168803784,0.9765251406698201,0.31416666666666665,0.3359856400681922,True,13,False,1200,10.0,0.15
29,4,Jeannie Mai,rank,1.5424499775544558e-13,0.13987365069147226,0.13493478011850407,0.015683458247465764,0.3383219460894234,0.32263848784195764,2.39105215502225,1171.830168803784,0.9765251406698201,0.31416666666666665,0.3359856400681922,True,13,False,1200,10.0,0.15
29,4,Jesse Metcalfe,rank,1.5424499775544558e-13,0.01454406307614338,0.01668818891187635,2.859944515623579e-10,0.08883114158319748,0.08883114129720303,5.322675761312107,1171.830168803784,0.9765251406698201,0.31416666666666665,0.3359856400681922,True,13,False,1200,10.0,0.15
29,4,Johnny Weir,rank,6.14277378001525e-06,0.11756849894001098,0.11448762201770642,0.007166537528505632,0.3182181968380142,0.31105165930950857,2.7168783572345063,1171.830168803784,0.9765251406698201,0.31416666666666665,0.3359856400681922,True,13,False,1200,10.0,0.15
29,4,Justina Machado,rank,6.14277378001525e-06,0.15194323976568488,0.15185616269979163,0.02302479132284326,0.3622683365071522,0.33924354518430894,2.233964728123914,1171.830168803784,0.9765251406698201,0.31416666666666665,0.3359856400681922,True,13,False,1200,10.0,0.15
29,4,Kaitlyn Bristowe,rank,0.0002034207300052098,0.1029340196120235,0.10683018392475356,0.0067969398037898395,0.30076211863834634,0.29396517883455653,2.7516795006372914,1171.830168803784,0.9765251406698201,0.31416666666666665,0.3359856400681922,True,13,False,1200,10.0,0.15
29,4,Monica Aldama,rank,6.14277378001525e-06,0.08729285188870414,0.08940200581264562,0.0033674726341763046,0.2594523721661031,0.2560848995319268,2.864388028167447,1171.830168803784,0.9765251406698201,0.31416666666666665,0.3359856400681922,True,13,False,1200,10.0,0.15
29,4,Nelly,rank,1.5424499775544558e-13,0.15898567715143594,0.15746299585738527,0.020184293248627895,0.36927208699125924,0.3490877937426313,2.2169372232799125,1171.830168803784,0.9765251406698201,0.31416666666666665,0.3359856400681922,True,13,False,1200,10.0,0.15
29,4,Nev Schulman,rank,6.14277378001525e-06,0.14669523590128383,0.1514935290308176,0.021002960609243518,0.3532500223769971,0.3322470617677536,2.193129110954011,1171.830168803784,0.9765251406698201,0.31416666666666665,0.3359856400681922,True,13,False,1200,10.0,0.15
29,4,Skai Jackson,rank,0.9997658653005083,0.01774465219490945,0.015952718037344216,8.981775140772591e-10,0.09109055697211745,0.09109055607393993,5.709675691943192,1171.830168803784,0.9765251406698201,0.31416666666666665,0.3359856400681922,True,13,False,1200,10.0,0.15
29,4,Veron Davis,rank,3.774250654287032e-11,0.016482239409523116,0.01941077685649702,1.0374341657947444e-09,0.11180003110445469,0.11180003006702052,5.75939188326295,1171.830168803784,0.9765251406698201,0.31416666666666665,0.3359856400681922,True,13,False,1200,10.0,0.15
29,5,AJ McLean,rank,1.0914232265918104e-07,0.015374895747878448,0.017744527307658603,7.228409901389107e-10,0.08960630205009205,0.08960630132725106,5.049514718482263,1174.4422283792758,0.9787018569827298,0.29,0.31058617820354606,True,12,False,1200,10.0,0.15
29,5,Chrishell Stause,rank,9.075497576077713e-14,0.01686577772386877,0.017466324211296243,2.3926590231909957e-09,0.09113202032297686,0.09113201793031783,5.2172855342881945,1174.4422283792758,0.9787018569827298,0.29,0.31058617820354606,True,12,False,1200,10.0,0.15
29,5,Jeannie Mai,rank,1.0914232265918104e-07,0.13429547581235543,0.13032088041708748,0.015912774389947985,0.3179088059908265,0.3019960316008785,2.3173087330719757,1174.4422283792758,0.9787018569827298,0.29,0.31058617820354606,True,12,False,1200,10.0,0.15
29,5,Jesse Metcalfe,rank,9.075497576077713e-14,0.013964047983177326,0.008645160636941828,2.0445100348845836e-11,0.04695108609697163,0.04695108607652653,5.43028149117679,1174.4422283792758,0.9787018569827298,0.29,0.31058617820354606,True,12,True,1200,10.0,0.15
29,5,Johnny Weir,rank,0.9698507416144134,0.011671175299562872,0.009548703257202739,3.551193329912671e-13,0.05829938102173548,0.05829938102138036,6.1048369201848045,1174.4422283792758,0.9787018569827298,0.29,0.31058617820354606,True,12,False,1200,10.0,0.15
29,5,Justina Machado,rank,1.0914232265918104e-07,0.14588582523755436,0.14417820250649202,0.021249194986761623,0.35012144189763766,0.328872246910876,2.280996434947459,1174.4422283792758,0.9787018569827298,0.29,0.31058617820354606,True,12,False,1200,10.0,0.15
29,5,Kaitlyn Bristowe,rank,0.02928695470695039,0.09232757973998142,0.09768843798786572,0.0051440693972784664,0.2826986734711748,0.2775546040738963,2.841193580296492,1174.4422283792758,0.9787018569827298,0.29,0.31058617820354606,True,12,False,1200,10.0,0.15
29,5,Monica Aldama,rank,0.00032534867845517116,0.08374905323730773,0.08445567734886372,0.003960503834432773,0.25443455654823993,0.2504740527138072,2.9657104751963943,1174.4422283792758,0.9787018569827298,0.29,0.31058617820354606,True,12,False,1200,10.0,0.15
29,5,Nelly,rank,1.0914232265918104e-07,0.15264531278658716,0.15502295026109844,0.02026887432726616,0.37789364449210006,0.3576247701648339,2.30690012454531,1174.4422283792758,0.9787018569827298,0.29,0.31058617820354606,True,12,False,1200,10.0,0.15
29,5,Nev Schulman,rank,0.0005364092865632172,0.14067041402977445,0.1396100204115528,0.01809032610959771,0.34846603042936775,0.33037570431977004,2.366401329535956,1174.4422283792758,0.9787018569827298,0.29,0.31058617820354606,True,12,False,1200,10.0,0.15
29,5,Skai Jackson,rank,1.0914232265918104e-07,0.17672551227072647,0.18116354190462355,0.031058253394080356,0.3990957042969628,0.3680374509028824,2.0315092955476937,1174.4422283792758,0.9787018569827298,0.29,0.31058617820354606,True,12,False,1200,10.0,0.15
29,5,Veron Davis,rank,1.8228624166060906e-12,0.01582493013122554,0.01415557374931702,1.0128598774820743e-10,0.07584339964572241,0.07584339954443642,5.357468614049036,1174.4422283792758,0.9787018569827298,0.29,0.31058617820354606,True,12,False,1200,10.0,0.15
29,6,AJ McLean,rank,0.24884742657735825,0.009130334082030876,0.009350312876008402,5.634421198417189e-17,0.05608073544325919,0.05608073544325914,5.9970975398694115,1166.1672423618045,0.9718060353015038,0.5141666666666667,0.5539620222010069,True,11,False,1200,10.0,0.15
29,6,Chrishell Stause,rank,9.273680516181263e-07,0.0179285298078696,0.018044145137950805,1.5264700560368615e-09,0.0948711863190334,0.09487118479256333,5.257435397016532,1166.1672423618045,0.9718060353015038,0.5141666666666667,0.5539620222010069,True,11,False,1200,10.0,0.15
29,6,Jeannie Mai,rank,5.063258001819111e-05,0.14274118265445615,0.14283845358261976,0.01841754009751412,0.36132671180341125,0.34290917170589713,2.400661463658954,1166.1672423618045,0.9718060353015038,0.5141666666666667,0.5539620222010069,True,11,False,1200,10.0,0.15
29,6,Johnny Weir,rank,6.248556780448091e-09,0.11999469317354414,0.12211586144546299,0.01058853057125202,0.3141501700575842,0.3035616394863322,2.485829032069432,1166.1672423618045,0.9718060353015038,0.5141666666666667,0.5539620222010069,True,11,False,1200,10.0,0.15
29,6,Justina Machado,rank,0.24884742657735825,0.08663384416349235,0.0850701078908998,0.0030004901563820156,0.2539272342817913,0.2509267441254093,2.9496118053054214,1166.1672423618045,0.9718060353015038,0.5141666666666667,0.5539620222010069,True,11,False,1200,10.0,0.15
29,6,Kaitlyn Bristowe,rank,0.24884742657735825,0.05871723529573587,0.06088636537480321,0.0004640809260536528,0.21372608600954354,0.2132620050834899,3.50256582413637,1166.1672423618045,0.9718060353015038,0.5141666666666667,0.5539620222010069,True,11,False,1200,10.0,0.15
29,6,Monica Aldama,rank,0.24884742657735825,0.04977197629045648,0.05127886213240905,0.00021822868041844899,0.19216155520543876,0.1919433265250203,3.743054652319579,1166.1672423618045,0.9718060353015038,0.5141666666666667,0.5539620222010069,True,11,False,1200,10.0,0.15
29,6,Nelly,rank,9.273680516181263e-07,0.16226389224351623,0.16361518547131063,0.023607354625967067,0.3748328712694996,0.3512255166435325,2.1466428619625675,1166.1672423618045,0.9718060353015038,0.5141666666666667,0.5539620222010069,True,11,False,1200,10.0,0.15
29,6,Nev Schulman,rank,0.004557799603581686,0.14813432428195944,0.1484886572033468,0.020433867490744845,0.35487045002911966,0.3344365825383748,2.2522550650136255,1166.1672423618045,0.9718060353015038,0.5141666666666667,0.5539620222010069,True,11,False,1200,10.0,0.15
29,6,Skai Jackson,rank,9.394325163271417e-12,0.18786185555107396,0.18807087999680233,0.0363616691280202,0.4099168658064837,0.3735551966784635,1.9862363086114458,1166.1672423618045,0.9718060353015038,0.5141666666666667,0.5539620222010069,True,11,False,1200,10.0,0.15
29,6,Veron Davis,rank,5.12912774724435e-10,0.01682213245586479,0.010241168888386526,9.087082547123988e-10,0.054567726227215126,0.05456772531850687,5.327750978640918,1166.1672423618045,0.9718060353015038,0.5141666666666667,0.5539620222010069,True,11,True,1200,10.0,0.15
29,7,AJ McLean,rank,5.04277871563252e-07,0.016168917734946275,0.01528491482957502,7.636270699022752e-11,0.09472022182532125,0.09472022174895854,6.196568723887883,1199.9999999999998,0.9999999999999998,,,False,10,False,1200,10.0,0.15
29,7,Chrishell Stause,rank,8.31413653189721e-07,0.0177367767987223,0.020196456981432985,1.8993275960696273e-09,0.11240112094572885,0.11240111904640125,5.565112437161211,1199.9999999999998,0.9999999999999998,,,False,10,False,1200,10.0,0.15
29,7,Jeannie Mai,rank,2.5106516867920544e-08,0.14123119731431255,0.14656804796852807,0.017731538443748616,0.3596303833924151,0.34189884494866646,2.332681078900645,1199.9999999999998,0.9999999999999998,,,False,10,True,1200,10.0,0.15
29,7,Johnny Weir,rank,4.5393647376456936e-05,0.11869866792527867,0.11674174850930255,0.009186052126164084,0.3075896488496461,0.29840359672348205,2.5560782192797524,1199.9999999999998,0.9999999999999998,,,False,10,False,1200,10.0,0.15
29,7,Justina Machado,rank,8.31413653189721e-07,0.15341984363081546,0.15561368476883375,0.019675574524499157,0.36893265387108554,0.3492570793465864,2.24437095936935,1199.9999999999998,0.9999999999999998,,,False,10,False,1200,10.0,0.15
29,7,Kaitlyn Bristowe,rank,5.602021129508366e-09,0.10398253189053205,0.09996037779836117,0.006253165276762368,0.2742673317765836,0.26801416649982124,2.6811771946606284,1199.9999999999998,0.9999999999999998,,,False,10,False,1200,10.0,0.15
29,7,Monica Aldama,rank,5.10838203865402e-12,0.08814134646471188,0.08748305529215665,0.003317166386268204,0.26192203504081607,0.25860486865454785,2.9560228751505186,1199.9999999999998,0.9999999999999998,,,False,10,True,1200,10.0,0.15
29,7,Nelly,rank,4.5393647376456936e-05,0.16051167649603457,0.16302968458140804,0.027933114677536227,0.383043990925641,0.3551108762481048,2.178184291870424,1199.9999999999998,0.9999999999999998,,,False,10,False,1200,10.0,0.15
29,7,Nev Schulman,rank,0.9998616212390463,0.014276226204126306,0.013282292208822042,4.384334177609732e-11,0.08326313316423144,0.08326313312038809,6.26826029356557,1199.9999999999998,0.9999999999999998,,,False,10,False,1200,10.0,0.15
29,7,Skai Jackson,rank,4.5393647376456936e-05,0.18583281554052003,0.18183973706157977,0.030520377284198142,0.41558918663888683,0.3850688093546887,2.1176157530877493,1199.9999999999998,0.9999999999999998,,,False,10,False,1200,10.0,0.15
29,8,AJ McLean,rank,5.0523646311116375e-06,0.02245916736927755,0.022885880945027345,1.191241355873441e-07,0.11409353983490378,0.1140934207107682,4.9851013331529295,1150.3392858228765,0.9586160715190637,0.4691666666666667,0.5214137374052099,True,8,False,1200,10.0,0.15
29,8,Chrishell Stause,rank,5.0523646311116375e-06,0.02463699489052351,0.015900854711337564,1.749529840724531e-07,0.07483230731689884,0.07483213236391477,4.70587448585866,1150.3392858228765,0.9586160715190637,0.4691666666666667,0.5214137374052099,True,8,True,1200,10.0,0.15
29,8,Johnny Weir,rank,0.4987480699876819,0.051334499799286185,0.05268102707499041,0.0003068043209427155,0.18261709857551894,0.18231029425457623,3.4605785763532984,1150.3392858228765,0.9586160715190637,0.4691666666666667,0.5214137374052099,True,8,False,1200,10.0,0.15
29,8,Justina Machado,rank,0.0020382693674147355,0.21209407027691415,0.2137067011139282,0.050037845992337515,0.4325386785240682,0.3825008325317307,1.7898317680550893,1150.3392858228765,0.9586160715190637,0.4691666666666667,0.5214137374052099,True,8,False,1200,10.0,0.15
29,8,Kaitlyn Bristowe,rank,0.0004547993703768888,0.1442831361390021,0.14859546211846467,0.019063782069867734,0.3530612382056658,0.33399745613579807,2.247681077827595,1150.3392858228765,0.9586160715190637,0.4691666666666667,0.5214137374052099,True,8,False,1200,10.0,0.15
29,8,Nelly,rank,2.794383909755572e-09,0.22298213847444437,0.23048849107681477,0.055799386416384364,0.4462590036512461,0.3904596172348617,1.6940452053179902,1150.3392858228765,0.9586160715190637,0.4691666666666667,0.5214137374052099,True,8,False,1200,10.0,0.15
29,8,Nev Schulman,rank,0.4987480699876819,0.06405224720758855,0.05733855822991202,0.0005241493512944743,0.21190432440248733,0.21138017505119286,3.6864632650923235,1150.3392858228765,0.9586160715190637,0.4691666666666667,0.5214137374052099,True,8,False,1200,10.0,0.15
29,8,Skai Jackson,rank,6.837631983661378e-07,0.25815774584296364,0.25840302472952476,0.07895436054303262,0.49719641418695854,0.4182420536439259,1.6185585889449903,1150.3392858228765,0.9586160715190637,0.4691666666666667,0.5214137374052099,True,8,False,1200,10.0,0.15
29,9,AJ McLean,rank,6.837806249470629e-07,0.022075081367178947,0.014696811834204964,1.3784428803570287e-07,0.07328718190226476,0.07328704405797672,4.986255429357317,1163.1826554638762,0.9693188795532302,0.9183333333333333,0.9523445372500091,True,7,True,1200,10.0,0.15
29,9,Johnny Weir,rank,0.49876078122107914,0.050454585251691136,0.04783212319192428,0.00026491940761249445,0.17416148109531218,0.17389656168769968,3.6354841600027243,1163.1826554638762,0.9693188795532302,0.9183333333333333,0.9523445372500091,True,7,False,1200,10.0,0.15
29,9,Justina Machado,rank,5.052493397095706e-06,0.2094588865461143,0.21683561435900578,0.051635964820948316,0.43774414220574853,0.3861081773848002,1.7806410532934247,1163.1826554638762,0.9693188795532302,0.9183333333333333,0.9523445372500091,True,7,False,1200,10.0,0.15
29,9,Kaitlyn Bristowe,rank,0.49876078122107914,0.044194585242017775,0.04261747802351389,6.243689443824187e-05,0.16367186305592002,0.16360942616148177,3.838931696979267,1163.1826554638762,0.9693188795532302,0.9183333333333333,0.9523445372500091,True,7,False,1200,10.0,0.15
29,9,Nelly,rank,9.253964454891879e-08,0.21916651773095627,0.22122411057352348,0.057682782274365504,0.4511335708619265,0.393450788587561,1.7785087215802242,1163.1826554638762,0.9693188795532302,0.9183333333333333,0.9523445372500091,True,7,False,1200,10.0,0.15
29,9,Nev Schulman,rank,0.0012363043720875634,0.20164260001341472,0.20920902540590652,0.045930187538830713,0.4416109589693201,0.3956807714304894,1.8913088446062507,1163.1826554638762,0.9693188795532302,0.9183333333333333,0.9523445372500091,True,7,False,1200,10.0,0.15
29,9,Skai Jackson,rank,0.0012363043720875634,0.2530077438486269,0.24758483661192146,0.07401768488833972,0.47513430451213445,0.40111661962379475,1.6201113323478402,1163.1826554638762,0.9693188795532302,0.9183333333333333,0.9523445372500091,True,7,False,1200,10.0,0.15
29,10,Johnny Weir,rank,0.00010158530672567028,0.17042947855449353,0.16951406919080156,0.026136423091410274,0.38567088519006,0.3595344620986497,2.120958707771092,1199.9999999999998,0.9999999999999998,,,False,6,True,1200,10.0,0.15
29,10,Justina Machado,rank,0.0012375623856816882,0.2196750872850965,0.22203648413904445,0.0528916051949435,0.46922396784974113,0.4163323626547976,1.8750544047512343,1199.9999999999998,0.9999999999999998,,,False,6,False,1200,10.0,0.15
29,10,Kaitlyn Bristowe,rank,0.49926830012755435,0.04642883377394634,0.045361927044043085,0.00018418022406947339,0.1740946110713409,0.17391043084727142,3.833756818170506,1199.9999999999998,0.9999999999999998,,,False,6,False,1200,10.0,0.15
29,10,Nelly,rank,2.2666745758426177e-05,0.23050783595830432,0.2334102176630237,0.0550661158786576,0.4694860857720388,0.4144199698933812,1.775492943495459,1199.9999999999998,0.9999999999999998,,,False,6,False,1200,10.0,0.15
29,10,Nev Schulman,rank,0.49926830012755435,0.06613698450033849,0.06471065251709388,0.0011383366429705646,0.2122845066989587,0.21114617005598815,3.2628771147547644,1199.9999999999998,0.9999999999999998,,,False,6,False,1200,10.0,0.15
29,10,Skai Jackson,rank,0.00010158530672567028,0.26682177992782097,0.2649666494459937,0.07313923801857351,0.5171650478829187,0.4440258098643452,1.6757736681920772,1199.9999999999998,0.9999999999999998,,,False,6,True,1200,10.0,0.15
29,11,Justina Machado,rank,0.33305814380036614,0.2032636673616373,0.19840511749105086,0.039773472247925004,0.4233219554999924,0.3835484832520674,1.9331484739595666,1199.9999999999998,0.9999999999999998,,,False,4,True,1200,10.0,0.15
29,11,Kaitlyn Bristowe,rank,0.33305814380036614,0.13776464266117505,0.1396668868486534,0.01156041014080509,0.3584332453068612,0.3468728351660561,2.4835546881434074,1199.9999999999998,0.9999999999999998,,,False,4,True,1200,10.0,0.15
29,11,Nelly,rank,0.0008255685989016145,0.46272859499146674,0.464023453932012,0.22753628188942895,0.7075526749662033,0.48001639307677435,1.0344635697736428,1199.9999999999998,0.9999999999999998,,,False,4,True,1200,10.0,0.15
29,11,Nev Schulman,rank,0.33305814380036614,0.19624309498572096,0.19790454172828426,0.03849477563073579,0.42885694794807416,0.3903621723173384,1.9724671118774872,1199.9999999999998,0.9999999999999998,,,False,4,True,1200,10.0,0.15
30,1,Amanda Kloots,rank,0.017667949607281803,0.07253682835877452,0.0721593517712528,0.0013441278852914245,0.2362308991727917,0.23488677128750027,3.2550668826017883,1199.9999999999998,0.9999999999999998,,,False,15,False,1200,10.0,0.15
30,1,Brian Austin Green,rank,2.4537149235494283e-13,0.04261172870525541,0.04296680138171251,5.671026281764172e-05,0.18766780832140326,0.1876110980585856,4.366318313378599,1199.9999999999998,0.9999999999999998,,,False,15,False,1200,10.0,0.15
30,1,Christine Chiu,rank,9.898992511826647e-11,0.012708130072643993,0.013644433851892604,2.4423289357442215e-12,0.07657181933266817,0.07657181933022585,5.611534243713726,1199.9999999999998,0.9999999999999998,,,False,15,False,1200,10.0,0.15
30,1,Cody Rigsby,rank,2.4537149235494283e-13,0.12348493876945289,0.12609393533632232,0.010956211308495082,0.33527813091910436,0.3243219196106093,2.5720455682504055,1199.9999999999998,0.9999999999999998,,,False,15,False,1200,10.0,0.15
30,1,Iman Shumpert,rank,8.231296563775022e-17,0.1008373353947505,0.10228689293949748,0.006416546550096716,0.2925226930449775,0.2861061464948808,2.7970675538708227,1199.9999999999998,0.9999999999999998,,,False,15,False,1200,10.0,0.15
30,1,Jimmie Allen,rank,4.992533735116797e-17,0.12821813291047304,0.1275172443168158,0.013709309544648985,0.32435752824065306,0.31064821869600406,2.4361080279948535,1199.9999999999998,0.9999999999999998,,,False,15,False,1200,10.0,0.15
30,1,JoJo Siwa,rank,0.9646373634364038,0.010124502488988297,0.00865393587918288,2.4847101326521777e-15,0.055142794815728875,0.05514279481572639,6.371253997196854,1199.9999999999998,0.9999999999999998,,,False,15,False,1200,10.0,0.15
30,1,Kenya Moore,rank,6.584232044810285e-08,0.012407172087656463,0.012412403554430101,3.5035257385666495e-12,0.07004693365562778,0.07004693365212425,5.642846729745274,1199.9999999999998,0.9999999999999998,,,False,15,False,1200,10.0,0.15
30,1,Martin Kove,rank,1.1284770816829455e-22,0.007441212682292968,0.007267091544791201,6.32495533359131e-19,0.04087003878744036,0.04087003878744036,5.623214641088355,1199.9999999999998,0.9999999999999998,,,False,15,False,1200,10.0,0.15
30,1,Matt James,rank,2.4537149235494283e-13,0.10311793276653282,0.10132991501797732,0.005272906113961071,0.2773651266421068,0.2720922205281457,2.6851846791265355,1199.9999999999998,0.9999999999999998,,,False,15,False,1200,10.0,0.15
30,1,Melanie C,rank,2.6562687899140178e-05,0.0134676553913777,0.012402702427836003,2.9318453466840977e-11,0.07430005969431877,0.07430005966500032,5.990151738746848,1199.9999999999998,0.9999999999999998,,,False,15,False,1200,10.0,0.15
30,1,Melora Hardin,rank,1.0855563423504117e-07,0.12042383815622004,0.12067187818132344,0.010485140307190097,0.316961724736349,0.30647658442915887,2.5397304601341006,1199.9999999999998,0.9999999999999998,,,False,15,False,1200,10.0,0.15
30,1,"Mike ""The Miz"" Mizanin",rank,2.4537149235494283e-13,0.01315682561873179,0.012525870972872598,1.828959256874109e-12,0.0696623871653663,0.06966238716353734,5.5610365361305165,1199.9999999999998,0.9999999999999998,,,False,15,False,1200,10.0,0.15
30,1,Olivia Jade,rank,1.6320679512749882e-10,0.11536903162839836,0.11825511406094621,0.0094571470538208,0.3169142292416631,0.30745708218784235,2.599925463721789,1199.9999999999998,0.9999999999999998,,,False,15,False,1200,10.0,0.15
30,1,Suni Lee,rank,0.017667949607281803,0.12409473496845122,0.12181242876314669,0.009839389226854926,0.3085189824368812,0.2986795932100263,2.4519430759212693,1199.9999999999998,0.9999999999999998,,,False,15,False,1200,10.0,0.15
30,2,Amanda Kloots,rank,0.9805655830799377,0.0074521102084017235,0.008130833833756628,3.1371401271791596e-20,0.05161135032021218,0.05161135032021218,6.346827957300932,1180.5471270331211,0.983789272527601,0.4058333333333333,0.4239034365356154,True,15,False,1200,10.0,0.15
30,2,Brian Austin Green,rank,1.5325084852705128e-18,0.04165745230559894,0.04388172356206445,0.0001344179340236559,0.18225071482589814,0.18211629689187447,4.150068229796694,1180.5471270331211,0.983789272527601,0.4058333333333333,0.4239034365356154,True,15,False,1200,10.0,0.15
30,2,Christine Chiu,rank,2.274444256505013e-16,0.01242353545847889,0.013673214732248723,2.9785867719436215e-11,0.08270063996720001,0.08270063993741414,6.047926082539588,1180.5471270331211,0.983789272527601,0.4058333333333333,0.4239034365356154,True,15,False,1200,10.0,0.15
30,2,Cody Rigsby,rank,2.274444256505013e-16,0.12071953200560614,0.12024664181189247,0.009536870225063394,0.315864504256872,0.3063276340318086,2.5474731097929344,1180.5471270331211,0.983789272527601,0.4058333333333333,0.4239034365356154,True,15,False,1200,10.0,0.15
30,2,Iman Shumpert,rank,5.565381599514698e-14,0.09857911465838913,0.09438328382461945,0.004313756552359411,0.25923897740112256,0.2549252208487631,2.7009286982825813,1180.5471270331211,0.983789272527601,0.4058333333333333,0.4239034365356154,True,15,False,1200,10.0,0.15
30,2,Jimmie Allen,rank,5.4939093556519286e-09,0.125346726125913,0.12228202648120688,0.011809830545561721,0.3119801668154708,0.3001703362699091,2.454717918811413,1180.5471270331211,0.983789272527601,0.4058333333333333,0.4239034365356154,True,15,False,1200,10.0,0.15
30,2,JoJo Siwa,rank,0.017959685126413213,0.09067723655322076,0.094045124499612,0.005189533953669237,0.27219888629486805,0.2670093523411988,2.8391319021582904,1180.5471270331211,0.983789272527601,0.4058333333333333,0.4239034365356154,True,15,False,1200,10.0,0.15
30,2,Kenya Moore,rank,2.274444256505013e-16,0.012129319199585695,0.014055648138773509,1.468296922074674e-13,0.07947355077891086,0.07947355077876403,5.65380523110244,1180.5471270331211,0.983789272527601,0.4058333333333333,0.4239034365356154,True,15,False,1200,10.0,0.15
30,2,Martin Kove,rank,5.711127607870836e-24,0.007274569040660125,0.004889501018185952,4.1771853891012924e-20,0.0267403003809224,0.0267403003809224,5.467803867433046,1180.5471270331211,0.983789272527601,0.4058333333333333,0.4239034365356154,True,15,True,1200,10.0,0.15
30,2,Matt James,rank,1.2579595690454328e-19,0.10080863876203194,0.10146057974774814,0.006139337097500491,0.29204302813142263,0.28590369103392216,2.8178517596979122,1180.5471270331211,0.983789272527601,0.4058333333333333,0.4239034365356154,True,15,False,1200,10.0,0.15
30,2,Melanie C,rank,0.0014742207288872843,0.013121531225645366,0.014252427102467657,9.575722987859252e-12,0.08035053613581594,0.08035053612624021,5.637278357590881,1180.5471270331211,0.983789272527601,0.4058333333333333,0.4239034365356154,True,15,False,1200,10.0,0.15
30,2,Melora Hardin,rank,5.4939093556519286e-09,0.11772701217627722,0.11947834979292805,0.010501180872304639,0.30973439269085584,0.2992332118185512,2.504476399789236,1180.5471270331211,0.983789272527601,0.4058333333333333,0.4239034365356154,True,15,False,1200,10.0,0.15
30,2,"Mike ""The Miz"" Mizanin",rank,3.7017670056162485e-11,0.012862182603503133,0.011387518566979199,1.2409187089232309e-11,0.06862569941375385,0.06862569940134466,6.025867104464634,1180.5471270331211,0.983789272527601,0.4058333333333333,0.4239034365356154,True,15,False,1200,10.0,0.15
30,2,Olivia Jade,rank,5.4939093556519286e-09,0.11278537667177045,0.10787135842393789,0.00821722604374826,0.28539014559238196,0.2771729195486337,2.569452671641287,1180.5471270331211,0.983789272527601,0.4058333333333333,0.4239034365356154,True,15,False,1200,10.0,0.15
30,2,Suni Lee,rank,4.945459598208848e-07,0.1264356630049175,0.12996176846357893,0.013447776603285163,0.33046008592686243,0.31701230932357727,2.439254819447906,1180.5471270331211,0.983789272527601,0.4058333333333333,0.4239034365356154,True,15,False,1200,10.0,0.15
30,3,Amanda Kloots,rank,0.3320974428521444,0.03733355484640416,0.038310020241936124,3.457528978896002e-05,0.1640935858931142,0.16405901060332526,4.28229291643198,1174.6823200519586,0.9789019333766322,0.2891666666666667,0.30995073398575623,True,14,False,1200,10.0,0.15
30,3,Brian Austin Green,rank,4.6121506440286775e-12,0.045769444531723956,0.0464790922529485,0.00012102960685939316,0.18865671032586487,0.18853568071900548,4.056267351901513,1174.6823200519586,0.9789019333766322,0.2891666666666667,0.30995073398575623,True,14,False,1200,10.0,0.15
30,3,Christine Chiu,rank,3.7372643755185236e-08,0.013649857009205534,0.008313987717003566,9.260412110742747e-11,0.044013139766933516,0.0440131396743294,5.293229668196096,1174.6823200519586,0.9789019333766322,0.2891666666666667,0.30995073398575623,True,14,True,1200,10.0,0.15
30,3,Cody Rigsby,rank,3.1076426591263137e-14,0.1326357138586431,0.13245610261755023,0.014538618420044858,0.3275730383995324,0.31303441997948755,2.3632890482538103,1174.6823200519586,0.9789019333766322,0.2891666666666667,0.30995073398575623,True,14,False,1200,10.0,0.15
30,3,Iman Shumpert,rank,4.6121506440286775e-12,0.10830982382803483,0.1052616236820512,0.007453673791839207,0.28547793444844444,0.27802426065660524,2.641243880604625,1174.6823200519586,0.9789019333766322,0.2891666666666667,0.30995073398575623,True,14,False,1200,10.0,0.15
30,3,Jimmie Allen,rank,2.518148928381406e-10,0.13771965834574723,0.13956543456143886,0.014760754237295295,0.3491842431018787,0.3344234888645834,2.396159864049304,1174.6823200519586,0.9789019333766322,0.2891666666666667,0.30995073398575623,True,14,False,1200,10.0,0.15
30,3,JoJo Siwa,rank,0.3320974428521444,0.047771838084390277,0.04813581774448232,0.0001369057328259287,0.18297504782496982,0.18283814209214388,3.798301397127601,1174.6823200519586,0.9789019333766322,0.2891666666666667,0.30995073398575623,True,14,False,1200,10.0,0.15
30,3,Kenya Moore,rank,3.7372643755185236e-08,0.013326598796831323,0.011737144987899004,2.1633291002941303e-11,0.05827483763272959,0.058274837611096295,4.964569586691299,1174.6823200519586,0.9789019333766322,0.2891666666666667,0.30995073398575623,True,14,False,1200,10.0,0.15
30,3,Matt James,rank,1.527334530785835e-10,0.11075942342057807,0.11218909009571366,0.007834914471969155,0.297993437491631,0.29015852301966183,2.586311525127723,1174.6823200519586,0.9789019333766322,0.2891666666666667,0.30995073398575623,True,14,False,1200,10.0,0.15
30,3,Melanie C,rank,9.144784414278624e-06,0.014466257214127006,0.015721443264451938,2.134144158832023e-11,0.0842949338751552,0.08429493385381376,5.361439849772112,1174.6823200519586,0.9789019333766322,0.2891666666666667,0.30995073398575623,True,14,False,1200,10.0,0.15
30,3,Melora Hardin,rank,0.0036892693430035936,0.12823608007915183,0.1346818858611019,0.013667937690179323,0.3296168485630746,0.3159489108728953,2.3458727428719675,1174.6823200519586,0.9789019333766322,0.2891666666666667,0.30995073398575623,True,14,False,1200,10.0,0.15
30,3,"Mike ""The Miz"" Mizanin",rank,9.144784414278624e-06,0.014131501682789163,0.012883527039189518,2.198023998871941e-11,0.07625492347173371,0.07625492344975347,5.918333146247189,1174.6823200519586,0.9789019333766322,0.2891666666666667,0.30995073398575623,True,14,False,1200,10.0,0.15
30,3,Olivia Jade,rank,0.3320974428521444,0.05697401760154008,0.057077295564375685,0.0004660606926590181,0.20072304542469077,0.20025698473203174,3.5084611891778046,1174.6823200519586,0.9789019333766322,0.2891666666666667,0.30995073398575623,True,14,False,1200,10.0,0.15
30,3,Suni Lee,rank,3.7372643755185236e-08,0.1389162307008335,0.1371875343698576,0.015270210608381522,0.3393027152133413,0.3240325046049598,2.3619503342121475,1174.6823200519586,0.9789019333766322,0.2891666666666667,0.30995073398575623,True,14,False,1200,10.0,0.15
30,4,Amanda Kloots,rank,1.36726705632517e-06,0.07830781132913425,0.07733252388660203,0.0019265620661973444,0.24754056989798692,0.24561400783178958,3.1760353788086206,1199.9999999999998,0.9999999999999998,,,False,13,False,1200,10.0,0.15
30,4,Brian Austin Green,rank,1.7315296351124622e-20,0.04413914146819546,0.04397786201846193,8.325970886303706e-05,0.16514081711900636,0.16505755741014333,3.753111150098737,1199.9999999999998,0.9999999999999998,,,False,13,True,1200,10.0,0.15
30,4,Cody Rigsby,rank,8.51006789670526e-17,0.1279112429171199,0.13003626003356136,0.013936892431541803,0.3411734557045512,0.32723656327300943,2.5164830694568066,1199.9999999999998,0.9999999999999998,,,False,13,False,1200,10.0,0.15
30,4,Iman Shumpert,rank,3.7649680044075934e-11,0.1044518386629358,0.10735134767926992,0.009078449758348144,0.3002595613963898,0.29118111163804167,2.7123869941623053,1199.9999999999998,0.9999999999999998,,,False,13,False,1200,10.0,0.15
30,4,Jimmie Allen,rank,1.2467861707597332e-09,0.13281409749781933,0.12890591036281693,0.014404823349055927,0.3226554919362951,0.3082506685872392,2.3912656638782788,1199.9999999999998,0.9999999999999998,,,False,13,False,1200,10.0,0.15
30,4,JoJo Siwa,rank,0.0024720768297243944,0.09962471579529722,0.10159522182219541,0.0060518868416778,0.2932088024340945,0.2871569155924167,2.8264527011149387,1199.9999999999998,0.9999999999999998,,,False,13,False,1200,10.0,0.15
30,4,Kenya Moore,rank,6.288136909446392e-16,0.012851907796374164,0.011539212664469136,1.2410889837924232e-12,0.07007376214403656,0.07007376214279547,6.072137852237661,1199.9999999999998,0.9999999999999998,,,False,13,False,1200,10.0,0.15
30,4,Matt James,rank,1.8988528126658557e-17,0.10681418380776721,0.10768747407580795,0.008085898034853354,0.2962345232227528,0.2881486251878994,2.6757610567037604,1199.9999999999998,0.9999999999999998,,,False,13,True,1200,10.0,0.15
30,4,Melanie C,rank,3.389116191950219e-09,0.013951268966056085,0.014080761473604958,3.5693439715352744e-11,0.07478035047578946,0.07478035044009602,5.310440073868977,1199.9999999999998,0.9999999999999998,,,False,13,False,1200,10.0,0.15
30,4,Melora Hardin,rank,0.9973069728370579,0.012094825508059954,0.012169622539065802,3.898524420439991e-12,0.06663301939686009,0.06663301939296157,5.4749064132980845,1199.9999999999998,0.9999999999999998,,,False,13,False,1200,10.0,0.15
30,4,"Mike ""The Miz"" Mizanin",rank,1.2467861707597332e-09,0.013628430556769733,0.014732688886434725,1.2667951698305755e-11,0.09055332264122584,0.09055332262855789,6.1460048007346035,1199.9999999999998,0.9999999999999998,,,False,13,False,1200,10.0,0.15
30,4,Olivia Jade,rank,0.000202920423166099,0.11944769660251889,0.11849677945210904,0.008125071090606915,0.3092357931401658,0.3011107220495589,2.5410663680094783,1199.9999999999998,0.9999999999999998,,,False,13,False,1200,10.0,0.15
30,4,Suni Lee,rank,1.6656722656350197e-05,0.1339628390919521,0.13209433510560087,0.01230834091740168,0.34024502285691555,0.32793668193951386,2.4825757978307994,1199.9999999999998,0.9999999999999998,,,False,13,False,1200,10.0,0.15
30,5,Amanda Kloots,rank,0.017986182945004786,0.08640206506872242,0.08471268610896394,0.004205825803200549,0.24153398783722135,0.2373281620340208,2.8015327030953974,1166.2320511192645,0.9718600425993871,0.2841666666666667,0.31055124767108855,True,11,False,1200,10.0,0.15
30,5,Cody Rigsby,rank,2.050410202467079e-14,0.14719834323544928,0.1505009111914908,0.022822393802587004,0.35558923623893335,0.33276684243634636,2.2110472870537246,1166.2320511192645,0.9718600425993871,0.2841666666666667,0.31055124767108855,True,11,False,1200,10.0,0.15
30,5,Iman Shumpert,rank,1.8697320856187135e-17,0.12020161206937895,0.12039586876115245,0.010118628728975705,0.3269962549629468,0.3168776262339711,2.631942420883089,1166.2320511192645,0.9718600425993871,0.2841666666666667,0.31055124767108855,True,11,False,1200,10.0,0.15
30,5,Jimmie Allen,rank,1.0077292172916638e-10,0.15284047529019873,0.1533112614059037,0.020806074238922796,0.3626195199835727,0.34181344574464995,2.229524518196739,1166.2320511192645,0.9718600425993871,0.2841666666666667,0.31055124767108855,True,11,False,1200,10.0,0.15
30,5,JoJo Siwa,rank,0.9820123149549516,0.011587964776994277,0.012286142220552992,2.966740071688457e-12,0.06778106417226004,0.0677810641692933,5.5164222040104915,1166.2320511192645,0.9718600425993871,0.2841666666666667,0.31055124767108855,True,11,False,1200,10.0,0.15
30,5,Kenya Moore,rank,3.0039984590608944e-07,0.014789772675458725,0.01467064614568958,1.4601446937391196e-10,0.08299359427247523,0.08299359412646076,5.656733627728861,1166.2320511192645,0.9718600425993871,0.2841666666666667,0.31055124767108855,True,11,False,1200,10.0,0.15
30,5,Melanie C,rank,3.0039984590608944e-07,0.01605490028776504,0.01068151483011542,6.431312823990855e-11,0.05674186956265762,0.05674186949834449,5.311658387628134,1166.2320511192645,0.9718600425993871,0.2841666666666667,0.31055124767108855,True,11,True,1200,10.0,0.15
30,5,Melora Hardin,rank,3.0039984590608944e-07,0.14354934036933606,0.14363634279628096,0.019568400200994016,0.34482105762003257,0.3252526574190385,2.2644017989133944,1166.2320511192645,0.9718600425993871,0.2841666666666667,0.31055124767108855,True,11,False,1200,10.0,0.15
30,5,"Mike ""The Miz"" Mizanin",rank,2.050410202467079e-14,0.015683393882802144,0.0164733558213149,2.3693262019966363e-10,0.09212145741426794,0.09212145717733532,5.591809365811224,1166.2320511192645,0.9718600425993871,0.2841666666666667,0.31055124767108855,True,11,False,1200,10.0,0.15
30,5,Olivia Jade,rank,3.0039984590608944e-07,0.13752380295099512,0.14007304954109176,0.01669808560168891,0.33023791215785037,0.31353982655616147,2.238386250582284,1166.2320511192645,0.9718600425993871,0.2841666666666667,0.31055124767108855,True,11,False,1200,10.0,0.15
30,5,Suni Lee,rank,3.0039984590608944e-07,0.15416832939289937,0.15325822117744362,0.021796740582236046,0.3542491349498615,0.3324523943676254,2.1692162586596457,1166.2320511192645,0.9718600425993871,0.2841666666666667,0.31055124767108855,True,11,False,1200,10.0,0.15
30,6,Amanda Kloots,rank,0.00016767503691931753,0.0969745901372996,0.10042755413448781,0.0058161709903063975,0.2793804357940983,0.2735642648037919,2.723968966410203,1167.102642763255,0.9725855356360459,0.51,0.5476450884629163,True,10,False,1200,10.0,0.15
30,6,Cody Rigsby,rank,5.624870851860496e-08,0.15846396611776217,0.16147586854082566,0.023330390213642235,0.37508164568159086,0.3517512554679486,2.178338350542242,1167.102642763255,0.9725855356360459,0.51,0.5476450884629163,True,10,False,1200,10.0,0.15
30,6,Iman Shumpert,rank,0.4998322405321563,0.04018244108124555,0.038036058567847426,1.9150033291504114e-05,0.16895222764956633,0.16893307761627482,4.441276060159743,1167.102642763255,0.9725855356360459,0.51,0.5476450884629163,True,10,False,1200,10.0,0.15
30,6,Jimmie Allen,rank,0.00016767503691931753,0.1644733939763857,0.16749872161586912,0.027477137644945027,0.3823651441669215,0.3548880065219765,2.118737888626759,1167.102642763255,0.9725855356360459,0.51,0.5476450884629163,True,10,False,1200,10.0,0.15
30,6,JoJo Siwa,rank,0.4998322405321563,0.03854777445938576,0.03546544748834994,4.278993645891951e-05,0.15177580266468568,0.15173301272822676,4.278212887774232,1167.102642763255,0.9725855356360459,0.51,0.5476450884629163,True,10,False,1200,10.0,0.15
30,6,Kenya Moore,rank,4.6772416545705524e-14,0.015921700885524047,0.009673989574222362,4.001744018855991e-10,0.05101559774674536,0.05101559734657096,5.272935640416068,1167.102642763255,0.9725855356360459,0.51,0.5476450884629163,True,10,True,1200,10.0,0.15
30,6,Melora Hardin,rank,8.456651294124214e-11,0.15453582075777111,0.1533331236861794,0.021273582912762004,0.361573821115879,0.340300238203117,2.2193379400634328,1167.102642763255,0.9725855356360459,0.51,0.5476450884629163,True,10,False,1200,10.0,0.15
30,6,"Mike ""The Miz"" Mizanin",rank,3.11102815226417e-11,0.01688370309834172,0.01818253978367828,1.6101407791377998e-09,0.09919500635208743,0.09919500474194665,5.455208717445931,1167.102642763255,0.9725855356360459,0.51,0.5476450884629163,True,10,False,1200,10.0,0.15
30,6,Olivia Jade,rank,5.624870851860496e-08,0.14804910224804443,0.14737753730157077,0.019983894396111066,0.35469501051693275,0.33471111612082166,2.271098100505129,1167.102642763255,0.9725855356360459,0.51,0.5476450884629163,True,10,False,1200,10.0,0.15
30,6,Suni Lee,rank,5.624870851860496e-08,0.16596750723823986,0.1685291593069692,0.02916641013365407,0.39615134220394316,0.3669849320702891,2.177562363789406,1167.102642763255,0.9725855356360459,0.51,0.5476450884629163,True,10,False,1200,10.0,0.15
30,7,Amanda Kloots,rank,2.7353587615831264e-10,0.09509011526929817,0.09433244603697606,0.004730463576851577,0.26568707906814526,0.2609566154912937,2.7663212408142708,1169.5223718025165,0.9746019765020971,0.8016666666666666,0.8472181266362578,True,9,False,1200,10.0,0.15
30,7,Cody Rigsby,rank,8.153989547765792e-07,0.15532336453897527,0.15716886814129782,0.023865873886709747,0.35250167434639845,0.3286358004596887,2.090959319023165,1169.5223718025165,0.9746019765020971,0.8016666666666666,0.8472181266362578,True,9,False,1200,10.0,0.15
30,7,Iman Shumpert,rank,1.225902746524056e-09,0.1268367154498381,0.1299841104383439,0.012470151517026715,0.34153558991109617,0.32906543839406943,2.531562555775615,1169.5223718025165,0.9746019765020971,0.8016666666666666,0.8472181266362578,True,9,False,1200,10.0,0.15
30,7,Jimmie Allen,rank,0.0008941935311559038,0.16094016646365647,0.16544988283115236,0.02267595557882253,0.37344335501623177,0.35076739943740926,2.1200696752726187,1169.5223718025165,0.9746019765020971,0.8016666666666666,0.8472181266362578,True,9,False,1200,10.0,0.15
30,7,JoJo Siwa,rank,0.017960357186507465,0.11666958907243061,0.1174704365134519,0.01012593360857696,0.3237726580599633,0.31364672445138636,2.6699828806083428,1169.5223718025165,0.9746019765020971,0.8016666666666666,0.8472181266362578,True,9,False,1200,10.0,0.15
30,7,Melora Hardin,rank,0.0005423557923627596,0.15128124530910272,0.15213653426310142,0.015935820514949725,0.35880190994130484,0.3428660894263551,2.2536587771523515,1169.5223718025165,0.9746019765020971,0.8016666666666666,0.8472181266362578,True,9,False,1200,10.0,0.15
30,7,"Mike ""The Miz"" Mizanin",rank,2.4943243240091885e-13,0.016549113931660267,0.00986074811964073,9.794367667572075e-10,0.050475423640403146,0.05047542266096638,5.118303778256023,1169.5223718025165,0.9746019765020971,0.8016666666666666,0.8472181266362578,True,9,True,1200,10.0,0.15
30,7,Olivia Jade,rank,0.9806022763177951,0.014631186927958615,0.013881394094832064,6.031186471982693e-11,0.07858314076414394,0.07858314070383207,5.660633185243305,1169.5223718025165,0.9746019765020971,0.8016666666666666,0.8472181266362578,True,9,False,1200,10.0,0.15
30,7,Suni Lee,rank,2.7353587615831264e-10,0.16267850303707976,0.15971557956120372,0.025534425878261206,0.36953573277572194,0.3440013068974607,2.153823402946334,1169.5223718025165,0.9746019765020971,0.8016666666666666,0.8472181266362578,True,9,False,1200,10.0,0.15
30,8,Amanda Kloots,rank,0.3278906144087204,0.04929409894036311,0.0482104721570395,0.00016837344139494364,0.17826097119004067,0.17809259774864572,3.693987961382795,1199.9999999999998,0.9999999999999998,,,False,8,False,1200,10.0,0.15
30,8,Cody Rigsby,rank,3.3215626140728696e-06,0.17341152093169215,0.16495677571957276,0.029963435092579937,0.3790658025957625,0.3491023675031826,2.116313498895951,1199.9999999999998,0.9999999999999998,,,False,8,False,1200,10.0,0.15
30,8,Iman Shumpert,rank,2.238051284776677e-08,0.1416082872495084,0.14538378491862622,0.015619676163101415,0.3592092644965148,0.3435895883334134,2.3633118728739397,1199.9999999999998,0.9999999999999998,,,False,8,False,1200,10.0,0.15
30,8,Jimmie Allen,rank,9.146404068443133e-11,0.18005980693158705,0.17823667376154118,0.026933645826887034,0.41259169584842814,0.38565805002154113,2.1637291481794216,1199.9999999999998,0.9999999999999998,,,False,8,True,1200,10.0,0.15
30,8,JoJo Siwa,rank,0.01632471243674788,0.13075654108157037,0.13466628987335397,0.013879419487079476,0.3301062988759519,0.3162268793888724,2.348208534427801,1199.9999999999998,0.9999999999999998,,,False,8,False,1200,10.0,0.15
30,8,Melora Hardin,rank,0.3278906144087204,0.07852279699689084,0.07902060041696825,0.0020525513820175267,0.24771852244056283,0.24566597105854532,3.1088458062384885,1199.9999999999998,0.9999999999999998,,,False,8,False,1200,10.0,0.15
30,8,Olivia Jade,rank,1.0030249981839698e-07,0.16201546713067252,0.16215366648607626,0.02319370168342553,0.37278302524298274,0.3495893235595572,2.155900481529314,1199.9999999999998,0.9999999999999998,,,False,8,True,1200,10.0,0.15
30,8,Suni Lee,rank,0.3278906144087204,0.08433148073771556,0.08737173666682153,0.0029303640389494495,0.24635387805322875,0.2434235140142793,2.7860351329331277,1199.9999999999998,0.9999999999999998,,,False,8,False,1200,10.0,0.15
30,9,Amanda Kloots,rank,0.11915947970478596,0.10524926166948942,0.10495329548094934,0.006673106737365798,0.2829338223766562,0.2762607156392904,2.6322001817394463,1199.9999999999998,0.9999999999999998,,,False,6,False,1200,10.0,0.15
30,9,Cody Rigsby,rank,7.321411472183079e-07,0.22719761708001515,0.22570258260955633,0.053951206593196556,0.4371707605329159,0.38321955393971935,1.6978886622400196,1199.9999999999998,0.9999999999999998,,,False,6,False,1200,10.0,0.15
30,9,Iman Shumpert,rank,0.0001791490320029908,0.18545128419933535,0.18832111058723153,0.03488200408056484,0.41751843324551974,0.3826364291649549,2.031818929661561,1199.9999999999998,0.9999999999999998,,,False,6,False,1200,10.0,0.15
30,9,JoJo Siwa,rank,0.8804760802580517,0.02268214991597244,0.023627350136536884,1.1460197870691998e-07,0.117186418608383,0.11718630400640428,4.959563546724207,1199.9999999999998,0.9999999999999998,,,False,6,False,1200,10.0,0.15
30,9,Melora Hardin,rank,5.409832009131521e-06,0.22156318694414034,0.21948752434685365,0.04848613840216503,0.46160873146952036,0.4131225930673553,1.8822058888805746,1199.9999999999998,0.9999999999999998,,,False,6,True,1200,10.0,0.15
30,9,Suni Lee,rank,0.0001791490320029908,0.2378565001910472,0.23790813683887183,0.05911504529979026,0.47422029691761625,0.41510525161782597,1.7448058411433074,1199.9999999999998,0.9999999999999998,,,False,6,True,1200,10.0,0.15
30,10,Amanda Kloots,rank,0.009073206793870135,0.2852681773302814,0.28990073138132677,0.08973775855815258,0.5282493372597983,0.4385115787016457,1.5126214549054993,1199.9999999999998,0.9999999999999998,,,False,4,True,1200,10.0,0.15
30,10,Cody Rigsby,rank,0.00016618157919933503,0.47578023136929365,0.4732279504576562,0.22918155498765,0.7152681811109461,0.4860866261232961,1.027170095264048,1199.9999999999998,0.9999999999999998,,,False,4,True,1200,10.0,0.15
30,10,Iman Shumpert,rank,0.49538030581346526,0.12195645817512006,0.1234561105501148,0.011318181377752921,0.31046384573876,0.2991456643610071,2.423073592343434,1199.9999999999998,0.9999999999999998,,,False,4,True,1200,10.0,0.15
30,10,JoJo Siwa,rank,0.49538030581346526,0.11699513312530482,0.11341520761090185,0.010508561020548148,0.31139995372877877,0.3008913927082306,2.6529840756137943,1199.9999999999998,0.9999999999999998,,,False,4,True,1200,10.0,0.15
31,1,Charli D'Amelio,rank,0.9998653137824656,0.005000640843414093,0.0047180636865773624,5.853965093977489e-26,0.02371791007739158,0.02371791007739158,5.025977959325588,1178.328840933913,0.9819407007782608,0.19416666666666665,0.20601170424373216,True,16,False,1200,10.0,0.15
31,1,Cheryl Ladd,rank,9.478082914408377e-19,0.007377152837008736,0.007876596688120328,2.7105077884593278e-21,0.04690515650720072,0.04690515650720072,5.954247007584843,1178.328840933913,0.9819407007782608,0.19416666666666665,0.20601170424373216,True,16,False,1200,10.0,0.15
31,1,Daniel Durant,rank,1.1252001778223661e-07,0.12700989414463404,0.12383266006092356,0.013040466293100938,0.32319620104300884,0.3101557347499079,2.5046157450027544,1178.328840933913,0.9819407007782608,0.19416666666666665,0.20601170424373216,True,16,False,1200,10.0,0.15
31,1,Gabby Windey,rank,3.7261512432588607e-06,0.0903356754182627,0.08727734259320234,0.0032453023913743074,0.2500786350605521,0.2468333326691778,2.8281166362158023,1178.328840933913,0.9819407007782608,0.19416666666666665,0.20601170424373216,True,16,False,1200,10.0,0.15
31,1,Heidi D'Amelio,rank,4.193230811905205e-13,0.0901976173739685,0.09282036664454385,0.0032131763993921373,0.27460205855809783,0.2713888821587057,2.923775979274038,1178.328840933913,0.9819407007782608,0.19416666666666665,0.20601170424373216,True,16,False,1200,10.0,0.15
31,1,Jason Lewis,rank,9.60138670585394e-24,0.011614418816776979,0.0074940863248195416,3.3500027934164746e-14,0.043169428621491944,0.04316942862145844,5.759697320430506,1178.328840933913,0.9819407007782608,0.19416666666666665,0.20601170424373216,True,16,True,1200,10.0,0.15
31,1,Jessie James Decker,rank,1.7359714401778506e-20,0.018659131475030954,0.01948618234241544,4.682718991154113e-09,0.10314454456541569,0.1031445398826967,5.29294271846547,1178.328840933913,0.9819407007782608,0.19416666666666665,0.20601170424373216,True,16,False,1200,10.0,0.15
31,1,Jordin Sparks,rank,2.060876013453394e-09,0.024906281876353763,0.025393631710625645,4.250978395806204e-07,0.12556743298157447,0.1255670078837349,4.944628034561928,1178.328840933913,0.9819407007782608,0.19416666666666665,0.20601170424373216,True,16,False,1200,10.0,0.15
31,1,Joseph Baena,rank,4.6582586573505905e-15,0.1210526563015413,0.11844067716867548,0.013211805134407874,0.2965326179449806,0.2833208128105727,2.3920702541816348,1178.328840933913,0.9819407007782608,0.19416666666666665,0.20601170424373216,True,16,False,1200,10.0,0.15
31,1,Sam Champion,rank,1.7359714401778506e-20,0.010724974326158035,0.010645162066249096,8.788592706217598e-14,0.053677486531669934,0.053677486531582046,5.041956547115945,1178.328840933913,0.9819407007782608,0.19416666666666665,0.20601170424373216,True,16,False,1200,10.0,0.15
31,1,Selma Blair,rank,3.7261512432588607e-06,0.07408773321653957,0.07318544701933177,0.0017982876675725684,0.24078246350018936,0.2389841758326168,3.265415737007844,1178.328840933913,0.9819407007782608,0.19416666666666665,0.20601170424373216,True,16,False,1200,10.0,0.15
31,1,Shangela,rank,3.7261512432588607e-06,0.11083839841449421,0.11186139215739413,0.008408483138003114,0.3100943099419663,0.30168582680396316,2.696937022225317,1178.328840933913,0.9819407007782608,0.19416666666666665,0.20601170424373216,True,16,False,1200,10.0,0.15
31,1,Teresa Giudice,rank,1.7359714401778506e-20,0.010762944465558092,0.011264976413098676,2.1451011993256224e-14,0.06709011307862772,0.06709011307860627,5.9551086047545985,1178.328840933913,0.9819407007782608,0.19416666666666665,0.20601170424373216,True,16,False,1200,10.0,0.15
31,1,Trevor Donovan,rank,9.478082914408377e-19,0.0962411758559552,0.09757153830475902,0.006889393063014657,0.2717905693703493,0.2649011763073346,2.714915291841027,1178.328840933913,0.9819407007782608,0.19416666666666665,0.20601170424373216,True,16,False,1200,10.0,0.15
31,1,Vinny Guadagnino,rank,7.8812981453754085e-25,0.1337329802530247,0.13842816074658398,0.01390397479063254,0.34657797841743027,0.3326740036267977,2.403207545524378,1178.328840933913,0.9819407007782608,0.19416666666666665,0.20601170424373216,True,16,False,1200,10.0,0.15
31,1,Wayne Brady,rank,0.00012339318248696045,0.06745832438127915,0.06970371607268006,0.0011542089203196678,0.24379790268246448,0.2426436937621448,3.4810226256304366,1178.328840933913,0.9819407007782608,0.19416666666666665,0.20601170424373216,True,16,False,1200,10.0,0.15
31,2,Charli D'Amelio,rank,0.33332498226556995,0.025806321693659418,0.024262904443614442,1.3252493771615117e-06,0.11237262311113495,0.11237129786175779,4.631212512515917,1176.4512015115424,0.9803760012596187,0.25416666666666665,0.26903941918688506,True,15,False,1200,10.0,0.15
31,2,Cheryl Ladd,rank,1.2913001908790166e-21,0.008003650798638151,0.008748375486591168,5.775865407894292e-19,0.052744841900076944,0.052744841900076944,6.028412197066055,1176.4512015115424,0.9803760012596187,0.25416666666666665,0.26903941918688506,True,15,False,1200,10.0,0.15
31,2,Daniel Durant,rank,1.0196488555626778e-07,0.1377960967151172,0.1401965058634354,0.017719349077212572,0.34475178523151845,0.3270324361543059,2.332655164870508,1176.4512015115424,0.9803760012596187,0.25416666666666665,0.26903941918688506,True,15,False,1200,10.0,0.15
31,2,Gabby Windey,rank,0.33332498226556995,0.04493204505413315,0.0456295610893409,8.9274203179863e-05,0.17466701946813606,0.1745777452649562,3.8258952135860715,1176.4512015115424,0.9803760012596187,0.25416666666666665,0.26903941918688506,True,15,False,1200,10.0,0.15
31,2,Heidi D'Amelio,rank,4.167071820176124e-10,0.0978575674894095,0.10073390193625507,0.006094086213773607,0.27822722363760605,0.27213313742383244,2.701478158940761,1176.4512015115424,0.9803760012596187,0.25416666666666665,0.26903941918688506,True,15,False,1200,10.0,0.15
31,2,Jessie James Decker,rank,1.2747169394896435e-16,0.02024374116025229,0.022202288257276808,2.900967379080483e-08,0.12298337413338759,0.1229833451237138,5.538969890345308,1176.4512015115424,0.9803760012596187,0.25416666666666665,0.26903941918688506,True,15,False,1200,10.0,0.15
31,2,Jordin Sparks,rank,1.702987009672426e-12,0.02702142522941591,0.029626296320930664,8.09167872226687e-07,0.13857738830470664,0.1385765791368344,4.677327881550057,1176.4512015115424,0.9803760012596187,0.25416666666666665,0.26903941918688506,True,15,False,1200,10.0,0.15
31,2,Joseph Baena,rank,5.209476780432603e-19,0.1313329424903121,0.13540197668628492,0.014832064520241923,0.3385769442449202,0.32374487972467825,2.390973135507667,1176.4512015115424,0.9803760012596187,0.25416666666666665,0.26903941918688506,True,15,False,1200,10.0,0.15
31,2,Sam Champion,rank,6.9597186712046e-15,0.011635782967692005,0.011932170020734914,1.0963890630553355e-12,0.06715959132288686,0.06715959132179047,5.627975735290361,1176.4512015115424,0.9803760012596187,0.25416666666666665,0.26903941918688506,True,15,False,1200,10.0,0.15
31,2,Selma Blair,rank,4.167071820176124e-10,0.08038026693776748,0.0858369043931247,0.002838086248715295,0.27618457318722095,0.27334648693850566,3.184449677226739,1176.4512015115424,0.9803760012596187,0.25416666666666665,0.26903941918688506,True,15,False,1200,10.0,0.15
31,2,Shangela,rank,4.167071820176124e-10,0.12025229636156219,0.11939296248172493,0.010278395666790131,0.3116626765390875,0.3013842808722974,2.5242840978531795,1176.4512015115424,0.9803760012596187,0.25416666666666665,0.26903941918688506,True,15,False,1200,10.0,0.15
31,2,Teresa Giudice,rank,1.5731256776838862e-20,0.011676977686474369,0.006875647422833265,3.057649848830998e-14,0.038656947118349445,0.038656947118318866,5.62148162343791,1176.4512015115424,0.9803760012596187,0.25416666666666665,0.26903941918688506,True,15,True,1200,10.0,0.15
31,2,Trevor Donovan,rank,2.4949984869863263e-05,0.10440827453333738,0.10100608293700845,0.007083090787672388,0.27783175737652066,0.2707486665888483,2.6804918894420164,1176.4512015115424,0.9803760012596187,0.25416666666666665,0.26903941918688506,True,15,False,1200,10.0,0.15
31,2,Vinny Guadagnino,rank,1.702987009672426e-12,0.14509013136240226,0.13915441629744318,0.01506467783247629,0.33911781470468644,0.32405313687221016,2.328713789907754,1176.4512015115424,0.9803760012596187,0.25416666666666665,0.26903941918688506,True,15,False,1200,10.0,0.15
31,2,Wayne Brady,rank,0.33332498226556995,0.0335624795198265,0.029000006363400988,7.174506914366482e-06,0.12598005456804987,0.1259728800611355,4.343741678568511,1176.4512015115424,0.9803760012596187,0.25416666666666665,0.26903941918688506,True,15,False,1200,10.0,0.15
31,3,Charli D'Amelio,rank,0.3299748230128774,0.026355740951845653,0.026329358645929245,7.266066716971426e-07,0.1252616292767594,0.12526090267008771,4.757280535161014,1181.0482381599584,0.9842068651332987,0.4825,0.5037684895631321,True,14,False,1200,10.0,0.15
31,3,Cheryl Ladd,rank,3.810623227603916e-18,0.00811022701125269,0.005049205576827994,8.229800606512783e-18,0.029819354864623407,0.0298193548646234,5.904582380060807,1181.0482381599584,0.9842068651332987,0.4825,0.5037684895631321,True,14,True,1200,10.0,0.15
31,3,Daniel Durant,rank,0.00011069422126956609,0.13959485650479703,0.14077725730058605,0.016518487661254244,0.34716459886991036,0.3306461112086561,2.3487015505716142,1181.0482381599584,0.9842068651332987,0.4825,0.5037684895631321,True,14,False,1200,10.0,0.15
31,3,Gabby Windey,rank,0.3299748230128774,0.045888652940971116,0.04819325291003616,0.00012763007713974383,0.17823691465675542,0.17810928457961567,3.6956540214886386,1181.0482381599584,0.9842068651332987,0.4825,0.5037684895631321,True,14,False,1200,10.0,0.15
31,3,Heidi D'Amelio,rank,0.009964376250231544,0.09687552116404831,0.09718906484052217,0.00492094286748028,0.26975679462549984,0.26483585175801955,2.724927205188977,1181.0482381599584,0.9842068651332987,0.4825,0.5037684895631321,True,14,False,1200,10.0,0.15
31,3,Jessie James Decker,rank,1.1359307745932625e-14,0.02051330580222437,0.021875309635261197,2.3086416662456113e-08,0.11050096165535268,0.11050093856893602,5.051169068791463,1181.0482381599584,0.9842068651332987,0.4825,0.5037684895631321,True,14,False,1200,10.0,0.15
31,3,Jordin Sparks,rank,3.048125817299111e-09,0.027381240977350722,0.02665611040256884,1.4805056931396538e-06,0.12066759167922567,0.12066611117353253,4.5266013214209595,1181.0482381599584,0.9842068651332987,0.4825,0.5037684895631321,True,14,False,1200,10.0,0.15
31,3,Joseph Baena,rank,5.0255098707512574e-09,0.1330817638007191,0.13812950395199503,0.015411717341010826,0.3301655151452176,0.31475379780420676,2.2786697275324084,1181.0482381599584,0.9842068651332987,0.4825,0.5037684895631321,True,14,False,1200,10.0,0.15
31,3,Sam Champion,rank,1.2619051042639455e-16,0.011790724470101618,0.009874297153393838,3.270729660730507e-14,0.05932744256101551,0.0593274425609828,6.007661505212911,1181.0482381599584,0.9842068651332987,0.4825,0.5037684895631321,True,14,False,1200,10.0,0.15
31,3,Selma Blair,rank,3.386161915250283e-11,0.08145060661382915,0.08764293015159999,0.003035161280115951,0.2664145118080448,0.2633793505279289,3.0051065723816213,1181.0482381599584,0.9842068651332987,0.4825,0.5037684895631321,True,14,False,1200,10.0,0.15
31,3,Shangela,rank,4.5238198188748435e-07,0.12185344104989033,0.11870617702686868,0.013710717880924603,0.310406270524608,0.2966955526436834,2.499390180734633,1181.0482381599584,0.9842068651332987,0.4825,0.5037684895631321,True,14,False,1200,10.0,0.15
31,3,Trevor Donovan,rank,3.761686099444333e-13,0.10580474625729605,0.10289806064585708,0.006205144245947186,0.2724000836383666,0.2661949393924194,2.586952084126114,1181.0482381599584,0.9842068651332987,0.4825,0.5037684895631321,True,14,False,1200,10.0,0.15
31,3,Vinny Guadagnino,rank,3.1279500239406426e-19,0.14702214427526836,0.14437115186733496,0.020071243489973137,0.36904110082112446,0.3489698573311513,2.4171549209284025,1181.0482381599584,0.9842068651332987,0.4825,0.5037684895631321,True,14,False,1200,10.0,0.15
31,3,Wayne Brady,rank,0.3299748230128774,0.03427702818040544,0.0323083198912187,7.290023983448655e-06,0.13743564781938516,0.13742835779540172,4.253520602046258,1181.0482381599584,0.9842068651332987,0.4825,0.5037684895631321,True,14,False,1200,10.0,0.15
31,4,Charli D'Amelio,rank,0.33321045575661873,0.026331988357198004,0.026733604509860814,1.0388965711292431e-06,0.1247529872595883,0.12475194836301717,4.666309850104704,1174.0195552739067,0.9783496293949222,0.5758333333333333,0.6104781540370541,True,13,False,1200,10.0,0.15
31,4,Daniel Durant,rank,5.1408082416198625e-14,0.14056532190312046,0.1411655322718942,0.017865907847348633,0.34763502861947976,0.3297691207721311,2.336029053522249,1174.0195552739067,0.9783496293949222,0.5758333333333333,0.6104781540370541,True,13,False,1200,10.0,0.15
31,4,Gabby Windey,rank,0.33321045575661873,0.04584729669247007,0.0452354205928647,0.00013240635274558844,0.1739114083789356,0.17377900202619,3.841572780265483,1174.0195552739067,0.9783496293949222,0.5758333333333333,0.6104781540370541,True,13,False,1200,10.0,0.15
31,4,Heidi D'Amelio,rank,0.00018429349504882206,0.09978110747022552,0.0991995793731027,0.006141242574833642,0.2781093543307741,0.2719681117559405,2.7415980176188577,1174.0195552739067,0.9783496293949222,0.5758333333333333,0.6104781540370541,True,13,False,1200,10.0,0.15
31,4,Jessie James Decker,rank,2.5265884159866285e-10,0.02065056543683715,0.023582990555271133,3.106584153507922e-08,0.11387154958109723,0.11387151851525569,4.828339726832398,1174.0195552739067,0.9783496293949222,0.5758333333333333,0.6104781540370541,True,13,False,1200,10.0,0.15
31,4,Jordin Sparks,rank,0.00018429349504882206,0.027552572594743318,0.026608473250425275,2.129017048054426e-06,0.12204831375922692,0.12204618474217886,4.58656898592415,1174.0195552739067,0.9783496293949222,0.5758333333333333,0.6104781540370541,True,13,False,1200,10.0,0.15
31,4,Joseph Baena,rank,1.5523895757280997e-15,0.1339722486591029,0.1374823986420678,0.013501686407450081,0.33832212424598057,0.3248204378385305,2.362615712491853,1174.0195552739067,0.9783496293949222,0.5758333333333333,0.6104781540370541,True,13,False,1200,10.0,0.15
31,4,Sam Champion,rank,8.586024107156386e-19,0.011869619149102752,0.007479291720609413,1.1612341769169986e-12,0.044132395245400906,0.044132395244239675,5.899822746571205,1174.0195552739067,0.9783496293949222,0.5758333333333333,0.6104781540370541,True,13,True,1200,10.0,0.15
31,4,Selma Blair,rank,2.2743624118424577e-08,0.08199560858626351,0.08604343807323178,0.0026036652201021577,0.2570224114720653,0.25441874625196315,2.956829656269348,1174.0195552739067,0.9783496293949222,0.5758333333333333,0.6104781540370541,True,13,False,1200,10.0,0.15
31,4,Shangela,rank,2.2743624118424577e-08,0.12266891613704153,0.11564900324719032,0.010862001589382593,0.2952865644285726,0.28442456283919,2.459356289262361,1174.0195552739067,0.9783496293949222,0.5758333333333333,0.6104781540370541,True,13,False,1200,10.0,0.15
31,4,Trevor Donovan,rank,1.5523895757280997e-15,0.10651271221096012,0.10775048692877948,0.008705271664076274,0.2948791319532786,0.28617386028920233,2.6558692454829393,1174.0195552739067,0.9783496293949222,0.5758333333333333,0.6104781540370541,True,13,False,1200,10.0,0.15
31,4,Vinny Guadagnino,rank,8.475759896549191e-14,0.1480059061219404,0.14731522253651286,0.018079703135656298,0.3624511489453644,0.3443714458097081,2.33763423932727,1174.0195552739067,0.9783496293949222,0.5758333333333333,0.6104781540370541,True,13,False,1200,10.0,0.15
31,4,Wayne Brady,rank,0.33321045575661873,0.03424613668099426,0.0357545582981897,1.5881294969032048e-05,0.1440079744377541,0.14399209314278505,4.027124732382527,1174.0195552739067,0.9783496293949222,0.5758333333333333,0.6104781540370541,True,13,False,1200,10.0,0.15
31,5,Charli D'Amelio,rank,0.9927594497167903,0.00530663138947379,0.004969742699154407,1.6459519341629653e-26,0.030131130119738832,0.030131130119738832,6.061695795452168,1199.9999999999998,0.9999999999999998,,,False,12,False,1200,10.0,0.15
31,5,Daniel Durant,rank,1.1464608675209287e-17,0.1325593432429311,0.1269509530504127,0.014139950147571021,0.32271912012168397,0.30857916997411294,2.4306768234717584,1199.9999999999998,0.9999999999999998,,,False,12,False,1200,10.0,0.15
31,5,Gabby Windey,rank,0.006689160555032986,0.0928193677734082,0.09453105305175484,0.003986738257152935,0.2811661957090633,0.27717945745191036,2.9321214181200412,1199.9999999999998,0.9999999999999998,,,False,12,False,1200,10.0,0.15
31,5,Heidi D'Amelio,rank,2.4928181400957205e-08,0.09413859570969804,0.0916378914232163,0.0036362202153831453,0.2708812549736417,0.26724503475825856,2.916284020984493,1199.9999999999998,0.9999999999999998,,,False,12,False,1200,10.0,0.15
31,5,Jessie James Decker,rank,1.5316404010976777e-13,0.019474400630661404,0.02004982960871156,1.109332296268139e-08,0.11046214045416057,0.1104621293608376,5.5091051849966695,1199.9999999999998,0.9999999999999998,,,False,12,False,1200,10.0,0.15
31,5,Jordin Sparks,rank,7.625588536443263e-15,0.025994506468231534,0.02770135631292863,7.404284857786826e-07,0.13303385608555537,0.1330331156570696,4.802231050467838,1199.9999999999998,0.9999999999999998,,,False,12,False,1200,10.0,0.15
31,5,Joseph Baena,rank,1.2572470021641066e-14,0.12634178227306073,0.12795209206285038,0.011877162740888058,0.32579951622145087,0.3139223534805628,2.45341748620162,1199.9999999999998,0.9999999999999998,,,False,12,True,1200,10.0,0.15
31,5,Selma Blair,rank,2.2439633782531904e-06,0.07732509972614053,0.07378298829845485,0.0024371471138664386,0.23325862853077012,0.23082148141690367,3.128341076972352,1199.9999999999998,0.9999999999999998,,,False,12,True,1200,10.0,0.15
31,5,Shangela,rank,4.109962291562946e-08,0.11568223257988404,0.11590553748689847,0.010223423859779172,0.30784843419325697,0.2976250103334778,2.567801754643218,1199.9999999999998,0.9999999999999998,,,False,12,False,1200,10.0,0.15
31,5,Trevor Donovan,rank,1.8659199936341903e-12,0.10044621949769442,0.10523810445594017,0.0057486766220054,0.2893054554310365,0.2835567788090311,2.694405090911298,1199.9999999999998,0.9999999999999998,,,False,12,False,1200,10.0,0.15
31,5,Vinny Guadagnino,rank,7.724792561881563e-20,0.1395761447131529,0.13920719309256532,0.015420919902775715,0.33920497696725366,0.32378405706447794,2.325897994015197,1199.9999999999998,0.9999999999999998,,,False,12,False,1200,10.0,0.15
31,5,Wayne Brady,rank,0.0005490797349549209,0.07033567599566323,0.07207325845711246,0.0015141543082090498,0.2465922850264301,0.24507813071822104,3.400355910204112,1199.9999999999998,0.9999999999999998,,,False,12,False,1200,10.0,0.15
31,6,Charli D'Amelio,rank,0.9996523615961234,0.006545774970073208,0.006278899109929691,2.2264734415033047e-22,0.03911048697341963,0.03911048697341963,6.227884602728515,1150.370134391376,0.9586417786594801,0.485,0.5414125336086246,True,10,False,1200,10.0,0.15
31,6,Daniel Durant,rank,2.0604370862831086e-09,0.16617155486020493,0.16418313191789605,0.0274610821384853,0.3723611493144827,0.3449000671759974,2.100690627937616,1150.370134391376,0.9586417786594801,0.485,0.5414125336086246,True,10,False,1200,10.0,0.15
31,6,Gabby Windey,rank,0.0003353460082099876,0.11809767281845443,0.12196715355754251,0.011319564207103967,0.32084891467695464,0.3095293504698507,2.537788278674072,1150.370134391376,0.9586417786594801,0.485,0.5414125336086246,True,10,False,1200,10.0,0.15
31,6,Heidi D'Amelio,rank,6.14207638915262e-06,0.11800701950344687,0.11743717516332905,0.011638661661214087,0.29316721062133694,0.28152854896012286,2.397249008413001,1150.370134391376,0.9586417786594801,0.485,0.5414125336086246,True,10,False,1200,10.0,0.15
31,6,Jessie James Decker,rank,1.1395955480961307e-12,0.02441239801882933,0.015546777388249798,2.669708495782631e-07,0.07533827563204742,0.07533800866119784,4.8455806112926725,1150.370134391376,0.9586417786594801,0.485,0.5414125336086246,True,10,True,1200,10.0,0.15
31,6,Jordin Sparks,rank,2.0604370862831086e-09,0.03258576462417795,0.035279778733153064,6.811620155220925e-06,0.15638220236326086,0.15637539074310564,4.432311200550711,1150.370134391376,0.9586417786594801,0.485,0.5414125336086246,True,10,False,1200,10.0,0.15
31,6,Shangela,rank,6.14207638915262e-06,0.1450129555244555,0.14832689048077757,0.018037981817342053,0.35074409660838746,0.3327061147910454,2.2430448765410183,1150.370134391376,0.9586417786594801,0.485,0.5414125336086246,True,10,False,1200,10.0,0.15
31,6,Trevor Donovan,rank,2.0604370862831086e-09,0.12591571492056466,0.12129568448184594,0.01247608617706235,0.3237096495083586,0.31123356333129626,2.5658868143084117,1150.370134391376,0.9586417786594801,0.485,0.5414125336086246,True,10,False,1200,10.0,0.15
31,6,Vinny Guadagnino,rank,3.8229171731033134e-16,0.174967561944593,0.1766191440204975,0.03016298788155209,0.39768737705265456,0.3675243891711025,2.080874699821611,1150.370134391376,0.9586417786594801,0.485,0.5414125336086246,True,10,False,1200,10.0,0.15
31,6,Wayne Brady,rank,2.0604370862831086e-09,0.08828358281520003,0.09306536514677927,0.0034499889453667395,0.27554210987175076,0.272092120926384,2.9236354132586455,1150.370134391376,0.9586417786594801,0.485,0.5414125336086246,True,10,False,1200,10.0,0.15
31,7,Charli D'Amelio,rank,0.877601053270011,0.009201133168061294,0.009693718889028216,2.6942596186034446e-15,0.05761403821634546,0.05761403821634277,5.942827107812914,1130.2947097303327,0.9419122581086106,0.6216666666666667,0.7103424770258798,True,9,False,1200,10.0,0.15
31,7,Daniel Durant,rank,1.9836674683037527e-06,0.1755549930870034,0.18036630129168793,0.03053777889853977,0.3970695173463917,0.3665317384478519,2.0321407251922063,1130.2947097303327,0.9419122581086106,0.6216666666666667,0.7103424770258798,True,9,False,1200,10.0,0.15
31,7,Gabby Windey,rank,1.6282934140598636e-07,0.12486492200295832,0.12189753001162985,0.013048938480854498,0.309206810828973,0.2961578723481185,2.429544247333116,1130.2947097303327,0.9419122581086106,0.6216666666666667,0.7103424770258798,True,9,False,1200,10.0,0.15
31,7,Heidi D'Amelio,rank,1.3365846265240737e-08,0.12467305032218703,0.1258406603609043,0.013184502150459758,0.3196681006795136,0.3064835985290539,2.4354700792256097,1130.2947097303327,0.9419122581086106,0.6216666666666667,0.7103424770258798,True,9,False,1200,10.0,0.15
31,7,Jordin Sparks,rank,1.808870590003377e-09,0.034425989544374425,0.022662068435327642,8.802869597754543e-06,0.09770159774221343,0.09769279487261567,4.31066054234431,1130.2947097303327,0.9419122581086106,0.6216666666666667,0.7103424770258798,True,9,True,1200,10.0,0.15
31,7,Shangela,rank,3.984302617794123e-05,0.15319023243199423,0.15561346030889,0.022843784188696238,0.362867557169725,0.34002377298102876,2.185039695579009,1130.2947097303327,0.9419122581086106,0.6216666666666667,0.7103424770258798,True,9,False,1200,10.0,0.15
31,7,Trevor Donovan,rank,0.11877038711304658,0.10075128961436958,0.10406328593546671,0.00600702451064764,0.2789225456031314,0.27291552109248374,2.6225666052398284,1130.2947097303327,0.9419122581086106,0.6216666666666667,0.7103424770258798,True,9,False,1200,10.0,0.15
31,7,Vinny Guadagnino,rank,3.680479486993088e-13,0.18484855347200851,0.1820220385248066,0.03721394636583464,0.4050774643309983,0.36786351796516364,2.0209722953011258,1130.2947097303327,0.9419122581086106,0.6216666666666667,0.7103424770258798,True,9,False,1200,10.0,0.15
31,7,Wayne Brady,rank,0.003586554918869863,0.09248983635704326,0.09784093624225862,0.004403471706604731,0.27905702835934465,0.27465355665273994,2.807114895730315,1130.2947097303327,0.9419122581086106,0.6216666666666667,0.7103424770258798,True,9,False,1200,10.0,0.15
31,8,Charli D'Amelio,rank,0.4989786928021567,0.02356830097639831,0.024178863081888477,2.05420140266208e-07,0.12248437807854726,0.12248417265840698,5.065544508816996,1199.9999999999998,0.9999999999999998,,,False,8,False,1200,10.0,0.15
31,8,Daniel Durant,rank,4.1491511328575e-07,0.1854243749853446,0.18455946796798142,0.0395705866380051,0.42112235413460597,0.38155176749660086,2.067353706335392,1199.9999999999998,0.9999999999999998,,,False,8,False,1200,10.0,0.15
31,8,Gabby Windey,rank,1.1278562127976804e-06,0.13188381858185466,0.1336648116167453,0.01538916395631878,0.3429509236118286,0.3275617596555098,2.450602406804776,1199.9999999999998,0.9999999999999998,,,False,8,False,1200,10.0,0.15
31,8,Heidi D'Amelio,rank,2.2948306409646606e-10,0.131681462800677,0.1335686640157935,0.013402449135531055,0.33107160383570994,0.31766915470017887,2.378303165175418,1199.9999999999998,0.9999999999999998,,,False,8,True,1200,10.0,0.15
31,8,Shangela,rank,0.0020392118701459895,0.16104656708812062,0.16270599830199478,0.02382592184693282,0.3758466065475737,0.35202068470064085,2.1635251610214548,1199.9999999999998,0.9999999999999998,,,False,8,False,1200,10.0,0.15
31,8,Trevor Donovan,rank,1.8595205283308257e-06,0.14050397400082437,0.1373668657596186,0.01462818615673027,0.3403565475563452,0.3257283613996149,2.371212216178784,1199.9999999999998,0.9999999999999998,,,False,8,False,1200,10.0,0.15
31,8,Vinny Guadagnino,rank,4.203128933071112e-12,0.195239685774225,0.19356707809973767,0.03622826913375247,0.4037184024692012,0.3674901333354487,1.8985058742283745,1199.9999999999998,0.9999999999999998,,,False,8,True,1200,10.0,0.15
31,8,Wayne Brady,rank,0.4989786928021567,0.03065181579255541,0.030388251156240515,3.1972156749605095e-06,0.12305339249474721,0.12305019527907225,4.049135486966534,1199.9999999999998,0.9999999999999998,,,False,8,False,1200,10.0,0.15
31,9,Charli D'Amelio,rank,0.49989793763593093,0.036144273432448894,0.037456233927615115,1.6852897052254527e-05,0.15694161096333575,0.1569247580662835,4.189437969966909,1199.9999999999998,0.9999999999999998,,,False,6,False,1200,10.0,0.15
31,9,Daniel Durant,rank,6.853396198666439e-07,0.2849783435015817,0.28801127566512585,0.09168318361697407,0.5440976659677547,0.4524144823507806,1.5708166650396753,1199.9999999999998,0.9999999999999998,,,False,6,True,1200,10.0,0.15
31,9,Gabby Windey,rank,0.49989793763593093,0.06293171656132324,0.0634731299368392,0.0010237720589690383,0.22030504429940603,0.219281272240437,3.4546558173957767,1199.9999999999998,0.9999999999999998,,,False,6,False,1200,10.0,0.15
31,9,Shangela,rank,0.00010171341804256758,0.24863688617596796,0.2462418040110022,0.05825285289807869,0.49175421345593995,0.43350136055786126,1.760463061241344,1199.9999999999998,0.9999999999999998,,,False,6,False,1200,10.0,0.15
31,9,Trevor Donovan,rank,1.2552432993619803e-08,0.215941340713065,0.21855751200301984,0.04458523061794774,0.48352118037645614,0.4389359497585084,2.008322374341767,1199.9999999999998,0.9999999999999998,,,False,6,True,1200,10.0,0.15
31,9,Wayne Brady,rank,0.00010171341804256758,0.15136743961561314,0.1462600444563974,0.01897584142653591,0.3524807694416398,0.3335049280151039,2.280203380569504,1199.9999999999998,0.9999999999999998,,,False,6,False,1200,10.0,0.15
31,10,Charli D'Amelio,rank,0.4998323249347668,0.07243962803578853,0.07086285314427286,0.001966602209017044,0.23093957326332681,0.22897297105430978,3.2311673849873785,1199.9999999999998,0.9999999999999998,,,False,4,True,1200,10.0,0.15
31,10,Gabby Windey,rank,0.4998323249347668,0.1261264844035643,0.12794436694318131,0.012611325378181866,0.32519443273753734,0.31258310735935546,2.4430982913056094,1199.9999999999998,0.9999999999999998,,,False,4,True,1200,10.0,0.15
31,10,Shangela,rank,0.00016767506523323908,0.49815967836009367,0.4960031171585177,0.24667029143139116,0.742853674017722,0.49618338258633077,1.0003614192334533,1199.9999999999998,0.9999999999999998,,,False,4,True,1200,10.0,0.15
31,10,Wayne Brady,rank,0.00016767506523323908,0.30327420920055354,0.3051896627540279,0.09416795009272844,0.5664314105161462,0.47226346042341777,1.5474374483207707,1199.9999999999998,0.9999999999999998,,,False,4,True,1200,10.0,0.15
32,1,Adrian Peterson,rank,7.003250373913446e-06,0.01642385549058437,0.015218364887409496,1.5119751061352053e-09,0.08686734255031188,0.08686734103833678,5.70768502371603,1172.7142093269647,0.9772618411058039,0.23833333333333334,0.2559074790261829,True,14,False,1200,10.0,0.15
32,1,Alyson Hannigan,rank,1.0665936134185292e-13,0.26039086972182107,0.25773844912416793,0.06548278568031442,0.5180703417375607,0.4525875560572463,1.7559886839022802,1172.7142093269647,0.9772618411058039,0.23833333333333334,0.2559074790261829,True,14,False,1200,10.0,0.15
32,1,Ariana Madix,rank,0.15425685481347184,0.12442891126744925,0.12176774348538427,0.012116301640354186,0.31821874109599735,0.30610243945564314,2.5138014131876476,1172.7142093269647,0.9772618411058039,0.23833333333333334,0.2559074790261829,True,14,False,1200,10.0,0.15
32,1,Barry Williams,rank,1.0528961090376315e-08,0.02232784838781022,0.02372418003893767,1.7344630107155772e-07,0.119272970398316,0.11927279695201493,5.0272662528277925,1172.7142093269647,0.9772618411058039,0.23833333333333334,0.2559074790261829,True,14,False,1200,10.0,0.15
32,1,Charity Lawson,rank,0.6913312602422625,0.052387131773007106,0.053831542432182675,0.00030731072258429506,0.18966105433352018,0.18935374361093588,3.5174586793755935,1172.7142093269647,0.9772618411058039,0.23833333333333334,0.2559074790261829,True,14,False,1200,10.0,0.15
32,1,Harry Jowsey,rank,5.310256915199536e-15,0.07438444241022445,0.07928041116824114,0.0016668161211690125,0.24164141019269061,0.2399745940715216,3.026870870931868,1172.7142093269647,0.9772618411058039,0.23833333333333334,0.2559074790261829,True,14,False,1200,10.0,0.15
32,1,Jamie Lynn Spears,rank,1.9284464920486544e-10,0.015916483277692937,0.014543342752031844,6.229574681895483e-10,0.07976008355347854,0.07976008293052107,5.48392486964587,1172.7142093269647,0.9772618411058039,0.23833333333333334,0.2559074790261829,True,14,False,1200,10.0,0.15
32,1,Jason Mraz,rank,0.15425685481347184,0.14931146427072137,0.14616266529830776,0.021535478812227817,0.35552827442533746,0.3339927956131096,2.2850603460953063,1172.7142093269647,0.9772618411058039,0.23833333333333334,0.2559074790261829,True,14,False,1200,10.0,0.15
32,1,Lele Pons,rank,0.00014066404396756636,0.03266040055082023,0.035430074590564055,7.202014859878063e-06,0.1573658259086347,0.15735862389377483,4.441260269754345,1172.7142093269647,0.9772618411058039,0.23833333333333334,0.2559074790261829,True,14,False,1200,10.0,0.15
32,1,Matt Walsh,rank,5.310256915199536e-15,0.012330948280303582,0.008371667237885653,1.3078474716927894e-12,0.04726356384529195,0.0472635638439841,5.644982954788916,1172.7142093269647,0.9772618411058039,0.23833333333333334,0.2559074790261829,True,14,True,1200,10.0,0.15
32,1,Mauricio Umansky,rank,1.9284464920486544e-10,0.01901096481334034,0.020162709344375213,6.0877106666403924e-09,0.11523360074455119,0.11523359465684052,5.7149006013115144,1172.7142093269647,0.9772618411058039,0.23833333333333334,0.2559074790261829,True,14,False,1200,10.0,0.15
32,1,Mira Sorvino,rank,3.486713051632974e-07,0.015460436586767377,0.01600657813424227,3.201065868454652e-10,0.0877231363012507,0.08772313598114412,5.480100440271663,1172.7142093269647,0.9772618411058039,0.23833333333333334,0.2559074790261829,True,14,False,1200,10.0,0.15
32,1,Tyson Beckford,rank,5.310256915199536e-15,0.011110995549021273,0.010530057853692473,1.1153458415842055e-13,0.05884551326386172,0.058845513263750183,5.587806475027327,1172.7142093269647,0.9772618411058039,0.23833333333333334,0.2559074790261829,True,14,False,1200,10.0,0.15
32,1,Xochitl Gomez,rank,7.003250373913446e-06,0.19385524762043663,0.1972322136525778,0.037758907120497516,0.42355871075529766,0.38579980363480015,1.9560590049218511,1172.7142093269647,0.9772618411058039,0.23833333333333334,0.2559074790261829,True,14,False,1200,10.0,0.15
32,2,Adrian Peterson,rank,5.696756764361716e-13,0.01584067560942061,0.016711744875980858,2.025051591604639e-10,0.09408629207805266,0.0940862918755475,5.62961336236072,1174.6967281959728,0.9789139401633107,0.16416666666666666,0.17578511952296016,True,13,False,1200,10.0,0.15
32,2,Alyson Hannigan,rank,6.850944090666072e-07,0.25114036725750866,0.25369302475975997,0.07020908340724155,0.487375566195306,0.41716648278806445,1.6443685781843214,1174.6967281959728,0.9789139401633107,0.16416666666666666,0.17578511952296016,True,13,False,1200,10.0,0.15
32,2,Ariana Madix,rank,8.346158500965658e-06,0.1721676285891738,0.16932524559734125,0.028763659392867322,0.3914921307442095,0.3627284713513422,2.1421869366543005,1174.6967281959728,0.9789139401633107,0.16416666666666666,0.17578511952296016,True,13,False,1200,10.0,0.15
32,2,Barry Williams,rank,5.696756764361716e-13,0.021534676606613807,0.020808934995713478,2.6100275430227347e-08,0.10546772393166161,0.10546769783138618,5.068141628174757,1174.6967281959728,0.9789139401633107,0.16416666666666666,0.17578511952296016,True,13,False,1200,10.0,0.15
32,2,Charity Lawson,rank,0.0002763868108783597,0.25452326865761105,0.2560477295487251,0.0688801241290395,0.5035561077782221,0.43467598364918264,1.6976299176148244,1174.6967281959728,0.9789139401633107,0.16416666666666666,0.17578511952296016,True,13,False,1200,10.0,0.15
32,2,Harry Jowsey,rank,5.696756764361716e-13,0.07174201672205013,0.07679603329251146,0.00166448944303523,0.2513395166227261,0.24967502717969084,3.251102503253037,1174.6967281959728,0.9789139401633107,0.16416666666666666,0.17578511952296016,True,13,False,1200,10.0,0.15
32,2,Jamie Lynn Spears,rank,1.886506749505759e-11,0.015351067682048735,0.008715356479917646,6.36696930627994e-11,0.04611983909814279,0.046119839034473094,5.291183207195863,1174.6967281959728,0.9789139401633107,0.16416666666666666,0.17578511952296016,True,13,True,1200,10.0,0.15
32,2,Jason Mraz,rank,0.49971907686432077,0.06417194316195156,0.06515593993771854,0.0009924004834003166,0.21353022884471548,0.21253782836131516,3.2619369258972775,1174.6967281959728,0.9789139401633107,0.16416666666666666,0.17578511952296016,True,13,False,1200,10.0,0.15
32,2,Lele Pons,rank,0.0002763868108783597,0.0314901741020825,0.03181324348628635,2.4188146112993196e-06,0.1510307685034337,0.1510283496888224,4.7471928651681985,1174.6967281959728,0.9789139401633107,0.16416666666666666,0.17578511952296016,True,13,False,1200,10.0,0.15
32,2,Mauricio Umansky,rank,5.194769755572148e-16,0.01833562115901128,0.01897932361048301,1.3761218581121912e-08,0.09324480317494484,0.09324478941372626,4.912708093250122,1174.6967281959728,0.9789139401633107,0.16416666666666666,0.17578511952296016,True,13,False,1200,10.0,0.15
32,2,Mira Sorvino,rank,2.0688058551071054e-08,0.014911232986008922,0.014447587301772077,1.223981901607766e-10,0.08576108960601928,0.08576108948362109,5.935603785506611,1174.6967281959728,0.9789139401633107,0.16416666666666666,0.17578511952296016,True,13,False,1200,10.0,0.15
32,2,Tyson Beckford,rank,2.0688058551071054e-08,0.010716289106485376,0.009340241975761667,1.571426581134834e-14,0.054031585764689034,0.05403158576467332,5.7841972089870515,1174.6967281959728,0.9789139401633107,0.16416666666666666,0.17578511952296016,True,13,False,1200,10.0,0.15
32,2,Xochitl Gomez,rank,0.49971907686432077,0.05807503836003355,0.058165594138028756,0.0005529417318764471,0.2064663618366431,0.20591342010476665,3.5400632125053795,1174.6967281959728,0.9789139401633107,0.16416666666666666,0.17578511952296016,True,13,False,1200,10.0,0.15
32,3,Adrian Peterson,rank,3.771524243171057e-15,0.016028725652121347,0.01590783744408811,6.584181754769728e-10,0.08241539390052306,0.08241539324210488,5.180478682477913,1178.2027916617267,0.9818356597181056,0.3258333333333333,0.34228569306579226,True,12,False,1200,10.0,0.15
32,3,Alyson Hannigan,rank,4.1359785428781776e-12,0.2541221472361735,0.25633570001785394,0.06856554401953127,0.5013529944818956,0.43278745046236433,1.6883553951978807,1178.2027916617267,0.9818356597181056,0.3258333333333333,0.34228569306579226,True,12,False,1200,10.0,0.15
32,3,Ariana Madix,rank,0.4910068664667835,0.05522700528191199,0.05270255998962019,0.00043143156044040103,0.17711359976856805,0.17668216820812765,3.352376352620671,1178.2027916617267,0.9818356597181056,0.3258333333333333,0.34228569306579226,True,12,False,1200,10.0,0.15
32,3,Barry Williams,rank,1.3696479873886453e-10,0.021790322062947697,0.022488692481816105,1.4761373088294655e-07,0.11703763771275455,0.11703749009902367,5.204050264077802,1178.2027916617267,0.9818356597181056,0.3258333333333333,0.34228569306579226,True,12,False,1200,10.0,0.15
32,3,Charity Lawson,rank,0.00899310445809453,0.252345372453741,0.2457408924698622,0.06477130919110759,0.4931297779673602,0.4283584687762526,1.7431235043849374,1178.2027916617267,0.9818356597181056,0.3258333333333333,0.34228569306579226,True,12,False,1200,10.0,0.15
32,3,Harry Jowsey,rank,2.5085977941691978e-12,0.07259369057952475,0.07587832307824426,0.0014173153879556218,0.25226319598739333,0.2508458805994377,3.3058529046282303,1178.2027916617267,0.9818356597181056,0.3258333333333333,0.34228569306579226,True,12,False,1200,10.0,0.15
32,3,Jason Mraz,rank,0.4910068664667835,0.06627097305549044,0.07113947929296144,0.0008750599767396501,0.24860801473670086,0.2477329547599612,3.482306518343511,1178.2027916617267,0.9818356597181056,0.3258333333333333,0.34228569306579226,True,12,False,1200,10.0,0.15
32,3,Lele Pons,rank,5.525554350619541e-08,0.03188461296395167,0.031569276562214525,5.600411878069982e-06,0.13315044369620843,0.13314484328433035,4.217411368631697,1178.2027916617267,0.9818356597181056,0.3258333333333333,0.34228569306579226,True,12,False,1200,10.0,0.15
32,3,Mauricio Umansky,rank,7.575308944290968e-14,0.01855328954806693,0.01864468096834205,3.323873098190609e-09,0.09792406040376946,0.09792405707989636,5.251835920938405,1178.2027916617267,0.9818356597181056,0.3258333333333333,0.34228569306579226,True,12,False,1200,10.0,0.15
32,3,Mira Sorvino,rank,2.7510115222464316e-09,0.01508824993271868,0.01573560689554444,1.5108910418486752e-10,0.08885849260991913,0.08885849245883003,5.646610673358616,1178.2027916617267,0.9818356597181056,0.3258333333333333,0.34228569306579226,True,12,False,1200,10.0,0.15
32,3,Tyson Beckford,rank,2.541233045625251e-17,0.010843506340648353,0.006572815248155605,1.4745968788475206e-14,0.03608572983118846,0.03608572983117372,5.489313050180134,1178.2027916617267,0.9818356597181056,0.3258333333333333,0.34228569306579226,True,12,True,1200,10.0,0.15
32,3,Xochitl Gomez,rank,0.00899310445809453,0.1852521048927037,0.1872841355512973,0.03469286072442962,0.41429104047245835,0.37959817974802873,2.026846277098467,1178.2027916617267,0.9818356597181056,0.3258333333333333,0.34228569306579226,True,12,False,1200,10.0,0.15
32,4,Adrian Peterson,rank,4.082306289836422e-08,0.014788718227473548,0.009579074841421616,2.8699821131288726e-11,0.056602848631453144,0.056602848602753324,5.908393153466624,1171.6254973893658,0.9763545811578048,0.2525,0.2720032589438054,True,11,True,1200,10.0,0.15
32,4,Alyson Hannigan,rank,1.8533641882752367e-12,0.23446288066712148,0.23677448040082028,0.06388173748686461,0.46853486885741175,0.40465313137054715,1.7090161983223042,1171.6254973893658,0.9763545811578048,0.2525,0.2720032589438054,True,11,False,1200,10.0,0.15
32,4,Ariana Madix,rank,0.010954349925618037,0.15666993192573536,0.15616353056653165,0.023278481785344945,0.3609221559759788,0.3376436741906339,2.162102194177734,1171.6254973893658,0.9763545811578048,0.2525,0.2720032589438054,True,11,False,1200,10.0,0.15
32,4,Barry Williams,rank,1.8533641882752367e-12,0.020104590405426958,0.02053103131214172,2.8864881717531065e-08,0.10300510513098299,0.10300507626610127,5.016799102833469,1171.6254973893658,0.9763545811578048,0.2525,0.2720032589438054,True,11,False,1200,10.0,0.15
32,4,Charity Lawson,rank,0.0014825100498564842,0.2369511234555888,0.23795852417624747,0.057955944912773866,0.46981901794592473,0.41186307303315084,1.7308114666093368,1171.6254973893658,0.9763545811578048,0.2525,0.2720032589438054,True,11,False,1200,10.0,0.15
32,4,Harry Jowsey,rank,4.082306289836422e-08,0.06697772850939034,0.07036668225617612,0.0011286711421328755,0.22124695711737363,0.22011828597524075,3.128116187966687,1171.6254973893658,0.9763545811578048,0.2525,0.2720032589438054,True,11,False,1200,10.0,0.15
32,4,Jason Mraz,rank,0.0014825100498564842,0.19221278144138498,0.1904499779539298,0.03590166175461786,0.4133576850718515,0.37745602331723366,1.9819064589342277,1171.6254973893658,0.9763545811578048,0.2525,0.2720032589438054,True,11,False,1200,10.0,0.15
32,4,Lele Pons,rank,1.3518741782174548e-06,0.029417882723015182,0.030329114004071366,2.0780027977711034e-06,0.1389610016132634,0.13895892361046563,4.581549663539427,1171.6254973893658,0.9763545811578048,0.2525,0.2720032589438054,True,11,False,1200,10.0,0.15
32,4,Mauricio Umansky,rank,6.137499273878936e-11,0.017117979522662446,0.01689254251667173,2.407540726033543e-09,0.08071888959015774,0.08071888718261702,4.7780912205334065,1171.6254973893658,0.9763545811578048,0.2525,0.2720032589438054,True,11,False,1200,10.0,0.15
32,4,Mira Sorvino,rank,4.082306289836422e-08,0.013920999278404851,0.013829423893945236,7.038755580923455e-12,0.07046210083554018,0.07046210082850142,5.094717368666389,1171.6254973893658,0.9763545811578048,0.2525,0.2720032589438054,True,11,False,1200,10.0,0.15
32,4,Xochitl Gomez,rank,0.9860791555662203,0.01737538384379596,0.017125618078043116,1.3859792671858479e-09,0.08611759062561704,0.08611758923963778,5.028289230670901,1171.6254973893658,0.9763545811578048,0.2525,0.2720032589438054,True,11,False,1200,10.0,0.15
32,5,Alyson Hannigan,rank,5.623287777692353e-10,0.2793930786332626,0.2817073600042616,0.08211697068371493,0.5324549620791128,0.4503379913953979,1.5985964754066415,1169.6680529363382,0.9747233774469485,0.39166666666666666,0.4221028958481007,True,10,False,1200,10.0,0.15
32,5,Ariana Madix,rank,4.5565972811550014e-06,0.19153748074915392,0.1948722139104896,0.03625912457176233,0.4345693830018211,0.39831025843005874,2.043945652854133,1169.6680529363382,0.9747233774469485,0.39166666666666666,0.4221028958481007,True,10,False,1200,10.0,0.15
32,5,Barry Williams,rank,4.5565972811550014e-06,0.02395698421063624,0.023349229908189696,1.616037759485437e-07,0.11900422421987983,0.11900406261610388,5.096483550012723,1169.6680529363382,0.9747233774469485,0.39166666666666666,0.4221028958481007,True,10,False,1200,10.0,0.15
32,5,Charity Lawson,rank,0.44980801379475094,0.09890926142660209,0.09637446535184482,0.0050337671228598176,0.27834694043024716,0.27331317330738736,2.8359206599893794,1169.6680529363382,0.9747233774469485,0.39166666666666666,0.4221028958481007,True,10,False,1200,10.0,0.15
32,5,Harry Jowsey,rank,1.029941083036457e-11,0.0798127001013957,0.08440455367558397,0.0024491733971696477,0.25263851909474777,0.2501893456975781,2.964133695031379,1169.6680529363382,0.9747233774469485,0.39166666666666666,0.4221028958481007,True,10,False,1200,10.0,0.15
32,5,Jason Mraz,rank,0.10036573415406991,0.18173735197668897,0.17730147579237138,0.028566367610938597,0.3868490229316651,0.3582826553207265,2.0207425402242576,1169.6680529363382,0.9747233774469485,0.39166666666666666,0.4221028958481007,True,10,False,1200,10.0,0.15
32,5,Lele Pons,rank,4.5565972811550014e-06,0.035054978335954445,0.03696536360754888,1.2488297103315003e-05,0.1527225173573372,0.15271002906023387,4.131053589189093,1169.6680529363382,0.9747233774469485,0.39166666666666666,0.4221028958481007,True,10,False,1200,10.0,0.15
32,5,Mauricio Umansky,rank,4.5565972811550014e-06,0.02039808605545286,0.022934040025061046,3.899150692290407e-08,0.11943399023385505,0.11943395124234812,5.207488241217064,1169.6680529363382,0.9747233774469485,0.39166666666666666,0.4221028958481007,True,10,False,1200,10.0,0.15
32,5,Mira Sorvino,rank,1.129467542885497e-08,0.01658868605894821,0.00989218674494893,1.1761295539570859e-09,0.053880535091646524,0.05388053391551697,5.446226307516761,1169.6680529363382,0.9747233774469485,0.39166666666666666,0.4221028958481007,True,10,True,1200,10.0,0.15
32,5,Xochitl Gomez,rank,0.44980801379475094,0.07261139245190507,0.07219911097970036,0.0014824269425085985,0.22485448049095308,0.22337205354844447,3.0937910000061817,1169.6680529363382,0.9747233774469485,0.39166666666666666,0.4221028958481007,True,10,False,1200,10.0,0.15
32,6,Alyson Hannigan,rank,3.3248606077805376e-11,0.24875323674078284,0.2500272396169062,0.06332927425846058,0.4794088423891944,0.4160795681307338,1.664130294914894,1161.5476288049667,0.9679563573374723,0.4066666666666667,0.4490577451461199,True,9,False,1200,10.0,0.15
32,6,Ariana Madix,rank,0.1191933550442934,0.12903094006115773,0.13227947069909873,0.013340522728812152,0.3280525953169392,0.31471207258812706,2.379127250794333,1161.5476288049667,0.9679563573374723,0.4066666666666667,0.4490577451461199,True,9,False,1200,10.0,0.15
32,6,Barry Williams,rank,2.0166298978896767e-11,0.021329951771559975,0.02546486903809849,7.063818109905853e-08,0.13061986887826932,0.1306197982400882,5.1292103185119275,1161.5476288049667,0.9679563573374723,0.4066666666666667,0.4490577451461199,True,9,False,1200,10.0,0.15
32,6,Charity Lawson,rank,8.921840735519748e-06,0.25226139567634437,0.2504672770440026,0.07361146732704704,0.5025963925730916,0.4289849252460446,1.7127315694780778,1161.5476288049667,0.9679563573374723,0.4066666666666667,0.4490577451461199,True,9,False,1200,10.0,0.15
32,6,Harry Jowsey,rank,4.9987257489244925e-14,0.07105998314726615,0.07290448030977048,0.0011119298589541405,0.23854293056975626,0.23743100071080211,3.2566962003675686,1161.5476288049667,0.9679563573374723,0.4066666666666667,0.4490577451461199,True,9,False,1200,10.0,0.15
32,6,Jason Mraz,rank,6.592398170048012e-05,0.2046050567334993,0.20351756292866194,0.039830743377183786,0.4314048081891188,0.391574064811935,1.9240213726803435,1161.5476288049667,0.9679563573374723,0.4066666666666667,0.4490577451461199,True,9,False,1200,10.0,0.15
32,6,Lele Pons,rank,5.41136994716584e-06,0.031210586593921053,0.030588394249955755,4.789901003425437e-06,0.13089346236794083,0.13088867246693742,4.278890631092727,1161.5476288049667,0.9679563573374723,0.4066666666666667,0.4490577451461199,True,9,False,1200,10.0,0.15
32,6,Mauricio Umansky,rank,6.678161050202817e-10,0.01816130892395296,0.012379782867215574,4.815940892650928e-09,0.06404996041842669,0.06404995560248579,5.17333647552213,1161.5476288049667,0.9679563573374723,0.4066666666666667,0.4490577451461199,True,9,True,1200,10.0,0.15
32,6,Xochitl Gomez,rank,0.8807263870420425,0.023587540351515567,0.0223709232462897,4.4045394259366703e-07,0.11096963766120004,0.11096919720725744,4.9601992634075955,1161.5476288049667,0.9679563573374723,0.4066666666666667,0.4490577451461199,True,9,False,1200,10.0,0.15
32,7,Alyson Hannigan,rank,2.1014260999159214e-05,0.26490297176096766,0.26429266088380665,0.0757462391948521,0.5013260011684334,0.42557976197358127,1.6102533846268907,1134.8708947639807,0.9457257456366506,0.025833333333333333,0.03495087620348729,True,8,False,1200,10.0,0.15
32,7,Ariana Madix,rank,0.4628699011011212,0.06149054973635842,0.05910530671051591,0.0007337946700835413,0.19896005915116,0.19822626448107644,3.353724424906572,1134.8708947639807,0.9457257456366506,0.025833333333333333,0.03495087620348729,True,8,False,1200,10.0,0.15
32,7,Barry Williams,rank,2.5933658329325893e-09,0.022715866845210823,0.02431959915624293,1.766837657200674e-07,0.12043182017317047,0.12043164348940476,4.9518370298246035,1134.8708947639807,0.9457257456366506,0.025833333333333333,0.03495087620348729,True,8,False,1200,10.0,0.15
32,7,Charity Lawson,rank,0.008477757961032239,0.2633811435292901,0.26859631387021343,0.07771545048865564,0.5020611728790743,0.4243457223904186,1.5798583994606255,1134.8708947639807,0.9457257456366506,0.025833333333333333,0.03495087620348729,True,8,False,1200,10.0,0.15
32,7,Harry Jowsey,rank,9.54045973372353e-10,0.07567711069388867,0.0824646528383985,0.0020385262904753483,0.2450156014694439,0.24297707517896855,2.9464033426754255,1134.8708947639807,0.9457257456366506,0.025833333333333333,0.03495087620348729,True,8,False,1200,10.0,0.15
32,7,Jason Mraz,rank,0.0031187928610912864,0.21634838187396432,0.2187269928213364,0.05707875434783747,0.44831088282213405,0.39123212847429656,1.7886696779312867,1134.8708947639807,0.9457257456366506,0.025833333333333333,0.03495087620348729,True,8,False,1200,10.0,0.15
32,7,Lele Pons,rank,0.06264262916722314,0.02870733841687158,0.018772346188313548,1.2453820296068533e-06,0.08540904327521935,0.08540779789318974,4.549417937349725,1134.8708947639807,0.9457257456366506,0.025833333333333333,0.03495087620348729,True,8,True,1200,10.0,0.15
32,7,Xochitl Gomez,rank,0.4628699011011212,0.06677663714344852,0.06372212753117235,0.0010562051480466808,0.21714912272885545,0.21609291758080876,3.391122280919114,1134.8708947639807,0.9457257456366506,0.025833333333333333,0.03495087620348729,True,8,False,1200,10.0,0.15
32,8,Alyson Hannigan,rank,3.0430645500978514e-06,0.26365430945682944,0.26258999355261275,0.08076033804726898,0.5016003653636114,0.4208400273163424,1.6026445599781125,1159.9779660736979,0.9666483050614149,0.79,0.840429330718784,True,7,False,1200,10.0,0.15
32,8,Ariana Madix,rank,0.8165676840811231,0.026750395508727126,0.026357179638443477,6.220049885865164e-07,0.11772245481463146,0.11772183280964288,4.466235317629646,1159.9779660736979,0.9666483050614149,0.79,0.840429330718784,True,7,False,1200,10.0,0.15
32,8,Barry Williams,rank,6.789994804053432e-07,0.02260780557256795,0.014293335007784227,1.01720173285521e-07,0.0679310920848666,0.06793099036469331,4.752301546570744,1159.9779660736979,0.9666483050614149,0.79,0.840429330718784,True,7,True,1200,10.0,0.15
32,8,Charity Lawson,rank,0.001227659859966489,0.2666131749398449,0.2689988159103043,0.0838796826268533,0.5071360366860498,0.4232563540591965,1.5734447721716203,1159.9779660736979,0.9666483050614149,0.79,0.840429330718784,True,7,False,1200,10.0,0.15
32,8,Harry Jowsey,rank,1.3815491683715003e-10,0.07531722771108235,0.08070127511226224,0.002099268312205025,0.2554008825920812,0.2533016142798762,3.1387171418341895,1159.9779660736979,0.9666483050614149,0.79,0.840429330718784,True,7,False,1200,10.0,0.15
32,8,Jason Mraz,rank,5.5735671414700596e-08,0.21689648832601183,0.2208829834260501,0.049875155414236,0.43898993731659736,0.3891147819023614,1.7616251566408092,1159.9779660736979,0.9666483050614149,0.79,0.840429330718784,True,7,False,1200,10.0,0.15
32,8,Xochitl Gomez,rank,0.18220087812105346,0.12816059848493658,0.12617641735254181,0.010686120892922799,0.3130593130486812,0.30237319215575836,2.396412912073819,1159.9779660736979,0.9666483050614149,0.79,0.840429330718784,True,7,False,1200,10.0,0.15
32,9,Alyson Hannigan,rank,1.071339999351587e-07,0.26745077796000366,0.27045149533184126,0.08489031549024957,0.4965545739503667,0.4116642584601171,1.5221314854389165,1075.9023316642267,0.8965852763868556,0.6741666666666667,0.8011445090103602,True,6,False,1200,10.0,0.15
32,9,Ariana Madix,rank,7.125928367144602e-05,0.1833218882872061,0.1912288116011608,0.03848676596965117,0.41024021965417096,0.3717534536845198,1.9440141187811701,1075.9023316642267,0.8965852763868556,0.6741666666666667,0.8011445090103602,True,6,False,1200,10.0,0.15
32,9,Charity Lawson,rank,0.0005265388446179275,0.27089441704021683,0.28124844982693664,0.09104636406845623,0.5167778552002171,0.4257314911317609,1.5137149295535672,1075.9023316642267,0.8965852763868556,0.6741666666666667,0.8011445090103602,True,6,False,1200,10.0,0.15
32,9,Harry Jowsey,rank,1.4499010225495948e-08,0.07640122452802664,0.054361232387715716,0.0011558138471736061,0.1685401611687934,0.16738434732161978,3.079055807123987,1075.9023316642267,0.8965852763868556,0.6741666666666667,0.8011445090103602,True,6,True,1200,10.0,0.15
32,9,Jason Mraz,rank,0.9520045639279034,0.023718360669969726,0.02243457154188991,1.9789652934181371e-07,0.10866001430484698,0.10865981640831764,4.843193595734198,1075.9023316642267,0.8965852763868556,0.6741666666666667,0.8011445090103602,True,6,False,1200,10.0,0.15
32,9,Xochitl Gomez,rank,0.04739751631079703,0.17821333151457713,0.18027543931045642,0.03598707412112216,0.4059631010330979,0.36997602691197573,2.0522705480932824,1075.9023316642267,0.8965852763868556,0.6741666666666667,0.8011445090103602,True,6,False,1200,10.0,0.15
32,10,Alyson Hannigan,rank,2.381721888137668e-05,0.29861200292811985,0.29899666917570333,0.09818404722650538,0.5566172606664576,0.4584332134399522,1.5332334017980522,1199.9999999999998,0.9999999999999998,,,False,5,False,1200,10.0,0.15
32,10,Ariana Madix,rank,0.01584182386133389,0.1972770850277437,0.19483102983392098,0.03815467293969552,0.42158508847557186,0.3834304155358763,1.9680050341964854,1199.9999999999998,0.9999999999999998,,,False,5,False,1200,10.0,0.15
32,10,Charity Lawson,rank,0.11705612522077433,0.23029084806916597,0.229931451230461,0.05255839233182867,0.4579981660214445,0.4054397736896158,1.7632994886974178,1199.9999999999998,0.9999999999999998,,,False,5,False,1200,10.0,0.15
32,10,Jason Mraz,rank,0.002143957719258152,0.24443731397540677,0.2480322026663709,0.06282377684315828,0.47719892966597555,0.4143751528228173,1.6706438830296146,1199.9999999999998,0.9999999999999998,,,False,5,False,1200,10.0,0.15
32,10,Xochitl Gomez,rank,0.8649342759797524,0.029382749999563775,0.02820864709354364,1.905316975148719e-06,0.13190504831201252,0.1319031429950374,4.675816842289605,1199.9999999999998,0.9999999999999998,,,False,5,False,1200,10.0,0.15
32,11,Alyson Hannigan,rank,8.95991437168287e-05,0.32914467588217333,0.32851487934683554,0.12481840302114236,0.5790002594863334,0.45418185646519105,1.3825263404868227,1199.9999999999998,0.9999999999999998,,,False,5,True,1200,10.0,0.15
32,11,Ariana Madix,rank,0.05959612077118793,0.1963190234192765,0.20009400590091858,0.041348303380192304,0.4282413685524888,0.3868930651722965,1.9335468340667885,1199.9999999999998,0.9999999999999998,,,False,5,True,1200,10.0,0.15
32,11,Charity Lawson,rank,0.05959612077118793,0.2904094519897541,0.2898517176551527,0.08953071465311367,0.5502369494744412,0.46070623482132755,1.5894494229633027,1199.9999999999998,0.9999999999999998,,,False,5,True,1200,10.0,0.15
32,11,Jason Mraz,rank,0.4403590796569537,0.09665496458745,0.09864341440322097,0.005158625758155773,0.27485424552296234,0.26969561976480655,2.7340181539564226,1199.9999999999998,0.9999999999999998,,,False,5,True,1200,10.0,0.15
32,11,Xochitl Gomez,rank,0.4403590796569537,0.08747188412134621,0.0828959826938723,0.0028835115779119566,0.24838038460723386,0.2454968730293219,2.9614693448603515,1199.9999999999998,0.9999999999999998,,,False,5,True,1200,10.0,0.15
33,1,Anna Delvey,rank,6.975337358399048e-10,0.05784917000761399,0.0583140166162417,0.0004441307246601541,0.2132956590256747,0.21285152830101456,3.6500294547070724,1199.9999999999998,0.9999999999999998,,,False,13,False,1200,10.0,0.15
33,1,Brooks Nader,rank,6.975337358399048e-10,0.013417068481140826,0.014240171474969116,1.5276223090139524e-11,0.08642072907905698,0.08642072906378076,6.068372199272896,1199.9999999999998,0.9999999999999998,,,False,13,False,1200,10.0,0.15
33,1,Chandler Kinney,rank,0.9199184661585247,0.01677288186498862,0.016654134113072646,9.187583056094201e-10,0.08844336650392673,0.08844336558516842,5.310276397939603,1199.9999999999998,0.9999999999999998,,,False,13,False,1200,10.0,0.15
33,1,Danny Amendola,rank,9.318860165294653e-06,0.20721705744291855,0.2048688018047386,0.03970577246014197,0.4450101431340582,0.4053043706739162,1.9783509678025257,1199.9999999999998,0.9999999999999998,,,False,13,False,1200,10.0,0.15
33,1,Dwight Howard,rank,0.07551150602872159,0.029167773782580626,0.03305244727401344,2.143569460743486e-06,0.1493556759341563,0.14935353236469556,4.51854631459627,1199.9999999999998,0.9999999999999998,,,False,13,False,1200,10.0,0.15
33,1,Eric Roberts,rank,7.066082032260785e-15,0.02031317764934477,0.02140500507653604,1.7636084818148002e-08,0.1067897248026645,0.10678970716657969,4.988773327146226,1199.9999999999998,0.9999999999999998,,,False,13,False,1200,10.0,0.15
33,1,Ilona Maher,rank,6.975337358399048e-10,0.2137093836881027,0.20955855629034975,0.03911719119042026,0.4403500722101591,0.40123288101973886,1.9146484566125974,1199.9999999999998,0.9999999999999998,,,False,13,False,1200,10.0,0.15
33,1,Jenn Tran,rank,1.0352318531662243e-07,0.02449672884481482,0.025641236287634213,2.8524319929830763e-07,0.1219452629074343,0.121944977664235,4.755629590818571,1199.9999999999998,0.9999999999999998,,,False,13,False,1200,10.0,0.15
33,1,Joey Graziadei,rank,0.002280249900346021,0.13076321924951234,0.12960489243823622,0.01568743890644227,0.33076246167740697,0.3150750227709647,2.431023905190992,1199.9999999999998,0.9999999999999998,,,False,13,False,1200,10.0,0.15
33,1,Phaedra Parks,rank,1.0352318531662243e-07,0.015174946645594186,0.013915671346062978,2.7621726549666537e-10,0.07334959211299444,0.07334959183677717,5.27062758132373,1199.9999999999998,0.9999999999999998,,,False,13,False,1200,10.0,0.15
33,1,Reginald VelJohnson,rank,1.4192605156124694e-13,0.01697697378942525,0.01666347032821757,6.639257790128465e-10,0.09257905683265392,0.09257905616872815,5.55547547238667,1199.9999999999998,0.9999999999999998,,,False,13,False,1200,10.0,0.15
33,1,Stephen Nedoroscik,rank,0.002280249900346021,0.22037058382369978,0.22149251845524198,0.04765375778109775,0.46439969136977877,0.416745933588681,1.8815265407998583,1199.9999999999998,0.9999999999999998,,,False,13,False,1200,10.0,0.15
33,1,Tori Spelling,rank,1.2775776018353396e-11,0.033771034730263924,0.03458907849468573,1.2623447253261078e-05,0.14286632837104526,0.142853704923792,4.1299040401350755,1199.9999999999998,0.9999999999999998,,,False,13,False,1200,10.0,0.15
33,2,Anna Delvey,rank,4.1895323484422865e-13,0.057596954168854256,0.05852429634724032,0.0006083736059044186,0.2025547353229222,0.2019463617170178,3.4505824715322486,1199.9999999999998,0.9999999999999998,,,False,13,True,1200,10.0,0.15
33,2,Brooks Nader,rank,4.135729159510024e-08,0.013358570287328052,0.012836296623721155,1.9382908200571537e-11,0.07648234033030313,0.07648234031092022,5.957822939885473,1199.9999999999998,0.9999999999999998,,,False,13,False,1200,10.0,0.15
33,2,Chandler Kinney,rank,0.998983424495483,0.013879335504228905,0.013269380786098108,3.777311602046155e-12,0.07809422398911989,0.07809422398534258,5.88485177962287,1199.9999999999998,0.9999999999999998,,,False,13,False,1200,10.0,0.15
33,2,Danny Amendola,rank,3.7228647477501054e-06,0.2063163155103879,0.2083658860744895,0.04504207580723314,0.436546848510555,0.39150477270332185,1.8789203029283743,1199.9999999999998,0.9999999999999998,,,False,13,False,1200,10.0,0.15
33,2,Dwight Howard,rank,0.0003351216048123053,0.034625473005544666,0.03020950416466881,1.556181217305085e-05,0.12488416272351857,0.12486860091134552,4.133284245463846,1199.9999999999998,0.9999999999999998,,,False,13,False,1200,10.0,0.15
33,2,Eric Roberts,rank,1.2651291468611819e-14,0.0202246144591318,0.02073383686531144,1.7610623060800167e-08,0.10734479668467849,0.10734477907405543,5.177025494405456,1199.9999999999998,0.9999999999999998,,,False,13,False,1200,10.0,0.15
33,2,Ilona Maher,rank,3.7228647477501054e-06,0.21277578153124413,0.21232717432135934,0.050065104825758926,0.437003123368452,0.38693801854269305,1.8223583364733367,1199.9999999999998,0.9999999999999998,,,False,13,False,1200,10.0,0.15
33,2,Jenn Tran,rank,4.5943800916104617e-10,0.02438993171922795,0.027176761935375174,2.5147980997838777e-07,0.1303875047775849,0.13038725329777492,4.797571397078874,1199.9999999999998,0.9999999999999998,,,False,13,False,1200,10.0,0.15
33,2,Joey Graziadei,rank,0.0003351216048123053,0.13078698237747746,0.1265774045499491,0.013359670188629751,0.3308480649994735,0.31748839481084373,2.508235081171051,1199.9999999999998,0.9999999999999998,,,False,13,False,1200,10.0,0.15
33,2,Phaedra Parks,rank,3.7228647477501054e-06,0.015108657623318537,0.014801007327698429,2.678723151714317e-10,0.0863120900978399,0.08631208982996758,5.831107086972932,1199.9999999999998,0.9999999999999998,,,False,13,False,1200,10.0,0.15
33,2,Reginald VelJohnson,rank,1.2651291468611819e-14,0.016902956076155582,0.01812793273934624,2.9019142943273344e-09,0.09927546613417383,0.09927546323225954,5.476078744381705,1199.9999999999998,0.9999999999999998,,,False,13,False,1200,10.0,0.15
33,2,Stephen Nedoroscik,rank,0.0003351216048123053,0.22041063097467392,0.22311946727990947,0.05400558871792328,0.4622618663748333,0.40825627765691,1.8297571828977197,1199.9999999999998,0.9999999999999998,,,False,13,False,1200,10.0,0.15
33,2,Tori Spelling,rank,2.7866323879350823e-10,0.033623796762426855,0.0339310509848329,2.2448633483543978e-05,0.15243168176338612,0.15240923312990257,4.491600970363598,1199.9999999999998,0.9999999999999998,,,False,13,True,1200,10.0,0.15
33,3,Brooks Nader,rank,2.236269978592214e-07,0.015451146302370081,0.014886440055575257,1.73478350527173e-10,0.08787890939713888,0.08787890922366053,5.9028892069829295,1199.9999999999998,0.9999999999999998,,,False,11,False,1200,10.0,0.15
33,3,Chandler Kinney,rank,0.268934785680407,0.08859399265237118,0.08779912356203973,0.0038662562756760738,0.25762763240185155,0.2537613761261755,2.89021661737033,1199.9999999999998,0.9999999999999998,,,False,11,False,1200,10.0,0.15
33,3,Danny Amendola,rank,3.0264623094631105e-08,0.23863724999882538,0.24251233033544678,0.06648244766713485,0.47158741159418943,0.4051049639270546,1.6704441086463555,1199.9999999999998,0.9999999999999998,,,False,11,False,1200,10.0,0.15
33,3,Dwight Howard,rank,1.127857536573724e-13,0.04008087156883066,0.039465229156290985,4.379218307583899e-05,0.15914821434289164,0.1591044221598158,4.031406738397612,1199.9999999999998,0.9999999999999998,,,False,11,False,1200,10.0,0.15
33,3,Eric Roberts,rank,7.599444303952853e-16,0.023392743644260198,0.020470575086471397,1.746319103194904e-07,0.1023806156659194,0.10238044103400908,5.001102289469998,1199.9999999999998,0.9999999999999998,,,False,11,True,1200,10.0,0.15
33,3,Ilona Maher,rank,2.7597763994298818e-11,0.2461086552347499,0.24864818898527508,0.0628612630055336,0.501094356748911,0.4382330937433774,1.762455351379929,1199.9999999999998,0.9999999999999998,,,False,11,False,1200,10.0,0.15
33,3,Jenn Tran,rank,1.2209620380579395e-05,0.028209740317105526,0.029568634865284424,2.2992525297844887e-06,0.13929305780482243,0.13929075855229264,4.710601236264296,1199.9999999999998,0.9999999999999998,,,False,11,False,1200,10.0,0.15
33,3,Joey Graziadei,rank,0.7310405409555782,0.027369278925912996,0.02843999784669085,2.869353449814937e-06,0.13125789543910207,0.13125502608565226,4.614993707083451,1199.9999999999998,0.9999999999999998,,,False,11,False,1200,10.0,0.15
33,3,Phaedra Parks,rank,2.0392142635892237e-10,0.017475538718663516,0.015931553248308555,1.1544385336203665e-09,0.08431158571247997,0.08431158455804144,5.291781125350527,1199.9999999999998,0.9999999999999998,,,False,11,False,1200,10.0,0.15
33,3,Reginald VelJohnson,rank,1.391886776262483e-17,0.019550756782963783,0.020587996579094145,8.97286012553186e-09,0.10685567564724162,0.1068556666743815,5.189940474461084,1199.9999999999998,0.9999999999999998,,,False,11,True,1200,10.0,0.15
33,3,Stephen Nedoroscik,rank,1.2209620380579395e-05,0.2551300258539468,0.2516899302795228,0.06275140256604271,0.502101944812297,0.43935054224625425,1.745595448188461,1199.9999999999998,0.9999999999999998,,,False,11,False,1200,10.0,0.15
33,4,Brooks Nader,rank,3.4127906213502016e-08,0.017365746574954682,0.011436556947239232,6.38945879188874e-10,0.061128235860540656,0.06112823522159477,5.344518545662827,1160.6099265496848,0.967174938791404,0.38,0.4167642934436313,True,9,True,1200,10.0,0.15
33,4,Chandler Kinney,rank,3.4127906213502016e-08,0.18681567956615372,0.1902742284847358,0.041533846078471624,0.4146734886501666,0.373139642571695,1.9610521324462837,1160.6099265496848,0.967174938791404,0.38,0.4167642934436313,True,9,False,1200,10.0,0.15
33,4,Danny Amendola,rank,0.4999983786316574,0.0832530926414279,0.07627237860585866,0.003156854744687334,0.23206113059644143,0.2289042758517541,3.0011031376309276,1160.6099265496848,0.967174938791404,0.38,0.4167642934436313,True,9,False,1200,10.0,0.15
33,4,Dwight Howard,rank,9.397613608610196e-13,0.045047398810173604,0.04616349388603416,7.091392832998678e-05,0.17534186734676122,0.17527095341843124,3.7966614309932853,1160.6099265496848,0.967174938791404,0.38,0.4167642934436313,True,9,False,1200,10.0,0.15
33,4,Ilona Maher,rank,3.4127906213502016e-08,0.2766046102420867,0.2835945079127644,0.08352400255580301,0.5223273521268507,0.43880334957104766,1.5472859665535539,1160.6099265496848,0.967174938791404,0.38,0.4167642934436313,True,9,False,1200,10.0,0.15
33,4,Jenn Tran,rank,3.4127906213502016e-08,0.03170618738207614,0.029361774122018357,4.927260251331006e-06,0.13482550961654854,0.1348205823562972,4.591547848852567,1160.6099265496848,0.967174938791404,0.38,0.4167642934436313,True,9,False,1200,10.0,0.15
33,4,Joey Graziadei,rank,0.4999983786316574,0.05281631175266866,0.0490717096451703,0.00034517475330794886,0.17296033975154235,0.1726151649982344,3.517538897818394,1160.6099265496848,0.967174938791404,0.38,0.4167642934436313,True,9,False,1200,10.0,0.15
33,4,Phaedra Parks,rank,3.4127906213502016e-08,0.019640977573218272,0.0223253889518374,5.15761006154116e-09,0.1194242484644117,0.11942424330680164,5.349017414523424,1160.6099265496848,0.967174938791404,0.38,0.4167642934436313,True,9,False,1200,10.0,0.15
33,4,Stephen Nedoroscik,rank,3.072096214632705e-06,0.2867499954572404,0.2914999614443414,0.0947510760351319,0.5439101774404015,0.4491591014052696,1.540849468145,1160.6099265496848,0.967174938791404,0.38,0.4167642934436313,True,9,False,1200,10.0,0.15
33,5,Chandler Kinney,rank,0.9856273970464363,0.016778907341571076,0.016609588310174755,1.424962941982925e-09,0.09054680383068589,0.09054680240572295,5.4511496350950335,1162.8460353795485,0.9690383628162904,0.56,0.6085910265617515,True,8,False,1200,10.0,0.15
33,5,Danny Amendola,rank,0.000545135108095877,0.24143863789387546,0.2435281889060985,0.06297225318604743,0.48379496251767573,0.4208227093316283,1.7280175375358875,1162.8460353795485,0.9690383628162904,0.56,0.6085910265617515,True,8,False,1200,10.0,0.15
33,5,Dwight Howard,rank,4.0804360377005856e-08,0.04060313406678061,0.04030961025905641,6.629991788871185e-05,0.1615142160526559,0.1614479161347672,4.005097295655438,1162.8460353795485,0.9690383628162904,0.56,0.6085910265617515,True,8,False,1200,10.0,0.15
33,5,Ilona Maher,rank,0.0066411051621454555,0.245471461698291,0.24746784187533444,0.07887543231781492,0.4818612854087094,0.4029858530908945,1.628430674492362,1162.8460353795485,0.9690383628162904,0.56,0.6085910265617515,True,8,False,1200,10.0,0.15
33,5,Jenn Tran,rank,0.000545135108095877,0.02854171077410885,0.028252997244261824,2.267588927658701e-06,0.12501878611631256,0.1250165185273849,4.424737407829075,1162.8460353795485,0.9690383628162904,0.56,0.6085910265617515,True,8,False,1200,10.0,0.15
33,5,Joey Graziadei,rank,0.0066411051621454555,0.15100109016576535,0.1539072636443527,0.021366363344007145,0.3525376522688675,0.33117128892486036,2.151744689226841,1162.8460353795485,0.9690383628162904,0.56,0.6085910265617515,True,8,False,1200,10.0,0.15
33,5,Phaedra Parks,rank,4.0804360377005856e-08,0.017703248807924434,0.011785732298152586,7.745284417356657e-10,0.060277332604012294,0.06027733182948385,5.113998545545276,1162.8460353795485,0.9690383628162904,0.56,0.6085910265617515,True,8,True,1200,10.0,0.15
33,5,Stephen Nedoroscik,rank,4.0804360377005856e-08,0.25846180925168327,0.2581387774625688,0.06495496488871193,0.49593846808944164,0.4309835032007297,1.6695741641879422,1162.8460353795485,0.9690383628162904,0.56,0.6085910265617515,True,8,False,1200,10.0,0.15
33,6,Chandler Kinney,rank,0.2244946559826064,0.10561769981941924,0.10325734230631967,0.006689134727010814,0.28520202969401437,0.27851289496700354,2.697243522860214,1146.1211470101946,0.9551009558418289,0.4766666666666667,0.5414779758478019,True,7,False,1200,10.0,0.15
33,6,Danny Amendola,rank,4.5677561504386576e-05,0.25636970402783216,0.2598701182472819,0.07800189757253471,0.4933331120745931,0.4153312145020584,1.5982199842109717,1146.1211470101946,0.9551009558418289,0.4766666666666667,0.5414779758478019,True,7,False,1200,10.0,0.15
33,6,Dwight Howard,rank,0.08258696858885643,0.03549700716506963,0.037463099861021254,1.3871241158420602e-05,0.16481019197987085,0.16479632073871242,4.398779667736561,1146.1211470101946,0.9551009558418289,0.4766666666666667,0.5414779758478019,True,7,False,1200,10.0,0.15
33,6,Ilona Maher,rank,3.0777298846402333e-07,0.26442433769435275,0.2677096798805342,0.08664903866664656,0.5149466659706107,0.42829762730396415,1.5998526001842432,1146.1211470101946,0.9551009558418289,0.4766666666666667,0.5414779758478019,True,7,False,1200,10.0,0.15
33,6,Jenn Tran,rank,0.08258696858885643,0.024984236166202264,0.016409616545239678,3.9258755439764413e-07,0.07943244591230764,0.07943205332475324,4.840284525921395,1146.1211470101946,0.9551009558418289,0.4766666666666667,0.5414779758478019,True,7,True,1200,10.0,0.15
33,6,Joey Graziadei,rank,0.6102397439436836,0.03901119333893523,0.03709317655327206,5.661930010874741e-05,0.14765914497283997,0.14760252567273122,3.9791293239992753,1146.1211470101946,0.9551009558418289,0.4766666666666667,0.5414779758478019,True,7,False,1200,10.0,0.15
33,6,Stephen Nedoroscik,rank,4.5677561504386576e-05,0.2740958217881886,0.278196966606332,0.1016259902669268,0.5093196183122725,0.40769362804534565,1.4654802586039688,1146.1211470101946,0.9551009558418289,0.4766666666666667,0.5414779758478019,True,7,False,1200,10.0,0.15
33,7,Chandler Kinney,rank,0.9864472010459637,0.017539603319551397,0.01861578670609872,2.5396351138134847e-09,0.10540486279836794,0.10540486025873283,5.6618181173125315,1134.8082806748687,0.9456735672290573,0.83,0.8974640055898918,True,6,False,1200,10.0,0.15
33,7,Danny Amendola,rank,2.7163253387802034e-05,0.25317582669950434,0.25559390154232653,0.07023872063494124,0.49227859608377506,0.4220398754488338,1.6512061582689435,1134.8082806748687,0.9456735672290573,0.83,0.8974640055898918,True,6,False,1200,10.0,0.15
33,7,Dwight Howard,rank,3.0175648785249137e-07,0.042525401464745295,0.02893773554011263,3.264197442487393e-05,0.11251901100509713,0.11248636903067226,3.887051971388051,1134.8082806748687,0.9456735672290573,0.83,0.8974640055898918,True,6,True,1200,10.0,0.15
33,7,Ilona Maher,rank,0.0001217372558229358,0.2610446259428029,0.2623036833769416,0.07463167886245911,0.4964851682299224,0.42185348936746325,1.6082575573431304,1134.8082806748687,0.9456735672290573,0.83,0.8974640055898918,True,6,False,1200,10.0,0.15
33,7,Joey Graziadei,rank,0.010958438541578424,0.15656049285305507,0.16401329988569235,0.025859024581638784,0.37240726208390845,0.34654823750226965,2.112914774771419,1134.8082806748687,0.9456735672290573,0.83,0.8974640055898918,True,6,False,1200,10.0,0.15
33,7,Stephen Nedoroscik,rank,0.0024451581467591194,0.26915404972034107,0.27053559294882845,0.08354355668994481,0.512011588164533,0.4284680314745881,1.5837710780797487,1134.8082806748687,0.9456735672290573,0.83,0.8974640055898918,True,6,False,1200,10.0,0.15
33,8,Chandler Kinney,rank,0.44966319291577483,0.07263631629992093,0.07478167553663748,0.001613533863867263,0.24001891946605625,0.238405385602189,3.187976144092218,1199.9999999999998,0.9999999999999998,,,False,5,False,1200,10.0,0.15
33,8,Danny Amendola,rank,0.00024870168383248515,0.2984566151121409,0.29734488903750417,0.08796817834639502,0.54356768756284,0.455599509216445,1.5322206427376581,1199.9999999999998,0.9999999999999998,,,False,5,False,1200,10.0,0.15
33,8,Ilona Maher,rank,0.10033342024815113,0.24353945167623298,0.24162845168761374,0.061356651562333324,0.4662173818182073,0.404860730255874,1.675543802413999,1199.9999999999998,0.9999999999999998,,,False,5,False,1200,10.0,0.15
33,8,Joey Graziadei,rank,0.44966319291577483,0.06615748324095584,0.06644673946897937,0.000978712612168212,0.23253986692512657,0.23156115431295834,3.484861278404526,1199.9999999999998,0.9999999999999998,,,False,5,False,1200,10.0,0.15
33,8,Stephen Nedoroscik,rank,9.149223646669135e-05,0.31921013367074935,0.31979824426926534,0.11021187262412956,0.5719973016947137,0.4617854290705842,1.44398536690027,1199.9999999999998,0.9999999999999998,,,False,5,False,1200,10.0,0.15
33,9,Chandler Kinney,rank,0.8206571671594,0.028894084258624483,0.02712090056506839,2.4727020241615044e-06,0.12383473871922987,0.1238322660172057,4.565766536903217,1199.9999999999998,0.9999999999999998,,,False,5,True,1200,10.0,0.15
33,9,Danny Amendola,rank,0.0001669777753188187,0.2828803310213188,0.28359772890931945,0.08881571056503694,0.5182456110627296,0.42942990049769264,1.514216590988328,1199.9999999999998,0.9999999999999998,,,False,5,True,1200,10.0,0.15
33,9,Ilona Maher,rank,0.0007483424706357149,0.2913403396282533,0.2868726584062969,0.08973095061303189,0.5338201793224417,0.44408922870940987,1.5480306946845912,1199.9999999999998,0.9999999999999998,,,False,5,True,1200,10.0,0.15
33,9,Joey Graziadei,rank,0.11106387015767362,0.13844689259008347,0.14117169509995375,0.015820804033918192,0.34661791259208535,0.3307971085581672,2.3432088501530317,1199.9999999999998,0.9999999999999998,,,False,5,True,1200,10.0,0.15
33,9,Stephen Nedoroscik,rank,0.06736364243697204,0.25843835250171987,0.2612370170193617,0.078687663604451,0.5049598687058586,0.4262722051014076,1.6317387873519742,1199.9999999999998,0.9999999999999998,,,False,5,True,1200,10.0,0.15
34,1,Alix Earle,rank,0.0017034381849345684,0.18849958926682167,0.18660285277719738,0.03354316663932439,0.4127391920262149,0.3791960253868905,2.032091083562169,1199.9999999999998,0.9999999999999998,,,False,14,False,1200,10.0,0.15
34,1,Andy Richter,rank,3.1605444950778373e-10,0.012423343230719672,0.01233542306826543,2.0376158540375174e-12,0.07305639048112007,0.07305639047908245,5.922007544230128,1199.9999999999998,0.9999999999999998,,,False,14,False,1200,10.0,0.15
34,1,Baron Davis,rank,6.348123315326343e-09,0.029148641749853918,0.028798813029899596,3.595564009678723e-06,0.13049834014473483,0.13049474458072516,4.531096936124105,1199.9999999999998,0.9999999999999998,,,False,14,False,1200,10.0,0.15
34,1,Corey Feldman,rank,3.1605444950778373e-10,0.022947121265091634,0.02592442945836726,1.4273389673331709e-07,0.12260924325100084,0.12260910051710411,4.729298726333455,1199.9999999999998,0.9999999999999998,,,False,14,False,1200,10.0,0.15
34,1,Danielle Fishel,rank,5.1439376006687456e-05,0.022333634020190476,0.023108829380393558,1.847876847054016e-07,0.1109563274913868,0.11095614270370209,4.801253219023659,1199.9999999999998,0.9999999999999998,,,False,14,False,1200,10.0,0.15
34,1,Dylan Efron,rank,6.348123315326343e-09,0.19546902602054983,0.1944078006189475,0.04045082494795315,0.4239364038745569,0.38348557892660373,1.972573143323165,1199.9999999999998,0.9999999999999998,,,False,14,False,1200,10.0,0.15
34,1,Elaine Hendrix,rank,5.1439376006687456e-05,0.218166279773715,0.21116663116898646,0.05130054358683293,0.4357154076884478,0.38441486410161485,1.820425137951127,1199.9999999999998,0.9999999999999998,,,False,14,False,1200,10.0,0.15
34,1,Hilaria Baldwin,rank,0.05641012537780273,0.012733651852787842,0.013108078592211648,5.0074880350182346e-12,0.0733297324141277,0.0733297324091202,5.593812859790679,1199.9999999999998,0.9999999999999998,,,False,14,False,1200,10.0,0.15
34,1,Jen Affleck,rank,5.1439376006687456e-05,0.017232074517385596,0.01828034747701567,8.994155626092349e-10,0.10365814977534814,0.10365814887593258,5.670159106502264,1199.9999999999998,0.9999999999999998,,,False,14,False,1200,10.0,0.15
34,1,Jordan Chiles,rank,6.348123315326343e-09,0.2151385946123314,0.21694515082816215,0.048663235224652934,0.442992643722988,0.3943294084983351,1.8176372661742866,1199.9999999999998,0.9999999999999998,,,False,14,False,1200,10.0,0.15
34,1,Lauren Jauregui,rank,0.0017034381849345684,0.013074326548810557,0.014830610300577245,8.898863165186664e-12,0.08418874985568921,0.08418874984679034,5.67630541395183,1199.9999999999998,0.9999999999999998,,,False,14,False,1200,10.0,0.15
34,1,Robert Irwin,rank,0.6872160117376075,0.03057031076104756,0.03215152769095077,2.6134906813454904e-06,0.13766002179209486,0.13765740830141351,4.281386820488044,1199.9999999999998,0.9999999999999998,,,False,14,False,1200,10.0,0.15
34,1,Scott Hoying,rank,6.348123315326343e-09,0.015198498121413455,0.015368527984905147,5.5541015351200326e-11,0.08212622790078791,0.0821262278452469,5.343445024850823,1199.9999999999998,0.9999999999999998,,,False,14,False,1200,10.0,0.15
34,1,Whitney Leavitt,rank,0.2528126423620984,0.007064908259281251,0.006970977624120719,3.822062267191218e-19,0.048534235760423136,0.048534235760423136,6.961329823049181,1199.9999999999998,0.9999999999999998,,,False,14,False,1200,10.0,0.15
34,2,Alix Earle,rank,0.0018543961602128396,0.20012400983951573,0.20458407998585415,0.04149460072661831,0.4413944622071814,0.3998998614805631,1.9546873188807992,1199.9999999999998,0.9999999999999998,,,False,14,False,1200,10.0,0.15
34,2,Andy Richter,rank,5.172778920452367e-13,0.013194127221201503,0.011642092194565763,2.253215837737223e-12,0.06554730729141034,0.06554730728915713,5.62971641843997,1199.9999999999998,0.9999999999999998,,,False,14,False,1200,10.0,0.15
34,2,Baron Davis,rank,1.2657372692211176e-10,0.030957117238484547,0.03194464651788076,2.130944351515942e-06,0.13366662365668436,0.13366449271233286,4.184122322818465,1199.9999999999998,0.9999999999999998,,,False,14,True,1200,10.0,0.15
34,2,Corey Feldman,rank,7.000595003198006e-14,0.024370834139365177,0.02475041509212531,4.1762268742308153e-07,0.12252871233054782,0.1225282947078604,4.950355131284713,1199.9999999999998,0.9999999999999998,,,False,14,True,1200,10.0,0.15
34,2,Danielle Fishel,rank,1.8785206671897456e-08,0.023722138044607738,0.025845492986802013,4.6495210672332316e-07,0.13100979500889823,0.1310093300567915,5.06874685566389,1199.9999999999998,0.9999999999999998,,,False,14,False,1200,10.0,0.15
34,2,Dylan Efron,rank,4.596588518529313e-06,0.20759432049852275,0.2034846118417639,0.038491533074515756,0.43051664340225326,0.3920251103277375,1.9265495323206794,1199.9999999999998,0.9999999999999998,,,False,14,False,1200,10.0,0.15
34,2,Elaine Hendrix,rank,0.0018543961602128396,0.23072664174701685,0.23565529438402555,0.05596724888649834,0.48412718274637834,0.42815993385988,1.816883079567357,1199.9999999999998,0.9999999999999998,,,False,14,False,1200,10.0,0.15
34,2,Hilaria Baldwin,rank,0.0018543961602128396,0.015364967380701856,0.015832496876211608,3.5291235287810173e-10,0.08885043777757531,0.08885043742466296,5.611548612369557,1199.9999999999998,0.9999999999999998,,,False,14,False,1200,10.0,0.15
34,2,Jen Affleck,rank,0.2752167923648753,0.009613290569919863,0.010881880875128175,8.891057814783418e-16,0.07118388240989892,0.07118388240989804,6.540904308948402,1199.9999999999998,0.9999999999999998,,,False,14,False,1200,10.0,0.15
34,2,Jordan Chiles,rank,0.2752167923648753,0.12000533934274674,0.11300456392719317,0.010236806087500399,0.30197097257655,0.2917341664890496,2.5815911743691404,1199.9999999999998,0.9999999999999998,,,False,14,False,1200,10.0,0.15
34,2,Lauren Jauregui,rank,0.0018543961602128396,0.013880596053689867,0.013344404086957558,9.562266394589478e-12,0.06887286041806365,0.06887286040850138,5.160792431591541,1199.9999999999998,0.9999999999999998,,,False,14,False,1200,10.0,0.15
34,2,Robert Irwin,rank,0.2752167923648753,0.08513196422092442,0.08245490348639453,0.0029401052523881036,0.23737297832109958,0.23443287306871147,2.8431302448513414,1199.9999999999998,0.9999999999999998,,,False,14,False,1200,10.0,0.15
34,2,Scott Hoying,rank,1.2657372692211176e-10,0.016141461829721163,0.017459638437752487,3.026362263742838e-10,0.0970831639546723,0.09708316365203608,5.5601153416090385,1199.9999999999998,0.9999999999999998,,,False,14,False,1200,10.0,0.15
34,2,Whitney Leavitt,rank,0.16692742263706267,0.009173191873581798,0.00911547930734473,5.468841664902893e-17,0.04780526492694073,0.04780526492694068,5.243829697329118,1199.9999999999998,0.9999999999999998,,,False,14,False,1200,10.0,0.15
34,3,Alix Earle,rank,0.00550448921854225,0.20354009609518756,0.19994824912729994,0.0466505680335559,0.4261300966233556,0.3794795285897997,1.8978792380870597,1171.632375436271,0.9763603128635593,0.2775,0.29825987643628926,True,12,False,1200,10.0,0.15
34,3,Andy Richter,rank,4.17381221243862e-12,0.013534445489658223,0.015090558675930094,3.891445848290616e-11,0.08843877531932753,0.08843877528041308,5.860148522727894,1171.632375436271,0.9763603128635593,0.2775,0.29825987643628926,True,12,False,1200,10.0,0.15
34,3,Danielle Fishel,rank,4.1202109060500645e-07,0.02433398461888634,0.026864070596509013,7.328860844469748e-07,0.13195243680872895,0.1319517039226445,4.911645530527323,1171.632375436271,0.9763603128635593,0.2775,0.29825987643628926,True,12,False,1200,10.0,0.15
34,3,Dylan Efron,rank,0.003338641477103509,0.21129411306641732,0.20773430463024234,0.04361322506385352,0.4346459256332239,0.3910327005693704,1.8823603492212726,1171.632375436271,0.9763603128635593,0.2775,0.29825987643628926,True,12,False,1200,10.0,0.15
34,3,Elaine Hendrix,rank,4.1202109060500645e-07,0.23770672034715995,0.24418343169736645,0.06460525526178537,0.4832153491995777,0.41861009393779236,1.7143193406228407,1171.632375436271,0.9763603128635593,0.2775,0.29825987643628926,True,12,False,1200,10.0,0.15
34,3,Hilaria Baldwin,rank,3.7088956611575064e-05,0.01582843906775324,0.01623959214235541,4.773879379343087e-10,0.09450299413934321,0.09450299366195528,5.818937686113783,1171.632375436271,0.9763603128635593,0.2775,0.29825987643628926,True,12,False,1200,10.0,0.15
34,3,Jen Affleck,rank,1.382176778056144e-10,0.018775513200624396,0.018854281307797323,1.6148014625643957e-08,0.09453098200567833,0.09453096585766371,5.013500690576906,1171.632375436271,0.9763603128635593,0.2775,0.29825987643628926,True,12,False,1200,10.0,0.15
34,3,Jordan Chiles,rank,0.49549832872782446,0.07352288897605837,0.06920591578116662,0.0013614774532988458,0.22295866992278987,0.22159719246949103,3.2019515675309806,1171.632375436271,0.9763603128635593,0.2775,0.29825987643628926,True,12,False,1200,10.0,0.15
34,3,Lauren Jauregui,rank,4.17381221243862e-12,0.014300533827387362,0.009357844954024974,7.824468851369531e-12,0.05539986334877195,0.05539986334094748,5.919519301056651,1171.632375436271,0.9763603128635593,0.2775,0.29825987643628926,True,12,True,1200,10.0,0.15
34,3,Robert Irwin,rank,6.114935167357796e-05,0.16624564015620766,0.17086761424822017,0.02572476930263718,0.38525321205144614,0.35952844274880896,2.1041221896171254,1171.632375436271,0.9763603128635593,0.2775,0.29825987643628926,True,12,False,1200,10.0,0.15
34,3,Scott Hoying,rank,6.114935167357796e-05,0.016555432350729916,0.01727769942716072,9.150709496672941e-10,0.09550538217340265,0.0955053812583317,5.527347799580618,1171.632375436271,0.9763603128635593,0.2775,0.29825987643628926,True,12,False,1200,10.0,0.15
34,3,Whitney Leavitt,rank,0.49549832872782446,0.004362192803929654,0.0043764374119271005,6.859615564736537e-32,0.02004965217640073,0.02004965217640073,4.580225892384415,1171.632375436271,0.9763603128635593,0.2775,0.29825987643628926,True,12,False,1200,10.0,0.15
34,4,Alix Earle,rank,0.06573962504889612,0.1681191211918363,0.16943174837412583,0.03013754193324865,0.3941001014957019,0.36396255956245327,2.148124037737879,1173.9821279622756,0.978318439968563,0.095,0.1033527316231557,True,11,False,1200,10.0,0.15
34,4,Andy Richter,rank,3.023401761717123e-11,0.01287108585213636,0.01388411342540339,1.0781339082055748e-11,0.07727884830725176,0.07727884829647043,5.565589990434329,1173.9821279622756,0.978318439968563,0.095,0.1033527316231557,True,11,False,1200,10.0,0.15
34,4,Danielle Fishel,rank,3.315562623150014e-08,0.023141330987985355,0.024250830314759414,2.2652767762500073e-07,0.11352772189936325,0.11352749537168562,4.681192878980105,1173.9821279622756,0.978318439968563,0.095,0.1033527316231557,True,11,False,1200,10.0,0.15
34,4,Dylan Efron,rank,0.0007303012670935343,0.20216807080398957,0.2027808828997043,0.04135981407091042,0.4173501308024204,0.37599031673150995,1.8541612857864347,1173.9821279622756,0.978318439968563,0.095,0.1033527316231557,True,11,False,1200,10.0,0.15
34,4,Elaine Hendrix,rank,0.06573962504889612,0.19382761857089711,0.18893718634397447,0.03613088720797312,0.4069833536728792,0.37085246646490605,1.9628243164658339,1173.9821279622756,0.978318439968563,0.095,0.1033527316231557,True,11,False,1200,10.0,0.15
34,4,Hilaria Baldwin,rank,0.00044295010931921346,0.015038357161975489,0.00846596036871429,1.6184193633493108e-10,0.04738625681123,0.047386256649388066,5.596607824513024,1173.9821279622756,0.978318439968563,0.095,0.1033527316231557,True,11,True,1200,10.0,0.15
34,4,Jen Affleck,rank,0.0007303012670935343,0.01782479095442146,0.01887216278362195,1.0705448414048825e-09,0.09716900281946078,0.09716900174891593,5.148527719648493,1173.9821279622756,0.978318439968563,0.095,0.1033527316231557,True,11,False,1200,10.0,0.15
34,4,Jordan Chiles,rank,0.06573962504889612,0.1911147021045675,0.19201910218672982,0.036718939678978886,0.4357466317347684,0.39902769205578953,2.0780516597567233,1173.9821279622756,0.978318439968563,0.095,0.1033527316231557,True,11,False,1200,10.0,0.15
34,4,Robert Irwin,rank,4.920731231041193e-06,0.15811829434263003,0.16332045794000818,0.02562113786472931,0.3761212958828771,0.3505001580181478,2.1460753684117537,1173.9821279622756,0.978318439968563,0.095,0.1033527316231557,True,11,False,1200,10.0,0.15
34,4,Scott Hoying,rank,3.315562623150014e-08,0.015746257517842827,0.015824679710928047,7.011252474466451e-10,0.09438973805784066,0.09438973735671542,5.9643401788004615,1173.9821279622756,0.978318439968563,0.095,0.1033527316231557,True,11,False,1200,10.0,0.15
34,4,Whitney Leavitt,rank,0.8008725851370878,0.00203037051171809,0.0022128756520304648,4.125988596247708e-67,0.0034058400474882493,0.0034058400474882493,1.5384062083001677,1173.9821279622756,0.978318439968563,0.095,0.1033527316231557,True,11,False,1200,10.0,0.15
34,5,Alix Earle,rank,0.028475420943374546,0.20716737179121256,0.20108539739553835,0.0465684140845922,0.4335289082002692,0.386960494115677,1.9243494295366137,1199.9999999999998,0.9999999999999998,,,False,10,False,1200,10.0,0.15
34,5,Andy Richter,rank,7.243195004825921e-15,0.014536291639399913,0.01483652767946382,3.553085207980695e-11,0.08228881810992396,0.0822888180743931,5.545992556986876,1199.9999999999998,0.9999999999999998,,,False,10,False,1200,10.0,0.15
34,5,Danielle Fishel,rank,1.59541987018913e-10,0.026135258980952245,0.024400399781091,7.20065105909159e-07,0.1209803517243892,0.1209796316592833,4.957897200349636,1199.9999999999998,0.9999999999999998,,,False,10,False,1200,10.0,0.15
34,5,Dylan Efron,rank,0.9429764342538607,0.02518216492780511,0.027207502687073046,1.301573744994931e-06,0.12826809503653638,0.12826679346279138,4.714217277517879,1199.9999999999998,0.9999999999999998,,,False,10,False,1200,10.0,0.15
34,5,Elaine Hendrix,rank,5.283305006519127e-09,0.25530248007496603,0.2568279210007497,0.06434435498575836,0.5082524750687388,0.4439081200829805,1.7284195189282625,1199.9999999999998,0.9999999999999998,,,False,10,False,1200,10.0,0.15
34,5,Jen Affleck,rank,2.6304026756784557e-10,0.0201653134359922,0.019418102927332894,2.3420676233117944e-08,0.09788871720675259,0.09788869378607636,5.040845303327346,1199.9999999999998,0.9999999999999998,,,False,10,False,1200,10.0,0.15
34,5,Jordan Chiles,rank,2.131437364434138e-06,0.2517278758374015,0.25356646873525757,0.06209181054092915,0.4915087507281501,0.42941694018722093,1.6935017032313509,1199.9999999999998,0.9999999999999998,,,False,10,False,1200,10.0,0.15
34,5,Robert Irwin,rank,0.028475420943374546,0.1670669051728581,0.1710462507560097,0.023359657050852942,0.3933381549685578,0.3699784979177048,2.163019260949482,1199.9999999999998,0.9999999999999998,,,False,10,False,1200,10.0,0.15
34,5,Scott Hoying,rank,3.2044864710671045e-09,0.017783441907093144,0.018304621644889205,1.4422901697144262e-09,0.11183724120000067,0.1118372397577105,6.109447792991757,1199.9999999999998,0.9999999999999998,,,False,10,False,1200,10.0,0.15
34,5,Whitney Leavitt,rank,7.058351164488047e-05,0.014932896232319096,0.013306807392594433,1.4030028771121836e-10,0.07516129787658277,0.07516129773628248,5.647909946315308,1199.9999999999998,0.9999999999999998,,,False,10,False,1200,10.0,0.15
34,6,Alix Earle,rank,5.0634757645113915e-06,0.21183186065217285,0.21622444041069677,0.04474408495568105,0.45408952557251453,0.4093454406168335,1.8931418978235226,1157.930735425837,0.9649422795215308,0.295,0.32591545980452763,True,10,False,1200,10.0,0.15
34,6,Andy Richter,rank,2.836962397496072e-14,0.01390572265946791,0.014462211974935019,4.206492697159469e-11,0.07816881206544335,0.07816881202337843,5.404664756268957,1157.930735425837,0.9649422795215308,0.295,0.32591545980452763,True,10,False,1200,10.0,0.15
34,6,Danielle Fishel,rank,0.00010170262942775946,0.024995590408236595,0.025182055524036684,4.186919582023396e-07,0.11927914259733889,0.11927872390538069,4.736467494642646,1157.930735425837,0.9649422795215308,0.295,0.32591545980452763,True,10,False,1200,10.0,0.15
34,6,Dylan Efron,rank,2.2988144406286145e-10,0.21879280406080173,0.21499370868562018,0.04772218329294389,0.4266804718568998,0.37895828856395586,1.7626400709149281,1157.930735425837,0.9649422795215308,0.295,0.32591545980452763,True,10,False,1200,10.0,0.15
34,6,Elaine Hendrix,rank,0.00010170262942775946,0.24416962170968826,0.24669519923830516,0.06757405336134725,0.4927939751955222,0.42521992183417495,1.7236581801709006,1157.930735425837,0.9649422795215308,0.295,0.32591545980452763,True,10,False,1200,10.0,0.15
34,6,Jen Affleck,rank,2.2988144406286145e-10,0.019290563436679557,0.021354218875568466,1.2980047070183884e-08,0.11751963028077365,0.11751961730072659,5.503086528191731,1157.930735425837,0.9649422795215308,0.295,0.32591545980452763,True,10,False,1200,10.0,0.15
34,6,Jordan Chiles,rank,0.499844914088042,0.07477542710050453,0.07263382948591786,0.0020433119219197423,0.23313756498671925,0.2310942530647995,3.18159008151321,1157.930735425837,0.9649422795215308,0.295,0.32591545980452763,True,10,False,1200,10.0,0.15
34,6,Robert Irwin,rank,0.00010170262942775946,0.17078988761677805,0.17218509165022064,0.034115615293319954,0.3942626808929296,0.36014706559960963,2.0916153107837157,1157.930735425837,0.9649422795215308,0.295,0.32591545980452763,True,10,False,1200,10.0,0.15
34,6,Scott Hoying,rank,7.711663333135178e-14,0.01701201510532551,0.011722498743882044,6.325712644444338e-10,0.0650581076281054,0.06505810699553415,5.5493763778910274,1157.930735425837,0.9649422795215308,0.295,0.32591545980452763,True,10,True,1200,10.0,0.15
34,6,Whitney Leavitt,rank,0.499844914088042,0.004436507250344919,0.004546745410817237,4.585381053618318e-31,0.020851917901801832,0.020851917901801832,4.58511108651852,1157.930735425837,0.9649422795215308,0.295,0.32591545980452763,True,10,False,1200,10.0,0.15
34,7,Alix Earle,rank,0.7288700682286369,0.03936555824328032,0.03794911486860665,4.0230299904188695e-05,0.1494836876685558,0.1494434573686516,3.9378920956119483,1160.9102735377137,0.9674252279480947,0.3275,0.3599689318814506,True,9,False,1200,10.0,0.15
34,7,Andy Richter,rank,6.820491291756397e-14,0.014221671552042119,0.014673444337624741,6.962863357228938e-11,0.07922042657477947,0.07922042650515083,5.398529898814127,1160.9102735377137,0.9674252279480947,0.3275,0.3599689318814506,True,9,False,1200,10.0,0.15
34,7,Danielle Fishel,rank,2.4768956974545534e-09,0.025569593425875555,0.027568891783955832,3.573027883764671e-07,0.13168911051840462,0.13168875321561624,4.776542260214887,1160.9102735377137,0.9674252279480947,0.3275,0.3599689318814506,True,9,False,1200,10.0,0.15
34,7,Dylan Efron,rank,2.7162459517974466e-06,0.22376252568135016,0.22302759673003342,0.06019500921849631,0.45593652279058555,0.39574151357208925,1.7743980788755866,1160.9102735377137,0.9674252279480947,0.3275,0.3599689318814506,True,9,False,1200,10.0,0.15
34,7,Elaine Hendrix,rank,3.723862068470695e-12,0.24977677615236454,0.25423291994718006,0.06604607125497748,0.48577189829616546,0.419725827041188,1.6509434584039406,1160.9102735377137,0.9674252279480947,0.3275,0.3599689318814506,True,9,False,1200,10.0,0.15
34,7,Jen Affleck,rank,9.111990050195309e-10,0.019728860091006283,0.01230637095382699,1.1005747329123173e-08,0.06598308453016688,0.06598307352441955,5.361264706488924,1160.9102735377137,0.9674252279480947,0.3275,0.3599689318814506,True,9,True,1200,10.0,0.15
34,7,Jordan Chiles,rank,1.2173369794520631e-05,0.24627375028385862,0.24855501929629542,0.06660757815427538,0.48960083223832,0.42299325408404465,1.7018024962002967,1160.9102735377137,0.9674252279480947,0.3275,0.3599689318814506,True,9,False,1200,10.0,0.15
34,7,Robert Irwin,rank,0.0029787253771881485,0.1734985157374959,0.17452835125249516,0.028863374030068212,0.3899530255344406,0.3610896515043724,2.0689336716892774,1160.9102735377137,0.9674252279480947,0.3275,0.3599689318814506,True,9,False,1200,10.0,0.15
34,7,Whitney Leavitt,rank,0.268136313386542,0.0078027488327265465,0.00715829082998176,1.8860972058761647e-18,0.03923218829764153,0.03923218829764153,5.47989867003929,1160.9102735377137,0.9674252279480947,0.3275,0.3599689318814506,True,9,False,1200,10.0,0.15
34,8,Alix Earle,rank,0.0014566540920465066,0.19018501863722684,0.19405386742478156,0.03625671472901372,0.41069435435546614,0.37443763962645243,1.9295452085044442,1158.0552868962113,0.9650460724135095,0.33916666666666667,0.37531322126285793,True,8,False,1200,10.0,0.15
34,8,Andy Richter,rank,1.639248227539774e-10,0.012527188464260442,0.013260707485043117,4.542562976580149e-12,0.07086419904847437,0.0708641990439318,5.343519989703755,1158.0552868962113,0.9650460724135095,0.33916666666666667,0.37531322126285793,True,8,False,1200,10.0,0.15
34,8,Danielle Fishel,rank,2.963830323213835e-07,0.022523013169042455,0.014234812899803462,8.82996000036653e-08,0.07480638382712487,0.07480629552752487,5.2547961998403085,1158.0552868962113,0.9650460724135095,0.33916666666666667,0.37531322126285793,True,8,True,1200,10.0,0.15
34,8,Dylan Efron,rank,0.0001971366941248849,0.1970120377759793,0.19721698944086571,0.040910268902057075,0.41233684224495337,0.3714265733428963,1.8833300876655863,1158.0552868962113,0.9650460724135095,0.33916666666666667,0.37531322126285793,True,8,False,1200,10.0,0.15
34,8,Elaine Hendrix,rank,9.814858068210327e-06,0.22001133156824912,0.22549866822621498,0.05417003104806019,0.45793061945734836,0.4037605884092882,1.7905152215312656,1158.0552868962113,0.9650460724135095,0.33916666666666667,0.37531322126285793,True,8,False,1200,10.0,0.15
34,8,Jordan Chiles,rank,0.02925767955011252,0.20258320577622604,0.19787056584036045,0.04085990022149918,0.4227829735535952,0.381923073332096,1.9301564209595699,1158.0552868962113,0.9650460724135095,0.33916666666666667,0.37531322126285793,True,8,False,1200,10.0,0.15
34,8,Robert Irwin,rank,0.0001971366941248849,0.15382439863275038,0.1567899367151708,0.025983200076265506,0.35856935216356467,0.33258615208729914,2.121207762738742,1158.0552868962113,0.9650460724135095,0.33916666666666667,0.37531322126285793,True,8,False,1200,10.0,0.15
34,8,Whitney Leavitt,rank,0.9688812815645657,0.0013338059762653472,0.001074451967759922,1.2003415274539252e-96,0.0017015402764983087,0.0017015402764983087,1.5821629672987416,1158.0552868962113,0.9650460724135095,0.33916666666666667,0.37531322126285793,True,8,False,1200,10.0,0.15
34,9,Alix Earle,rank,6.781539627497899e-05,0.2364095293972145,0.2438889312052279,0.05978019303205437,0.473625920724671,0.4138457276926166,1.6968545017316634,1172.2162809511547,0.9768469007926289,0.9683333333333334,0.9839769275615835,True,7,False,1200,10.0,0.15
34,9,Andy Richter,rank,1.1326324575566392e-09,0.015521404775668345,0.010228253231106686,2.338347334660026e-10,0.05273949699673613,0.05273949676290139,5.155752386940918,1172.2162809511547,0.9768469007926289,0.9683333333333334,0.9839769275615835,True,7,True,1200,10.0,0.15
34,9,Dylan Efron,rank,0.33329699650480477,0.11196768192806687,0.11375877557927137,0.008284201900719308,0.3081602716097683,0.29987606970904895,2.636046600672888,1172.2162809511547,0.9768469007926289,0.9683333333333334,0.9839769275615835,True,7,False,1200,10.0,0.15
34,9,Elaine Hendrix,rank,6.183963685008627e-08,0.272604094490353,0.27366057656169995,0.07931694590055559,0.5119556652908688,0.4326387193903132,1.5809260650545516,1172.2162809511547,0.9768469007926289,0.9683333333333334,0.9839769275615835,True,7,False,1200,10.0,0.15
34,9,Jordan Chiles,rank,4.113211704133668e-05,0.2687627518736037,0.2683853086991234,0.08297468327244856,0.5111132025683707,0.4281385192959221,1.5952323401708626,1172.2162809511547,0.9768469007926289,0.9683333333333334,0.9839769275615835,True,7,False,1200,10.0,0.15
34,9,Robert Irwin,rank,0.33329699650480477,0.08742288813068619,0.08202036009216501,0.0029647405877629473,0.24681877870611865,0.2438540381183557,2.97305528516406,1172.2162809511547,0.9768469007926289,0.9683333333333334,0.9839769275615835,True,7,False,1200,10.0,0.15
34,9,Whitney Leavitt,rank,0.33329699650480477,0.007311649404407456,0.008057794631405267,6.378809113510228e-20,0.05088725854383132,0.05088725854383132,6.3144999806202735,1172.2162809511547,0.9768469007926289,0.9683333333333334,0.9839769275615835,True,7,False,1200,10.0,0.15
34,10,Alix Earle,rank,0.06668312801645071,0.19797383129808566,0.19710261390989228,0.042477951048652034,0.4062959428321163,0.36381799178346425,1.8458210104142838,1159.881873205597,0.9665682276713309,0.5466666666666666,0.6059904335903405,True,6,False,1200,10.0,0.15
34,10,Dylan Efron,rank,6.08071418449645e-05,0.23896939341784343,0.242097873340291,0.062073078730396775,0.46648241249175115,0.40440933376135435,1.6704304657912301,1159.881873205597,0.9665682276713309,0.5466666666666666,0.6059904335903405,True,6,False,1200,10.0,0.15
34,10,Elaine Hendrix,rank,0.005473684471467623,0.2633928355378903,0.26697812104253915,0.084410834088076,0.4972964549231803,0.41288562083510433,1.546509027458058,1159.881873205597,0.9665682276713309,0.5466666666666666,0.6059904335903405,True,6,False,1200,10.0,0.15
34,10,Jordan Chiles,rank,0.005473684471467623,0.2597062465682041,0.2621294122454889,0.08563718878305965,0.4823649118105529,0.39672772302749326,1.5134746084172488,1159.881873205597,0.9665682276713309,0.5466666666666666,0.6059904335903405,True,6,False,1200,10.0,0.15
34,10,Robert Irwin,rank,0.8123668043412273,0.027890398277555017,0.02439034835256793,9.192912501692803e-07,0.1190030440187774,0.11900212472752723,4.878866186788671,1159.881873205597,0.9665682276713309,0.5466666666666666,0.6059904335903405,True,6,False,1200,10.0,0.15
34,10,Whitney Leavitt,rank,0.10994189155754193,0.012067294900421532,0.0073016311092211844,1.356610327032571e-12,0.0406628891739298,0.04066288917257319,5.568251848464222,1159.881873205597,0.9665682276713309,0.5466666666666666,0.6059904335903405,True,6,True,1200,10.0,0.15
34,11,Alix Earle,rank,0.8536348846197221,0.034304700010960795,0.03350984289781014,1.037911441869133e-05,0.14778022601758392,0.14776984690316522,4.409612952851797,1199.9999999999998,0.9999999999999998,,,False,5,True,1200,10.0,0.15
34,11,Dylan Efron,rank,0.005751746609138126,0.2576094363729244,0.25534343037837837,0.06547556125584542,0.5063288049653603,0.44085324370951484,1.7265042478359252,1199.9999999999998,0.9999999999999998,,,False,5,True,1200,10.0,0.15
34,11,Elaine Hendrix,rank,0.00047213211249611767,0.2911310706117547,0.2847371223746552,0.08448515872425283,0.5436403024630733,0.45915514373882044,1.6125524039758516,1199.9999999999998,0.9999999999999998,,,False,5,True,1200,10.0,0.15
34,11,Jordan Chiles,rank,0.0700706183293219,0.24391858796926413,0.2522116788971849,0.06246415454602512,0.5047713689946562,0.44230721444863114,1.7537072933154911,1199.9999999999998,0.9999999999999998,,,False,5,True,1200,10.0,0.15
34,11,Robert Irwin,rank,0.0700706183293219,0.17303620503509606,0.1741979254519721,0.029271733206665422,0.4076548388228904,0.37838310561622496,2.172132259911947,1199.9999999999998,0.9999999999999998,,,False,5,True,1200,10.0,0.15
