season,week,alive_list,elim_obs_list,m_elim,alive_n,c_hat_list,pi_hat_list,p_mean_list,has_posterior,ess,B
1,2,Evander Holyfield|Joey McIntyre|John O'Hurley|Kelly Monaco|Rachel Hunter|Trista Sutter,Trista Sutter,1,6,0.1619591943|0.3752686972|0.8870324052|0.3615258178|0.1806729735|0.0335409207,0.2105149975|0.0507795414|0.0016748699|0.0556517064|0.1858236991|0.4955551858,0.1619579917|0.3716838227|0.0098425306|0.3615016631|0.0619582311|0.0330557607,True,1128.0307391365043,1200
1,3,Evander Holyfield|Joey McIntyre|John O'Hurley|Kelly Monaco|Rachel Hunter,Evander Holyfield,1,5,0.0899657368|0.3341674645|0.3168513155|0.3132250675|0.9457904281,0.6076350863|0.1192906554|0.1338880483|0.1371642314|0.0020219787,0.0899499659|0.3278050314|0.2698389380|0.3108844592|0.0015216055,True,1059.486100086008,1200
1,4,Joey McIntyre|John O'Hurley|Kelly Monaco|Rachel Hunter,Rachel Hunter,1,4,0.4850167663|0.4729222535|0.7478417709|0.2942192140,0.1716652481|0.1860799526|0.0297663825|0.6124884168,0.4820468434|0.4699523305|0.0211255505|0.0268752756,True,1104.2729068114488,1200
1,6,Joey McIntyre|John O'Hurley|Kelly Monaco,Joey McIntyre|John O'Hurley|Kelly Monaco,3,3,nan|0.5996749183|0.7785389233,nan|nan|nan,0.6217861883|0.3307334860|0.0474803257,False,1199.9999999999998,1200
2,1,Drew Lachey|George Hamilton|Giselle Fernandez|Jerry Rice|Kenny Mayne|Lisa Rinna|Master P|Stacy Keibler|Tatum O'Neal|Tia Carrere,Kenny Mayne,1,10,0.9092570847|0.1377421439|0.0677255379|0.2685604998|0.0084655691|0.2052787709|0.0679690383|0.1865186936|0.0589355693|0.0895471205,0.0005116937|0.0876545832|0.1397955885|0.0366451661|0.2075241527|0.0558773840|0.1395688373|0.0633216253|0.1482323631|0.1208686061,0.0054212516|0.1377418674|0.0227262029|0.2684928460|0.0084655687|0.2052767280|0.0679690382|0.1804286956|0.0139362344|0.0895415672,True,1174.386248651849,1200
2,2,Drew Lachey|George Hamilton|Giselle Fernandez|Jerry Rice|Lisa Rinna|Master P|Stacy Keibler|Tatum O'Neal|Tia Carrere,Tatum O'Neal,1,9,0.2770480832|0.1464029346|0.0331294148|0.2663548625|0.2128380891|0.0735232611|0.8846293760|0.0113305965|0.0947433782,0.0412648303|0.0985908273|0.2097958734|0.0443139138|0.0633121464|0.1602672473|0.0007185418|0.2426112775|0.1391253423,0.1579120999|0.1463996540|0.0326425332|0.2662889702|0.2128380291|0.0735232609|0.0043268872|0.0113305961|0.0947379695,True,1163.5945611083334,1200
2,3,Drew Lachey|George Hamilton|Giselle Fernandez|Jerry Rice|Lisa Rinna|Master P|Stacy Keibler|Tia Carrere,Giselle Fernandez,1,8,0.5202540949|0.1736281834|0.0226272016|0.3086880122|0.2451494306|0.0904478103|0.5070931252|0.1321121303,0.0123492340|0.1245159038|0.3407355495|0.0506042007|0.0772946804|0.2167986994|0.0134817085|0.1642200238,0.0425296620|0.1736202046|0.0226055129|0.3086876150|0.2398423913|0.0904478030|0.0293686922|0.0928981190,True,1132.6205905610038,1200
2,4,Drew Lachey|George Hamilton|Jerry Rice|Lisa Rinna|Master P|Stacy Keibler|Tia Carrere,Master P,1,7,0.9280248226|0.1642345475|0.2937375889|0.2420928838|0.0529867057|0.2143830025|0.1045404307,0.0009714131|0.1580532058|0.0666582029|0.0940546641|0.3318171290|0.1131380426|0.2353073426,0.0058636011|0.1642324631|0.2934282383|0.1961811806|0.0529866019|0.1865361465|0.1007717685,True,1071.5655433677935,1200
2,5,Drew Lachey|George Hamilton|Jerry Rice|Lisa Rinna|Stacy Keibler|Tia Carrere,Tia Carrere,1,6,0.2894264126|0.1541811030|0.2867694386|0.2254623464|0.9842692244|0.0598914539,0.0939650001|0.2314948832|0.0956442456|0.1439332256|0.0009145135|0.4340481320,0.2714578324|0.1541076695|0.2867595005|0.2245677435|0.0032180178|0.0598892364,True,1058.7258544544945,1200
2,6,Drew Lachey|George Hamilton|Jerry Rice|Lisa Rinna|Stacy Keibler,George Hamilton,1,5,0.5515492228|0.1544187245|0.4220036192|0.3398168699|0.5322115436,0.0439930000|0.6211466380|0.1043413658|0.1804727055|0.0500462907,0.0543721584|0.1543573680|0.4219422627|0.3342937317|0.0350344792,True,980.4510284281301,1200
2,7,Drew Lachey|Jerry Rice|Lisa Rinna|Stacy Keibler,Lisa Rinna,1,4,0.4875248909|0.5769762263|0.3104644967|0.6250343995,0.1920738124|0.1057986227|0.6253317856|0.0767957792,0.1285306453|0.5764365003|0.2618799088|0.0331529455,True,921.4737354859,1200
2,8,Drew Lachey|Jerry Rice|Stacy Keibler,Drew Lachey|Jerry Rice|Stacy Keibler,3,3,0.7703655029|0.7801415798|0.4494929289,0.0958853217|0.0898353963|0.8142792820,0.0428903366|0.7752398908|0.1818697726,False,1199.9999999999998,1200
3,1,Emmitt Smith|Harry Hamlin|Jerry Springer|Joey Lawrence|Mario Lopez|Monique Coleman|Sara Evans|Shanna Moakler|Tucker Carlson|Vivica A. Fox|Willa Ford,Tucker Carlson,1,11,0.2173398756|0.0307796088|0.0796280603|0.2175585226|0.9548722595|0.1418183430|0.1538866812|0.0166572729|0.0067156775|0.0349718875|0.1457718247,0.0416192048|0.1443580723|0.1042342201|0.0415585829|0.0003047325|0.0688574619|0.0635344965|0.1586095834|0.1694779847|0.1403793360|0.0670663249,0.1699659959|0.0307796069|0.0796280602|0.2175153232|0.0033423990|0.1418178631|0.1538866811|0.0166572335|0.0067156775|0.0344456112|0.1452455484,True,1174.4118154832008,1200
3,2,Emmitt Smith|Harry Hamlin|Jerry Springer|Joey Lawrence|Mario Lopez|Monique Coleman|Sara Evans|Shanna Moakler|Vivica A. Fox|Willa Ford,Shanna Moakler,1,10,0.2140636082|0.0292652315|0.0820539644|0.9932959997|0.1820978395|0.1475233543|0.1550438306|0.0086820193|0.0361003558|0.1518737882,0.0503932639|0.1727502121|0.1215009164|0.0002794240|0.0623624067|0.0785283107|0.0746882435|0.1981586763|0.1650550732|0.0762834733,0.2139415843|0.0292652294|0.0820539643|0.0045266473|0.1820978340|0.1365391189|0.1550438285|0.0086819080|0.0359783320|0.1518715532,True,1171.4729196051528,1200
3,3,Emmitt Smith|Harry Hamlin|Jerry Springer|Joey Lawrence|Mario Lopez|Monique Coleman|Sara Evans|Vivica A. Fox|Willa Ford,Harry Hamlin,1,9,0.2064148662|0.0176695937|0.0851031890|0.2040120242|0.1741510044|0.5172982343|0.1494723330|0.5030801827|0.1427985925,0.0814674244|0.2867196923|0.1829014996|0.0827829553|0.1010176902|0.0102537906|0.1190829284|0.0112732703|0.1245007489,0.2064148646|0.0176691788|0.0851030964|0.2040069695|0.1741459497|0.0183240600|0.1474331396|0.0041060084|0.1427967330,True,1148.1281121589984,1200
3,4,Emmitt Smith|Jerry Springer|Joey Lawrence|Mario Lopez|Monique Coleman|Sara Evans|Vivica A. Fox|Willa Ford,Vivica A. Fox,1,8,0.2435703107|0.0923285055|0.2551104003|0.7931521589|0.1540800694|0.1768526038|0.0256357998|0.2592701261,0.0755021175|0.2069421744|0.0699112633|0.0019353375|0.1371070915|0.1177949516|0.3228079102|0.0679991541,0.2435571904|0.0923283597|0.2159993709|0.0075861865|0.1540669491|0.1768525994|0.0256226795|0.0839866643,True,1128.1240133686927,1200
3,5,Emmitt Smith|Jerry Springer|Joey Lawrence|Mario Lopez|Monique Coleman|Sara Evans|Willa Ford,Sara Evans|Willa Ford,2,7,0.3562181970|0.1152987539|0.3109346733|0.3478389052|0.3203490118|0.2177511139|0.3316093283,0.0748565109|0.3730463647|0.1012368936|0.0791571438|0.0950783221|0.1884225375|0.0882022275,0.1062786212|0.1152918715|0.3107067579|0.0978993294|0.0704094360|0.2177442315|0.0816697525,False,1199.9999999999998,1200
3,7,Emmitt Smith|Jerry Springer|Joey Lawrence|Mario Lopez|Monique Coleman,Jerry Springer,1,5,0.6928913853|0.1371534409|0.4367218255|0.3922241981|0.3410091784,0.0153779809|0.6250654107|0.0848371670|0.1141353000|0.1605841415,0.0306517741|0.1371038710|0.1930974960|0.3025998155|0.3365470433,True,996.7914689933776,1200
3,8,Emmitt Smith|Joey Lawrence|Mario Lopez|Monique Coleman,Monique Coleman,1,4,0.4149467148|0.4437485175|0.9388696522|0.2024351044,0.1672413047|0.1380237386|0.0050866432|0.6896483135,0.3685037739|0.4333856968|0.0060382456|0.1920722837,True,960.6508769625076,1200
3,10,Emmitt Smith|Joey Lawrence|Mario Lopez,Emmitt Smith|Joey Lawrence|Mario Lopez,3,3,0.6497520698|nan|0.6247744502,nan|nan|nan,0.1497520698|0.7254734800|0.1247744502,False,1199.9999999999998,1200
4,2,Apolo Anton Ohno|Billy Ray Cyrus|Clyde Drexler|Heather Mills|Ian Ziering|Joey Fatone|John Ratzenberger|Laila Ali|Leeza Gibbons|Paulina Porizkova|Shandi Finnessey,Paulina Porizkova,1,11,0.3378797644|0.1233091511|0.0489115813|0.0532169014|0.1791765562|0.2155116831|0.1087615840|0.8841753521|0.0182667413|0.0060467369|0.0247439380,0.0184796999|0.0772574677|0.1268654884|0.1232759385|0.0532338362|0.0417817664|0.0851255615|0.0004841804|0.1556214277|0.1688301211|0.1490445122,0.2189917662|0.1233091429|0.0489115813|0.0518961750|0.1791761132|0.2141909567|0.1087615759|0.0057052889|0.0182667332|0.0060467288|0.0247439378,True,1179.0530798350562,1200
4,3,Apolo Anton Ohno|Billy Ray Cyrus|Clyde Drexler|Heather Mills|Ian Ziering|Joey Fatone|John Ratzenberger|Laila Ali|Leeza Gibbons|Shandi Finnessey,Shandi Finnessey,1,10,0.3311619082|0.1242184308|0.0478883357|0.2667869027|0.3079969190|0.3254081196|0.1063924953|0.2224348762|0.2533906346|0.0143213793,0.0314361236|0.1249084226|0.2077734181|0.0482851650|0.0366858429|0.0326653949|0.1406705201|0.0648972043|0.0527958624|0.2598820461,0.3283923558|0.1242178672|0.0478883356|0.0174797322|0.0586897484|0.0761009491|0.1063924191|0.2224343127|0.0040834641|0.0143208158,True,1155.6666727126044,1200
4,4,Apolo Anton Ohno|Billy Ray Cyrus|Clyde Drexler|Heather Mills|Ian Ziering|Joey Fatone|John Ratzenberger|Laila Ali|Leeza Gibbons,Leeza Gibbons,1,9,0.3167342990|0.1237261564|0.0473497005|0.0523682922|0.1721467643|0.9525700599|0.1057624243|0.2202176450|0.0091246845,0.0304257076|0.1101682615|0.1833111935|0.1772795635|0.0797745710|0.0004388414|0.1241843382|0.0579008611|0.2365166623,0.2695180251|0.1237165494|0.0473496997|0.0518437668|0.1682710165|0.0042058021|0.1057624211|0.2202080380|0.0091246813,True,1168.2389902333568,1200
4,5,Apolo Anton Ohno|Billy Ray Cyrus|Clyde Drexler|Heather Mills|Ian Ziering|Joey Fatone|John Ratzenberger|Laila Ali,Clyde Drexler,1,8,0.9301705967|0.1411437609|0.0340644280|0.0633676112|0.1999670530|0.2432614271|0.1196030939|0.2684220275,0.0006934276|0.1334958522|0.2725801302|0.2242088698|0.0901896907|0.0675782352|0.1541112669|0.0571425276,0.0086196671|0.1411436980|0.0340644268|0.0633582758|0.1994573576|0.2409771307|0.1196029229|0.1927765211,True,1101.3131036274997,1200
4,6,Apolo Anton Ohno|Billy Ray Cyrus|Heather Mills|Ian Ziering|Joey Fatone|John Ratzenberger|Laila Ali,Heather Mills,1,7,0.5285875045|0.1924865096|0.0509295509|0.2593654447|0.3090481525|0.1624399243|0.4971429147,0.0173582478|0.1631615918|0.4192444357|0.1044680730|0.0750131515|0.1993479199|0.0214065804,0.0788991593|0.1924848338|0.0508958909|0.2591167291|0.2087091198|0.1624396975|0.0474545695,True,1072.8030295654542,1200
4,7,Apolo Anton Ohno|Billy Ray Cyrus|Ian Ziering|Joey Fatone|John Ratzenberger|Laila Ali,John Ratzenberger,1,6,0.4449067916|0.1681291410|0.2312455738|0.5337699900|0.0876034512|0.5343450538,0.0427071246|0.2703047688|0.1774650835|0.0236164720|0.4623804456|0.0235261055,0.4436704979|0.1681284572|0.2300092801|0.0350134919|0.0875897172|0.0355885557,True,1014.2344501754918,1200
4,8,Apolo Anton Ohno|Billy Ray Cyrus|Ian Ziering|Joey Fatone|Laila Ali,Billy Ray Cyrus,1,5,0.9288186872|0.1252050173|0.2772418944|0.3194856439|0.3492487388,0.0025256986|0.5358970992|0.1944865449|0.1467511046|0.1203395527,0.0105758750|0.1251957154|0.2770550610|0.2441116814|0.3430616673,True,980.9627301033038,1200
4,9,Apolo Anton Ohno|Ian Ziering|Joey Fatone|Laila Ali,Ian Ziering,1,4,0.6514628432|0.2764242311|0.5338906786|0.5382222647,0.0571333324|0.6962056672|0.1251110987|0.1215499016,0.5886229104|0.2679197706|0.0695628664|0.0738944526,True,1000.5385203772568,1200
4,10,Apolo Anton Ohno|Joey Fatone|Laila Ali,Apolo Anton Ohno|Joey Fatone|Laila Ali,3,3,0.9215218207|0.4998635662|0.5786146019,0.0364120424|0.6054394664|0.3581484912,0.0224695584|0.4260648651|0.5514655766,False,1199.9999999999998,1200
5,1,Albert Reed|Cameron Mathison|Floyd Mayweather Jr.|Helio Castroneves|Jane Seymour|Jennie Garth|Josie Maran|Marie Osmond|Mark Cuban|Mel B|Sabrina Bryan|Wayne Newton,Josie Maran,1,12,0.0167698351|0.1357018516|0.0390945281|0.2291386032|0.0993747955|0.1642898479|0.0064523886|0.2133217721|0.0645324252|0.1602312967|0.8538623500|0.0172303103,0.1436626673|0.0650130392|0.1237962014|0.0348717197|0.0828281705|0.0537315961|0.1538919818|0.0387496497|0.1044857497|0.0552052589|0.0005416427|0.1432223229,0.0167697768|0.1357017934|0.0390945281|0.1136615479|0.0837466755|0.1642897897|0.0064523886|0.2133217138|0.0645323670|0.1446031767|0.0005959321|0.0172303102,True,1180.5586605013027,1200
5,2,Albert Reed|Cameron Mathison|Floyd Mayweather Jr.|Helio Castroneves|Jane Seymour|Jennie Garth|Marie Osmond|Mark Cuban|Mel B|Sabrina Bryan|Wayne Newton,Albert Reed,1,11,0.0132924510|0.1460950724|0.0464083752|0.8839708758|0.0940594244|0.1866871046|0.2321735150|0.0665460154|0.1764188992|0.1327041196|0.0216441533,0.1729068526|0.0713360790|0.1386538026|0.0005211227|0.1009178214|0.0544230985|0.0401870953|0.1212348123|0.0582790902|0.0779973798|0.1635428458,0.0132923911|0.1460950125|0.0464083153|0.0064282609|0.0940593645|0.1866870447|0.2285871990|0.0665460154|0.1763106019|0.0139416414|0.0216441533,True,1162.713144119963,1200
5,3,Cameron Mathison|Floyd Mayweather Jr.|Helio Castroneves|Jane Seymour|Jennie Garth|Marie Osmond|Mark Cuban|Mel B|Sabrina Bryan|Wayne Newton,Wayne Newton,1,10,0.1608342432|0.0471962464|0.2152246415|0.3476226574|0.1979432292|0.2450597164|0.0740614881|0.3710490112|0.3290461130|0.0119626790,0.0950448914|0.2027423511|0.0661382115|0.0273603046|0.0742142426|0.0542089577|0.1694968521|0.0234042478|0.0309674563|0.2564224848,0.1608335139|0.0471962243|0.2152099946|0.0250026529|0.1818809248|0.2289974120|0.0740614831|0.0484290068|0.0064261086|0.0119626789,True,1162.8990046878196,1200
5,4,Cameron Mathison|Floyd Mayweather Jr.|Helio Castroneves|Jane Seymour|Jennie Garth|Marie Osmond|Mark Cuban|Mel B|Sabrina Bryan,Floyd Mayweather Jr.,1,9,0.1294380276|0.0238962003|0.1790385704|0.0889064599|0.1592674545|0.2047773018|0.0674763364|0.1475770810|0.9996225976,0.1126744058|0.2277194702|0.0809500267|0.1476305319|0.0923549633|0.0681860820|0.1703031760|0.0998406358|0.0003407084,0.1292347156|0.0238961995|0.1788352583|0.0888963376|0.1589322495|0.2047711623|0.0674763362|0.1475669587|0.0003907822,True,1131.4667971269646,1200
5,5,Cameron Mathison|Helio Castroneves|Jane Seymour|Jennie Garth|Marie Osmond|Mark Cuban|Mel B|Sabrina Bryan,Mark Cuban,1,8,0.1599589336|0.2201348075|0.1049395329|0.1979176807|0.2576845779|0.0472097275|0.7362441093|0.2759106017,0.1425737155|0.0954580301|0.2057486283|0.1106974555|0.0743181256|0.3023304250|0.0030586021|0.0658150179,0.1569902260|0.2201274488|0.1019708253|0.1975159098|0.2576845283|0.0472096779|0.0098253161|0.0086760677,True,1074.6748898732365,1200
5,6,Cameron Mathison|Helio Castroneves|Jane Seymour|Jennie Garth|Marie Osmond|Mel B|Sabrina Bryan,Sabrina Bryan,1,7,0.1639535522|0.2456759695|0.1104338888|0.2136167019|0.2666582147|0.9808727528|0.0187889323,0.1456145403|0.0844489222|0.2080463209|0.1045719479|0.0734250564|0.0006280315|0.3832651809,0.1638803512|0.2277642876|0.1104338221|0.2096200652|0.2666577215|0.0029280211|0.0187157314,True,1147.6439160858238,1200
5,7,Cameron Mathison|Helio Castroneves|Jane Seymour|Jennie Garth|Marie Osmond|Mel B,Jane Seymour,1,6,0.1824922613|0.2451386233|0.0727254374|0.2311515552|0.2833391784|0.9851529194,0.2009805141|0.1323653027|0.4177932881|0.1453017574|0.1026058735|0.0009532643,0.1821632773|0.2411307777|0.0726520312|0.2202571011|0.2793313328|0.0044654800,True,1026.7388653992723,1200
5,8,Cameron Mathison|Helio Castroneves|Jennie Garth|Marie Osmond|Mel B,Cameron Mathison,1,5,0.1671102906|0.7470172472|0.3176589853|0.3986163644|0.3695971209,0.5375190250|0.0112561853|0.1970201860|0.1148457967|0.1393588071,0.1660127241|0.0169800348|0.3174140851|0.3985617197|0.1010314363,True,934.6548061996201,1200
5,9,Helio Castroneves|Jennie Garth|Marie Osmond|Mel B,Jennie Garth,1,4,0.5586854302|0.3206323703|0.5770138583|0.5436683120,0.1269126185|0.6204960296|0.1123152092|0.1402761427,0.0664869928|0.3057692648|0.5762738679|0.0514698746,True,935.6241405822465,1200
5,10,Helio Castroneves|Marie Osmond|Mel B,Helio Castroneves|Marie Osmond|Mel B,3,3,0.4972269135|0.7479008456|0.7548722525,0.7312512955|0.1374963846|0.1312523200,0.2296037572|0.7429991566|0.0273970861,False,1199.9999999999998,1200
6,2,Adam Carolla|Cristian de la Fuente|Jason Taylor|Kristi Yamaguchi|Mario|Marissa Jaret Winokur|Marlee Matlin|Monica Seles|Penn Jillette|Priscilla Presley|Shannon Elizabeth|Steve Guttenberg,Monica Seles|Penn Jillette,2,12,0.0151503661|0.2881448369|0.5231882103|0.5177751372|0.1496363874|0.1842833074|0.0597438783|0.0847802749|0.0577711958|0.0307909751|0.0766990000|0.0120364581,0.1498753537|0.0242845619|0.0050676896|0.0052539079|0.0611439242|0.0485333423|0.1113316842|0.0942173720|0.1128055013|0.1350348976|0.0994325721|0.1530191932,0.0151503655|0.2881448296|0.0431555279|0.0377424548|0.1102329079|0.1842832183|0.0594783797|0.0847802749|0.0577711958|0.0307908861|0.0764335015|0.0120364581,False,1199.9999999999998,1200
6,3,Adam Carolla|Cristian de la Fuente|Jason Taylor|Kristi Yamaguchi|Mario|Marissa Jaret Winokur|Marlee Matlin|Priscilla Presley|Shannon Elizabeth|Steve Guttenberg,Steve Guttenberg,1,10,0.0162347930|0.2651859673|0.2855222142|0.9203719166|0.1150106063|0.1698004428|0.0535632736|0.0925752563|0.0751063707|0.0066291738,0.1866402601|0.0354991420|0.0309983367|0.0004500495|0.0966095501|0.0670482174|0.1455218845|0.1121959167|0.1260534264|0.1989832167,0.0162347791|0.2550292986|0.2855069442|0.0060977605|0.1150105924|0.1698004426|0.0535632597|0.0175270630|0.0746007000|0.0066291598,True,1177.2148389273111,1200
6,4,Adam Carolla|Cristian de la Fuente|Jason Taylor|Kristi Yamaguchi|Mario|Marissa Jaret Winokur|Marlee Matlin|Priscilla Presley|Shannon Elizabeth,Adam Carolla,1,9,0.0124569016|0.3413039892|0.5385720357|0.5272746222|0.1477362355|0.2182366138|0.0695848174|0.0357941272|0.1090406336,0.2565525290|0.0286461633|0.0076898341|0.0082913707|0.1041124129|0.0650703301|0.1752968220|0.2195877514|0.1347527865,0.0124569010|0.3408593228|0.0509360954|0.0396386819|0.1477344182|0.2182347965|0.0695830002|0.0357941149|0.0847626690,True,1163.4261831706506,1200
6,5,Cristian de la Fuente|Jason Taylor|Kristi Yamaguchi|Mario|Marissa Jaret Winokur|Marlee Matlin|Priscilla Presley|Shannon Elizabeth,Priscilla Presley,1,8,0.2886451179|0.3020951106|0.9152471361|0.1535250733|0.1832340660|0.0571474463|0.0191547507|0.0809512944,0.0473642355|0.0433020856|0.0007265272|0.1165904908|0.0956415898|0.2216689892|0.2855650553|0.1891410265,0.2886430624|0.2568179398|0.0058308181|0.1082479025|0.1832090239|0.0571472776|0.0191547368|0.0809492389,True,1142.187488895042,1200
6,6,Cristian de la Fuente|Jason Taylor|Kristi Yamaguchi|Mario|Marissa Jaret Winokur|Marlee Matlin|Shannon Elizabeth,Marlee Matlin,1,7,0.2731612221|0.3042297469|0.9711677974|0.1409768613|0.1898890249|0.0375483159|0.0830270339,0.0697303448|0.0566851395|0.0006644859|0.1683196175|0.1214841215|0.3354216154|0.2476946754,0.2692112275|0.3042261449|0.0046359842|0.1117901301|0.1895647896|0.0375482916|0.0830234320,True,1094.2346278025532,1200
6,7,Cristian de la Fuente|Jason Taylor|Kristi Yamaguchi|Mario|Marissa Jaret Winokur|Shannon Elizabeth,Shannon Elizabeth,1,6,0.3359925305|0.9114708964|0.3001131002|0.1587800014|0.2255045722|0.0681388919,0.0735117005|0.0015855354|0.0933766007|0.2395737840|0.1535507256|0.4384016539,0.3359891688|0.0094143216|0.2260677848|0.1550935023|0.2089828297|0.0644523928,True,1055.965000289414,1200
6,8,Cristian de la Fuente|Jason Taylor|Kristi Yamaguchi|Mario|Marissa Jaret Winokur,Mario,1,5,0.9199962977|0.3983950972|0.3193201777|0.1162390717|0.2460493635,0.0025641903|0.0830119097|0.1406325159|0.5445851204|0.2292062636,0.0073773626|0.3961329409|0.2444078531|0.1061007910|0.2459810523,True,1006.1479249029769,1200
6,9,Cristian de la Fuente|Jason Taylor|Kristi Yamaguchi|Marissa Jaret Winokur,Marissa Jaret Winokur,1,4,0.4908166909|0.5427921538|0.6700498159|0.2963413328,0.1764795175|0.1247986621|0.0534270580|0.6452947625,0.2601852053|0.4029070859|0.0431284602|0.2937792486,True,900.5823475207966,1200
6,10,Cristian de la Fuente|Jason Taylor|Kristi Yamaguchi,Cristian de la Fuente|Jason Taylor|Kristi Yamaguchi,3,3,0.5205559721|0.5190634670|0.9603805477,0.4846648830|0.4895113866|0.0258237304,0.5182003390|0.4717493111|0.0100503499,False,1199.9999999999998,1200
7,1,Brooke Burke|Cloris Leachman|Cody Linley|Jeffrey Ross|Kim Kardashian|Lance Bass|Maurice Greene|Misty May-Treanor|Rocco DiSpirito|Susan Lucci|Ted McGinley|Toni Braxton|Warren Sapp,Jeffrey Ross|Ted McGinley,2,13,0.9990384420|0.0273203489|0.1408670805|0.0573671262|0.0891730113|0.1715468095|0.0920497263|0.0791699461|0.0096440846|0.0619877382|0.0540157383|0.0203819214|0.1974380092,0.0001743176|0.1134366054|0.0532110418|0.0928450792|0.0751054447|0.0433685446|0.0736787890|0.0802847874|0.1276236757|0.0900286730|0.0949428257|0.1188069992|0.0364932168,0.0032663783|0.0273203489|0.1408648298|0.0573671262|0.0891730112|0.1715301785|0.0920497013|0.0791533150|0.0096440846|0.0619877382|0.0540157383|0.0163124287|0.1973151212,False,1199.9999999999998,1200
7,2,Brooke Burke|Cloris Leachman|Cody Linley|Kim Kardashian|Lance Bass|Maurice Greene|Misty May-Treanor|Rocco DiSpirito|Susan Lucci|Toni Braxton|Warren Sapp,Kim Kardashian|Misty May-Treanor,2,11,0.5328850972|0.0348798013|0.2000954880|0.1202374904|0.2302548826|0.1152596407|0.1068940462|0.0137945121|0.0840356868|0.0320154038|0.5296479688,0.0057038766|0.1577767974|0.0524438696|0.0893114856|0.0428918065|0.0923250741|0.0976203908|0.1815897376|0.1136900011|0.1608186516|0.0058283090,0.0374429452|0.0348798012|0.2000818452|0.1202374903|0.2302544707|0.1152596069|0.1068804035|0.0137945121|0.0840220440|0.0229410642|0.0342058168,False,1199.9999999999998,1200
7,4,Brooke Burke|Cloris Leachman|Cody Linley|Lance Bass|Maurice Greene|Rocco DiSpirito|Susan Lucci|Toni Braxton|Warren Sapp,Rocco DiSpirito,1,9,0.5452316923|0.0501191039|0.2428651457|0.5336155518|0.1492673751|0.0119109132|0.1130802484|0.0308173213|0.3230926316,0.0072034388|0.1954508825|0.0540730276|0.0077834482|0.1009192440|0.2521515709|0.1284536506|0.2222910720|0.0316736654,0.0470534188|0.0501160430|0.2425896111|0.0354372784|0.1492673411|0.0119109128|0.1097235495|0.0308122747|0.3230895706,True,1160.308129366685,1200
7,5,Brooke Burke|Cloris Leachman|Cody Linley|Lance Bass|Maurice Greene|Susan Lucci|Toni Braxton|Warren Sapp,Toni Braxton,1,8,0.8657778476|0.0444645880|0.2534587735|0.2681915621|0.1520235288|0.1016518383|0.0182816697|0.2961501765,0.0010403147|0.2483763079|0.0616609233|0.0558925896|0.1212537383|0.1696430683|0.2957450469|0.0463880110,0.0089077328|0.0444644915|0.1374940107|0.2681914657|0.1261482920|0.1016511258|0.0182809572|0.2948619244,True,1138.083259209188,1200
7,6,Brooke Burke|Cloris Leachman|Cody Linley|Lance Bass|Maurice Greene|Susan Lucci|Warren Sapp,Cloris Leachman,1,7,0.3027150165|0.0275816984|0.2168517804|0.9142141572|0.1424052155|0.1069737625|0.2892583840,0.0597271734|0.3739077856|0.1058696540|0.0010132127|0.1739067246|0.2202424041|0.0653330456,0.2281472888|0.0275816364|0.2166669454|0.0057932964|0.1424018302|0.1067889276|0.2726200753,True,1128.0269470040125,1200
7,7,Brooke Burke|Cody Linley|Lance Bass|Maurice Greene|Susan Lucci|Warren Sapp,Susan Lucci,1,6,1.0002371342|0.2217358821|0.2605457217|0.1503771475|0.0673377181|0.2997663957,0.0008217811|0.1474850910|0.1138628699|0.2373300980|0.4128350780|0.0876650821,0.0047633321|0.2217257979|0.2580781888|0.1488805131|0.0667871371|0.2997650310,True,1037.1514717279342,1200
7,8,Brooke Burke|Cody Linley|Lance Bass|Maurice Greene|Warren Sapp,Maurice Greene,1,5,0.8325475468|0.3001377608|0.3665274273|0.1277881112|0.3729991268,0.0052821046|0.1837770236|0.1180520251|0.5798218252|0.1130670216,0.0162480487|0.2999716696|0.3653001706|0.1276220200|0.1908580910,True,988.5141174911686,1200
7,9,Brooke Burke|Cody Linley|Lance Bass|Warren Sapp,Cody Linley,1,4,0.4274404135|0.2004537121|0.9870819852|0.3850239054,0.1450911001|0.6589228771|0.0034778630|0.1925081599,0.4208219328|0.2002538513|0.0048123404|0.3741118754,True,936.3387942160394,1200
7,10,Brooke Burke|Lance Bass|Warren Sapp,Brooke Burke|Lance Bass|Warren Sapp,3,3,0.9898620715|0.4739216618|0.5362162779,0.0189558101|0.5909392500|0.3901049398,0.0115971437|0.4630541201|0.5253487362,False,1199.9999999999998,1200
8,2,Belinda Carlisle|Chuck Wicks|David Alan Grier|Denise Richards|Gilles Marini|Holly Madison|Lawrence Taylor|Lil' Kim|Melissa Rycroft|Shawn Johnson|Steve Wozniak|Steve-O|Ty Murray,Belinda Carlisle,1,13,0.0045119573|0.0986041542|0.0169850362|0.0094112135|0.8196748803|0.1084383674|0.0476354325|0.1022002887|0.2884981899|0.2326433168|0.0893309887|0.0316870925|0.1503790666,0.1360947489|0.0726802740|0.1252356881|0.1317214701|0.0005938858|0.0680680944|0.1020906855|0.0709585415|0.0204935413|0.0297394842|0.0773152421|0.1135432428|0.0514651012,0.0045119573|0.0986041337|0.0169850362|0.0094100967|0.0050466964|0.1084383674|0.0476353988|0.1019270113|0.1067300705|0.2293141176|0.0893309887|0.0316870925|0.1503790328,True,1181.7907258380528,1200
8,3,Chuck Wicks|David Alan Grier|Denise Richards|Gilles Marini|Holly Madison|Lawrence Taylor|Lil' Kim|Melissa Rycroft|Shawn Johnson|Steve Wozniak|Steve-O|Ty Murray,Denise Richards,1,12,0.1324208438|0.0200019037|0.0075835949|0.3838644538|0.1249294172|0.0605213708|0.1163440555|0.4056785890|0.4090088744|0.1140671725|0.0406267106|0.1849530181,0.0747416437|0.1581425779|0.1717922233|0.0139816630|0.0785692389|0.1207071346|0.0831973923|0.0120892801|0.0118238327|0.0844698972|0.1378268662|0.0526582500,0.1324174689|0.0199769663|0.0075835949|0.0507086429|0.1249294171|0.0605213657|0.1158431761|0.0725227782|0.0758530636|0.1140671725|0.0406267106|0.1849496432,True,1174.4646873965557,1200
8,4,Chuck Wicks|David Alan Grier|Gilles Marini|Holly Madison|Lawrence Taylor|Lil' Kim|Melissa Rycroft|Shawn Johnson|Steve Wozniak|Steve-O|Ty Murray,Holly Madison|Steve Wozniak,2,11,0.1059477814|0.0158987378|0.7367926802|0.1066729074|0.0469272317|0.1007084048|0.3487655579|0.2540194642|0.0969554126|0.0337575280|0.1535542644,0.0968128419|0.1764621856|0.0014436101|0.0963459613|0.1434877953|0.1002541866|0.0191824246|0.0360762624|0.1027941840|0.1566553245|0.0704852238,0.1059475589|0.0158985154|0.0095349516|0.1066729073|0.0469272302|0.0958081808|0.0812223910|0.2539650276|0.0969554126|0.0337575279|0.1533102966,False,1199.9999999999998,1200
8,5,Chuck Wicks|David Alan Grier|Gilles Marini|Lawrence Taylor|Lil' Kim|Melissa Rycroft|Shawn Johnson|Steve-O|Ty Murray,David Alan Grier,1,9,0.1129320031|0.0097528675|0.9993298866|0.0525881101|0.1090220152|0.2556170753|0.2633131735|0.0357409823|0.1617038917,0.1154409162|0.2296645474|0.0003133106|0.1726128924|0.1184896289|0.0445906875|0.0423605589|0.1931304091|0.0833970491,0.1129258794|0.0097520387|0.0026680448|0.0525881080|0.1075235947|0.2552827325|0.2618147530|0.0357409823|0.1617038667,True,1167.5879670186057,1200
8,6,Chuck Wicks|Gilles Marini|Lawrence Taylor|Lil' Kim|Melissa Rycroft|Shawn Johnson|Steve-O|Ty Murray,Steve-O,1,8,0.1332522188|0.2143464688|0.0607686804|0.7833126022|0.3144102130|0.2889590372|0.0249287784|0.1800220139,0.1501318003|0.0874340892|0.2434075420|0.0019694960|0.0448710857|0.0531686066|0.3091015445|0.1099158357,0.1332168489|0.1908204988|0.0607638936|0.0042394830|0.1405755016|0.2654330671|0.0249287462|0.1800219607,True,1124.7482418817667,1200
8,7,Chuck Wicks|Gilles Marini|Lawrence Taylor|Lil' Kim|Melissa Rycroft|Shawn Johnson|Ty Murray,Lawrence Taylor,1,7,0.1508058782|0.2360169830|0.0431514348|0.1364783719|0.9194942976|0.3111326752|0.2029203643,0.1732380562|0.0981593977|0.3550870551|0.1906012223|0.0010305341|0.0594907824|0.1223929522,0.1446575566|0.2298686614|0.0431513322|0.1361722650|0.0070024396|0.2362307815|0.2029169638,True,1082.5123449810137,1200
8,8,Chuck Wicks|Gilles Marini|Lil' Kim|Melissa Rycroft|Shawn Johnson|Ty Murray,Chuck Wicks,1,6,0.0906210662|0.3388710295|0.7322932431|0.3122055690|0.3179103412|0.2080987347,0.4739486172|0.0905678377|0.0065750646|0.1081878312|0.1041505116|0.2165701377,0.0903773399|0.0715926861|0.0057553598|0.3122039267|0.3149411470|0.2051295405,True,1017.0670556445816,1200
8,9,Gilles Marini|Lil' Kim|Melissa Rycroft|Shawn Johnson|Ty Murray,Lil' Kim,1,5,0.3321539186|0.1368298635|0.8034607720|0.4124579695|0.3150975005,0.1556102609|0.5722150722|0.0067214833|0.0911033170|0.1743498666,0.2258580946|0.1348829876|0.0180349302|0.3061621455|0.3150618422,True,986.5613419733822,1200
8,10,Gilles Marini|Melissa Rycroft|Shawn Johnson|Ty Murray,Ty Murray,1,4,0.9801439425|0.4228233151|0.4095957160|0.1874370450,0.0035181504|0.1445183146|0.1578413221|0.6941222129,0.0047026059|0.4162508431|0.3917298850|0.1873166660,True,977.8701443176469,1200
8,11,Gilles Marini|Melissa Rycroft|Shawn Johnson,Gilles Marini|Melissa Rycroft|Shawn Johnson,3,3,0.4264931631|0.6157375765|0.9577692726,0.7621067239|0.2158226879|0.0220705882,0.3795639005|0.6052662427|0.0151698568,False,1199.9999999999998,1200
9,1,Aaron Carter|Ashley Hamiliton|Chuck Liddell|Debi Mazar|Donny Osmond|Joanna Krupa|Kathy Ireland|Kelly Osbourne|Louie Vito|Macy Gray|Mark Dacascos|Melissa Joan Hart|Michael Irvin|Mya|Natalie Coughlin|Tom DeLay,Ashley Hamiliton|Macy Gray,2,16,0.0467783767|0.0519864839|0.0086581551|0.0715618584|0.1209458359|0.9921594918|0.0078434875|0.1329572343|0.1059727964|0.0429910274|0.0931233189|0.0922728534|0.0957886571|0.0536840374|0.0182988449|0.0649775143,0.0739798339|0.0714552820|0.0953855741|0.0627130356|0.0451207764|0.0001355048|0.0959050337|0.0416485613|0.0498572079|0.0758715316|0.0543164029|0.0546252391|0.0533597832|0.0706511795|0.0894478780|0.0655271760,0.0400997079|0.0519864839|0.0086581551|0.0715618584|0.1208716426|0.0009571970|0.0078434875|0.1324090158|0.1059726125|0.0429910274|0.0931172288|0.0922728534|0.0957886571|0.0521938250|0.0182987333|0.0649775143,False,1199.9999999999998,1200
9,2,Aaron Carter|Chuck Liddell|Debi Mazar|Donny Osmond|Joanna Krupa|Kathy Ireland|Kelly Osbourne|Louie Vito|Mark Dacascos|Melissa Joan Hart|Michael Irvin|Mya|Natalie Coughlin|Tom DeLay,Kathy Ireland,1,14,0.4953806904|0.0116516833|0.0834496465|0.1494682085|0.0925995538|0.0056484649|0.1467537847|0.1156215840|0.1067636546|0.1074815910|0.1031214814|0.4943616806|0.0203670132|0.0673309670,0.0050562900|0.1271659674|0.0787942461|0.0507400850|0.0741315037|0.1323585488|0.0516666439|0.0635839062|0.0674517991|0.0671297298|0.0691096525|0.0050907564|0.1199878951|0.0877329761,0.0075257328|0.0116516833|0.0834492409|0.1251793400|0.0925995522|0.0056484649|0.1467537847|0.1156215840|0.1067632489|0.1074815910|0.1031214798|0.0065067230|0.0203666076|0.0673309670,True,1182.0042868702851,1200
9,3,Aaron Carter|Chuck Liddell|Debi Mazar|Donny Osmond|Joanna Krupa|Kelly Osbourne|Louie Vito|Mark Dacascos|Melissa Joan Hart|Michael Irvin|Mya|Natalie Coughlin|Tom DeLay,Debi Mazar|Tom DeLay,2,13,0.0502301491|0.0094464900|0.0804118177|0.1356463537|0.0860545363|0.1481080121|0.1062528654|0.0988118295|0.1096267728|0.1015298626|0.5066847379|0.5008038675|0.0663927076,0.1137075961|0.1492348542|0.0929832233|0.0643404710|0.0895503430|0.0592112241|0.0782685163|0.0822490910|0.0765276960|0.0807721410|0.0054227313|0.0056395564|0.1020925563,0.0502164277|0.0094464900|0.0804118177|0.1356237308|0.0826970020|0.1481068857|0.1062524510|0.0988118291|0.1096267522|0.1015298626|0.0083824570|0.0025015866|0.0663927076,False,1199.9999999999998,1200
9,4,Aaron Carter|Chuck Liddell|Donny Osmond|Joanna Krupa|Kelly Osbourne|Louie Vito|Mark Dacascos|Melissa Joan Hart|Michael Irvin|Mya|Natalie Coughlin,Chuck Liddell,1,11,0.0655464263|0.0080516899|0.1756575249|0.1249263131|0.1800668408|0.1401760045|0.1264707142|0.7286171271|0.1318041640|0.2895210421|0.0291621248,0.1330747824|0.1952360788|0.0638692007|0.0895722294|0.0620190635|0.0809135032|0.0886547245|0.0016006982|0.0855578703|0.0298966711|0.1696051780,0.0655464258|0.0080516898|0.1755685134|0.1117158451|0.1800624092|0.1401760045|0.1264701145|0.0073500229|0.1318041640|0.0241816974|0.0290731134,True,1173.9649464868035,1200
9,5,Aaron Carter|Donny Osmond|Joanna Krupa|Kelly Osbourne|Louie Vito|Mark Dacascos|Melissa Joan Hart|Michael Irvin|Mya|Natalie Coughlin,Natalie Coughlin,1,10,0.0649230435|0.9236775012|0.1159096179|0.1794164073|0.1417752910|0.1442210653|0.1387916034|0.1422680528|0.1306201891|0.0183972141,0.1518151841|0.0004954119|0.1080672146|0.0707657266|0.0909505152|0.0894795769|0.0927777475|0.0906522259|0.0979721168|0.2070242804,0.0649196209|0.0052640409|0.1159061953|0.1794129847|0.1417752892|0.1380328440|0.1387915407|0.1422680527|0.0552322195|0.0183972122,True,1145.621522901111,1200
9,6,Aaron Carter|Donny Osmond|Joanna Krupa|Kelly Osbourne|Louie Vito|Mark Dacascos|Melissa Joan Hart|Michael Irvin|Mya,Louie Vito|Melissa Joan Hart,2,9,0.0628937502|0.1681274810|0.9968690701|0.1694377728|0.1409429910|0.1272322902|0.1287767256|0.1277371200|0.0779827965,0.1840710543|0.0912646605|0.0003637894|0.0904709101|0.1093981059|0.1198688523|0.1186409864|0.1194661080|0.1664555332,0.0604263007|0.1680822881|0.0014288850|0.1694377577|0.1409429889|0.1266817278|0.1287767200|0.1277371192|0.0764862127,False,1199.9999999999998,1200
9,7,Aaron Carter|Donny Osmond|Joanna Krupa|Kelly Osbourne|Mark Dacascos|Michael Irvin|Mya,Mark Dacascos|Michael Irvin,2,7,0.0912716204|0.2276686267|0.9881383693|0.2479500101|0.1714701767|0.1739079707|0.0995932211,0.2586973545|0.1042034760|0.0006547821|0.0910251885|0.1515630669|0.1491197779|0.2447363541,0.0803173791|0.2261861313|0.0020689881|0.2464675147|0.1714701358|0.1739066188|0.0995832321,False,1199.9999999999998,1200
9,8,Aaron Carter|Donny Osmond|Joanna Krupa|Kelly Osbourne|Mya,Aaron Carter,1,5,0.0845822476|0.3352418110|0.2264090261|0.3596951150|0.9940717885,0.5751708363|0.1081591060|0.2234427538|0.0918889994|0.0013383045,0.0844598046|0.3351193680|0.2197238693|0.3587903774|0.0019065806,True,1051.5049810678688,1200
9,9,Donny Osmond|Joanna Krupa|Kelly Osbourne|Mya,Joanna Krupa,1,4,0.4099775677|0.1964431615|0.4404847606|0.9530945353,0.1668163859|0.6926026305|0.1361166768|0.0044643067,0.4098603014|0.1491345563|0.4381294037|0.0028757385,True,986.6149009468826,1200
9,10,Donny Osmond|Kelly Osbourne|Mya,Donny Osmond|Kelly Osbourne|Mya,3,3,0.9627758276|0.7467239240|0.2905002351,0.0106815821|0.0450993116|0.9442191063,0.0124456298|0.7443682910|0.2431860792,False,1199.9999999999998,1200
10,2,Aiden Turner|Buzz Aldrin|Chad Ochocinco|Erin Andrews|Evan Lysacek|Jake Pavelka|Kate Gosselin|Nicole Scherzinger|Niecy Nash|Pamela Anderson|Shannen Doherty,Shannen Doherty,1,11,0.0251719862|0.0086657453|0.1741348000|0.2648490096|0.2488991132|0.0575253615|0.0331586959|0.9722958976|0.1218569406|0.0877595677|0.0056828935,0.1430092313|0.1596447108|0.0529751935|0.0289353017|0.0321816046|0.1152634081|0.1355939084|0.0002589164|0.0750641304|0.0942224654|0.1628511295,0.0251719618|0.0086657453|0.1741347999|0.2633918778|0.2196318375|0.0575251816|0.0331586959|0.0030968362|0.1218533287|0.0876870214|0.0056827137,True,1178.3778605955852,1200
10,3,Aiden Turner|Buzz Aldrin|Chad Ochocinco|Erin Andrews|Evan Lysacek|Jake Pavelka|Kate Gosselin|Nicole Scherzinger|Niecy Nash|Pamela Anderson,Buzz Aldrin,1,10,0.0289041859|0.0061637510|0.1949235189|0.2913923625|0.9987881796|0.0665284566|0.0399585810|0.1415872075|0.1345173541|0.0972363975,0.1673019034|0.1946888970|0.0553128047|0.0290750032|0.0002602550|0.1301869526|0.1554157863|0.0789314569|0.0827407477|0.1060861933,0.0289040013|0.0061637510|0.1949233343|0.2873245415|0.0034252421|0.0665223408|0.0399585810|0.1410366878|0.1345112384|0.0972302818,True,1175.2504768613035,1200
10,4,Aiden Turner|Chad Ochocinco|Erin Andrews|Evan Lysacek|Jake Pavelka|Kate Gosselin|Nicole Scherzinger|Niecy Nash|Pamela Anderson,Aiden Turner,1,9,0.0192014003|0.2064853378|0.3050842541|0.9264312970|0.0693861315|0.0400194146|0.1845900895|0.1449479445|0.1038541164,0.2295045051|0.0658489232|0.0341252291|0.0005421153|0.1642447651|0.1997638457|0.0761977091|0.0992470668|0.1305258406,0.0192013999|0.2063717325|0.3050785980|0.0058776128|0.0693848694|0.0400194145|0.1090264426|0.1449479063|0.1000920239,True,1139.3822254096424,1200
10,5,Chad Ochocinco|Erin Andrews|Evan Lysacek|Jake Pavelka|Kate Gosselin|Nicole Scherzinger|Niecy Nash|Pamela Anderson,Kate Gosselin,1,8,0.1997875094|0.3096527012|0.2894370172|0.0651357331|0.0236374357|0.8832004198|0.1347004647|0.0944487130,0.0885518896|0.0425701836|0.0487119957|0.2172974631|0.2865527187|0.0009300682|0.1366608536|0.1787248275,0.1997873462|0.3094736654|0.1703528750|0.0643333505|0.0236374346|0.0032810100|0.1347003014|0.0944340169,True,1134.1957864425117,1200
10,6,Chad Ochocinco|Erin Andrews|Evan Lysacek|Jake Pavelka|Nicole Scherzinger|Niecy Nash|Pamela Anderson,Jake Pavelka,1,7,0.1961947217|0.2917419505|0.2692357413|0.0416316925|0.9664517291|0.1364724080|0.0982717547,0.1195952586|0.0632523114|0.0734917434|0.3351349850|0.0007040306|0.1780851763|0.2297364947,0.1897003090|0.2626360134|0.2692259774|0.0416316683|0.0025954492|0.1364719219|0.0977386608,True,1085.4313362849446,1200
10,7,Chad Ochocinco|Erin Andrews|Evan Lysacek|Nicole Scherzinger|Niecy Nash|Pamela Anderson,Pamela Anderson,1,6,0.2652431385|0.3934340379|0.5455092964|0.5212056335|0.1876441349|0.0869637774,0.1487847982|0.0633006096|0.0229670344|0.0270066821|0.2495920151|0.4883488606,0.2632046124|0.3932667054|0.0466984091|0.0223947462|0.1876390819|0.0867964450,True,1025.1458820307137,1200
10,8,Chad Ochocinco|Erin Andrews|Evan Lysacek|Nicole Scherzinger|Niecy Nash,Niecy Nash,1,5,0.2486279085|0.3384388018|0.3252277033|0.9813230120|0.1063825463,0.2110378725|0.1159661479|0.1266430259|0.0015958453|0.5447571083,0.2485546897|0.3275721635|0.3143610650|0.0031394445|0.1063726372,True,1000.7629534258375,1200
10,9,Chad Ochocinco|Erin Andrews|Evan Lysacek|Nicole Scherzinger,Chad Ochocinco,1,4,0.2949923991|0.6039643930|0.5676485327|0.5333947046,0.6693736801|0.0853302632|0.1087046870|0.1365913697,0.2947174601|0.5984420953|0.0705471363|0.0362933083,True,975.0086553965949,1200
10,10,Erin Andrews|Evan Lysacek|Nicole Scherzinger,Erin Andrews|Evan Lysacek|Nicole Scherzinger,3,3,0.5175052647|0.5020073048|0.9804874337,0.4641436941|0.5146638260|0.0211924799,0.4996372823|0.4954340417|0.0049286760,False,1199.9999999999998,1200
11,1,Audrina Patridge|Brandy|Bristol Palin|David Hasselhoff|Florence Henderson|Jennifer Grey|Kurt Warner|Kyle Massey|Margaret Cho|Michael Bolton|Rick Fox|The Situation,David Hasselhoff,1,12,0.0660801257|0.1569184715|0.2500067198|0.0044473857|0.0521127303|0.8586304211|0.1600690374|0.2681485150|0.0187117307|0.0098417360|0.1223616995|0.0326714362,0.0999278767|0.0545359283|0.0293200446|0.1507064079|0.1096797396|0.0005070123|0.0534024138|0.0259799763|0.1370352227|0.1453829493|0.0686649033|0.1248575252,0.0660781953|0.0868149975|0.2500065613|0.0044473857|0.0521125719|0.0045952224|0.1600678666|0.1980450410|0.0187117306|0.0098417358|0.1166072557|0.0326714362,True,1185.133142439597,1200
11,2,Audrina Patridge|Brandy|Bristol Palin|Florence Henderson|Jennifer Grey|Kurt Warner|Kyle Massey|Margaret Cho|Michael Bolton|Rick Fox|The Situation,Michael Bolton,1,11,0.0847837889|0.1089649765|0.2304099573|0.0483084655|0.9724792971|0.1399707246|0.2430967718|0.0193265548|0.0056254797|0.1157956812|0.0312382968,0.0996764256|0.0848361100|0.0377538732|0.1271157410|0.0002681950|0.0689937755|0.0346920068|0.1542092978|0.1689581848|0.0810594833|0.1424369069,0.0555146040|0.1089487882|0.2298738735|0.0483084601|0.0032169952|0.1399545363|0.2422129189|0.0193265546|0.0056254797|0.1157794929|0.0312382966,True,1182.0028020479808,1200
11,3,Audrina Patridge|Brandy|Bristol Palin|Florence Henderson|Jennifer Grey|Kurt Warner|Kyle Massey|Margaret Cho|Rick Fox|The Situation,Margaret Cho,1,10,0.9805877261|0.0994356143|0.2153577627|0.0398562513|0.1560044296|0.1311603826|0.2304849346|0.0111856438|0.1067034340|0.0292238416,0.0003049925|0.1085140111|0.0501022028|0.1614305553|0.0744221687|0.0878280428|0.0452959291|0.1954319889|0.1033816177|0.1732884911,0.0010505967|0.0928355450|0.2153577607|0.0398562364|0.1494043602|0.1310394981|0.2299431680|0.0111856436|0.1001033647|0.0292238266,True,1162.8104604828786,1200
11,4,Audrina Patridge|Brandy|Bristol Palin|Florence Henderson|Jennifer Grey|Kurt Warner|Kyle Massey|Rick Fox|The Situation,The Situation,1,9,0.0705525782|0.1286560121|0.2470309333|0.0489070263|0.9704831753|0.1473003774|0.2570724938|0.1113842428|0.0186131764,0.1610755234|0.1093459947|0.0496675090|0.1860800623|0.0003994511|0.0965654821|0.0464514295|0.1226901715|0.2277243765,0.0666014184|0.0994606698|0.2470309313|0.0489069175|0.0036662135|0.1473003531|0.2570458711|0.1113744489|0.0186131763,True,1138.129648521401,1200
11,5,Audrina Patridge|Brandy|Bristol Palin|Florence Henderson|Jennifer Grey|Kurt Warner|Kyle Massey|Rick Fox,Florence Henderson,1,8,0.0594013223|0.9945417561|0.2341221259|0.0281567622|0.1729733677|0.1454113631|0.2531051183|0.1122882092,0.2194955175|0.0004304441|0.0684789538|0.2703260650|0.1029439682|0.1237089388|0.0603386688|0.1542774438,0.0593740009|0.0023525872|0.2341221225|0.0281565781|0.1662880497|0.1448625988|0.2531046179|0.1117394449,True,1118.7340095435516,1200
11,6,Audrina Patridge|Brandy|Bristol Palin|Jennifer Grey|Kurt Warner|Kyle Massey|Rick Fox,Audrina Patridge,1,7,0.0815755054|0.9545118646|0.2423552647|0.1811852322|0.1608469852|0.2676777471|0.1118473812,0.2812124378|0.0008348816|0.0962785284|0.1447554179|0.1657753997|0.0813229919|0.2298203427,0.0341711454|0.0023698644|0.2423544730|0.1811693298|0.1608469707|0.2673583390|0.1117298776,True,1096.6159995402977,1200
11,7,Brandy|Bristol Palin|Jennifer Grey|Kurt Warner|Kyle Massey|Rick Fox,Rick Fox,1,6,0.2476824398|0.3185053253|0.8238813592|0.1958380635|0.3202986795|0.0937941526,0.1547050130|0.0964830738|0.0033207612|0.2185794004|0.0953364198|0.4315753318,0.0656566496|0.3185052697|0.0080983353|0.1938159396|0.3202956393|0.0936281665,True,1002.8641912243738,1200
11,8,Brandy|Bristol Palin|Jennifer Grey|Kurt Warner|Kyle Massey,Kurt Warner,1,5,0.4784705637|0.4402121840|0.4949945142|0.1820143952|0.4043083433,0.0830406498|0.1071667582|0.0743787717|0.5992654774|0.1361483428,0.0288073717|0.4401206917|0.0453313222|0.1817656936|0.3039749209,True,963.3768432217394,1200
11,9,Brandy|Bristol Palin|Jennifer Grey|Kyle Massey,Brandy,1,4,0.1614413316|0.4730581077|0.9159367606|0.4495637853,0.7823035843|0.0979833637|0.0051154908|0.1145975611,0.1448051742|0.4725557392|0.0076333806|0.3750057060,True,1053.0992424851322,1200
11,10,Bristol Palin|Jennifer Grey|Kyle Massey,Bristol Palin|Jennifer Grey|Kyle Massey,3,3,0.5028550234|0.9809071157|0.5162378642,0.5112630492|0.0211126056|0.4676243453,0.4962817603|0.0053483579|0.4983698818,False,1199.9999999999998,1200
12,2,Chelsea Kane|Chris Jericho|Hines Ward|Kendra Wilkinson|Kirstie Alley|Mike Catherwood|Petra Nemcova|Ralph Macchio|Romeo|Sugar Ray Leonard|Wendy Williams,Mike Catherwood,1,11,0.2087060999|0.4316521909|0.4740185474|0.1116692502|0.2530382984|0.0077450479|0.0523340743|0.1875303147|0.2280853439|0.0286445761|0.0165762661,0.0508738482|0.0115079918|0.0086763363|0.0971505013|0.0378564363|0.1942389983|0.1442905788|0.0585874732|0.0447080710|0.1689764173|0.1831333476,0.2087060824|0.0097973969|0.0521637534|0.1116682966|0.2529862374|0.0077450476|0.0523340638|0.1864846412|0.0728936393|0.0286445758|0.0165762658,True,1171.9998968067828,1200
12,3,Chelsea Kane|Chris Jericho|Hines Ward|Kendra Wilkinson|Kirstie Alley|Petra Nemcova|Ralph Macchio|Romeo|Sugar Ray Leonard|Wendy Williams,Wendy Williams,1,10,0.2019365216|0.0527323746|0.5342375092|0.1110541721|0.2452228620|0.5021589731|0.1762382085|0.1347568940|0.0306934699|0.0109690160,0.0625547602|0.1691416702|0.0068257513|0.1146546614|0.0468741679|0.0084533205|0.0742445536|0.0978960811|0.1959114322|0.2234436015,0.1999085513|0.0527312530|0.0380095296|0.1055415774|0.2452217403|0.0059309934|0.1762370869|0.1347568382|0.0306934140|0.0109690160,True,1162.8604925112095,1200
12,4,Chelsea Kane|Chris Jericho|Hines Ward|Kendra Wilkinson|Kirstie Alley|Petra Nemcova|Ralph Macchio|Romeo|Sugar Ray Leonard,Sugar Ray Leonard,1,9,0.9037698233|0.0545765451|0.2883820599|0.1000086947|0.2380814213|0.0457842927|0.2079656821|0.1455965290|0.0158349740,0.0006316082|0.1815992884|0.0382100709|0.1341450330|0.0534334367|0.1925618814|0.0653141236|0.0989883983|0.2351161595,0.0048925603|0.0545357361|0.2612383188|0.1000086943|0.2380793895|0.0457434837|0.1341813457|0.1454855987|0.0158348729,True,1152.5445144772025,1200
12,5,Chelsea Kane|Chris Jericho|Hines Ward|Kendra Wilkinson|Kirstie Alley|Petra Nemcova|Ralph Macchio|Romeo,Petra Nemcova,1,8,0.2537882526|0.1413744016|0.7289648264|0.1223803007|0.2840211039|0.0369888189|0.2208669907|0.2116152952,0.0758145993|0.1604073554|0.0031913597|0.1820613813|0.0619754622|0.3217003221|0.0944212314|0.1004282886,0.1575337102|0.0451198591|0.0177346080|0.1223797092|0.2840167340|0.0369882275|0.2208663993|0.1153607527,True,1112.701509260411,1200
12,6,Chelsea Kane|Chris Jericho|Hines Ward|Kendra Wilkinson|Kirstie Alley|Ralph Macchio|Romeo,Chris Jericho,1,7,0.4817446702|0.0437625000|0.3362296635|0.1351833837|0.3104989926|0.2229796669|0.4696011264,0.0237613595|0.4405138312|0.0626874178|0.2394798514|0.0744180530|0.1333744694|0.0257650177,0.0381454461|0.0437614973|0.2372492963|0.1347788736|0.2971034568|0.2229595275|0.0260019024,True,1099.477228547594,1200
12,7,Chelsea Kane|Hines Ward|Kendra Wilkinson|Kirstie Alley|Ralph Macchio|Romeo,Kendra Wilkinson,1,6,0.2864531928|0.6264544126|0.1030773343|0.3596620342|0.4157356268|0.2086174143,0.1385864638|0.0143653581|0.4705960777|0.0850666848|0.0585342191|0.2328511966,0.2378505559|0.0343530771|0.1029568604|0.3596177143|0.0566080159|0.2086137763,True,995.4058643926855,1200
12,8,Chelsea Kane|Hines Ward|Kirstie Alley|Ralph Macchio|Romeo,Romeo,1,5,0.8040695012|0.3972655469|0.3619035074|0.2922632646|0.1444981718,0.0068180852|0.1026787344|0.1299762784|0.2067727255|0.5537541766,0.0104885519|0.2201937073|0.3379394395|0.2922272360|0.1391510652,True,974.6246136095588,1200
12,9,Chelsea Kane|Hines Ward|Kirstie Alley|Ralph Macchio,Ralph Macchio,1,4,0.9571156315|0.4298069472|0.4068288810|0.2062485655,0.0044823198|0.1507363009|0.1756896466|0.6690917327,0.0068968348|0.3824983420|0.4044735240|0.2061312992,True,940.3561183881939,1200
12,10,Chelsea Kane|Hines Ward|Kirstie Alley,Chelsea Kane|Hines Ward|Kirstie Alley,3,3,0.5821172072|0.6267510479|0.7911317602,0.5022977194|0.3730207592|0.1246815214,0.0848791077|0.1295129483|0.7856079440,False,1199.9999999999998,1200
13,1,Carson Kressley|Chaz Bono|Chynna Phillips|David Arquette|Elisabetta Canalis|Hope Solo|J.R. Martinez|Kristin Cavallari|Metta World Peace (Ron)|Nancy Grace|Ricki Lake|Rob Kardashian,Metta World Peace (Ron),1,12,0.0507490884|0.0631104859|0.4817744592|0.0945509007|0.0143831120|0.1681328678|0.5138948525|0.0231803091|0.0092736986|0.1495747908|0.1885312281|0.2428441806,0.1217131131|0.1120849904|0.0068768746|0.0908904251|0.1551056637|0.0556514545|0.0055512788|0.1462706401|0.1604800029|0.0629807250|0.0485754930|0.0338193389,0.0507490763|0.0631104739|0.0024383167|0.0945502436|0.0143831120|0.1287865602|0.0345587100|0.0231585472|0.0092736986|0.1495747904|0.1865722908|0.2428441804,True,1165.9999550147713,1200
13,2,Carson Kressley|Chaz Bono|Chynna Phillips|David Arquette|Elisabetta Canalis|Hope Solo|J.R. Martinez|Kristin Cavallari|Nancy Grace|Ricki Lake|Rob Kardashian,Elisabetta Canalis,1,11,0.0478327368|0.0616152362|0.0195358542|0.0963689788|0.0102432189|0.1469517904|0.2635589215|0.0459695358|0.1456824355|0.9253013850|0.2369399092,0.1298425211|0.1184438501|0.1567995477|0.0939485595|0.1668206236|0.0670560374|0.0308195052|0.1314653974|0.0676258979|0.0003740115|0.0368040487,0.0478327349|0.0616152358|0.0181507154|0.0963689769|0.0088580801|0.1469516195|0.2176894220|0.0181482781|0.1448423063|0.0039878607|0.2355547703,True,1168.7302484306622,1200
13,3,Carson Kressley|Chaz Bono|Chynna Phillips|David Arquette|Hope Solo|J.R. Martinez|Kristin Cavallari|Nancy Grace|Ricki Lake|Rob Kardashian,Kristin Cavallari,1,10,0.0474192270|0.0601000702|0.0365282148|0.0861903737|0.1450247852|0.2670243519|0.0134861025|0.1444210639|0.9568353061|0.2429705042,0.1521850648|0.1398483131|0.1636457549|0.1175217004|0.0793916811|0.0352006006|0.1908176275|0.0797118613|0.0003542769|0.0413231192,0.0474189353|0.0601000702|0.0190606918|0.0861807127|0.1450151242|0.2382252745|0.0134764415|0.1444210635|0.0031408433|0.2429608432,True,1156.8026394999317,1200
13,4,Carson Kressley|Chaz Bono|Chynna Phillips|David Arquette|Hope Solo|J.R. Martinez|Nancy Grace|Ricki Lake|Rob Kardashian,Chynna Phillips,1,9,0.0524080870|0.0642330874|0.0121301511|0.0950893904|0.1519754576|0.2656753729|0.1477203465|0.9733375764|0.2374305515,0.1797296973|0.1661050973|0.2350912210|0.1352212083|0.0925428305|0.0433658443|0.0952056204|0.0003874859|0.0523509950,0.0524080858|0.0642330727|0.0121301364|0.0950626905|0.1514391756|0.2363953661|0.1477203317|0.0037168718|0.2368942694,True,1163.458413855051,1200
13,5,Carson Kressley|Chaz Bono|David Arquette|Hope Solo|J.R. Martinez|Nancy Grace|Ricki Lake|Rob Kardashian,Carson Kressley,1,8,0.0346021876|0.0675911532|0.1048233551|0.1688960515|0.9962912486|0.1607451778|0.2000464335|0.2670043995,0.2621612446|0.2104048041|0.1641562363|0.1070897562|0.0004307184|0.1130699308|0.0870078298|0.0556794798,0.0346021842|0.0675910856|0.1007724213|0.1685635306|0.0050604627|0.1607429373|0.1997139126|0.2629534657,True,1100.8495963058604,1200
13,6,Chaz Bono|David Arquette|Hope Solo|J.R. Martinez|Nancy Grace|Ricki Lake|Rob Kardashian,Chaz Bono,1,7,0.0532215664|0.1305051966|0.2158932189|0.5417833340|0.2071317280|0.5273424718|0.3241224769,0.3938465601|0.2352707999|0.1331509849|0.0151633744|0.1411599505|0.0166957694|0.0647125608,0.0532214738|0.1302290835|0.2158928037|0.0425590587|0.2058942747|0.0281181965|0.3240851091,True,1064.3553719053452,1200
13,7,David Arquette|Hope Solo|J.R. Martinez|Nancy Grace|Ricki Lake|Rob Kardashian,David Arquette,1,6,0.0709233111|0.1891728893|0.3183031003|0.1906641769|0.9501708905|0.2807656185,0.4261456089|0.1937271200|0.0819068395|0.1918106436|0.0012130412|0.1051967469,0.0708972516|0.1827963425|0.3181863098|0.1906636996|0.0038074414|0.2336489552,True,1044.2566059154767,1200
13,8,Hope Solo|J.R. Martinez|Nancy Grace|Ricki Lake|Rob Kardashian,Nancy Grace,1,5,0.2329049401|0.9972076612|0.1463037190|0.2732390043|0.3503446736,0.2494567930|0.0015279611|0.4443565140|0.1906409783|0.1140177535,0.2288549889|0.0062173205|0.1462976301|0.2691890531|0.3494410074,True,910.6749764183276,1200
13,9,Hope Solo|J.R. Martinez|Ricki Lake|Rob Kardashian,Hope Solo,1,4,0.2388257068|0.5775576992|0.7450501669|0.4385664246,0.7128527714|0.0745195587|0.0243966340|0.1882310358,0.2385817256|0.5726572060|0.0177525032|0.1710085651,True,998.2791715343226,1200
13,10,J.R. Martinez|Ricki Lake|Rob Kardashian,J.R. Martinez|Ricki Lake|Rob Kardashian,3,3,0.6201250807|0.4653028479|0.9145720603,0.2533230339|0.7111004549|0.0355765113,0.5463263795|0.4381538225|0.0155197980,False,1199.9999999999998,1200
14,2,Donald Driver|Gavin DeGraw|Gladys Knight|Jack Wagner|Jaleel White|Katherine Jenkins|Maria Menounos|Martina Navratilova|Melissa Gilbert|Roshon Fegan|Sherri Sheperd|William Levy,Martina Navratilova,1,12,0.1919311098|0.0315880643|0.0532412947|0.0142281372|0.1079362374|0.5100980675|0.1515700738|0.0046345332|0.1900559090|0.5124856629|0.0250894228|0.2071414918,0.0466349270|0.1358163225|0.1175599638|0.1524804285|0.0816396934|0.0055914392|0.0610335272|0.1625512945|0.0472215853|0.0055031432|0.1418297904|0.0421378851,0.1912021401|0.0315880598|0.0532412947|0.0142281327|0.1079360891|0.0252299582|0.1274299114|0.0046345332|0.1900559088|0.0276175537|0.0250813247|0.2017550936,True,1182.1416578119436,1200
14,3,Donald Driver|Gavin DeGraw|Gladys Knight|Jack Wagner|Jaleel White|Katherine Jenkins|Maria Menounos|Melissa Gilbert|Roshon Fegan|Sherri Sheperd|William Levy,Jack Wagner,1,11,0.1764664070|0.0281994719|0.0502666800|0.0080085770|0.0954627552|0.9223187790|0.1357141046|0.1601422256|0.1912038761|0.0196152993|0.2126018419,0.0562793572|0.1512257941|0.1305373411|0.1730152968|0.0965781144|0.0003898390|0.0738480665|0.0627498186|0.0510128732|0.1601325425|0.0442309563,0.1764411175|0.0281994700|0.0502666781|0.0080085751|0.0954624742|0.0039194450|0.1295259787|0.1601422237|0.1912037057|0.0196152974|0.1372150346,True,1170.7444664295424,1200
14,4,Donald Driver|Gavin DeGraw|Gladys Knight|Jaleel White|Katherine Jenkins|Maria Menounos|Melissa Gilbert|Roshon Fegan|Sherri Sheperd|William Levy,Sherri Sheperd,1,10,0.9127527931|0.0271853082|0.0550966813|0.1031670211|0.1758581770|0.1532778288|0.1746935433|0.1998209186|0.0126501726|0.1854975687,0.0005074283|0.1859324208|0.1543630751|0.1120380478|0.0690085783|0.0802194877|0.0695464618|0.0588198398|0.2048512657|0.0647133947,0.0034834602|0.0271797215|0.0550966809|0.1031669187|0.1756731695|0.1080079744|0.1746933746|0.1545510642|0.0126501695|0.1854974664,True,1162.3905462915707,1200
14,5,Donald Driver|Gavin DeGraw|Gladys Knight|Jaleel White|Katherine Jenkins|Maria Menounos|Melissa Gilbert|Roshon Fegan|William Levy,Gavin DeGraw,1,9,0.2040867542|0.0205682820|0.0535135984|0.1154856296|0.5240185082|0.1512881198|0.1943252019|0.2117579546|0.5249559466,0.0793125600|0.2695767088|0.2164192591|0.1431754307|0.0093981996|0.1127741784|0.0846456329|0.0753583825|0.0093396479,0.2020547138|0.0205682816|0.0535135424|0.1154825745|0.0267946244|0.1479378517|0.1943251943|0.2115911545|0.0277320627,True,1138.3587167514804,1200
14,6,Donald Driver|Gladys Knight|Jaleel White|Katherine Jenkins|Maria Menounos|Melissa Gilbert|Roshon Fegan|William Levy,Gladys Knight,1,8,0.1760881502|0.0339138071|0.1103649477|0.9819183722|0.1387565227|0.1706534705|0.1940335692|0.1942711356,0.1083757856|0.2796205871|0.1679656287|0.0005032859|0.1390011492|0.1123743695|0.0961556812|0.0960035127,0.1757596302|0.0339138063|0.0924283623|0.0026139989|0.1387543091|0.1706526562|0.1940335543|0.1918436827,True,1101.0250075527395,1200
14,7,Donald Driver|Jaleel White|Katherine Jenkins|Maria Menounos|Melissa Gilbert|Roshon Fegan|William Levy,Jaleel White,1,7,0.1824500041|0.0647124858|0.1831960630|0.9975583337|0.1763501650|0.1951951867|0.2005377835,0.1420842935|0.3114806714|0.1413793597|0.0006202485|0.1479813262|0.1305103604|0.1259437403,0.1821161398|0.0647102363|0.1791287636|0.0023230098|0.1763501498|0.1951677814|0.2002039193,True,1025.3267638654588,1200
14,8,Donald Driver|Katherine Jenkins|Maria Menounos|Melissa Gilbert|Roshon Fegan|William Levy,Melissa Gilbert|Roshon Fegan,2,6,0.2316378348|0.2302397278|0.1776247634|0.2214040646|0.2715538687|0.8675397499,0.1888859812|0.1906547636|0.2707594265|0.2022225237|0.1447541326|0.0027231722,0.2220965477|0.2206984408|0.1718376800|0.2213897199|0.1553171895|0.0086604222,False,1199.9999999999998,1200
14,9,Donald Driver|Katherine Jenkins|Maria Menounos|William Levy,Maria Menounos,1,4,0.3762192997|0.3810218598|0.8698021596|0.3729566901,0.3302823686|0.3198751885|0.0122974946|0.3375449483,0.3603770985|0.3788778509|0.0048472708|0.2558977797,True,1119.0270056225133,1200
14,10,Donald Driver|Katherine Jenkins|William Levy,Donald Driver|Katherine Jenkins|William Levy,3,3,0.6120728836|0.7420249094|0.6459021772,0.4507389516|0.1895288986|0.3597321498,0.4577921167|0.0505864729|0.4916214104,False,1199.9999999999998,1200
15,1,Apolo Anton Ohno|Bristol Palin|Drew Lachey|Emmitt Smith|Gilles Marini|Helio Castroneves|Joey Fatone|Kelly Monaco|Kirstie Alley|Melissa Rycroft|Pamela Anderson|Sabrina Bryan|Shawn Johnson,Pamela Anderson,1,13,0.1085027155|0.0301234739|0.1202941047|0.7372702836|0.3112735383|0.1078928617|0.0122723089|0.1273213178|0.1123157418|0.1227171435|0.0055180870|0.0696192088|0.1348792200,0.0731198286|0.1233009185|0.0675920465|0.0011055200|0.0189214102|0.0734177164|0.1388835242|0.0644985172|0.0712845353|0.0665089636|0.1452801246|0.0947576861|0.0613292088,0.1084982244|0.0301234739|0.1202938811|0.0063253520|0.0423739187|0.1078927261|0.0122723088|0.1273210942|0.1123157418|0.1227171394|0.0055180870|0.0694704846|0.1348775678,True,1179.5398025155082,1200
15,2,Apolo Anton Ohno|Bristol Palin|Drew Lachey|Emmitt Smith|Gilles Marini|Helio Castroneves|Joey Fatone|Kelly Monaco|Kirstie Alley|Melissa Rycroft|Sabrina Bryan|Shawn Johnson,Joey Fatone,1,12,0.1051486805|0.0259390239|0.1038759445|0.1159422186|0.1910594112|0.1048413509|0.0069732184|0.1158756790|0.1156698614|0.1121651901|0.8729541366|0.1295552802,0.0847578127|0.1437193306|0.0854800345|0.0788731611|0.0478016292|0.0849316479|0.1630898062|0.0789081568|0.0790165024|0.0808844179|0.0005071720|0.0720303287,0.1038390092|0.0259390239|0.1038759396|0.1159422137|0.0731665573|0.1048412529|0.0069732136|0.1158756787|0.1156698614|0.1121619438|0.0018372600|0.1198780461,True,1171.222604626415,1200
15,3,Apolo Anton Ohno|Bristol Palin|Drew Lachey|Emmitt Smith|Gilles Marini|Helio Castroneves|Kelly Monaco|Kirstie Alley|Melissa Rycroft|Sabrina Bryan|Shawn Johnson,Drew Lachey|Helio Castroneves,2,11,0.1089064704|0.0278482359|0.1168571580|0.1326034561|0.1301194244|0.1149740424|0.5160073003|0.1280381747|0.5161094216|0.0710595263|0.1374768007,0.1055551761|0.1812037414|0.1001059603|0.0901300752|0.0916350755|0.1013706226|0.0069952285|0.0929153735|0.0069904677|0.1358493801|0.0872488991,0.1088838487|0.0278482359|0.1168571574|0.1326030418|0.1300968027|0.1149514207|0.0177314243|0.1280381740|0.0178335456|0.0710369046|0.1341194443,False,1199.9999999999998,1200
15,4,Apolo Anton Ohno|Bristol Palin|Emmitt Smith|Gilles Marini|Kelly Monaco|Kirstie Alley|Melissa Rycroft|Sabrina Bryan|Shawn Johnson,Bristol Palin,1,9,0.1506333163|0.0239598114|0.1724346619|0.5214258623|0.1746244303|0.1693504363|0.1712231247|0.0953335080|0.5210148647,0.1188634356|0.2765703630|0.1027843321|0.0100344576|0.1012947389|0.1049196096|0.1036178740|0.1718531997|0.0100619895,0.1506333146|0.0239598114|0.1724342463|0.0216608537|0.1741687036|0.1693504363|0.1712093630|0.0953334152|0.0212498560,True,1129.4443257855692,1200
15,6,Apolo Anton Ohno|Emmitt Smith|Gilles Marini|Kelly Monaco|Kirstie Alley|Melissa Rycroft|Sabrina Bryan|Shawn Johnson,Sabrina Bryan,1,8,0.5003904560|0.1709224841|0.1671382914|0.1685755897|0.1589622464|0.1761724241|0.4872536716|0.1705848482,0.0175812304|0.1581090560|0.1621485636|0.1606022780|0.1712320991|0.1526710219|0.0191904055|0.1584653455,0.0202385047|0.1709223372|0.1671302720|0.1685745044|0.1589542270|0.1367591507|0.0071017203|0.1703192836,True,1161.7651654005922,1200
15,8,Apolo Anton Ohno|Emmitt Smith|Gilles Marini|Kelly Monaco|Kirstie Alley|Melissa Rycroft|Shawn Johnson,Gilles Marini|Kirstie Alley,2,7,0.1597286968|0.1672678702|0.1723241729|0.1762821254|0.1671525899|0.9799674776|0.1772770665,0.1782060825|0.1694706052|0.1638531838|0.1595862385|0.1696008995|0.0007517752|0.1585312153,0.1418319496|0.1663768436|0.1683308690|0.1762658057|0.1671524086|0.0028381970|0.1772039266,False,1199.9999999999998,1200
15,9,Apolo Anton Ohno|Emmitt Smith|Kelly Monaco|Melissa Rycroft|Shawn Johnson,Apolo Anton Ohno|Emmitt Smith,2,5,0.2353796231|0.2805088595|0.2761948992|0.2602769108|0.9476396798,0.2978243340|0.2204436822|0.2268756314|0.2522755420|0.0025808104,0.2249091853|0.2804660693|0.2761521089|0.2133516678|0.0051209687,False,1199.9999999999998,1200
15,10,Kelly Monaco|Melissa Rycroft|Shawn Johnson,Kelly Monaco|Melissa Rycroft|Shawn Johnson,3,3,0.5161170540|0.9131373780|0.5707455568,0.5663679377|0.0401427469|0.3934893155,0.4423183528|0.0140851157|0.5435965314,False,1199.9999999999998,1200
16,2,Alexandra Raisman|Andy Dick|D. L. Hughley|Dorothy Hamill|Ingo Rademacher|Jacoby Jones|Kellie Pickler|Lisa Vanderpump|Sean Lowe|Victor Ortiz|Wynonna Judd|Zendaya,Dorothy Hamill,1,12,0.2015703698|0.0905519474|0.0272941127|0.0051121463|0.1765362624|0.2110149656|0.5336792449|0.0175245950|0.1333602295|0.0552763088|0.0119770860|0.5361027489,0.0425305782|0.0891522979|0.1359198017|0.1575818166|0.0502553673|0.0399352476|0.0046467318|0.1450669175|0.0670177542|0.1127888001|0.1505324279|0.0045722592,0.1925024181|0.0905516977|0.0272941127|0.0051121463|0.1765358507|0.2102706228|0.0385858397|0.0175245946|0.1333599798|0.0552763084|0.0119770857|0.0410093437,True,1181.6953969653187,1200
16,3,Alexandra Raisman|Andy Dick|D. L. Hughley|Ingo Rademacher|Jacoby Jones|Kellie Pickler|Lisa Vanderpump|Sean Lowe|Victor Ortiz|Wynonna Judd|Zendaya,Wynonna Judd,1,11,0.1816535634|0.0911194393|0.0260686575|0.1747916369|0.5141754226|0.2806715188|0.0199996424|0.1231940348|0.0524740963|0.0072410621|0.5286109391,0.0574689079|0.1050887147|0.1621426939|0.0601589512|0.0062615745|0.0296993264|0.1688375272|0.0848575747|0.1359708488|0.1838268123|0.0056870684,0.1815933668|0.0911194391|0.0260686575|0.1747913909|0.0263980106|0.2563865116|0.0199993964|0.1231937888|0.0523748491|0.0072410621|0.0408335272,True,1176.7727627112351,1200
16,4,Alexandra Raisman|Andy Dick|D. L. Hughley|Ingo Rademacher|Jacoby Jones|Kellie Pickler|Lisa Vanderpump|Sean Lowe|Victor Ortiz|Zendaya,Lisa Vanderpump,1,10,0.7918874602|0.0842611113|0.0242853505|0.1614902473|0.1983023048|0.2778642942|0.0106267341|0.1175901127|0.0537148822|0.2799775048,0.0011498977|0.1286611177|0.1919088191|0.0768857879|0.0601539633|0.0353922924|0.2102038558|0.1030267446|0.1577203425|0.0348971791,0.0054832081|0.0842608708|0.0242851100|0.1614685925|0.1975851970|0.1714360510|0.0106267340|0.1175900929|0.0537148821|0.1735492616,True,1162.3017280602965,1200
16,5,Alexandra Raisman|Andy Dick|D. L. Hughley|Ingo Rademacher|Jacoby Jones|Kellie Pickler|Sean Lowe|Victor Ortiz|Zendaya,D. L. Hughley,1,9,0.1676465429|0.0762805346|0.0151226081|0.1590804419|0.1903104705|0.2583752737|0.1108186790|0.0486778548|0.9736875971,0.0851540600|0.1565802735|0.2354004998|0.0901585175|0.0732127243|0.0465070485|0.1243766563|0.1882153289|0.0003948912,0.1673218149|0.0762805344|0.0151226079|0.1590803330|0.1879110369|0.2291441892|0.1107747318|0.0486777458|0.0056870063,True,1152.4304395526603,1200
16,6,Alexandra Raisman|Andy Dick|Ingo Rademacher|Jacoby Jones|Kellie Pickler|Sean Lowe|Victor Ortiz|Zendaya,Victor Ortiz,1,8,0.2074583832|0.0857867054|0.1680013916|0.2026936412|0.9064476504|0.1227132358|0.0314453942|0.2754536066,0.0891181451|0.2005588020|0.1159326678|0.0919944187|0.0008436939|0.1567936503|0.2881216793|0.0566369429,0.1336635862|0.0857866441|0.1679766362|0.2026902909|0.0074429526|0.1226884804|0.0314453924|0.2483060173,True,1111.5551094840946,1200
16,7,Alexandra Raisman|Andy Dick|Ingo Rademacher|Jacoby Jones|Kellie Pickler|Sean Lowe|Zendaya,Andy Dick,1,7,0.9125487719|0.0532766490|0.1653918965|0.2035895247|0.2619314373|0.1236943450|0.2795673858,0.0011063805|0.3402139629|0.1611184388|0.1248969359|0.0846514977|0.2127512018|0.0752615824,0.0040760551|0.0532766114|0.1653826936|0.2032847661|0.2452921785|0.1236922915|0.2049954038,True,1063.7865950087735,1200
16,8,Alexandra Raisman|Ingo Rademacher|Jacoby Jones|Kellie Pickler|Sean Lowe|Zendaya,Sean Lowe,1,6,0.2385180082|0.2201898597|0.2721157478|0.3352715924|0.1026015351|0.8313032398,0.1681283102|0.1899792957|0.1343895280|0.0882085189|0.4160632367|0.0032311105,0.1712339084|0.2201285045|0.2700839440|0.2243388623|0.1025996823|0.0116150985,True,990.3800838871697,1200
16,9,Alexandra Raisman|Ingo Rademacher|Jacoby Jones|Kellie Pickler|Zendaya,Ingo Rademacher,1,5,0.5087011949|0.1726204484|0.5068027407|0.3856479901|0.4262276001,0.0648702822|0.6096761577|0.0656965215|0.1473402173|0.1124168214,0.0409500495|0.1725854364|0.0390515953|0.3223447579|0.4250681609,True,971.5105525944716,1200
16,10,Alexandra Raisman|Jacoby Jones|Kellie Pickler|Zendaya,Alexandra Raisman|Jacoby Jones|Kellie Pickler|Zendaya,4,4,0.3962549783|0.4582153757|0.5701814912|0.5753481656,0.4389282301|0.2904021245|0.1376653622|0.1330042832,0.3719768814|0.4577707068|0.0825428687|0.0877095431,False,1199.9999999999998,1200
17,2,"Amber Riley|Bill Engvall|Bill Nye|Brant Daugherty|Christina Milian|Corbin Bleu|Elizabeth Berkley Lauren|Jack Osbourne|Keyshawn Johnson|Leah Remini|Nicole ""Snooki"" Polizzi|Valerie Harper",Keyshawn Johnson,1,12,0.1752177109|0.1895037357|0.0122853053|0.0672648518|0.0810043268|0.9562660286|0.1141019235|0.2127413087|0.0053047289|0.1201733089|0.0492274207|0.0169093316,0.0480215728|0.0436590319|0.1422898793|0.0986261136|0.0899936912|0.0002630691|0.0721746535|0.0373933554|0.1490681459|0.0693116515|0.1112283851|0.1379704508,0.1743502973|0.1895037269|0.0122853053|0.0672489646|0.0522795316|0.0050314495|0.0966794542|0.2118738950|0.0053047289|0.1193058952|0.0492274200|0.0169093316,True,1181.5821495168084,1200
17,3,"Amber Riley|Bill Engvall|Bill Nye|Brant Daugherty|Christina Milian|Corbin Bleu|Elizabeth Berkley Lauren|Jack Osbourne|Leah Remini|Nicole ""Snooki"" Polizzi|Valerie Harper",Bill Nye,1,11,0.1505306871|0.1640216453|0.0075934666|0.9654230033|0.0660836382|0.2047653310|0.0976474890|0.1774503107|0.1089559278|0.0416165747|0.0159119374,0.0663911460|0.0606805964|0.1721693367|0.0002902387|0.1165760711|0.0462471302|0.0944545115|0.0554842695|0.0875954247|0.1372299228|0.1628813524,0.1505270936|0.1640180518|0.0075934666|0.0011487757|0.0484223405|0.1871040333|0.0974512897|0.1774503017|0.1089523342|0.0414203754|0.0159119374,True,1173.017502084538,1200
17,4,"Amber Riley|Bill Engvall|Brant Daugherty|Christina Milian|Corbin Bleu|Elizabeth Berkley Lauren|Jack Osbourne|Leah Remini|Nicole ""Snooki"" Polizzi|Valerie Harper",Valerie Harper,1,10,0.3813847586|0.2309697574|0.0849740575|0.0712040180|0.4063181882|0.3656899527|0.2515458706|0.1388646623|0.0576162543|0.0114324802,0.0205525444|0.0560223896|0.1482731367|0.1625289848|0.0174050760|0.0228195309|0.0488413523|0.1035221285|0.1779391157|0.2420957412,0.0480636640|0.2309697563|0.0849740563|0.0711948395|0.0729970937|0.0323688582|0.2515366921|0.1388554838|0.0576070758|0.0114324802,True,1164.4324972705017,1200
17,5,"Amber Riley|Bill Engvall|Brant Daugherty|Christina Milian|Corbin Bleu|Elizabeth Berkley Lauren|Jack Osbourne|Leah Remini|Nicole ""Snooki"" Polizzi",Christina Milian,1,9,0.1909054018|0.2085554050|0.0917287509|0.3636545756|0.6056472553|0.1180980380|0.2240610188|0.1279083577|0.0694411957,0.0961451431|0.0854722934|0.1862400867|0.0303925587|0.0060551749|0.1562162683|0.0770782786|0.1463263281|0.2160738681,0.1844042962|0.2085549184|0.0740569143|0.0087062338|0.0204363955|0.1177743670|0.2063891822|0.1279083334|0.0517693592,True,1160.2339093681085,1200
17,7,"Amber Riley|Bill Engvall|Brant Daugherty|Corbin Bleu|Elizabeth Berkley Lauren|Jack Osbourne|Leah Remini|Nicole ""Snooki"" Polizzi","Nicole ""Snooki"" Polizzi",1,8,0.4163173023|0.2499595851|0.0995399390|0.6347661410|0.1397374224|0.2641441291|0.1551231355|0.0404123727,0.0252730170|0.0766146837|0.2088437558|0.0058909172|0.1597488940|0.0697017291|0.1441755637|0.3097514395,0.0455720607|0.2499595795|0.0883444033|0.0235105549|0.1397312304|0.2573536933|0.1551222975|0.0404061806,True,1086.1809689601914,1200
17,8,Amber Riley|Bill Engvall|Brant Daugherty|Corbin Bleu|Elizabeth Berkley Lauren|Jack Osbourne|Leah Remini,Brant Daugherty,1,7,0.2527775171|0.2757267408|0.0664375648|0.5384853575|0.1586479382|0.5337316879|0.1741931928,0.1088650714|0.0934208369|0.3770491640|0.0162061419|0.2039020567|0.0167279577|0.1838287713,0.2507454746|0.2757264900|0.0662707646|0.0412609670|0.1586460852|0.0365072974|0.1708429212,True,1042.4801384469104,1200
17,9,Amber Riley|Bill Engvall|Corbin Bleu|Elizabeth Berkley Lauren|Jack Osbourne|Leah Remini,Elizabeth Berkley Lauren,1,6,0.2274766424|0.2532749111|0.9551054319|0.1210282227|0.2793126941|0.1638020889,0.1634056896|0.1375857755|0.0012781036|0.3322514739|0.1156608642|0.2498180932,0.2274670204|0.2532744320|0.0052615484|0.0737382812|0.2778846616|0.1623740563,True,1006.185994615492,1200
17,10,Amber Riley|Bill Engvall|Corbin Bleu|Jack Osbourne|Leah Remini,Leah Remini,1,5,0.9560751911|0.2869495730|0.3261226698|0.3110485910|0.1198040039,0.0020336576|0.1760333343|0.1355742414|0.1499067234|0.5364520434,0.0040119882|0.2869493964|0.2787222363|0.3105220197|0.1197943594,True,982.8464182789501,1200
17,11,Amber Riley|Bill Engvall|Corbin Bleu|Jack Osbourne,Amber Riley|Bill Engvall|Corbin Bleu|Jack Osbourne,4,4,0.9558838216|0.3182232248|0.3726183542|0.3532746244,0.0056956964|0.3997268811|0.2781463240|0.3164310985,0.0056650249|0.3181059585|0.3253097491|0.3509192675,False,1199.9999999999998,1200
18,2,Amy Purdy|Billy Dee Williams|Candace Cameron Bure|Charlie White|Cody Simpson|Danica McKellar|Diana Nyad|Drew Carey|James Maslow|Meryl Davis|NeNe Leakes|Sean Avery,Billy Dee Williams|Diana Nyad|Sean Avery,3,12,0.2337976467|0.0325040676|0.2591343052|0.1971151377|0.0185769237|0.1401840540|nan|0.0192047355|0.5387013196|0.3882160717|0.0538164016|0.0913448817,nan|nan|nan|nan|nan|nan|nan|nan|nan|nan|nan|nan,0.1926285174|0.0325040676|0.2591342122|0.0852058376|0.0185685471|0.0990149247|0.0274044568|0.0192046424|0.0371586322|0.0840150648|0.0538163086|0.0913447886,False,1199.9999999999998,1200
18,5,Amy Purdy|Candace Cameron Bure|Charlie White|Cody Simpson|Danica McKellar|Drew Carey|James Maslow|Meryl Davis|NeNe Leakes,Cody Simpson,1,9,0.2100077036|0.2295946787|0.1206894006|0.0116894309|0.1263487066|0.0164116134|0.9747058894|0.2627076383|0.0478449402,0.0606709146|0.0532439713|0.1100483451|0.2275992106|0.1059737120|0.2205457194|0.0003706402|0.0426971220|0.1788503648,0.2099914920|0.2295946543|0.1206731890|0.0116894289|0.0970374557|0.0164116134|0.0040505673|0.2627071487|0.0478444507,True,1161.9808702389773,1200
18,6,Amy Purdy|Candace Cameron Bure|Charlie White|Danica McKellar|Drew Carey|James Maslow|Meryl Davis|NeNe Leakes,Drew Carey,1,8,0.2148803002|0.2370566130|0.1268496541|0.1166578987|0.0102141186|0.2451023119|0.9946315164|0.0546075614,0.0755671969|0.0651817942|0.1358964583|0.1454508597|0.2957349152|0.0617776846|0.0004175633|0.2199735278,0.2038939711|0.2370566129|0.1268224217|0.1166306664|0.0102141183|0.2451009560|0.0056736941|0.0546075594,True,1166.0878969730425,1200
18,7,Amy Purdy|Candace Cameron Bure|Charlie White|Danica McKellar|James Maslow|Meryl Davis|NeNe Leakes,NeNe Leakes,1,7,0.2175894136|0.2463859622|0.1314996870|0.1122111662|0.2611633768|0.9998057167|0.0313446640,0.1016882024|0.0839259030|0.1805202217|0.2052919151|0.0760520675|0.0005527419|0.3519689483,0.2135230362|0.2454786307|0.1314935735|0.1122010866|0.2611630724|0.0047959367|0.0313446638,True,1113.62287869651,1200
18,8,Amy Purdy|Candace Cameron Bure|Charlie White|Danica McKellar|James Maslow|Meryl Davis,Danica McKellar,1,6,0.5277407514|0.2792488009|0.5156582330|0.0806408164|0.2886168325|0.3080945363,0.0275671289|0.1444938701|0.0298795472|0.5430982897|0.1357457352|0.1192154289,0.0287944721|0.2792404677|0.0167119537|0.0786017368|0.2885941804|0.3080571893,True,1043.8173295976326,1200
18,9,Amy Purdy|Candace Cameron Bure|Charlie White|James Maslow|Meryl Davis,Charlie White,1,5,0.2752485569|0.3020743383|0.1078977350|0.3213070362|0.9934723274,0.1775632396|0.1484856443|0.5418552886|0.1306171201|0.0014787074,0.2642643363|0.3020706535|0.1077757114|0.3211850125|0.0047042862,True,993.369658546724,1200
18,10,Amy Purdy|Candace Cameron Bure|James Maslow|Meryl Davis,Amy Purdy|Candace Cameron Bure|James Maslow|Meryl Davis,4,4,0.3892954512|0.4370571166|0.4309128368|0.7427346051,0.3876281984|0.2819234348|0.2937113234|0.0367370434,0.1262670083|0.4366616693|0.4093221476|0.0277491748,False,1199.9999999999998,1200
19,1,Alfonso Ribeiro|Antonio Sabato Jr.|Bethany Mota|Betsey Johnson|Janel Parrish|Jonathan Bennett|Lea Thompson|Lolo Jones|Michael Waltrip|Randy Couture|Sadie Robertson|Tavis Smiley|Tommy Chong,Lolo Jones,1,13,0.9971555481|0.0484690257|0.2434628503|0.0167997238|0.1531110478|0.0353482608|0.0910226147|0.0066824200|0.0523875621|0.0108001349|0.2299680493|0.0081612270|0.1066315351,0.0001671760|0.0933045362|0.0254294995|0.1152377523|0.0464443697|0.1018336391|0.0702582777|0.1232785092|0.0908986501|0.1199403655|0.0278233400|0.1220691130|0.0633147718,0.0038687000|0.0484690257|0.2434527882|0.0167997238|0.1531110477|0.0353482516|0.0910125526|0.0066824200|0.0523875621|0.0107998311|0.2232753352|0.0081612269|0.1066315351,True,1177.368860552673,1200
19,2,Alfonso Ribeiro|Antonio Sabato Jr.|Bethany Mota|Betsey Johnson|Janel Parrish|Jonathan Bennett|Lea Thompson|Michael Waltrip|Randy Couture|Sadie Robertson|Tavis Smiley|Tommy Chong,Tavis Smiley,1,12,0.2046759473|0.0426678655|0.2147976989|0.0133209465|0.1490859082|0.0302176386|0.9715463675|0.0445901368|0.0091359611|0.2133760507|0.0051382519|0.1014472164,0.0378490540|0.1114593403|0.0353793261|0.1355453120|0.0548282869|0.1211054164|0.0002278965|0.1100400865|0.1393802616|0.0357162332|0.1431448833|0.0753239032,0.2046318945|0.0426675687|0.2144721900|0.0133209465|0.1197845275|0.0302176353|0.0012179173|0.0445901368|0.0091359611|0.2133757539|0.0051382519|0.1014472164,True,1182.0069361688372,1200
19,3,Alfonso Ribeiro|Antonio Sabato Jr.|Bethany Mota|Betsey Johnson|Janel Parrish|Jonathan Bennett|Lea Thompson|Michael Waltrip|Randy Couture|Sadie Robertson|Tommy Chong,Randy Couture,1,11,0.2540527109|0.0561375551|0.5354888960|0.0159937710|0.5245130385|0.0407995260|0.1017175050|0.0597261105|0.0078623759|0.2804309500|0.1232775441,0.0346041564|0.1294646893|0.0053001365|0.1691918709|0.0057025016|0.1434034091|0.0955396975|0.1264041700|0.1786167953|0.0290238781|0.0827486953,0.2540525579|0.0561375551|0.0354960187|0.0159937710|0.0245201613|0.0407993731|0.1017175033|0.0597261105|0.0078623759|0.2804307970|0.1232637761,True,1171.1854586819131,1200
19,4,Alfonso Ribeiro|Antonio Sabato Jr.|Bethany Mota|Betsey Johnson|Janel Parrish|Jonathan Bennett|Lea Thompson|Michael Waltrip|Sadie Robertson|Tommy Chong,Betsey Johnson,1,10,0.9291702310|0.0504672585|0.2543192683|0.0114293706|0.1573821504|0.0341335458|0.1388032929|0.0556519915|0.2527440682|0.1158988268,0.0004335577|0.1517583474|0.0389888628|0.1968696869|0.0744050257|0.1692168204|0.0842157990|0.1466024570|0.0394004553|0.0981089878,0.0064857999|0.0504672580|0.2543171827|0.0114293701|0.1571944133|0.0341335458|0.0630647436|0.0556519915|0.2513568682|0.1158988267,True,1162.4422072427371,1200
19,6,Alfonso Ribeiro|Antonio Sabato Jr.|Bethany Mota|Janel Parrish|Jonathan Bennett|Lea Thompson|Michael Waltrip|Sadie Robertson|Tommy Chong,Jonathan Bennett,1,9,0.9922768236|0.0517471014|0.2572465964|0.1588380581|0.0227742546|0.0951634279|0.0568534189|0.2447941789|0.1203061485,0.0003388454|0.1791076150|0.0455126447|0.0877109821|0.2172696347|0.1340944831|0.1731130259|0.0494521883|0.1134005808,0.0033910633|0.0517471014|0.2462610683|0.1588319822|0.0227739521|0.0951631254|0.0568534181|0.2446721407|0.1203061485,True,1129.1794066983553,1200
19,7,Alfonso Ribeiro|Antonio Sabato Jr.|Bethany Mota|Janel Parrish|Lea Thompson|Michael Waltrip|Sadie Robertson|Tommy Chong,Antonio Sabato Jr.,1,8,0.2512915347|0.0346871032|0.9999305819|0.1656853542|0.0998429782|0.0595094918|0.2638026018|0.1252503775,0.0602877693|0.2554837470|0.0004099182|0.1066803651|0.1654694019|0.2165185454|0.0554633331|0.1396869200,0.2510889447|0.0346871030|0.0042475079|0.1656401502|0.0957738492|0.0595094918|0.2638025768|0.1252503763,True,1105.2128261738435,1200
19,8,Alfonso Ribeiro|Bethany Mota|Janel Parrish|Lea Thompson|Michael Waltrip|Sadie Robertson|Tommy Chong,Michael Waltrip,1,7,0.2500428994|0.2554866505|0.9803722151|0.1028224973|0.0361053835|0.2529513944|0.1222189531,0.0824471910|0.0795086885|0.0006333677|0.2199999518|0.3432325087|0.0808639419|0.1933143503,0.2321321581|0.2514902238|0.0024788626|0.1028220041|0.0361053834|0.2527524240|0.1222189440,True,1105.9633710260734,1200
19,9,Alfonso Ribeiro|Bethany Mota|Janel Parrish|Lea Thompson|Sadie Robertson|Tommy Chong,Lea Thompson,1,6,0.4415069146|0.3365252018|0.6357860223|0.0810529679|0.3422986091|0.1628302776,0.0440697086|0.0887346764|0.0120682570|0.4872605443|0.0853842255|0.2824825883,0.0651387496|0.3339892530|0.0152598277|0.0810491553|0.3417327625|0.1628302519,True,1040.978621522893,1200
19,10,Alfonso Ribeiro|Bethany Mota|Janel Parrish|Sadie Robertson|Tommy Chong,Tommy Chong,1,5,0.2966280944|0.3123730482|0.9692196192|0.3219176473|0.0998616019,0.1545772585|0.1391743784|0.0017449930|0.1305944875|0.5739088826,0.2926802738|0.2832023804|0.0032197775|0.3210367695|0.0998607987,True,1017.7146857911678,1200
19,11,Alfonso Ribeiro|Bethany Mota|Janel Parrish|Sadie Robertson,Alfonso Ribeiro|Bethany Mota|Janel Parrish|Sadie Robertson,4,4,0.9508869164|0.4059011443|0.2538736508|0.3893382682,0.0053956767|0.2041462182|0.5624786155|0.2279794896,0.0083119981|0.4058751891|0.2434025890|0.3424102238,False,1199.9999999999998,1200
20,2,Charlotte McKinney|Chris Soules|Michael Sam|Nastia Liukin|Noah Galloway|Patti LaBelle|Redfoo|Riker Lynch|Robert Herjavec|Rumer Willis|Suzanne Somers|Willow Shields,Redfoo,1,12,0.0136436232|0.1605397730|0.0219401853|0.9811222648|0.1856762094|0.0386697790|0.0051086586|0.1560108688|0.1516715256|0.1927573923|0.0177410397|0.0751186857,0.1375293816|0.0516520514|0.1301291169|0.0002173992|0.0436827667|0.1163958102|0.1455816856|0.0532353478|0.0547978830|0.0416685140|0.1338234600|0.0912865836,0.0136436232|0.1605397730|0.0219401853|0.0010075068|0.1856762094|0.0386697790|0.0050352952|0.1494069075|0.1516715256|0.1861534310|0.0177410397|0.0685147244,True,1182.3963181702834,1200
20,3,Charlotte McKinney|Chris Soules|Michael Sam|Nastia Liukin|Noah Galloway|Patti LaBelle|Riker Lynch|Robert Herjavec|Rumer Willis|Suzanne Somers|Willow Shields,Charlotte McKinney,1,11,0.0091422703|0.1843317315|0.0260878023|0.6132536007|0.2195989102|0.0467794682|0.4060508842|0.1747408368|0.2179331932|0.0217559810|0.0803253619,0.1838734795|0.0571865178|0.1642316115|0.0032767073|0.0452048166|0.1430698907|0.0130422030|0.0609624113|0.0457096038|0.1690435721|0.1143991862,0.0091422703|0.1843316900|0.0260878023|0.0047939492|0.2195821554|0.0467794682|0.0370014543|0.1747403309|0.1995593052|0.0217559810|0.0762255934,True,1171.1077037989653,1200
20,4,Chris Soules|Michael Sam|Nastia Liukin|Noah Galloway|Patti LaBelle|Riker Lynch|Robert Herjavec|Rumer Willis|Suzanne Somers|Willow Shields,Michael Sam,1,10,0.1626883793|0.0138797668|0.0566736817|0.1908263861|0.0461933914|0.1566700675|0.1554424445|0.1990536927|0.0192722651|0.9992999496,0.0703840104|0.1898099919|0.1426980363|0.0583453346|0.1530247030|0.0732653800|0.0738674554|0.0552313480|0.1831075236|0.0002662168,0.1626883793|0.0138797668|0.0551727029|0.1908263709|0.0461933913|0.1566639333|0.1554363104|0.1989304849|0.0192722651|0.0009363951,True,1151.6098870093601,1200
20,5,Chris Soules|Nastia Liukin|Noah Galloway|Patti LaBelle|Riker Lynch|Robert Herjavec|Rumer Willis|Suzanne Somers|Willow Shields,Suzanne Somers,1,9,0.2119890584|0.1975557713|0.2495642977|0.0552862196|0.2309296375|0.1997653384|0.7481014509|0.0157701956|0.0910380465,0.0732323386|0.0806290512|0.0570048022|0.2081632651|0.0645452534|0.0794500541|0.0020535181|0.2709035517|0.1640181656,0.2119890575|0.0333287476|0.2495642864|0.0552862187|0.1313209107|0.1997653384|0.0120869656|0.0157701844|0.0908882908,True,1155.3312709558336,1200
20,6,Chris Soules|Nastia Liukin|Noah Galloway|Patti LaBelle|Riker Lynch|Robert Herjavec|Rumer Willis|Willow Shields,Patti LaBelle,1,8,0.1906957881|0.0675474800|0.2186949255|0.0301266256|0.9947535929|0.1816806913|0.2296316322|0.0868692724,0.0921210777|0.2093677959|0.0764351645|0.2686917623|0.0004328857|0.0978273724|0.0710604896|0.1840634519,0.1906952879|0.0634938841|0.2186949243|0.0301266236|0.0028713283|0.1816806912|0.2296215843|0.0828156764,True,1110.6088673206032,1200
20,7,Chris Soules|Nastia Liukin|Noah Galloway|Riker Lynch|Robert Herjavec|Rumer Willis|Willow Shields,Willow Shields,1,7,0.1761297880|0.9994025799|0.2176570634|0.1750497836|0.1628369562|0.2178963039|0.0510275507,0.1444731909|0.0005972668|0.1095351450|0.1455171558|0.1578606747|0.1093605827|0.3326559841,0.1761297872|0.0011970373|0.2174539602|0.1750044651|0.1628369555|0.2178509854|0.0495268093,True,1064.1273838631923,1200
20,8,Chris Soules|Nastia Liukin|Noah Galloway|Riker Lynch|Robert Herjavec|Rumer Willis,Chris Soules|Robert Herjavec,2,6,0.2458579632|0.0804842608|0.2904375549|0.2647376173|0.2328669277|0.8856156923,0.1483501078|0.4467800535|0.1102089154|0.1308053987|0.1617710359|0.0020844886,0.2458559794|0.0768975643|0.2904371123|0.1459625401|0.2328668290|0.0079799749,False,1199.9999999999998,1200
20,9,Nastia Liukin|Noah Galloway|Riker Lynch|Rumer Willis,Nastia Liukin,1,4,0.5052601653|0.4776334253|0.5394826269|0.4776237957,0.2380644892|0.2862082998|0.1895005366|0.2862266743,0.0098798531|0.4774672437|0.0441023147|0.4685505885,True,1098.6712342468907,1200
20,10,Noah Galloway|Riker Lynch|Rumer Willis,Noah Galloway|Riker Lynch|Rumer Willis,3,3,0.8157479558|0.5851961314|0.5990558854,0.1011031537|0.4701978115|0.4286990348,0.8145101139|0.0858150661|0.0996748200,False,1199.9999999999998,1200
21,2,Alek Skarlatos|Alexa PenaVega|Andy Grammer|Bindi Irwin|Carlos PenaVega|Chaka Khan|Gary Busey|Hayes Grier|Kim Zolciak-Biermann|Nick Carter|Paula Deen|Tamar Braxton|Victor Espinoza,Chaka Khan|Kim Zolciak-Biermann|Victor Espinoza,3,13,0.1667951608|0.1602566968|0.0550245642|0.2323120077|0.1632813344|0.0311316469|0.0066616589|0.0427266487|0.0557565417|0.1389899946|0.0157182923|0.8857314137|0.0456140580,0.0459220537|0.0479680533|0.0967453999|0.0296708919|0.0470105001|0.1134507588|0.1335535009|0.1050113971|0.0962744469|0.0552745866|0.1257284719|0.0003806165|0.1030093223,0.1667897498|0.1601480131|0.0550238318|0.1131258149|0.1632759234|0.0311316469|0.0066616589|0.0427119400|0.0557565417|0.1389845836|0.0157182923|0.0050579456|0.0456140580,False,1199.9999999999998,1200
21,4,Alek Skarlatos|Alexa PenaVega|Andy Grammer|Bindi Irwin|Carlos PenaVega|Gary Busey|Hayes Grier|Nick Carter|Paula Deen|Tamar Braxton,Gary Busey,1,10,0.2044105732|0.2004515731|0.0708492796|0.7228014897|0.2094386522|0.0042960744|0.1314204679|0.2087676298|0.0220821064|0.2254821299,0.0621226978|0.0637841521|0.1513386515|0.0019604460|0.0600748269|0.2358528480|0.1010597704|0.0603441726|0.2094813133|0.0539811214,0.2044033694|0.2004515437|0.0708476722|0.0116761159|0.2092939607|0.0042960743|0.0351801114|0.1125272732|0.0220821058|0.1292417734,True,1182.8856854291128,1200
21,6,Alek Skarlatos|Alexa PenaVega|Andy Grammer|Bindi Irwin|Carlos PenaVega|Hayes Grier|Nick Carter|Paula Deen|Tamar Braxton,Paula Deen,1,9,0.2194681706|0.2130127283|0.3426113481|0.3842025679|0.2081060550|0.0541031013|0.1903071421|0.0123175408|0.3758713638,0.0802979616|0.0838291264|0.0353320230|0.0267762398|0.0866166165|0.2418162237|0.0975291290|0.3194971758|0.0283055042,0.2194681676|0.2130127253|0.0188634450|0.0604546648|0.2059246589|0.0541030412|0.1637322957|0.0123175408|0.0521234607,True,1160.145683423382,1200
21,7,Alek Skarlatos|Alexa PenaVega|Andy Grammer|Bindi Irwin|Carlos PenaVega|Hayes Grier|Nick Carter|Tamar Braxton,Hayes Grier,1,8,0.1888001286|0.1873453504|0.0668648662|0.9993879900|0.1815919572|0.0317513803|0.1627612781|0.1814970244,0.0960943178|0.0970308246|0.2166389051|0.0004323201|0.1008248307|0.2737791723|0.1143109679|0.1008886615,0.1888000166|0.1873001577|0.0643974281|0.0039523945|0.1810413973|0.0302548034|0.1627590280|0.1814947744,True,1111.5315886598419,1200
21,8,Alek Skarlatos|Alexa PenaVega|Andy Grammer|Bindi Irwin|Carlos PenaVega|Nick Carter|Tamar Braxton,Andy Grammer,1,7,0.1900204446|0.1874185621|0.0407536846|0.2081908743|0.1892480462|0.9964189744|0.1879494033,0.1310250443|0.1333176153|0.3544262257|0.1160768283|0.1317014746|0.0006061658|0.1328466460,0.1900199433|0.1873911886|0.0407536695|0.2066963332|0.1851854621|0.0023374772|0.1876159261,True,1086.783513178456,1200
21,9,Alek Skarlatos|Alexa PenaVega|Bindi Irwin|Carlos PenaVega|Nick Carter|Tamar Braxton,Alexa PenaVega|Tamar Braxton,2,6,0.2523001669|0.5285232059|0.5333060122|0.2443350593|0.2041076918|0.2374278374,0.2061919977|0.0326982263|0.0316720776|0.2174368535|0.2843173176|0.2276835272,0.2522918394|0.0299215904|0.0347043968|0.2435854421|0.2020700209|0.2374267104,False,1199.9999999999998,1200
21,11,Alek Skarlatos|Bindi Irwin|Carlos PenaVega|Nick Carter,Alek Skarlatos|Bindi Irwin|Carlos PenaVega|Nick Carter,4,4,0.5800634495|0.4944459789|0.4715657265|0.4539248596,0.1398714474|0.2475238411|0.2883116234|0.3242930882,0.5792378809|0.1613878303|0.1385075779|0.1208667110,False,1199.9999999999998,1200
22,2,Antonio Brown|Doug Flutie|Geraldo Rivera|Ginger Zee|Jodie Sweetin|Kim Fields|Marla Maples|Mischa Barton|Nyle DiMarco|Paige VanZant|Von Miller|Wanya Morris,Geraldo Rivera,1,12,0.1736252408|0.0326369069|0.0036532662|0.1323578034|0.0998871169|0.1442136668|0.0241370395|0.0161233554|0.1687974896|0.5205806535|0.1616611851|0.5223262498,0.0534398413|0.1367943613|0.1659527413|0.0703633696|0.0873693079|0.0650160212|0.1447697528|0.1527143418|0.0551877808|0.0052884250|0.0578768184|0.0052272387,0.1736252380|0.0326367539|0.0036532662|0.1323494527|0.0998787662|0.1442136640|0.0241368865|0.0161233554|0.1687973367|0.0205893260|0.1616610322|0.0223349223,True,1186.7965788319966,1200
22,3,Antonio Brown|Doug Flutie|Ginger Zee|Jodie Sweetin|Kim Fields|Marla Maples|Mischa Barton|Nyle DiMarco|Paige VanZant|Von Miller|Wanya Morris,Mischa Barton,1,11,0.1713409583|0.0283331446|0.1293131548|0.0946227737|0.1428770982|0.0230115231|0.0091332168|0.8786611278|0.1630297557|0.1504078138|0.2092694104,0.0608875027|0.1579712997|0.0805770042|0.1015430157|0.0736104509|0.1636763243|0.1795426686|0.0005452887|0.0643563727|0.0700060902|0.0472839823,0.1713409553|0.0283331416|0.1293128873|0.0910490305|0.1428373975|0.0230112556|0.0091332168|0.0041950066|0.1594560125|0.1504078108|0.0909232855,True,1170.1728233848844,1200
22,4,Antonio Brown|Doug Flutie|Ginger Zee|Jodie Sweetin|Kim Fields|Marla Maples|Nyle DiMarco|Paige VanZant|Von Miller|Wanya Morris,Marla Maples,1,10,0.1767299671|0.0321949531|0.5034645587|0.1103643288|0.1495796365|0.0156150824|0.1762247246|0.5067370296|0.1580190160|0.1710707110,0.0787276725|0.2063474656|0.0089152572|0.1225393623|0.0943486457|0.2304638336|0.0789932967|0.0087228641|0.0891869196|0.0817546826,0.1620803468|0.0321949531|0.0183357686|0.1103643288|0.1495792331|0.0156150823|0.1757823444|0.0216082395|0.1580186126|0.1564210908,True,1151.9087856683577,1200
22,6,Antonio Brown|Doug Flutie|Ginger Zee|Jodie Sweetin|Kim Fields|Nyle DiMarco|Paige VanZant|Von Miller|Wanya Morris,Doug Flutie,1,9,0.1756396517|0.0188498274|0.1317695440|0.0982078428|0.1437227973|0.1665449793|0.1993644894|0.1528133805|0.9130875040,0.0894089098|0.2542926666|0.1197837129|0.1498196742|0.1106087686|0.0949975868|0.0763291381|0.1041045290|0.0006550140,0.1589956618|0.0188498273|0.1317690857|0.0981926655|0.1437223390|0.1665298019|0.1247712956|0.1528129222|0.0043564010,True,1139.6061364023533,1200
22,7,Antonio Brown|Ginger Zee|Jodie Sweetin|Kim Fields|Nyle DiMarco|Paige VanZant|Von Miller|Wanya Morris,Kim Fields|Von Miller,2,8,0.1912667699|0.1921894945|0.1122652538|0.1637132862|0.7223664825|0.2213819475|0.1753254630|0.2214912765,0.1304540049|0.1296539806|0.2208972112|0.1567591581|0.0037823895|0.1067247255|0.1450815635|0.1066469665,0.1912651623|0.0959348477|0.1122650363|0.1637116786|0.0111354892|0.1251273008|0.1753238554|0.1252366298,False,1199.9999999999998,1200
22,8,Antonio Brown|Ginger Zee|Jodie Sweetin|Nyle DiMarco|Paige VanZant|Wanya Morris,Jodie Sweetin,1,6,0.2511782945|0.5054658665|0.4918953623|0.2527417002|0.2562018448|0.2425169462,0.2272404716|0.0417107264|0.0456602607|0.2248843114|0.2197561380|0.2407480920,0.2510175187|0.0261998489|0.0126293447|0.2134011520|0.2542431942|0.2425089416,True,1122.6626862664107,1200
22,9,Antonio Brown|Ginger Zee|Nyle DiMarco|Paige VanZant|Wanya Morris,Antonio Brown|Wanya Morris,2,5,0.2989035224|0.2238886038|0.2912471132|0.3013014306|0.8846593229,0.2125157164|0.3504140315|0.2236447093|0.2091454390|0.0042801039,0.2988377731|0.2234027781|0.2890697935|0.1824238037|0.0062658516,False,1199.9999999999998,1200
22,10,Ginger Zee|Nyle DiMarco|Paige VanZant,Ginger Zee|Nyle DiMarco|Paige VanZant,3,3,0.5409390163|0.5716328930|0.8874281187,0.5224058180|0.4257357593|0.0518584227,0.5250627771|0.4543224658|0.0206147570,False,1199.9999999999998,1200
23,2,Amber Rose|Babyface|Calvin Johnson Jr.|Jake T. Austin|James Hinchcliffe|Jana Kramer|Laurie Hernandez|Marilu Henner|Maureen McCormick|Rick Perry|Ryan Lochte|Terra Jole|Vanilla Ice,Jake T. Austin,1,13,0.0157341805|0.0899224760|0.1694402394|0.0093788844|0.1833329013|0.1696426680|0.9716601333|0.0831945828|0.0201575041|0.0078424312|0.0470517760|0.1304324576|0.1022097917,0.1219368906|0.0743597637|0.0437633435|0.1272141977|0.0398921202|0.0437043237|0.0002081834|0.0777709218|0.1183936154|0.1285239519|0.0989603882|0.0567609416|0.0685113583,0.0157341805|0.0890381259|0.1694400595|0.0093788844|0.1833167038|0.1696367093|0.0018524489|0.0831945816|0.0201575041|0.0078424312|0.0470517760|0.1011468031|0.1022097917,True,1170.1796011219203,1200
23,3,Amber Rose|Babyface|Calvin Johnson Jr.|James Hinchcliffe|Jana Kramer|Laurie Hernandez|Marilu Henner|Maureen McCormick|Rick Perry|Ryan Lochte|Terra Jole|Vanilla Ice,Rick Perry,1,12,0.0167211780|0.1053587785|0.9842279713|0.1890840322|0.1867154691|0.1273206933|0.0862573587|0.0209173970|0.0051116022|0.0472580572|0.1182419985|0.1127854714,0.1387788098|0.0768583435|0.0002193331|0.0439826692|0.0446826863|0.0663903203|0.0872961911|0.1349503019|0.1499464966|0.1132165294|0.0705326624|0.0731456564,0.0167211780|0.1053587785|0.0027579825|0.1890740898|0.1867154690|0.1093444428|0.0862568637|0.0209169020|0.0051116022|0.0472580572|0.1176991628|0.1127854714,True,1183.834777484394,1200
23,4,Amber Rose|Babyface|Calvin Johnson Jr.|James Hinchcliffe|Jana Kramer|Laurie Hernandez|Marilu Henner|Maureen McCormick|Ryan Lochte|Terra Jole|Vanilla Ice,Babyface|Vanilla Ice,2,11,0.0140994639|0.0983232142|0.1811458924|0.2131040487|0.1839919628|0.9268619738|0.0849690822|0.0235764273|0.0488619066|0.1204516662|0.1046143505,0.1699818943|0.0969504729|0.0558153584|0.0451050717|0.0547663124|0.0003869764|0.1059776058|0.1595747032|0.1348202365|0.0836529962|0.0929683721,0.0140960204|0.0983232142|0.1811458293|0.1372550595|0.1839918997|0.0028320871|0.0849690821|0.0235729838|0.0488619046|0.1203376319|0.1046142875,False,1199.9999999999998,1200
23,6,Amber Rose|Calvin Johnson Jr.|James Hinchcliffe|Jana Kramer|Laurie Hernandez|Marilu Henner|Maureen McCormick|Ryan Lochte|Terra Jole,Amber Rose,1,9,0.0110168406|0.2317651622|0.2469242380|0.9942237443|0.1580557980|0.1131055031|0.0292815952|0.0635994447|0.1520276673,0.2325453296|0.0533796557|0.0482487147|0.0003310031|0.0872541790|0.1177417997|0.2058854902|0.1637817056|0.0908321224,0.0110168406|0.2302753651|0.2402474305|0.0032976574|0.1571521903|0.1131018102|0.0292815940|0.0635994447|0.1520276672,True,1165.515859662241,1200
23,7,Calvin Johnson Jr.|James Hinchcliffe|Jana Kramer|Laurie Hernandez|Marilu Henner|Maureen McCormick|Ryan Lochte|Terra Jole,Maureen McCormick,1,8,0.5361801974|0.5397898839|0.2883219101|0.1976464819|0.1438849490|0.0245248304|0.0767556615|0.1928960976,0.0108736206|0.0106150749|0.0567541231|0.1038794573|0.1486569618|0.3294338273|0.2325650487|0.1072218863,0.0362363450|0.0398460314|0.2882844883|0.1976090602|0.1438849488|0.0245248097|0.0767556408|0.1928586758,True,1135.128042845224,1200
23,8,Calvin Johnson Jr.|James Hinchcliffe|Jana Kramer|Laurie Hernandez|Marilu Henner|Ryan Lochte|Terra Jole,Ryan Lochte,1,7,0.2580175940|0.9578346250|0.2542607876|0.1908038068|0.1212020370|0.0445814474|0.1732997230,0.0833479764|0.0007847245|0.0854618183|0.1304664682|0.2074993161|0.3458246915|0.1466150050,0.2574912967|0.0062667367|0.2537344903|0.1434280309|0.1212019976|0.0445779012|0.1732995464,True,1086.2606981449776,1200
23,9,Calvin Johnson Jr.|James Hinchcliffe|Jana Kramer|Laurie Hernandez|Marilu Henner|Terra Jole,Marilu Henner,1,6,0.3173563868|0.3165193832|0.5385987036|0.5256131365|0.0970345897|0.2048777982,0.1117988642|0.1124244483|0.0255785120|0.0278915303|0.4856622297|0.2366444156,0.3172947624|0.3165163151|0.0392514639|0.0262658968|0.0970315216|0.2036400401,True,1004.0679660967007,1200
23,10,Calvin Johnson Jr.|James Hinchcliffe|Jana Kramer|Laurie Hernandez|Terra Jole,Terra Jole,1,5,0.3494295929|0.3325719195|0.3370011169|0.4959711237|0.4850262273,0.2508312170|0.2806658342|0.2724994995|0.0944279143|0.1015755349,0.3493348086|0.2695269766|0.3318260730|0.0301285191|0.0191836227,True,1077.7663719631353,1200
23,11,Calvin Johnson Jr.|James Hinchcliffe|Jana Kramer|Laurie Hernandez,Calvin Johnson Jr.|James Hinchcliffe|Jana Kramer|Laurie Hernandez,4,4,0.4047720107|0.3732593309|0.4032513031|0.8187173830,0.3023626509|0.3730497018|0.3054436098|0.0191440376,0.3957716581|0.1924824070|0.4032145207|0.0085314141,False,1199.9999999999998,1200
24,2,Bonner Bolton|Charo|Chris Kattan|David Ross|Erika Jayne|Heather Morris|Mr. T|Nancy Kerrigan|Nick Viall|Normani|Rashad Jennings|Simone Biles,Chris Kattan,1,12,0.1092513674|0.0115220138|0.0064465447|0.1650328513|0.0374491535|0.1476178545|0.0204712049|0.1402869656|0.1513055118|0.5237901610|0.5227636711|0.1640626739,0.0821212677|0.1575473509|0.1629694100|0.0566176328|0.1325392006|0.0635877250|0.1484227735|0.0667726150|0.0620435195|0.0051789642|0.0052145268|0.0569850139,0.1092502395|0.0115220138|0.0064465447|0.1650328485|0.0374490974|0.1455786445|0.0204712049|0.1402869095|0.1513055118|0.0248119336|0.0237854437|0.1640596081,True,1177.2203420518335,1200
24,3,Bonner Bolton|Charo|David Ross|Erika Jayne|Heather Morris|Mr. T|Nancy Kerrigan|Nick Viall|Normani|Rashad Jennings|Simone Biles,Charo,1,11,0.0982690067|0.0064496569|0.1558311753|0.0365683523|0.1594380754|0.0166161082|0.1601548059|0.1380463435|0.9090249253|0.1627963021|0.1568052699,0.0981943075|0.1811050490|0.0669000995|0.1481589881|0.0653106067|0.1692371357|0.0649992838|0.0753215287|0.0004412731|0.0638646676|0.0664670603,0.0982690067|0.0064496569|0.1555273133|0.0365683522|0.1143409478|0.0166161082|0.1150576783|0.1380463435|0.0032248807|0.1627962403|0.1531034722,True,1177.1558203394484,1200
24,4,Bonner Bolton|David Ross|Erika Jayne|Heather Morris|Mr. T|Nancy Kerrigan|Nick Viall|Normani|Rashad Jennings|Simone Biles,Mr. T,1,10,0.0961686643|0.1518362317|0.0317343402|0.1365198622|0.0105667475|0.1316266974|0.1387185107|0.1563574136|0.9913126024|0.1551589482,0.1156131884|0.0797688375|0.1776494449|0.0883443327|0.2045739415|0.0912737424|0.0870588558|0.0774003814|0.0002960058|0.0780212697,0.0961686492|0.1518362315|0.0317343401|0.1361881955|0.0105667475|0.1316263949|0.1387185107|0.1563573887|0.0026278885|0.1441756533,True,1164.0909851399388,1200
24,5,Bonner Bolton|David Ross|Erika Jayne|Heather Morris|Nancy Kerrigan|Nick Viall|Normani|Rashad Jennings|Simone Biles,Erika Jayne,1,9,0.1071598172|0.1614004531|0.0215170312|0.1374662588|0.1472181540|0.1508888712|0.8841114486|0.1765863205|0.2136516678,0.1444436875|0.1006134037|0.2556582605|0.1180191362|0.1105904952|0.1079170309|0.0008131922|0.0909260347|0.0710187591,0.1071598172|0.1614004531|0.0215170282|0.1374650522|0.1464156176|0.1508876646|0.0040233577|0.1765863124|0.0945446971,True,1140.192809412455,1200
24,6,Bonner Bolton|David Ross|Heather Morris|Nancy Kerrigan|Nick Viall|Normani|Rashad Jennings|Simone Biles,Heather Morris,1,8,0.0998118436|0.1626563778|0.9708203066|0.1365944538|0.1399788845|0.1704709970|0.1666795030|0.1529876346,0.1932543634|0.1271088372|0.0005811678|0.1512281865|0.1478542504|0.1206563285|0.1237449844|0.1355718818,0.0998118403|0.1626563770|0.0011105526|0.1365908400|0.1399788844|0.1411883004|0.1657952422|0.1528679629,True,1187.3812944107453,1200
24,7,Bonner Bolton|David Ross|Nancy Kerrigan|Nick Viall|Normani|Rashad Jennings|Simone Biles,Nancy Kerrigan|Nick Viall,2,7,0.1194281015|0.1821539455|0.1664213858|0.1683206573|0.9811883408|0.2011997643|0.1812877950,0.2295607136|0.1511080659|0.1678178190|0.1657063375|0.0007342537|0.1330896716|0.1519831388,0.1194281013|0.1821539400|0.1664153751|0.1683203580|0.0029296118|0.1903322915|0.1704203222,False,1199.9999999999998,1200
24,8,Bonner Bolton|David Ross|Normani|Rashad Jennings|Simone Biles,Bonner Bolton,1,5,0.1265100097|0.2901653357|0.9931958019|0.2995448601|0.2905840130,0.5026626479|0.1688285593|0.0015558375|0.1585949702|0.1683579851,0.1265098984|0.2901592624|0.0047295391|0.2885639923|0.2900373078,True,967.4590558171842,1200
24,9,David Ross|Normani|Rashad Jennings|Simone Biles,Simone Biles,1,4,0.3412068773|0.3428384473|0.3453649608|0.9705897319,0.3359199909|0.3322859443|0.3267359830|0.0050580818,0.3411907295|0.3388872070|0.3161690225|0.0037530410,True,1117.478777031869,1200
24,10,David Ross|Normani|Rashad Jennings,David Ross|Normani|Rashad Jennings,3,3,0.7202890175|0.5098148411|0.7698961491,0.1728175335|0.7030285439|0.1241539227,0.7191911221|0.2411686903|0.0396401876,False,1199.9999999999998,1200
25,2,Barbara Corcoran|Debbie Gibson|Derek Fisher|Drew Scott|Frankie Muniz|Jordan Fisher|Lindsey Stirling|Nick Lachey|Nikki Bella|Sasha Pieterse|Terrell Owens|Vanessa Lachey|Victoria Arlen,Barbara Corcoran|Debbie Gibson,2,13,0.0293080735|0.0464355412|0.0090566119|0.1791531793|0.2535555948|0.7398829924|0.1718282688|0.0246883108|0.1469239195|0.0183229260|0.0709740233|0.1945864014|0.1152841667,0.1213319695|0.1082395926|0.1388702553|0.0446816529|0.0272089745|0.0010632861|0.0469177328|0.1251269418|0.0553914195|0.1305510914|0.0919051751|0.0403130331|0.0683988755,0.0293080735|0.0464355227|0.0090566119|0.1791531608|0.0894203771|0.0042799579|0.1714214183|0.0246883108|0.1469239194|0.0180761587|0.0709740232|0.0950333603|0.1152291054,False,1199.9999999999998,1200
25,4,Derek Fisher|Drew Scott|Frankie Muniz|Jordan Fisher|Lindsey Stirling|Nick Lachey|Nikki Bella|Sasha Pieterse|Terrell Owens|Vanessa Lachey|Victoria Arlen,Derek Fisher,1,11,0.0050104700|0.1707569375|0.1674516802|0.9539736739|0.1769564760|0.0246409439|0.1383055237|0.0184830799|0.0652894488|0.1414856416|0.1376461381,0.1761569745|0.0583464810|0.0596464180|0.0003150431|0.0559841599|0.1545481460|0.0724387811|0.1610247530|0.1178621403|0.0709191872|0.0727579160,0.0050104693|0.1707568980|0.1674516408|0.0017040602|0.1766370251|0.0246409439|0.1383054843|0.0184830405|0.0652894094|0.1414856022|0.0902354265,True,1181.3131997883295,1200
25,5,Drew Scott|Frankie Muniz|Jordan Fisher|Lindsey Stirling|Nick Lachey|Nikki Bella|Sasha Pieterse|Terrell Owens|Vanessa Lachey|Victoria Arlen,Sasha Pieterse,1,10,0.1795206874|0.2121338871|0.9237027153|0.1669502107|0.0273434110|0.1496674456|0.0106407135|0.0719385403|0.1454937693|0.1126086016,0.0674506059|0.0542701436|0.0004724526|0.0733467902|0.1860305192|0.0823037917|0.2079425956|0.1381872819|0.0846260118|0.1053698074,0.1795205837|0.1364774805|0.0020190462|0.1646655852|0.0273434110|0.1494799121|0.0106407104|0.0719384365|0.1454937661|0.1124210682,True,1166.3094202160983,1200
25,6,Drew Scott|Frankie Muniz|Jordan Fisher|Lindsey Stirling|Nick Lachey|Nikki Bella|Terrell Owens|Vanessa Lachey|Victoria Arlen,Nick Lachey,1,9,0.1908674971|0.2009652044|0.1514762433|0.9272983182|0.0165737655|0.1548067842|0.0721026784|0.1597142099|0.1261953085,0.0788165930|0.0736854602|0.1024865841|0.0005813425|0.2519124876|0.1002360894|0.1739710669|0.0970098119|0.1213005644,0.1908674970|0.2009652041|0.0756606700|0.0036755909|0.0165737655|0.1547813509|0.0715918371|0.1596887766|0.1261953080,True,1152.4517533316268,1200
25,7,Drew Scott|Frankie Muniz|Jordan Fisher|Lindsey Stirling|Nikki Bella|Terrell Owens|Vanessa Lachey|Victoria Arlen,Nikki Bella|Vanessa Lachey,2,8,0.1968869387|0.9816899908|0.1069031684|0.1845244283|0.1575428508|0.0768345822|0.1589764102|0.1366416030,0.0978357732|0.0005227092|0.1782491145|0.1062406736|0.1271775586|0.2178135306|0.1259679043|0.1461927360,0.1860199847|0.0034779919|0.1068762319|0.1845242468|0.1575428488|0.0768345732|0.1589494737|0.1257746490,False,1199.9999999999998,1200
25,8,Drew Scott|Frankie Muniz|Jordan Fisher|Lindsey Stirling|Terrell Owens|Victoria Arlen,Terrell Owens,1,6,0.2593895089|0.2615397580|0.9867515672|0.2582921956|0.0646793450|0.1693476262,0.1178441181|0.1161668737|0.0009233770|0.1187093585|0.4315703258|0.2147859468,0.2593886901|0.2575155006|0.0020482648|0.2473531302|0.0643490139|0.1693454004,True,1041.382387165708,1200
25,9,Drew Scott|Frankie Muniz|Jordan Fisher|Lindsey Stirling|Victoria Arlen,Victoria Arlen,1,5,0.3542909659|0.3486218698|0.7911088750|0.3377996369|0.1681786601,0.1499859120|0.1557629567|0.0081532937|0.1674163064|0.5186815312,0.3542553106|0.3483584102|0.0057468101|0.1625616832|0.1290777859,True,964.3679532319721,1200
25,10,Drew Scott|Frankie Muniz|Jordan Fisher|Lindsey Stirling,Drew Scott|Frankie Muniz|Jordan Fisher|Lindsey Stirling,4,4,0.4509971059|0.4631167933|0.5300382703|0.5558478368,0.3322404838|0.3064520010|0.1961575101|0.1651500051,0.4508955894|0.4610777815|0.0311085313|0.0569180978,False,1199.9999999999998,1200
26,1,Adam Rippon|Arike Ogunbowale|Chris Mazdzer|Jamie Anderson|Jennie Finch Daigle|Johnny Damon|Josh Norman|Kareem Abdul-Jabbar|Mirai Nagasu|Tonya Harding,Jamie Anderson|Johnny Damon,2,10,0.5050512238|0.1646453164|0.1387400766|0.1480198873|0.1226390680|0.1005593562|0.5052613163|0.0548979741|0.1588227459|0.1013630351,0.0093881361|0.0908145483|0.1079341259|0.1014590928|0.1201644417|0.1392205312|0.0093749962|0.1887585047|0.0944090213|0.1384766018,0.0197208508|0.1646442194|0.1387267123|0.1480198751|0.1226257037|0.1005593552|0.0199309433|0.0548979739|0.1441670385|0.0867073277,False,1199.9999999999998,1200
26,2,Adam Rippon|Arike Ogunbowale|Chris Mazdzer|Jennie Finch Daigle|Josh Norman|Kareem Abdul-Jabbar|Mirai Nagasu|Tonya Harding,Arike Ogunbowale|Kareem Abdul-Jabbar,2,8,0.4180789459|0.2247576197|0.1821500855|0.1559099976|0.1814760150|0.0738084265|0.6366643317|0.1271545915,0.0269202011|0.0976789244|0.1297664175|0.1545735393|0.1303508745|0.2672043636|0.0062691518|0.1872365278,0.0411205459|0.2232170769|0.1821492334|0.1559099941|0.1814760115|0.0738084265|0.0151649721|0.1271537395,False,1199.9999999999998,1200
26,3,Adam Rippon|Chris Mazdzer|Jennie Finch Daigle|Josh Norman|Mirai Nagasu|Tonya Harding,Chris Mazdzer|Jennie Finch Daigle|Mirai Nagasu,3,6,0.9754892328|0.2235257493|0.1836341463|0.2197877832|0.2487586870|0.1488043867,0.0011412210|0.1716038549|0.2238850324|0.1759339122|0.1450341261|0.2824018534,0.0048709848|0.2235249422|0.1836341408|0.1904776518|0.2487319596|0.1487603207,False,1199.9999999999998,1200
26,4,Adam Rippon|Josh Norman|Tonya Harding,Adam Rippon|Josh Norman|Tonya Harding,3,3,0.8254368753|0.6127933301|0.5617697835,0.0915176630|0.3777209240|0.5307614130,0.0398398489|0.4375029392|0.5226572119,False,1199.9999999999998,1200
27,1,Alexis Ren|Bobby Bones|Danelle Umstead|DeMarcus Ware|Evanna Lynch|Joe Amabile|John Schneider|Juan Pablo Di Pace|Mary Lou Retton|Milo Manheim|Nancy McKeon|Nikki Glaser|Tinashe,Nikki Glaser,1,13,0.1443409883|0.1372752130|0.0109951239|0.5068691589|0.1364991488|0.1400113342|0.1233957850|0.1156292810|0.0548199899|0.1170987098|0.0167887286|0.0059843639|0.4902921914,0.0588767227|0.0617164791|0.1432252034|0.0052519075|0.0620366129|0.0606009259|0.0676996155|0.0712972098|0.1069383465|0.0706021786|0.1377987393|0.1480904606|0.0058655981,0.1295999643|0.1372722137|0.0109951239|0.0187134661|0.1364991482|0.1400113342|0.1233957844|0.1066883980|0.0548193206|0.1170957104|0.0167886736|0.0059843639|0.0021364986,True,1181.8375126292137,1200
27,2,Alexis Ren|Bobby Bones|Danelle Umstead|DeMarcus Ware|Evanna Lynch|Joe Amabile|John Schneider|Juan Pablo Di Pace|Mary Lou Retton|Milo Manheim|Nancy McKeon|Tinashe,Danelle Umstead,1,12,0.1458962607|0.1362275642|0.0067620327|0.1440013317|0.1395428708|0.1531566651|0.1376258584|0.3608078388|0.0591463142|0.3602889757|0.0190555864|0.3374886609,0.0739114337|0.0788325128|0.1868729649|0.0748510691|0.0771092669|0.0704191215|0.0781010538|0.0176391997|0.1317887827|0.0177003209|0.1721682212|0.0206060530,0.1398312790|0.1362275642|0.0067620327|0.1439765455|0.1390450268|0.1531566651|0.1376258358|0.0296710757|0.0591442797|0.0291522126|0.0190555853|0.0063518978,True,1175.0079818703114,1200
27,3,Alexis Ren|Bobby Bones|DeMarcus Ware|Evanna Lynch|Joe Amabile|John Schneider|Juan Pablo Di Pace|Mary Lou Retton|Milo Manheim|Nancy McKeon|Tinashe,Nancy McKeon,1,11,0.1335119082|0.1330572374|0.1354605130|0.1312861351|0.1326799827|0.1229020527|1.0005131546|0.0605269226|0.1203397549|0.0107310023|0.0189913273,0.0756519772|0.0758816367|0.0746755610|0.0767829080|0.0760727216|0.0811968087|0.0002336655|0.1230646892|0.0825957256|0.1715170963|0.1623272103,0.1334952238|0.1330572370|0.1354438286|0.1309510209|0.1326799827|0.1229020527|0.0015518847|0.0605269134|0.1200046408|0.0107310022|0.0186562131,True,1164.0795496567919,1200
27,4,Alexis Ren|Bobby Bones|DeMarcus Ware|Evanna Lynch|Joe Amabile|John Schneider|Juan Pablo Di Pace|Mary Lou Retton|Milo Manheim|Tinashe,Tinashe,1,10,0.1374135976|0.1347026360|0.1392554936|0.1365865597|0.1374861102|0.1285171509|0.1124154815|0.0620448128|0.9985611646|0.0130169744,0.0892756856|0.0909038406|0.0881861452|0.0897692743|0.0892325386|0.0947307652|0.1054654362|0.1475530451|0.0002867184|0.2045965508,0.1372905744|0.1347026358|0.1392554844|0.1365804347|0.1374861102|0.1285171502|0.1124093565|0.0605460835|0.0016939251|0.0115182450,True,1163.2051536144352,1200
27,6,Alexis Ren|Bobby Bones|DeMarcus Ware|Evanna Lynch|Joe Amabile|John Schneider|Juan Pablo Di Pace|Mary Lou Retton|Milo Manheim,Mary Lou Retton,1,9,0.1634630453|0.1602930125|0.1595083154|0.1739144192|0.1576693823|0.1418831332|0.4981137966|0.0465659490|0.4985889187,0.1166948710|0.1191872921|0.1198124320|0.1088408542|0.1212903196|0.1347510050|0.0125354117|0.2543920454|0.0124957689,0.1630252875|0.1602929797|0.1594723821|0.1345087156|0.1576693496|0.1418831326|0.0180540835|0.0465648639|0.0185292056,True,1069.6978535128449,1200
27,7,Alexis Ren|Bobby Bones|DeMarcus Ware|Evanna Lynch|Joe Amabile|John Schneider|Juan Pablo Di Pace|Milo Manheim,DeMarcus Ware|John Schneider,2,8,0.1590042098|0.1545656931|0.1574234435|0.9254055606|0.1576027804|0.1454054090|0.1282260073|0.1723668867,0.1371089015|0.1412265902|0.1385614561|0.0008281452|0.1383958940|0.1501198813|0.1683362603|0.1254228714,0.1588166443|0.1545649265|0.1574226770|0.0035644161|0.1576027785|0.1453900127|0.1259409915|0.0966975534,False,1199.9999999999998,1200
27,8,Alexis Ren|Bobby Bones|Evanna Lynch|Joe Amabile|Juan Pablo Di Pace|Milo Manheim,Joe Amabile|Juan Pablo Di Pace,2,6,0.2222928993|0.2195012303|0.2168642920|0.2237578787|0.9293733328|0.1882103940,0.1883242082|0.1918619524|0.1952646278|0.1864938867|0.0016892682|0.2363660566,0.1762170523|0.2194991385|0.1889178795|0.2237521925|0.0039151996|0.1876985376,False,1199.9999999999998,1200
27,9,Alexis Ren|Bobby Bones|Evanna Lynch|Milo Manheim,Alexis Ren|Bobby Bones|Evanna Lynch|Milo Manheim,4,4,0.4555382878|0.4413867871|0.5562718092|0.5468031452,0.3170523912|0.3484205998|0.1619860504|0.1725409586,0.4500159901|0.4411118481|0.0591704129|0.0497017489,False,1199.9999999999998,1200
28,2,Ally Brooke|Hannah Brown|James Van Der Beek|Karamo Brown|Kate Flannery|Kel Mitchell|Lamar Odom|Lauren Alaina|Mary Wilson|Ray Lewis|Sailor Brinkley-Cook|Sean Spicer,Mary Wilson|Ray Lewis,2,12,0.2854383474|0.2807359877|0.1780266090|0.1083200541|0.1213307524|0.2580175126|0.0635271740|0.2692359312|0.0898784864|0.1144117723|0.0960514675|0.1350258981,0.0332257377|0.0342838320|0.0679928848|0.1082142903|0.0992235556|0.0398901878|0.1458724531|0.0370156545|0.1223709757|0.1039075931|0.1174372335|0.0905656019,0.1941141447|0.1711469474|0.0867024063|0.0215620663|0.0254403421|0.1666933099|0.0087326538|0.1824779435|0.0213853362|0.0459186221|0.0138596873|0.0619665404,False,1199.9999999999998,1200
28,4,Ally Brooke|Hannah Brown|James Van Der Beek|Karamo Brown|Kate Flannery|Kel Mitchell|Lamar Odom|Lauren Alaina|Sailor Brinkley-Cook|Sean Spicer,Lamar Odom,1,10,0.3040841939|0.3059014330|0.1961543104|0.1210743850|0.1224218595|0.2942704699|0.0778117795|0.3041906452|0.1266764301|0.1474144786,0.0425933609|0.0420804586|0.0874643210|0.1442811442|0.1429908473|0.0454732036|0.1925163637|0.0425631442|0.1389920614|0.1210450951,0.1906090201|0.1924262593|0.0968635297|0.0217836043|0.0302232790|0.1807952961|0.0068897923|0.1907154715|0.0167473528|0.0729463949,True,1179.4924003763128,1200
28,6,Ally Brooke|Hannah Brown|James Van Der Beek|Karamo Brown|Kate Flannery|Kel Mitchell|Lauren Alaina|Sailor Brinkley-Cook|Sean Spicer,Sailor Brinkley-Cook,1,9,0.3019686428|0.3042501904|0.2081752960|0.1349371436|0.1462623648|0.3023038358|0.3110355217|0.1276783198|0.1633886849,0.0575481961|0.0566794931|0.1075452585|0.1752416919|0.1624978292|0.0574197413|0.0541726913|0.1839305565|0.1449645421,0.1923195210|0.1989870317|0.0897542407|0.0252880219|0.0278413094|0.1882687510|0.1970004369|0.0092572645|0.0712834229,True,1167.9295123384345,1200
28,7,Ally Brooke|Hannah Brown|James Van Der Beek|Karamo Brown|Kate Flannery|Kel Mitchell|Lauren Alaina|Sean Spicer,Karamo Brown,1,8,0.3256565798|0.3395000673|0.2284663043|0.1371185046|0.1487827032|0.3150044178|0.3242531128|0.1812183399,0.0653937295|0.0596286675|0.1250059760|0.2298316020|0.2126368011|0.0702064922|0.0660084537|0.1712882780,0.1919932086|0.2107871897|0.0948029331|0.0158313748|0.0299708202|0.1887667869|0.1905897416|0.0772579451,True,1150.9716674640376,1200
28,8,Ally Brooke|Hannah Brown|James Van Der Beek|Kate Flannery|Kel Mitchell|Lauren Alaina|Sean Spicer,Kate Flannery,1,7,0.3495914207|0.3536578816|0.2542013205|0.1551028800|0.3470488608|0.3510383463|0.1893592900,0.0804083490|0.0782577820|0.1518741193|0.2940377867|0.0817829195|0.0796364453|0.2340025982,0.1941503601|0.1930364919|0.0883985586|0.0203883362|0.1916088432|0.2266854963|0.0857319137,True,1142.6228716096653,1200
28,9,Ally Brooke|Hannah Brown|James Van Der Beek|Kel Mitchell|Lauren Alaina|Sean Spicer,Sean Spicer,1,6,0.3852915503|0.3924298311|0.2747612460|0.3815255851|0.3870063085|0.1789854716,0.0998649619|0.0952238421|0.2086561303|0.1024039541|0.0987298340|0.3951212776,0.1934450306|0.2221660490|0.1020993753|0.2040675521|0.2191406000|0.0590813931,True,1070.0829787976597,1200
28,10,Ally Brooke|Hannah Brown|James Van Der Beek|Kel Mitchell|Lauren Alaina,James Van Der Beek,1,5,0.4324678937|0.4456944432|0.2623014412|0.4241527481|0.4353834887,0.1415871082|0.1296369870|0.4402567808|0.1496575130|0.1388616111,0.2179224351|0.2493308004|0.0768468938|0.2168800248|0.2390198459,True,1034.1693486542692,1200
28,11,Ally Brooke|Hannah Brown|Kel Mitchell|Lauren Alaina,Ally Brooke|Hannah Brown|Kel Mitchell|Lauren Alaina,4,4,0.5012229692|0.5025832478|0.4936618597|0.5025319532,0.2478939338|0.2456560641|0.2607099182|0.2457400840,0.2448126982|0.2547199998|0.2415250928|0.2589422092,False,1199.9999999999998,1200
29,2,AJ McLean|Anne Heche|Carole Baskin|Charles Oakley|Chrishell Stause|Jeannie Mai|Jesse Metcalfe|Johnny Weir|Justina Machado|Kaitlyn Bristowe|Monica Aldama|Nelly|Nev Schulman|Skai Jackson|Veron Davis,Charles Oakley,1,15,0.1085521103|0.0727222094|0.0659960272|0.0586016544|0.0859265627|0.1595129792|0.0853740342|0.1866111813|0.1915622842|0.1909102732|0.1521668268|0.1880799680|0.1874767513|0.1862958521|0.0802113230,0.0740072137|0.0939749801|0.0982848398|0.1032512781|0.0860561126|0.0526898820|0.0863736868|0.0439814857|0.0425534704|0.0427388418|0.0553345670|0.0435529245|0.0437284228|0.0440740405|0.0893982541,0.0389550374|0.0067881399|0.0073879684|0.0036565990|0.0199924932|0.0935789097|0.0121139579|0.1206771118|0.1146392044|0.1103241900|0.0935587680|0.1221458985|0.1105536715|0.1313507967|0.0142772536,True,1187.4290716762032,1200
29,3,AJ McLean|Anne Heche|Carole Baskin|Chrishell Stause|Jeannie Mai|Jesse Metcalfe|Johnny Weir|Justina Machado|Kaitlyn Bristowe|Monica Aldama|Nelly|Nev Schulman|Skai Jackson|Veron Davis,Carole Baskin,1,14,0.1141306678|0.0612474127|0.0467889009|0.0987148601|0.1737530413|0.0826914357|0.1946679894|0.1844701874|0.1940970736|0.1636807899|0.1885887253|0.2023670946|0.2016087793|0.0931930530,0.0807076140|0.1148225571|0.1264412828|0.0894433060|0.0542363002|0.0995268842|0.0471775170|0.0504964375|0.0473574217|0.0580032344|0.0491288221|0.0448171140|0.0450442577|0.0927972513,0.0393975744|0.0078666290|0.0040842740|0.0204230416|0.0954612228|0.0115170600|0.1092587355|0.1168545294|0.1122465374|0.0889476965|0.1245317849|0.1169578408|0.1375518389|0.0149012345,True,1187.8550211133681,1200
29,4,AJ McLean|Anne Heche|Chrishell Stause|Jeannie Mai|Jesse Metcalfe|Johnny Weir|Justina Machado|Kaitlyn Bristowe|Monica Aldama|Nelly|Nev Schulman|Skai Jackson|Veron Davis,Anne Heche,1,13,0.1186731880|0.0747616633|0.0920342732|0.1687951958|0.0815158451|0.2000963264|0.1964431317|0.1988548787|0.1728766175|0.1968369771|0.1992583174|0.2096163378|0.0902372779,0.0915497102|0.1226856759|0.1093413753|0.0655448989|0.1172839274|0.0532001483|0.0545117249|0.0536422767|0.0637855011|0.0543687847|0.0534981947|0.0499286227|0.1106591592,0.0389389669|0.0049942180|0.0189445692|0.0990277505|0.0117483998|0.1203621053|0.1167089106|0.1157983990|0.0931423964|0.1270695317|0.1195240963|0.1165930824|0.0171475740,True,1181.6336775762752,1200
29,5,AJ McLean|Chrishell Stause|Jeannie Mai|Jesse Metcalfe|Johnny Weir|Justina Machado|Kaitlyn Bristowe|Monica Aldama|Nelly|Nev Schulman|Skai Jackson|Veron Davis,Jesse Metcalfe,1,12,0.1237037749|0.0877692669|0.1859978680|0.0744849435|0.2147567130|0.1984995980|0.2116613357|0.1828716224|0.2051595697|0.2122121375|0.2131782630|0.0897048925,0.1037093257|0.1317828415|0.0684633172|0.1439862175|0.0565187507|0.0629885662|0.0576971802|0.0699051781|0.0602530630|0.0574857040|0.0571166378|0.1300932182,0.0400800825|0.0215671777|0.1023741756|0.0082828543|0.1137114174|0.1148759056|0.1175846799|0.0922792902|0.1215358773|0.1216198053|0.1295545706|0.0165341635,True,1173.1515697042873,1200
29,6,AJ McLean|Chrishell Stause|Jeannie Mai|Johnny Weir|Justina Machado|Kaitlyn Bristowe|Monica Aldama|Nelly|Nev Schulman|Skai Jackson|Veron Davis,Veron Davis,1,11,0.1383821070|0.1119457807|0.1922520303|0.2018879527|0.2146171104|0.2229707135|0.1932629985|0.2140409115|0.2129290030|0.2102650621|0.0874463229,0.1156629007|0.1379542498|0.0807652751|0.0757400912|0.0695778713|0.0658089527|0.0802227645|0.0698456566|0.0703653268|0.0716261500|0.1624307612,0.0376358405|0.0223935421|0.0989684515|0.1197984019|0.1138708439|0.1222244470|0.0925167319|0.1244886729|0.1159140766|0.1431008794|0.0090881123,True,1174.6949759342087,1200
29,7,AJ McLean|Chrishell Stause|Jeannie Mai|Johnny Weir|Justina Machado|Kaitlyn Bristowe|Monica Aldama|Nelly|Nev Schulman|Skai Jackson,Jeannie Mai|Monica Aldama,2,10,0.1409117693|0.1201324269|0.1949428534|0.2235859250|0.2226696197|0.2170678251|0.1844284296|0.2307239124|0.2318145725|0.2337226809,0.1431454415|0.1644144109|0.0998484922|0.0824919035|0.0829973642|0.0861555297|0.1070986228|0.0786583324|0.0780884766|0.0771014261,0.0409117678|0.0201324255|0.0987890056|0.1197397698|0.1226696182|0.1247601309|0.0998130426|0.1268777573|0.1164299566|0.1298765258,False,1199.9999999999998,1200
29,8,AJ McLean|Chrishell Stause|Johnny Weir|Justina Machado|Kaitlyn Bristowe|Nelly|Nev Schulman|Skai Jackson,Chrishell Stause,1,8,0.1708700650|0.1384564526|0.2783896045|0.2805597402|0.2790154540|0.2796692113|0.2828119560|0.2902275238,0.1958226835|0.2430580547|0.0956229299|0.0942494577|0.0952247906|0.0948106677|0.0928448945|0.0883665215,0.0492482253|0.0168346129|0.1432542220|0.1499297686|0.1528891051|0.1715609069|0.1476765736|0.1686065856,True,1151.6095091116358,1200
29,9,AJ McLean|Johnny Weir|Justina Machado|Kaitlyn Bristowe|Nelly|Nev Schulman|Skai Jackson,AJ McLean,1,7,0.1652474470|0.3071738967|0.3047521331|0.3073044034|0.2914720210|0.3053222304|0.3187278908,0.2981336645|0.1157422335|0.1176260688|0.1156415763|0.1285148889|0.1171798619|0.1071617061,0.0357142605|0.1517328360|0.1700375893|0.1518633427|0.1671191710|0.1550635701|0.1684692305,True,1098.0548578813862,1200
29,10,Johnny Weir|Justina Machado|Kaitlyn Bristowe|Nelly|Nev Schulman|Skai Jackson,Johnny Weir|Skai Jackson,2,6,0.3298666914|0.3262463962|0.3341931602|0.3323685281|0.3327322789|0.3445929600,0.1704441423|0.1746079078|0.1655982222|0.1676248959|0.1672188971|0.1545059347,0.1660735895|0.1595797245|0.1617793640|0.1714489810|0.1603184828|0.1807998581,False,1199.9999999999998,1200
29,11,Justina Machado|Kaitlyn Bristowe|Nelly|Nev Schulman,Justina Machado|Kaitlyn Bristowe|Nelly|Nev Schulman,4,4,0.4936447502|0.4965668046|0.5077991009|0.5019893593,0.2606508786|0.2556224419|0.2371800469|0.2465466326,0.2404801906|0.2434022450|0.2672927648|0.2488247997,False,1199.9999999999998,1200
30,2,"Amanda Kloots|Brian Austin Green|Christine Chiu|Cody Rigsby|Iman Shumpert|Jimmie Allen|JoJo Siwa|Kenya Moore|Martin Kove|Matt James|Melanie C|Melora Hardin|Mike ""The Miz"" Mizanin|Olivia Jade|Suni Lee",Martin Kove,1,15,0.1751236664|0.1344765091|0.0696068758|0.1627404890|0.1690145009|0.1659668319|0.1740637588|0.0748679984|0.0421970938|0.1498088756|0.0880978211|0.1589540420|0.0927897459|0.1677192368|0.1745725546,0.0481321349|0.0631132724|0.0972607298|0.0522742843|0.0501329165|0.0511619249|0.0484734434|0.0939085239|0.1167607756|0.0569808536|0.0859806560|0.0536106388|0.0833328510|0.0505676934|0.0483093014,0.0920067848|0.0747362488|0.0072692128|0.1004028259|0.1040794351|0.0958369606|0.0935442763|0.0125303353|0.0032360558|0.0926660181|0.0101757451|0.0888241706|0.0252572811|0.0975893655|0.1018452842,True,1188.5988474482583,1200
30,3,"Amanda Kloots|Brian Austin Green|Christine Chiu|Cody Rigsby|Iman Shumpert|Jimmie Allen|JoJo Siwa|Kenya Moore|Matt James|Melanie C|Melora Hardin|Mike ""The Miz"" Mizanin|Olivia Jade|Suni Lee",Christine Chiu,1,14,0.1729196107|0.1405441335|0.0760580055|0.1661658435|0.1670463325|0.1654686022|0.1757689107|0.0837402715|0.1534482043|0.0831105122|0.1625541763|0.0965186079|0.1775872630|0.1790694965,0.0564910380|0.0700997005|0.1077513267|0.0590926837|0.0587468300|0.0593680021|0.0554280993|0.1023717642|0.0643213352|0.1028024649|0.0605327719|0.0940119616|0.0547602368|0.0542217852,0.0923827013|0.0767857454|0.0055882088|0.1057631596|0.1032879444|0.0983545098|0.0952320013|0.0132704748|0.0863341119|0.0092850113|0.0853729711|0.0226931070|0.0970503536|0.1085996998,True,1181.5383285833345,1200
30,4,"Amanda Kloots|Brian Austin Green|Cody Rigsby|Iman Shumpert|Jimmie Allen|JoJo Siwa|Kenya Moore|Matt James|Melanie C|Melora Hardin|Mike ""The Miz"" Mizanin|Olivia Jade|Suni Lee",Brian Austin Green|Matt James,2,13,0.1782438899|0.1405954465|0.1720447108|0.1749134568|0.1763590161|0.1842371172|0.0845649094|0.1538467355|0.0886665800|0.1701930611|0.1020262806|0.1869702510|0.1873385488,0.0633458773|0.0814182499|0.0660186770|0.0647680686|0.0641468927|0.0608647979|0.1182896600|0.0745341584|0.1150989153|0.0668386842|0.1052909238|0.0597658295|0.0596192654,0.0967091168|0.0782453261|0.1025003433|0.0993738902|0.0984213684|0.1003042630|0.0138215051|0.0855014123|0.0095298880|0.0826630815|0.0240886329|0.1030373968|0.1058037757,False,1199.9999999999998,1200
30,5,"Amanda Kloots|Cody Rigsby|Iman Shumpert|Jimmie Allen|JoJo Siwa|Kenya Moore|Melanie C|Melora Hardin|Mike ""The Miz"" Mizanin|Olivia Jade|Suni Lee",Melanie C,1,11,0.2057848762|0.2079672900|0.2046910042|0.2078976357|0.2133984616|0.1102262298|0.1003855388|0.2041642562|0.1139387418|0.2129687765|0.2185771819,0.0737111787|0.0726464875|0.0742506807|0.0726802296|0.0700631676|0.1393811279|0.1488317859|0.0745118817|0.1359737739|0.0702641560|0.0676855305,0.1044861714|0.1248504084|0.1319637337|0.1195859486|0.1095023578|0.0167197371|0.0068790462|0.1106577635|0.0308218603|0.1194622838|0.1250706892,True,1174.7020537881199,1200
30,6,"Amanda Kloots|Cody Rigsby|Iman Shumpert|Jimmie Allen|JoJo Siwa|Kenya Moore|Melora Hardin|Mike ""The Miz"" Mizanin|Olivia Jade|Suni Lee",Kenya Moore,1,10,0.2175089266|0.2251377086|0.2270954052|0.2245285345|0.2214715610|0.0973901194|0.2127580336|0.1234800303|0.2222975235|0.2283321722,0.0844103720|0.0802247233|0.0791844885|0.0805511913|0.0822096525|0.1880075897|0.0871266585|0.1579928207|0.0817582159|0.0785342876,0.1131133210|0.1262366081|0.1172052944|0.1201329289|0.1115814502|0.0094780293|0.1193514383|0.0300734350|0.1233964231|0.1294310717,True,1169.4830144115776,1200
30,7,"Amanda Kloots|Cody Rigsby|Iman Shumpert|Jimmie Allen|JoJo Siwa|Melora Hardin|Mike ""The Miz"" Mizanin|Olivia Jade|Suni Lee","Mike ""The Miz"" Mizanin",1,9,0.2232971761|0.2312051987|0.2359666212|0.2352810866|0.2408544542|0.2254149986|0.1167236164|0.2494917449|0.2417651033,0.1060973829|0.1006487999|0.0975040984|0.0979507344|0.0943780815|0.1046099386|0.2159070038|0.0890971120|0.0938068484,0.1193216417|0.1211134528|0.1319910868|0.1190731368|0.1215883986|0.1092070487|0.0188642859|0.1210513797|0.1377895689,True,1142.3572851487493,1200
30,8,Amanda Kloots|Cody Rigsby|Iman Shumpert|Jimmie Allen|JoJo Siwa|Melora Hardin|Olivia Jade|Suni Lee,Jimmie Allen|Olivia Jade,2,8,0.2452583664|0.2542427581|0.2479038793|0.2346610939|0.2605875129|0.2432588442|0.2508712210|0.2632163391,0.1287946248|0.1213068317|0.1265430197|0.1382228950|0.1162827552|0.1305229701|0.1240643086|0.1142625947,0.1088947260|0.1308661353|0.1342675123|0.1307649901|0.1274706268|0.1068952038|0.1339881070|0.1268526987,False,1199.9999999999998,1200
30,9,Amanda Kloots|Cody Rigsby|Iman Shumpert|JoJo Siwa|Melora Hardin|Suni Lee,Melora Hardin|Suni Lee,2,6,0.3323976371|0.3301403637|0.3395251032|0.3328918177|0.3179450439|0.3471000345,0.1674131210|0.1699514870|0.1596442808|0.1668624797|0.1843461348|0.1517824967,0.1576188776|0.1730607117|0.1735959049|0.1559006679|0.1586530016|0.1811708363,False,1199.9999999999998,1200
30,10,Amanda Kloots|Cody Rigsby|Iman Shumpert|JoJo Siwa,Amanda Kloots|Cody Rigsby|Iman Shumpert|JoJo Siwa,4,4,0.4943791605|0.5070214643|0.5000396641|0.4985597260,0.2594267365|0.2384577895|0.2498192473|0.2522962267,0.2459715134|0.2649832441|0.2452625903|0.2437826521,False,1199.9999999999998,1200
31,1,Charli D'Amelio|Cheryl Ladd|Daniel Durant|Gabby Windey|Heidi D'Amelio|Jason Lewis|Jessie James Decker|Jordin Sparks|Joseph Baena|Sam Champion|Selma Blair|Shangela|Teresa Giudice|Trevor Donovan|Vinny Guadagnino|Wayne Brady,Jason Lewis,1,16,0.1742531455|0.0614231095|0.1671675710|0.1618210988|0.1517381962|0.0509059410|0.0688401767|0.0918643423|0.1554312197|0.0636030936|0.1501786136|0.1637392482|0.0586869166|0.1554993993|0.1605800806|0.1642678474,0.0427806689|0.0907661645|0.0448499961|0.0464774222|0.0497089999|0.0973585967|0.0863871955|0.0740947757|0.0485000992|0.0894565785|0.0502285313|0.0458868685|0.0924370493|0.0484780595|0.0468635461|0.0457254480,0.0904835112|0.0064492874|0.0964869453|0.0885226669|0.0889109742|0.0037855226|0.0164841571|0.0238015153|0.0952217964|0.0112470739|0.0768801816|0.0904408162|0.0063308970|0.1005255772|0.1160774609|0.0883516168,True,1186.2022255565898,1200
31,2,Charli D'Amelio|Cheryl Ladd|Daniel Durant|Gabby Windey|Heidi D'Amelio|Jessie James Decker|Jordin Sparks|Joseph Baena|Sam Champion|Selma Blair|Shangela|Teresa Giudice|Trevor Donovan|Vinny Guadagnino|Wayne Brady,Teresa Giudice,1,15,0.1686183037|0.0576319566|0.1653976324|0.1709408934|0.1608440282|0.0748045206|0.0942213744|0.1561333951|0.0732106597|0.1513421423|0.1630476741|0.0601829325|0.1683141534|0.1711942107|0.1641161229,0.0503068495|0.1054303158|0.0513986744|0.0495339013|0.0529829277|0.0940255413|0.0826091764|0.0546732175|0.0950299591|0.0564477623|0.0522102466|0.1036524748|0.0504089586|0.0494503199|0.0518396748,0.0909484001|0.0066610819|0.0950092855|0.0932709898|0.0928828644|0.0141249097|0.0286873937|0.0978809674|0.0101038621|0.0833809785|0.0950865103|0.0043576915|0.0954986159|0.1056602300|0.0864462192,True,1185.213226330627,1200
31,3,Charli D'Amelio|Cheryl Ladd|Daniel Durant|Gabby Windey|Heidi D'Amelio|Jessie James Decker|Jordin Sparks|Joseph Baena|Sam Champion|Selma Blair|Shangela|Trevor Donovan|Vinny Guadagnino|Wayne Brady,Cheryl Ladd,1,14,0.1736449946|0.0630933668|0.1736330072|0.1736256010|0.1693458840|0.0801158068|0.0982947302|0.1700879396|0.0703386253|0.1507439313|0.1682399320|0.1642445353|0.1742739609|0.1703177035,0.0557515070|0.1165027984|0.0557559626|0.0557587156|0.0573725049|0.1040043121|0.0921335853|0.0570893818|0.1110092544|0.0649474315|0.0577970764|0.0593572441|0.0555182243|0.0570020016,0.0917591352|0.0035400156|0.0967099275|0.0917397417|0.0899414182|0.0155996797|0.0263344300|0.0981276394|0.0083038842|0.0812650247|0.0937982457|0.0972470147|0.1172019995|0.0884318441,True,1187.5802241142471,1200
31,4,Charli D'Amelio|Daniel Durant|Gabby Windey|Heidi D'Amelio|Jessie James Decker|Jordin Sparks|Joseph Baena|Sam Champion|Selma Blair|Shangela|Trevor Donovan|Vinny Guadagnino|Wayne Brady,Sam Champion,1,13,0.1846931829|0.1730783657|0.1805630061|0.1736221718|0.0902629283|0.1099594944|0.1680175656|0.0672103465|0.1624420811|0.1750334242|0.1686590077|0.1720721098|0.1743863234,0.0605627406|0.0654385790|0.0622534761|0.0652017692|0.1136603816|0.0996739594|0.0676840562|0.1325418935|0.0702472065|0.0645912049|0.0673952382|0.0658790411|0.0648704536,0.0968883066|0.1023466588|0.0927581298|0.0906953396|0.0146531699|0.0270326622|0.0997248807|0.0062347353|0.0843933005|0.0969846436|0.1003663228|0.1013404029|0.0865814471,True,1179.8275746811278,1200
31,5,Charli D'Amelio|Daniel Durant|Gabby Windey|Heidi D'Amelio|Jessie James Decker|Jordin Sparks|Joseph Baena|Selma Blair|Shangela|Trevor Donovan|Vinny Guadagnino|Wayne Brady,Joseph Baena|Selma Blair,2,12,0.1872035214|0.1761362858|0.1905155277|0.1748401029|0.0955598919|0.1052538960|0.1839687984|0.1669858785|0.1806019319|0.1794286962|0.1802229895|0.1792824725,0.0710434541|0.0764833668|0.0694920027|0.0771471401|0.1308758611|0.1226853018|0.0725921318|0.0812943083|0.0742399427|0.0748228924|0.0744277308|0.0748958672,0.0935580381|0.1014428668|0.0990996977|0.0878835795|0.0152923359|0.0261011629|0.1059308957|0.0777997018|0.0947602389|0.0991611402|0.1111036999|0.0878666425,False,1199.9999999999998,1200
31,6,Charli D'Amelio|Daniel Durant|Gabby Windey|Heidi D'Amelio|Jessie James Decker|Jordin Sparks|Shangela|Trevor Donovan|Vinny Guadagnino|Wayne Brady,Jessie James Decker,1,10,0.2312253876|0.2232231535|0.2213942980|0.2175369641|0.1040861248|0.1301937369|0.2231088013|0.2258952641|0.2144555301|0.2088807322,0.0776157694|0.0818688722|0.0828731577|0.0850319252|0.1811572983|0.1522181909|0.0819313086|0.0804233677|0.0867967927|0.0900833173,0.1152833564|0.1246724315|0.1141479214|0.1131891390|0.0113324984|0.0316430149|0.1187609762|0.1273445421|0.1332961098|0.1103300102,True,1160.6095073201998,1200
31,7,Charli D'Amelio|Daniel Durant|Gabby Windey|Heidi D'Amelio|Jordin Sparks|Shangela|Trevor Donovan|Vinny Guadagnino|Wayne Brady,Jordin Sparks,1,9,0.2365432127|0.2388953221|0.2334638495|0.2233977458|0.1269991952|0.2346300343|0.2412279683|0.2391424542|0.2257002255,0.0979207968|0.0963973033|0.0999517975|0.1068894799|0.2032531826|0.0991777286|0.0949098271|0.0962386150|0.1052612692,0.1167275428|0.1267601427|0.1244008724|0.1158708623|0.0210084128|0.1224948549|0.1214122983|0.1423682635|0.1089567503,True,1146.4131800522653,1200
31,8,Charli D'Amelio|Daniel Durant|Gabby Windey|Heidi D'Amelio|Shangela|Trevor Donovan|Vinny Guadagnino|Wayne Brady,Heidi D'Amelio|Vinny Guadagnino,2,8,0.2622194622|0.2500090239|0.2537484846|0.2353730359|0.2559781545|0.2498617972|0.2434860600|0.2493239818,0.1150740752|0.1248332661|0.1217596766|0.1376277021|0.1199631691|0.1249558515|0.1303815826|0.1254046768,0.1189073656|0.1258052004|0.1263599476|0.1239080661|0.1222201907|0.1256579737|0.1511293707|0.1060118852,False,1199.9999999999998,1200
31,9,Charli D'Amelio|Daniel Durant|Gabby Windey|Shangela|Trevor Donovan|Wayne Brady,Daniel Durant|Trevor Donovan,2,6,0.3411826650|0.3379221308|0.3356070707|0.3309703305|0.3312894033|0.3230284146,0.1580494445|0.1615225592|0.1640347922|0.1691845539|0.1688250552|0.1783835951,0.1593644778|0.1811039495|0.1537888835|0.1650612339|0.1835621373|0.1571193180,False,1199.9999999999998,1200
31,10,Charli D'Amelio|Gabby Windey|Shangela|Wayne Brady,Charli D'Amelio|Gabby Windey|Shangela|Wayne Brady,4,4,0.5049757811|0.5023448188|0.5071203211|0.4855591089,0.2414470302|0.2457193083|0.2380196371|0.2748140244,0.2485655102|0.2459345478|0.2635305771|0.2419693649,False,1199.9999999999998,1200
32,1,Adrian Peterson|Alyson Hannigan|Ariana Madix|Barry Williams|Charity Lawson|Harry Jowsey|Jamie Lynn Spears|Jason Mraz|Lele Pons|Matt Walsh|Mauricio Umansky|Mira Sorvino|Tyson Beckford|Xochitl Gomez,Matt Walsh,1,14,0.0884004084|0.2202918408|0.2266518900|0.1127609434|0.2355700044|0.1688385830|0.0765292415|0.2288736640|0.1160031090|0.0548959961|0.0884059488|0.0872829324|0.0610334234|0.2344620148,0.0928965207|0.0385597882|0.0369590170|0.0789711524|0.0348256977|0.0543384291|0.1005472037|0.0364156207|0.0772825502|0.1161461070|0.0928930895|0.0935911692|0.1114897613|0.0350838935,0.0104783324|0.1640147855|0.1357427964|0.0434968742|0.1403319073|0.1168905311|0.0115941757|0.1379645704|0.0337520296|0.0029479442|0.0234708830|0.0136898599|0.0090853715|0.1565399388,True,1190.7838194052556,1200
32,2,Adrian Peterson|Alyson Hannigan|Ariana Madix|Barry Williams|Charity Lawson|Harry Jowsey|Jamie Lynn Spears|Jason Mraz|Lele Pons|Mauricio Umansky|Mira Sorvino|Tyson Beckford|Xochitl Gomez,Jamie Lynn Spears,1,13,0.0764854743|0.2328885311|0.2339407929|0.1057334648|0.2378139377|0.1797881854|0.0743962058|0.2404175780|0.1210599026|0.0772087894|0.0899133441|0.0860992135|0.2442546139,0.1158049514|0.0408219643|0.0405365971|0.0952896041|0.0395033008|0.0581614394|0.1174292211|0.0388235348|0.0860341635|0.1152478725|0.1058886627|0.1086156743|0.0378430140,0.0134602605|0.1530565957|0.1499071770|0.0427082510|0.1495786414|0.1167629716|0.0071693116|0.1395772404|0.0328246063|0.0267886206|0.0142830891|0.0104689584|0.1434142763,True,1175.586165422444,1200
32,3,Adrian Peterson|Alyson Hannigan|Ariana Madix|Barry Williams|Charity Lawson|Harry Jowsey|Jason Mraz|Lele Pons|Mauricio Umansky|Mira Sorvino|Tyson Beckford|Xochitl Gomez,Tyson Beckford,1,12,0.0821449669|0.2401795439|0.2472650342|0.1242367721|0.2444430672|0.1857679691|0.2415875909|0.1193634070|0.0967549399|0.0956980409|0.0685499878|0.2540086800,0.1309576681|0.0456640018|0.0435571417|0.0989151184|0.0443843439|0.0656313916|0.0452373603|0.1021815561|0.1188039085|0.1196439561|0.1433812721|0.0416422817,0.0140335100|0.1658761404|0.1420018755|0.0468373916|0.1453718625|0.1114645656|0.1363244322|0.0357720725|0.0255475060|0.0152026834|0.0066304849|0.1549374753,True,1177.9245821608285,1200
32,4,Adrian Peterson|Alyson Hannigan|Ariana Madix|Barry Williams|Charity Lawson|Harry Jowsey|Jason Mraz|Lele Pons|Mauricio Umansky|Mira Sorvino|Xochitl Gomez,Adrian Peterson,1,11,0.0963045094|0.2452123860|0.2492639916|0.1237141028|0.2495461557|0.2000207458|0.2449447563|0.1302025837|0.1052854279|0.1021150962|0.2533902446,0.1460094519|0.0541063839|0.0526644933|0.1216247805|0.0525655196|0.0731293494|0.0542030066|0.1164758781|0.1375240167|0.1404615959|0.0512355242,0.0088045109|0.1702123830|0.1450973274|0.0487140998|0.1495461542|0.1125207473|0.1449447548|0.0385359151|0.0261187622|0.0146150977|0.1408902476,True,1167.2277762171086,1200
32,5,Alyson Hannigan|Ariana Madix|Barry Williams|Charity Lawson|Harry Jowsey|Jason Mraz|Lele Pons|Mauricio Umansky|Mira Sorvino|Xochitl Gomez,Mira Sorvino,1,10,0.2531397932|0.2502625917|0.1429381400|0.2657866042|0.2037940260|0.2537419061|0.1385246983|0.1241510222|0.1010144334|0.2666467923,0.0641442590|0.0653865079|0.1337285877|0.0589578345|0.0891309267|0.0638872945|0.1377217336|0.1515718444|0.1768503083|0.0586207033,0.1656397946|0.1502625903|0.0429381385|0.1491199371|0.1287940230|0.1412419091|0.0385246968|0.0241510207|0.0093477647|0.1499801252,True,1171.861301395577,1200
32,6,Alyson Hannigan|Ariana Madix|Barry Williams|Charity Lawson|Harry Jowsey|Jason Mraz|Lele Pons|Mauricio Umansky|Xochitl Gomez,Mauricio Umansky,1,9,0.2730080593|0.2764951524|0.1454724147|0.2777447238|0.2133598931|0.2646565302|0.1547898830|0.1190831853|0.2753901508,0.0724344955|0.0707700123|0.1695114156|0.0701829132|0.1078064062|0.0765818041|0.1593023260|0.2021173500|0.0712932771,0.1767347637|0.1491659667|0.0460935309|0.1597323029|0.1232977815|0.1435385211|0.0398830505|0.0165987132|0.1449553695,True,1146.7966649886444,1200
32,7,Alyson Hannigan|Ariana Madix|Barry Williams|Charity Lawson|Harry Jowsey|Jason Mraz|Lele Pons|Xochitl Gomez,Lele Pons,1,8,0.2863944150|0.2841224169|0.1647731478|0.2932455041|0.2366637562|0.2867947772|0.1541102541|0.2938957288,0.0910956138|0.0924859102|0.2049401744|0.0870285068|0.1269060922|0.0908527964|0.2200388369|0.0866520693,0.1622809372|0.1529167389|0.0495249221|0.1655859299|0.1231885825|0.1591352030|0.0246776355|0.1626900508,True,1128.5064756845272,1200
32,8,Alyson Hannigan|Ariana Madix|Barry Williams|Charity Lawson|Harry Jowsey|Jason Mraz|Xochitl Gomez,Barry Williams,1,7,0.3206556476|0.3159582407|0.1679024076|0.3229080740|0.2551014897|0.3037162488|0.3137578915,0.1052603378|0.1086088325|0.2914276051|0.1036915382|0.1629534225|0.1178445065|0.1102137574,0.1783631630|0.1499503345|0.0295624858|0.1687578711|0.1444295522|0.1732814675|0.1556551258,True,1114.5972804448893,1200
32,9,Alyson Hannigan|Ariana Madix|Charity Lawson|Harry Jowsey|Jason Mraz|Xochitl Gomez,Harry Jowsey,1,6,0.3498979928|0.3496051159|0.3509209176|0.2326932400|0.3539461264|0.3629366370,0.1414481172|0.1417245662|0.1404867935|0.3089866293|0.1376818280|0.1296720657,0.2051016064|0.1821842965|0.1789752116|0.0969466269|0.1593759874|0.1774162712,True,974.6982431301004,1200
32,11,Alyson Hannigan|Ariana Madix|Charity Lawson|Jason Mraz|Xochitl Gomez,Alyson Hannigan|Ariana Madix|Charity Lawson|Jason Mraz|Xochitl Gomez,5,5,0.4003285660|0.3981847069|0.4070325640|0.3872145569|0.4072396211,0.1993215254|0.2021907624|0.1906093235|0.2175319973|0.1903463915,0.2181979759|0.1954355589|0.2042834159|0.1810289925|0.2010540567,False,1199.9999999999998,1200
33,2,Anna Delvey|Brooks Nader|Chandler Kinney|Danny Amendola|Dwight Howard|Eric Roberts|Ilona Maher|Jenn Tran|Joey Graziadei|Phaedra Parks|Reginald VelJohnson|Stephen Nedoroscik|Tori Spelling,Anna Delvey|Tori Spelling,2,13,0.1169672194|0.0877164249|0.2370538619|0.2315780009|0.1549324874|0.0828000398|0.2389520776|0.1061345806|0.2289038111|0.0915159037|0.0764885856|0.2427599611|0.1041970610,0.0895200892|0.1087953241|0.0402007416|0.0416954155|0.0695023993|0.1124202698|0.0396952158|0.0962241776|0.0424454243|0.1060741628|0.1172514318|0.0387002006|0.0974751476,0.0510757449|0.0101970454|0.1440306065|0.1501826505|0.0696611661|0.0246605033|0.1575567272|0.0324911719|0.1436324898|0.0101205533|0.0183490490|0.1574886398|0.0305536523,False,1199.9999999999998,1200
33,3,Brooks Nader|Chandler Kinney|Danny Amendola|Dwight Howard|Eric Roberts|Ilona Maher|Jenn Tran|Joey Graziadei|Phaedra Parks|Reginald VelJohnson|Stephen Nedoroscik,Eric Roberts|Reginald VelJohnson,2,11,0.1075993845|0.2627124644|0.2559663865|0.1650788381|0.0976879413|0.2638072775|0.1311041005|0.2659171852|0.1005307607|0.0880501517|0.2615455094,0.1319402431|0.0469114563|0.0490694072|0.0899408974|0.1409528453|0.0465703076|0.1128039109|0.0459198328|0.1383066436|0.1503066191|0.0472778367,0.0116874347|0.1542219005|0.1616267625|0.0833178281|0.0253608938|0.1757569642|0.0336198248|0.1558542955|0.0124804474|0.0220124149|0.1640612337,False,1199.9999999999998,1200
33,4,Brooks Nader|Chandler Kinney|Danny Amendola|Dwight Howard|Ilona Maher|Jenn Tran|Joey Graziadei|Phaedra Parks|Stephen Nedoroscik,Brooks Nader,1,9,0.1158681857|0.2801106888|0.2813051040|0.1927087874|0.2890537556|0.1456242110|0.2839083955|0.1223644021|0.2890564626,0.2000061974|0.0669133389|0.0663826392|0.1198304318|0.0630405322|0.1640177824|0.0652404900|0.1915291936|0.0630393945,0.0070246505|0.1712671536|0.1588561232|0.0940693290|0.1802102204|0.0367806758|0.1614594147|0.0135208669|0.1768115660,True,1175.3499135308348,1200
33,5,Chandler Kinney|Danny Amendola|Dwight Howard|Ilona Maher|Jenn Tran|Joey Graziadei|Phaedra Parks|Stephen Nedoroscik,Phaedra Parks,1,8,0.2988179627|0.2989588603|0.2066201164|0.3050360398|0.1620817148|0.2999089508|0.1272115227|0.3013648697,0.0805733011|0.0804976527|0.1489811296|0.0773015104|0.2004855808|0.0799893969|0.2529546630|0.0792167655,0.1651545915|0.1727212295|0.0878082333|0.1763231622|0.0358440839|0.1711960732|0.0083996397|0.1825529867,True,1172.1268167330275,1200
33,6,Chandler Kinney|Danny Amendola|Dwight Howard|Ilona Maher|Jenn Tran|Joey Graziadei|Stephen Nedoroscik,Jenn Tran,1,7,0.3272167093|0.3073271392|0.2333523061|0.3144912017|0.1734617189|0.3176504527|0.3265004795,0.1004235091|0.1146625501|0.1877589619|0.1093149376|0.2798992184|0.1070366585|0.1009041645,0.1718769020|0.1714048116|0.0828668650|0.1979863463|0.0229762778|0.1623106455|0.1905781519,True,1133.615995460741,1200
33,7,Chandler Kinney|Danny Amendola|Dwight Howard|Ilona Maher|Joey Graziadei|Stephen Nedoroscik,Dwight Howard,1,6,0.3690193136|0.3461319697|0.2142912737|0.3543677608|0.3552925788|0.3608971034,0.1215917423|0.1416347203|0.3411046510|0.1340678583|0.1332438121|0.1283572160,0.1815193136|0.1867569727|0.0642912677|0.1918677668|0.1834175788|0.1921471004,True,1058.8482518628298,1200
33,9,Chandler Kinney|Danny Amendola|Ilona Maher|Joey Graziadei|Stephen Nedoroscik,Chandler Kinney|Danny Amendola|Ilona Maher|Joey Graziadei|Stephen Nedoroscik,5,5,0.4020273214|0.3912536060|0.4060509577|0.3935271687|0.4071409610,0.1971302932|0.2118100041|0.1919127141|0.2086237898|0.1905231988,0.1958417570|0.1988137370|0.2101746723|0.1907780207|0.2043918130,False,1199.9999999999998,1200
34,2,Alix Earle|Andy Richter|Baron Davis|Corey Feldman|Danielle Fishel|Dylan Efron|Elaine Hendrix|Hilaria Baldwin|Jen Affleck|Jordan Chiles|Lauren Jauregui|Robert Irwin|Scott Hoying|Whitney Leavitt,Baron Davis|Corey Feldman,2,14,0.2221871574|0.1188206614|0.0959112407|0.0790039075|0.1039598925|0.2218398391|0.2208724410|0.0832757299|0.0962680949|0.2293152760|0.0831763453|0.2310034261|0.0773682607|0.1369977199,0.0387992801|0.0772859102|0.0900388403|0.1007816898|0.0853348951|0.0388892222|0.0391408417|0.0979520306|0.0898248900|0.0369986306|0.0980169515|0.0365845700|0.1018866584|0.0684655894,0.1466475909|0.0612667032|0.0311630429|0.0250470748|0.0356145693|0.1498973905|0.1453328744|0.0077361633|0.0171314029|0.1501785840|0.0076367788|0.1518667341|0.0126200629|0.0578610279,False,1199.9999999999998,1200
34,3,Alix Earle|Andy Richter|Danielle Fishel|Dylan Efron|Elaine Hendrix|Hilaria Baldwin|Jen Affleck|Jordan Chiles|Lauren Jauregui|Robert Irwin|Scott Hoying|Whitney Leavitt,Lauren Jauregui,1,12,0.2477751462|0.1303978352|0.1195612695|0.2480834064|0.2407809144|0.0969020913|0.0947554903|0.2530486849|0.0756698778|0.2436872401|0.0966764008|0.1526616132,0.0437489177|0.0956774158|0.1028453139|0.0436591030|0.0458371587|0.1196160751|0.1213401688|0.0422375633|0.1378044057|0.0449575891|0.1197961854|0.0824801035,0.1582809848|0.0603589280|0.0378492098|0.1585892451|0.1590688547|0.0112989809|0.0208255323|0.1596634728|0.0056309706|0.1580841296|0.0110732904|0.0592764011,True,1182.337854749367,1200
34,4,Alix Earle|Andy Richter|Danielle Fishel|Dylan Efron|Elaine Hendrix|Hilaria Baldwin|Jen Affleck|Jordan Chiles|Robert Irwin|Scott Hoying|Whitney Leavitt,Hilaria Baldwin,1,11,0.2517297386|0.1353446086|0.1259474899|0.2538262715|0.2597331205|0.0980620907|0.1127965042|0.2533326841|0.2519681401|0.0979557265|0.1593036177,0.0516598613|0.1122335501|0.1194896106|0.0509428398|0.0489757473|0.1439019390|0.1304386062|0.0511107476|0.0515778212|0.1440040152|0.0956652618,0.1549555480|0.0627639656|0.0412700694|0.1610843351|0.1629589299|0.0053201543|0.0200545677|0.1565584934|0.1632584653|0.0132783060|0.0584971654,True,1182.90154858317,1200
34,6,Alix Earle|Andy Richter|Danielle Fishel|Dylan Efron|Elaine Hendrix|Jen Affleck|Jordan Chiles|Robert Irwin|Scott Hoying|Whitney Leavitt,Scott Hoying,1,10,0.2677886531|0.1420429419|0.1456489338|0.2645921670|0.2592018919|0.1158833507|0.2689739070|0.2706221236|0.0905873841|0.1746586619,0.0571554547|0.1321687576|0.1290293150|0.0583865024|0.0605227850|0.1573506647|0.0567056095|0.0560859328|0.1862549856|0.1063399927,0.1648474753|0.0626311745|0.0397665797|0.1704745181|0.1533195378|0.0217657018|0.1542680240|0.1647397695|0.0082344404|0.0599527789,True,1174.714302226162,1200
34,7,Alix Earle|Andy Richter|Danielle Fishel|Dylan Efron|Elaine Hendrix|Jen Affleck|Jordan Chiles|Robert Irwin|Whitney Leavitt,Jen Affleck,1,9,0.2826903141|0.1526483763|0.1492219626|0.2771220571|0.2723764406|0.1158156997|0.2809640764|0.2829838884|0.1861771922,0.0672142779|0.1599453102|0.1636409508|0.0697562768|0.0719984687|0.2044622011|0.0679922648|0.0670828573|0.1279073925,0.1531722373|0.0652989764|0.0438002779|0.1626642263|0.1759909020|0.0134060613|0.1665062456|0.1594899115|0.0596711616,True,1159.1915462165514,1200
34,8,Alix Earle|Andy Richter|Danielle Fishel|Dylan Efron|Elaine Hendrix|Jordan Chiles|Robert Irwin|Whitney Leavitt,Danielle Fishel,1,8,0.2953949460|0.1806003690|0.1483910687|0.2935777022|0.2879515773|0.2972067548|0.2998219427|0.1970556320,0.0850165031|0.1827542898|0.2265286077|0.0860527388|0.0893416558|0.0839957890|0.0825440492|0.1637663666,0.1677000859|0.0678308845|0.0256713338|0.1675412221|0.1635734698|0.1678535147|0.1737854626|0.0660440267,True,1123.6610226947848,1200
34,9,Alix Earle|Andy Richter|Dylan Efron|Elaine Hendrix|Jordan Chiles|Robert Irwin|Whitney Leavitt,Andy Richter,1,7,0.3295307296|0.1533283747|0.3230933957|0.3176132439|0.3284512207|0.3258021038|0.2221809613,0.0957708171|0.3100211067|0.0999703433|0.1036902324|0.0964625395|0.0981812756|0.1959036854,0.1813825803|0.0459209688|0.1675378346|0.1842799036|0.1840067700|0.1702465426|0.0666254001,True,1083.9143348154314,1200
34,10,Alix Earle|Dylan Efron|Elaine Hendrix|Jordan Chiles|Robert Irwin|Whitney Leavitt,Whitney Leavitt,1,6,0.3618165195|0.3559941181|0.3508013749|0.3577582462|0.3595323066|0.2140974646,0.1276192964|0.1326703652|0.1373436093|0.1311191878|0.1295775666|0.3416699747,0.1932118624|0.1961103954|0.1851036960|0.1920605673|0.1880206714|0.0454928075,True,1088.4032180681213,1200
34,11,Alix Earle|Dylan Efron|Elaine Hendrix|Jordan Chiles|Robert Irwin,Alix Earle|Dylan Efron|Elaine Hendrix|Jordan Chiles|Robert Irwin,5,5,0.4062912970|0.3938231331|0.3916650082|0.4044358501|0.4037847116,0.1916299216|0.2082391363|0.2112568332|0.1940150369|0.1948590720,0.2031303852|0.1951778095|0.1952774788|0.2035327325|0.2028815939,False,1199.9999999999998,1200
