season,week,pcp_weighted,pcp_softmin,accuracy,accuracy_softmin,mean_cv,median_cv,p25_cv,p75_cv,mean_ci_width,median_ci_width,p25_ci_width,p75_ci_width,n_alive,ess,ess_ratio,scenario_id
1,2,0.8557896427758758,0.42676221024617916,1,1,1.2130564548497118,0.7028736571265722,0.4853728677185832,1.2516976633196677,0.28142966121426466,0.32990708257572454,0.15665288239232716,0.4164717362372183,6,1138.4549837069417,0.9487124864224514,A3_softmaxT0.5
1,3,0.8515399621391545,0.5301986831099716,1,1,1.6308512977540512,0.4298445577576756,0.4283412614429908,0.8331923330524075,0.29827457693846576,0.41885978543676505,0.20096901874976156,0.4327286400856074,5,1066.9180287996892,0.8890983573330743,A3_softmaxT0.5
1,4,0.8622873860898477,0.6359032966967578,1,1,1.0258038050642282,0.5600714208020305,0.310160237374112,1.2757149884921468,0.3011385030044609,0.3343570239494049,0.17845300130977992,0.4570425256440859,4,1062.9628857995642,0.8858024048329702,A3_softmaxT0.5
2,1,0.7226910530344821,0.17494620654560228,1,1,1.5320325457047301,1.0459414786433012,0.6730216136802907,1.989153531850277,0.22799911955219782,0.2348822143663054,0.10756876359842468,0.3567455390763313,10,1174.3161863328746,0.9785968219440622,A3_softmaxT0.5
2,2,0.5903917660374908,0.20787388300392595,1,1,1.4860409156324017,1.0044511235140887,0.6238218161868887,1.675898578645641,0.24367315020624833,0.2401850983053736,0.14747785252487802,0.3788768000506477,9,1161.886409087901,0.9682386742399175,A3_softmaxT0.5
2,3,0.6957474675650434,0.2927613109366328,1,1,1.03447635021972,0.9421463407809693,0.6378611093641954,1.376433248091587,0.2663883063048823,0.26967828378281167,0.15967396536324915,0.3598818391187304,8,1129.7264625023686,0.9414387187519738,A3_softmaxT0.5
2,4,0.5836663007660899,0.28832047656673687,1,1,1.1620645996779857,0.6968685572489869,0.5948032332673159,1.0077749255405124,0.28729749330129634,0.333203789580795,0.21313591591450542,0.39324072601605287,7,1083.9127002469434,0.9032605835391194,A3_softmaxT0.5
2,5,0.7281132883627182,0.3837682085992715,1,1,1.2822734146711554,0.6167699420666336,0.4862410111944352,0.9339999512124242,0.2938254077329699,0.3559955892193392,0.21064757724525326,0.41854279795117144,6,1066.5750276791537,0.8888125230659614,A3_softmaxT0.5
2,6,0.7875108728603152,0.5605786009625816,1,1,0.8082344418265344,0.6126978713465022,0.42109539527104156,1.1829683224403373,0.31143647518247547,0.29398995778002623,0.2175708997798166,0.44500178342426155,5,982.5417505121238,0.8187847920934366,A3_softmaxT0.5
2,7,0.8084378695975598,0.5974172454270006,1,1,0.8729777673526897,0.5144880467030668,0.3759723133774371,1.0114935006783194,0.3271297834838606,0.37234648974191353,0.2896725071099667,0.4098037661158075,4,933.868922467536,0.77822410205628,A3_softmaxT0.5
3,1,0.47043321463046406,0.15206701606956285,1,1,1.6716405366814788,1.036142817821303,0.7112653226035024,2.182791801867406,0.22177104201183342,0.2511631857593176,0.11418997958378535,0.333059517807229,11,1173.6513374617834,0.9780427812181529,A3_softmaxT0.5
3,2,0.5701357883630226,0.1785166074528814,1,1,1.5188740265694218,0.8718061791183487,0.6719231178385814,1.7307887698223565,0.23731146649243948,0.28330441525424005,0.15068173387281844,0.33761528376054,10,1169.9134925863477,0.9749279104886232,A3_softmaxT0.5
3,3,0.7724978553333789,0.25396860272394756,1,1,1.3979214949202932,0.7067742942538865,0.6513329016765903,1.8118552679331543,0.2519623265226198,0.3231333073496818,0.10735489626408053,0.35395173721519474,9,1148.581968763192,0.9571516406359933,A3_softmaxT0.5
3,4,0.7564468283372481,0.2650150711357351,1,1,1.3169161632163655,0.736323751541287,0.6432354666440314,1.128458436296636,0.2689377632058409,0.32157466646296173,0.21181997095997923,0.3612916939272228,8,1140.8708827019905,0.9507257355849921,A3_softmaxT0.5
3,7,0.8004845253611931,0.5172919363219803,1,1,0.9750224326348904,0.4740898358555453,0.4732932682831586,0.7169644054607164,0.3243575613176374,0.40991103318476396,0.24967875793611022,0.42901203634558,5,1004.2196231641926,0.8368496859701605,A3_softmaxT0.5
3,8,0.789482673483175,0.6090941784208929,1,1,1.3175861297116218,0.43164136967648253,0.3406954574598804,1.408532041928224,0.30899042196665716,0.3776240009274723,0.23637536595711217,0.4502390569370173,4,976.3943621800651,0.8136619684833876,A3_softmaxT0.5
4,2,0.495225647585979,0.15093718815034057,1,1,1.6681814251642535,1.3051618843619923,0.733363348272688,2.3226970568065317,0.21391188683905513,0.17096793878478062,0.0984241899031621,0.32960677932203813,11,1176.2750151788518,0.9802291793157099,A3_softmaxT0.5
4,3,0.6817943523728709,0.238460333511444,1,1,1.4309535295519025,1.093638737569552,0.8151215430855504,1.8418563052543864,0.23184221332744404,0.22857342154943147,0.1200131620398609,0.313342458913532,10,1154.4241621734066,0.9620201351445055,A3_softmaxT0.5
4,4,0.7225066874071404,0.2112934185194265,1,1,1.4821459678562696,0.854949396579179,0.6627191121188392,1.4026719582533984,0.24174996366186724,0.27707760282948646,0.17319512970677478,0.36150815707513284,9,1171.7254170494011,0.9764378475411676,A3_softmaxT0.5
4,5,0.5009347649051027,0.23538951849762654,1,1,1.1840571838457175,0.7933302042888544,0.5688144981389927,1.244657863672534,0.27001001633337973,0.30375720962397934,0.18584183316304645,0.3751417752917271,8,1101.8735115565078,0.9182279262970898,A3_softmaxT0.5
4,6,0.7512804679250825,0.36864673348697446,1,1,0.860653207472445,0.6829115921452005,0.5601139830661872,1.1438904032152326,0.2909712285598377,0.3464576839780877,0.1866372615731385,0.3758268385178422,7,1093.3843806321486,0.9111536505267904,A3_softmaxT0.5
4,7,0.6351050695231368,0.41883864986579933,1,1,0.9024075278486333,0.7226729178041317,0.5630550846211132,1.3126100650133274,0.3028573966881616,0.2891739127444924,0.1784789043540881,0.41049581584004813,6,1001.7904015080563,0.8348253345900469,A3_softmaxT0.5
4,8,0.701831902601922,0.45498435948184873,1,1,1.0707920292393411,0.49468536558689385,0.4349311150733332,0.6884262771109859,0.31611056821267497,0.4115934586118054,0.2516966029313237,0.43739771140356426,5,977.0107095700648,0.8141755913083873,A3_softmaxT0.5
4,9,0.9275997852534795,0.6651682433547264,1,1,0.7705715374219606,0.8201443538327069,0.37775186951629036,1.212964021738377,0.3139725377837281,0.29620617445905667,0.22046148941797383,0.3897172228248109,4,1008.6994726565945,0.8405828938804955,A3_softmaxT0.5
5,1,0.41796364077136794,0.13435036652968896,1,1,2.246064213949017,1.1608531396674453,0.6927722787293815,2.615373526144517,0.20656014423901572,0.21239954123246071,0.0793602369377698,0.33343796561984484,12,1177.9993728118047,0.9816661440098373,A3_softmaxT0.5
5,2,0.38937292560350056,0.14847273859517654,1,1,1.6186921626991597,1.2173438465195652,0.6850420388148337,2.016475960433631,0.22421043324880194,0.2069060086921487,0.11507990750082456,0.3478042871424036,11,1161.7299547607076,0.9681082956339231,A3_softmaxT0.5
5,3,0.6975145325853116,0.2293630561175694,1,1,1.409912617600398,1.1673357291479876,0.625558242523218,1.837555221376226,0.225515627375813,0.19642244591234562,0.12116023179322165,0.35339888891693666,10,1162.4621793719605,0.9687184828099671,A3_softmaxT0.5
5,4,0.5662214846150313,0.2047241866917632,1,1,2.0341007458806906,0.7811381730321691,0.6564235301154953,1.284253092541743,0.25903762048557755,0.30049186622939,0.20681509974908324,0.359548775993611,9,1138.57426374876,0.9488118864573,A3_softmaxT0.5
5,5,0.6244000445618942,0.25458806292493563,1,1,1.311185049310234,0.8025049141941447,0.6017840020574975,1.4246086732699603,0.26164276242721046,0.3043442188512292,0.13055186482005027,0.3885418811584712,8,1095.6187871421225,0.9130156559517688,A3_softmaxT0.5
5,6,0.8192213611454529,0.32694643584486915,1,1,1.37103872939715,0.651575858491294,0.5704171691938289,1.2591915133357365,0.28228384702025977,0.3240463151376195,0.196113888385782,0.40893614862333155,7,1140.5903290993429,0.950491940916119,A3_softmaxT0.5
5,7,0.6701427030880995,0.36211432899870527,1,1,1.2752496640159114,0.5852329327609997,0.5328011923789975,0.8295804696460458,0.3044003437926631,0.369775424405131,0.23085996907602072,0.40791633180423614,6,1033.743361800229,0.8614528015001908,A3_softmaxT0.5
5,8,0.6775561513829746,0.4443042134273361,1,1,1.0429987156441025,0.5870129652408074,0.4649383333341105,0.595284013228931,0.3192608350452764,0.3714796397564107,0.2780842257783628,0.4426022924376072,5,937.9507433362095,0.7816256194468413,A3_softmaxT0.5
5,9,0.8740560866681257,0.6008556873838097,1,1,0.7566892614054873,0.7655018970719187,0.33624063124393816,1.185950527233468,0.3092647930916004,0.3003588142721407,0.21637222343350504,0.393251383930236,4,935.9033006432907,0.7799194172027423,A3_softmaxT0.5
6,3,0.6018329299940641,0.1747572423183986,1,1,1.6990518692683705,1.1946448350952963,0.6732496386284175,2.176263201525782,0.22246872077092,0.21196173033780014,0.0975576438943686,0.35122700285842906,10,1177.0880598910219,0.9809067165758516,A3_softmaxT0.5
6,4,0.6419841725808481,0.234564354022034,1,1,1.1306985220747297,1.0916789021426787,0.7103224439225642,1.4019710713699594,0.25132015049379214,0.22891284674346773,0.16237917433312463,0.3492180918593701,9,1159.9448285228077,0.9666206904356731,A3_softmaxT0.5
6,5,0.5860365629323392,0.2443105736812526,1,1,1.3850827604425422,0.9009085834434074,0.5893175639852413,1.3575885980394657,0.26005190643222237,0.27642102217648157,0.16998276683009733,0.3810500685910256,8,1132.0708598441465,0.9433923832034554,A3_softmaxT0.5
6,6,0.615399288155692,0.2961516705056366,1,1,1.3102149301414057,0.7601816772244018,0.5505787822329415,1.1791341344922739,0.28614010701041975,0.3188108828962456,0.20111269237785667,0.40926046569620805,7,1089.5235128636446,0.9079362607197038,A3_softmaxT0.5
6,7,0.6985525624431845,0.3758578028224916,1,1,1.153974596373306,0.6405250091763789,0.5016402832467104,0.9264639301284112,0.2999132000835088,0.3541182665368226,0.21948500156488476,0.4184062815909264,6,1063.7934854112107,0.8864945711760089,A3_softmaxT0.5
6,8,0.7345353063465117,0.4720763305739807,1,1,1.271539526212752,0.5239946004784057,0.4357918250713278,0.7359044085577021,0.31556798046172474,0.4048567717302444,0.24111047424926843,0.44479193030486136,5,998.8518592930673,0.8323765494108893,A3_softmaxT0.5
6,9,0.7738845651816607,0.5979144580142356,1,1,0.9215063425415334,0.442611146015265,0.3958626713958383,0.9682548171609602,0.3336307758277988,0.3944988953994356,0.2889960979858991,0.43913357324133534,4,918.8381676925682,0.7656984730771401,A3_softmaxT0.5
7,4,0.587639567293601,0.2305730619382758,1,1,1.184296044798195,1.3232019048325256,0.6987598795207233,1.5684688671235643,0.2468925020461377,0.1845597533984497,0.16129638580642308,0.34675586811441833,9,1160.6395281458147,0.9671996067881788,A3_softmaxT0.5
7,5,0.5971442961167559,0.25204317500256007,1,1,1.3275274153524403,0.8500776684473332,0.5787819723258554,1.6276376032014406,0.2586394715778082,0.29017287122041335,0.1543940868660893,0.37419778758055305,8,1150.747505674985,0.9589562547291541,A3_softmaxT0.5
7,6,0.7502999449716928,0.31676461680718454,1,1,1.365610521389696,0.764542541244727,0.5387554854566925,1.2259084527309814,0.2780107338539556,0.3049945635908956,0.1854516712490018,0.410254464088301,7,1129.518540466257,0.9412654503885475,A3_softmaxT0.5
7,7,0.6404909636107536,0.36209521340604284,1,1,1.2497994309509124,0.642826392343923,0.5091025761664626,0.8734429354913515,0.3043798407813433,0.3556102741776533,0.2182833057644882,0.42729059711068784,6,1048.2409156003357,0.8735340963336131,A3_softmaxT0.5
7,8,0.7586769618149313,0.48435656186229153,1,1,1.0467819711870903,0.4771700626462735,0.45693558077103025,0.68519482140385,0.32212743864529514,0.42302595929631376,0.2464713831349215,0.440131597843891,5,1008.2119167557679,0.8401765972964732,A3_softmaxT0.5
7,9,0.7580740638881212,0.5801560599168873,1,1,1.3561811030118467,0.4179487164943829,0.33851060425995794,1.4356192152462717,0.3053301744719632,0.3675722919202036,0.24127218873117381,0.43163027766099293,4,933.6726314181435,0.7780605261817862,A3_softmaxT0.5
8,2,0.44087686276267934,0.12148663112337228,1,1,1.7536130758477506,0.9550288015524709,0.9274322240441546,2.5661757584441873,0.19984130290459332,0.24737804292313476,0.07619125877179088,0.29092138452391286,13,1187.9817643013225,0.9899848035844354,A3_softmaxT0.5
8,3,0.5286783548749339,0.15643963731188493,1,1,1.2263658660225227,1.0941203069429304,0.8315405043664001,1.2860508946056324,0.23188765026445904,0.24429086675542333,0.18746563476870104,0.3089917305274773,12,1172.3393042767277,0.9769494202306064,A3_softmaxT0.5
8,5,0.6409967086864486,0.20773665047962275,1,1,1.561625388978536,0.8631183163986521,0.6614473719824578,1.548829601137095,0.24293431545157557,0.27626907485705965,0.15533313501966436,0.35090806253487083,9,1167.1502432031282,0.9726252026692734,A3_softmaxT0.5
8,6,0.6108208419828576,0.2551930844293475,1,1,1.5792129906280903,0.7467216811885635,0.5942768062573435,1.362936574090429,0.2645524286449432,0.30993953562311594,0.16406117956415048,0.38238803013711287,8,1130.6858231235021,0.9422381859362517,A3_softmaxT0.5
8,7,0.6745992963899504,0.30117328950336303,1,1,1.2652664463378684,0.7399191975760879,0.5662946474153076,1.0234481738559853,0.2792738067580951,0.3048969279067624,0.2192218253425339,0.38070432070694904,7,1091.6687680312277,0.9097239733593564,A3_softmaxT0.5
8,8,0.7189145424030814,0.3866866441674175,1,1,1.3648131219296722,0.6797361836427112,0.5067479905327534,0.8002526653522293,0.3032823295720171,0.3619998871658553,0.23830573437006347,0.42494419543331025,6,1034.2461289094695,0.8618717740912245,A3_softmaxT0.5
8,9,0.743152274060549,0.4810624445021748,1,1,1.066803350629329,0.5035914437646003,0.4541512716357241,0.7212556240167517,0.31695178092487153,0.40968625379146395,0.23912349106650588,0.4395901842795119,5,1010.923534270958,0.8424362785591317,A3_softmaxT0.5
8,10,0.8041621533769252,0.6102505202273037,1,1,1.2651968730219405,0.4191262112779449,0.33337347680414997,1.3509496074957354,0.30429239460294866,0.36286611177733064,0.22648430257560453,0.44067420380467476,4,980.158487878595,0.8167987398988291,A3_softmaxT0.5
9,2,0.5087369375480811,0.11977792227235819,1,1,1.6615961970206972,0.982088946204912,0.8801053957350868,2.5879723563821657,0.19946496120380436,0.2537189439930805,0.08180909524322927,0.27977300360972424,14,1181.5639002582077,0.9846365835485064,A3_softmaxT0.5
9,4,0.6415512769083495,0.1657123123136852,1,1,1.4832703904232276,0.8914191273787715,0.778709810067043,1.5267187273776366,0.23567462815337822,0.2858037051563167,0.1735022291958093,0.3124745369380698,11,1174.084715200855,0.9784039293340459,A3_softmaxT0.5
9,5,0.6714341688781966,0.17868989052603712,1,1,1.3815360393590985,0.8137920400222483,0.778562385966477,1.1094117845991422,0.25243536226756197,0.30523430190594647,0.22560645563696474,0.3162120545669406,10,1147.6569411038129,0.9563807842531774,A3_softmaxT0.5
9,8,0.8121427340119064,0.5128565847640488,1,1,1.3474408698014073,0.5429881776482282,0.40878172945337066,0.8345420140768706,0.304225101879266,0.39141578717824804,0.19865007956152972,0.45545176707388235,5,1058.790883083127,0.8823257359026059,A3_softmaxT0.5
9,9,0.8145540301423122,0.6246347412258971,1,1,1.5302061838976302,0.44361825282339284,0.3343247494970503,1.6394996872239727,0.30665649864456024,0.375383269407775,0.22948570760759116,0.4525540604447441,4,972.9798935315895,0.8108165779429912,A3_softmaxT0.5
10,2,0.4184473253615895,0.15022162342190076,1,1,1.8688192479634913,1.249945530535231,0.7318507272607921,2.5910527179304648,0.21009383806501383,0.19922740464778374,0.0832155659318324,0.3361422939768275,11,1179.9713267482298,0.9833094389568582,A3_softmaxT0.5
10,3,0.6909286236852938,0.1773799998118158,1,1,1.5379823535398909,1.0278932794750866,0.7186494244605492,1.776789563360643,0.2295981310556235,0.2416884428428298,0.1358079846370734,0.33581203810118415,10,1176.3500486468558,0.9802917072057132,A3_softmaxT0.5
10,4,0.5462755336046707,0.20219597627357142,1,1,1.3362662630476003,0.8922134936701182,0.6907321391578267,1.5085219878000506,0.2522257707955064,0.2668205430923658,0.1625815868391585,0.3497226565585569,9,1141.2491669611777,0.9510409724676481,A3_softmaxT0.5
10,5,0.6106130336975333,0.24821642215848413,1,1,1.5249975678161933,0.8587017967890802,0.5789440578435981,1.3072403653723146,0.2619055129815625,0.2864314948793346,0.18817907886111823,0.3645862906800725,8,1142.2844183689806,0.9519036819741505,A3_softmaxT0.5
10,6,0.6208295990231223,0.29459744072134475,1,1,1.3971630065604468,0.7717346610610324,0.5420937851834088,1.082784483824731,0.28046681582152455,0.3344110480430229,0.20328296052350836,0.39345043094846793,7,1090.3530942140821,0.9086275785117351,A3_softmaxT0.5
10,7,0.6722833904482626,0.4349121247884194,1,1,0.9016356976926065,0.7095791547691377,0.5175002692533737,1.2101680903844767,0.2960844271246434,0.29072221382600283,0.19577519714729336,0.4004742928415447,6,1021.6718903577421,0.851393241964785,A3_softmaxT0.5
10,8,0.7385155714915791,0.4706003357548862,1,1,1.416352274843594,0.5228698500285425,0.44255332315046253,0.7476073175749266,0.3206501525918367,0.41750536548822753,0.24698444999405522,0.45454564159585287,5,1003.8234453345302,0.8365195377787752,A3_softmaxT0.5
10,9,0.9074265277146427,0.6241651270880819,1,1,0.7797661853285229,0.7196899231002565,0.33810505537200314,1.1613510530567763,0.2979458320366076,0.2958494195454623,0.2087549057346898,0.3850403458473801,4,968.0797577484018,0.8067331314570015,A3_softmaxT0.5
11,1,0.483244268934683,0.13351532599999374,1,1,1.8684614500281647,1.2738123780962058,0.7735481066935488,2.6916629537419046,0.20344971433002557,0.1883422851031378,0.08560325719722134,0.3072283049052743,12,1186.4860305174384,0.988738358764532,A3_softmaxT0.5
11,2,0.6012717535061523,0.15209732900211886,1,1,1.6624320171296363,1.1585949254196484,0.7823187129345051,1.864085524103218,0.21485915863569563,0.22687135107459852,0.10626967548110419,0.30189316110303255,11,1178.3838325113838,0.9819865270928199,A3_softmaxT0.5
11,3,0.5641343001712824,0.17680480517079356,1,1,1.98460694785952,0.8799922713869823,0.729624452804275,1.66547590196243,0.23295328920144823,0.2833159927711936,0.12601809184336382,0.3306650688515427,10,1163.0786639020512,0.9692322199183759,A3_softmaxT0.5
11,4,0.52527035846067,0.2018011822977936,1,1,1.3928010131129842,0.9138294457394186,0.7016254673484444,1.3988251627355894,0.2440069162894946,0.2843234946666979,0.16659838787435405,0.3158937106585132,9,1142.599230626915,0.9521660255224291,A3_softmaxT0.5
11,5,0.6060184180808628,0.2450995382747919,1,1,1.530602985681952,0.7883848045615968,0.6215930181200207,1.1814025256656158,0.26631117057176057,0.2998187223556733,0.19377938027167305,0.37104363016955677,8,1117.7520033186634,0.9314600027655527,A3_softmaxT0.5
11,6,0.6107601315018951,0.2897617566821386,1,1,1.52488765022823,0.6926630014617018,0.5789192341578504,1.0063928103811164,0.282399086156016,0.34259031940966206,0.2053580409887918,0.39615650130339386,7,1074.2526413257774,0.8952105344381478,A3_softmaxT0.5
11,7,0.6468579315358571,0.35807073362991165,1,1,1.323099215157181,0.7022079138695729,0.4987496823773636,0.8179639274804701,0.29512211678698425,0.33948433122422195,0.2319287523315669,0.40416963652985805,6,1027.6370440338019,0.8563642033615015,A3_softmaxT0.5
11,8,0.8110129327145024,0.56719009736876,1,1,0.9091031006837135,0.5767487711053872,0.38452822331956543,1.5389617721282818,0.30509421133870485,0.29133128051790735,0.15002476317395916,0.4762628071803215,5,989.342115899661,0.8244517632497176,A3_softmaxT0.5
11,9,0.8732057414262109,0.6756747715168694,1,1,1.353753696595796,0.46963548352995255,0.33318859439055065,1.4902005857351979,0.3121686061223117,0.3742979387990012,0.22560724677964228,0.46085929814167054,4,1031.1791194376917,0.8593159328647431,A3_softmaxT0.5
12,2,0.4889865522771248,0.1741742618335535,1,1,1.4820843402103174,1.3766033056999354,0.737458728422697,2.0119377345131553,0.2164536157735526,0.16482165886865657,0.1165010831325976,0.319675794110207,11,1174.9444014097685,0.9791203345081404,A3_softmaxT0.5
12,3,0.6020618646833072,0.20241241700414925,1,1,1.4125334686490068,1.032395749070893,0.673346501925177,1.7701186943533955,0.23649175700205163,0.2419320000272764,0.14793580885209534,0.3470633384481362,10,1166.6697199215105,0.9722247666012588,A3_softmaxT0.5
12,4,0.564860108722801,0.205774059626971,1,1,1.4549745654848547,0.9036808469477345,0.6688242274583682,1.5533250833872552,0.24475724412814814,0.2705594224903372,0.16941566507263506,0.3351895614764358,9,1154.0600070381913,0.9617166725318261,A3_softmaxT0.5
12,5,0.6942455867384238,0.2525568142631907,1,1,1.1794633796079688,0.7946041169606949,0.6067178147209958,1.248380270842589,0.2686362469233426,0.3079465821924203,0.17342668899560143,0.3796144008992698,8,1114.693338109806,0.928911115091505,A3_softmaxT0.5
12,6,0.7307292763229052,0.37324833321204715,1,1,0.9989962904828013,0.7886149240287857,0.5187516169502433,1.340160851921529,0.2783200920788313,0.30959730427613014,0.14231280413849412,0.40353736602628343,7,1093.7935475013705,0.9114946229178088,A3_softmaxT0.5
12,7,0.6765506854753588,0.404681842434162,1,1,0.919336859246441,0.6891749195264953,0.5038000138716678,0.9672873799644175,0.3072971468526777,0.323699383300349,0.23688606859259198,0.41720337636666205,6,999.3362410930117,0.8327802009108431,A3_softmaxT0.5
12,8,0.7022602421415778,0.45893285590699656,1,1,1.2189517269764198,0.5176246492303741,0.4581050401267373,0.6719785099003421,0.3219297006537989,0.427502625736883,0.25434640360316807,0.44402605521518546,5,980.4731778318778,0.8170609815265648,A3_softmaxT0.5
12,9,0.7680607621100161,0.590760867844298,1,1,1.2694867113288395,0.4293005699046093,0.34408733197292374,1.3546999492605254,0.3119470152481516,0.38228424798735916,0.24753454567469602,0.44669671756081475,4,942.8175190877342,0.7856812659064452,A3_softmaxT0.5
13,1,0.41943037056590127,0.146630489977997,1,1,1.6978694777449321,1.2901601235166935,0.7418426700336287,2.044014255868826,0.20491316615100116,0.19384024854192367,0.09998621527683225,0.34064284841765996,12,1171.606643780839,0.9763388698173658,A3_softmaxT0.5
13,2,0.5093098809667773,0.14890784176780572,1,1,1.6481706232033289,1.286017745537717,0.7564962359198014,2.0884150730541746,0.21939523729006902,0.22355217697109261,0.09559132087979452,0.3347296631316947,11,1173.7425186530215,0.9781187655441846,A3_softmaxT0.5
13,3,0.43787671213412754,0.1690727785586344,1,1,1.5558372270082486,1.080249861068985,0.7310290905974314,1.845544628220491,0.23361475468833412,0.23191852587431666,0.1239785221993599,0.3354956679613222,10,1153.3789023585766,0.9611490852988138,A3_softmaxT0.5
13,4,0.6197148993636714,0.20638708969105488,1,1,1.4819910402415226,0.9368268508450398,0.7359163237902345,1.3716414540243504,0.24894140397047318,0.2639051265544944,0.18864117805924027,0.33314925613662105,9,1162.1527722751405,0.9684606435626171,A3_softmaxT0.5
13,5,0.5418118331035815,0.23811477399272754,1,1,1.3372248677495315,0.7825347972741351,0.6538973620563576,1.1996843921371045,0.26345968112924156,0.3075674151212096,0.1985017345498074,0.3457117662193677,8,1113.1545778835248,0.9276288149029374,A3_softmaxT0.5
13,6,0.6769571218644092,0.35454119268873985,1,1,0.9338241131787955,0.8075314845609102,0.5827757813379717,1.2423847599201538,0.28710298960833436,0.3251573009442783,0.163326767827971,0.39021196447925965,7,1078.381680423491,0.8986514003529091,A3_softmaxT0.5
13,7,0.6802452968114565,0.36573903573477246,1,1,1.3611711338063088,0.6392845747072022,0.5150915047251342,0.8663367063299933,0.3009908794936173,0.3649975899172567,0.2276048036204323,0.42120602637081095,6,1043.507901064222,0.8695899175535184,A3_softmaxT0.5
13,8,0.5670848615429659,0.3958526086548038,1,1,1.1211770877605283,0.549753768783008,0.4697598068671248,0.6084422777396752,0.3204778089060463,0.40416868567185293,0.2747883855233925,0.4056683591180936,5,922.3210782798134,0.7686008985665111,A3_softmaxT0.5
13,9,0.8348482913435196,0.6409852678769496,1,1,1.051818725800525,0.4576356999726175,0.39020313231767056,1.119251293455472,0.3188176227612798,0.3772457990459058,0.2579140118315024,0.43814940997568314,4,991.9139754128792,0.8265949795107326,A3_softmaxT0.5
14,2,0.541439077749037,0.14864142482332418,1,1,1.4919405745093945,1.487398727537807,0.7038154178104179,1.825797415440586,0.2161098666418897,0.16883488900011606,0.12597087119051723,0.36254275568811256,12,1183.927023838638,0.986605853198865,A3_softmaxT0.5
14,3,0.48543559629074073,0.15378808804127259,1,1,1.6181036926568857,0.914368185959579,0.6707016432198073,2.0057303657462175,0.2226268049138893,0.2624895240164181,0.11805696755292083,0.33490495086208505,11,1172.3822432398895,0.9769852026999079,A3_softmaxT0.5
14,4,0.5296120577956898,0.17810316257535846,1,1,1.4935238925073189,0.8342621950768851,0.6638223987702649,1.6687787805390368,0.241096744648624,0.3008122107788631,0.14570301178275688,0.34987282170541656,10,1158.8046005615683,0.9656705004679736,A3_softmaxT0.5
14,5,0.6616019754001138,0.24330431957870588,1,1,1.108313075986581,0.8193798900900524,0.5986580709637579,1.7920568330883375,0.25574817757956075,0.28249391134422935,0.1258003595126274,0.3648143829873368,9,1139.9162061557079,0.9499301717964233,A3_softmaxT0.5
14,6,0.6878974025413584,0.24844991884955778,1,1,1.3297740057418586,0.6889843029096505,0.6346581573728853,0.9783160975385985,0.2753421061784173,0.3365391130715787,0.22878621759330497,0.3725686134367021,8,1113.7075247645184,0.928089603970432,A3_softmaxT0.5
14,7,0.5823733784079669,0.274655550414011,1,1,1.3620695804879717,0.6163346522274354,0.6050397609611529,0.7900366011193174,0.2865645502533519,0.3509313849490331,0.26841993687303306,0.3637250159286849,7,1024.0845659014146,0.8534038049178455,A3_softmaxT0.5
14,9,0.0,0.0034325915946103614,0,0,1.3029668968673898,0.3852511559151307,0.37802444566904597,1.3101936071134743,0.3126846897751429,0.40358043763797974,0.30530421591322293,0.4109609114998997,4,1129.1928855469503,0.9409940712891253,A3_softmaxT0.5
15,1,0.5041933816517848,0.12803041675638074,1,1,1.5612291242100451,0.8890458858820278,0.8073844186134091,1.9262122648634141,0.21372543144123665,0.25993202837003,0.11419186904401268,0.2990829962359451,13,1182.662549641913,0.9855521247015943,A3_softmaxT0.5
15,2,0.65159320466089,0.13990249505541605,1,1,1.708656627544116,0.8833212281957715,0.8446168387223282,1.18640572192935,0.22496608183348044,0.27526904857836465,0.22927151540890595,0.2894401702878911,12,1179.0191889419502,0.9825159907849585,A3_softmaxT0.5
15,4,0.7193131447884267,0.24372720423218014,1,1,1.0721222331862033,0.7083010362407741,0.6815330570807249,1.5230815513845473,0.2659782559596014,0.33396653358109313,0.12014967822946891,0.35808969524507456,9,1136.5672171992321,0.9471393476660268,A3_softmaxT0.5
15,6,0.0,0.013628689837189057,0,0,1.0928049532110968,0.6729166562264854,0.6603946665312136,1.0490023766734224,0.27588410031979627,0.33875945786874034,0.2699526338152473,0.35167525060951493,8,1163.1073408276777,0.969256117356398,A3_softmaxT0.5
16,2,0.5006158728089316,0.14541871275264406,1,1,1.5067780199671157,1.3571964466072555,0.768262052346939,2.0077560119842994,0.2122938505112645,0.1784231024223529,0.11888926186462935,0.330973865947529,12,1182.2978005873913,0.9852481671561594,A3_softmaxT0.5
16,3,0.5021052009306455,0.16811695841522914,1,1,1.3701260671669064,1.299037234750784,0.7240477908665337,1.8445405375698039,0.22638866862391802,0.19486343641304257,0.1254920456637592,0.3225907954622619,11,1177.797956173495,0.9814982968112459,A3_softmaxT0.5
16,4,0.5226381535537521,0.17897626617611542,1,1,1.589387585028949,0.9789563658512535,0.6610220307000295,1.824639443304325,0.2335715814928588,0.26489741233776265,0.12838750527541937,0.3460393560264281,10,1170.4149880199495,0.9753458233499579,A3_softmaxT0.5
16,5,0.640520275665759,0.20896615785059705,1,1,1.363616664875161,0.8680849270580074,0.651339570665328,1.4086844243497891,0.2550816627370132,0.2919634240266285,0.17792481363790524,0.3626888019676944,9,1152.8417606941364,0.9607014672451136,A3_softmaxT0.5
16,6,0.6221529411501338,0.24616249353909614,1,1,1.3082520123780188,0.7545947626803053,0.642336773239141,1.1267412220025301,0.27059604727069175,0.3121077364451818,0.2073195361044486,0.3781379643765247,8,1121.4693249080344,0.9345577707566953,A3_softmaxT0.5
16,7,0.6190255712995716,0.28963048409227843,1,1,1.2706843514242976,0.6832863261705534,0.5810176056986225,0.9334975026794301,0.28095165441028147,0.3307736680186949,0.21496575432251447,0.38914233852027824,7,1073.3303567369167,0.8944419639474306,A3_softmaxT0.5
16,8,0.6166058534303197,0.3443352515016269,1,1,1.169193027396063,0.5843602373641326,0.5474955112506517,0.753942746358429,0.3061212184326762,0.36959703913458136,0.25297552130133244,0.3953430088024399,6,1001.1947599299018,0.8343289666082515,A3_softmaxT0.5
16,9,0.7868661121606526,0.5566029029044275,1,1,0.879698001576714,0.578792042638081,0.3823395739731759,1.4713651253784736,0.30004129246485484,0.29824908996261024,0.14815341556489475,0.4569018821719728,5,968.5399277182257,0.8071166064318548,A3_softmaxT0.5
17,2,0.4724331393044363,0.13399101463579213,1,1,1.6441518561879054,1.1797306393294336,0.7633470958465725,2.4810642272641403,0.20966747871900626,0.21001767652160397,0.07989362024101496,0.30299495189591924,12,1181.1233339550427,0.9842694449625355,A3_softmaxT0.5
17,3,0.5724783044446302,0.15421795302669963,1,1,1.8480746556076681,0.9457020091883682,0.6927364476404956,1.9236240488159173,0.2257870721537125,0.2778609350299451,0.11936213405402776,0.3440856690165333,11,1177.1296754575271,0.980941396214606,A3_softmaxT0.5
17,4,0.7133787861947203,0.2205082166999077,1,1,1.143272657481336,1.1084303475327406,0.7939121589447545,1.2880757405740713,0.24699710681249912,0.2235111031768088,0.18978054723621623,0.31829392493644826,10,1162.7540312211747,0.9689616926843123,A3_softmaxT0.5
17,5,0.0,0.04347772534163431,0,0,1.1811702512670803,0.8040757768046868,0.6426888084422544,1.264035157926443,0.2609126820709171,0.2884544986237453,0.20620614042754795,0.38170745402020556,9,1149.1633260932365,0.957636105077697,A3_softmaxT0.5
17,7,0.5786235902735035,0.26906825194400447,1,1,1.0195149410907005,0.829169019822571,0.6671118252795853,1.1699687715237261,0.27812862527477433,0.2864264820104174,0.2111148176352998,0.3588648573423169,8,1085.3565286310052,0.904463773859171,A3_softmaxT0.5
17,8,0.6221338737397004,0.33256226158375785,1,1,0.8800032410689193,0.6961879139712164,0.5802656403104232,1.1611250321122744,0.2901448436299348,0.35011150654655915,0.17060387223985507,0.38167378255865164,7,1044.288978339645,0.8702408152830374,A3_softmaxT0.5
17,9,0.5183267021050163,0.3237694908501302,1,1,1.169994699198241,0.6159001686947848,0.517570526178911,0.7617616719103693,0.303288519113025,0.3641408279047277,0.25815512370408533,0.399562212780595,6,985.1814171881639,0.8209845143234699,A3_softmaxT0.5
17,10,0.7267731047557655,0.465159557438507,1,1,1.3856726174789697,0.4851303067801039,0.45075405963778437,0.7254422174690685,0.3162722628936431,0.4196770853573096,0.2507962463075025,0.440407140941352,5,990.2425548978557,0.8252021290815464,A3_softmaxT0.5
18,5,0.4695959436161795,0.2056943658585086,1,1,1.5947374910622611,0.864856860887584,0.5746288284854483,2.33347521211677,0.23620087986825578,0.2799301253608194,0.08566261973833135,0.39134013698952574,9,1164.7663508878254,0.9706386257398545,A3_softmaxT0.5
18,6,0.7689230901935218,0.26169205691476416,1,1,1.3579508544933256,0.8149329881566122,0.5533982792583814,1.56175909843541,0.2595195998902326,0.30377326650458397,0.16136466105238367,0.3871404001340619,8,1168.264697716386,0.973553914763655,A3_softmaxT0.5
18,7,0.7307813579311783,0.3093178346572533,1,1,1.2549083173188484,0.7986734107282277,0.5480664394266647,1.1226532021284026,0.2843062791447191,0.3145592634748236,0.20399542902552087,0.40628658200931844,7,1113.8139035125173,0.9281782529270978,A3_softmaxT0.5
18,8,0.8290207186571348,0.4833400236892393,1,1,1.008314980262474,0.6730790275550008,0.45446964334539797,1.493003977836238,0.2914519595768577,0.31417455230154206,0.15759407072827775,0.4323158668199902,6,1039.4974575880144,0.8662478813233453,A3_softmaxT0.5
18,9,0.7286950768760099,0.47003307006937073,1,1,1.160559073976645,0.47517651721307114,0.44462291022876105,0.7224577508408891,0.3141285664701282,0.42795874602388495,0.24413574263285115,0.43029016642386386,5,993.6201257618856,0.8280167714682379,A3_softmaxT0.5
19,1,0.26189403608518846,0.11559995405844756,1,1,1.8413290625039618,1.3737893089608502,0.8176095543304778,2.8976445892060045,0.1943489506485771,0.19008860479122644,0.07102692132206137,0.28870143593215003,13,1178.6982450886198,0.9822485375738499,A3_softmaxT0.5
19,2,0.40682485613497466,0.1316620111666214,1,1,2.1468334501854534,1.4509262640092655,0.7246383038654238,2.6853103858029366,0.19858898281875173,0.1694972651389991,0.07318065708931215,0.3240379781455985,12,1181.3619858302593,0.9844683215252161,A3_softmaxT0.5
19,3,0.513198704745105,0.165366245839465,1,1,1.3891966771162574,1.3131677379864162,0.8589027526457114,1.6939021037654385,0.21989617493168173,0.1979709836522118,0.13466536072722113,0.2945358011994328,11,1170.1739176327512,0.9751449313606261,A3_softmaxT0.5
19,4,0.6178637829252287,0.17470676737756063,1,1,1.4463278660594705,1.1355596529805203,0.7223658336245034,1.5191063876668567,0.2303197599150822,0.21309209749947194,0.16647689046265474,0.32786788152327806,10,1167.228740764885,0.9726906173040709,A3_softmaxT0.5
19,6,0.4969115798015955,0.19745460875244444,1,1,1.3031677662940921,0.9234767469767187,0.6893613667857937,1.3063111107220162,0.24955986036628866,0.2664903974755077,0.18641728929633528,0.33190895704280904,9,1131.4154208628686,0.9428461840523905,A3_softmaxT0.5
19,7,0.473876843516132,0.23041852292557394,1,1,1.3037542275410714,0.8558307471741609,0.6206818581394961,1.2403554682282965,0.2629567491461634,0.2861181392988077,0.17833006177828706,0.36643543272780005,8,1105.7823524986727,0.9214852937488939,A3_softmaxT0.5
19,8,0.6557573788782445,0.3049076348777316,1,1,1.4091980807649438,0.8007551950338283,0.5074282109093378,1.1281435792126522,0.2746884267719013,0.2994306877748522,0.1981386327434414,0.40358051012276036,7,1110.2607218586045,0.9252172682155038,A3_softmaxT0.5
19,9,0.7090063692948712,0.429267671003379,1,1,1.0221807479415013,0.7602987524784716,0.47186052430471664,0.8801411506284731,0.2913174829668742,0.3035972777826382,0.21926002196812433,0.40446686750700483,6,1035.8775559182247,0.8632312965985206,A3_softmaxT0.5
19,10,0.8011679544600436,0.49964065908478006,1,1,1.550830703386889,0.4375079615225606,0.4329684364423335,0.7677575853345648,0.30075494959624527,0.4058745327479405,0.2322021730649007,0.42128077637637845,5,1024.5643843115918,0.8538036535929932,A3_softmaxT0.5
20,2,0.414621052098909,0.13326985924749815,1,1,2.2595390064518854,1.3109942877889573,0.690394242785126,2.3689357018399186,0.20374446349841824,0.18236879982007256,0.07958041141480607,0.3456270001985235,12,1180.977785526527,0.9841481546054391,A3_softmaxT0.5
20,3,0.4138103164155117,0.16510938362985716,1,1,1.5803139946378997,1.2114725973086975,0.6457083003162069,2.0369485999480705,0.217520502093719,0.19131030825801004,0.10698522919823261,0.36200617729426954,11,1173.6565986090282,0.9780471655075235,A3_softmaxT0.5
20,4,0.3655211984091545,0.17338541464315887,1,1,2.0241142022773473,0.945179464233415,0.6669468161313681,2.0328808001330287,0.23241740579868586,0.27201388957355915,0.12559252150455474,0.34893970364413573,10,1148.8946375144578,0.9574121979287149,A3_softmaxT0.5
20,5,0.6887543500836913,0.2194046698900335,1,1,1.3166739087317703,0.9860608646356122,0.6278720814247388,1.2710896924153579,0.24738930127001513,0.24726593795800575,0.15878386356041624,0.3738183568219163,9,1158.8497171158697,0.9657080975965581,A3_softmaxT0.5
20,6,0.6063448110635807,0.2456077958582904,1,1,1.4459512153263563,0.8158451733629857,0.6027547265476121,1.1608468305721202,0.26597197705382103,0.30208234872964546,0.2113350407011752,0.3785351623217422,8,1117.5349266772334,0.9312791055643612,A3_softmaxT0.5
20,7,0.6748680157860591,0.29553614203143214,1,1,1.7553371242213667,0.6339288431984645,0.5932333687093154,0.892326865901709,0.2854157943665988,0.3441334894643779,0.2503827934211102,0.3732507165355762,7,1065.9752298138228,0.888312691511519,A3_softmaxT0.5
20,9,0.0,0.19317063509229895,0,0,1.014558130271531,0.8182237984203997,0.2729384596004211,1.5598434690915095,0.2628621074515623,0.2877013866095447,0.1357084041628863,0.41485508989822073,4,1094.5398127232152,0.9121165106026793,A3_softmaxT0.5
21,4,0.6861759381453619,0.18829726028847588,1,1,1.6630909851927345,0.9346318084600935,0.6431700389271418,2.1984094231590228,0.22936300046470434,0.2672683676741315,0.11131377829010078,0.35560922447977494,10,1184.321908019737,0.9869349233497808,A3_softmaxT0.5
21,6,0.8232305630786212,0.28775057785463365,1,1,1.181176281447413,1.2017630122167637,0.5870199718419605,1.2925043970150178,0.25566323318580575,0.21217579284927235,0.1945562602302865,0.38188135276575297,9,1166.0937814964957,0.9717448179137465,A3_softmaxT0.5
21,7,0.5690297861204678,0.24059393662572182,1,1,1.3129481908298781,0.6571469353539879,0.6328612986276698,1.1944350953758982,0.27571143228758477,0.353852130586077,0.1905836740835127,0.37554195333015983,8,1100.468346823059,0.9170569556858824,A3_softmaxT0.5
21,8,0.7344839945489698,0.3089889534398004,1,1,1.3579046680985036,0.6089988992773543,0.5963907593088933,0.922026806252067,0.28194182314382393,0.36448777475244304,0.2434738794740293,0.36953969955292276,7,1087.380352175701,0.906150293479751,A3_softmaxT0.5
22,2,0.6777912768867964,0.1524617853628984,1,1,1.5392742679363414,1.3401510453857313,0.7221198195843661,1.9386265342057565,0.2147302883701563,0.20502272625928447,0.11475550170280309,0.34228001196447544,12,1187.5688595359466,0.9896407162799554,A3_softmaxT0.5
22,3,0.4633992769461291,0.1546998097012188,1,1,1.4904225291864541,0.8463332269072521,0.7457046357649291,1.91532344582657,0.22764362158368528,0.2884781912385952,0.11543259859696059,0.3350163179479867,11,1170.9817179843155,0.9758180983202629,A3_softmaxT0.5
22,4,0.5650125732785524,0.20465278475399776,1,1,1.2346817798386978,0.8091735438774317,0.6848332494167719,1.8964285719118377,0.24530839680916167,0.3065070716471354,0.13104679390275858,0.345049866747869,10,1155.0091663675437,0.9625076386396197,A3_softmaxT0.5
22,6,0.7345959990395299,0.21447912331680893,1,1,1.3439834941727196,0.7631900525115346,0.6794450539240194,0.9112733216093466,0.26093414162834594,0.32053361597824875,0.26180756776146136,0.33844333123428405,9,1145.4293402481521,0.9545244502067934,A3_softmaxT0.5
22,8,0.0,0.030758927955709083,0,0,1.0268173413659782,0.5202284508957178,0.515850597806027,1.5637216811704375,0.3019534323237136,0.4001955924271198,0.19071069755818565,0.4093367797787097,6,1121.385175493248,0.9344876462443733,A3_softmaxT0.5
23,2,0.20268657935273265,0.1169317552419379,0,0,1.8126542270666353,1.0102291393535399,0.8532702564352359,2.322537481404755,0.2049633345718661,0.25615005086481984,0.07211989224274566,0.29577101764512703,13,1168.5052088821674,0.9737543407351394,A3_softmaxT0.5
23,3,0.5440309852462855,0.13662000550674136,1,1,1.605775998957702,0.9034583164202206,0.7914332465987691,2.0760819117356806,0.21498775883852303,0.2596252706758466,0.09825739085445855,0.293918064504218,12,1184.8282174302472,0.9873568478585393,A3_softmaxT0.5
23,6,0.5982237439245929,0.21067083736324146,1,1,1.4487638615260574,0.8195060932000632,0.6727507207843365,1.6661302192162286,0.2421413048214377,0.2976861796134378,0.12896123901040532,0.3433742381898269,9,1162.7926540725261,0.9689938783937718,A3_softmaxT0.5
23,7,0.6959234526421347,0.2954224388054732,1,1,0.9843016419928139,0.8701557081142621,0.5948425896165188,1.479614958955955,0.27038365416282756,0.2727250201866109,0.16277261733265486,0.37846099710022973,8,1134.9124091564242,0.9457603409636869,A3_softmaxT0.5
23,8,0.6703813791143011,0.2958912777411349,1,1,1.2158473558902536,0.6619302278294598,0.5911170989128152,0.9992079289797214,0.2881164384374889,0.3441665956163374,0.22931970555817108,0.3853983434154765,7,1083.5913813288366,0.9029928177740305,A3_softmaxT0.5
23,9,0.7077043483440602,0.4329164170571262,1,1,0.8767494007635758,0.6584792292165276,0.4623057893828348,1.2496911130722594,0.29637701477670625,0.3090722726531319,0.1805952868408003,0.41428437067404283,6,992.8208029875134,0.8273506691562612,A3_softmaxT0.5
23,10,0.0,0.06347456767545395,0,0,0.9362695047995258,0.41501520210663295,0.40610217801886883,1.7316279409201765,0.2937494313805855,0.41428769696213485,0.1178260179365187,0.42062185396767093,5,1081.7044451937047,0.9014203709947539,A3_softmaxT0.5
24,2,0.4548801181095886,0.1496170000175468,1,1,1.4920443846239795,1.1922675644354217,0.712365795713231,2.037663436326718,0.21395365614659603,0.2151268416961266,0.11411601345892174,0.33124267140100955,12,1179.910261013055,0.9832585508442125,A3_softmaxT0.5
24,3,0.5698789519180879,0.15723040923664588,1,1,1.6815315705795506,0.7856790954135784,0.7358625291057087,1.9704308724026673,0.23117076660971583,0.3082427166782599,0.11439938881798042,0.328641147091864,11,1179.9682115525632,0.9833068429604693,A3_softmaxT0.5
24,4,0.6767775979304412,0.18253729206607475,1,1,1.534043541925039,0.7648157742310344,0.7195339443071713,1.4518713008629485,0.24513067812276595,0.3207865785578729,0.18244257920132007,0.32434713983868046,10,1166.4796880827307,0.972066406735609,A3_softmaxT0.5
24,5,0.7347821897243857,0.2157946508349449,1,1,1.4090399181109778,0.7360935075758688,0.7183149381498735,0.9080068376369484,0.2611592100424225,0.3150612651148494,0.2799736046079865,0.33860191961407354,9,1145.974107432091,0.9549784228600757,A3_softmaxT0.5
24,6,0.0,0.000390709747184715,0,0,1.3886838715561698,0.6987988301573811,0.6893320160612562,0.7867732041883478,0.284340957042045,0.3228078912043464,0.3039414835028784,0.3404586842748988,8,1186.044534842401,0.9883704457020008,A3_softmaxT0.5
24,8,0.6563374750901313,0.43798585934587514,1,1,1.287104783800634,0.45489651706397216,0.45078398450078244,0.6454544809679158,0.31197284461750685,0.4178143080676855,0.25639488125281384,0.43005256852885954,5,970.3241651681998,0.8086034709734998,A3_softmaxT0.5
24,9,0.0,0.002955230525940421,0,0,1.2537963029365107,0.38434076114700816,0.38113859141460826,1.2569984726689105,0.3213790881536441,0.41788374748191837,0.31835553166995056,0.4209073039656118,4,1118.79688797351,0.9323307399779249,A3_softmaxT0.5
25,4,0.5865457836114305,0.15625569115776278,1,1,1.764807613710631,0.8868601581420309,0.6947771709148864,2.0597217381510395,0.2200399268911667,0.2823732940159686,0.10407968653788502,0.3327529458244233,11,1182.2062531714641,0.9851718776428868,A3_softmaxT0.5
25,5,0.5486298152373541,0.17968610988156652,1,1,1.548016262717821,0.8212651784130712,0.6917367063127634,1.7125417019572233,0.24520025243347562,0.3020597478066447,0.15283896155641435,0.348612318772429,10,1169.79912816375,0.9748326068031251,A3_softmaxT0.5
25,6,0.7404360637295346,0.21553467238220886,1,1,1.4382188428363984,0.7760241038701664,0.7081228645875413,1.0912268828368759,0.2596104524324215,0.3177497789853299,0.21989377691497666,0.3412770097740769,9,1153.4506860518218,0.9612089050431848,A3_softmaxT0.5
25,8,0.7229498471406324,0.37598509474067243,1,1,1.4048459657702947,0.5870775955981358,0.5120520966165,0.8794915581455585,0.2995126993796008,0.3765394845637988,0.22100349270042485,0.4186856838303614,6,1054.2723040633443,0.8785602533861203,A3_softmaxT0.5
25,9,0.7181175312995212,0.45912992395583635,1,1,1.345277928560984,0.4990789780492572,0.4348210077714218,0.6512394043999441,0.3137995008105926,0.4282207886171207,0.2573505532836579,0.4336094860073323,5,970.8195335610704,0.8090162779675587,A3_softmaxT0.5
27,1,0.40010724934369735,0.1345300743997399,1,1,1.7598297290536258,0.8415608458134091,0.7577646961332897,2.2928008134582996,0.20241950629754488,0.27242811867910893,0.09118742065444813,0.3110141409791606,13,1181.3136195293594,0.9844280162744661,A3_softmaxT0.5
27,2,0.63098803604215,0.16805724932169047,1,1,1.523289229842857,0.9742691787711013,0.7490122149365512,1.7831717839015515,0.2192431393758982,0.2563148007938928,0.12804057598870566,0.3315166995015183,12,1175.4349028708452,0.9795290857257044,A3_softmaxT0.5
27,3,0.524035272780769,0.1548459736704938,1,1,1.6358025349558767,0.7905189322583918,0.7598869853175753,1.7243074949489179,0.23144011609673465,0.2946489678145398,0.1571533483244133,0.3097189387980913,11,1166.9311651028129,0.9724426375856774,A3_softmaxT0.5
27,4,0.7298506604640951,0.18262203957834613,1,1,1.4976825549736241,0.7689079239981242,0.7636243915039382,1.0887364419607986,0.24716862929112504,0.30450951213062805,0.2230617245524263,0.31480197048177083,10,1159.933423223417,0.9666111860195142,A3_softmaxT0.5
27,6,0.5860639164251831,0.22577714079658814,1,1,1.0738138908937165,0.6987852625053614,0.6927866435824729,1.1696627132424988,0.26138687979441527,0.3222332929256584,0.14121744965783894,0.3472713361116782,9,1080.1099544135698,0.9000916286779748,A3_softmaxT0.5
28,4,0.9032507048227755,0.1782159353040963,1,1,1.365274545767671,0.9691099980163125,0.6358851219369256,1.9447570874822235,0.2383330509801576,0.23749377735712265,0.12579742648094616,0.3764458018476309,10,1179.5768729277536,0.9829807274397947,A3_softmaxT0.5
28,6,0.17975485050223955,0.16816104094937487,1,1,1.1712285728505631,0.9524842114837554,0.6186091984874812,1.740326465523272,0.2577343651110112,0.2572956786772958,0.13977183432580415,0.37821044943649995,9,1168.8312315569883,0.9740260262974902,A3_softmaxT0.5
28,7,0.3678318818491393,0.20874899337300878,1,1,0.9929667629313157,0.7635357321782815,0.6108451021847539,1.1865598579211625,0.2740315963604092,0.31012993790667936,0.21124733165216167,0.3705320607637088,8,1149.7688340809375,0.9581406950674479,A3_softmaxT0.5
28,8,0.5494408846712417,0.26216854981588367,1,1,0.8486190474945231,0.6111851546166036,0.5993583695436664,0.963675314948182,0.30399225776860556,0.36709979305923574,0.2595062345758654,0.3809572049495977,7,1142.7215346337512,0.952267945528126,A3_softmaxT0.5
28,9,0.7933243484251006,0.3524551828320909,1,1,0.7025608095104751,0.591561339484908,0.5641224920013178,0.842117480716005,0.3348556444805668,0.372831558659845,0.3039585005044536,0.3952769717203475,6,1066.66172919916,0.8888847743326332,A3_softmaxT0.5
28,10,0.715568331559441,0.38467619510911877,1,1,0.6073730454180415,0.5492722799980139,0.53306916911515,0.5804203004158385,0.3647183889373138,0.40875382083918554,0.387790917943364,0.4093787910649763,5,1033.9595154245771,0.861632929520481,A3_softmaxT0.5
29,2,0.871171418158847,0.09655768823766284,1,1,1.8048757012107972,0.9331299283741827,0.8473342289420813,2.690986551430737,0.19278329131289143,0.2719030823969445,0.07919374685989822,0.29647070003709797,15,1187.4500335796713,0.9895416946497261,A3_softmaxT0.5
29,3,0.9166936200878432,0.11781494510608904,1,1,1.6169146718209604,0.9070279914226027,0.8344719806541205,2.4110305865530672,0.20356819838968862,0.2550878981009203,0.09045994065804308,0.30176006633736613,14,1187.9831684917979,0.9899859737431649,A3_softmaxT0.5
29,4,0.6517809355759743,0.11340630010924478,1,1,1.478145842251275,0.8675215519331525,0.8286537836453859,2.179305591048493,0.2147529296735438,0.2614511609795259,0.09875442065671317,0.2996762506286009,13,1182.070142279654,0.9850584518997116,A3_softmaxT0.5
29,5,0.6021907611771722,0.13220722480266583,1,1,1.2680178118307783,0.8717054031878309,0.8115979511764313,1.5779859386040473,0.233854525717583,0.29104461140189447,0.15254691010051757,0.3022583433180359,12,1172.9598556915457,0.9774665464096214,A3_softmaxT0.5
29,6,0.8012301034848148,0.1475038015113381,1,1,1.1414568927367723,0.8358806163499308,0.8012954411809808,1.1765371069640769,0.24198635988117,0.2892421278999853,0.20543027597335595,0.29709549097179,11,1174.6695928227462,0.9788913273522885,A3_softmaxT0.5
29,8,0.6828662690921636,0.21629305221179948,1,1,0.9123626796578854,0.7170120328829107,0.6703788522198096,0.8699218186818641,0.28901418014078495,0.33248541008490873,0.2874073952150759,0.35167907016742594,8,1150.5828199814548,0.9588190166512124,A3_softmaxT0.5
29,9,0.753466514146573,0.26382343828535215,1,1,0.7626372580094202,0.678549208021477,0.6598167578388107,0.7036756444929361,0.31407860839018514,0.3427482575813541,0.3291960685744825,0.34787506789181233,7,1098.0016576434098,0.9150013813695081,A3_softmaxT0.5
30,2,0.96728727641975,0.10858790682051479,1,1,1.6440337589056149,0.9603408611948443,0.920829519701031,2.3105050863729546,0.19934804960793512,0.263845213839949,0.09397428605642066,0.2692187667534204,15,1189.1421753987147,0.9909518128322623,A3_softmaxT0.5
30,3,0.42510863830473306,0.09954094755847748,1,1,1.4469515588885302,0.9490310867847884,0.8949252462021643,1.598272435193615,0.20976792108753003,0.2610664838668342,0.13932254320794893,0.2682855137883612,14,1181.488252121135,0.9845735434342792,A3_softmaxT0.5
30,5,0.22524451484754435,0.1349685332604335,1,1,1.2553341715018214,0.8400715642243978,0.8075907159750357,1.3431119920050665,0.24059728553024315,0.2851030219489856,0.2021811324842569,0.3113478343908649,11,1174.545278642342,0.9787877322019517,A3_softmaxT0.5
30,6,0.820791597028768,0.16916042395969047,1,1,1.057033180282597,0.808108510223355,0.7953333676568638,0.8398654765472352,0.2584513600958974,0.2974225263905136,0.2856742820686865,0.30541163761226825,10,1169.539802331131,0.9746165019426093,A3_softmaxT0.5
30,7,0.7968905071151369,0.1920613165130038,1,1,0.9078566339389634,0.8140122882873806,0.7849436560081682,0.8358416062518794,0.28222683616207034,0.30665284473494625,0.28729421900927377,0.31584057942922156,9,1142.3279929541804,0.9519399941284837,A3_softmaxT0.5
31,1,0.8826254235145914,0.09123614686630732,1,1,1.7703802268506585,0.977000694802751,0.9414894653906469,2.5513604917958386,0.18793628589586597,0.2509027839537775,0.08439964625810957,0.2657058665320689,16,1186.1384776292223,0.9884487313576852,A3_softmaxT0.5
31,2,0.1284323147130237,0.09658322075687746,0,0,1.590599601640895,0.9459824155250733,0.9052934881759576,2.087165687055228,0.19809509065785882,0.25757378819653987,0.10762154418825082,0.26331357227896535,15,1185.9997114959012,0.988333092913251,A3_softmaxT0.5
31,3,0.8679319859543593,0.10759299373158909,1,1,1.493195044470384,0.9466856182753725,0.9097870715688047,1.6572248099491351,0.21118570457927036,0.2617214782433469,0.15618938591166884,0.26785889408074925,14,1188.6785824176286,0.9905654853480238,A3_softmaxT0.5
31,4,0.9037100347251945,0.12162319585466437,1,1,1.280264425301816,0.9535693278632327,0.9196244955243102,1.0000127069043687,0.2273049965597584,0.2665284191536246,0.2572331870788838,0.280627862986033,13,1179.0192691348523,0.9825160576123769,A3_softmaxT0.5
31,6,0.7575841639048227,0.16292437197415768,1,1,1.0372538649645047,0.8234405829611612,0.7940492978073739,0.836548192060673,0.2596704082447342,0.2925614057891578,0.2855644218671189,0.3039201679488617,10,1159.6790689349448,0.9663992241124539,A3_softmaxT0.5
31,7,0.6860925240225745,0.18067405606311715,1,1,0.8795604583559956,0.7999136997264535,0.7798392612976066,0.8119113566460489,0.2779746205366973,0.2953135884565681,0.2924683810940456,0.3079387991472844,9,1145.8977150702904,0.9549147625585753,A3_softmaxT0.5
32,1,0.6599859977018785,0.10907864968554998,1,1,1.7828893188158064,1.5206945804576049,0.7683807889542684,2.7724065450012345,0.19380412490426613,0.16321262757204735,0.06870666987959134,0.32928483327585284,14,1190.790221276027,0.9923251843966893,A3_softmaxT0.5
32,2,0.060076897177962864,0.11029405738002519,1,0,1.5836989448899792,1.38769713744116,0.7273352849548316,2.477374519883206,0.20208045952195547,0.15913245727839953,0.0824377917576367,0.32910206794550567,13,1175.9708994930088,0.9799757495775073,A3_softmaxT0.5
32,3,0.8336820559472099,0.13344373025055378,1,1,1.4410021687435304,1.106499768702622,0.7425055265291359,2.0015437541771273,0.2169225546156964,0.2256000410805968,0.10799453867357128,0.3325788414082296,12,1179.749846347839,0.9831248719565324,A3_softmaxT0.5
32,4,0.1402766344447151,0.13496905747659918,1,1,1.3035507897776584,0.8419567131987201,0.7244111006860783,1.7134116354368347,0.23355743715145627,0.27932165380418633,0.1498595139004696,0.33494412366877335,11,1167.4454369913672,0.9728711974928059,A3_softmaxT0.5
32,5,0.7401082262169648,0.16125498135071592,1,1,1.1575440769890286,0.7632024492671315,0.7131301840477529,1.4824190352367232,0.2527570867815375,0.3203539826199901,0.1673596080692464,0.3337133640962071,10,1172.3965542254823,0.9769971285212352,A3_softmaxT0.5
32,6,0.5209460938768085,0.18267631565127185,1,1,1.0092820220067569,0.7320905628454524,0.7064743383360572,1.3491211717078662,0.27163401605875515,0.3158538246067133,0.1740589542168047,0.3346328685236352,9,1146.283812324383,0.9552365102703192,A3_softmaxT0.5
32,7,0.36434255621825834,0.1973015810425516,1,1,0.8650324396224394,0.6872142976570175,0.6563411013958881,0.8978670050445143,0.2877726847551883,0.3347845519596205,0.2688956053174596,0.34741348782598125,8,1129.6954311241739,0.9414128592701448,A3_softmaxT0.5
32,8,0.6833617637517835,0.2560715763147692,1,1,0.7748766098566312,0.6659312660313722,0.6534977093644325,0.7110556575592326,0.3109465659963684,0.33453551865571923,0.3292807156466665,0.35362411297323204,7,1114.6639271466975,0.9288866059555813,A3_softmaxT0.5
32,9,0.5836207150193544,0.28105492595852444,1,1,0.6529444271668138,0.6344009881203148,0.6240233548802961,0.6842288823969098,0.33795606404940876,0.35444488268745733,0.3466897353127927,0.36538664504169477,6,977.7393157980115,0.8147827631650095,A3_softmaxT0.5
33,4,0.47435936144373225,0.18194313973892765,1,1,1.2609844134224795,0.671495169643162,0.6508293774977971,1.5780197299910752,0.2555957154622098,0.33359808221717124,0.15923533591144193,0.35825138760346054,9,1175.1458081626422,0.9792881734688685,A3_softmaxT0.5
33,5,0.8506073900016855,0.2259156228347715,1,1,1.0438538839577143,0.6544937417398384,0.641095313001783,1.102175922783968,0.2782393578235863,0.34902666848559416,0.23242061638436518,0.35429055264697795,8,1171.2002321532411,0.9760001934610343,A3_softmaxT0.5
33,6,0.652958407359708,0.2462963624198719,1,1,0.8213855858265662,0.6500814432498077,0.6215320886470961,0.8230657988986468,0.30789733339386227,0.3549116698231602,0.2943255688755347,0.36129509172989227,7,1133.652159741241,0.9447101331177007,A3_softmaxT0.5
33,7,0.6664440482503871,0.29987412057847174,1,1,0.6684911429572361,0.6214576484901495,0.6091908430866397,0.6344663031905435,0.3405227948845728,0.3726538588770788,0.37012519987193265,0.3741046070537841,6,1058.8150079785776,0.882345839982148,A3_softmaxT0.5
34,3,0.8285552575340557,0.12811482246792108,1,1,1.5044840837651237,1.239779907253694,0.6891886532061928,2.1755458846496922,0.21409536509992733,0.2184793617813081,0.09587018154504522,0.33517487808485147,12,1181.7035342174047,0.9847529451811706,A3_softmaxT0.5
34,4,0.06838280611373171,0.13240109905564312,0,0,1.4042441579068052,1.1896343757557468,0.6865231847837779,1.8739042514445676,0.22687554693579773,0.21270147995199337,0.13179145292562947,0.3402103780210979,11,1181.9319186800574,0.9849432655667145,A3_softmaxT0.5
34,6,0.7286434511432037,0.17021416751943833,1,1,1.1737518475874265,0.9222577655827944,0.6639938194289654,1.400918927472412,0.2423140351573357,0.26315161547730237,0.17537725160040227,0.3419325679403653,10,1173.6953099407933,0.9780794249506611,A3_softmaxT0.5
34,7,0.510608499150615,0.18505913959728298,1,1,1.0182862821816965,0.6972002292361531,0.6871363398051475,1.1425295154264432,0.27041540194501706,0.33949129609413214,0.1966753899490872,0.35506224946584714,9,1159.508150781582,0.9662567923179849,A3_softmaxT0.5
34,8,0.4769094924174104,0.20304325988263186,1,1,0.890598102767979,0.6684506712420518,0.6633975856433426,1.1275322642251016,0.2902189310718173,0.3442094767343572,0.22176581558408914,0.35686394219390266,8,1122.198793780614,0.9351656614838451,A3_softmaxT0.5
34,9,0.7616819369415333,0.2760505486301366,1,1,0.788372220726407,0.6492983065167004,0.643832676064731,0.8911300403435396,0.31695025531357734,0.3625322500599651,0.28787002805072154,0.3739996485658115,7,1082.051564946025,0.901709637455021,A3_softmaxT0.5
34,10,0.6984494145176521,0.2981867675070423,1,1,0.6853560351717389,0.6068089114432558,0.6017256874340079,0.6145267315241622,0.3330448548543275,0.36536415937971045,0.3578947759780367,0.3734702089179631,6,1088.3557098531528,0.906963091544294,A3_softmaxT0.5
1,2,0.8794841356624143,0.45142430776527576,1,1,1.1268226599671374,0.9260769986647936,0.45234241917902607,1.3037926272786244,0.2750015436170197,0.2758415561471795,0.14617451642722695,0.4226160724695665,6,1128.0307391365043,0.9400256159470869,A3_softmaxT1
1,3,0.8515843502885398,0.5368816875204684,1,1,1.950683160021022,0.4771157306058902,0.41166543543792156,0.7786840966991482,0.30242319851131894,0.4210185802308048,0.21883759683122686,0.42618296675112843,5,1059.486100086008,0.8829050834050067,A3_softmaxT1
1,4,0.8008132106577838,0.5406025470385696,1,1,1.011009926999729,0.892895213548599,0.2879054462932401,1.615999694255088,0.2747391583590715,0.27403917417747237,0.10865448204481913,0.44012385049172476,4,1104.2729068114488,0.920227422342874,A3_softmaxT1
2,1,0.8247828329714049,0.1900962722943433,1,1,1.4941408818904738,1.010788988267957,0.660481918402847,2.135536811160265,0.22316700558399996,0.24303079452823834,0.08716298955001185,0.3502358502500765,10,1174.386248651849,0.9786552072098741,A3_softmaxT1
2,2,0.6470362414771469,0.22039378399137868,1,1,1.423814912897552,0.9415767997581377,0.6631090876365784,1.682558282737585,0.24798359784187873,0.2743065717007067,0.14843035245087852,0.33680564636187355,9,1163.5945611083334,0.9696621342569446,A3_softmaxT1
2,3,0.7679709246663442,0.30710731100725264,1,1,1.0354798804388934,0.9252325798229895,0.6270351806870673,1.4779221719042037,0.267949076548099,0.25576610300845143,0.162413290353228,0.3804829589893066,8,1132.6205905610038,0.9438504921341698,A3_softmaxT1
2,4,0.5920113379710324,0.29634237865392427,1,1,1.141404753141901,0.6501245478738961,0.6128839243799039,0.9726382499227243,0.28872113989756765,0.3349890253866923,0.22869493214347905,0.37431534718003334,7,1071.5655433677935,0.8929712861398279,A3_softmaxT1
2,5,0.7131521612103275,0.38256356902926686,1,1,1.3386719961257778,0.6248869212962085,0.4956080221483509,0.9294615310890042,0.2993462522505726,0.37629467619294665,0.2211678143057005,0.40701410013077244,6,1058.7258544544945,0.8822715453787454,A3_softmaxT1
2,6,0.7938432763183106,0.5581006955115225,1,1,0.8398311434915596,0.5952294512977119,0.4118492001528872,1.3190903427175946,0.3140704638508883,0.2950347703389467,0.20877715497751062,0.45390780638622086,5,980.4510284281301,0.8170425236901084,A3_softmaxT1
2,7,0.8064407255920559,0.571482600747094,1,1,0.7467755788097153,0.624184906488418,0.38253183010867564,0.9884286551894577,0.32202824135895375,0.34740762709959055,0.282397750911596,0.3870381175469483,4,921.4737354859,0.7678947795715833,A3_softmaxT1
3,1,0.5175951694636207,0.155619722794435,1,1,1.6663292871096511,1.0164999007485809,0.7090054007080413,2.1219604532441743,0.223446877794899,0.24934435125659063,0.11564229957017641,0.3415299282047096,11,1174.4118154832008,0.9786765129026673,A3_softmaxT1
3,2,0.6013068724759691,0.17952579374896996,1,1,1.4889213983156095,0.8902365110092783,0.6805206736645626,1.7138230037922195,0.23600285667281362,0.28306606427588876,0.14506813196243484,0.3338344812789726,10,1171.4729196051528,0.976227433004294,A3_softmaxT1
3,3,0.7593840669300389,0.25393158080067096,1,1,1.4011139805974326,0.7032022671655271,0.6429278694935566,1.7709365812332931,0.24844403187987896,0.31737430771290376,0.10139994436078682,0.3609481221004028,9,1148.1281121589984,0.9567734267991653,A3_softmaxT1
3,4,0.7543218356738275,0.2862307273073272,1,1,1.1505402945240795,0.812640733203773,0.6531816273492087,1.1053601761482237,0.2776031233212548,0.30515357781208025,0.2041877343440181,0.38719761805929875,8,1128.1240133686927,0.9401033444739105,A3_softmaxT1
3,7,0.8298385536816901,0.5549380051696362,1,1,0.7419325334951167,0.6163025624890189,0.4380235483079198,0.6552978667964966,0.3380890829370974,0.3783492208293525,0.28889576833116576,0.4413305236932291,5,996.7914689933776,0.8306595574944814,A3_softmaxT1
3,8,0.7897494289314687,0.6097303104810364,1,1,1.1326036629307743,0.44178212572197995,0.3563173590673809,1.2180684295853732,0.3149579841211544,0.3785086726052823,0.24886399489480449,0.4446026618316322,4,960.6508769625076,0.8005423974687563,A3_softmaxT1
4,2,0.5347147162339055,0.15625538008116172,1,1,1.513907454483136,1.2729182063044042,0.7013548087635595,2.123915452295774,0.2186879143682252,0.19081484481282082,0.11060273744288765,0.32843592746078965,11,1179.0530798350562,0.9825442331958801,A3_softmaxT1
4,3,0.6762761538267398,0.23924910675293548,1,1,1.4882487648374312,1.1229460717451185,0.8010864172939672,1.8684308841185013,0.22377524578256497,0.22275655772086767,0.11563859760374513,0.29897367991962687,10,1155.6666727126044,0.963055560593837,A3_softmaxT1
4,4,0.7232050102205201,0.2142719676352536,1,1,1.4491344531297494,0.8452804224768184,0.6809230421840876,1.4242776080880466,0.24474631160884475,0.2707414861351875,0.18296871201753423,0.3655357094183609,9,1168.2389902333568,0.9735324918611307,A3_softmaxT1
4,5,0.5316900342614178,0.24577348668822788,1,1,1.122233182300873,0.7702815400418509,0.5992216468093976,1.1755277232308505,0.272739532106291,0.312149442271209,0.19827812822787827,0.367922827027419,8,1101.3131036274997,0.9177609196895831,A3_softmaxT1
4,6,0.7460239313682446,0.37384385859794905,1,1,0.8289079279883572,0.7019570681470647,0.5916135587124521,1.0432332411735297,0.29963311307434976,0.36671515365577134,0.2052090016606059,0.38142442114497266,7,1072.8030295654542,0.8940025246378784,A3_softmaxT1
4,7,0.6432142583215334,0.42033400673122867,1,1,0.9357687610743569,0.7359662408041222,0.5783279019656328,1.371900375017376,0.3027630373461445,0.290914513598374,0.17710535462362148,0.400564240595748,6,1014.2344501754918,0.8451953751462432,A3_softmaxT1
4,8,0.7299435415833513,0.4724568529348913,1,1,0.910453731482242,0.497029552318594,0.4711828913683743,0.6478304163087226,0.3209303555211217,0.3971756393929834,0.2598293080731075,0.4271133658835299,5,980.9627301033038,0.8174689417527532,A3_softmaxT1
4,9,0.9273247491092999,0.6458494458260653,1,1,0.7035337055518801,0.7385064743658875,0.37728482666220353,1.064755353255564,0.3198280035132315,0.3059760855380079,0.2329404783405459,0.3928636107106936,4,1000.5385203772568,0.8337821003143806,A3_softmaxT1
5,1,0.46333808672974097,0.14196776769284833,1,1,2.0236587290072885,1.0802712467676614,0.7520723087274179,2.252560076979596,0.2113467619044731,0.23121927148210297,0.09583204770178658,0.32198920769951234,12,1180.5586605013027,0.9837988837510856,A3_softmaxT1
5,2,0.41218510078962994,0.15880234527498766,1,1,1.4904438806401414,1.1107036935104126,0.6800341651612707,2.07464986181491,0.2203153365316231,0.22156332288078814,0.09371635279858426,0.33715978405011254,11,1162.713144119963,0.9689276200999692,A3_softmaxT1
5,3,0.7033473069126688,0.23289436465860947,1,1,1.3341206059358368,1.1954987324179103,0.6487564668752228,1.6671843707214855,0.23063615621542333,0.20265149309704034,0.13572970676008156,0.36085762875329946,10,1162.8990046878196,0.9690825039065163,A3_softmaxT1
5,4,0.5626327727941092,0.2025779826557884,1,1,2.18655778811006,0.7746340458196871,0.6983938579986788,1.2005108001464249,0.26566535334766683,0.31745488975065056,0.24338278905735544,0.3577053365868182,9,1131.4667971269646,0.9428889976058038,A3_softmaxT1
5,5,0.612689006991209,0.27061555919570307,1,1,1.3006265591614132,0.8037353101683093,0.5891828974018889,1.5602191610419838,0.2589284084656966,0.31972227542863607,0.1261343692873848,0.3763098457487805,8,1074.6748898732365,0.8955624082276971,A3_softmaxT1
5,6,0.8449470075832084,0.33659099694477007,1,1,1.4632238853190394,0.6477122412113676,0.5691615771635846,1.3183536203055861,0.2800039469072915,0.32361145597913876,0.19210736339444437,0.4036438430706126,7,1147.6439160858238,0.9563699300715198,A3_softmaxT1
5,7,0.6735091223231402,0.36638821902765356,1,1,1.3116248119587788,0.5892538578114225,0.5355633288693848,0.823933569213639,0.30529959097633486,0.37488177905636166,0.23561367830439245,0.405420129522824,6,1026.7388653992723,0.8556157211660602,A3_softmaxT1
5,8,0.7451995696355529,0.48291698356358465,1,1,0.8917121181038882,0.5536611790025533,0.4188586995336453,0.8990639977744569,0.30959855175133993,0.2944528283535143,0.27842434522459475,0.4236565052061925,5,934.6548061996201,0.7788790051663501,A3_softmaxT1
5,9,0.8793761745442363,0.5779250984182793,1,1,0.7576737401591815,0.7726512719117611,0.32745244697682785,1.2028725650941148,0.30624448984502195,0.29926169502023203,0.21936393090312786,0.3861422539621261,4,935.6241405822465,0.7796867838185387,A3_softmaxT1
6,3,0.6065359430280337,0.18375772325930148,1,1,1.6317947591555153,1.1735609907287237,0.7025391974790647,2.2625030292854023,0.21738014501095662,0.21022398711960139,0.08660879708067629,0.34213464692110246,10,1177.2148389273111,0.9810123657727593,A3_softmaxT1
6,4,0.6103956586126786,0.23603925640697435,1,1,1.1186228700638583,1.0538999054050757,0.7069611390599719,1.3987960803676995,0.24491688777275256,0.22020699956780415,0.15393596197583576,0.33488842560519844,9,1163.4261831706506,0.9695218193088755,A3_softmaxT1
6,5,0.6440693739900412,0.2593658870331812,1,1,1.3242525318777716,0.9229434690031121,0.5957289582108303,1.383570752958465,0.2619255406196445,0.26725488055938273,0.17775173293450905,0.37992694779975467,8,1142.187488895042,0.951822907412535,A3_softmaxT1
6,6,0.6267677706512805,0.3016215468486803,1,1,1.2787326200543159,0.832683432549629,0.551698850235238,1.1638115656298216,0.2816423963608587,0.296340418955251,0.20068815422030561,0.39693508294605606,7,1094.2346278025532,0.911862189835461,A3_softmaxT1
6,7,0.718671057917783,0.39103330569043293,1,1,1.0025827430404095,0.6251706941552495,0.5366105690915312,0.883169781715377,0.2991991657738112,0.35895383445836876,0.2246180262629383,0.3866239387301036,6,1055.965000289414,0.8799708335745118,A3_softmaxT1
6,8,0.7531843158082355,0.4841132561361191,1,1,1.1423644428769233,0.513507460416116,0.5032085412229725,0.7270280892315983,0.309786536335143,0.40234504016375844,0.23743983119485224,0.406848271547345,5,1006.1479249029769,0.8384566040858141,A3_softmaxT1
6,9,0.7740041167555307,0.5751507832788396,1,1,0.6770981431065731,0.4488437344558016,0.3786045149472391,0.7473373626151356,0.3555240413529472,0.3960186224381501,0.3202208130841635,0.43132185070693374,4,900.5823475207966,0.7504852896006639,A3_softmaxT1
7,4,0.5880920782598483,0.2325306078860266,1,1,1.1824964620674392,1.3686559855941103,0.695971771641549,1.5851262905060903,0.24337464149290028,0.19368388413657528,0.14571035001207283,0.3401327963905413,9,1160.308129366685,0.9669234411389043,A3_softmaxT1
7,5,0.6233450391660136,0.26869811147090195,1,1,1.225551702616234,0.8523108167473281,0.6969404129882459,1.5891829475058077,0.2654991823105417,0.29138677986556216,0.16005487064016907,0.35438412963677346,8,1138.083259209188,0.9484027160076568,A3_softmaxT1
7,6,0.7578058597201697,0.3323528090806579,1,1,1.2282892849025226,0.7112461060177607,0.5503604958565336,1.1798859418820633,0.28129589969271895,0.32629253885982323,0.20037043219445813,0.39084061350423366,7,1128.0269470040125,0.9400224558366771,A3_softmaxT1
7,7,0.6603292505298426,0.36460343457565425,1,1,1.2262052125132836,0.6406914999226874,0.5095235685331849,0.886613143447639,0.30230108525660143,0.3689366995053779,0.2245808364263343,0.4131725934485837,6,1037.1514717279342,0.8642928931066118,A3_softmaxT1
7,8,0.7717027659462947,0.5111142123650714,1,1,0.9206352186192136,0.6282356033750603,0.44430337790999735,0.6661785475898552,0.3336708547985796,0.39339872702166667,0.2647504053976968,0.44531920077807,5,988.5141174911686,0.8237617645759738,A3_softmaxT1
7,9,0.7590425867233856,0.5817982893137251,1,1,1.3132502810785207,0.42253690687873663,0.3500392350872824,1.3857479528699748,0.31029207822482563,0.37293766981391185,0.24369486508311194,0.4395348829556256,4,936.3387942160394,0.7802823285133662,A3_softmaxT1
8,2,0.5327583246230758,0.12625551847980487,1,1,1.642093532305386,0.9338915717354728,0.8749832805664064,2.335547685772847,0.20561186078420782,0.2564950529707796,0.09703769962144491,0.28185909007581095,13,1181.7907258380528,0.984825604865044,A3_softmaxT1
8,3,0.5732935469709154,0.1578502832766998,1,1,1.2226801324464276,1.0802108087601483,0.7933724619158783,1.276852485449467,0.2274690067159729,0.23217092149938773,0.18226603370204186,0.293570838585508,12,1174.4646873965557,0.9787205728304631,A3_softmaxT1
8,5,0.6446004020215872,0.20842763278119888,1,1,1.573868496526622,0.8678144569609063,0.6633120740617668,1.5710656461225585,0.24294958747191464,0.2901199086912053,0.14817096470680485,0.3586046793439578,9,1167.5879670186057,0.9729899725155048,A3_softmaxT1
8,6,0.6481689487673408,0.278245118392602,1,1,1.3160433574847636,0.7486670799661914,0.6231026661456911,1.2634132130896565,0.2708044181532675,0.31329755363520406,0.18613137888614323,0.3744707617658337,8,1124.7482418817667,0.9372902015681389,A3_softmaxT1
8,7,0.7062255511289774,0.3151678064671898,1,1,1.1486355176720535,0.7292236439701251,0.5596374243513857,0.9764504654067757,0.2874863264092247,0.3328257490529709,0.23604156368682766,0.3860779971081076,7,1082.5123449810137,0.9020936208175114,A3_softmaxT1
8,8,0.7164719828780785,0.4200402207679032,1,1,1.1205329741957681,0.7007329270708842,0.4892631954203698,0.967997750368632,0.29556810567513586,0.3081308926958244,0.21648227155686955,0.4336650039648644,6,1017.0670556445816,0.847555879703818,A3_softmaxT1
8,9,0.7810289632732887,0.5077656809630797,1,1,0.8259646555247946,0.5248472454686333,0.4371599349624559,0.6423824869878741,0.3241649681318423,0.37937016478000946,0.2695570809305415,0.4364309184550327,5,986.5613419733822,0.8221344516444852,A3_softmaxT1
8,10,0.8069996326718758,0.6177543097481466,1,1,1.3280687071763877,0.41812155250961247,0.335270553102706,1.4109197065832941,0.3052812844767039,0.36687112352614304,0.2326595594411278,0.4394928485617191,4,977.8701443176469,0.8148917869313724,A3_softmaxT1
9,2,0.5073414339417751,0.12126687929432094,1,1,1.6328056910334063,0.9525824182980287,0.8708022737888216,2.6557440591302304,0.20215677330385234,0.255743547003248,0.08012034928525463,0.2882281822635523,14,1182.0042868702851,0.9850035723919043,A3_softmaxT1
9,4,0.6996186101685136,0.1755719389173694,1,1,1.4573118572334567,0.8905205638888244,0.7493556764870192,1.8922650366825724,0.23443082083191025,0.30977528578541347,0.12985906808956144,0.32115081967835357,11,1173.9649464868035,0.9783041220723362,A3_softmaxT1
9,5,0.6744734675084845,0.1852822963142167,1,1,1.316789225150219,0.8005980303512348,0.7439424871933369,1.2002401770296816,0.24983382583439534,0.30440926134514734,0.19912688747411608,0.32939910403924927,10,1145.621522901111,0.9546846024175925,A3_softmaxT1
9,8,0.7895958007025627,0.5054532265401526,1,1,1.6991004068970212,0.5571001262399412,0.41598055810288986,0.8152966058731747,0.30776541035124333,0.3955730442864578,0.21379417688610072,0.4582248955081503,5,1051.5049810678688,0.8762541508898907,A3_softmaxT1
9,9,0.810473453493694,0.6136073483316159,1,1,1.705825594378128,0.461510638145849,0.32793357541360535,1.8394026571103717,0.2968174696137698,0.3624354460367756,0.21559804996678977,0.44365486568375556,4,986.6149009468826,0.8221790841224021,A3_softmaxT1
10,2,0.36422355058550115,0.15142349128366492,1,1,1.8350763668748937,1.209256282582798,0.713103625133654,2.539437432312784,0.21168257011239036,0.20601404364972928,0.08774990613819017,0.3274882922155862,11,1178.3778605955852,0.981981550496321,A3_softmaxT1
10,3,0.6945872263010742,0.17749501552700112,1,1,1.5620640513367872,1.0380129806797547,0.7358471175509824,1.7254797809781226,0.23267578043807208,0.24654283482012337,0.1478202188017524,0.3268245915725091,10,1175.2504768613035,0.9793753973844196,A3_softmaxT1
10,4,0.5377310159817825,0.2091112073296435,1,1,1.2864950855556,0.8934449222634818,0.7557672288668019,1.4746016124282277,0.24964320600200152,0.27952358605351263,0.154058453108139,0.3447774865834607,9,1139.3822254096424,0.9494851878413687,A3_softmaxT1
10,5,0.6189718118597218,0.2591510200909019,1,1,1.373288731216434,0.8288372831004065,0.648613775058794,1.257509677572129,0.2620801004611452,0.2958200773065266,0.18150911818745036,0.3647569457978912,8,1134.1957864425117,0.9451631553687597,A3_softmaxT1
10,6,0.6299330584133156,0.3001026216893679,1,1,1.374730571909208,0.7432966626407679,0.5515773512849669,1.0624316422918803,0.27753178147609964,0.3242065934467266,0.20918887452801324,0.3884551127019764,7,1085.4313362849446,0.9045261135707872,A3_softmaxT1
10,7,0.687704427372716,0.4395348148578397,1,1,0.9226007702299518,0.7048002740846069,0.5186383732596163,1.240445897789994,0.29665042057524965,0.29132650697513085,0.19450641084940398,0.4070871871118268,6,1025.1458820307137,0.8542882350255947,A3_softmaxT1
10,8,0.7472061581347549,0.47677419917637925,1,1,1.4243379617652079,0.5158439395385854,0.44909461918922494,0.7389957370736877,0.3209493994492944,0.42421973453669437,0.248181850621762,0.44698779704141345,5,1000.7629534258375,0.8339691278548645,A3_softmaxT1
10,9,0.9136143767393814,0.6234584962608827,1,1,0.8091965645009527,0.7277071812650884,0.3379115317386961,1.198992214027345,0.2940666674630828,0.29840290561401794,0.20895565436128083,0.38351391871581997,4,975.0086553965949,0.8125072128304958,A3_softmaxT1
11,1,0.5163903694699015,0.1403894640100433,1,1,1.6926979688240562,1.1989591322294835,0.7930977175208533,2.3415750732499307,0.20590782918893816,0.20249166051492107,0.07980835239229894,0.3158491802215338,12,1185.133142439597,0.9876109520329974,A3_softmaxT1
11,2,0.6011572817873014,0.15520117836915995,1,1,1.6672367421014658,1.3135913645292592,0.7722838544218815,1.8428922669337666,0.21873247802150894,0.20429943647331586,0.1196888567699556,0.3069424132435022,11,1182.0028020479808,0.985002335039984,A3_softmaxT1
11,3,0.580646708823004,0.17785228618702056,1,1,1.831419696818332,0.947790498489617,0.7147415305876789,1.6237849298379703,0.23452780207474713,0.2727957226091922,0.13544069943811968,0.32548047612309416,10,1162.8104604828786,0.9690087170690656,A3_softmaxT1
11,4,0.5821383518266838,0.2063858685247255,1,1,1.4192071996290425,0.9104494961802769,0.7236551128946349,1.371618872419117,0.2549878186189984,0.27397626344649056,0.1963516230523413,0.34059552661226805,9,1138.129648521401,0.9484413737678341,A3_softmaxT1
11,5,0.5476907407611787,0.242924936868373,1,1,1.5418987393347585,0.7836615225408914,0.6187422740678703,1.2132501254102412,0.26166269372985757,0.30653303315596,0.17315126584907908,0.3629478672133283,8,1118.7340095435516,0.9322783412862929,A3_softmaxT1
11,6,0.3137854019332328,0.24703724251471987,1,1,1.473664141744326,0.6618277849097957,0.5690192883460885,1.0669482985820313,0.280548722439432,0.3369996376210412,0.20695010443140144,0.3873394017646368,7,1096.6159995402977,0.9138466662835815,A3_softmaxT1
11,7,0.6981633830313371,0.3860102314554692,1,1,1.1676850075160397,0.690172696380412,0.48607597551445997,1.053933041030418,0.29604655712137173,0.30186003101585995,0.21429413360120975,0.4360878661545421,6,1002.8641912243738,0.8357201593536449,A3_softmaxT1
11,8,0.820071474493925,0.5396113166694678,1,1,0.880021553542013,0.5255992157324859,0.45417333359965667,1.4086091219697923,0.3127562413421507,0.3073157632269405,0.18283774314527354,0.44722451548874687,5,963.3768432217394,0.8028140360181162,A3_softmaxT1
11,9,0.9021603106669234,0.7018731741784786,1,1,1.299509728696629,0.4924386667242221,0.35018463368967556,1.4417637617311754,0.31182927611316025,0.36880683626911576,0.22480041585443483,0.45583569652784117,4,1053.0992424851322,0.8775827020709435,A3_softmaxT1
12,2,0.49400322451995327,0.18018289368137105,1,1,1.4295439245361772,1.2422251172202183,0.7408233961392992,2.0265633739534836,0.21833208904333648,0.19953055013553428,0.11009790873455669,0.33307192599442914,11,1171.9998968067828,0.9766665806723189,A3_softmaxT1
12,3,0.5931182143349132,0.20266718213451979,1,1,1.4169321236001808,1.0400290618086072,0.6730903530043412,1.7615493903133672,0.23403816626120752,0.23499105535409331,0.15081332324525382,0.34535392536468246,10,1162.8604925112095,0.9690504104260079,A3_softmaxT1
12,4,0.5893064058883044,0.21429796210742347,1,1,1.3321292030022684,0.867135386274822,0.7559704916953084,1.3252894551471037,0.250390076127356,0.2670270073503186,0.16623210659416757,0.3395079661069066,9,1152.5445144772025,0.9604537620643354,A3_softmaxT1
12,5,0.7725347154002473,0.29160959329957775,1,1,1.0093813754773064,0.7978028806554368,0.666664987168667,1.2468198534651118,0.26714039919404586,0.29521880207332146,0.16175038568161723,0.35511654822527766,8,1112.701509260411,0.9272512577170092,A3_softmaxT1
12,6,0.7915074035909166,0.39668509564435356,1,1,0.9527168101264353,0.7325608080953917,0.5374895585389192,1.2877635290693732,0.2782257335640586,0.31287319074046216,0.14538072217643436,0.3987496388994302,7,1099.477228547594,0.9162310237896617,A3_softmaxT1
12,7,0.7046978966464523,0.42313636214316064,1,1,0.8216361837137467,0.6412966095573864,0.5453795570309081,1.079795958869965,0.3083350821336842,0.3009143501855223,0.21340896473584975,0.41153271533653457,6,995.4058643926855,0.8295048869939046,A3_softmaxT1
12,8,0.7491634974592902,0.48849931549484815,1,1,1.009162311708581,0.5845155197479521,0.45011042389174294,0.6221392430600894,0.3278159273272273,0.41451097352959176,0.2758789458501515,0.4265153637478718,5,974.6246136095588,0.8121871780079656,A3_softmaxT1
12,9,0.7846601271393651,0.5912855810574517,1,1,1.2203057574225837,0.41824067123630143,0.350591077505607,1.2879553511532782,0.31783951812398403,0.38620263113393677,0.2553160389590873,0.44872611029883347,4,940.3561183881939,0.7836300986568282,A3_softmaxT1
13,1,0.42882854085951216,0.14867432738733413,1,1,1.717489379483667,1.2493491862312873,0.7640882721611809,2.045931160352177,0.21121811717284797,0.20765820860573497,0.10734160290801768,0.3211742870127422,12,1165.9999550147713,0.9716666291789761,A3_softmaxT1
13,2,0.4537867716681556,0.1541524584604736,1,1,1.6244523538221443,1.212433947970359,0.7450785743306345,2.113732602612678,0.21901779588594214,0.22638706383143897,0.09171942976871342,0.34181191026608876,11,1168.7302484306622,0.9739418736922185,A3_softmaxT1
13,3,0.6194202691241425,0.17543274468611736,1,1,1.518690037168819,1.0645605865805003,0.7323312837072787,1.8623694203796475,0.23216139143850345,0.22958620878624997,0.11726917671673814,0.3393278816799565,10,1156.8026394999317,0.9640021995832765,A3_softmaxT1
13,4,0.6694693038955655,0.21201895813935642,1,1,1.4182700908442385,0.9203729739551405,0.7126025636683557,1.2944680378196167,0.24760314905196104,0.2643106430867241,0.20232502998556579,0.33804516447029925,9,1163.458413855051,0.9695486782125425,A3_softmaxT1
13,5,0.531541055381381,0.23640707286884016,1,1,1.283927988697078,0.7736629305796731,0.6445086752222484,1.1722277020581453,0.26478637134384286,0.30357075632542657,0.20476159547043452,0.3562153364503566,8,1100.8495963058604,0.917374663588217,A3_softmaxT1
13,6,0.6694312926849473,0.3519662435756134,1,1,0.9183781260761402,0.7823826804460139,0.5741512363036938,1.1964739888862144,0.28613147164175373,0.3310772134247938,0.16631007889124955,0.39181614484376653,7,1064.3553719053452,0.886962809921121,A3_softmaxT1
13,7,0.6849442726146362,0.37448226554269537,1,1,1.312555664663503,0.6319508025576721,0.5548425812364761,0.8281266854437451,0.30202306679634267,0.3768640175958844,0.23501633823812856,0.3967055041275278,6,1044.2566059154767,0.8702138382628972,A3_softmaxT1
13,8,0.5587453184642709,0.39573594627938946,1,1,1.1166074296328192,0.5382039713596499,0.45978010521022905,0.5984451933805534,0.320638112896837,0.4053170512856583,0.2774375479498328,0.4085174075389935,5,910.6749764183276,0.7588958136819396,A3_softmaxT1
13,9,0.8588791996000742,0.648631556067848,1,1,0.8749250313548449,0.543481666593198,0.39311005341938365,1.0252966445286593,0.3066874007271323,0.3484898496886193,0.28225515820116603,0.3729220922145855,4,998.2791715343226,0.8318993096119355,A3_softmaxT1
14,2,0.5592958492459235,0.15032109666661003,1,1,1.4972688050195948,1.4052474826932562,0.7589833749452117,1.8774996504280632,0.2150436818016822,0.1645579794529004,0.12600993342411496,0.3365436462101733,12,1182.1416578119436,0.9851180481766196,A3_softmaxT1
14,3,0.4941352179465631,0.15873623749178079,1,1,1.5346438674763605,0.9309266638255427,0.6818879989165124,1.9418818271715068,0.22355282387026468,0.2753530918818967,0.1141083637752778,0.3285413216334454,11,1170.7444664295424,0.9756203886912853,A3_softmaxT1
14,4,0.5512668809717676,0.18519164155364393,1,1,1.440143295716751,0.889982262714067,0.670331309328654,1.6233871282332497,0.2427474115143331,0.28575971800093947,0.15323276076024808,0.3568233522083455,10,1162.3905462915707,0.9686587885763089,A3_softmaxT1
14,5,0.6482209765158091,0.24206008781819405,1,1,1.1010145656154617,0.8413636030650361,0.599924434092663,1.7189629624154605,0.25476373282351883,0.29330293685289427,0.12525922149589044,0.3672033711840207,9,1138.3587167514804,0.948632263959567,A3_softmaxT1
14,6,0.679504061356923,0.24794299507165735,1,1,1.347310180657935,0.6928297410626445,0.6249815199222529,1.0412406142170987,0.2733035588500985,0.33219869457878837,0.22720781972693993,0.3627304191176673,8,1101.0250075527395,0.9175208396272829,A3_softmaxT1
14,7,0.562736998790584,0.275310421867249,1,1,1.396985615779722,0.635210601350978,0.6062481142545879,0.8011711981798213,0.2916464939741275,0.35543880691362284,0.2695287329172228,0.3677513233801994,7,1025.3267638654588,0.8544389698878824,A3_softmaxT1
14,9,0.0,0.009515751804399243,0,0,1.120841572637341,0.4157903251045757,0.35314649243101937,1.1834854053108974,0.31783628678349424,0.40632801012139563,0.3002751575133134,0.42388913939157646,4,1119.0270056225133,0.9325225046854277,A3_softmaxT1
15,1,0.5764725632624563,0.13282269500074168,1,1,1.517483989744817,0.8271428381874898,0.8120561298724908,1.7627693300787612,0.21303811063523342,0.26326625318904023,0.14192475178125027,0.30282944786538435,13,1179.5398025155082,0.9829498354295901,A3_softmaxT1
15,2,0.685690065916801,0.14696312056356606,1,1,1.6666812254290395,0.8866392938766355,0.841942543847894,1.260195158725575,0.22958608370391587,0.2840736224862991,0.20126961331816406,0.3005422469309921,12,1171.222604626415,0.9760188371886791,A3_softmaxT1
15,4,0.7026550243082814,0.24347532500041044,1,1,1.0840325989249144,0.7021638825590539,0.6778689353538214,1.5591320528808306,0.26434223850087424,0.34009174356542066,0.11623263345669448,0.3604974759465916,9,1129.4443257855692,0.9412036048213076,A3_softmaxT1
15,6,0.0,0.01601610435355792,0,0,1.1101977168617145,0.6743434850858328,0.6374789522271341,1.0958638573463426,0.2771310543718659,0.3443871780820371,0.27148305625097646,0.35035996167088873,8,1161.7651654005922,0.9681376378338268,A3_softmaxT1
16,2,0.5282839645178248,0.14638475472572707,1,1,1.4856815108127746,1.3568897916400715,0.7415294494763166,1.9069645913470101,0.21346300366724127,0.18152478380404824,0.1217173814091243,0.3340114476057545,12,1181.6953969653187,0.9847461641377655,A3_softmaxT1
16,3,0.536203207268348,0.169507521922991,1,1,1.3707345930168857,1.2571604499757467,0.7230077388049279,1.8984972162381666,0.22525371114449555,0.1962574971330699,0.12588053987368464,0.3325107919307779,11,1176.7727627112351,0.9806439689260293,A3_softmaxT1
16,4,0.5634272464457615,0.19252085863297475,1,1,1.3352397723055192,0.8838957367232216,0.6584735183257022,1.7311616725018966,0.23913472846083939,0.2725949932621505,0.14067724682311178,0.35164579617012137,10,1162.3017280602965,0.9685847733835804,A3_softmaxT1
16,5,0.6462764769869784,0.21139725440455007,1,1,1.306115417047313,0.8610213483304197,0.653960324332376,1.3816597427060415,0.26012947662057556,0.3004600938190422,0.1907320283909529,0.3478483674267629,9,1152.4304395526603,0.960358699627217,A3_softmaxT1
16,6,0.6447079139934506,0.25783918661216165,1,1,1.1861270981058123,0.7777005013056638,0.6420697784964462,1.0645050944306573,0.27138723359516603,0.30743668678643077,0.21423987675308998,0.3587929446759565,8,1111.5551094840946,0.9262959245700788,A3_softmaxT1
16,7,0.6339172624475924,0.30236798048702906,1,1,1.2268892894947283,0.6736692201481341,0.59260082512062,0.9082477994319734,0.2880501063736153,0.3543715054812734,0.22755068813347007,0.3882022913897645,7,1063.7865950087735,0.8864888291739779,A3_softmaxT1
16,8,0.6618899510484422,0.36883554403563207,1,1,0.9422162598298156,0.5978271302121021,0.5521920458601368,0.7002177035140932,0.30727162013837667,0.36287620553760747,0.2577850179662586,0.39363843476900756,6,990.3800838871697,0.8253167365726414,A3_softmaxT1
16,9,0.8005145404471118,0.5490255864699141,1,1,0.837256447413754,0.5562621230277476,0.4277541850051282,1.4130554140344145,0.30776636299541116,0.3141931518905317,0.16347416586805394,0.4471329922963951,5,971.5105525944716,0.8095921271620596,A3_softmaxT1
17,2,0.4559716832386294,0.1374506328254032,1,1,1.6485417223642305,1.2093837360739503,0.7734744471050147,2.5285439984174305,0.21199327159459522,0.21254313909610084,0.09116210413200765,0.3187879125729701,12,1181.5821495168084,0.984651791264007,A3_softmaxT1
17,3,0.5713003622857822,0.1571505713893299,1,1,1.8110071969418018,0.9235369843757635,0.6881980948381826,1.8815858691066403,0.226172464510876,0.2783795031119169,0.12429512649247618,0.34491278949433973,11,1173.017502084538,0.9775145850704483,A3_softmaxT1
17,4,0.702849112586309,0.22043742041424322,1,1,1.134141058386903,1.0871414128062198,0.798083704583037,1.3226406335745704,0.24375568258756308,0.22911085355026745,0.18842604492930895,0.303793300312377,10,1164.4324972705017,0.9703604143920848,A3_softmaxT1
17,5,0.0,0.02643444012456268,0,0,1.1525565863073048,0.8069215902274073,0.635512071987831,1.3230887736599277,0.26339423562619196,0.2940762159326502,0.19754682797629372,0.3813617093768397,9,1160.2339093681085,0.9668615911400904,A3_softmaxT1
17,7,0.6452846321490222,0.2786773507136517,1,1,0.9873776505333096,0.8408414729990349,0.6343826783246498,1.244548903844162,0.27457239836966196,0.28846915074296586,0.15512932602495583,0.35830536327038187,8,1086.1809689601914,0.9051508074668262,A3_softmaxT1
17,8,0.6382440076854459,0.335355216879455,1,1,0.8986130955469765,0.6693319173511938,0.5838754995685997,1.1756448485222155,0.2937659380100802,0.3345074596975977,0.18115025569599436,0.3820920808344438,7,1042.4801384469104,0.8687334487057586,A3_softmaxT1
17,9,0.38709123473997076,0.29095108428020156,1,1,1.1309560802532401,0.613141808403759,0.5010413331429597,0.8307457666944139,0.3007281033917624,0.3788721336828884,0.23997151560725383,0.39750136199496755,6,1006.185994615492,0.8384883288462432,A3_softmaxT1
17,10,0.7250681650444202,0.4700076703197116,1,1,1.2986092398605242,0.46730765609073577,0.46113644560508005,0.6856051388162122,0.31656606348686045,0.423665030040296,0.2565315357995564,0.43462382926532434,5,982.8464182789501,0.8190386818991251,A3_softmaxT1
18,5,0.47764893823305454,0.2086474610277986,1,1,1.5624494868988945,0.9177116784723618,0.5693002991561361,2.3133576627653683,0.2387907724374235,0.2789486395673827,0.09126149439360627,0.391249636968973,9,1161.9808702389773,0.9683173918658144,A3_softmaxT1
18,6,0.7725567192948124,0.26428347264892715,1,1,1.3694626734591075,0.7955207074174645,0.5582598694080828,1.573063492643346,0.2603526551438895,0.3038619002187604,0.17317502456130465,0.3799002780772686,8,1166.0878969730425,0.971739914144202,A3_softmaxT1
18,7,0.7306083369032543,0.3095227170740654,1,1,1.334114724796631,0.7878871659030525,0.5534598084217075,1.1210043016386495,0.28633309001313334,0.3136914609991338,0.2058120542296209,0.41284131669083246,7,1113.62287869651,0.928019065580425,A3_softmaxT1
18,8,0.829441012925703,0.4804339978151411,1,1,1.0137160337039184,0.6682811787875835,0.46098660101641137,1.5135155591389526,0.2898037754094947,0.31899231683726675,0.14454411567324665,0.4373915976940112,6,1043.8173295976326,0.8698477746646938,A3_softmaxT1
18,9,0.748457196641946,0.4750434496945468,1,1,1.2288281066920255,0.48062940910341145,0.4438864320290112,0.7268479413173667,0.3142021804847294,0.4233058184424804,0.24684272166579546,0.43259564658142896,5,993.369658546724,0.8278080487889367,A3_softmaxT1
19,1,0.29991509943009476,0.11571981205160045,1,1,1.8569621124703575,1.3626607272578888,0.8484394187223946,2.8058190817409128,0.19341444893811768,0.18782718395301246,0.06015694480568748,0.2802506117564246,13,1177.368860552673,0.9811407171272274,A3_softmaxT1
19,2,0.41036676288793383,0.1335823239662554,1,1,2.2055115875865283,1.4291160709160873,0.7747745172477576,2.679095898351461,0.19865889015934743,0.1703266226650128,0.06950921297500241,0.3189974923085525,12,1182.0069361688372,0.9850057801406977,A3_softmaxT1
19,3,0.5031784018691501,0.1654152361759702,1,1,1.4061678597532767,1.2737989246917754,0.8528993528192279,1.7501267505513443,0.21887470095917363,0.19817161638955133,0.13472418136327025,0.2963374537406015,11,1171.1854586819131,0.9759878822349276,A3_softmaxT1
19,4,0.6008010489186011,0.18096475749743643,1,1,1.3987833254376711,1.1929437000158365,0.7209986334841791,1.4744767670644154,0.23272000038393195,0.20944514821698257,0.15943344029732107,0.32137961375572416,10,1162.4422072427371,0.9687018393689476,A3_softmaxT1
19,6,0.516984665494739,0.19803302261772066,1,1,1.317939839613163,0.9174741840808647,0.6840457744933534,1.2632622500854722,0.25102654129604324,0.2716259093775268,0.1811020822139566,0.34149227430844015,9,1129.1794066983553,0.940982838915296,A3_softmaxT1
19,7,0.4829606822379605,0.23098558771553834,1,1,1.3319209533832423,0.8495352340336807,0.6340584362208525,1.2304405175839568,0.2644275880791146,0.2795456633436313,0.1841622687930667,0.3716373379396871,8,1105.2128261738435,0.9210106884782029,A3_softmaxT1
19,8,0.6520457296714508,0.3058772418736926,1,1,1.4048167912770282,0.790602111942719,0.5137772671195151,1.0788873072279241,0.27631202862666865,0.29933354404784257,0.20643790158080563,0.39931454802140887,7,1105.9633710260734,0.9216361425217279,A3_softmaxT1
19,9,0.7058454712109083,0.438764489715284,1,1,1.0152656431048939,0.7567914875455033,0.4816692333371171,1.0535382509565436,0.29810907534021597,0.29209311193052184,0.21282718900656442,0.4317622018081499,6,1040.978621522893,0.8674821846024109,A3_softmaxT1
19,10,0.8053509128006042,0.5070902269180899,1,1,1.5287449293218667,0.45643842306816973,0.43266968130824596,0.7578115114008812,0.30225151948922857,0.411639581241687,0.24428573581964494,0.4187345914492959,5,1017.7146857911678,0.8480955714926398,A3_softmaxT1
20,2,0.20484529033368884,0.13469693711185957,1,1,2.2037299122956586,1.3177024130650432,0.7079950642662447,2.3030520350804893,0.20565601984046192,0.19389284600472517,0.08390133826389148,0.34736950880450934,12,1182.3963181702834,0.9853302651419028,A3_softmaxT1
20,3,0.437417372402632,0.1702456960457007,1,1,1.5117662617720462,1.3262423678772495,0.6250548779586009,1.86987546033879,0.21352453895495477,0.17754267463174142,0.12128940959484778,0.3557367678205434,11,1171.1077037989653,0.9759230864991377,A3_softmaxT1
20,4,0.40510507840045307,0.17347655130531245,1,1,1.9080548986525507,0.9879506810607721,0.6661786078259458,1.9242302444080537,0.23371158391041136,0.2679787610561666,0.12993241299553882,0.3483481515334349,10,1151.6098870093601,0.9596749058411335,A3_softmaxT1
20,5,0.6979412226920441,0.24525298609492657,1,1,1.1737530490872559,0.9327658174386084,0.5877268119159946,1.5406716428243041,0.2490354281611164,0.2586968864589731,0.14160125350051936,0.38221685638698466,9,1155.3312709558336,0.9627760591298613,A3_softmaxT1
20,6,0.5973418288506347,0.2414528412998449,1,1,1.5101960334015616,0.8160477778039594,0.6066533837844608,1.217859802353724,0.26656103522887287,0.3104096925578149,0.18459729762619417,0.37720319319444556,8,1110.6088673206032,0.9255073894338359,A3_softmaxT1
20,7,0.6641429607681026,0.2930995117473737,1,1,2.0013472743959886,0.6281774398099216,0.5952221535243842,0.879154857282022,0.28580740393302306,0.344282784433985,0.2524393139852783,0.37739170216563134,7,1064.1273838631923,0.8867728198859937,A3_softmaxT1
20,9,0.01049402522814508,0.20086244131515896,0,0,1.0699290697245512,0.8130833412472649,0.2786487333146389,1.6043636776571772,0.26702780835223594,0.29380396957597754,0.13662176279354937,0.4242100151346641,4,1098.6712342468907,0.9155593618724089,A3_softmaxT1
21,4,0.7373195517765625,0.21468975900254733,1,1,1.4706092388450585,0.9683494726879014,0.64118275008367,1.9910116306779564,0.2370711374443734,0.25999208468853796,0.12468552639811761,0.3624965091237083,10,1182.8856854291128,0.9857380711909273,A3_softmaxT1
21,6,0.7703390614540416,0.28792894570660377,1,1,1.1577842168804444,1.1771556660434805,0.5802328676260852,1.2554508121974641,0.25273058302776774,0.2111359688028173,0.1907987822680303,0.37679309782552134,9,1160.145683423382,0.966788069519485,A3_softmaxT1
21,7,0.5919245528743324,0.24344070279278524,1,1,1.3331769923144452,0.6565339296769817,0.6201638630612796,1.1969945054212943,0.2710482192687811,0.35721613711551575,0.18311461914049412,0.37020568170026524,8,1111.5315886598419,0.9262763238832016,A3_softmaxT1
21,8,0.736605948806681,0.3105230310646099,1,1,1.4352731891709853,0.6134367137322273,0.5951261338186613,0.9210835560783612,0.2815705240006618,0.36141027239594387,0.24415303545474193,0.3694750619838686,7,1086.783513178456,0.9056529276487133,A3_softmaxT1
22,2,0.6610334102045712,0.1520470097697324,1,1,1.5157018652261145,1.2740747503303584,0.7168758000743722,1.9840640380348782,0.21589645290676787,0.20985532227002743,0.1148496878235385,0.3460632903313901,12,1186.7965788319966,0.9889971490266638,A3_softmaxT1
22,3,0.5358627779668119,0.16357181383068337,1,1,1.4512914158162458,0.9110705616213305,0.7254376094853019,1.7716403544507355,0.22900916688017076,0.2619966575432203,0.11650354954743916,0.3393377251794958,11,1170.1728233848844,0.9751440194874037,A3_softmaxT1
22,4,0.539063533250664,0.20650296048762723,1,1,1.2133431044673582,0.8065384978830995,0.6837694620352197,1.8894358504518842,0.2475476606805127,0.31865969119001203,0.11961755567070617,0.3465759678473464,10,1151.9087856683577,0.9599239880569648,A3_softmaxT1
22,6,0.7629161182136724,0.22571904756459987,1,1,1.3545543764733095,0.7686547939494967,0.6807519400986003,0.9149348983935249,0.25805035022592326,0.3143293705107621,0.2696543082059445,0.32994146723516093,9,1139.6061364023533,0.9496717803352944,A3_softmaxT1
22,8,0.0,0.03652558021486917,0,0,0.9984884258917089,0.5362416971639976,0.5055148875361151,1.5247056492153992,0.29974431493845405,0.3897645392923648,0.19105470828658422,0.40713466722329056,6,1122.6626862664107,0.9355522385553422,A3_softmaxT1
23,2,0.21280504282917975,0.1182490787529997,0,0,1.762847248704093,1.0202907400549297,0.8460287955465426,2.333678048100724,0.2025892148455633,0.2537225405457122,0.09209732694465164,0.2701129864860941,13,1170.1796011219203,0.9751496676016003,A3_softmaxT1
23,3,0.5519376242269316,0.13748036411331732,1,1,1.622252511052549,0.9080830818126746,0.813422880449473,2.0719102666813325,0.2134783449593465,0.2625221705535383,0.09883467165394627,0.2872240373450383,12,1183.834777484394,0.986528981236995,A3_softmaxT1
23,6,0.6044461595186683,0.21077885419379094,1,1,1.431525004548456,0.8227541203574386,0.6942451535549355,1.6492023768242603,0.24281451675584811,0.2932720681428863,0.1270432828372799,0.34522271445947467,9,1165.515859662241,0.9712632163852007,A3_softmaxT1
23,7,0.699356372279619,0.29458911943255617,1,1,0.9857348240411739,0.8713802112672511,0.607737467354972,1.4668862943552499,0.2711721876538963,0.27971646971884623,0.16498307792961187,0.3717280677783824,8,1135.128042845224,0.9459400357043533,A3_softmaxT1
23,8,0.6944299862291874,0.30643614511751055,1,1,1.1889476794459937,0.7120164677194891,0.5785156210314439,0.9842800058535832,0.2878098950169314,0.31901694040294165,0.23174763889287342,0.39017968006859527,7,1086.2606981449776,0.905217248454148,A3_softmaxT1
23,9,0.7044301046106608,0.43452141432118135,1,1,0.9054259263901862,0.6608967234933754,0.46579972441541334,1.3145081116227864,0.2939876858144037,0.30443600592214076,0.17898927823119223,0.41380316477027757,6,1004.0679660967007,0.8367233050805839,A3_softmaxT1
23,10,0.0,0.08283418272238209,0,0,0.9136267833072074,0.4458823379806396,0.38483869744453164,1.6620958047481773,0.2919792067786093,0.3891480235172248,0.12383362599874909,0.4211977191138508,5,1077.7663719631353,0.8981386433026127,A3_softmaxT1
24,2,0.4583072404486618,0.14988386584547836,1,1,1.5044836185237334,1.1752398497838468,0.7061065059501405,2.043034376350983,0.21420539659425494,0.2136873031951016,0.11783576430236661,0.329277857383388,12,1177.2203420518335,0.9810169517098613,A3_softmaxT1
24,3,0.5924413705181314,0.16446623277014422,1,1,1.5594840445059546,0.8526125510127315,0.718503744757059,1.8019164768891525,0.22966247793833477,0.2906684539473266,0.12724480945561725,0.3251075390054183,11,1177.1558203394484,0.9809631836162069,A3_softmaxT1
24,4,0.6716499490789067,0.1833485278363835,1,1,1.4755698908764399,0.754180930276249,0.7235053979510713,1.398490408548842,0.23982044812285142,0.3126559417891669,0.15931242306213073,0.3248244496032925,10,1164.0909851399388,0.9700758209499489,A3_softmaxT1
24,5,0.7430521281797755,0.22622992798520022,1,1,1.3227939447516366,0.7391627186826244,0.7057305828808086,0.8867892639860571,0.259220882389711,0.307928393805691,0.2572774523870719,0.34034335115912573,9,1140.192809412455,0.9501606745103792,A3_softmaxT1
24,6,0.0,0.0004884676837093216,0,0,1.5639980830760079,0.7265880168729741,0.6947274953960532,0.7669369716973383,0.2822680496519476,0.32346842576423973,0.3020343723813513,0.33983667037802184,8,1187.3812944107453,0.9894844120089544,A3_softmaxT1
24,8,0.6592096401929433,0.4399798232520278,1,1,1.2972579944645504,0.45997645120588265,0.45200362694531054,0.6426014573521736,0.3150745890872343,0.4258088357730525,0.25955109206422183,0.43211548417042295,5,967.4590558171842,0.8062158798476535,A3_softmaxT1
24,9,0.0,0.003925885139221907,0,0,1.2263888721996803,0.3824529843874599,0.37633980579995674,1.2325020507871836,0.3236974477038982,0.42088966260645105,0.31660021825665435,0.42798689205369495,4,1117.478777031869,0.9312323141932242,A3_softmaxT1
25,4,0.624448594754942,0.1608454731337663,1,1,1.8269065392410015,0.9562509526997885,0.6860291451908882,2.105725414037708,0.22120811082573172,0.2604618055208937,0.11054093065241001,0.3300175572192857,11,1181.3131997883295,0.9844276664902746,A3_softmaxT1
25,5,0.5752016939402389,0.1870060749373726,1,1,1.577476869399848,0.7937317270502566,0.732365440319189,1.6884517312757665,0.24382058973200219,0.29658997997342906,0.16674016002888836,0.3427861428861533,10,1166.3094202160983,0.9719245168467485,A3_softmaxT1
25,6,0.7664836284138218,0.22417811687216943,1,1,1.3449224448817818,0.7897172772990201,0.6745224862801049,1.0457201120138562,0.2598469601985605,0.31640529718809157,0.2281736784928027,0.3600474510618897,9,1152.4517533316268,0.960376461109689,A3_softmaxT1
25,8,0.7171889052797479,0.3789592708573119,1,1,1.4806195582096333,0.5878454143676033,0.5092930085451158,0.8936365247228509,0.2993571601701635,0.3787627301222258,0.2267979377704084,0.4187036662329646,6,1041.382387165708,0.8678186559714234,A3_softmaxT1
25,9,0.7331401177437658,0.45989721296171326,1,1,1.1894220939967821,0.646293545641389,0.3970298913062788,0.6907954246743752,0.30807885465830054,0.3592283368906163,0.2608820492308834,0.43517095231368563,5,964.3679532319721,0.8036399610266435,A3_softmaxT1
27,1,0.4101926755299539,0.1359636944106662,1,1,1.7577476543668584,0.8096514314450186,0.7681003248210426,2.2787370110699867,0.20349028640779493,0.266408397666774,0.09769786937296138,0.30706152287108773,13,1181.8375126292137,0.9848645938576781,A3_softmaxT1
27,2,0.6410915330148181,0.16915233192069293,1,1,1.5832321068157447,0.9731627874157023,0.7538232161140561,1.7966055923232036,0.21989663924296862,0.26314437480123565,0.12499133366556016,0.32820777690254754,12,1175.0079818703114,0.9791733182252594,A3_softmaxT1
27,3,0.5964745282421839,0.15488264496508888,1,1,1.6796946028067914,0.8099979628184969,0.7653611966127314,1.6662152957673801,0.23205672500914842,0.3026020869049579,0.15342854233960412,0.3103316705214184,11,1164.0795496567919,0.9700662913806599,A3_softmaxT1
27,4,0.7156511526271914,0.18173696573818152,1,1,1.4906316878677615,0.7738562329193259,0.7591849461807654,1.0944568968550912,0.2480989232281324,0.30806669852362756,0.22354599592462357,0.3208780626453362,10,1163.2051536144352,0.9693376280120293,A3_softmaxT1
27,6,0.5874301458174809,0.22639281938386466,1,1,1.065273693953804,0.7368001861342314,0.690161685326902,1.1227270123306683,0.26823399351908206,0.3327115162792704,0.1505510237389926,0.3486370103108517,9,1069.6978535128449,0.8914148779273707,A3_softmaxT1
28,4,0.9009299115987911,0.17820134870719062,1,1,1.3656260348586153,0.9677934913240716,0.6348434787312016,1.9495052883498116,0.2377906279563294,0.23786855197928716,0.12541945778525582,0.3747411338916451,10,1179.4924003763128,0.9829103336469274,A3_softmaxT1
28,6,0.17726059581635983,0.1680464239283952,1,1,1.1734008019165094,0.9561812113682813,0.6196871458679202,1.7552155255216304,0.2579929740354794,0.2646710690545629,0.13575377816030096,0.3713106967358218,9,1167.9295123384345,0.9732745936153621,A3_softmaxT1
28,7,0.36511018633422593,0.20893810798104387,1,1,0.9918878285474944,0.7580353664079589,0.6079295668321859,1.1907737286458615,0.27325025910711204,0.30924610572213795,0.2109978166749456,0.36874292452301616,8,1150.9716674640376,0.9591430562200314,A3_softmaxT1
28,8,0.5513380081224749,0.2622779352207697,1,1,0.8537720264573698,0.6093678295682855,0.6030712771206601,0.9755978307965835,0.3043718463135341,0.37013701227405993,0.26333612440281917,0.376437757168257,7,1142.6228716096653,0.9521857263413878,A3_softmaxT1
28,9,0.7962767049208923,0.3520464405122711,1,1,0.7050857457191883,0.5960505186230144,0.5767228628646095,0.8402405034895745,0.336881206892558,0.3784610269554002,0.30413844707489407,0.40007582278550646,6,1070.0829787976597,0.8917358156647165,A3_softmaxT1
28,10,0.715445842795822,0.3848258121429899,1,1,0.6074765737645792,0.5492149444971562,0.5327980501022359,0.5810339099442401,0.3646686495371533,0.408420050586276,0.38785964000607387,0.40947966662289326,5,1034.1693486542692,0.8618077905452244,A3_softmaxT1
29,2,0.871214832000386,0.09655494548304548,1,1,1.8051194176690406,0.9329031860986506,0.847274441485375,2.693733141519292,0.19278923403377982,0.27190002575855976,0.07903871692559447,0.29688425488681114,15,1187.4290716762032,0.989524226396836,A3_softmaxT1
29,3,0.9130144405077455,0.11775878321595028,1,1,1.61530499732909,0.9064012871447655,0.8332721153099945,2.433688370455587,0.2035010237933713,0.2542827074851216,0.09047741953860697,0.3015337971265916,14,1187.8550211133681,0.9898791842611401,A3_softmaxT1
29,4,0.6501670566518767,0.11329486857687625,1,1,1.4754299421149857,0.8786946143661565,0.823257570692967,2.185665750964195,0.21505181876547916,0.26827452587033274,0.09626781827479602,0.29976784862875877,13,1181.6336775762752,0.9846947313135627,A3_softmaxT1
29,5,0.6133360510554793,0.13229463075818254,1,1,1.2670628585193542,0.873178547658507,0.8107751496237829,1.5965633263019106,0.23274598914666136,0.291201434637109,0.1496022379721371,0.3033171043872627,12,1173.1515697042873,0.9776263080869061,A3_softmaxT1
29,6,0.8012104400442748,0.1475329750006202,1,1,1.1418075325869774,0.8358064111275759,0.800916977795363,1.177078501143357,0.2418633373902032,0.28916785340355666,0.2052459794562119,0.2961768276731177,11,1174.6949759342087,0.9789124799451739,A3_softmaxT1
29,8,0.6794605677667465,0.21612184163766615,1,1,0.9150702264963448,0.7176377329707354,0.6715734257494371,0.8806507220790447,0.28879840588172173,0.3318738610700985,0.28747915483105757,0.34725630525947954,8,1151.6095091116358,0.9596745909263632,A3_softmaxT1
29,9,0.7534264261229684,0.2638418246040479,1,1,0.762684943300572,0.6788089925749966,0.6594701139092491,0.7038170877921797,0.31403764370683723,0.3426454831330071,0.32907146302514306,0.34792693681893666,7,1098.0548578813862,0.9150457149011552,A3_softmaxT1
30,2,0.9657469908088787,0.10850141688369838,1,1,1.631592110521571,0.9634015682737879,0.9208863215656371,2.3036154421217647,0.19987288439642772,0.25878014118523673,0.09766581204907562,0.2714189398358957,15,1188.5988474482583,0.9904990395402152,A3_softmaxT1
30,3,0.42319771075879287,0.09952306399262938,1,1,1.451347014415265,0.9584922511336975,0.8934910337327826,1.6258988523391644,0.21018733227855674,0.2596347468588416,0.1386852321390483,0.2686583813154886,14,1181.5383285833345,0.9846152738194455,A3_softmaxT1
30,5,0.22698061895459198,0.13501247139342154,1,1,1.25381453261076,0.8311602405250816,0.8040624807583939,1.338692347418871,0.2407392233385794,0.28602479450067125,0.2030784806496772,0.3121796378446937,11,1174.7020537881199,0.9789183781567665,A3_softmaxT1
30,6,0.820855450988041,0.1691414722661149,1,1,1.056980893932551,0.8087666730733946,0.7955681963755352,0.8400998798484691,0.2584166795276847,0.2973349455582698,0.2857471678066965,0.3053664353937336,10,1169.4830144115776,0.9745691786763147,A3_softmaxT1
30,7,0.7968108482029365,0.19204917597324514,1,1,0.908456598829367,0.8163936101484361,0.7841166071351692,0.8339338941916774,0.28256458092629866,0.3074985940700159,0.2864037222645357,0.3146945791732163,9,1142.3572851487493,0.9519644042906243,A3_softmaxT1
31,1,0.8797382575994652,0.09114458669026873,1,1,1.7700857456493744,0.9800649605016323,0.9378999017784019,2.6172679756700625,0.18763474010815429,0.25377580691992796,0.08055660015293978,0.2643422869756714,16,1186.2022255565898,0.9885018546304916,A3_softmaxT1
31,2,0.13785346255287806,0.09650581210993181,0,0,1.5845522345330745,0.9258717134920681,0.9045345811538097,2.1023600684677395,0.19940790907727968,0.25970397843147824,0.10566912372592754,0.2640986756806099,15,1185.213226330627,0.987677688608856,A3_softmaxT1
31,3,0.8652156288401396,0.1075770561838454,1,1,1.4933846885691255,0.9460731874730358,0.9099680375690529,1.6428558331029566,0.21070636167883589,0.25959441382642295,0.15374126875555771,0.2744466297054275,14,1187.5802241142471,0.9896501867618727,A3_softmaxT1
31,4,0.8966417007567342,0.12127428504861704,1,1,1.2789753771166976,0.9348704598108165,0.9130354520419881,1.0029547759743693,0.22822507780400564,0.2621659482292877,0.2592684080433036,0.27843605531078813,13,1179.8275746811278,0.9831896455676065,A3_softmaxT1
31,6,0.7590309498112138,0.16316458993409663,1,1,1.0392235326247938,0.8202598815316429,0.7926087774004996,0.8386805663671544,0.259491648043018,0.29207686059954807,0.2866267196350286,0.3047322013601537,10,1160.6095073201998,0.9671745894334998,A3_softmaxT1
31,7,0.6871651103835306,0.18070667629041826,1,1,0.8801291713560858,0.8014624969972833,0.7828249083507118,0.804508717059358,0.2781617297534509,0.29517958243024617,0.2930306213638247,0.3079696756842156,9,1146.4131800522653,0.955344316710221,A3_softmaxT1
32,1,0.657492447788967,0.10907759806292106,1,1,1.7813494275611448,1.52444027815854,0.7689228509566517,2.7508927438147417,0.19298541373020736,0.16286530111420572,0.06786379490113126,0.3230105265985247,14,1190.7838194052556,0.9923198495043797,A3_softmaxT1
32,2,0.059235862080700065,0.11025629972948665,1,0,1.5833511161532836,1.3946523596772578,0.7274752854392805,2.484879989431222,0.20218448368931263,0.15884315983754035,0.08126728592725677,0.32826428078946857,13,1175.586165422444,0.9796551378520367,A3_softmaxT1
32,3,0.8328377384245337,0.13346664593093435,1,1,1.4406523293534985,1.1228470286880488,0.7344767783768036,2.0128662374424025,0.21656887434506245,0.2285733163150993,0.11009482457485731,0.3284029260232792,12,1177.9245821608285,0.9816038184673571,A3_softmaxT1
32,4,0.14130623199437287,0.1346896576896542,1,1,1.299479788943384,0.8389094057237249,0.7239509190636495,1.7148879422069148,0.23442864389541473,0.29048991048079637,0.13784436913556225,0.3365715934985117,11,1167.2277762171086,0.9726898135142572,A3_softmaxT1
32,5,0.7375963193321682,0.16109149148820265,1,1,1.1519499531077781,0.7606556084863765,0.71481147855071,1.478058481892083,0.2533422590706178,0.3218509162790945,0.16731057110266856,0.3368070936335368,10,1171.861301395577,0.9765510844963141,A3_softmaxT1
32,6,0.5177951944846111,0.182505235230297,1,1,1.012385667136987,0.7328207332512814,0.7051730906516362,1.3682331129353025,0.2728847698439712,0.3176063529400582,0.17318754953723509,0.33617105453282337,9,1146.7966649886444,0.955663887490537,A3_softmaxT1
32,7,0.35358225244370645,0.19716512583343082,1,1,0.8664821335294333,0.6838636615439395,0.6580584932530527,0.9024713582147109,0.28850841696516205,0.33628113639877893,0.2713079185328944,0.34784591259715836,8,1128.5064756845272,0.9404220630704394,A3_softmaxT1
32,8,0.6804277201097096,0.25632510595256414,1,1,0.7752431680377408,0.666555471775545,0.6531272443307925,0.7075443015508636,0.31095883868085367,0.3340802208361024,0.3277566020899362,0.3533119413954906,7,1114.5972804448893,0.9288310670374077,A3_softmaxT1
32,9,0.5565488804793884,0.2775281197484338,1,1,0.6510667370158001,0.6391136303108617,0.6185845923794977,0.6656149942892963,0.3421536025328992,0.3582956468824583,0.3479959689543115,0.37459535925383614,6,974.6982431301004,0.8122485359417504,A3_softmaxT1
33,4,0.473293298061827,0.18197940166092894,1,1,1.2594064851763311,0.6714504154768565,0.6510236518830995,1.5763473989696635,0.25532415172292233,0.3334736094064708,0.1594806408999799,0.3560857008149937,9,1175.3499135308348,0.9794582612756957,A3_softmaxT1
33,5,0.8579909551916747,0.22633130785655983,1,1,1.0472301719198178,0.6555125416109162,0.6388255271052887,1.092641390356608,0.2774258129460285,0.3455432356499879,0.23290914791877715,0.3511026054852785,8,1172.1268167330275,0.9767723472775228,A3_softmaxT1
33,6,0.6520932679234599,0.24625986150300563,1,1,0.8215935936974679,0.6500348808474562,0.6213535058306192,0.82426989162586,0.3078654992509743,0.3547102330877001,0.294180735768674,0.36130838536321885,7,1133.615995460741,0.9446799962172842,A3_softmaxT1
33,7,0.6664220010466344,0.29991158644902227,1,1,0.6685190619900712,0.62141769359002,0.609175671327733,0.6344694304512017,0.3405151602148951,0.37263454677185714,0.3701653403071256,0.3741702289682147,6,1058.8482518628298,0.8823735432190248,A3_softmaxT1
34,3,0.8284869199697641,0.12818121386619868,1,1,1.4973893242703806,1.2325990658380899,0.6897975201839884,2.156183267904307,0.21399740350680022,0.21702560738335855,0.09818185254379891,0.3348028111628865,12,1182.337854749367,0.9852815456244725,A3_softmaxT1
34,4,0.06731593498763662,0.13234514722751797,0,0,1.4083975583305162,1.1854056547402887,0.6880209978772596,1.8948530222561164,0.22764461390654087,0.21250430154792727,0.13023236820160145,0.34200741571005194,11,1182.90154858317,0.9857512904859751,A3_softmaxT1
34,6,0.7276460505814002,0.17067877701416367,1,1,1.1737176293300302,0.9176831855724397,0.6671350254094885,1.3930157927035443,0.24208258439288427,0.26484754061254073,0.17184432268134078,0.3352024589011537,10,1174.714302226162,0.9789285851884684,A3_softmaxT1
34,7,0.5126207335591662,0.18488402290585498,1,1,1.0158362145489148,0.6969967597102872,0.6904534467355764,1.1422789491433902,0.2704673383653472,0.33893683363239985,0.19730712801770264,0.35603068043779384,9,1159.1915462165514,0.9659929551804595,A3_softmaxT1
34,8,0.47237365615029686,0.20299968605417057,1,1,0.8867594454430552,0.664342722702815,0.6591384504754244,1.1402074969181093,0.2884905599171212,0.34008551531928055,0.22662727343074823,0.35301926081191914,8,1123.6610226947848,0.9363841855789874,A3_softmaxT1
34,9,0.7737865128979864,0.2776598744666157,1,1,0.7867189637279728,0.6515756646546068,0.6445337667761353,0.8964538995735174,0.3138160981180095,0.35685390721491844,0.2796954719905145,0.37379288137518624,7,1083.9143348154314,0.9032619456795262,A3_softmaxT1
34,10,0.6967656218813905,0.29822652623388407,1,1,0.6854082826865778,0.6075309652777456,0.6010940721973295,0.6148898081767036,0.33305675061783385,0.36513495031286014,0.3578470654871453,0.3736306661571362,6,1088.4032180681213,0.9070026817234345,A3_softmaxT1
1,2,0.8759723483585143,0.48986531846110054,1,1,1.086127538825761,0.9441944219555862,0.44848600440670777,1.6479335340448125,0.279301806023615,0.2558624345767863,0.13143843584547152,0.44304147445037084,6,1123.5475886169786,0.9362896571808155,A3_softmaxT2
1,3,0.8740627927651667,0.5661126327307544,1,1,1.5665737140668836,0.5709284212733781,0.39375892528975126,0.677596556622327,0.3060785308394302,0.380878692266892,0.2715865144073689,0.4330178933941199,5,1026.9191923917306,0.8557659936597755,A3_softmaxT2
1,4,0.7119838600466091,0.45365466683713507,1,1,1.0158137505310656,0.8744875251515098,0.27964193068415444,1.610659344998421,0.26784354113132536,0.2846881796717639,0.12422429375152844,0.42830742705156083,4,1123.5002686826738,0.9362502239022281,A3_softmaxT2
2,1,0.8130235683472515,0.22128441969933219,1,1,1.468635332941148,0.9454549173936241,0.7059160502582922,2.3514170731037574,0.22753876326761016,0.25187820023431207,0.0758840527263952,0.3465563871818165,10,1160.1868761028422,0.9668223967523685,A3_softmaxT2
2,2,0.8004395267367723,0.2376488263949929,1,1,1.2837361852269686,0.9136860157859078,0.6996472822845214,1.683471620878929,0.2479510029122863,0.2689681500821602,0.12319879835769917,0.35867174426663495,9,1158.1413162755673,0.9651177635629727,A3_softmaxT2
2,3,0.8111788609614108,0.3289443739608573,1,1,1.0043160346771507,0.9936694596303026,0.6312741718609971,1.3064391839766023,0.27423842963082323,0.24760263715126418,0.17915284156662792,0.3920599398054968,8,1132.4584548883604,0.9437153790736337,A3_softmaxT2
2,4,0.6752440677149505,0.32719252343047617,1,1,0.9317359991610078,0.7437446224569505,0.6662684556301451,0.8878822312383154,0.29792885231734856,0.3360026601415519,0.23325156528228647,0.35721591050194745,7,1043.0755160497854,0.8692295967081545,A3_softmaxT2
2,5,0.7419797961664372,0.4087756895750943,1,1,1.1556487611039479,0.5948397227896307,0.5384510777359484,0.8300527806290585,0.29936105553593345,0.369403525523024,0.2390348189729062,0.4070492642825956,6,1043.2838624105316,0.869403218675443,A3_softmaxT2
2,6,0.8040124717976074,0.5484963106941108,1,1,0.7900645350383726,0.5737672994924738,0.4410512563409611,1.1848747060316087,0.3164479673797167,0.2987816286749668,0.21688027058060524,0.4431396284025691,5,984.0760972550312,0.8200634143791926,A3_softmaxT2
2,7,0.8317499748338819,0.5301855632301602,1,1,0.6853592311060756,0.6334192362909554,0.42990931578314673,0.8888691516138842,0.3257996437276139,0.33810734445363777,0.2891072645200267,0.37479972366122494,4,949.6600850287471,0.7913834041906226,A3_softmaxT2
3,1,0.639790667321708,0.165660196413725,1,1,1.5024554399600412,0.9660523240858521,0.7292943226605033,1.902014703596827,0.22505298778026595,0.2687948559726458,0.11861058992429097,0.3426628859690565,11,1173.5925092547366,0.9779937577122805,A3_softmaxT2
3,2,0.5997235871525386,0.18795606206521712,1,1,1.3974081888605694,0.9603451154023186,0.6687438193729179,1.5780271059281443,0.23933381056616213,0.2620857742199022,0.14043111415510792,0.3548542758149656,10,1166.8586802286081,0.9723822335238401,A3_softmaxT2
3,3,0.7689862404553742,0.25745914590285424,1,1,1.4352567148696267,0.7572011861888159,0.6304671020624196,1.7699389525850142,0.24684501486345656,0.30537243053429247,0.08741784487452496,0.35384802618239053,9,1141.6612978592304,0.951384414882692,A3_softmaxT2
3,4,0.75638778844261,0.3131075136426528,1,1,1.0188579699462705,0.7646797303121796,0.6410300596698871,1.3137563409030966,0.2729766258182067,0.31426124312487225,0.18081657215225905,0.3604932528038392,8,1125.3636224904594,0.9378030187420495,A3_softmaxT2
3,7,0.8566432256059703,0.5576582236589914,1,1,0.6513424022227235,0.5842917688180395,0.5214750878610838,0.6481624140819788,0.35168869049890217,0.3659120774007962,0.2996136953168731,0.4156782230992448,5,991.5144732676683,0.8262620610563903,A3_softmaxT2
3,8,0.8112519653277943,0.6094861087339969,1,1,0.8372034966389899,0.4637327536864112,0.3910417538206786,0.9098944965047224,0.33676143467749525,0.38456312383207,0.2661882342679307,0.4551363242416345,4,978.6295509842223,0.8155246258201853,A3_softmaxT2
4,2,0.4969532213149301,0.16527834526654808,1,1,1.4192321640611487,1.2204597515770677,0.7241377547735055,2.0725304265335844,0.22151025098624685,0.19701867448280438,0.113009616436995,0.3237174528369514,11,1174.1179633123481,0.9784316360936235,A3_softmaxT2
4,3,0.6259984935970637,0.23577503598769692,1,1,1.515500881520158,1.170081533717052,0.8492387766617722,1.8906328125523166,0.21903373413189864,0.21197951423660494,0.10188831448355651,0.28398872638969946,10,1145.8856130636132,0.954904677553011,A3_softmaxT2
4,4,0.75655697465051,0.23165782235829535,1,1,1.3030928287550787,0.825742612282433,0.7395806882359729,1.3177485833742801,0.24904375870615147,0.29254959088126437,0.1812105482246474,0.32864507753021177,9,1165.5771207341215,0.9713142672784346,A3_softmaxT2
4,5,0.572573722466114,0.2669812734941123,1,1,1.002757567252615,0.7636083788354644,0.6652149416601887,1.1511745922721266,0.27834640244742237,0.31657110511772824,0.19945440330344294,0.3458472641255266,8,1094.773423377757,0.9123111861481308,A3_softmaxT2
4,6,0.7585116365869634,0.3811929129971053,1,1,0.7877518866493955,0.6517499621117185,0.6213454177280331,0.9874998767317121,0.3100819521454783,0.35810861900521096,0.2675440748719212,0.3693782707756179,7,1080.3042887111915,0.9002535739259929,A3_softmaxT2
4,7,0.6215491992255512,0.4137240348206543,1,1,0.8991758596299494,0.7506989640925568,0.6400348236884673,1.271886713734943,0.3035663133389553,0.2935095376564074,0.18213088693609586,0.3890213125747192,6,999.147178635935,0.8326226488632792,A3_softmaxT2
4,8,0.760356645606413,0.504604531670881,1,1,0.8037808016782847,0.6016756532229044,0.46604036866877924,0.627995195187938,0.3344684817532433,0.3640616453862029,0.2846254527593134,0.4314294974246354,5,968.5172950818433,0.807097745901536,A3_softmaxT2
4,9,0.8966245553963578,0.6071427140147059,1,1,0.592784350129474,0.6279125201960152,0.40585228988993793,0.8148445804355512,0.34781448285337935,0.3229266558435543,0.30059142194166966,0.37014971675526404,4,1009.2966596107118,0.8410805496755932,A3_softmaxT2
5,1,0.5864832177086292,0.1555283798945956,1,1,1.752947126256374,1.0950813309670973,0.7911735040907377,2.066525375864679,0.2091581001565932,0.20723752041013907,0.11107063467070631,0.3087061377754151,12,1171.2334445481733,0.9760278704568112,A3_softmaxT2
5,2,0.3847514247761308,0.1700291454020476,1,1,1.4589689593786057,1.0273892268575047,0.6603158614230544,1.9025016924843396,0.22176153442302138,0.25179932607848543,0.09500391947538706,0.34654425298280334,11,1162.6219271997415,0.9688516059997846,A3_softmaxT2
5,3,0.7260834213204234,0.23924062815967292,1,1,1.3408634632238663,1.0894460574516223,0.6774103857570292,1.6270063466801523,0.2393054011339441,0.23496610180543664,0.1497815791826685,0.35022985959513186,10,1154.4909670919021,0.9620758059099185,A3_softmaxT2
5,4,0.5849647683775161,0.20638573455512796,1,1,2.83320969520502,0.7812205955296431,0.6866256593003406,1.046692624896381,0.25947809878084793,0.29924451088790804,0.22791071363121548,0.33369624463671893,9,1118.6953592910515,0.932246132742543,A3_softmaxT2
5,5,0.7122548268118947,0.2870719171952513,1,1,1.3061360769303385,0.8337861681597227,0.581609755571807,1.4029550839632747,0.26362329714361266,0.2982956870550936,0.14912844484798793,0.3793323703158881,8,1063.8121181162774,0.8865100984302311,A3_softmaxT2
5,6,0.8418783763369945,0.3628642661675626,1,1,1.2742733027023128,0.670772711733704,0.6060947878206565,1.2437532823614126,0.2801389570341038,0.3469723595580558,0.20437351638853363,0.3714155736402034,7,1148.5553491721491,0.9571294576434576,A3_softmaxT2
5,7,0.7432937285148766,0.3987554832446856,1,1,1.0492725130100216,0.5883552969437646,0.535165543087865,0.7722787460994986,0.311009185783914,0.3675811170345181,0.25246542497037344,0.40657016782325694,6,1013.7154732670575,0.8447628943892146,A3_softmaxT2
5,8,0.7476541608088445,0.5017342724424885,1,1,0.891472648422495,0.5747764151895152,0.404981611823984,1.1907238279430115,0.3104468155994676,0.292987093013902,0.20744451956482962,0.43243022818134436,5,936.4538857893008,0.7803782381577506,A3_softmaxT2
5,9,0.8691557062028402,0.5510951607918813,1,1,0.7279977262431787,0.7578039119504552,0.37860276242775553,1.1071988757658782,0.3174609148769358,0.29524568133467677,0.23876990738077175,0.3739366888308408,4,943.0524193272411,0.7858770161060342,A3_softmaxT2
6,3,0.6259939769159713,0.20325237408601904,1,1,1.5673740528266076,1.1245205951449802,0.6955561206499705,2.619418570285239,0.2156489482864315,0.21337949338909057,0.07405840920703335,0.34021173920015,10,1172.6977707190126,0.9772481422658439,A3_softmaxT2
6,4,0.6230762703468272,0.24747811649181442,1,1,1.104603873667929,1.145034240301372,0.6961541890034244,1.3318044605771022,0.24569827965641602,0.2119687082372324,0.16900103278494952,0.35190521540645836,9,1157.6171456501763,0.9646809547084803,A3_softmaxT2
6,5,0.6775179203423787,0.29133026729098543,1,1,1.1034631897988993,0.9632690789739695,0.6102212464524828,1.2376864718825855,0.267910985994985,0.256323243118889,0.19343334422325922,0.3758760421827709,8,1132.9533630448457,0.9441278025373714,A3_softmaxT2
6,6,0.6503550215864126,0.3301947876917038,1,1,1.164370100883218,0.9428767177158786,0.5636422221671733,1.1190004790291308,0.2756900943507745,0.2527789855055213,0.19313698941023494,0.3937673799661847,7,1079.4352515628304,0.8995293763023587,A3_softmaxT2
6,7,0.7250012369805473,0.4008039192765104,1,1,0.8770332717418802,0.6886013411942562,0.641669658024283,0.8932698232117119,0.30759884447400304,0.35034485903887247,0.22499242187554547,0.36157738423344693,6,1057.3050139691238,0.8810875116409366,A3_softmaxT2
6,8,0.7524074134512884,0.48595889697536776,1,1,0.8424445720512992,0.6135875990949341,0.45761740300947795,0.7760623740845339,0.31524083379766665,0.347978128701796,0.22824909733717108,0.43553444030064176,5,1013.6569175274057,0.8447140979395047,A3_softmaxT2
6,9,0.7577965833565806,0.5208509801384341,1,1,0.5645049897315487,0.4625770025184349,0.3902759343195244,0.6368060579304592,0.3814695243723797,0.3997615495770489,0.3540994303158307,0.4271316436335979,4,876.8625539073415,0.7307187949227846,A3_softmaxT2
7,4,0.7048149791298135,0.23855295780012542,1,1,1.212870337607251,1.3364628760367703,0.6991778684948007,1.6308382704672089,0.24248230869226964,0.19253138981980814,0.14349861639518252,0.32553326240803027,9,1160.1864051704374,0.9668220043086978,A3_softmaxT2
7,5,0.6636590551739996,0.29979752598524,1,1,1.0886992425960922,0.9537731332110044,0.7554636281242122,1.394359429420974,0.2653637076958041,0.2581957017543878,0.18275865387526108,0.3313761195810033,8,1139.3120604774085,0.9494267170645071,A3_softmaxT2
7,6,0.8015347763633526,0.36966898351384747,1,1,0.9994339068233552,0.665822969460071,0.5886739121632037,1.0574029703829528,0.28706896121493186,0.3344053194110619,0.19828863949270667,0.38896487524873147,7,1110.7029597150288,0.925585799762524,A3_softmaxT2
7,7,0.6766717484080271,0.3666030486797915,1,1,1.1204311856474547,0.6440963236848054,0.5384431771200026,0.9032683045234102,0.2980233447875323,0.3535798947931359,0.2153175931392333,0.3997623651468727,6,1049.8019850761955,0.8748349875634962,A3_softmaxT2
7,8,0.808595277869727,0.5419406802463379,1,1,0.8152404269619474,0.635762376913602,0.40801266794237945,0.7974105038003864,0.329474011268898,0.31413456260750006,0.2816150032525983,0.45584858298983083,5,985.6662005822932,0.8213885004852444,A3_softmaxT2
7,9,0.7674706801735813,0.590865754101645,1,1,1.1115907131990574,0.4197446291749566,0.3687052369604024,1.1626301054136114,0.32114404137980923,0.38010554119207274,0.2667474557556655,0.43450212681621647,4,926.4599555934042,0.7720499629945035,A3_softmaxT2
8,2,0.5392825205133351,0.13118495207509,1,1,1.5700413413758565,1.095865825875033,0.8632644184068936,2.335614573272914,0.2081261100858405,0.21985542942802788,0.08403823207372091,0.28817350207991616,13,1184.123906252852,0.9867699218773768,A3_softmaxT2
8,3,0.6905750804041049,0.15935639133470153,1,1,1.228374242360728,1.0904347887280288,0.8088568335873342,1.3270630340060148,0.23052510756923683,0.24563857611425202,0.17103608436522588,0.2992253584285113,12,1171.0934728072286,0.9759112273393572,A3_softmaxT2
8,5,0.5541722698179005,0.21590662195961244,1,1,1.5478532960180413,0.9453239642475925,0.672413485414406,1.535838166158631,0.2449457810183836,0.26820370637605606,0.17521958868258727,0.3655743729887771,9,1160.4111021192311,0.9670092517660259,A3_softmaxT2
8,6,0.6881313236340503,0.304424138505037,1,1,1.0785733473488932,0.7805245107400719,0.6636188017633761,1.103038020804552,0.2760994952926601,0.32167948690503845,0.2068576975885977,0.34582178556784626,8,1109.2076539031084,0.9243397115859237,A3_softmaxT2
8,7,0.7547379099749063,0.3487400569981002,1,1,0.8863960204408646,0.6806184758166771,0.602945396652167,0.8876918387835359,0.30291676770746573,0.3539423699565741,0.26131900239664246,0.3740703046059607,7,1059.1216691035547,0.882601390919629,A3_softmaxT2
8,8,0.7630083202156472,0.4413369949294101,1,1,1.1190239771308332,0.7164882585149133,0.498072988579369,1.2503662163718743,0.298330763620309,0.30074026045905666,0.20475023050545305,0.4371666380511402,6,1024.2184865971196,0.8535154054975997,A3_softmaxT2
8,9,0.8020227025187441,0.5103528047324777,1,1,0.700101896338455,0.6000207881517515,0.491864532978151,0.678965485811605,0.34347395334255887,0.3610576669492813,0.2867668477355493,0.41878502547035323,5,971.6659764711256,0.8097216470592714,A3_softmaxT2
8,10,0.8213361656588019,0.6283351826664921,1,1,1.0752641870068198,0.4187330466546625,0.36623462426839243,1.12776260939309,0.31874347120274366,0.382101941636827,0.2607621391004035,0.4400832737391671,4,977.4886925628681,0.8145739104690567,A3_softmaxT2
9,2,0.6156295751242595,0.12516737655641832,1,1,1.6643672112633436,0.9731899653888672,0.850002103388135,2.453582331930135,0.2005680182565752,0.2450472471435087,0.08623830797140064,0.28024195223800785,14,1180.2499593083692,0.9835416327569743,A3_softmaxT2
9,4,0.7938893920175744,0.18524893695568867,1,1,1.4149592562129951,1.0084115185081859,0.7322333714666598,2.184700574409711,0.2286839768454861,0.257385728147721,0.0959814584170667,0.3278096849584937,11,1166.1424988601573,0.9717854157167978,A3_softmaxT2
9,5,0.7127212599434388,0.20321263218085217,1,1,1.2556832363390857,0.8551275359941894,0.7174235722677639,1.5223599019503207,0.2509194927164223,0.29550697736437137,0.14536085986398717,0.3455601875956893,10,1140.3213440764373,0.9502677867303644,A3_softmaxT2
9,8,0.8145691835518025,0.5163414155882053,1,1,1.7830568196787684,0.6102241475722123,0.39937096964499996,0.7585893204485102,0.3027273412974853,0.3786078353714705,0.2317141279384566,0.4423617318052592,5,1032.1821403404583,0.8601517836170486,A3_softmaxT2
9,9,0.781967252245125,0.5669120846091266,1,1,1.5353029385460637,0.5204838896075932,0.30489423002326843,1.7508925981303882,0.28779111453126804,0.3387480233434924,0.17380199375200525,0.4527371441227551,4,1003.9543096069916,0.8366285913391597,A3_softmaxT2
10,2,0.20486047647388525,0.1594621582410256,1,1,1.6395928487678546,1.1074987303576733,0.7245197418401514,2.294469903380872,0.21606711805348275,0.21420012819150547,0.0983202792197142,0.3260784411386358,11,1182.239964121217,0.9851999701010142,A3_softmaxT2
10,3,0.7412923954883681,0.18364439872591695,1,1,1.4623541083148646,1.0068658468561558,0.6918916051459798,1.6787153263976677,0.23875219831248554,0.23700157086544316,0.16184289552860204,0.3529136820685847,10,1173.6222250607202,0.9780185208839335,A3_softmaxT2
10,4,0.5652449884115662,0.22767315860260814,1,1,1.1879493580731526,1.0763824168196459,0.7394247305031852,1.3629121292004307,0.24596927428755347,0.23670288302256207,0.1933670441353763,0.3396430878780966,9,1143.1354003205204,0.9526128336004337,A3_softmaxT2
10,5,0.6872684925983658,0.27449207066014614,1,1,1.195208661046638,0.9052861323692429,0.694821885905779,1.2440502489458167,0.26139427475286847,0.27714345835893744,0.18486790906517922,0.3414154944245636,8,1122.664794595464,0.93555399549622,A3_softmaxT2
10,6,0.7004745436346338,0.33222539102615173,1,1,1.1724221107742483,0.6961952223661836,0.6388736906651543,1.0154310566085192,0.28281787127252617,0.3228489129112619,0.20988165901029493,0.3752776346798281,7,1084.3005004140743,0.903583750345062,A3_softmaxT2
10,7,0.6830758263151528,0.43660283793902815,1,1,0.9033329460019344,0.7199991288772671,0.5530950318314403,1.2060100074896776,0.2938236037431197,0.2865843753831124,0.1954256386984976,0.3878238808023479,6,1031.9813357108467,0.8599844464257056,A3_softmaxT2
10,8,0.78915840557617,0.511603480267522,1,1,1.1356881296339671,0.4770931768201764,0.4662207241976202,0.6701003708203198,0.3226052443013289,0.4359490691283985,0.2588206572665294,0.4388863750733537,5,991.3863327806074,0.8261552773171729,A3_softmaxT2
10,9,0.9056608331675033,0.6030054757736144,1,1,0.7551925254607439,0.692008700555451,0.35090468553920734,1.0962965404769878,0.3123480284235838,0.3129053420005791,0.23623222079315234,0.3890211496310106,4,966.6653545121103,0.8055544620934253,A3_softmaxT2
11,1,0.5993333660274245,0.15227613573747523,1,1,1.4525843849415907,1.2082725086397317,0.8188479351500187,2.0066634646609707,0.21495447542335133,0.21349508148661459,0.10876502041479577,0.31085934078444466,12,1180.8235330909674,0.9840196109091395,A3_softmaxT2
11,2,0.6356543426949073,0.16781650919732902,1,1,1.5346727842785415,1.200193041915555,0.7402187280091321,1.7789044213201206,0.22133735726936668,0.21588645682710297,0.1300003245535381,0.30673740721950504,11,1174.1098262396008,0.9784248551996674,A3_softmaxT2
11,3,0.629981840391441,0.1986129214542382,1,1,1.671949021158704,0.9939286289788881,0.7319098717425491,1.3548294496783098,0.23205324867557411,0.23334226256100932,0.16561156173312502,0.31541779786501617,10,1157.3252700090713,0.9644377250075594,A3_softmaxT2
11,4,0.6364928116473132,0.2247488680535169,1,1,1.3268257539168076,1.139965155195843,0.6886730434740751,1.3068904498088467,0.24554992827411024,0.20049961735222707,0.19123369973521395,0.33781464001364225,9,1116.2254727379948,0.930187893948329,A3_softmaxT2
11,5,0.6079066267362608,0.2532250552849505,1,1,1.5245148212708712,0.7707290203132757,0.6795064966891651,1.1809016890615414,0.266771599921732,0.2969828971111346,0.19617972605627698,0.3472318389662681,8,1094.3796189459827,0.9119830157883189,A3_softmaxT2
11,6,0.0011804760094290105,0.13944266771122107,0,0,1.5427421183724934,0.6648533660337332,0.5596611563628888,1.284707723115713,0.2739151651564908,0.33266932310347824,0.1941664001674439,0.3886579458757138,7,1122.473953342336,0.9353949611186133,A3_softmaxT2
11,7,0.7057226632194781,0.4099909778673119,1,1,1.1193246872955878,0.6954628076476143,0.46891492901177834,1.4042618041080135,0.2902268573406033,0.30337949063322384,0.17528538691808054,0.42360969099786905,6,976.6098195688827,0.8138415163074022,A3_softmaxT2
11,8,0.8303291211791992,0.5008503476221738,1,1,0.8344966500826656,0.5830039027392324,0.5083466543763937,1.1686866732955108,0.3248891447370112,0.3334096483327269,0.20057355447445077,0.42594307217524086,5,941.232954830683,0.7843607956922358,A3_softmaxT2
11,9,0.9198541330698708,0.7069766069018752,1,1,0.85292909416916,0.5716982646402424,0.40242462015974345,1.0222027386496588,0.31369868567236997,0.34789963553636927,0.22619843696158198,0.43539988424715725,4,1082.150081450056,0.9017917345417132,A3_softmaxT2
12,2,0.5160882948085858,0.18419173535520506,1,1,1.4212831285723508,1.175240228501725,0.7531982264650886,1.9569796882913253,0.22268342558665244,0.20764008992159144,0.1284349483933449,0.3372700636658036,11,1174.8501397780417,0.9790417831483681,A3_softmaxT2
12,3,0.6492061776548329,0.212061648567949,1,1,1.3458309625315916,1.0690537288976896,0.6845843227873324,1.6579354140211484,0.23438788119436543,0.22806558474952604,0.1593916194780002,0.34674448223607884,10,1166.9512560382345,0.9724593800318622,A3_softmaxT2
12,4,0.6759924234711123,0.23594645681568932,1,1,1.187287287605362,1.0134533636163634,0.7163578731355069,1.2322903076039802,0.25922878730176596,0.25754628466764135,0.21139360818930644,0.3538941598603601,9,1148.6414546000963,0.9572012121667469,A3_softmaxT2
12,5,0.7664426041090738,0.3190251905605527,1,1,0.9348849972224849,0.9098784271359575,0.7013152882322231,1.137153963910362,0.26491153478137686,0.26285174387312205,0.16886914732918806,0.34293554334415843,8,1091.3369349285538,0.9094474457737948,A3_softmaxT2
12,6,0.8132821557039247,0.40723152053729883,1,1,0.9086173635910976,0.7302825303761025,0.5458857834673847,1.234099464567012,0.29361976820281604,0.31534177855856965,0.16997557688598847,0.4087153580498677,7,1093.268650730563,0.9110572089421358,A3_softmaxT2
12,7,0.7523525260851869,0.4378174640951242,1,1,0.7952619283568444,0.7094079844054106,0.5676831879097952,1.0881613853353693,0.3062041657585916,0.289284971881909,0.2127164531914488,0.3924512210131907,6,997.9936729523854,0.8316613941269878,A3_softmaxT2
12,8,0.7544255445758827,0.4859304716912836,1,1,0.8156313159036092,0.5952418325564615,0.44028395740291165,0.6404562440013892,0.3334370765707681,0.3864006359521517,0.27805985532611965,0.43833789549498814,5,961.6239680054564,0.8013533066712136,A3_softmaxT2
12,9,0.7931768765060111,0.6009334612047722,1,1,1.0307749786702318,0.4290283547541841,0.3958083633066472,1.0639949701177687,0.3247263931124079,0.3876407987126204,0.2870693065700748,0.42529788525495354,4,927.5777562913952,0.7729814635761627,A3_softmaxT2
13,1,0.5667278583868973,0.15673024074290007,1,1,1.6656521933135882,1.0813279972278642,0.8599579047325885,2.056483373121264,0.20924151946138078,0.2196938177915751,0.11429287395990377,0.28985415289969146,12,1174.676818593184,0.9788973488276533,A3_softmaxT2
13,2,0.1630196354150308,0.15533046989232918,1,1,1.4477746798030342,1.0533190720700911,0.6918197429344598,2.4737355796422604,0.22453708024230423,0.23689840756424133,0.08005943576881776,0.34388313458556297,11,1171.5389985507275,0.9762824987922729,A3_softmaxT2
13,3,0.6017686018493217,0.197340455880425,1,1,1.361946746873604,0.9444568178633914,0.662993823668028,1.8134018986922413,0.23291314550194034,0.2427256499049698,0.10640158095210193,0.347920904163399,10,1158.0539018483958,0.9650449182069964,A3_softmaxT2
13,4,0.7506029612345586,0.23101340331199902,1,1,1.2827805491911985,0.8672632027680958,0.6705943141573582,1.094301467017755,0.2602892753981783,0.2883589400954377,0.22893435641667367,0.3662281874010656,9,1161.514040661428,0.9679283672178567,A3_softmaxT2
13,5,0.5828239148630557,0.25132840978713616,1,1,1.138053649471384,0.7761676922087537,0.6253978284026106,1.0249197727090726,0.27556754939565414,0.3095619567796783,0.21871673494291105,0.37123039484479636,8,1081.2471034457772,0.901039252871481,A3_softmaxT2
13,6,0.6703374070111712,0.34926738967384646,1,1,0.8819435884410447,0.7927834153174556,0.5640354955857474,1.1231696639991606,0.2901020844763419,0.329776088238312,0.1879232745297352,0.38661854329964224,7,1056.181759972575,0.8801514666438125,A3_softmaxT2
13,7,0.7412472433525568,0.4114665069908006,1,1,1.0490585049144234,0.7236941052746029,0.5931298958545971,0.8157695341146296,0.2987778279740691,0.33691781316741076,0.2391994650382621,0.3721857384342955,6,1030.5808150172613,0.8588173458477177,A3_softmaxT2
13,8,0.5772188341156705,0.40898052544891794,1,1,0.9552855681213513,0.5447213469932988,0.4571483701748391,0.5501660122661577,0.32368558119808016,0.39561028559546424,0.3072885148931256,0.3991715307266972,5,886.7407011033108,0.7389505842527591,A3_softmaxT2
13,9,0.8918464655499565,0.6454144423481587,1,1,0.770798262984685,0.6332730017387471,0.3797010294997448,1.0243702352236872,0.3024784734800535,0.3130929918230039,0.24226578286014036,0.37330568244291706,4,1015.026553664182,0.8458554613868183,A3_softmaxT2
14,2,0.6959012387950254,0.1567792645203855,1,1,1.4414575689524673,1.3505110546401178,0.8107080617900223,1.787527772643744,0.21201913744440684,0.1858271364943963,0.12180547416808804,0.3221411641737681,12,1181.4085433187743,0.9845071194323118,A3_softmaxT2
14,3,0.5387454195357735,0.1691886900283694,1,1,1.3782372116874575,0.9994115553724178,0.771325618606957,1.7250685800176324,0.22499104312104246,0.24217450149516812,0.11862309850078281,0.33339283017838117,11,1171.7397970869383,0.976449830905782,A3_softmaxT2
14,4,0.6222995531896337,0.20378832139012848,1,1,1.259028789013069,1.0251165884281026,0.6786583600131463,1.5250423807138556,0.24076395365259945,0.2521835042999651,0.15773992238998982,0.345651897177886,10,1154.039340136823,0.9616994501140192,A3_softmaxT2
14,5,0.6658216055994586,0.24884198590393852,1,1,1.0603330718919384,0.8931177642051392,0.5815597271250581,1.5790521628873078,0.256361377964067,0.2739945245960037,0.13846424724113057,0.38277452429891917,9,1131.4699291901404,0.9428916076584504,A3_softmaxT2
14,6,0.7252814276204856,0.2724976864183971,1,1,1.3306558949868657,0.7231098831121779,0.6130497107809447,1.1753965143039307,0.27129625322582224,0.3317913674461666,0.17719966030492676,0.3810067866985131,8,1104.0362986944692,0.9200302489120576,A3_softmaxT2
14,7,0.6681538712539632,0.3010846985475817,1,1,1.8254335121518228,0.5915344707523257,0.5875769749955493,0.848285543231436,0.2853601800755864,0.35349266791675304,0.25110706459667403,0.37132983330229086,7,1045.601736948199,0.8713347807901658,A3_softmaxT2
14,9,0.0,0.06316241232356157,0,0,0.9337533895009594,0.44187362178596773,0.3409879580918363,1.0346390531950909,0.31321910352500903,0.3882164804154504,0.27679373342357916,0.42464185051688025,4,1109.560857027614,0.9246340475230117,A3_softmaxT2
15,1,0.6118264048349464,0.13513208994218245,1,1,1.4939585807429958,0.8592153157256035,0.8438429655651234,1.82928711017145,0.21225978846647042,0.2818280318690546,0.11447461048576957,0.2964152324117823,13,1179.316104272918,0.9827634202274317,A3_softmaxT2
15,2,0.6787665709087871,0.1591251239249655,1,1,1.4381166201052256,0.8666293358238748,0.8200108715763577,1.4395636226856847,0.22575320910309968,0.27385353016265424,0.1734667876925291,0.299507111489463,12,1174.1035383691412,0.9784196153076177,A3_softmaxT2
15,4,0.6865459467407868,0.24328013276972427,1,1,1.0693936504062735,0.729002282706698,0.6418701102754464,1.4333065752912035,0.26158054561262833,0.3300630879569214,0.11084255795349868,0.35573983593626013,9,1128.9564119824647,0.9407970099853873,A3_softmaxT2
15,6,0.0,0.024335749877645987,0,0,1.121586515434024,0.6509201874079109,0.6171607754596892,1.239895941224698,0.2716245482930265,0.3459018480301963,0.20763406350994407,0.35824889429003526,8,1161.8412530306382,0.9682010441921985,A3_softmaxT2
16,2,0.5870979901571534,0.14970045162933374,1,1,1.4170130799904779,1.250424717846639,0.7383398252521519,1.8303919284565946,0.21445481910534703,0.19224397856270586,0.12174242533755138,0.3254350467963522,12,1176.5232620712868,0.9804360517260723,A3_softmaxT2
16,3,0.6059222381774954,0.1740831689709464,1,1,1.3010736404378862,1.2580253904240402,0.6863478439073545,1.7278039654034818,0.22972974348557365,0.203694618822943,0.13273779730402166,0.3359355097855389,11,1169.6740064984663,0.9747283387487219,A3_softmaxT2
16,4,0.6514092540454809,0.20839679849808443,1,1,1.2115249406532183,0.845163191550405,0.735751281384341,1.5716388009132842,0.2448178267191492,0.2910078061702762,0.15350773517338073,0.32223217113040736,10,1154.5737815334755,0.962144817944563,A3_softmaxT2
16,5,0.6886132326492493,0.23065140348254662,1,1,1.1719062125357675,0.7667399839386595,0.6440784844314981,1.2205404433614253,0.25980357584143204,0.3172055479131737,0.20638615067883023,0.3623570259441622,9,1145.4605403318137,0.9545504502765114,A3_softmaxT2
16,6,0.6607092205392895,0.28401479603521484,1,1,0.9882036737137625,0.8190286000560538,0.615154375359295,1.0955327471756515,0.2807419522033561,0.3026765413950183,0.21852326780276637,0.378058794714347,8,1098.1172485370528,0.9150977071142107,A3_softmaxT2
16,7,0.6745785747356499,0.33439086482677954,1,1,1.0906784685866109,0.7056281482654256,0.5883141152931706,0.838853661559169,0.2924993086795792,0.344259039880917,0.26033995854598146,0.37405779358305863,7,1050.4555760816033,0.8753796467346695,A3_softmaxT2
16,8,0.7131929509434688,0.40211417009027695,1,1,0.7770211730027996,0.660624281419872,0.5337659295029049,0.7928780034050715,0.32132283846385584,0.32224633351417387,0.2697188356980709,0.41155481815390277,6,958.0345733778645,0.7983621444815537,A3_softmaxT2
16,9,0.827168158858939,0.5363845261770592,1,1,0.8154059161142729,0.5372686365351172,0.51248877956985,1.2973402167690211,0.309950965889903,0.3323908845989779,0.16950843643488506,0.41932644996679025,5,968.7549145690491,0.8072957621408743,A3_softmaxT2
17,2,0.49737304849677627,0.15271620483044157,1,1,1.5491036100438595,1.1666604693469038,0.7697183484669206,2.2622355011182895,0.2102479208211354,0.2101442381030554,0.10885044078789843,0.3116081600979573,12,1180.1442155328612,0.9834535129440509,A3_softmaxT2
17,3,0.6029985381205798,0.17439838659338372,1,1,1.7640295806989799,0.8564209019960152,0.7138636621323053,1.9640627643253665,0.22431105510724708,0.29096060048186045,0.104706070147119,0.3406776081980543,11,1173.7016658856862,0.9780847215714051,A3_softmaxT2
17,4,0.6551053992846976,0.21702822873076902,1,1,1.147741179296994,1.1670289491333667,0.7899464967054568,1.3302623211651556,0.2446744252472084,0.20652151232136925,0.17982884822285589,0.32258904119548215,10,1156.5922023956637,0.9638268353297197,A3_softmaxT2
17,5,0.0,0.039731149427298454,0,0,1.1538219718687583,0.7865725476359199,0.6563836024222807,1.391970508689777,0.2610534275060525,0.3131777573623967,0.17713948417736736,0.3542855432669704,9,1165.763733221957,0.9714697776849641,A3_softmaxT2
17,7,0.7216828474782724,0.2957678564641872,1,1,0.9620820047940815,0.9060750605526455,0.6307698745395984,1.1932889705839393,0.27616280118207337,0.28706369597514747,0.16248149107305082,0.37221162308946876,8,1083.5132702159408,0.9029277251799507,A3_softmaxT2
17,8,0.7208761590788157,0.35625163388975956,1,1,0.878816825789369,0.6615704411326587,0.5700272267755184,1.200766122847643,0.28835764476066156,0.3325116106805893,0.16810871812379422,0.3811854189050349,7,1061.9686373510813,0.8849738644592344,A3_softmaxT2
17,9,0.05723921935674947,0.19805385306489195,0,0,1.0991467921964917,0.6037639537040866,0.5034063206728812,0.9945177929895663,0.3071138133808015,0.3872217490616723,0.1984236820478326,0.43067573879006227,6,1049.316061400008,0.8744300511666734,A3_softmaxT2
17,10,0.7598026971428379,0.4936647238784739,1,1,1.0830054778850178,0.6197523558220028,0.4180713586485441,0.6481778909104471,0.31483774203598963,0.3584171753763552,0.2773854209410312,0.43771014233344807,5,965.4099455866789,0.8045082879888991,A3_softmaxT2
18,5,0.46976192567096825,0.2239152210210229,1,1,1.4775940232775382,1.2478435810209492,0.5964656654787867,2.0788404109458307,0.23518632733666467,0.20771880203236176,0.10250841477792856,0.38030515558285444,9,1154.6605745527327,0.9622171454606105,A3_softmaxT2
18,6,0.7880823524981955,0.27625246562869027,1,1,1.3004052294640291,0.7874843115435533,0.6623978681961832,1.4239970139146834,0.26309951828352535,0.30438357500251517,0.18512086582678605,0.34806386496520786,8,1159.972371914158,0.9666436432617983,A3_softmaxT2
18,7,0.7352857909964123,0.3234781474368013,1,1,1.2574922110355249,0.7488834589717765,0.5953289371228256,1.0585721754061166,0.2860645112658492,0.32204806457630086,0.215413869116181,0.39231592273841676,7,1100.8689811426946,0.9173908176189122,A3_softmaxT2
18,8,0.7855360518897394,0.44977832350577496,1,1,1.041857350613987,0.6804542645473828,0.4620097980280474,1.5384869761268916,0.28889430510518893,0.3160691894231905,0.13259369263187729,0.4396083817817486,6,1044.736710261001,0.8706139252175008,A3_softmaxT2
18,9,0.7628571058001706,0.48988456304094014,1,1,1.1321693445783065,0.6013109085731795,0.41328557921171744,0.6973273324305397,0.31896738853399975,0.3870577278661131,0.2520887634029416,0.458067799591902,5,989.361024467133,0.8244675203892775,A3_softmaxT2
19,1,0.4701516922363548,0.11920386369904776,1,1,1.7837488419830474,1.224356147436263,0.806014553699728,2.6272682869146817,0.19524687809107885,0.1994316559762859,0.08470777147128358,0.29820947264447584,13,1178.2029055449466,0.9818357546207889,A3_softmaxT2
19,2,0.4624554639540672,0.1398318910192015,1,1,1.9579008121152015,1.3369830079143457,0.8311556697970929,2.5806935522247034,0.20136135804708366,0.19211934976792575,0.06654755009509154,0.3176158413096035,12,1180.8876687809236,0.9840730573174363,A3_softmaxT2
19,3,0.5534251449289572,0.16698045406295758,1,1,1.4257344060864254,1.1933197863903826,0.8704333500229617,1.9148189038309102,0.22308556230721865,0.20242096046608427,0.11842840597843235,0.3075893254155091,11,1172.703007699411,0.9772525064161759,A3_softmaxT2
19,4,0.5914243988116213,0.19529908814090877,1,1,1.300415607673569,1.1817053346413664,0.7120673043094682,1.6217047006781744,0.23571972760878382,0.2121290449160965,0.15188155652611,0.33003445789697894,10,1162.3294732305123,0.9686078943587603,A3_softmaxT2
19,6,0.4818483472236788,0.203111006456131,1,1,1.3209585041137462,0.8999051806384676,0.690589294959516,1.1679238130653518,0.2567925276123172,0.26971199682927466,0.20414679284134027,0.36311343841671806,9,1112.5217352934685,0.9271014460778905,A3_softmaxT2
19,7,0.49207431080631975,0.23954804357819356,1,1,1.3188639198191698,0.9269378810087339,0.6209937815000731,1.1520374080166227,0.25878753293531176,0.27527671527242936,0.18067790046862273,0.3520435501309505,8,1099.2579292982937,0.9160482744152447,A3_softmaxT2
19,8,0.6556996493424911,0.32642642767503377,1,1,1.145499813070952,0.7224305619817031,0.573884959234477,1.0181064944044615,0.2842209380096111,0.3316573886201849,0.2139749199733858,0.3789650256535033,7,1090.4073105405246,0.9086727587837705,A3_softmaxT2
19,9,0.7371068557906643,0.4548363165902628,1,1,0.9334613886066214,0.7211722352602471,0.4792644665435323,1.121095943576099,0.29464024029287805,0.28671473813729215,0.204828191561217,0.42395988304104953,6,1028.4410836279342,0.8570342363566118,A3_softmaxT2
19,10,0.8441996463678152,0.5477528482823477,1,1,1.1205634139421363,0.5695408615173266,0.42640113027294385,0.6845529819531504,0.31207102270305814,0.3835408074031508,0.2611021334556142,0.42612849244399764,5,1020.1314327329159,0.8501095272774299,A3_softmaxT2
20,2,0.034364821576850293,0.1401272119049018,1,0,2.097557661174465,1.2998193557404027,0.6701107909649682,2.1023559047979634,0.20633324223021832,0.17857947180716657,0.1060000184078842,0.340354293987393,12,1181.1562615284754,0.9842968846070629,A3_softmaxT2
20,3,0.5252570236035166,0.17948830870738203,1,1,1.467133667079734,1.1962826191923028,0.637967370271052,1.6455753466436764,0.21930342392236113,0.18797315162763972,0.14476856031261676,0.3599535828043441,11,1168.0973665625195,0.9734144721354329,A3_softmaxT2
20,4,0.4310939224746153,0.1782478784431785,1,1,2.004822030109524,0.9914047990806907,0.6403382336454613,1.8844281089932848,0.23004131992206706,0.26627995171356755,0.12622118719247533,0.3525065644298712,10,1145.4106775074088,0.9545088979228407,A3_softmaxT2
20,5,0.7195670220868289,0.2631255378485879,1,1,1.180130315437981,0.9728955603105207,0.5512322858407798,1.7825836166926818,0.2501318074450014,0.2302486319329155,0.11668521942528852,0.40465601227140496,9,1144.7912844088016,0.9539927370073347,A3_softmaxT2
20,6,0.7817322101437487,0.2623392565268012,1,1,1.392825678675986,0.8775854793769031,0.5592518376210709,1.3003713570623217,0.2573350145155478,0.2820450385756308,0.15251929309186596,0.3822932676573216,8,1110.4399264408505,0.9253666053673755,A3_softmaxT2
20,7,0.5510909496678968,0.27322054281539615,1,1,1.8852171019344863,0.6101178666995789,0.6036688410907347,0.9494992584725076,0.2820302394163809,0.35208162831389567,0.23989024423000732,0.3758477493044509,7,1094.4118960186254,0.9120099133488545,A3_softmaxT2
20,9,0.20001261500816087,0.25361221369905257,1,0,1.1151853525556386,0.7440841305330443,0.2921843127451835,1.5670851703434994,0.2763044604221912,0.3126916426198608,0.16008370045414352,0.42891240258790847,4,1120.9500662627422,0.9341250552189518,A3_softmaxT2
21,4,0.7528061010568214,0.23637568216133287,1,1,1.3385512454090132,1.0088095723034147,0.6734905623459214,1.8050454845476969,0.24025448411070563,0.2461896205100341,0.13179007190758885,0.37044379431472413,10,1180.7023481556469,0.983918623463039,A3_softmaxT2
21,6,0.7785241831175809,0.2952939987102408,1,1,1.1029358716376543,1.1404140541373495,0.5936560929462419,1.2047499153779295,0.2504058522382629,0.2227299024176575,0.19546536452619823,0.3721415537949711,9,1155.3424770615627,0.9627853975513022,A3_softmaxT2
21,7,0.5084797685627571,0.22343089400128271,1,1,1.2653556358657987,0.640503358052189,0.61323184849796,1.308545665673001,0.2658504680867493,0.35345095150242506,0.17227861052877558,0.3639945276948303,8,1110.8501542932215,0.925708461911018,A3_softmaxT2
21,8,0.8014445808796797,0.33285066920804113,1,1,1.3441269469221049,0.6253337929688955,0.5934109629633572,0.9162015419224719,0.2871812548494285,0.3739476142864675,0.24031323703028268,0.380950212725655,7,1087.9414275730699,0.9066178563108915,A3_softmaxT2
22,2,0.7119811156277321,0.15278516350069174,1,1,1.5151936845903557,1.2681460045743334,0.725036723380827,2.2091255664738725,0.21475924683937742,0.21709335967314408,0.09440262802407218,0.3398507583706916,12,1187.2097345240293,0.9893414454366911,A3_softmaxT2
22,3,0.5867532649046067,0.1766736648942146,1,1,1.3327605932629827,0.97159171404643,0.7131161762293843,1.6981403355904559,0.2305673560547542,0.22980496574809736,0.1436410689204686,0.3396541065363424,11,1162.463576168612,0.9687196468071767,A3_softmaxT2
22,4,0.5701531487992324,0.21636742433164272,1,1,1.1511886332035497,0.8275695953566101,0.7076896112490154,1.6808954604008612,0.251901611530611,0.30811129635253554,0.13641198383167283,0.35375283776166266,10,1149.090358344263,0.9575752986202192,A3_softmaxT2
22,6,0.7695338753999987,0.24781829391252208,1,1,1.127930354664497,0.7700298251848431,0.6577480360815008,1.0592082396764773,0.26473103358315997,0.2932903025207751,0.24134653027413605,0.3361035855911575,9,1129.1049578482236,0.940920798206853,A3_softmaxT2
22,8,0.0,0.060503688297899136,0,0,0.9770647760629662,0.5898115676977522,0.48569714476712167,1.4726372700849146,0.3021441145227712,0.37623590416814456,0.19245449086065447,0.41300525726876813,6,1117.8684523736024,0.9315570436446686,A3_softmaxT2
23,2,0.21561667692819442,0.12440382304200555,1,0,1.797247257578749,1.2405384854420385,0.8595097890127943,2.4643989447214056,0.19978533021596673,0.19479507613492672,0.07743878025052733,0.2902472023619641,13,1164.5270480649936,0.970439206720828,A3_softmaxT2
23,3,0.5939020562536586,0.14412026160913874,1,1,1.608699871169093,1.0328708076905004,0.8201550595659808,1.9861468945371306,0.2113298726303594,0.23430773493847568,0.12175585370567214,0.28208822173149045,12,1179.4471664424261,0.9828726387020218,A3_softmaxT2
23,6,0.6101317326980893,0.22226953640335356,1,1,1.3548353022319748,0.7784865972897326,0.6937889301655784,1.604022620074782,0.2514655149214661,0.3120287755196197,0.157863618136694,0.35676990512674744,9,1164.3601786338497,0.9703001488615415,A3_softmaxT2
23,7,0.6707909064250999,0.2939337234864625,1,1,0.9811853789877684,0.8225220495651047,0.6381874859190615,1.4171501942450775,0.2717042629998533,0.28332411177587113,0.14974018598292876,0.3781076275087888,8,1128.421008177491,0.9403508401479093,A3_softmaxT2
23,8,0.6922422043876065,0.3309269665455991,1,1,1.0652238924457471,0.7368626018593779,0.5699220670416169,1.0494746190608337,0.2838629875962305,0.33350995490428675,0.19365785784682082,0.38770276839846274,7,1064.6628802840912,0.8872190669034093,A3_softmaxT2
23,9,0.7136825734810621,0.4393818757133655,1,1,0.9421598962013623,0.6768194368291731,0.4712821103021963,1.2943973735249856,0.28605994376829297,0.29295920452624635,0.1816120417443903,0.4039355069607917,6,1008.2325979572378,0.8401938316310315,A3_softmaxT2
23,10,0.0,0.13748295123365245,0,0,0.8869215884199292,0.5243115581689917,0.4007671434667363,1.5184563546798935,0.30552172870181415,0.3841894283386085,0.1417436259070649,0.442632234597097,5,1081.0001819960316,0.900833484996693,A3_softmaxT2
24,2,0.5202262136400697,0.15205953058791627,1,1,1.4582269097019287,1.1719370698483913,0.7140417803814477,2.0091393718134567,0.2158202067806728,0.23336061798327956,0.10613597933627858,0.32798775989735196,12,1178.2049787143544,0.981837482261962,A3_softmaxT2
24,3,0.629238658451283,0.183075257355687,1,1,1.4026332405441795,1.0376446911790629,0.7293498604989472,1.706476138086341,0.23099128302677938,0.22632273996343247,0.1400090920991492,0.34003954979513784,11,1174.4315572713656,0.9786929643928046,A3_softmaxT2
24,4,0.6752732894067334,0.19228621619635627,1,1,1.3413813407537751,0.8234806066282501,0.7190200144762434,1.2422795716581974,0.24665481046786747,0.29438857324442674,0.18862962124436336,0.32839765820463795,10,1161.6587813953308,0.968048984496109,A3_softmaxT2
24,5,0.7317120656965513,0.2398767993455642,1,1,1.1943932772643229,0.7233089486868092,0.6896149201422273,1.3532807482369094,0.255653429156544,0.3237834166849281,0.17820002158642928,0.3276149663270062,9,1122.2620560699554,0.9352183800582962,A3_softmaxT2
24,6,0.0,0.0014763901979661916,0,0,1.287667225604905,0.6909002441032999,0.6726360211674638,0.8728500177184476,0.28015932414461175,0.329724919997182,0.28461936609832694,0.335672238098197,8,1183.8865130198574,0.9865720941832145,A3_softmaxT2
24,8,0.6923628200890171,0.4563459128156567,1,1,1.1776111185588718,0.49785546030161565,0.45595184767238744,0.6048314562645647,0.3176443680533579,0.40696314639021486,0.28177173876541833,0.42691024683200596,5,943.2064969725261,0.7860054141437718,A3_softmaxT2
24,9,0.0,0.01605123585379794,0,0,1.0279335857001208,0.41672856057875085,0.36192711744770806,1.0827350288311637,0.3196085299401475,0.4082133406161583,0.29957647879141563,0.4282453917648902,4,1114.5508062273855,0.9287923385228212,A3_softmaxT2
25,4,0.6457186866235438,0.1703720575555151,1,1,1.8020598537616395,1.093618190090024,0.6947278515369582,1.851682734258963,0.21797037273099623,0.2137467488366416,0.11589587481800939,0.33530469051020584,11,1178.976162612054,0.982480135510045,A3_softmaxT2
25,5,0.6216246880480738,0.20321767198376253,1,1,1.5157346765821165,0.8996583875693985,0.7128782140359844,1.4228963446364329,0.2425968142289081,0.2810774017312298,0.1683894346716454,0.34427050933657244,10,1160.672274640737,0.9672268955339475,A3_softmaxT2
25,6,0.8031038162702655,0.24235854550251928,1,1,1.2675577960705315,0.7192868644968697,0.6833876602089293,1.621221661691896,0.2545478399032002,0.32310113385705674,0.11842725163423518,0.3610201504888345,9,1141.0860680043531,0.9509050566702942,A3_softmaxT2
25,8,0.7536012742075533,0.39549219715787415,1,1,1.5109299929328326,0.6100760765267059,0.5458214632143762,0.8638989957191799,0.3056967996697018,0.3795431207817046,0.2392497360994903,0.4184458066993051,6,1031.9043625861684,0.8599203021551404,A3_softmaxT2
25,9,0.6930245700571982,0.42283945967905684,1,1,1.1070793868000504,0.7448062546221924,0.35162195489600623,0.853454300000127,0.2926142438308371,0.28936487593963695,0.2379965479389069,0.4411697963716695,5,977.6763514067496,0.814730292838958,A3_softmaxT2
27,1,0.5302667234617653,0.1418641644127584,1,1,1.7897040556163732,0.9134944135544911,0.7466565747798939,2.146279298555588,0.2042053297770058,0.2571599925677313,0.09850038353534822,0.30580003166428754,13,1178.646538934738,0.9822054491122816,A3_softmaxT2
27,2,0.7006406282226343,0.17304817154964938,1,1,1.5296102375072138,0.9680450034128063,0.7500348335951259,1.7919507595798791,0.2190072863123155,0.254464877718693,0.12636066527821882,0.3369083766993306,12,1175.9492087569736,0.9799576739641447,A3_softmaxT2
27,3,0.7223063588019978,0.15904080353610145,1,1,1.7779414969034404,0.8118987766059476,0.7755490501275966,1.6722681895350688,0.23290643570036343,0.2986711480868809,0.14944447374404962,0.3201694765887425,11,1157.0283902705305,0.9641903252254421,A3_softmaxT2
27,4,0.24905720318514796,0.15849582697289383,1,1,1.5559423257295748,0.7679715992471713,0.7568905287887251,1.139656324280051,0.24854181331469732,0.30669349526812917,0.2148837715851198,0.32826796803041214,10,1167.6978298793792,0.9730815248994827,A3_softmaxT2
27,6,0.6531253265644485,0.24235037759784048,1,1,1.0630920382242686,0.6958778349131826,0.6753168754277081,1.1290687348046504,0.26489711699884855,0.33965032722323085,0.14778251556882704,0.357992986268016,9,1077.4601998574622,0.8978834998812185,A3_softmaxT2
28,4,0.8975429859113456,0.1779542245155727,1,1,1.3539167453662446,0.9778939220574974,0.630513417404849,1.9969477608486916,0.23764669280086595,0.24056655889977507,0.12150532691893727,0.3746140383320789,10,1180.1196404859686,0.9834330337383071,A3_softmaxT2
28,6,0.17513658241599944,0.16785992009171352,1,1,1.1650000294058007,0.9555554322037765,0.6211316076834431,1.723767605245559,0.25872052873137036,0.2584130044132041,0.1340396177153072,0.3726433410523019,9,1169.4528252230853,0.9745440210192378,A3_softmaxT2
28,7,0.3673772280815002,0.20851746195010107,1,1,0.9934932677470188,0.7672697479803171,0.607972363752564,1.1952674085207462,0.2736944445486936,0.3078949822401495,0.2102185926200872,0.3710733493448771,8,1148.7009955717792,0.9572508296431493,A3_softmaxT2
28,8,0.5612760506282143,0.26298955165163546,1,1,0.8614559022262603,0.6137230508379775,0.6085904198180967,0.9839794492478809,0.30548444871720665,0.3697068058710043,0.26389355068110776,0.3759310980535384,7,1145.4267437545657,0.9545222864621381,A3_softmaxT2
28,9,0.7990633286962847,0.3534351188283014,1,1,0.7039887372712673,0.5951407568194971,0.5703338841359625,0.8470930254298484,0.33360183032224877,0.37688400507808273,0.29857447513311736,0.3965359335639473,6,1071.3967348794326,0.8928306123995272,A3_softmaxT2
28,10,0.7155137179627191,0.38472673452814804,1,1,0.6074522489548603,0.5494316012790864,0.5327357009078428,0.5814423044887201,0.36463525656779466,0.40815814630518926,0.3877453342372974,0.4095921106285244,5,1034.0536381111237,0.8617113650926032,A3_softmaxT2
29,2,0.8731698922588923,0.09639159116069547,1,1,1.8183332183505279,0.9272239220399341,0.8516853399340529,2.562242546601685,0.19405608482621442,0.2588465958081132,0.08095843865845816,0.3021567032671568,15,1186.7869052351155,0.9889890876959295,A3_softmaxT2
29,3,0.907671037804481,0.11772099568629595,1,1,1.5874493421637834,0.9187925677701979,0.8266510453364931,2.4269959404194386,0.20361164836831386,0.2566111880608031,0.08987245902185381,0.30221687528617425,14,1188.8416766090602,0.9907013971742168,A3_softmaxT2
29,4,0.6451315989441582,0.11319371627345141,1,1,1.484074898734258,0.8759744520512118,0.8268980448724956,2.2334441742145086,0.21511091554974715,0.26328457580000364,0.09599309474660966,0.30117120776917167,13,1181.6213873026186,0.9846844894188488,A3_softmaxT2
29,5,0.614573777490263,0.1322739928733005,1,1,1.2678748663434827,0.8750952063875246,0.810478128243842,1.5961617729614441,0.23311502008986537,0.29397310550533484,0.1469958561836641,0.3033306907779531,12,1172.6029709017503,0.9771691424181252,A3_softmaxT2
29,6,0.8024274730774722,0.147506710178259,1,1,1.1442651059036502,0.8360865710694001,0.8020337853601117,1.1794299724519242,0.2417183883381636,0.2890233228003392,0.20232160680885292,0.29559085615164393,11,1174.2573014547534,0.9785477512122944,A3_softmaxT2
29,8,0.6799316167816183,0.21623469569124143,1,1,0.9155094770609206,0.7178584790752657,0.6712496558316557,0.8816354095842855,0.28844292653792036,0.33151549370969546,0.2876773926807561,0.34639130113938654,8,1151.94940496461,0.9599578374705083,A3_softmaxT2
29,9,0.7524524283720094,0.2638279405503915,1,1,0.7625171347905065,0.6786893572394734,0.6589650320482354,0.7040985665419123,0.3139659450416738,0.3429669558820038,0.32860023981349096,0.3477689824675898,7,1098.0695796411226,0.9150579830342688,A3_softmaxT2
30,2,0.9663933697347076,0.10855343636956091,1,1,1.63307675922146,0.9696854997727963,0.920715950831831,2.2850996235096996,0.20003262128815463,0.2648733618847995,0.09562361015294027,0.2719773730039302,15,1188.5180651352666,0.9904317209460555,A3_softmaxT2
30,3,0.42446080745802833,0.09968738372505666,1,1,1.4459979877074207,0.9581915504545255,0.8922490637605586,1.640010498234494,0.21090226731555536,0.25593445087709854,0.14452520743543357,0.2669580244839743,14,1182.4936011414447,0.9854113342845373,A3_softmaxT2
30,5,0.22235695153306445,0.1350871852245084,1,1,1.254486943376501,0.8320668656767632,0.8061694968453428,1.3398119678485116,0.24047631991839546,0.2913169290140079,0.2004620254228246,0.3113248843301921,11,1174.5996577787391,0.9788330481489492,A3_softmaxT2
30,6,0.8064301050924718,0.16857038807896482,1,1,1.0496073523332092,0.8238968358354615,0.7924735729354843,0.8371110891757105,0.258201264599594,0.29427968544583405,0.28613250232549525,0.3048491686603154,10,1167.7837109008508,0.9731530924173757,A3_softmaxT2
30,7,0.7967631829300399,0.19207387566475792,1,1,0.908603327097475,0.8167546705010319,0.7841254415895673,0.8365982118246128,0.28252771686051326,0.30792935851127967,0.2864903429443349,0.3144242453765872,9,1142.4090032434253,0.9520075027028544,A3_softmaxT2
31,1,0.871636136487643,0.09100227427168965,1,1,1.7679460337905395,0.9852366070990339,0.9346800502011955,2.6994410062665235,0.18995567157470922,0.24660843624659623,0.07596936278949154,0.2679867466324642,16,1185.7949891584547,0.9881624909653789,A3_softmaxT2
31,2,0.14345142155618193,0.09673530984460918,0,0,1.5928395566353009,0.9289543137552384,0.9002655275134717,2.1090755455152976,0.19907158252266702,0.2539181018588232,0.11102670381418067,0.2640802305761727,15,1186.9985953224007,0.9891654961020006,A3_softmaxT2
31,3,0.867807580839518,0.10754413248485997,1,1,1.5086569741741171,0.9432305540122274,0.910491227966907,1.637349518702829,0.2098515565326189,0.25850043063930117,0.1537976152517027,0.2712008771056948,14,1186.3947417258178,0.9886622847715149,A3_softmaxT2
31,4,0.8962717898926458,0.12135990718386058,1,1,1.273155486461119,0.94439773293315,0.91124677115931,0.9938005238169657,0.22755975308345938,0.27227073695016996,0.25439431785355676,0.276453493427943,13,1180.3005317258262,0.9835837764381885,A3_softmaxT2
31,6,0.7611935741655498,0.16319796180306606,1,1,1.040671718526853,0.8206127199102564,0.7944912672329061,0.8392629701190116,0.2601090185662511,0.29197531010572936,0.2871638703950044,0.30429754517824886,10,1160.8736932786255,0.9673947443988546,A3_softmaxT2
31,7,0.6830450227622111,0.18041318846485982,1,1,0.8780098150494468,0.7969417380090836,0.7799597719720317,0.8071218639751415,0.27752253702213253,0.29453330069612615,0.2930143737661991,0.3079639288740772,9,1144.6588816711592,0.9538824013926327,A3_softmaxT2
32,1,0.6607582524822738,0.10917859233600155,1,1,1.7611716917691511,1.5218611438381138,0.7622086767695313,2.665019980933393,0.19436840624370402,0.1629617835759449,0.07096641930098793,0.3227580141012972,14,1191.5714022941863,0.9929761685784886,A3_softmaxT2
32,2,0.05838397142991562,0.11027572213258549,1,0,1.574454183076806,1.385700607556476,0.72646019523746,2.50758894101806,0.2027509256647667,0.16166073247442894,0.08274885958852578,0.327104194075377,13,1176.2953356914572,0.9802461130762143,A3_softmaxT2
32,3,0.8340307688041475,0.13348881831452855,1,1,1.4375556927684217,1.1228711251125993,0.736947031690858,2.005555600450446,0.21648052069641952,0.22756635400855302,0.10932308891053293,0.32772226976811225,12,1178.2664004275812,0.9818886670229843,A3_softmaxT2
32,4,0.1383898736462155,0.13495663111959783,1,1,1.3035448092727506,0.8534612337895214,0.7275136822268199,1.7106650343951744,0.23455014121241693,0.279809283928986,0.1497508175325874,0.33648887140747075,11,1168.1386636425343,0.9734488863687786,A3_softmaxT2
32,5,0.7385664929806182,0.16106644605829373,1,1,1.1529031868871724,0.7597665844537171,0.7137344170608748,1.4748684462142037,0.2534112039617031,0.3216339517798377,0.16812925761848072,0.3370775089537648,10,1171.79297170661,0.9764941430888416,A3_softmaxT2
32,6,0.5176067488710794,0.1825497470975332,1,1,1.012145543212755,0.7311312956107773,0.7066815640211717,1.3676376279971523,0.27294715192888547,0.3175430522741426,0.17329498214809677,0.3364947828800002,9,1147.010677812534,0.9558422315104449,A3_softmaxT2
32,7,0.3498873707197555,0.19704330696321415,1,1,0.8672964340294809,0.6841300528919678,0.6593498869687237,0.9062083689696077,0.2889062532650335,0.33538278024081936,0.27226756519303136,0.34818654665242543,8,1128.4020585404387,0.9403350487836989,A3_softmaxT2
32,8,0.68111383830833,0.25647882712676423,1,1,0.7754268933265064,0.6648354677468935,0.6542456558733708,0.7077877271750157,0.31092404595636414,0.3348170273950048,0.3277882934413915,0.353622094349242,7,1114.836298255597,0.9290302485463309,A3_softmaxT2
32,9,0.5561590893029025,0.27722084990405144,1,1,0.65106890516628,0.6380643389157317,0.6174322688397448,0.6686027464989257,0.3419673938765116,0.3585646279887064,0.34663742967897776,0.3747808101725387,6,974.2473268297548,0.811872772358129,A3_softmaxT2
33,4,0.4724824350840312,0.1819339048690818,1,1,1.2552157394092764,0.6744856183652143,0.6471326874206527,1.5851753427830921,0.25539790310993565,0.3330050650321211,0.1595921227549202,0.35554750196746276,9,1175.3484794342105,0.9794570661951755,A3_softmaxT2
33,5,0.8528823071488285,0.22613578902227208,1,1,1.0432536083315174,0.6567779618430583,0.6394830567459531,1.0912725085527548,0.2779913654998394,0.34637083452130846,0.23267964590832713,0.3537492016805445,8,1171.667928248035,0.9763899402066958,A3_softmaxT2
33,6,0.6547846846889631,0.2463069050628661,1,1,0.822740299328309,0.6515087234659904,0.6205313133893519,0.8244094652622358,0.30550311730254853,0.3501628630125084,0.29025012573059444,0.36040148714916515,7,1132.2125242004283,0.9435104368336903,A3_softmaxT2
33,7,0.6655784274660511,0.2993138406631565,1,1,0.6695416177639837,0.6231515034263121,0.6094956030639209,0.6362390695723895,0.34235405616859066,0.37323079820726524,0.37158149023516945,0.37627832846544396,6,1057.9546542854941,0.8816288785712452,A3_softmaxT2
34,3,0.8306686278884672,0.1283932403487522,1,1,1.5096020580792253,1.2280549108120875,0.6880710809228423,2.18820938983074,0.21368484560645348,0.2149971950026647,0.10188587741899179,0.335000193130188,12,1183.2891833568121,0.9860743194640101,A3_softmaxT2
34,4,0.0646916997590719,0.13238033953664044,0,0,1.4111237032346333,1.2003879433610585,0.68882918200039,1.8946168460758184,0.22718747483555743,0.21317930482742528,0.1286370316548846,0.3423939750167667,11,1183.0982843628801,0.9859152369690668,A3_softmaxT2
34,6,0.7263273313135441,0.17071228370610347,1,1,1.1768593267216718,0.9204929818532073,0.6716889877911103,1.3917722345583114,0.24204437569847492,0.26756840191893266,0.1699226315315831,0.33181534327939183,10,1175.699127031413,0.9797492725261774,A3_softmaxT2
34,7,0.5054197956558273,0.18465230310544278,1,1,1.0174308790606637,0.6951048938617107,0.6931622670844377,1.1533201310716312,0.26920827789434937,0.3287873556394767,0.20023542526180402,0.3572864089997429,9,1158.8124960818388,0.9656770800681991,A3_softmaxT2
34,8,0.47300263571282974,0.20350929084019367,1,1,0.887728785346912,0.6665397520517191,0.6548577289158901,1.1341567022954302,0.2869483234559329,0.33926421898581915,0.22311088037041937,0.34779729499222467,8,1125.8252117325294,0.9381876764437745,A3_softmaxT2
34,9,0.7763377422021336,0.27767905612260246,1,1,0.7869966875397477,0.6518633582610408,0.6427381149406133,0.8999796227237922,0.3131920810280797,0.35404608986096875,0.2765189070838235,0.3751323209987365,7,1082.5603492505095,0.9021336243754245,A3_softmaxT2
34,10,0.7000808077466856,0.29827463763236217,1,1,0.6858691899455339,0.6090162908515895,0.6003939043227615,0.6154605539526222,0.33320446782955965,0.36489779197496575,0.35756714138656237,0.3740171633955073,6,1088.3494853491245,0.9069579044576037,A3_softmaxT2
1,2,0.7403617333609309,0.37528606534080095,1,1,0.9184469497732634,0.6219921809254112,0.5003319238455235,1.4258249615670682,0.2957893225895761,0.34078776969588465,0.17662494325601547,0.4161924710148771,6,1129.69872741124,0.9414156061760334,A3_percentile
1,3,0.8822973459096842,0.5378284500517394,1,1,0.8197938801343696,0.5197118897705637,0.4798874473751667,0.6723438172954856,0.32935298584630196,0.36466163986399835,0.3166912890696518,0.42183412722503133,5,990.3236109431048,0.8252696757859206,A3_percentile
1,4,0.7441427788914623,0.4660900674351723,1,1,0.7792478975938925,0.6027594235468536,0.35160867181386557,1.0303986493268806,0.3192178792179171,0.3582854629030619,0.2309482698344209,0.4465550722865581,4,1113.895619945259,0.9282463499543826,A3_percentile
2,1,0.8501677208291705,0.23474416530663458,1,1,1.2719318730691787,0.8108660534942022,0.7409748262865071,1.8743046574175533,0.24401337305144408,0.31085263971686594,0.12184121160694093,0.32280614604410796,10,1162.98573034052,0.9691547752837666,A3_percentile
2,2,0.8360306094623615,0.2722194712260555,1,1,1.1119297933252494,0.8152034165940851,0.714207467819088,1.0728625883518634,0.2653427606643121,0.30538998775938947,0.25594482996108797,0.32289204643941866,9,1150.8699274182682,0.9590582728485568,A3_percentile
2,3,0.4135514525108372,0.22925773916796366,1,1,0.9951718311928625,0.8034825305229778,0.7202728180302805,0.9305599248343674,0.28606825844604644,0.30798933660258393,0.2753071613833208,0.3298369975010569,8,1154.6984388620522,0.9622486990517102,A3_percentile
2,4,0.7179757534894377,0.3415802108818456,1,1,0.7673962546405065,0.7586935914701973,0.6907709232015716,0.8377534057356293,0.3254020142039417,0.309408497376515,0.2773378449471668,0.365128588300104,7,984.2694768179109,0.8202245640149257,A3_percentile
2,5,0.899040021379857,0.49487140958488535,1,1,0.6872295070988285,0.7175546303371626,0.6852943962908957,0.7451563904391094,0.33077248973069623,0.3228358933837445,0.2941336639607877,0.3457630658412649,6,1055.351685594033,0.8794597379950274,A3_percentile
2,6,0.8197401498765142,0.4724922951251223,1,1,0.6635302181903342,0.6914064229776079,0.669268002778902,0.7914876281964166,0.34492851735778524,0.3207939912014886,0.28349747726414054,0.3972440727573344,5,1006.5348986729556,0.838779082227463,A3_percentile
2,7,0.8134657752232105,0.5402999000770096,1,1,0.6129743198633986,0.6235468291080368,0.48754490265922257,0.7489762463122127,0.33852952593698865,0.3312641123636078,0.28602757677951474,0.3837660615210817,4,967.4743172071674,0.8062285976726394,A3_percentile
3,1,0.9474885391898096,0.21950490644769705,1,1,1.3497863947559001,0.845061549368174,0.7778951929216165,2.025384283705227,0.2344065293935321,0.27961520765095244,0.12720978660552046,0.303094707603587,11,1163.300916758281,0.9694174306319008,A3_percentile
3,2,0.09219472761941161,0.15668955447450852,0,0,1.2123026440877718,0.841100375939073,0.721407578542421,1.3295248025542237,0.25244961158407486,0.2981488216550072,0.18322760089230752,0.3329165622715733,10,1172.3707310333366,0.9769756091944471,A3_percentile
3,3,0.6130941688779037,0.230798274595526,1,1,1.0541959231166107,0.8517322512836546,0.7254449518734645,1.0441114015826316,0.2682814589209585,0.2947209929996838,0.2553164172325586,0.3277527208955848,9,1138.3534150707474,0.9486278458922894,A3_percentile
3,4,0.6453018156984691,0.2754372586829909,1,1,0.9173766946788113,0.7598236403842846,0.6650600854504873,0.9281366787368495,0.2888092026141327,0.3046138294493258,0.26288370102492664,0.35762023112689056,8,1146.7475670202373,0.9556229725168645,A3_percentile
3,7,0.8085757157049962,0.5271457581478127,1,1,0.5942470315216397,0.5620924573721308,0.55295287776123,0.5686098297340928,0.3699823094954734,0.39778432827947807,0.32776415625879096,0.4076524162655432,5,966.4983130188473,0.8054152608490394,A3_percentile
3,8,0.8545104993371775,0.6110619207325477,1,1,0.5573964005742384,0.48871575287982577,0.384747514621016,0.6613646388330483,0.36507702473800197,0.38294470529076996,0.3497298838980988,0.39829184613067314,4,963.0961728794965,0.8025801440662471,A3_percentile
4,2,0.2549223655502749,0.17034129433133902,1,1,1.3280924471214488,0.896463872689984,0.7910746530863729,1.8741460032395947,0.23344752736439833,0.287265207331865,0.12909583137181402,0.30690742652973935,11,1176.9750708524998,0.9808125590437499,A3_percentile
4,3,0.4278207227872718,0.19765407548472416,1,1,1.2719183820278874,0.9360965616582785,0.8551047822727986,1.691116639382788,0.24311841966660133,0.2705053575489922,0.12463222789965207,0.3046556013262587,10,1144.5552649309363,0.9537960541091136,A3_percentile
4,4,0.7034084425884983,0.265782238631194,1,1,1.0829476525785615,0.8425694199127072,0.8105017266984388,0.9454359511110483,0.25966112248892836,0.28883827111371607,0.2327184979186597,0.29167051163028423,9,1154.6326643671189,0.9621938869725991,A3_percentile
4,5,0.7510976780815435,0.29001695754653806,1,1,0.9189617702704419,0.760166757487944,0.6852170948853553,0.8676467277153196,0.29395950888695416,0.3247201135584282,0.26772341127567556,0.35736266125123767,8,1035.909596855075,0.8632579973792293,A3_percentile
4,6,0.5421874975235343,0.30339064426241963,1,1,0.8524557142770972,0.6442405539599891,0.6401690985169556,0.7334522125605761,0.3032300093021774,0.34249571926306066,0.31014601271106035,0.3563478918734988,7,1137.9200039927955,0.9482666699939962,A3_percentile
4,7,0.6187979979793016,0.3620333455738199,1,1,0.6892503222371852,0.6422521920855384,0.5651701833254328,0.7348896330931389,0.33617987746992134,0.3435780550042391,0.27497826764506744,0.39494264621755415,6,984.2363046042553,0.8201969205035461,A3_percentile
4,8,0.7978147684299014,0.5071727306480801,1,1,0.6014910705278658,0.5246104342675975,0.5138593503796351,0.6714913795367341,0.3699057611800719,0.36246025083217487,0.32478293546795595,0.42421124994638815,5,953.1731341225072,0.7943109451020893,A3_percentile
4,9,0.8795442822333503,0.6379697892728925,1,1,0.6047220085764453,0.5014220364481649,0.4016723910505949,0.7044716539740152,0.36492533693437507,0.38633777676582104,0.3459724596414541,0.40529065405874193,4,970.8041884428654,0.8090034903690545,A3_percentile
5,1,0.9203511997123586,0.1905008351663062,1,1,1.3522691956794854,0.9937064806178229,0.7962344482112664,1.6481728885102713,0.22362819925838717,0.24733237807791114,0.14936786716649955,0.310602283900604,12,1175.0451216059384,0.9792042680049488,A3_percentile
5,2,0.00404891192254314,0.11261069212824393,0,0,1.213155693108925,0.8913874016347889,0.7813791312313003,1.3416653477497662,0.24036327677084124,0.26717387234733214,0.18737993654318957,0.32204010057749766,11,1167.3203381608364,0.9727669484673637,A3_percentile
5,3,0.808429025128956,0.23807802764890884,1,1,1.0587753163848206,0.8091241459911789,0.761005158581568,1.2483213941058255,0.2563687770519846,0.30690708896019586,0.1919435386132504,0.3242623119779309,10,1120.4477606368466,0.9337064671973722,A3_percentile
5,4,0.7161986533575968,0.25667306882239105,1,1,1.0621204763387175,0.8646354560463799,0.7479981931564902,0.9959902415189289,0.2670558215593392,0.2836751100851612,0.25906515603842317,0.3251289502251527,9,1113.0515453213236,0.9275429544344364,A3_percentile
5,5,0.8036621057115017,0.29776639511513797,1,1,1.0117397321843435,0.8207668801355767,0.6725517367005817,0.9514406235430339,0.2792188713249084,0.2633975754308796,0.23884203857712535,0.3604363649927274,8,991.9995853475415,0.8266663211229512,A3_percentile
5,6,0.6174747956695736,0.3146052404173366,1,1,0.8607172078846027,0.7688670407971776,0.6878739528065168,0.796905246461585,0.30456160600703425,0.3242569169456661,0.29660900632274895,0.34466027713527947,7,1138.1876518533193,0.948489709877766,A3_percentile
5,7,0.7878587640595052,0.43852682262888937,1,1,0.6748390503564942,0.6604504175971762,0.6483623953330384,0.7446963439262972,0.3408534269754679,0.33118056391993833,0.31323679805036947,0.36787401002138714,6,997.0749029204248,0.8308957524336874,A3_percentile
5,8,0.5556465711334393,0.34916015597817585,1,1,0.6642022432730175,0.7067789974994275,0.5013272035599037,0.8721970529231733,0.335507334846857,0.32718073342143034,0.26973154660646487,0.4095233929018146,5,981.9837047022909,0.8183197539185757,A3_percentile
5,9,0.7982838651967566,0.5263491183825336,1,1,0.6033814718274428,0.5974219038895019,0.46832448999641907,0.7324788857205258,0.34416259179130615,0.329653484059183,0.28762317307081026,0.3861929027796789,4,952.7769519423016,0.7939807932852513,A3_percentile
6,3,0.929229916652416,0.22969308008889536,1,1,1.299922406991712,1.0899433876165392,0.7019523970241632,1.8562733282470965,0.23913260368056619,0.2353634448583085,0.13485611540320475,0.34952047170836265,10,1170.8945054431858,0.9757454212026548,A3_percentile
6,4,0.8923623520738533,0.2916238683351962,1,1,1.0275304813854353,1.0113288788256285,0.6388820856833886,1.1920634990308914,0.26755207706329603,0.25907111789840875,0.19292915389539955,0.3747510202789194,9,1154.8854676166275,0.9624045563471896,A3_percentile
6,5,0.8634982625009473,0.342706843946668,1,1,0.8711129149347738,0.9245660206881696,0.6249434908424544,1.0070846489330068,0.2851557195829869,0.2656285540381883,0.22801010098547603,0.37411716357260577,8,1124.394165226266,0.936995137688555,A3_percentile
6,6,0.810182520009974,0.40431672938721114,1,1,0.820124115826597,0.9376882933815233,0.6086391312236505,0.9617050364662942,0.3085359350437139,0.28156903767987246,0.24149664177012423,0.3837322018136312,7,1081.9421486197239,0.9016184571831032,A3_percentile
6,7,0.8123878676922837,0.4185995776550452,1,1,0.7483639035667489,0.7871488828109232,0.6790960607618237,0.9193390750013903,0.31828014780912395,0.3113264902369889,0.26955083962132576,0.3492235363060504,6,1064.521476182913,0.8871012301524275,A3_percentile
6,8,0.7161048846615902,0.39743999808786135,1,1,0.693328558518336,0.786724694007209,0.38047956392509924,0.8656484595606261,0.32351373805877487,0.29062994127632913,0.28261689741489215,0.4418150545934504,5,1060.4668731608765,0.8837223943007304,A3_percentile
6,9,0.7836057756082255,0.5498429481748264,1,1,0.6073545655532923,0.4749182636996691,0.3643437534411192,0.7179290758118422,0.3662003817674627,0.3844892709758648,0.34531218312594697,0.40537746961738064,4,888.171466613435,0.7401428888445292,A3_percentile
7,4,0.9539420701966937,0.3016486935692359,1,1,1.1449047990118346,0.7527012042294368,0.7123502541964585,1.4169885817913837,0.25696288559045566,0.310643454612658,0.17928512378545333,0.3455692299517876,9,1153.3930468119038,0.9611608723432532,A3_percentile
7,5,0.397141840235559,0.2570424072038275,1,1,1.0161402132540696,0.8853283389225317,0.6114861861275047,1.2091653902467971,0.2761942119402986,0.2682140065198856,0.21203970715056042,0.36931536369480733,8,1159.117891041754,0.9659315758681284,A3_percentile
7,6,0.8787496653712616,0.4073928771241314,1,1,0.7865194971397839,0.7392275936083966,0.6184779737376458,0.9241596985307663,0.3119877784941765,0.3514440385253083,0.256221247949731,0.37800684449311195,7,1101.7550629880802,0.9181292191567335,A3_percentile
7,7,0.7286575615472239,0.3537079991808308,1,1,0.7789059926424797,0.7610867215140276,0.5812159838337171,0.9360905315788358,0.3184126843012591,0.3266842104701303,0.2745667439659002,0.3885341379696612,6,1101.7557541569165,0.9181297951307638,A3_percentile
7,8,0.8586677662977396,0.5596235312524562,1,1,0.5958279462531954,0.6021646120502044,0.586177001821951,0.6108312303446786,0.38156867912662584,0.37357721734869503,0.372218760706345,0.40093233370516096,5,1003.6777241468982,0.8363981034557485,A3_percentile
7,9,0.8345026749119921,0.5921521206667159,1,1,0.5844621759519452,0.4931050393050067,0.38055386443854256,0.6970133508184092,0.3713367259081317,0.3624189386114833,0.3300619364481413,0.4036937280714737,4,942.1524935287082,0.7851270779405901,A3_percentile
8,2,0.04219519460273992,0.12128856268991497,0,0,1.4367308288333054,1.0875753197415543,0.8174320985807252,1.3141614750920347,0.21607750058505595,0.2327194793464388,0.1633025579150558,0.3108288468267597,13,1181.9665048068462,0.9849720873390385,A3_percentile
8,3,0.5786223937476282,0.16091387000995436,1,1,1.2726797757330386,1.0294232072269782,0.7876721361064039,1.2524598263620816,0.23193731645493956,0.24323183759712483,0.19076708254444377,0.3045763694465441,12,1173.6439443948354,0.9780366203290295,A3_percentile
8,5,0.19038855498778115,0.1951658485731828,1,0,1.0377636432893234,0.8857333414033598,0.6704914736276388,1.0171567825725458,0.27335653116447284,0.2745534514738898,0.25876331015062687,0.358431215975284,9,1167.7577673888936,0.973131472824078,A3_percentile
8,6,0.7421613679439398,0.29785052363881487,1,1,0.8525078207512009,0.8407519469994873,0.6215224517295028,1.01953516421861,0.29601730082018207,0.28281143700150646,0.23518518626718427,0.36785766959794486,8,1036.103512675227,0.8634195938960225,A3_percentile
8,7,0.8562896838539295,0.3919913909525571,1,1,0.7494572691886155,0.6696092143926233,0.6378036926000168,0.8855342811957876,0.3116055944763091,0.34239409211880883,0.26190961078697705,0.35515319633974635,7,1052.6561130077964,0.877213427506497,A3_percentile
8,8,0.873319963797563,0.43099319468157193,1,1,0.8025420992403042,0.7652346369430503,0.6481426433804289,0.8976029252250342,0.3104791498462815,0.3027602221603751,0.21726556774634698,0.36496005008282245,6,1059.5344633606464,0.8829453861338721,A3_percentile
8,9,0.8129315477955152,0.5008842781138537,1,1,0.624323167938005,0.7002084631967862,0.4880747023594105,0.769656184286176,0.35378525780068054,0.35026485613403696,0.3167934005105772,0.42958237649018116,5,1024.6937275804619,0.8539114396503849,A3_percentile
8,10,0.852171398950121,0.6024450237230713,1,1,0.5723106211714147,0.4820681493969544,0.37124821431950994,0.6831305562488592,0.36630965579007535,0.3781624913184849,0.34218443476502214,0.4022877123435381,4,980.9623649824877,0.8174686374854064,A3_percentile
9,2,0.9014382144827755,0.14321036956265737,1,1,1.4725692378849184,1.2081478782651307,0.8021034852650768,1.6823351102804476,0.2020700488746064,0.2105563352645014,0.1359358166390924,0.29329905985682986,14,1179.594119166855,0.9829950993057126,A3_percentile
9,4,0.8492543644779942,0.18683509750737334,1,1,1.2387509762738147,0.9944781429479685,0.77582775605709,1.541573292304411,0.23603401098506058,0.2587315779971439,0.15357469614403302,0.3237319206051801,11,1169.039623950156,0.97419968662513,A3_percentile
9,5,0.9190557982206912,0.23849905045430586,1,1,1.0841751917252167,0.9664892579438611,0.7129854129288495,1.397944882735093,0.25020179461276937,0.2621598570149065,0.16990882102057733,0.34572090660828,10,1154.692640781578,0.9622438673179816,A3_percentile
9,8,0.8979013822780967,0.5141525261687091,1,1,0.7879248298742383,0.7870514023442817,0.4517657363150312,1.1864447152830466,0.31040115965654336,0.22834588506080342,0.21207973665038884,0.4598182120859973,5,1052.7981772094302,0.8773318143411918,A3_percentile
9,9,0.7497034190104412,0.4539489176649422,1,1,0.802559034975109,0.8007539289586691,0.3286449778110041,1.274667986122774,0.30559589885227484,0.31520093663336773,0.17434399210632562,0.44645284337931695,4,1087.1835213411566,0.9059862677842971,A3_percentile
10,2,0.014720530460360464,0.13502323838036887,0,0,1.341854237579726,1.0205792260519142,0.7089457058020956,1.6067568218211032,0.23378865594542828,0.24837784943769434,0.14827320344860326,0.3303311517033699,11,1177.019031618813,0.9808491930156774,A3_percentile
10,3,0.8881572137230613,0.2391549746566312,1,1,1.1297077766279444,0.9498597055222169,0.6653886766612293,1.6328843938475053,0.2492692859817096,0.26102387271861305,0.15654091558365457,0.34778888978713207,10,1142.5173698013978,0.9520978081678315,A3_percentile
10,4,0.6244338455300675,0.2510281659039126,1,1,1.0036353989952689,0.7923128366123434,0.7552301385144905,1.410203011617095,0.26370618104297494,0.30223028153455456,0.16381148089208433,0.33271558947585816,9,1142.2584033179041,0.9518820027649201,A3_percentile
10,5,0.7940156310221897,0.30686320162976305,1,1,0.9106419980124093,0.7227891490913596,0.6930155041687563,1.0481283798435732,0.2839319906327513,0.31866988398681817,0.18007898661718533,0.33808206476720637,8,1066.135204078103,0.8884460033984192,A3_percentile
10,6,0.9159559238769122,0.4279020454199519,1,1,0.8369446217823893,0.7554804964581261,0.6270691836093952,0.961342240550884,0.3154934088278448,0.34471678829103963,0.2627728700969644,0.37608427852416076,7,1111.3393872602765,0.9261161560502303,A3_percentile
10,7,0.744996545699379,0.43655904309204846,1,1,0.7251209060988947,0.6862248354768792,0.5962697001691799,0.7817353896825301,0.3346200213944162,0.33792222460177634,0.3173564641724125,0.3938010444867726,6,1080.8353775345622,0.9006961479454685,A3_percentile
10,8,0.8528089378437685,0.5544734950697224,1,1,0.5975014646200254,0.5736827144081614,0.5305857240343862,0.581852898922157,0.37468695186081746,0.3947907437637572,0.33566819040310736,0.4207880097246349,5,1005.9943416907079,0.8383286180755899,A3_percentile
10,9,0.8636419925798009,0.6241696269736988,1,1,0.5642519016496637,0.5033780050497848,0.397333359267303,0.6702965474321454,0.3825148201729802,0.3882325116025499,0.3634026566301517,0.4073446751453783,4,971.3031452179796,0.8094192876816496,A3_percentile
11,1,0.2512940742546488,0.1523472481862965,1,1,1.394815934342464,1.1092433084206301,0.7899187821216562,1.709299457862425,0.21569293860898356,0.21543004478678002,0.13312975761022244,0.30610293759091295,12,1181.222480006732,0.9843520666722767,A3_percentile
11,2,0.9136866525261358,0.21153851711530627,1,1,1.2239394289733712,1.0411884216490792,0.7759152680685162,1.447509137378015,0.23396174342141263,0.23289133642216106,0.16785366276071947,0.31864880331864737,11,1164.868008767316,0.97072334063943,A3_percentile
11,3,0.9040902438496091,0.2517461204172524,1,1,1.1577752910261627,1.1295633328047028,0.7620078092975664,1.3250767753629475,0.24272828033781108,0.2218507618495283,0.1751729428464356,0.3208477046659784,10,1143.5762448479486,0.9529802040399572,A3_percentile
11,4,0.8439873825309352,0.2742608567860049,1,1,1.0819174848074633,1.0784092152711322,0.681953429587195,1.2199528607027033,0.2621526335393641,0.2680877672126526,0.18894185588474402,0.3536675894175625,9,1085.6471391263242,0.9047059492719368,A3_percentile
11,5,0.8613934016335056,0.30525855950791975,1,1,1.0322899909349341,0.9572124395812132,0.7374050390415723,1.3267853719182827,0.2685131137429889,0.2630903611549073,0.16358750766347338,0.3339979981570502,8,1113.7352530600735,0.9281127108833946,A3_percentile
11,6,0.009940021423705599,0.1476877878061224,0,0,1.0001408339919948,0.648584421523913,0.5758621541919049,1.1818935785816314,0.2852454106035432,0.34186492890726156,0.2116780444898076,0.37237458957864733,7,1156.8507526710277,0.9640422938925232,A3_percentile
11,7,0.7582332293007508,0.3420291600292167,1,1,0.8067076364443085,0.8837220375011243,0.5387959733615526,1.000989431721738,0.3037976401649189,0.2699192446072371,0.2071264016458624,0.4012464845531406,6,1063.3508267987402,0.8861256889989502,A3_percentile
11,8,0.7925540732133678,0.44552710945140944,1,1,0.751624471391481,0.6154582321793671,0.5457067815092532,0.8327105879816266,0.3310236711043429,0.29391491081687227,0.26664646981759943,0.42824155521973034,5,977.401469900419,0.8145012249170158,A3_percentile
11,9,0.9478778717385058,0.6812860315166354,1,1,0.6435806061870716,0.7060849241824021,0.4818881221728306,0.8677774081966431,0.3275354004038623,0.3061823327336995,0.24109871859610102,0.3926190145414608,4,1100.1724749249952,0.9168103957708293,A3_percentile
12,2,0.10861631438209904,0.16709811580195527,0,0,1.2606373168621947,1.092788916468967,0.7514309611362663,1.6228000024741243,0.23879469452236685,0.22852876075610482,0.16065427852159725,0.3278672816251157,11,1174.1723584119889,0.9784769653433241,A3_percentile
12,3,0.8281300648503898,0.24621299953770906,1,1,1.1271921134010612,1.0659905250553021,0.7180153235308553,1.5626386296216757,0.2491763364635652,0.2443662003978574,0.1610187093984321,0.34897490902194195,10,1143.6691645028727,0.9530576370857272,A3_percentile
12,4,0.6097218374763023,0.24477194001689498,1,1,1.0023277176220964,0.9146807608639052,0.8003413267632661,1.411564213836391,0.2658933249318449,0.30052611737301893,0.17236941019090837,0.3207436898335432,9,1129.1741331093804,0.940978444257817,A3_percentile
12,5,0.8518324345735795,0.308578229580681,1,1,0.9402801599554529,0.8715937293370859,0.6558907782570824,1.0912115346008815,0.278739311297881,0.2853217792240985,0.2123783564292796,0.35656516506190783,8,1112.9249120898128,0.9274374267415106,A3_percentile
12,6,0.9309004056251962,0.4515851968348026,1,1,0.8127644818267091,0.8982173350811833,0.5743767836634492,0.9683043624742274,0.3076774160152395,0.27776493074605524,0.2567062529451201,0.39343191936056177,7,1117.5218520733613,0.9312682100611344,A3_percentile
12,7,0.5899081811175664,0.32663727324945496,1,1,0.7354625476345117,0.7901591398344063,0.5858388227602703,0.8188513607357188,0.32460242823253316,0.3121991823245238,0.29740597811218394,0.39753913549724323,6,1063.686611440612,0.8864055095338433,A3_percentile
12,8,0.732345853927481,0.43648637122137735,1,1,0.6535405983673301,0.6343008255800947,0.499085356894081,0.662682946633045,0.3480424097017623,0.3833549108549685,0.2748264596314005,0.41597346294233617,5,945.7310147723775,0.7881091789769813,A3_percentile
12,9,0.7946839308608191,0.54611374043053,1,1,0.6067098580163762,0.4635590942216411,0.3548925715890294,0.7153763806489879,0.35937380864783114,0.38619376640996417,0.3413334384585068,0.4042341365992886,4,894.9960582925975,0.7458300485771645,A3_percentile
13,1,0.8933008112668006,0.19033713303771163,1,1,1.4434883134543457,0.9878025919068866,0.7848188812336669,2.171363599555761,0.21839976184011523,0.24884183158811646,0.09173303874641456,0.3059928552482482,12,1176.4841682092533,0.9804034735077111,A3_percentile
13,2,0.020023605654767143,0.11473848437521539,0,0,1.3977658301196776,0.9042962255471592,0.7845094691225692,1.875386277136461,0.23259113760669756,0.28016090860231313,0.15386729642741515,0.31791500879844636,11,1169.2689110434183,0.9743907592028486,A3_percentile
13,3,0.18933939254903293,0.1593485905084619,1,0,1.1927767668842721,0.8810859555424773,0.7379755259659976,1.1073534429937024,0.2468847971171238,0.2654626495754542,0.20807269414330962,0.322050663335698,10,1166.933729701777,0.972444774751481,A3_percentile
13,4,0.6048836815776703,0.23659240466687725,1,1,1.000283402508207,0.9015431616678636,0.6617198156661064,0.9370337612542946,0.2690217605381947,0.280841011181367,0.25803550432781047,0.33616731929155264,9,1166.2617097363036,0.9718847581135863,A3_percentile
13,5,0.7134865355509831,0.29389681708613163,1,1,0.8225997048587501,0.7749730577313928,0.7034728813835924,0.8354853565788252,0.3034641407094409,0.3278209987119415,0.267861305952361,0.35796865085500146,8,1024.2252324378007,0.8535210270315006,A3_percentile
13,6,0.7672541181609454,0.35715869655854343,1,1,0.756508323716707,0.7693198013553654,0.6977513057244531,0.8080810979475885,0.3169302195857274,0.312577073241345,0.2640561292407856,0.35893118480061503,7,997.088521531472,0.8309071012762267,A3_percentile
13,7,0.8228643365538117,0.4227138183372837,1,1,0.7145591533262792,0.7592229698216,0.5353678566084978,0.8904491583940559,0.3306771479218795,0.3306817924564881,0.2701366483625079,0.4104449112284914,6,1054.6011542347242,0.8788342951956035,A3_percentile
13,8,0.7476596728562073,0.45537679935781883,1,1,0.6277137868279647,0.6284952485235297,0.4781563586767685,0.7575460967407162,0.3563330470715438,0.35109780968712123,0.33481127720953124,0.3669264655871346,5,881.7233482138263,0.7347694568448553,A3_percentile
13,9,0.8806424209832848,0.6319726079474091,1,1,0.5605086651629846,0.4778072852866514,0.38094827883525906,0.6573676716143769,0.37024199833197835,0.3759437013488611,0.33372855863003065,0.4124571410508089,4,998.5372941702003,0.8321144118085002,A3_percentile
14,2,0.9504753432582803,0.18620947520240239,1,1,1.4794673510849492,1.155322531495905,0.7605058265107767,2.0743628733568324,0.21627302999677836,0.23022243058961933,0.100620862765094,0.3192803337391159,12,1180.3909522738627,0.9836591268948855,A3_percentile
14,3,0.24143124494803136,0.17336751041420695,0,0,1.349248903793524,1.1567342471368047,0.753372175924752,1.8733793498044655,0.22789348070990664,0.2216010276975498,0.12718477476804713,0.3208017491970998,11,1172.0401917545746,0.9767001597954789,A3_percentile
14,4,0.5595333352500135,0.21685247338242497,1,1,1.1806808090832122,0.9359233258337105,0.6772255142957838,1.561727555135692,0.24989985639357926,0.2849278987984514,0.14156414127296235,0.34816302236679164,10,1141.868423877028,0.9515570198975233,A3_percentile
14,5,0.9367742441513356,0.3060257991192882,1,1,1.0850591860265515,0.8461996157734061,0.6934257453633051,1.1128380716733166,0.26995366640295404,0.3011336912761476,0.21937151567708843,0.353208717632157,9,1146.050266341437,0.9550418886178642,A3_percentile
14,6,0.87404222316949,0.3382495962002237,1,1,1.0113632873155156,0.8287296565431195,0.6435643302055225,1.1450148637659552,0.27931335491939635,0.30182761099529776,0.18426022983204993,0.3750566314143326,8,1090.877666595651,0.9090647221630425,A3_percentile
14,7,0.8453737075589299,0.36117456144666926,1,1,0.9993497012134519,0.7124974280841921,0.6322560208371263,0.8958558584385279,0.290957554788642,0.3360846043094132,0.23645545196188622,0.37402382693879077,7,1077.8750364969624,0.898229197080802,A3_percentile
14,9,0.0,0.1956442351896803,0,0,1.0081779348549975,0.5231214923175671,0.36566878559688154,1.165630641575683,0.3039770367141023,0.36485138751260204,0.246698964195186,0.4221294600315184,4,1132.9721068712129,0.9441434223926773,A3_percentile
15,1,0.9304790470162363,0.1672252453540814,1,1,1.3734523592677494,1.0307788586632263,0.910929722645568,1.3651822298014746,0.22020472495584234,0.24873566111095283,0.18206126184111573,0.26339692343718674,13,1174.8873799262449,0.9790728166052041,A3_percentile
15,2,0.29468863751206575,0.1506179210814546,1,0,1.3081401774266241,1.0503386507740546,0.8902562368694948,1.151781887657448,0.23060496433256272,0.24671440612779905,0.20485326025767472,0.2806981194012657,12,1175.5973262696555,0.9796644385580462,A3_percentile
15,4,0.7190464980561483,0.24091072383759343,1,1,0.975983745631866,0.9104139615528768,0.7412389098260074,0.9571873484040773,0.27214973980847823,0.27693308905658115,0.26446212085446996,0.31420463567781565,9,1098.4579452254457,0.9153816210212047,A3_percentile
15,6,0.0020569159008032418,0.128347209981066,1,0,1.0380215832590545,0.8309848856353115,0.6308714600924675,1.036844569631727,0.27493252917539335,0.292069025864391,0.24682007587886312,0.34879954715045347,8,1167.6358870278043,0.9730299058565036,A3_percentile
16,2,0.923997626472384,0.18059151091534725,1,1,1.4077753474320052,1.018946375664825,0.8134832696330709,1.7011983668938182,0.22384436314800235,0.256750231253059,0.1355447929928735,0.3010238450683694,12,1179.7301169934717,0.9831084308278931,A3_percentile
16,3,0.9004675516749886,0.21126330960034206,1,1,1.2559009800462573,0.8564733073788897,0.7945834826723595,1.4489813720207163,0.23936293597636035,0.27498746239256266,0.15497463847240842,0.31762705669346825,11,1168.6449258655296,0.973870771554608,A3_percentile
16,4,0.6081393377737132,0.22325205885986055,1,1,1.077968120025458,0.8613479312331065,0.725212514130495,1.042157571901521,0.2517111762284902,0.26479610822296906,0.22986151356541162,0.32272589242374294,10,1168.2161001892282,0.9735134168243569,A3_percentile
16,5,0.8824342338328497,0.28679554661198847,1,1,0.9157497720614803,0.8195362821368728,0.7339641561285025,0.9278520747855685,0.2822613591182063,0.3122309149735039,0.26436609715825915,0.33582338964595104,9,1132.84661564887,0.9440388463740583,A3_percentile
16,6,0.828699542338147,0.3348622776305182,1,1,0.8219453554466845,0.8472700564657458,0.7425077052603768,0.8932214866546614,0.2930744035158851,0.29007831399836503,0.27574535695372837,0.33090792781330575,8,1090.7166582704906,0.9089305485587421,A3_percentile
16,7,0.7988235964266461,0.3756662209471445,1,1,0.7419451686239015,0.70784147039877,0.6651247239813141,0.7742935501883288,0.3240577210558107,0.34128724149702033,0.295749204611067,0.3680484136415498,7,1030.8349359932768,0.8590291133277307,A3_percentile
16,8,0.7910865716326387,0.44031233052926105,1,1,0.6611708825802587,0.6849179984153531,0.6022164371958819,0.6933296834696843,0.34181054548755646,0.3386000424255086,0.31714620041183483,0.3679429566253096,6,979.4973279057808,0.8162477732548173,A3_percentile
16,9,0.8367603063635822,0.5290990196774826,1,1,0.649827746459449,0.5610678887908346,0.529119644938678,0.7452139825453461,0.3605015209952973,0.33108577159980734,0.3280615372034242,0.4238818378750059,5,971.5677932440595,0.8096398277033829,A3_percentile
17,2,0.30382013222129045,0.1678984543243916,1,1,1.3933684641465096,1.1816502125539166,0.7794066978165788,1.6755568141971748,0.21744684411345597,0.20982720156573417,0.1421598157863544,0.3046560986269836,12,1181.2182628959258,0.9843485524132715,A3_percentile
17,3,0.40499288502014363,0.19697407601417255,1,1,1.3047056177996723,0.9687843933344338,0.7211659902372306,1.6871735095874305,0.22985527848378365,0.252502486790119,0.1369945078710723,0.33934780277078835,11,1155.6036751824006,0.9630030626520005,A3_percentile
17,4,0.7915959660494337,0.23480919326985877,1,1,1.1607667272455608,0.9778942499525314,0.7708523005955461,1.3424277036112846,0.24691652610968307,0.2611620181819687,0.17476616206657722,0.31305794874856013,10,1122.1423324019777,0.9351186103349814,A3_percentile
17,5,0.0,0.1059900564667928,0,0,1.2004049010548161,0.8232381290441272,0.6763302214766714,1.5460586716983569,0.25398209054948906,0.2822853505840146,0.14322449994014905,0.3461737488177297,9,1170.3975605611959,0.9753313004676633,A3_percentile
17,7,0.7299414968162811,0.2643355758481058,1,1,0.9615159473231998,0.804922588380019,0.6711314267629691,1.183582746685384,0.2788441083805427,0.2964607211889281,0.20388741590972354,0.35266525913393204,8,1110.315216197126,0.9252626801642716,A3_percentile
17,8,0.6352516120903626,0.31128997390724517,1,1,0.8306945886145777,0.7367038854613482,0.6487614469176808,0.9485021276696423,0.2953944957160161,0.31462648001415294,0.2608478141588832,0.3371936039213593,7,1118.597630182666,0.9321646918188884,A3_percentile
17,9,0.03283837803168257,0.1614569935783176,0,0,0.765221999279121,0.7109056174977831,0.5513962634152983,1.0101302419597935,0.3182296836821013,0.34194118711301025,0.23506423683566832,0.4017645058158534,6,1046.2315344632984,0.8718596120527486,A3_percentile
17,10,0.802210648846782,0.4583082374933131,1,1,0.6628753910195962,0.6788742792726975,0.554818218829428,0.8316138903017981,0.3363032785892212,0.28159205095515205,0.27284924758616314,0.4027184312720633,5,970.1835293966335,0.8084862744971946,A3_percentile
18,5,0.37666979184985244,0.2551160585762528,1,1,1.1557567901699883,1.0326195559220228,0.6467578106220409,1.3921586250625129,0.2565117081277292,0.24401980220596048,0.19879557404578085,0.3690023172050035,9,1164.4533252619092,0.970377771051591,A3_percentile
18,6,0.8521280349088114,0.30612224758109174,1,1,1.0082827248496133,1.059209603521515,0.6628688819559149,1.2541184171819715,0.2672421065901721,0.253188839064498,0.1908096582343985,0.34036982627577683,8,1136.1055420696093,0.9467546183913411,A3_percentile
18,7,0.9111958638320049,0.40984382873120695,1,1,0.8808869204803461,0.8867660512868218,0.6657317843752112,0.9806882207702837,0.29943268233993053,0.29428684939876654,0.2211479823178895,0.36302580925310823,7,1097.7422395923675,0.9147851996603062,A3_percentile
18,8,0.6036253403001419,0.2900585485331785,1,1,0.9381604844718655,0.8517579640322974,0.45951600369624296,1.223493757854306,0.29085121121449126,0.3025489950255025,0.19117025216380668,0.42226402315779255,6,1134.5438520362923,0.9454532100302435,A3_percentile
18,9,0.738776467933589,0.3928526980192111,1,1,0.7141561432961712,0.8388698020046209,0.4074777430162307,0.9906839736849239,0.32091301983109355,0.28723885216890493,0.24796444151047653,0.45202941607379954,5,1064.0542847522618,0.8867119039602182,A3_percentile
19,1,0.32419234049370627,0.14740377069322405,1,1,1.5085699115740758,1.154614322330276,0.8090391979738019,1.8482263704655886,0.21329002197532027,0.20842147891542842,0.1255256177191218,0.3200685788417499,13,1170.9582155818957,0.9757985129849132,A3_percentile
19,2,0.6156813862361525,0.1563175998930238,1,1,1.393448211982217,1.1894844350806864,0.7607087812345529,1.7267100438688168,0.2160526977150815,0.21449501030780682,0.1348397742133977,0.3131436834899617,12,1176.4042728260463,0.9803368940217052,A3_percentile
19,3,0.9196732933928137,0.21227554001127855,1,1,1.2003728370513207,1.0408547332807372,0.8670708133191184,1.4122629286898647,0.2394758970834509,0.25579552055443877,0.1910018096835593,0.28444989231543555,11,1165.8085763650647,0.9715071469708872,A3_percentile
19,4,0.11142387688522895,0.16736221471095378,0,0,1.0595751081960973,0.9182281574204179,0.7365323989740473,1.2608753145307434,0.2572406338294925,0.26843794885976796,0.1917246251218292,0.33532146919582606,10,1155.1942047591665,0.9626618372993054,A3_percentile
19,6,0.03787767605066704,0.1508710341950998,0,0,0.9148133258866739,0.9358510071096892,0.6910136555672062,0.9948224371394222,0.276214872312883,0.28262634531800124,0.24366661668200826,0.3065523650965523,9,1121.3328454118,0.9344440378431667,A3_percentile
19,7,0.5746939063281518,0.27775597344833225,1,1,0.8611338525746504,0.809955827256496,0.7342193988925999,0.948595466064508,0.2919968266418297,0.2938943158889547,0.2511652186155748,0.3464073331851628,8,1073.5850531195115,0.8946542109329262,A3_percentile
19,8,0.7773977160947723,0.36932668740202884,1,1,0.7738645573904904,0.7053980665301532,0.6831475697982542,0.8843525631132061,0.3173504559459106,0.33990274236934526,0.2501917673004684,0.3687641357776564,7,1033.6419591230865,0.8613682992692387,A3_percentile
19,9,0.7463934893501069,0.41633331260457535,1,1,0.7305801601122277,0.6781711153651713,0.56611463236963,0.8834233526453288,0.3269925359725177,0.34452020228188807,0.25938723689395193,0.39521920178276027,6,1036.6465985821233,0.8638721654851027,A3_percentile
19,10,0.8837921777217344,0.5493323734764782,1,1,0.6688371364331653,0.5405621515147914,0.5244672446206841,0.7344633698180674,0.3402858816939108,0.3347267381045508,0.3179856232153236,0.3952386801273966,5,993.7195322117869,0.8280996101764891,A3_percentile
20,2,0.0,0.09973261006368724,0,0,1.674743574617908,1.4285272224591183,0.7001071333239316,2.277578993633979,0.20579488011557814,0.17430064212778448,0.08821238459461143,0.33029529471878516,12,1180.4283085922839,0.9836902571602366,A3_percentile
20,3,0.6524026514491155,0.18760971553195335,1,1,1.3531417096655576,0.9547971514541764,0.7002181395804912,1.9307316107036478,0.22713398487126427,0.2604030860950679,0.1063145063952956,0.3348820369358219,11,1160.9284285627555,0.9674403571356296,A3_percentile
20,4,0.3266257039335815,0.20034146089889351,1,0,1.3081138085958883,0.9392036805687706,0.6835340438686142,1.9717297279930186,0.23526801847308842,0.2749038656420749,0.0970973661026651,0.3350760830429952,10,1150.5159456546148,0.9587632880455124,A3_percentile
20,5,0.3917478617297507,0.19627713739471048,1,0,1.268866348410298,0.840025453094895,0.6989561434971887,1.680729696077507,0.2499823124496432,0.2943034255874729,0.10241548109723092,0.32493062910467996,9,1143.7998591089813,0.9531665492574845,A3_percentile
20,6,0.7091125131667695,0.2477216840496731,1,1,1.2046840989891443,0.8247789649960844,0.5960128913635,1.4183819556490966,0.2633105241318176,0.30871424688551086,0.1322938579625344,0.3705115634208168,8,1076.6537962013506,0.8972114968344588,A3_percentile
20,7,0.03514292011785376,0.15634364309496143,1,0,1.2677149766907259,0.7264257621026966,0.562477683615846,1.6917016460353778,0.2800917297239923,0.317748460040978,0.18553139043674907,0.39803749335164296,7,1159.2503652743442,0.9660419710619534,A3_percentile
20,9,0.0,0.19878627522413594,0,0,1.1055371567465613,0.5095595511417523,0.35485505589030364,1.26024165199801,0.3010370208961463,0.3631204200375733,0.24554030399563287,0.4186171369380867,4,1135.272013187685,0.9460600109897375,A3_percentile
21,4,0.9260134333526019,0.26156529560065545,1,1,1.2514818768662106,1.0283807265763478,0.6936646309012524,1.5558537544491478,0.24434918350142718,0.2501810115966233,0.16757475053949294,0.3440845420068844,10,1177.6719927817321,0.9813933273181101,A3_percentile
21,6,0.9491279102060795,0.3117574648867919,1,1,1.0727395236385129,0.7760897784231031,0.7072804520184537,1.6210487903238733,0.2601994637287624,0.3221684995184677,0.14722306392181844,0.3384439298623082,9,1145.220678481673,0.9543505654013942,A3_percentile
21,7,0.10020564640307669,0.15990616145396813,1,1,1.09213829099805,0.7738735145822573,0.6219209025310475,1.4805797408481625,0.2730022745634345,0.3077810491413743,0.16989564586312175,0.3755838725678243,8,1154.546632252313,0.9621221935435942,A3_percentile
21,8,0.9469399139469531,0.449457973647861,1,1,0.8075573720048121,0.8701976320417452,0.6190980274996116,0.9945281572349092,0.30305817121997525,0.27593273105912364,0.23842647695764352,0.3780984841000953,7,1094.353571826546,0.911961309855455,A3_percentile
22,2,0.9360435288900624,0.1935203225048042,1,1,1.488019101532409,0.9742709487686163,0.7734639497137086,2.1175783672635755,0.21832975066129864,0.2524532105738628,0.10672888759241962,0.31734526935668633,12,1182.406613982171,0.9853388449851425,A3_percentile
22,3,0.9097397775285454,0.21656399957203687,1,1,1.2504671628744901,0.923844469571656,0.7891566769221441,1.687023271945638,0.2362624618543844,0.2579675291672538,0.1268777898847464,0.32112928021663895,11,1161.1965078875396,0.9676637565729497,A3_percentile
22,4,0.1126335570299169,0.19409251616823292,0,0,1.1212628502646944,0.8116861598383001,0.7667954306255957,1.2342997933535378,0.25423615411193007,0.2909741524503031,0.20382515126628983,0.3361597160985068,10,1171.9212321595148,0.9766010267995957,A3_percentile
22,6,0.9229089750370044,0.2976141678484078,1,1,0.9783830182773782,0.8384613709101963,0.7867964759640916,0.8820136122008102,0.26789936296760636,0.2752592033480849,0.27101483444816593,0.3304993677276253,9,1112.6343560848022,0.9271952967373351,A3_percentile
22,8,0.07947841306965578,0.1957759153791205,1,0,0.929713185691099,0.6659549642218103,0.5221022946713889,1.0482414865091396,0.3078868112569717,0.35555368462904025,0.24044085012614613,0.4187137506392735,6,1143.885263581904,0.9532377196515867,A3_percentile
23,2,0.08983629615780855,0.13569195165748632,0,0,1.416930978428722,1.1628305865978639,0.7517232781780071,2.31983058894428,0.2134171704306542,0.21723641578875416,0.10225774750306353,0.31957487007557583,13,1171.4989106271935,0.9762490921893279,A3_percentile
23,3,0.8605714204703212,0.17243708663170731,1,1,1.3199282647305826,1.0662504479335064,0.7572065409659301,1.6703291941409615,0.22374487327814405,0.23642133067171067,0.16276131455587586,0.3141981990582299,12,1172.7020849191626,0.9772517374326355,A3_percentile
23,6,0.9249795123160334,0.28929611899091157,1,1,1.0590056066882576,0.7694599251435492,0.6481581637215447,1.2238983756511428,0.2683121575120558,0.3065315648080471,0.21091402531821776,0.356231666585463,9,1154.4508118356323,0.9620423431963603,A3_percentile
23,7,0.36613177370162764,0.2541376481874853,1,1,0.977629386691934,0.7883568891106838,0.6724964728060234,0.9915835113299875,0.2885040064987738,0.32214474081790706,0.2473778657257183,0.36978899277152444,8,1150.3701059282257,0.9586417549401881,A3_percentile
23,8,0.4519602011954994,0.2826154837218575,1,1,0.8084429700404889,0.732267645375501,0.5938186475999054,0.9600593072584567,0.3044512471238359,0.3132745934795467,0.26244140679838185,0.38027481674894015,7,1097.9030876071959,0.9149192396726632,A3_percentile
23,9,0.8191675815189197,0.42627115927317416,1,1,0.7304411214075733,0.6988335708944748,0.5201850286387069,0.8824476678287756,0.32897684208056416,0.301069470165206,0.27376716019284525,0.39104834830223095,6,966.3848666205603,0.8053207221838002,A3_percentile
23,10,0.2749411760650534,0.2494847321446476,1,1,0.7930719404748107,0.5593317555810086,0.4375763142506068,1.1864079665871528,0.3059074675201595,0.3675327615583979,0.14156802025104648,0.42595230824430486,5,1051.82170041596,0.8765180836799668,A3_percentile
24,2,0.4304603547251894,0.16877119901513135,1,1,1.5097331846612496,1.2571289690828307,0.7423075076219605,2.1113765462682608,0.21625913239560615,0.2151503496723797,0.09468720110507087,0.32928505204880043,12,1173.3981826689203,0.9778318188907669,A3_percentile
24,3,0.4154570825596542,0.19492324156828114,1,1,1.3366447691404626,0.9223924242826046,0.6993969480329286,1.6543810430232697,0.23292915993910848,0.27565828134638254,0.1438415094721477,0.35592086818936586,11,1172.3813225359957,0.976984435446663,A3_percentile
24,4,0.7818971668239241,0.24238117313030708,1,1,1.21059516960693,0.9460213784771876,0.6782421424379783,1.586304985984921,0.24512671618295379,0.27003223677187094,0.13622819286367577,0.358424185919542,10,1129.3884328653419,0.941157027387785,A3_percentile
24,5,0.652198088475229,0.23085693212128847,1,1,1.1320899230104973,0.8616924150133053,0.7257506528370117,1.6759548144902268,0.25806880689563966,0.29229774068970815,0.13954092022367917,0.34682126540583846,9,1143.2562524320467,0.9527135436933722,A3_percentile
24,6,0.0,0.0971803011640407,0,0,1.1136821114670983,0.7907653176138959,0.6581508279691017,1.0489981653138427,0.2777726942090619,0.29924419653560197,0.2474451119140494,0.348892950222809,8,1172.5502058127809,0.9771251715106507,A3_percentile
24,8,0.7784434870267718,0.502926183590335,1,1,0.656294265310001,0.6252173448998769,0.5539220414153312,0.6399063965420964,0.3502521036072945,0.3561318401898501,0.31637374495478376,0.38299465938002397,5,988.9717621754028,0.824143135146169,A3_percentile
24,9,0.0,0.18798668722289846,0,0,0.8455305399189639,0.5305110941291817,0.3622631214136637,1.0137785126344818,0.31946231515700857,0.3811278517683401,0.27222887129227985,0.4283612956330688,4,1107.0643259393253,0.9225536049494377,A3_percentile
25,4,0.7233653471278172,0.19896889133346551,1,1,1.21647278454677,0.9572150000031384,0.760749739139724,1.428457067054163,0.23672944124014392,0.25911304806502344,0.16372068225405073,0.3215009681797264,11,1176.6627283830314,0.9805522736525262,A3_percentile
25,5,0.525939492375024,0.20222455501634304,1,1,1.0908293399828382,0.9431157984634548,0.7630375663511835,1.2855280974680368,0.2572942311308747,0.27098848640130035,0.2027535277252674,0.32751332112311593,10,1162.9919366161166,0.9691599471800972,A3_percentile
25,6,0.8735993916244651,0.27568983632602817,1,1,1.0112433784846582,0.9306377230043412,0.79634179202304,1.0287644899630308,0.26698903886664177,0.2653679710589891,0.16580143175779505,0.31953399365603286,9,1073.7406287404199,0.8947838572836833,A3_percentile
25,8,0.7227397630926955,0.36964298313720734,1,1,0.8559563511553673,0.7397945056797963,0.591938518287698,1.187058357275166,0.314343117749961,0.332916670644215,0.22213895908615228,0.40717422893427296,6,1114.0261302353526,0.9283551085294606,A3_percentile
25,9,0.6783150034791787,0.3672141915723636,1,1,0.7705045602272691,0.8607228185938948,0.39701585785181875,0.8711667423600927,0.30962818748301985,0.2798913801921756,0.21088940350030508,0.4376673537304842,5,1003.4626969399919,0.8362189141166599,A3_percentile
27,1,0.8753751115072844,0.15547719670435084,1,1,1.522894483982355,1.029600430021802,0.8087369527914412,2.3977121374999313,0.2064673642235193,0.2407377278997839,0.08718340382438107,0.2827726020377888,13,1176.5213437473226,0.9804344531227688,A3_percentile
27,2,0.9231320549518295,0.17960340808107633,1,1,1.4065448346253608,1.083636607385028,0.7938309205623437,2.004923832084599,0.2213361518617549,0.24416954391644943,0.10374143868463145,0.312578787089329,12,1174.0144960607179,0.9783454133839316,A3_percentile
27,3,0.8574867015437162,0.1865344221161106,1,1,1.2941225891086854,1.0152297037390683,0.7400461517260195,1.63467112631056,0.22944020118630568,0.24141520867867017,0.14896115744371768,0.32251356459802866,11,1167.8586188319655,0.9732155156933046,A3_percentile
27,4,0.006786803727660617,0.11347561876442498,1,1,1.2123424922461363,0.9149177083344986,0.7091539574164184,1.3118524267875542,0.24637622110909554,0.27549249566178013,0.17163118009701336,0.332867738240942,10,1179.3772223618307,0.9828143519681922,A3_percentile
27,6,0.6080146147640288,0.21049432002081342,1,1,0.9992280251904057,0.9734634014875786,0.647061708056032,1.1009490545498208,0.2658884389856435,0.26748087416911925,0.22434998213073715,0.36702534678201726,9,1149.7842787768318,0.9581535656473599,A3_percentile
28,4,0.8976881002782277,0.17846939883169238,1,1,1.3422103087751123,0.9611483141041032,0.6259965395472431,1.8441807847727223,0.23562724753355918,0.23964973968809283,0.12704378282241932,0.3676095269272125,10,1176.5601253540678,0.9804667711283899,A3_percentile
28,6,0.1954170901958316,0.16914371477884502,1,1,1.157736602258768,0.948807615802208,0.6258375696686591,1.7091942216113227,0.2575362158185841,0.26445469543220546,0.14391430108602524,0.37261042479332235,9,1171.7116234117066,0.9764263528430888,A3_percentile
28,7,0.36723855554007323,0.20795385771322275,1,1,0.9756052032996294,0.7739133148383731,0.6018313833567426,1.1407684689745872,0.27713479877680547,0.31206082309570904,0.2090961700126486,0.37342939160468885,8,1147.5086970887103,0.9562572475739253,A3_percentile
28,8,0.5531984915042392,0.26062538150932857,1,1,0.8485485380617744,0.6112458157885108,0.5934182433805246,0.9546964870917248,0.30536471292946515,0.36763559136228885,0.2626981401023663,0.3745138678409009,7,1137.1950195705042,0.9476625163087535,A3_percentile
28,9,0.780380975993889,0.3482844165473135,1,1,0.70238684224776,0.6006760282815327,0.5785941716365912,0.8319616741064942,0.33969476420490974,0.37497027622096457,0.30369430889706084,0.40114988002170104,6,1061.454576741931,0.8845454806182759,A3_percentile
28,10,0.7211388550009675,0.3864673865440308,1,1,0.6091189033596256,0.5501947709712541,0.5365606899580291,0.581532761586419,0.3657628378269873,0.4129886500632573,0.3859923489366417,0.4133726415856357,5,1035.1016564451402,0.8625847137042835,A3_percentile
29,2,0.8655584518539678,0.09637175025782233,1,1,1.8164374272071209,0.9481800198274773,0.8472242405307504,2.692933583625929,0.19228932025862946,0.27622240625674016,0.08125051824111401,0.29614090933377,15,1186.011624072447,0.9883430200603724,A3_percentile
29,3,0.896808116933697,0.11730804781413026,1,1,1.5676091441191542,0.9136876364134527,0.8490997458855154,2.3961065912935986,0.20624871552990603,0.2637387409246914,0.08400554361726531,0.3058584964506443,14,1187.5499093063743,0.9896249244219786,A3_percentile
29,4,0.6161186008988895,0.11322582835280988,1,1,1.4415011848205772,0.8923229494898258,0.8267436707218063,2.0935668955258033,0.21861211663949462,0.2741735013144823,0.0953486629654026,0.3070339252902752,13,1183.6316152055208,0.986359679337934,A3_percentile
29,5,0.5991635207208829,0.13229529034142112,1,1,1.2699289426221647,0.8657291695275545,0.8110444824005633,1.5828571451358677,0.2330425444722094,0.2900696561128146,0.15196245914905546,0.30139278435050537,12,1173.225886429012,0.9776882386908433,A3_percentile
29,6,0.8246196075253894,0.14826068678201745,1,1,1.1495413422463203,0.8384031317486337,0.8000054021971076,1.167872439477592,0.2421339433968736,0.27939558321327024,0.21441714275780843,0.2934451047368475,11,1175.5944718218261,0.9796620598515218,A3_percentile
29,8,0.684506023929742,0.2163261967450723,1,1,0.9081965127111392,0.7172460295936045,0.6706334094814275,0.8625411487654411,0.2880025440427172,0.33205677747427226,0.28592594492063483,0.3485601448504493,8,1148.560716212903,0.9571339301774191,A3_percentile
29,9,0.7526065930629162,0.2637510240264608,1,1,0.762587382390245,0.6782978498301007,0.6587407646861296,0.7046760013273425,0.3138577303460068,0.34239115410726684,0.3288497728420436,0.3475670085722947,7,1097.8915130104124,0.9149095941753437,A3_percentile
30,2,0.9568769178271623,0.10834763731169217,1,1,1.6176057810154547,0.9763343558815104,0.89415779403998,2.2932568018804664,0.19828629336223588,0.264078601328702,0.0953842149842884,0.26847487324088015,15,1187.8547078463635,0.9898789232053029,A3_percentile
30,3,0.43821671329187795,0.09966827914918669,1,1,1.4348923351493714,0.9726278056913829,0.9011123440448789,1.620202658313664,0.21081521207424014,0.2624740939748746,0.14768938659265415,0.2745090888683035,14,1181.8079561315085,0.9848399634429238,A3_percentile
30,5,0.22174651642419613,0.13499640071719435,1,1,1.2451444588281557,0.8340021124421122,0.8117360811495499,1.3174611872526447,0.24121379272496155,0.2861873601905428,0.20463919695092336,0.3100018207568647,11,1173.5409438067832,0.9779507865056526,A3_percentile
30,6,0.7958873694999199,0.16823888346768742,1,1,1.0378797917971183,0.810934414593693,0.795520841568725,0.8416674988229604,0.2615666989092163,0.29857200843311416,0.2833585939595079,0.30899517953247985,10,1168.6902578436104,0.9739085482030087,A3_percentile
30,7,0.796142506727652,0.19192827249770705,1,1,0.9061966110663128,0.8152992750311685,0.7743268809892423,0.8440667732125744,0.2827439775953947,0.3105222116498005,0.29575539592350714,0.3146579412365992,9,1143.4816923689186,0.9529014103074321,A3_percentile
31,1,0.8713516877285258,0.0910007847514769,1,1,1.7380963919725199,0.9911157090402872,0.9409652773351256,2.5515106078360352,0.189846436374357,0.25451872728313096,0.08369758379494838,0.2686044794018925,16,1185.8423059965512,0.9882019216637926,A3_percentile
31,2,0.13258182683834205,0.09664562270611102,0,0,1.5829203189254848,0.9464990016229036,0.9062751499855215,2.1074054545846437,0.1986585009943719,0.2563581215758378,0.10555450090515797,0.262540846177824,15,1185.8142134143175,0.9881785111785979,A3_percentile
31,3,0.8377411836546945,0.10723382345726405,1,1,1.475680550585661,0.9374815145064592,0.9117738869010561,1.6984720246770963,0.20868116010611842,0.2582491400636002,0.1540049346939022,0.26956508030703225,14,1185.5095564465905,0.9879246303721587,A3_percentile
31,4,0.8907871182958296,0.12124388024714945,1,1,1.2750610660118762,0.9341443794527864,0.9144087304840745,0.9918173846288445,0.22592465452333602,0.26596224243180394,0.2600866488308806,0.27268793243314676,13,1177.641879494387,0.9813682329119892,A3_percentile
31,6,0.7667391572029173,0.1632755161026032,1,1,1.045119529221496,0.8249344065761262,0.8135128062728042,0.8430960077341374,0.2610908382214104,0.292490298214403,0.28876796824325873,0.3059909475252408,10,1163.9738209696816,0.9699781841414014,A3_percentile
31,7,0.7076353511089303,0.18182719380430254,1,1,0.8860290338487287,0.7967281613627382,0.7741337096561528,0.8139934174923886,0.2762397184911937,0.2965633096494531,0.29184914650399635,0.2974804045072574,9,1143.7357422972727,0.9531131185810606,A3_percentile
32,1,0.6449122463636717,0.10888617919477345,1,1,1.7666889993983783,1.4997718679442593,0.773155023380765,2.722924083308816,0.19359955371616366,0.1624441566622562,0.0703002771927854,0.33034422701734656,14,1188.6966838472704,0.9905805698727254,A3_percentile
32,2,0.05706380351945819,0.11014449827246374,1,0,1.593315086735361,1.34702298607963,0.7214391745420815,2.438874558192877,0.20573913008998085,0.16166570863364096,0.08450906152154247,0.33322115678899805,13,1171.269230126798,0.9760576917723317,A3_percentile
32,3,0.8383455417946337,0.13373446876346107,1,1,1.4435356575924798,1.1123261290171436,0.734367067346877,1.9733572643938182,0.21482609784248918,0.2256064540753284,0.10816320380617817,0.32762379722327006,12,1181.3273690173341,0.9844394741811118,A3_percentile
32,4,0.14281273653653787,0.13480638547120274,1,1,1.303720153643816,0.8381353033418111,0.7250852826684664,1.7305106063029734,0.23366490158248918,0.2865588473010107,0.13968262139812646,0.3368719496703224,11,1168.3940654383066,0.9736617211985888,A3_percentile
32,5,0.7226511192380765,0.16098538518447544,1,1,1.153914642311335,0.760926326798669,0.7175860697594056,1.4658060806399784,0.25193588106902665,0.31741139200070256,0.16566352618391103,0.33360043462031974,10,1170.4981519794514,0.9754151266495429,A3_percentile
32,6,0.5276996114225252,0.18271977870625933,1,1,1.011522486461692,0.7258518981067644,0.702692014606734,1.3321988721297329,0.27053085373343627,0.31895628066480186,0.17433744746004962,0.3329431299724288,9,1144.677320622958,0.9538977671857983,A3_percentile
32,7,0.3548111835074762,0.19714327598093118,1,1,0.866724231156595,0.6836594724125991,0.6661389373283924,0.8962760062416409,0.28602633242838205,0.33390914856215065,0.2699039107384963,0.3416415920707174,8,1131.1260237285007,0.9426050197737507,A3_percentile
32,8,0.6779148659125898,0.25562932797403887,1,1,0.7741483680749769,0.6757792928266088,0.6541669789231689,0.7068859393771288,0.31295077287110157,0.3458143673981136,0.3271989589513591,0.3575449689951469,7,1115.1712616341583,0.9293093846951319,A3_percentile
32,9,0.5886155083074177,0.28242187902871324,1,1,0.6528205820701519,0.6341253363974144,0.6242974907420018,0.6765109364411579,0.3381950581235241,0.3564119173703475,0.3492154946571931,0.36454481779754905,6,979.7320489440073,0.816443374120006,A3_percentile
33,4,0.5087709915418726,0.18212808815525763,1,1,1.2508346348173454,0.6601786111025739,0.6497438140748376,1.5985901760882748,0.25485708580422106,0.3337611476837419,0.15669005052807666,0.35461204339010066,9,1175.598727523621,0.9796656062696841,A3_percentile
33,5,0.8474310262882615,0.2258838801587427,1,1,1.0460056242645406,0.6593813370658387,0.6460479749888763,1.116736684855438,0.28065011748354896,0.3481956929037687,0.22939351511474879,0.35861458244794003,8,1173.192416587089,0.9776603471559074,A3_percentile
33,6,0.6660212323027606,0.24704787619609986,1,1,0.8290021025138474,0.6475287081013232,0.6242103022308173,0.829743323893228,0.3079847116726709,0.3568655331634593,0.29603353329404003,0.36736735505302814,7,1130.2059658677194,0.9418383048897662,A3_percentile
33,7,0.6660745444080687,0.29993087762670567,1,1,0.6683618297856283,0.6214492829665101,0.6100281569752343,0.6332440102332417,0.3401213312087212,0.37131223419415077,0.3684210582333261,0.3740264426973749,6,1058.2394277832163,0.881866189819347,A3_percentile
34,3,0.8382193768888594,0.12852067142495407,1,1,1.4966883570262406,1.2170882450227234,0.6990062407664608,2.159497506953393,0.21570465822204846,0.22469753133635995,0.09607641116108087,0.3405044110834522,12,1183.5962222185453,0.9863301851821211,A3_percentile
34,4,0.06129244605030091,0.1323180718881384,1,0,1.3929084653008585,1.180307848507904,0.6938835600964377,1.900231440524864,0.22831614394926436,0.23411206248143362,0.12850550112124684,0.33763700288101306,11,1183.2226415738778,0.9860188679782315,A3_percentile
34,6,0.7288880299965268,0.17043367820779542,1,1,1.1833317329790494,0.9386644853993429,0.68053359712581,1.4195671242591912,0.2448051886019938,0.2759802391262718,0.17721154686085241,0.3416442022778658,10,1176.349987647873,0.9802916563732275,A3_percentile
34,7,0.5169646608330465,0.18534834089696592,1,1,1.0270372506981926,0.7032975108476714,0.6663781268768302,1.162895612874081,0.2668565085513841,0.33729999894612583,0.19908795704241342,0.3524677699403294,9,1160.7504500210905,0.9672920416842421,A3_percentile
34,8,0.47930594879384136,0.20318667401161117,1,1,0.887401396006854,0.6642256332730154,0.6641305072756569,1.117663038773276,0.28978759852608754,0.34527234301265497,0.22024524582499913,0.3615175421121638,8,1121.3351145622476,0.9344459288018729,A3_percentile
34,9,0.7557627266404631,0.2760122044214728,1,1,0.787380622410553,0.6498599698196622,0.6449824574930499,0.888082947570427,0.3163493051854131,0.365597810260537,0.28655940481837167,0.37292230883875277,7,1082.9746434814635,0.9024788695678863,A3_percentile
34,10,0.6992605516787566,0.2983360553488991,1,1,0.6858780317171821,0.6072602327828482,0.6003796414442913,0.6163168761233169,0.3332189754580301,0.36540902149227195,0.3581759888727252,0.3738127109744646,6,1088.456749707348,0.9070472914227901,A3_percentile
