season,week,pcp_weighted,pcp_softmin,accuracy,accuracy_softmin,mean_cv,median_cv,p25_cv,p75_cv,mean_ci_width,median_ci_width,p25_ci_width,p75_ci_width,n_alive,ess,ess_ratio,scenario_id
1,2,0.8977455825646365,0.45687246079631344,1,1,1.1778661444543852,0.9715214635803876,0.45763630478830153,1.4401343398762458,0.2768996308469435,0.27416164895077544,0.1356248778006036,0.43362892801430136,6,1134.8612906654432,0.9457177422212026,A2_ratio0.25
1,3,0.8591788503742972,0.5445118660959151,1,1,2.0132523825688473,0.4750388606837815,0.41160547566557126,0.7970538052977859,0.3026253360021955,0.42532333817343115,0.21313840119399194,0.4295806338184668,5,1068.2116859226585,0.8901764049355487,A2_ratio0.25
1,4,0.8072680779986258,0.5446787051837778,1,1,1.011001474600781,0.9178163134312907,0.2859368422321843,1.6428809457998874,0.2702057681833324,0.2697756965569069,0.1044770572319401,0.4355044075082992,4,1108.8107853278484,0.9240089877732071,A2_ratio0.25
2,1,0.8570537638864392,0.1906605090812941,1,1,1.5700904210389537,1.0458674205286849,0.6618163629469,2.465726146212141,0.22894554418638374,0.2464252779477494,0.07831260298189321,0.3543038176653666,10,1176.801739087315,0.9806681159060957,A2_ratio0.25
2,2,0.6910994954280103,0.22128915190731255,1,1,1.4822026603441065,0.9601946964667142,0.6579076369335557,1.6831325935588823,0.24323561467174878,0.2544026262772101,0.13012587927791844,0.34564834724112353,9,1168.1860995263487,0.9734884162719573,A2_ratio0.25
2,3,0.7829376996574958,0.3058667963984641,1,1,1.042171270915461,0.9667354694451633,0.639145103479725,1.4252540209123163,0.2693685420391696,0.2598052306759947,0.16050884295582651,0.38740716453464913,8,1136.3172974831477,0.9469310812359565,A2_ratio0.25
2,4,0.6168366242174631,0.2996085409389927,1,1,1.1263277215456855,0.6569199378224102,0.6179332765220245,0.9715641928034225,0.2875399617184437,0.34516390342972214,0.22140939020843634,0.3741539051922027,7,1078.5783804018927,0.8988153170015772,A2_ratio0.25
2,5,0.738492191597464,0.39035279145995333,1,1,1.2969655976102124,0.6121702561288931,0.4937930673029942,0.9503074620923703,0.2975777577403446,0.3711034609059545,0.21539114358646325,0.41125210955589775,6,1063.7905953001127,0.8864921627500939,A2_ratio0.25
2,6,0.7937044092972376,0.5621178487476741,1,1,0.8409710086352817,0.603978604670369,0.41047899623637185,1.3002840596480831,0.31346325257013075,0.2979729939028538,0.20545446113576155,0.4536838248074053,5,979.1267935835888,0.8159389946529907,A2_ratio0.25
2,7,0.8084415508547587,0.5734527359100365,1,1,0.7467621867827128,0.6206194464548216,0.38308113489644635,0.984300498341088,0.32036422671005016,0.34569355560159454,0.28050697542056896,0.3855508068910757,4,921.6610318144777,0.7680508598453981,A2_ratio0.25
3,1,0.5498144173319064,0.15607267775484307,1,1,1.694426554718621,0.9946206961468953,0.6981070293733641,2.3674652398015326,0.217852780568086,0.25964341970232946,0.09091483414280249,0.3399275208092618,11,1182.034757078578,0.9850289642321483,A2_ratio0.25
3,2,0.6274246878647738,0.1806351028186018,1,1,1.5611516190790702,0.8743559607305839,0.6700634778405541,1.6696336146150943,0.23317822137152802,0.28178294045263663,0.13863717021835395,0.3456754439177837,10,1172.8810849452339,0.9774009041210282,A2_ratio0.25
3,3,0.7877766467680177,0.25674349115303735,1,1,1.4595094937666333,0.702342807722439,0.6489545745800465,1.9025728621424696,0.24701528850941668,0.3204271841472448,0.09466201228484003,0.36013683882402175,9,1151.7484644421666,0.9597903870351387,A2_ratio0.25
3,4,0.7912798867984433,0.2914783772920255,1,1,1.1554345888909894,0.8123005271774163,0.6440536328721653,1.12834968728863,0.2706733563493575,0.30063867060229793,0.2027106531855062,0.386830161491576,8,1137.9857576045802,0.9483214646704835,A2_ratio0.25
3,7,0.83075336319274,0.555487441677558,1,1,0.7379118901027117,0.611773295542214,0.43709679366725296,0.6564490166605249,0.3376449072412167,0.37347957693600464,0.28835700363102185,0.4407434918843521,5,997.4539713909181,0.8312116428257651,A2_ratio0.25
3,8,0.7970149457967382,0.6137058028929584,1,1,1.1346545681795956,0.44347987236317027,0.35614712414679783,1.221987316395968,0.3141528201398239,0.3771793100548456,0.24703346942955776,0.4442986607651117,4,966.0565700628783,0.8050471417190653,A2_ratio0.25
4,2,0.5078173762748066,0.15647562294196377,1,1,1.614952972084634,1.270207659886593,0.7003497225445708,2.445966333225458,0.21552658923108037,0.1924611716492427,0.08915025970046975,0.3361311643378908,11,1182.1895459955513,0.9851579549962928,A2_ratio0.25
4,3,0.7021040692844132,0.24065296869933597,1,1,1.496584987752016,1.1129014945714761,0.8136256372697208,2.064520377261762,0.22205348978439168,0.21618253054224745,0.11244666372891536,0.2940573081073522,10,1159.8176255238322,0.9665146879365268,A2_ratio0.25
4,4,0.7800702436547875,0.21555774038007247,1,1,1.513207283304988,0.8581166085794533,0.6599411317766575,1.4868573946307406,0.24419796434904395,0.28147044554192735,0.1716772982855854,0.345579653719143,9,1173.0429611245795,0.9775358009371495,A2_ratio0.25
4,5,0.5430025642645709,0.2459261272560355,1,1,1.1291052408213467,0.7715090073401308,0.600468135310123,1.2366857159289752,0.27366757842941747,0.30995825249029063,0.1935191568884822,0.37041607009617833,8,1099.2449496020638,0.9160374580017199,A2_ratio0.25
4,6,0.7559109830478662,0.3767047488763387,1,1,0.8309063309951534,0.6969127130081967,0.595297292521527,1.0515465215531217,0.30059532728837984,0.36836292334344295,0.21943666256885547,0.3788860096813219,7,1087.2442270607496,0.906036855883958,A2_ratio0.25
4,7,0.6490453680548507,0.42179355360743864,1,1,0.927944211114375,0.7343652587803124,0.5771673211051576,1.361087641164956,0.29975229955806143,0.28603051743486546,0.17565773183267774,0.40000492745700555,6,1019.338152701674,0.8494484605847283,A2_ratio0.25
4,8,0.7323251823817798,0.4760849681059763,1,1,0.909727242370179,0.49490079601411874,0.47270161832749874,0.6549962820197458,0.321018661970066,0.3985608504245815,0.2586026333243608,0.4268974759401604,5,985.0095615554667,0.8208413012962222,A2_ratio0.25
4,9,0.9286411785026731,0.6482595545403914,1,1,0.7032132998452186,0.7390004682418759,0.3787001268019069,1.0635136412851875,0.3203751370789442,0.3066975496904586,0.23426921668392697,0.39280347008547584,4,1003.1824078619295,0.8359853398849413,A2_ratio0.25
5,1,0.47690304134680195,0.14210051503483245,1,1,2.1561341307029083,1.0936559957425258,0.7506747508419466,2.459347540007077,0.20796278907052038,0.23389708539557635,0.0806986717690781,0.3222119209914463,12,1181.336471657653,0.9844470597147108,A2_ratio0.25
5,2,0.42387475192804613,0.16061124256763268,1,1,1.5570731426023847,1.1522030784192165,0.6820143544711219,2.3387761347188647,0.2197135445653566,0.2307847396592796,0.086552052822742,0.3390821171582755,11,1168.233783978655,0.9735281533155459,A2_ratio0.25
5,3,0.7239960232509176,0.23363076166619096,1,1,1.4037882400217263,1.1897220557755197,0.6474023028016553,1.7053844070045168,0.22888767172403818,0.20921233155703012,0.12442162976049471,0.3569541818295444,10,1163.2619153942244,0.969384929495187,A2_ratio0.25
5,4,0.5765742611859629,0.205683703313796,1,1,2.5299929990295706,0.7765391744116549,0.6829884144468276,1.220754771012464,0.261072142260914,0.3214484459567252,0.22488316270001107,0.348559095677356,9,1137.16484853265,0.9476373737772084,A2_ratio0.25
5,5,0.6166076211927447,0.2731823398326681,1,1,1.3641286796000056,0.799477554723329,0.5883011127062237,1.6118749847417624,0.2586141856841203,0.3110825375407239,0.12393228609771678,0.39061578645560147,8,1083.1086406098648,0.902590533841554,A2_ratio0.25
5,6,0.8738560209770643,0.34018615904592964,1,1,1.4525452543746582,0.6453387485265976,0.5675814998238427,1.3830154856148515,0.2785506461544133,0.3281175941853786,0.18286221473598396,0.4025906029536709,7,1155.8771434127366,0.9632309528439471,A2_ratio0.25
5,7,0.6828753947877241,0.3677755829899169,1,1,1.332731382243596,0.5868471301093052,0.534121487210619,0.8244456024027578,0.3038969798935816,0.3702441491184758,0.2348689731136584,0.406688116240776,6,1031.059418687871,0.8592161822398924,A2_ratio0.25
5,8,0.7460253309487874,0.48549930368302147,1,1,0.8974765968522996,0.5594642821695217,0.4230816375834592,0.894009019564556,0.31096271603737236,0.29256150958026345,0.27838932257702687,0.42566743524818584,5,934.38017374295,0.7786501447857916,A2_ratio0.25
5,9,0.8805300121179662,0.5795463754458238,1,1,0.7510075248832695,0.7627877488670768,0.32710904602805624,1.18668622772229,0.3076952043171223,0.301185585371866,0.2228775688361717,0.38600322085281663,4,934.3992317776441,0.7786660264813701,A2_ratio0.25
6,3,0.6423778154499467,0.18425780950550405,1,1,1.719189426673833,1.213329050503803,0.7122530355190595,2.476342547576387,0.2205289843335135,0.2112739126788038,0.07804988086254852,0.3518202114700132,10,1181.4245309269088,0.9845204424390906,A2_ratio0.25
6,4,0.6295603142113977,0.238176014744892,1,1,1.1529353538577343,1.0696340071460928,0.6959111257705111,1.4619421898420188,0.2462108794293295,0.2301682457806604,0.1569461023095501,0.3532686942322054,9,1167.0561171468873,0.9725467642890728,A2_ratio0.25
6,5,0.6567726741635647,0.2610316599374541,1,1,1.3006988166427078,0.9435709689485104,0.5873074721230489,1.3983113731286594,0.259145928758867,0.2716864899705901,0.1701574560987678,0.3731926012519301,8,1149.232282351906,0.9576935686265883,A2_ratio0.25
6,6,0.6413354887455145,0.3046688515365702,1,1,1.2639189606587393,0.8264815243286936,0.5452024564282498,1.172043778253784,0.281084016735353,0.2952524805895218,0.19486331494191592,0.3988343762663978,7,1103.0584068768,0.9192153390640001,A2_ratio0.25
6,7,0.7224698241718328,0.3934698892141766,1,1,1.0408386503475102,0.6291247520371366,0.5374966244357475,0.9049251704639346,0.2987318800973314,0.35813349054823806,0.22367196865174319,0.3924116252250224,6,1057.3013981893075,0.8810844984910896,A2_ratio0.25
6,8,0.7540516627504978,0.48912729586264186,1,1,1.1590606469631035,0.5080362052433031,0.5060932282512375,0.7385853041040861,0.30956443410660384,0.4047235087342386,0.24128819418375386,0.4080841561277823,5,1009.6304013166869,0.8413586677639057,A2_ratio0.25
6,9,0.7778996359342233,0.5800898929745191,1,1,0.6759297976100609,0.452819699547823,0.38415338882235023,0.7445961083355336,0.35943997486272206,0.3973951826740058,0.3208983967396036,0.43593676079712435,4,903.2860327981494,0.7527383606651246,A2_ratio0.25
7,4,0.6407300524786872,0.2342824559867093,1,1,1.210025621300132,1.293264183176629,0.7006993650976872,1.5326190740182746,0.23989414792282585,0.18514747681702404,0.14281895424384217,0.34927577830827244,9,1163.4944421802413,0.9695787018168678,A2_ratio0.25
7,5,0.6433810311877373,0.2710997737108796,1,1,1.218417980683986,0.8421211785134268,0.6847083074615667,1.6376817136920128,0.261054158470906,0.28925734229404704,0.1557075778937741,0.3482745259555534,8,1144.2097318435608,0.953508109869634,A2_ratio0.25
7,6,0.7535717975867748,0.3328232257370945,1,1,1.2213873063599485,0.7100723709365958,0.5510788909752535,1.1828727596833941,0.2805444645525876,0.32094545231479715,0.20125707661443942,0.3959650100969267,7,1128.6916264422412,0.9405763553685343,A2_ratio0.25
7,7,0.6567673514216288,0.3633366533497676,1,1,1.2378667590984782,0.6367613661157252,0.5067961742967912,0.8730108479432305,0.29989268423948773,0.36188545651347714,0.21978254858315,0.4152529979174362,6,1043.8459476101862,0.8698716230084884,A2_ratio0.25
7,8,0.7723472027814519,0.5131036645309212,1,1,0.9180519985249965,0.6263396612269112,0.44570124392386656,0.6698724503782044,0.333479942970874,0.39507020596315756,0.26417150901934056,0.44383303301023824,5,991.3630441354537,0.8261358701128781,A2_ratio0.25
7,9,0.7619729204300624,0.5847577747589311,1,1,1.3124901570663405,0.4242190575578271,0.3502162658226689,1.3864929488014985,0.3103554109438347,0.37200801420243995,0.2440741716873413,0.4382892534589334,4,940.0667890092661,0.7833889908410551,A2_ratio0.25
8,2,0.554066666601037,0.12637556408176495,1,1,1.7280808275712316,0.9132929684083072,0.8428315326131858,2.487936319814241,0.20142064288426967,0.2578278315476343,0.07793252335854604,0.2856789549455496,13,1184.110992440387,0.9867591603669892,A2_ratio0.25
8,3,0.611698387112307,0.157864927173473,1,1,1.2788652790946582,1.062670467481891,0.7939961628512113,1.3214108187507827,0.22908869657734288,0.22919687787661502,0.1793454881045718,0.3097400130367691,12,1176.8061359000524,0.9806717799167103,A2_ratio0.25
8,5,0.6578691664704008,0.2077630361569835,1,1,1.6195038219756575,0.8903668900469267,0.6827435620444159,1.7694446977843863,0.24322328614842734,0.27697694102032827,0.14410108373442856,0.3638420503966117,9,1168.8505723861065,0.9740421436550887,A2_ratio0.25
8,6,0.6759196305142265,0.28186364236910577,1,1,1.3285167413421408,0.7418844096594269,0.6210237979550353,1.2848964477161617,0.2691744647299394,0.30939407821407966,0.18629906906068736,0.3828190944800337,8,1135.215162553632,0.9460126354613599,A2_ratio0.25
8,7,0.7061262183101117,0.31532327487811196,1,1,1.1479448159273464,0.7354475297134732,0.5551606302990746,0.979754049680178,0.28784499812762904,0.33094923415055927,0.2321284885611614,0.38960535561034587,7,1084.0429319302689,0.9033691099418907,A2_ratio0.25
8,8,0.7196213804951175,0.42186412381835964,1,1,1.1188244175038733,0.7059563183773833,0.4884218658375796,0.9585227515104734,0.2968123057911242,0.3104216169090799,0.20861604120424695,0.438847323797642,6,1022.4268019837538,0.8520223349864615,A2_ratio0.25
8,9,0.7862101958773967,0.5096396987629499,1,1,0.8246018212302852,0.5232606102295281,0.43756282397849994,0.6455406482915588,0.32449198730816786,0.3804367215663955,0.2687779347641734,0.43649101390340406,5,988.3865580669026,0.8236554650557522,A2_ratio0.25
8,10,0.809326526529039,0.6186311192941963,1,1,1.3244367746840562,0.4188333576300815,0.3354713496907817,1.4077987826233562,0.3052681663605181,0.3666129847853479,0.23234985358378563,0.4395312975620803,4,978.8569141768905,0.8157140951474088,A2_ratio0.25
9,2,0.5417967159307141,0.12247271884092632,1,1,1.7170099317013559,0.9105989771323852,0.8655243043430803,2.951466865213301,0.20088750617525536,0.25837509523046565,0.060773797284071264,0.289243689047732,14,1186.829824747723,0.9890248539564358,A2_ratio0.25
9,4,0.729697070126907,0.1766749745048047,1,1,1.4781037228006775,0.8840033502342326,0.7355150326009574,1.9417741683668268,0.22993421782539628,0.294321452670597,0.11884470665023199,0.3226460585158934,11,1178.484052511106,0.982070043759255,A2_ratio0.25
9,5,0.71342955833008,0.18776950147540358,1,1,1.3337768822811555,0.8058125257993758,0.7382035806453262,1.2335720875692644,0.2493855385206128,0.30245373680548393,0.1924981759957119,0.33545390287130716,10,1154.5925723747018,0.9621604769789182,A2_ratio0.25
9,8,0.806640268578348,0.5129238410750677,1,1,1.8679893126188762,0.5636359665667876,0.419408011354509,0.8337202340951679,0.3074621725726286,0.40080268686578624,0.20067458747541542,0.46332685300544063,5,1060.576050816427,0.8838133756803558,A2_ratio0.25
9,9,0.8150231752244619,0.618098107888671,1,1,1.7317688120114971,0.46379056881422737,0.3269464992904225,1.8686128815353018,0.29660060770099095,0.3617769733994357,0.21348243788873345,0.44489514321169327,4,991.3942742486939,0.8261618952072449,A2_ratio0.25
10,2,0.3480138843213296,0.15180029633774528,1,1,1.9503619327925783,1.3046720257066924,0.7417483919749439,2.8426054519151824,0.210067238210425,0.20802898684094887,0.07274162149528782,0.339021824417422,11,1184.2198609961333,0.9868498841634444,A2_ratio0.25
10,3,0.707185520356394,0.1774644558879785,1,1,1.5805686802853598,1.0310816130700458,0.7450284234022729,1.8850727260569986,0.23246910593476797,0.2485088706908103,0.12927658454835225,0.3383638155032728,10,1179.315124427192,0.9827626036893266,A2_ratio0.25
10,4,0.5509235191784285,0.21200693555838268,1,1,1.352374365385115,0.9023202835825425,0.7453567038354851,1.651312532555744,0.24893890903128485,0.27390912639751985,0.15565063972187504,0.34025014530132236,9,1148.4504627410413,0.957042052284201,A2_ratio0.25
10,5,0.630245820847207,0.261279903033052,1,1,1.402446930763129,0.8434956321467582,0.6432497399639037,1.325856611502168,0.26428150395887584,0.3119155717018114,0.17818790279763944,0.361885835630695,8,1139.2667479616132,0.9493889566346777,A2_ratio0.25
10,6,0.6362648845315273,0.3019127808891084,1,1,1.3939676290153138,0.7668406682295812,0.5482875461953072,1.0750949665168652,0.28116733246053627,0.34022470874381694,0.2066162762048682,0.3882237991077044,7,1092.472575888743,0.9103938132406192,A2_ratio0.25
10,7,0.68278585877255,0.43741967660446585,1,1,0.9104062625960393,0.7120510356642555,0.5215659603489593,1.254578534299861,0.29845702785109063,0.2912013657161219,0.19544636078392294,0.4080269808815792,6,1027.697013732334,0.8564141781102783,A2_ratio0.25
10,8,0.752841295414713,0.4786127248748779,1,1,1.3993119897864528,0.5144054474528174,0.44739188331175833,0.7405224835614242,0.32188725433707627,0.4215844064057308,0.24715230980241185,0.4512103927443685,5,1004.178574204526,0.8368154785037716,A2_ratio0.25
10,9,0.9103240637657262,0.6208244158195746,1,1,0.7910032974218886,0.7184582344377003,0.3384003758078744,1.1710611560517146,0.2943806115486891,0.2968004366616238,0.2064493593438474,0.38473168886646547,4,966.5028814817795,0.8054190679014829,A2_ratio0.25
11,1,0.5321542535102571,0.1406508803162376,1,1,1.8072847130569738,1.1646129641242826,0.7860716930501299,2.6358561520008945,0.2004057542675729,0.19303829536819023,0.07000860926125134,0.31494628111957756,12,1188.1002389600826,0.9900835324667355,A2_ratio0.25
11,2,0.6087341269027238,0.15500590574756423,1,1,1.7250524565756598,1.3322088543096702,0.7667771765292892,2.0121389625275414,0.21419114221453217,0.1906315417256696,0.11343383019659246,0.3061365515582638,11,1183.8477849038518,0.9865398207532098,A2_ratio0.25
11,3,0.5958757302470044,0.17977781439729076,1,1,1.7957083887038052,0.9283758841204858,0.7147811118376646,1.729547382262951,0.23194116821260877,0.27458662547585155,0.1268789284507839,0.33168081179966524,10,1169.2528142738477,0.9743773452282064,A2_ratio0.25
11,4,0.6322564620365129,0.20820448521237075,1,1,1.3994923610270666,0.896811017197988,0.7191413910944835,1.3793022755588746,0.25362755204941156,0.2752748840477225,0.1929474117607838,0.33670646717585745,9,1145.506351796587,0.9545886264971559,A2_ratio0.25
11,5,0.5360279410544835,0.24253010813338263,1,1,1.6253207295227226,0.7819472986162199,0.6033720631385109,1.233057227883485,0.26118979477874116,0.3099476329402467,0.1671041134891351,0.3629259419936328,8,1124.568365866163,0.9371403048884692,A2_ratio0.25
11,6,0.3314525624860102,0.24926801689811307,1,1,1.4899435598692854,0.672197340225729,0.5722762983966412,1.0705690688167873,0.27951714950376116,0.3425195680339828,0.19525611937532564,0.39507558287124833,7,1102.9165412932596,0.919097117744383,A2_ratio0.25
11,7,0.7067298057214422,0.3898610387297048,1,1,1.1500346737894667,0.7019611568742405,0.4834053467884586,1.0627508492215711,0.29711443881591054,0.3062251859145566,0.2134764360213922,0.43925147516286994,6,1002.2822303289457,0.8352351919407881,A2_ratio0.25
11,8,0.8181157813113997,0.5381212514196356,1,1,0.8820272426358654,0.5210392932924864,0.45919194469322194,1.4033147354494373,0.3140766302633119,0.30467742468443926,0.18664767735763907,0.45105535919995077,5,967.3919007213633,0.8061599172678028,A2_ratio0.25
11,9,0.9008123470883141,0.7020254644846264,1,1,1.1946394344802356,0.49102653340197433,0.34852873923441136,1.3371372286477987,0.31071879577722183,0.3695761046719009,0.22576754798841658,0.4545273524607061,4,1051.5644918547387,0.8763037432122822,A2_ratio0.25
12,2,0.5024204398189441,0.17945843138962175,1,1,1.5150481257332238,1.2308731989044095,0.7486267545545117,2.3192917759389395,0.21822694004723642,0.20074042480233478,0.10442320410743304,0.33800190431886457,11,1174.4809808143793,0.9787341506786494,A2_ratio0.25
12,3,0.6340591750365363,0.20405790862988607,1,1,1.454495145063052,1.0841407092499318,0.6655742496690288,1.8082719035133388,0.2329119393845483,0.23026947258584302,0.13253691285878003,0.357996474031682,10,1166.2861418547702,0.9719051182123085,A2_ratio0.25
12,4,0.613919792407299,0.215596022440912,1,1,1.472553395926901,0.8833914306971815,0.7446944382928078,1.3861233164076756,0.2452114360919551,0.29263256039985786,0.16190143963620843,0.3234335049093765,9,1157.1751405040009,0.9643126170866674,A2_ratio0.25
12,5,0.7821535479874577,0.29489178317411074,1,1,1.0301877165099353,0.8164845234804371,0.6752697591924169,1.3247724960747913,0.27050855361932646,0.3035152668993777,0.15937531219929246,0.35277677444800615,8,1113.7862950944552,0.928155245912046,A2_ratio0.25
12,6,0.8013873688912128,0.4013311238457949,1,1,0.9721846718277254,0.7392731480417519,0.5342936916090948,1.341938335135228,0.2790814682856021,0.3028292488480171,0.1424532955702157,0.40276799637739674,7,1103.3547085114706,0.9194622570928921,A2_ratio0.25
12,7,0.7120343649833116,0.4278184202618862,1,1,0.8148239407302776,0.6436923769269178,0.5440240292048215,1.0733810271765543,0.30657113413468057,0.29787007632283125,0.21333190930347257,0.40782040969857764,6,1004.2224485350647,0.8368520404458872,A2_ratio0.25
12,8,0.7580835741484138,0.49281507225960075,1,1,1.0108731299858627,0.5804640738780285,0.450229302601257,0.6286991716330493,0.3272245147689926,0.41535740791033476,0.27389185873667676,0.42493915979558344,5,980.2926600943109,0.8169105500785925,A2_ratio0.25
12,9,0.7847480720371395,0.5939829070049307,1,1,1.2328511365126806,0.4193697672214887,0.34931675234086534,1.3029041513933042,0.3176204547059049,0.3862064633810539,0.25491364950675144,0.4489132685802073,4,943.69528110814,0.7864127342567833,A2_ratio0.25
13,1,0.47396868287727967,0.1503125699620937,1,1,1.7640713078650219,1.272624108344068,0.7637155430689322,2.3018962202746485,0.20594327830584577,0.1985101527715431,0.0835109740863462,0.32170350934377884,12,1179.206769251781,0.9826723077098175,A2_ratio0.25
13,2,0.4414400891580035,0.15454509722482943,1,1,1.6551907048261512,1.2076879928619575,0.7225213524237439,2.389758586821917,0.21783493289304187,0.20289894863301702,0.08929134027071792,0.33703434761039275,11,1176.9481036949562,0.9807900864124636,A2_ratio0.25
13,3,0.657761587295753,0.17721919210732975,1,1,1.5356529319674312,1.042234758279958,0.7205118790554884,2.0965781856719348,0.230772035720896,0.21945872188085885,0.11834612198132421,0.34100613703699456,10,1162.0833366315517,0.968402780526293,A2_ratio0.25
13,4,0.6959032460368566,0.21265272559078208,1,1,1.4856298407197135,0.9165793369197929,0.7108686303881601,1.3729585606771646,0.24850947788480346,0.25319672966920626,0.19790079095206875,0.3538160475069161,9,1166.4174525291603,0.9720145437743003,A2_ratio0.25
13,5,0.5575780051095037,0.24146816256305795,1,1,1.3001852361549737,0.7673759106911555,0.6301405585749522,1.2130038761745703,0.2617569753932163,0.3033403765270932,0.19738632243141255,0.34937738259960227,8,1110.7269476186907,0.9256057896822423,A2_ratio0.25
13,6,0.6712666475956461,0.3547246161431506,1,1,0.9148553387306411,0.7861811508569759,0.5704783088873058,1.2056525425599365,0.2845230972103935,0.3272341803668771,0.16227943792249122,0.38668391894667464,7,1074.9448207784292,0.895787350648691,A2_ratio0.25
13,7,0.6877369911734738,0.3752201361587172,1,1,1.3340950317919302,0.6322953211778104,0.5528403467699556,0.834844888073082,0.3026874274706773,0.37768893033089945,0.23633532237984528,0.39881121226112076,6,1042.2396616679468,0.8685330513899557,A2_ratio0.25
13,8,0.565172278890231,0.3988883921507908,1,1,1.108514338454,0.5392005746317629,0.4556315269356164,0.5963571182263134,0.32161180838908665,0.40943742440398345,0.2752277491435038,0.4124751518333255,5,916.147298942143,0.7634560824517859,A2_ratio0.25
13,9,0.8561221993767076,0.6489097199622151,1,1,0.8704741154784319,0.5399074842746711,0.3895022997564991,1.0208792999966039,0.306808711770651,0.34853512481224147,0.2809308937520708,0.3744129428308217,4,1004.4174886185268,0.8370145738487723,A2_ratio0.25
14,2,0.5960955378729544,0.14999157386719897,1,1,1.544978505912069,1.4848866548797215,0.7612493858503868,1.9051662084063596,0.2106079643227937,0.16265606074872913,0.11635048567403705,0.3322764095769499,12,1186.3134105106562,0.9885945087588802,A2_ratio0.25
14,3,0.5246904875202087,0.1592726778910714,1,1,1.5487556994851206,0.9528851265144592,0.6976215913634745,2.0350928006246893,0.2252527208296115,0.2716469605439894,0.10681133584779558,0.3441039196877733,11,1176.5427020430204,0.980452251702517,A2_ratio0.25
14,4,0.5409254647850545,0.18653868406636318,1,1,1.5107600840946147,0.9089070914133963,0.6574117056304022,1.774683317691532,0.24014883950676072,0.29005560124004925,0.14414396303728197,0.3502402298020406,10,1165.71332883076,0.9714277740256333,A2_ratio0.25
14,5,0.6688445026606146,0.24413544918217073,1,1,1.132491762575967,0.831798773128136,0.5926835392094754,1.8514296889314141,0.2548244515342532,0.2774564285853299,0.12845665920528887,0.36984673058022943,9,1141.731990746387,0.9514433256219892,A2_ratio0.25
14,6,0.7029263292402157,0.25013533679134536,1,1,1.328533075278249,0.7025130009137974,0.6316623514335412,1.0517820100345403,0.2739248263162106,0.3411413291603942,0.21714485747547468,0.3646269754179493,8,1100.103817118275,0.9167531809318958,A2_ratio0.25
14,7,0.5721230341387147,0.28044353618764595,1,1,1.443529649991839,0.6168173138786667,0.6015378724542298,0.8029612058334576,0.2850235616133204,0.3520925229926417,0.2621699012474532,0.3636606359730825,7,1035.3539803620392,0.8627949836350327,A2_ratio0.25
14,9,0.0,0.00952988916591512,0,0,1.126903466248302,0.4146801924065239,0.3524807765331481,1.1891028821216778,0.31698475998883197,0.40551499532628543,0.2999996351510063,0.42250012016411115,4,1119.5243422857732,0.932936951904811,A2_ratio0.25
15,1,0.6135673252122258,0.1337075587647501,1,1,1.6646707086609736,0.8277989323867728,0.8098128792365982,1.9756731411273611,0.20980894936386285,0.2687173220368181,0.10849959294306215,0.30028294626862945,13,1186.9730030915416,0.9891441692429513,A2_ratio0.25
15,2,0.6855785644056391,0.14801486831252045,1,1,1.7759977921124657,0.8655743761180248,0.8460876889700835,1.3329879169761447,0.22732769567053737,0.28713832034522163,0.20560500113520805,0.2970833850777068,12,1182.5265543138444,0.985438795261537,A2_ratio0.25
15,4,0.7671627932974132,0.25234591180526744,1,1,1.0904455576904006,0.7002327753724382,0.6531965344427724,1.8244240588171594,0.25927341326963665,0.34078363212578755,0.11766272907230368,0.35443023326309997,9,1145.9231815309124,0.9549359846090937,A2_ratio0.25
15,6,0.0,0.01606940658222262,0,0,1.1127681967722944,0.6637329561210289,0.6445830084873867,1.1055751862377015,0.2745883434891222,0.33899692243892393,0.2708034664292161,0.34757181695164846,8,1164.8467213179258,0.9707056010982715,A2_ratio0.25
16,2,0.5603013857147271,0.1469400524536132,1,1,1.580882157444331,1.3112793957088071,0.7386096793647413,2.0311528124264218,0.2096789078289304,0.17346413972786895,0.12019304348892824,0.32922211069914664,12,1187.2061647348708,0.9893384706123923,A2_ratio0.25
16,3,0.5589366616389296,0.1696152100907535,1,1,1.4223534177163,1.3404291162382198,0.7096117276759262,1.8315194363296559,0.2222804223178805,0.18382674249240064,0.12324541363772315,0.3291217061682877,11,1179.7900575941533,0.983158381328461,A2_ratio0.25
16,4,0.5946245932004729,0.19340771213315838,1,1,1.3189603275280937,0.8833984044680199,0.6494893347188251,1.7551132796602027,0.23729456548453692,0.26963688411372067,0.13840945851140535,0.3559566144162044,10,1169.4914663087736,0.974576221923978,A2_ratio0.25
16,5,0.6654326237598027,0.21246626360856247,1,1,1.3406680484378946,0.8482676809686421,0.6478847948183707,1.4186739272701014,0.2593095602593023,0.29749350791324836,0.1892414092920103,0.35213965672518144,9,1153.99147856577,0.961659565471475,A2_ratio0.25
16,6,0.650992769010116,0.2604427546572276,1,1,1.1777370632663897,0.7875478538032542,0.6377945058276747,1.0849931668561796,0.2717323018135266,0.3087530205475238,0.2073412353148562,0.37231528060524816,8,1114.270825007804,0.9285590208398367,A2_ratio0.25
16,7,0.6346976435209044,0.3035135669388566,1,1,1.1901624648302833,0.6733140894648476,0.5903099658825217,0.9300405432362203,0.28942035349865053,0.36614760822922876,0.22390224738761344,0.38670361232136197,7,1064.4619399256426,0.8870516166047021,A2_ratio0.25
16,8,0.6721415723633191,0.37073162781092645,1,1,0.9360221110383972,0.599523091882832,0.5502755860900314,0.7027928760110298,0.3097300089098811,0.36396726405959146,0.2572158323066501,0.3982696615653588,6,994.6272773603567,0.8288560644669639,A2_ratio0.25
16,9,0.8021543258689012,0.5501291128992702,1,1,0.8371170879073329,0.5559385099530385,0.4248376098462684,1.4160421709185154,0.30562658460858527,0.31386506408383275,0.16288984189996444,0.4413069589184506,5,973.6396784455296,0.811366398704608,A2_ratio0.25
17,2,0.4645912617379997,0.1375645483003665,1,1,1.7045767721349907,1.2120130788142802,0.7680315867742211,2.707883059127629,0.2088447820618107,0.20659159099788693,0.0771146972851457,0.32092109053750345,12,1184.5817451911475,0.9871514543259563,A2_ratio0.25
17,3,0.6019334888572418,0.15797514884189126,1,1,1.8818647461388665,0.9501460291470132,0.6791509259512736,1.963589260323293,0.22298033450841326,0.2669548168492057,0.1266249677746549,0.34581245639370417,11,1176.595581654338,0.9804963180452817,A2_ratio0.25
17,4,0.7189042901185365,0.22038308713736388,1,1,1.1528837323292416,1.109245067528703,0.7866130345269026,1.3099264503511647,0.24428669742912698,0.22732246230696335,0.18632928123856818,0.3039125904452784,10,1168.76293526597,0.9739691127216418,A2_ratio0.25
17,5,0.0,0.02644838589195709,0,0,1.1817415596755751,0.826513660380154,0.6228809901177149,1.3912659877509956,0.26174465503376376,0.2828151358470467,0.18449394782150622,0.37548524001312955,9,1160.1180874027043,0.9667650728355869,A2_ratio0.25
17,7,0.6483932208594589,0.280670011093409,1,1,0.9846597164069028,0.8573739279091087,0.6225142300691023,1.2454302182711814,0.27269314589298527,0.28737889100130914,0.1675580831243603,0.35139765174697407,8,1097.0618690192273,0.9142182241826894,A2_ratio0.25
17,8,0.6406670672340777,0.33843261399416374,1,1,0.8920744264120826,0.6779734757826968,0.5783408680275324,1.170614918690075,0.2917780119009454,0.3279474463144543,0.172594932445979,0.3826968474048983,7,1050.0013654729198,0.8750011378940998,A2_ratio0.25
17,9,0.3972564578735872,0.2916635779896556,1,1,1.1175082282309818,0.6138553603585248,0.5106172903229239,0.8413348077952685,0.30101476862528403,0.3779480634040593,0.23935247308427857,0.4040462858698778,6,1003.3327419007974,0.8361106182506645,A2_ratio0.25
17,10,0.7263867193521802,0.4715640461832176,1,1,1.298784124455762,0.46754683880996184,0.45847147195493837,0.6885897696924211,0.31643413657481034,0.42367409160766384,0.2552320002472424,0.43578787827810006,5,984.6363824130469,0.8205303186775391,A2_ratio0.25
18,5,0.49915508417484405,0.21031856677889904,1,1,1.6548749049621763,0.9178031482690572,0.568546420243045,2.6343119454447437,0.23043593521818456,0.2469255644958416,0.07353755803494542,0.3945585678296388,9,1168.5128585954428,0.9737607154962024,A2_ratio0.25
18,6,0.7921323342239027,0.2636889285804893,1,1,1.3617643431348545,0.829783049091863,0.5593928903813481,1.6552661032205727,0.2609699434306332,0.302502030557812,0.16483245890438053,0.3839260073468019,8,1172.382893028577,0.9769857441904808,A2_ratio0.25
18,7,0.7505287576419846,0.3144643881675398,1,1,1.2511861169493699,0.8017419950450958,0.5439646301230044,1.1601777407766118,0.2828598299933937,0.310841642369526,0.19909056336520986,0.4066665930694332,7,1122.372009985898,0.9353100083215817,A2_ratio0.25
18,8,0.832885446168419,0.4812322663712866,1,1,1.034493869784039,0.6665457012513043,0.46248363998946496,1.5202258820104073,0.2906723670860554,0.31511770714159243,0.14543807964585123,0.43644090313755757,6,1049.972995401907,0.8749774961682558,A2_ratio0.25
18,9,0.7410475132178689,0.47682796702233593,1,1,1.1683188435641916,0.4870137666065421,0.43883241124126987,0.7267501275795535,0.31323188753054854,0.42163656321832194,0.2431726760077433,0.43265407700143715,5,997.8665466466102,0.8315554555388419,A2_ratio0.25
19,1,0.37849384365551797,0.11620743233337559,1,1,1.9540949354838082,1.3490511237740417,0.8288621780920077,3.0813679166595103,0.18936124796067852,0.18799694787405746,0.058725159231874484,0.2790236729964142,13,1183.171977431681,0.9859766478597342,A2_ratio0.25
19,2,0.43685412995272654,0.13369916164499343,1,1,2.2490175174655467,1.4881281025292665,0.75982867433053,2.9253311537218982,0.19389763286408912,0.16667335456974713,0.059519661468028416,0.3204561144719655,12,1186.4979537090946,0.9887482947575789,A2_ratio0.25
19,3,0.5236259794512783,0.16564442679842334,1,1,1.4465126126612768,1.3021305617198387,0.8554922290433846,1.7670347246342857,0.21736582127406978,0.19235634490152292,0.13321021791890056,0.29536038415455884,11,1170.3452252811649,0.9752876877343041,A2_ratio0.25
19,4,0.6249640596569921,0.18231737063601255,1,1,1.4011814872218047,1.2074233765922011,0.7121082913246075,1.5774700234243053,0.23000373015751935,0.20530796117083233,0.1521705454025179,0.3298718378278471,10,1169.6423242386113,0.9747019368655094,A2_ratio0.25
19,6,0.5010729900058435,0.19905678632431534,1,1,1.318161474636626,0.9315440007907198,0.6818710416690765,1.3446917795548305,0.2458421919041933,0.2704629742427164,0.18254040829244084,0.3280151930459009,9,1132.4389253593736,0.9436991044661447,A2_ratio0.25
19,7,0.5157710711318,0.23363606639679285,1,1,1.3689000493255106,0.8528202527966755,0.6257779386136949,1.2468196722713796,0.26625436621708265,0.28073853054871034,0.18798722404883683,0.3695946719800726,8,1104.9710597665787,0.920809216472149,A2_ratio0.25
19,8,0.665229900979841,0.3093685161490641,1,1,1.4033647442180472,0.7942860428778072,0.5123849920859951,1.127299343295027,0.2762895088905072,0.304110555176215,0.20111710991277115,0.4028303473142859,7,1110.117457566446,0.9250978813053717,A2_ratio0.25
19,9,0.7044908549314548,0.44034096907866577,1,1,1.01670959447437,0.7642166927207321,0.48391138884547263,1.0529723163776494,0.29868276337443467,0.2935575398836947,0.2120478956698248,0.4333511187774779,6,1042.1953940271542,0.8684961616892951,A2_ratio0.25
19,10,0.8048120986928564,0.5081259942327884,1,1,1.5276490139455967,0.4564377064636793,0.43128572448646124,0.7603099444112472,0.30214810135161185,0.41205756984510317,0.24367529022298395,0.41872357133352545,5,1018.7803953388194,0.8489836627823495,A2_ratio0.25
20,2,0.16392518352449076,0.13556806475486907,1,1,2.1595351462218133,1.311391714861401,0.674937829366367,2.3858012113371747,0.19959530088173286,0.18714105829805022,0.07755100952250069,0.34119288742248705,12,1185.2121960362074,0.9876768300301728,A2_ratio0.25
20,3,0.4782785516273131,0.17035132766393823,1,1,1.5982445887452152,1.3763147794911752,0.6142797732010228,2.10900154220985,0.21081463972851353,0.16355396139752176,0.10731056641669118,0.35866392542736636,11,1175.722269788419,0.9797685581570158,A2_ratio0.25
20,4,0.40956249841778425,0.1748342029705506,1,1,1.9668219479778748,1.038152745209932,0.6531230578243428,1.956670940939295,0.23370137254895185,0.26654334866633744,0.13015113831445146,0.35065662586735946,10,1160.1900450039836,0.9668250375033197,A2_ratio0.25
20,5,0.7260765481020282,0.24736710720600427,1,1,1.2121674896318875,0.9513047657952328,0.569812121403309,1.6612558105412074,0.247188528583578,0.26174219733724813,0.13410510934346007,0.3727943005573652,9,1161.7384159338992,0.9681153466115827,A2_ratio0.25
20,6,0.5877735407477556,0.2422001924979022,1,1,1.5571606093815291,0.8071504105056526,0.5988914970427117,1.2770720197279302,0.2676491510031108,0.3054605104119225,0.18391709395024805,0.3813527182027043,8,1117.8469529807917,0.931539127483993,A2_ratio0.25
20,7,0.6890122528765117,0.29731610404534703,1,1,2.1593529685971085,0.6434001357754923,0.5894494018152905,0.8862367741854824,0.2826364724515538,0.3476483097670459,0.2479699226209713,0.370093515284598,7,1069.5924429908434,0.8913270358257028,A2_ratio0.25
20,9,0.010364242163865113,0.2029005960747846,0,0,1.112081536913611,0.8297557574796286,0.2751452781342981,1.6666920162589416,0.26539997882731114,0.2943947712488741,0.13839867799893235,0.4213960720772529,4,1102.0749436900633,0.918395786408386,A2_ratio0.25
21,4,0.7559433767359869,0.21437244948874049,1,1,1.5811268615929426,1.0017172306153228,0.6261908048869991,2.3410689201159265,0.23355274599559261,0.26206605670015004,0.09832269171733818,0.3715675893617147,10,1187.5071385681877,0.9895892821401564,A2_ratio0.25
21,6,0.8010143644427284,0.290792378496777,1,1,1.2019634537692976,1.1522242067282247,0.5682623473737093,1.3594821985939536,0.2491931673505524,0.19980071302251493,0.18334279308807797,0.38156551718746473,9,1171.4846302865785,0.9762371919054821,A2_ratio0.25
21,7,0.6498438336177469,0.25007240517758844,1,1,1.3316449138616382,0.6589959993566648,0.6206266784867892,1.3131380789759728,0.2696199142898742,0.35512725612033474,0.18039317814252828,0.36715153682750734,8,1126.705583140399,0.938921319283666,A2_ratio0.25
21,8,0.7643811712419725,0.3152768374788984,1,1,1.3926298741390208,0.6107757575519572,0.5959872616580759,0.9472088482546135,0.28070375491423033,0.3661512535507772,0.23532206740847,0.3717360674587389,7,1094.0533894290463,0.9117111578575386,A2_ratio0.25
22,2,0.7120940736431184,0.15171294533699772,1,1,1.6198885328853845,1.3406730392992516,0.712596148420413,2.0626294715413285,0.21542634369247782,0.20094832038744703,0.11381170424527315,0.34226694776331057,12,1188.693128666624,0.9905776072221867,A2_ratio0.25
22,3,0.559080166485866,0.16459970290518788,1,1,1.5098478304104603,0.885872458988731,0.7077212232806235,1.9331719386101027,0.22702330567271858,0.25433373990034674,0.11335124601024985,0.3429970468318618,11,1174.5959758742993,0.9788299798952493,A2_ratio0.25
22,4,0.5826820984290739,0.2085747113926585,1,1,1.2366870987243233,0.8058810641073704,0.6836825905613273,1.8834255971520997,0.24576489696145248,0.3033124706265795,0.12870501766794523,0.352855536722321,10,1155.9167340976333,0.963263945081361,A2_ratio0.25
22,6,0.7747542750324803,0.2271930585159298,1,1,1.3033350286281262,0.7596204129045356,0.7002285109580225,0.9106647810847812,0.2587014973217674,0.3201262160748748,0.26657286941087466,0.326794389767085,9,1145.4965334186013,0.9545804445155011,A2_ratio0.25
22,8,0.0,0.036864236025962824,0,0,1.0036563423320817,0.5282305428959537,0.5017870898680786,1.506949568698818,0.2969150708475884,0.38234174671721266,0.19057967218994148,0.4033166283269904,6,1127.3082590401348,0.9394235492001123,A2_ratio0.25
23,2,0.21489158822436744,0.11948252175160062,0,0,1.86165295973104,1.0021285094298105,0.8007162663021113,2.801818162059595,0.19927995177862204,0.2411591521101215,0.07323303611681058,0.3014027576042702,13,1173.0413352328962,0.9775344460274136,A2_ratio0.25
23,3,0.587007960245494,0.1383896421719937,1,1,1.756390549155624,0.9153433829074624,0.8043718868571956,2.282831105267729,0.21232639944870316,0.26107844933342866,0.08841615271416842,0.30102024593337917,12,1189.2859333913823,0.9910716111594853,A2_ratio0.25
23,6,0.620227841531783,0.21112075045943868,1,1,1.4675308889922323,0.8439460510576281,0.704346218819468,1.7726724085194459,0.24166866338807522,0.2922991447657292,0.11346278254735297,0.3465661409616776,9,1169.1870694999136,0.9743225579165947,A2_ratio0.25
23,7,0.738618703344235,0.29866230096322893,1,1,1.0068127785692216,0.8930489938434198,0.6100064586818713,1.483957206467796,0.26876105507527115,0.2792525074193181,0.1601188569983328,0.37844439571114896,8,1142.7032813849557,0.9522527344874632,A2_ratio0.25
23,8,0.7312480092302991,0.3128841196440218,1,1,1.1774224481793387,0.7179413440165978,0.5657079413311892,1.023601826947059,0.28692047222350575,0.3225884959211281,0.2315551896522352,0.3845467032536763,7,1094.1346244871936,0.911778853739328,A2_ratio0.25
23,9,0.7103451247060657,0.43828348972819947,1,1,0.9078324921187182,0.6670980897291853,0.4647716617180936,1.3145455256930196,0.2928062881758102,0.3021197490213017,0.1784350799746576,0.41576285590056916,6,1009.865273177444,0.8415543943145367,A2_ratio0.25
23,10,0.0,0.08301073057546898,0,0,0.9225664941070049,0.452333075037619,0.38660936144967945,1.6626951051219028,0.2952444008487097,0.40322447627700014,0.12450692063485258,0.4247691275788072,5,1082.3580744508624,0.9019650620423854,A2_ratio0.25
24,2,0.49034097992553155,0.15123786496071995,1,1,1.592107490263004,1.2451546590729992,0.692583365666325,2.0600561900374723,0.21092127639444125,0.21275122080285108,0.11120940675655619,0.3285696500317338,12,1182.0545843822358,0.9850454869851966,A2_ratio0.25
24,3,0.591425173903706,0.16482255750248379,1,1,1.620746532171597,0.831136483424712,0.73756980346332,2.1130116174032505,0.22899380387698534,0.29624012799375793,0.10871936256340031,0.3406112895220122,11,1181.6086387413868,0.9846738656178223,A2_ratio0.25
24,4,0.6918766664725795,0.18457159246324814,1,1,1.5158299524039252,0.7527314244667465,0.733452790902749,1.423171016505305,0.24463100147384517,0.3226767877642015,0.1758434908181019,0.32719427664603495,10,1169.498838781077,0.9745823656508975,A2_ratio0.25
24,5,0.7662209793340806,0.22833798891491794,1,1,1.3224830881160858,0.7338708729609853,0.7114578751739263,0.8898294901574227,0.26096106607579794,0.31685831144693,0.25332433502275686,0.3435792190879742,9,1141.3296120875782,0.9511080100729818,A2_ratio0.25
24,6,0.0,0.0004870117799843254,0,0,1.3989825234138156,0.7076312018066386,0.6895186984128072,0.7872850615176952,0.28559266979124515,0.3178440388545648,0.3074023918956881,0.33846826189169715,8,1186.984186764229,0.9891534889701908,A2_ratio0.25
24,8,0.6621291382606657,0.44191838782582943,1,1,1.2746268740161488,0.45911421562114785,0.4549381742185067,0.6451129632654331,0.3153833963876939,0.427401429113873,0.25802845808213676,0.43389192515330505,5,969.98126327852,0.8083177193987667,A2_ratio0.25
24,9,0.0,0.003926369892815996,0,0,1.22785071665548,0.3825420604146471,0.3763468160239961,1.234045961046131,0.32360512781725903,0.42088609161454354,0.3164717031616149,0.42801951627018775,4,1117.5632424731373,0.9313027020609478,A2_ratio0.25
25,4,0.6606387855766369,0.16122287240160776,1,1,1.9235888441737514,0.9429991180541377,0.6842698350342971,2.3823409941836022,0.21889779112341345,0.2669960029140056,0.09296225665321578,0.3424203529539528,11,1186.2873020260706,0.9885727516883922,A2_ratio0.25
25,5,0.5842323560234376,0.1876276535889167,1,1,1.5661348294569706,0.7969995383383899,0.7164622423998295,1.79010630840216,0.24414067895508293,0.30952191301522136,0.15065017382843437,0.3415598614107127,10,1170.5751729823808,0.9754793108186507,A2_ratio0.25
25,6,0.7788156822514428,0.22620721457259582,1,1,1.3267124201155733,0.7962377743092275,0.6546508414500863,1.0520423615917176,0.25934731534197325,0.3177913101498965,0.22792427705706794,0.3496622913764268,9,1154.7479574452443,0.9622899645377035,A2_ratio0.25
25,8,0.724681681305642,0.38084180708101717,1,1,1.5898756295919803,0.5883182370317781,0.5078967395189444,0.8912582388624192,0.3013739620564679,0.37854046049821327,0.2242412645162678,0.42303919305979854,6,1050.2243128546452,0.8751869273788709,A2_ratio0.25
25,9,0.7430691677730399,0.46334810819568933,1,1,1.1954891353744777,0.6541925055498458,0.39885330240541533,0.687024971658494,0.30836748564425953,0.35956921527034125,0.2585615116563614,0.4374479346694363,5,968.2699734063523,0.8068916445052936,A2_ratio0.25
27,1,0.4846196226187943,0.13744952432644147,1,1,1.9988477768164115,0.8195317132699588,0.7484781109381786,2.7093928983705746,0.197719546307844,0.2702387631590194,0.07635137023455102,0.31179148591681866,13,1185.57721934421,0.9879810161201751,A2_ratio0.25
27,2,0.6834287866137354,0.17110430694657547,1,1,1.7323567129633133,1.0006272818596138,0.7412808540787214,1.9468741398029337,0.21476151408181451,0.2643791086105679,0.12066917137485104,0.3262077949511269,12,1183.9278335861661,0.9866065279884718,A2_ratio0.25
27,3,0.6576572701835325,0.15731138977880857,1,1,1.7560622247986712,0.7839312858103834,0.7597278005569184,1.9172054693167064,0.22736289890758263,0.29939397890832253,0.14185432419100819,0.30672343291337467,11,1177.063026493684,0.9808858554114033,A2_ratio0.25
27,4,0.8073318244715998,0.18573063946357785,1,1,1.5659871231695972,0.772491721208379,0.7518710244813048,1.1122469937825326,0.24715680605578821,0.31208925774567287,0.22358686917743908,0.3202975095246763,10,1171.9080611706213,0.9765900509755178,A2_ratio0.25
27,6,0.6176224880153293,0.23200104540928096,1,1,1.060360638804523,0.7093186806061182,0.6971447181651534,1.1956957917868265,0.26804533370164685,0.33276349042264874,0.1374392403561952,0.35089505165003704,9,1081.1029875212364,0.900919156267697,A2_ratio0.25
28,4,0.9413586853689127,0.18010056946986377,1,1,1.4878336563720604,0.9788452571647172,0.6164428406118768,2.0690149681132652,0.23272096055991076,0.2454978054869102,0.11893913813852161,0.36458557184777507,10,1185.8962634492534,0.9882468862077112,A2_ratio0.25
28,6,0.17290502383973816,0.1697816704235251,1,1,1.20323058650847,0.9328442210420476,0.6194569913337555,1.795224169630318,0.25392160914232653,0.26452274073242,0.12707534379826985,0.37844798908715555,9,1180.0630631340612,0.9833858859450509,A2_ratio0.25
28,7,0.3133834314933109,0.21005414829589494,1,1,1.016065308172128,0.7568640522328867,0.585728581120853,1.2524803586244895,0.2703341832201659,0.30131818279136446,0.21214836735981857,0.3672606720709988,8,1158.1792217044149,0.9651493514203457,A2_ratio0.25
28,8,0.5585263152218227,0.2647088659844448,1,1,0.8811538066633856,0.6067323215114592,0.598236258760101,0.9918947421274003,0.3023928642292431,0.36973368330401774,0.25838156547803626,0.371875632696083,7,1146.7687151659213,0.9556405959716011,A2_ratio0.25
28,9,0.8089413276988092,0.35447749824627856,1,1,0.707426800877212,0.5928871747855202,0.5770894460069257,0.8536544765011997,0.3377946356887091,0.3838858419977974,0.3043714790323092,0.39951677163075106,6,1073.4345419338345,0.8945287849448621,A2_ratio0.25
28,10,0.7289444168084023,0.3884146291787239,1,1,0.6102526516149589,0.5497004461533963,0.5359912711297996,0.5823413833617308,0.3654146564488353,0.41253712841892315,0.3865682974201385,0.41335699947488824,5,1037.665035054629,0.8647208625455242,A2_ratio0.25
29,2,0.9166104048538348,0.0968742133248753,1,1,2.097556722600269,0.894860083152695,0.8227946199349374,3.2063762437937866,0.18018464682772498,0.2669290499088798,0.05276918190743779,0.29621275429050575,15,1186.3550050021352,0.9886291708351126,A2_ratio0.25
29,3,0.9447899513232643,0.11847363664017244,1,1,1.8561280793834471,0.8827579683529873,0.8019614155678421,2.856691732603354,0.19663976854749188,0.27966086577128074,0.062284741109146016,0.2946113316153592,14,1192.7293088139688,0.9939410906783074,A2_ratio0.25
29,4,0.6421872478876143,0.11399816935838847,1,1,1.5853696580741032,0.8719390387233203,0.815081650453328,2.3895948286960977,0.20986720115651034,0.28702920341799965,0.07103803391252622,0.3038738497289059,13,1188.3058902634862,0.9902549085529051,A2_ratio0.25
29,5,0.6340574355992277,0.13427070280630793,1,1,1.3964177918019391,0.8676078336345734,0.8052915330665351,1.701466032197668,0.22562490057946152,0.29023637151645093,0.13745051922018356,0.29956141575493545,12,1181.8762659617942,0.9848968883014951,A2_ratio0.25
29,6,0.8503067298617406,0.14884013675232172,1,1,1.219151736456222,0.8356656260907113,0.8042855172635461,1.2320651890488168,0.243175519738805,0.2807966116324392,0.20958171430334702,0.30536461796199177,11,1178.4867971770273,0.982072330980856,A2_ratio0.25
29,8,0.746004587513243,0.22182918694771755,1,1,0.9707413057540534,0.7107408920763699,0.6940272024769865,0.8779050911111058,0.2881262892870808,0.33126206000305725,0.2915959621156355,0.3484752074889928,8,1164.6463116277396,0.9705385930231163,A2_ratio0.25
29,9,0.7585590172242649,0.26642657439411965,1,1,0.7700519097378117,0.6798888824000978,0.6664542429033591,0.6998162631757259,0.3165661299008851,0.3459070549265046,0.3364342462600063,0.35129667491312633,7,1108.2243440601842,0.9235202867168202,A2_ratio0.25
30,2,0.9801386613801113,0.1092528666625935,1,1,2.0232940714385106,0.9323012548186349,0.900891484635957,3.0144082805011037,0.19126290234363708,0.26207920691353626,0.0692143497613422,0.27114141402695924,15,1194.8423248334616,0.995701937361218,A2_ratio0.25
30,3,0.4821748531741641,0.10057712865995329,1,1,1.6947415879374983,0.9415681473340329,0.9264038246661968,2.064716104464889,0.20859997469780459,0.26644510011008804,0.12119942604309725,0.28208279558345295,14,1190.2746973784301,0.9918955811486918,A2_ratio0.25
30,5,0.15040769948684268,0.13629548112887666,1,1,1.3858836457848998,0.8229661213646626,0.8066488057748137,1.549976723090678,0.23906077003002268,0.302782828502934,0.1960921649023296,0.31047441642228724,11,1186.4860068976386,0.9887383390813655,A2_ratio0.25
30,6,0.875861406702084,0.17110927960959502,1,1,1.165458228015365,0.809034726571066,0.7944553248487314,0.8403561874325657,0.25702475217241993,0.30340769137636625,0.2936627921691992,0.30901535335959984,10,1178.1741518459523,0.9818117932049603,A2_ratio0.25
30,7,0.8651419783086727,0.1986104658510002,1,1,0.9452788435198849,0.8157676530128144,0.7821665365509752,0.8283806823121964,0.27931702170561556,0.30309628641448605,0.29577107389332763,0.3132559972127945,9,1163.5996403985844,0.9696663669988204,A2_ratio0.25
31,1,0.9084393045341264,0.09140990854140764,1,1,2.0775289788277003,0.9838964373539638,0.9118771719348436,3.4193306548050812,0.18508213380406818,0.26462378144748383,0.04792819547777083,0.27253185322202284,16,1191.1234922336353,0.992602910194696,A2_ratio0.25
31,2,0.07125040896421081,0.09688663454800359,0,0,1.9657995754794606,0.9432063720335155,0.9030722482992801,2.6824585248430894,0.19120556265272182,0.266232728133672,0.06808081272990162,0.26842203775590356,15,1190.18190172307,0.9918182514358918,A2_ratio0.25
31,3,0.9092284573167915,0.10801665236664108,1,1,1.7024340425000022,0.942814133006147,0.9015590499955893,1.8771614547304276,0.20515298260758769,0.2594419441370111,0.13125427657920302,0.2752550631740094,14,1191.283162987014,0.992735969155845,A2_ratio0.25
31,4,0.939716141559177,0.12289819084618588,1,1,1.4113559560606805,0.9595771803276272,0.9148427008628375,0.9772000293172985,0.22428623627073765,0.26660626191066916,0.2559800800556979,0.2786508819674304,13,1190.5148503688813,0.9920957086407344,A2_ratio0.25
31,6,0.8220294359432049,0.16652701042055973,1,1,1.0917907690546622,0.7947693034873444,0.7871050630748841,0.8269448793647731,0.25516259885129144,0.29333933573777016,0.2823425236601612,0.3035766714367977,10,1178.5684830029072,0.9821404025024226,A2_ratio0.25
31,7,0.7764834353361056,0.18696296759529393,1,1,0.9191274858101335,0.8114074910525564,0.7833587645177684,0.828276014310573,0.2760853398309925,0.2973097028505773,0.28702064501958846,0.31789774036828067,9,1156.9054105109317,0.964087842092443,A2_ratio0.25
32,1,0.6528780697572732,0.10942349660490618,1,1,1.9404010231268398,1.564214972001845,0.7486302305234435,2.9988512828036242,0.18796469211859823,0.16148535056735686,0.06235042612386464,0.32169911327234746,14,1193.673137468681,0.9947276145572342,A2_ratio0.25
32,2,0.05578035087196724,0.11077710908269882,1,0,1.6835819504491052,1.3431798241150052,0.7137794373228837,2.5761383706781196,0.20057611294026148,0.16434726084658996,0.0718592995236275,0.3250772645221763,13,1181.4847239337462,0.9845706032781218,A2_ratio0.25
32,3,0.875507427336794,0.13427851775838012,1,1,1.5233827949149399,1.1021069938927526,0.7183866423790622,2.1773961802221398,0.21482710163921184,0.2407629321359315,0.09703207165163458,0.334328182296866,12,1186.2245541467219,0.9885204617889349,A2_ratio0.25
32,4,0.13443503443212923,0.13642494184010864,1,1,1.3716368645365131,0.8380364372050152,0.7095743087317856,1.8370136933771049,0.22962045568388137,0.2743163014847189,0.13267353803016219,0.3358895639386746,11,1180.080262819489,0.9834002190162409,A2_ratio0.25
32,5,0.7659850504872848,0.16187284715816702,1,1,1.1887786573113606,0.762955677958845,0.7082818513889739,1.5282673115241732,0.24500178211187235,0.31844135063588475,0.14299472605211397,0.3361028150140294,10,1176.2104191094236,0.980175349257853,A2_ratio0.25
32,6,0.5326245004320528,0.18468471236907189,1,1,1.0377123276469098,0.7301314495282959,0.6902693525986984,1.3575072722739752,0.27066199537647656,0.32486884238283625,0.1748422364795741,0.3382119441059489,9,1156.2627923341008,0.963552326945084,A2_ratio0.25
32,7,0.365470680957508,0.20154830382884173,1,1,0.8862937002999316,0.6794111139995467,0.6559634420478646,0.9190833784438155,0.2828249224231078,0.330518580400304,0.26855822432876525,0.3371723122957451,8,1140.8983187936067,0.9507485989946722,A2_ratio0.25
32,8,0.6883771763424946,0.25774872069018245,1,1,0.7738377733906245,0.6704805223846759,0.650252997982433,0.7004351629859682,0.31196580551240144,0.3410252527150413,0.32588324089255194,0.3538525799386722,7,1116.5542458134023,0.9304618715111685,A2_ratio0.25
32,9,0.6000626890519684,0.2848609558558028,1,1,0.6537260089787538,0.6363592834518832,0.6202072523388384,0.6775590966975609,0.3390918533668988,0.35568877204194704,0.3485517687725683,0.36897713213411987,6,981.3823617930989,0.8178186348275824,A2_ratio0.25
33,4,0.485687773782859,0.18334517550180138,1,1,1.4207783993163803,0.6795805538705854,0.6423345451343495,1.7646752640847738,0.25501935227088063,0.34474505866607724,0.1438141060004188,0.3614063117514386,9,1182.2169413913527,0.985180784492794,A2_ratio0.25
33,5,0.8843468523833371,0.22795742302741118,1,1,1.1167437887512883,0.6482918392821884,0.6249372853125683,1.1190065802186608,0.27166955431570855,0.3440378493986313,0.22442489308235924,0.34792499210271755,8,1174.2783552311014,0.9785652960259178,A2_ratio0.25
33,6,0.7035883497201878,0.25186441373734536,1,1,0.8456247969612818,0.6476829531629857,0.6128731043510148,0.8309758560073439,0.29988085332408776,0.35462774207302944,0.28054140684800505,0.35753154959222677,7,1140.4135563306058,0.9503446302755049,A2_ratio0.25
33,7,0.7086747161930078,0.3082491524420528,1,1,0.673682383827246,0.6122488191414985,0.6019931249640885,0.6311075078013813,0.33581269726909824,0.3665353437458898,0.35557630028154147,0.3736703274962878,6,1055.1696072450954,0.8793080060375795,A2_ratio0.25
34,3,0.8521769167523925,0.1286433123403913,1,1,1.694841710762577,1.2264425806893877,0.6779778750300618,2.519086164016892,0.2089481694122459,0.2052631004328338,0.08047285645148983,0.34931156043357625,12,1187.091196091667,0.9892426634097224,A2_ratio0.25
34,4,0.04727612982267404,0.13293359816212003,0,0,1.5665379113552809,1.179955864838007,0.677909122572839,2.0696488274782237,0.22529060678655924,0.2076044709470169,0.11258719081623182,0.3513908279698309,11,1188.5507901369251,0.9904589917807709,A2_ratio0.25
34,6,0.7667369707216496,0.17136745290534713,1,1,1.2758402537065991,0.915412534704041,0.6661061286663286,1.5680071997000211,0.2410105993660733,0.26709589270101974,0.1666719404126843,0.3463492131471208,10,1181.3878320512333,0.9844898600426945,A2_ratio0.25
34,7,0.5392320853366992,0.1871515101824506,1,1,1.0707201961015969,0.6834967083922047,0.6553766402416681,1.2249432942332672,0.26249867124894444,0.3319623759558815,0.20216904363760868,0.3545780353793702,9,1164.2787215796325,0.9702322679830271,A2_ratio0.25
34,8,0.5028640608113676,0.20822966065084947,1,1,0.9104872445173344,0.6763459377124567,0.6468768140744566,1.1616832564730792,0.2876136124832457,0.3415729260715119,0.2177662548458931,0.36148091115946923,8,1145.2061533526692,0.9543384611272243,A2_ratio0.25
34,9,0.7851238449867523,0.27936447123559544,1,1,0.797113052777639,0.654239915456531,0.6434693304421149,0.9097991238579045,0.3215556853787916,0.365760415280253,0.2890745562026536,0.38562697286239633,7,1090.478791678497,0.9087323263987475,A2_ratio0.25
34,10,0.7142764269999247,0.3041316715456386,1,1,0.6866031032101079,0.6016298500921451,0.5962227854639914,0.6107534859949988,0.33292288365213096,0.3656296152030897,0.3580304193078769,0.3735414277443924,6,1099.8707103282802,0.9165589252735669,A2_ratio0.25
1,2,0.8998809660377076,0.45695673513903867,1,1,1.1452094732288376,0.9461887941931758,0.4587788759937671,1.3630416485060664,0.27586544747160413,0.27957542964645765,0.1351204276522128,0.42790086277636286,6,1137.9730296762787,0.9483108580635655,A2_ratio0.5
1,3,0.8565595790009832,0.5421022094049862,1,1,1.988574144189625,0.47563690057495617,0.4118501754882185,0.7904220403526967,0.3031548737091074,0.4258151505988054,0.2151313327694095,0.43015382072768615,5,1065.9612490471497,0.8883010408726247,A2_ratio0.5
1,4,0.8047612712522603,0.5429218317761003,1,1,0.9935550302289595,0.8969908290036895,0.2867534726383132,1.603792386594336,0.2703900638661114,0.26934341219463453,0.10499666886113496,0.43473680719961105,4,1109.320514185101,0.9244337618209175,A2_ratio0.5
2,1,0.8546369388774211,0.19049604770109957,1,1,1.5645898709298383,1.0293887799011088,0.6637154005387255,2.4374131116315763,0.22775041325994833,0.24364052080344606,0.07916955243145024,0.36078395070532476,10,1174.603152036737,0.9788359600306141,A2_ratio0.5
2,2,0.6641072501001883,0.22039836075366062,1,1,1.5082564590543228,0.9734930372292376,0.6734986665418723,1.738750380438532,0.2471880628551587,0.27516488792905575,0.14395945769681726,0.33931543827581667,9,1165.6342534230773,0.9713618778525644,A2_ratio0.5
2,3,0.7699365291405325,0.30559427652297505,1,1,1.038795777885519,0.9501029134908762,0.6377814458454307,1.4295236735442272,0.27007776719448484,0.2625012347499011,0.15727491532480087,0.38839003813592476,8,1135.149760152085,0.9459581334600708,A2_ratio0.5
2,4,0.6095070798280562,0.2984275620126936,1,1,1.1313644422178917,0.6557243458553405,0.6213794710844447,0.9642337429496324,0.2882676146360721,0.34433693388061154,0.22201833153565415,0.376529419559091,7,1076.0610492059293,0.896717541004941,A2_ratio0.5
2,5,0.720066067248726,0.3853320219934691,1,1,1.2784721156957028,0.6243824935991245,0.49324287418460244,0.940539052281403,0.29839604092667216,0.3750525783409111,0.21803541264716816,0.40799112321171904,6,1061.0423128419159,0.8842019273682632,A2_ratio0.5
2,6,0.794000335064915,0.5616572838391456,1,1,0.8417688098849607,0.6031125876518417,0.4103711248745516,1.3057067320474016,0.3134354181540788,0.2983455527120241,0.20453756413205473,0.4539992172475119,5,978.5307324873417,0.8154422770727847,A2_ratio0.5
2,7,0.807330801086911,0.5730567801900484,1,1,0.7469073346970485,0.6225846472360851,0.3827890947930565,0.986702887140077,0.32044055526885823,0.34543490727096104,0.2801782734324073,0.38569718910741196,4,921.4789177484865,0.7678990981237388,A2_ratio0.5
3,1,0.5324795269003788,0.1557964764798748,1,1,1.6579415503857933,1.0170372369163505,0.6953903612626353,2.105594643100092,0.21962837696201945,0.263808057176837,0.10529810525319397,0.334848524864203,11,1178.7743204551005,0.9823119337125837,A2_ratio0.5
3,2,0.6275239420904172,0.18071526432704393,1,1,1.562779130386277,0.875149029937097,0.6747856116794144,1.7280079913977295,0.23433122721664965,0.28353306715582605,0.14374671594018343,0.3449543495002809,10,1173.9764425584758,0.9783137021320631,A2_ratio0.5
3,3,0.7814202440026689,0.2559386036534621,1,1,1.4364569403210936,0.694647063748162,0.6459597827573252,1.8501047706608424,0.24647127632523289,0.3101865298350485,0.09854760380129036,0.36347632036348193,9,1150.1643966247966,0.9584703305206639,A2_ratio0.5
3,4,0.773587868953622,0.2896844325771271,1,1,1.1601489331470063,0.8143827284788993,0.6498748198167097,1.130237315613953,0.2763192966362261,0.3035794481715156,0.20355011352603708,0.39105104371312177,8,1134.951722850239,0.9457931023751992,A2_ratio0.5
3,7,0.8300977607888138,0.5550097448217861,1,1,0.7385152092318833,0.6129959359536816,0.43772345579430555,0.6552791345663216,0.33745735915199704,0.3728578847710422,0.2888221693565429,0.4407194146341521,5,996.858437932338,0.830715364943615,A2_ratio0.5
3,8,0.7963608143829555,0.6123133898068371,1,1,1.1357827718347895,0.44293968332326494,0.3563950696560285,1.2223273855020258,0.3142678642686338,0.37752872029935136,0.24751358989245814,0.44428299467552695,4,964.4128494850505,0.8036773745708754,A2_ratio0.5
4,2,0.5187802205057923,0.15652229298373194,1,1,1.5537544602857383,1.2622909250127075,0.6910880104987878,2.3167398835217172,0.21399794022816146,0.19287930162935732,0.09022983066056631,0.3282817772727472,11,1179.9545127176896,0.9832954272647413,A2_ratio0.5
4,3,0.6970635797275208,0.23988662598575197,1,1,1.4764235435272521,1.099839166856881,0.8047139952612868,1.978357331133721,0.22344980235973622,0.2170889091083081,0.1134147347578825,0.2998895356281871,10,1156.3063609112799,0.9635886340927332,A2_ratio0.5
4,4,0.7759398744094929,0.21617124687809083,1,1,1.5426457349617226,0.8579415320097864,0.6630184014887329,1.4559425791048608,0.24272304409472328,0.2856625760569657,0.17772840760760972,0.35273303166850595,9,1173.563168675124,0.97796930722927,A2_ratio0.5
4,5,0.5353848633722578,0.24487199295502593,1,1,1.1250895029830932,0.7721087301758975,0.6054627916126132,1.2090149303551956,0.274176670387428,0.31247891201142497,0.19581474072923807,0.3710601972238664,8,1097.251240972007,0.9143760341433392,A2_ratio0.5
4,6,0.7503422248962999,0.37573003466490146,1,1,0.8261466168313744,0.6924465030539735,0.5949480828943783,1.04185282999915,0.30060438726951005,0.3709393049205476,0.21077629706046003,0.382239118775338,7,1084.292234224878,0.903576861854065,A2_ratio0.5
4,7,0.6500645631633893,0.42178875325457643,1,1,0.9301848058950792,0.735458166187083,0.5766889538660888,1.3562668183607864,0.2998143871044023,0.2863238568307364,0.17572489052091966,0.3985591970787108,6,1016.622546592812,0.84718545549401,A2_ratio0.5
4,8,0.7307335557764089,0.47478929068641046,1,1,0.9100980167191013,0.4957033649981464,0.47210947855181173,0.6523985063376956,0.3209752753808254,0.3980261918345439,0.25901751703097325,0.42701175800806734,5,983.5621725016965,0.8196351437514138,A2_ratio0.5
4,9,0.9280222163197464,0.6473385036788468,1,1,0.7027871579706327,0.7391807056371614,0.37772448971340256,1.0642433738943915,0.319969132144623,0.3056814709441983,0.23315527157233107,0.3924953315164903,4,1002.3748605616502,0.8353123838013752,A2_ratio0.5
5,1,0.4697765189310494,0.14199902710393575,1,1,2.0752069538852322,1.089274508543245,0.7416086696687698,2.3819324334842773,0.20925948395365335,0.22996132683249088,0.08935891832262507,0.3141423463372225,12,1180.0278474004094,0.9833565395003412,A2_ratio0.5
5,2,0.41594895280782945,0.15985597721342967,1,1,1.5325433688003358,1.1390489718047094,0.6817026936296604,2.252926526733595,0.2209993752865503,0.2294518587285841,0.09231094391620143,0.34284562821054143,11,1166.87712251006,0.9723976020917167,A2_ratio0.5
5,3,0.7171244668857135,0.2331551295161659,1,1,1.3937388929654682,1.1943360526289593,0.647194439954677,1.7148095745548908,0.22920690413045208,0.20514271581743998,0.12957203682825572,0.36135299851134994,10,1162.868393345331,0.9690569944544425,A2_ratio0.5
5,4,0.5660496020047985,0.20411364606939184,1,1,2.3461774766300403,0.7904321118389563,0.6837633671926904,1.217090339200017,0.2624601365416719,0.3227193142155548,0.22503832815186564,0.3467481796046085,9,1131.374700419867,0.9428122503498891,A2_ratio0.5
5,5,0.6182947035521725,0.2721601772358381,1,1,1.3120206278833655,0.8072978838002185,0.5903695222520322,1.5437130847397877,0.25819423769941713,0.31936825829987225,0.12464183948205945,0.37616177251585153,8,1079.9416681815153,0.8999513901512628,A2_ratio0.5
5,6,0.8621330531523355,0.3393643514775893,1,1,1.412025894769783,0.6287836157699138,0.5631750721732214,1.3486560022013683,0.2751755097709832,0.3252910926893812,0.18144898023546674,0.3940734444675722,7,1152.777589671308,0.9606479913927567,A2_ratio0.5
5,7,0.6803175196285217,0.3669926970287785,1,1,1.3386298456984065,0.5848118529315707,0.541615236124479,0.8203858246352612,0.3037855409104681,0.3704879975974522,0.23391787193051541,0.40707956989070493,6,1027.4522323023668,0.8562101935853057,A2_ratio0.5
5,8,0.7425456722912562,0.4833430737487096,1,1,0.89541553613303,0.5565586799534129,0.422477719875289,0.9038091229707174,0.31141838143156064,0.296126253069999,0.27623861745623324,0.42668698669935845,5,934.8388075493393,0.7790323396244494,A2_ratio0.5
5,9,0.8795069016530696,0.5785792327720555,1,1,0.7522783833170894,0.7637087312937207,0.32823857555594554,1.1877485390548648,0.30750524591816175,0.30146993801234484,0.22246510201488767,0.3865100819156189,4,933.283381603201,0.7777361513360008,A2_ratio0.5
6,3,0.6429637449560344,0.1842096910161891,1,1,1.693366293670623,1.2126256308243555,0.7000499249042416,2.38954173053108,0.21944264683874493,0.21172565318988634,0.07875921038587336,0.3408402851818578,10,1178.827543596675,0.9823562863305625,A2_ratio0.5
6,4,0.6250031242623253,0.23779584992114025,1,1,1.1387848596855392,1.072705074700312,0.7011930325853201,1.4177360723193297,0.2462095975394553,0.23280239162140884,0.16222403713817707,0.34304571693684494,9,1164.9241506888743,0.970770125574062,A2_ratio0.5
6,5,0.6506424295497708,0.26053543089803366,1,1,1.2933328882835207,0.9301200845163703,0.5811352229583893,1.4090252709749356,0.2568925731418167,0.2684445588923468,0.17040004155947458,0.3635315930699837,8,1146.6089490498687,0.9555074575415572,A2_ratio0.5
6,6,0.6454285243453544,0.30511996077366194,1,1,1.282147673325751,0.8168737632431268,0.5486377570398504,1.1672864019662748,0.27887768791717704,0.2943362087830329,0.19320584899138218,0.3980986504589744,7,1104.1637877171718,0.9201364897643098,A2_ratio0.5
6,7,0.7221341977203325,0.3930753836179165,1,1,1.0087252830296414,0.6224762390646279,0.5338282488951205,0.8909235348636326,0.2951857017790939,0.35260803287376297,0.22238051466560754,0.38458534294600893,6,1058.331650755507,0.8819430422962559,A2_ratio0.5
6,8,0.7572215344546723,0.4864359342454465,1,1,1.1490409593012658,0.510634165123829,0.5034668478947493,0.7315132473992725,0.30938596074788255,0.4017501114552938,0.23884121402704234,0.40632873434703,5,1007.8365163245193,0.839863763603766,A2_ratio0.5
6,9,0.7760139120808328,0.5779157251324744,1,1,0.6815700685318956,0.4497452299157412,0.3814886345379499,0.7498266639096869,0.35859423163825516,0.39725734713319505,0.3240483075165104,0.4318032712549398,4,901.6858443384335,0.751404870282028,A2_ratio0.5
7,4,0.6247790606484056,0.23347637596782775,1,1,1.2085567363706302,1.3173862475650706,0.6914454929635354,1.5680145720178,0.243054281654654,0.19132694416529783,0.14080803668011235,0.3409013299107758,9,1163.0884673820674,0.9692403894850562,A2_ratio0.5
7,5,0.6361102430436312,0.27003247500430916,1,1,1.2256786255085845,0.8412339724987524,0.6879528660797103,1.6228115058061847,0.2612937526377063,0.2871201003549625,0.159708052560708,0.3509650334061911,8,1142.291314076401,0.9519094283970009,A2_ratio0.5
7,6,0.758146684072859,0.33318711769178216,1,1,1.2243677059843425,0.7118186089150333,0.546329238021751,1.184566416334528,0.2794250760385017,0.3208948971413188,0.19983916107558905,0.3920865442887862,7,1128.1121050676995,0.9400934208897496,A2_ratio0.5
7,7,0.6574585102448292,0.3638591047057057,1,1,1.2305055582700066,0.6399462960351123,0.5052022005375165,0.8777067068041441,0.29958528086175645,0.36653901405191913,0.21990448309237048,0.40768386834240833,6,1042.5725025113254,0.8688104187594379,A2_ratio0.5
7,8,0.7718016749293135,0.5126118352874693,1,1,0.9192079411100023,0.6269636629763066,0.44528122263969044,0.6688536828649242,0.3334265991664281,0.3947850202284019,0.2643560028495568,0.44426170705581036,5,990.7313014514056,0.8256094178761713,A2_ratio0.5
7,9,0.7594439353608686,0.5837566656572997,1,1,1.3134433378599395,0.42363739325344274,0.3501477445137576,1.3869329865996247,0.3100442369325729,0.37177438334044494,0.24364495841566414,0.43817366185735374,4,938.804126544182,0.7823367721201517,A2_ratio0.5
8,2,0.5311211503608742,0.12609654423531952,1,1,1.723499803068665,0.9190679939547625,0.8572330509502796,2.4705268139806824,0.20497883162638758,0.25518582169474235,0.09459417859655785,0.2884561397036174,13,1181.1492711935657,0.9842910593279715,A2_ratio0.5
8,3,0.6112714823891725,0.1578409116936582,1,1,1.2526309633428239,1.0493323044120948,0.8024264682016469,1.298274097722832,0.22648540249835278,0.22986289143568472,0.17706484152901547,0.3038975948272443,12,1175.3963244631873,0.9794969370526561,A2_ratio0.5
8,5,0.6535206737484562,0.20815992760762733,1,1,1.6310709636428748,0.8750757760357718,0.673008959773029,1.7152654826098195,0.2414072270698328,0.28001969805865107,0.14389975287634132,0.3526409273358925,9,1166.5865440254545,0.9721554533545455,A2_ratio0.5
8,6,0.6668533675650057,0.2806534620599125,1,1,1.3026469004066532,0.7506170008885946,0.6181675570446381,1.267509025345057,0.2700066384936738,0.3169336598103861,0.18773337621290787,0.3748872074140359,8,1131.6627077602864,0.9430522564669053,A2_ratio0.5
8,7,0.7062431987106306,0.31553091392474963,1,1,1.144480024647552,0.7324868038630558,0.5566146957283051,0.9763945798025642,0.2883283527277483,0.32831326246089176,0.23263386490065108,0.3901492906542756,7,1083.9881576899686,0.9033234647416405,A2_ratio0.5
8,8,0.7179076904581094,0.4210895975169956,1,1,1.1186970749005345,0.7045831441981429,0.48874791557872593,0.9592264748722026,0.2968333413249273,0.31085558791893353,0.20846381924005503,0.43882226889245957,6,1021.503494080117,0.8512529117334308,A2_ratio0.5
8,9,0.7843512134821925,0.5089797235469786,1,1,0.8251728443972329,0.5234503499769937,0.43741082887752636,0.6442943730613914,0.324289490638651,0.37982723318612355,0.26917239473062027,0.43649348240755803,5,987.9096161527397,0.8232580134606163,A2_ratio0.5
8,10,0.8087844361834371,0.618294723979194,1,1,1.326137822304929,0.4185732306328107,0.3354076793094952,1.4093033736282445,0.3052616172916785,0.3666990636329134,0.23245612014291184,0.43950456078168,4,978.4787824306524,0.815398985358877,A2_ratio0.5
9,2,0.5345314400691701,0.12223619731447148,1,1,1.7195385526549225,0.9686717224980901,0.8443965709630241,2.885253755908891,0.19993692998526594,0.2551511396848303,0.07555439835024197,0.2826925911480621,14,1183.7227611359183,0.9864356342799319,A2_ratio0.5
9,4,0.7119486671879871,0.17615691587820118,1,1,1.4676783285709902,0.8730894609181022,0.7490554599487883,1.9357040283684526,0.23258933715475238,0.2961691489251349,0.1320661147877375,0.32126201124913,11,1176.227403378541,0.9801895028154509,A2_ratio0.5
9,5,0.7176388041866583,0.18769107755599412,1,1,1.353806938830894,0.7994236901648207,0.7461253594829338,1.2336114674569612,0.24933027037473204,0.300534387217746,0.19619552711944344,0.33697627351849263,10,1153.1568011214029,0.9609640009345024,A2_ratio0.5
9,8,0.8018658311701901,0.5104892734577076,1,1,1.6682826185557666,0.5632642961707985,0.41630625078078565,0.8288747430050204,0.3069417772395359,0.39831795176366175,0.20409402605869145,0.46282469524123093,5,1057.562421961535,0.8813020183012791,A2_ratio0.5
9,9,0.8129743499301759,0.616363687870665,1,1,1.7255892016231509,0.46283428125661236,0.32727672770010363,1.8611467551796594,0.2966718147864674,0.36212351633476236,0.21450614227460368,0.44428918884662605,4,989.5310561444026,0.8246092134536688,A2_ratio0.5
10,2,0.37086604183895056,0.15168901273417779,1,1,1.8885511229687884,1.2497108003249902,0.7293920194874051,2.683846063085598,0.20952326588675574,0.20104620113015462,0.07941345364948507,0.3362205266952909,11,1180.8068629203,0.98400571910025,A2_ratio0.5
10,3,0.7065252468539802,0.17757853335624005,1,1,1.5867442673687275,1.039699209345578,0.7388492554527621,1.8029450212361233,0.2315422556539346,0.2397494188080997,0.13801590476616865,0.33059373290222227,10,1176.996251181025,0.9808302093175207,A2_ratio0.5
10,4,0.5631075691910988,0.2112140789238473,1,1,1.3094725818857689,0.8870867029768815,0.7369567116059798,1.561868810833594,0.2506220127057536,0.2706799931354257,0.1516336340264741,0.34852061191959305,9,1144.820087613668,0.9540167396780567,A2_ratio0.5
10,5,0.616318585941573,0.2592737349219775,1,1,1.4270940898629263,0.8394429283140801,0.655573461619144,1.2991049917975253,0.263912852236986,0.3078023388056158,0.1804696578913248,0.3590660818383704,8,1134.0421451077334,0.9450351209231111,A2_ratio0.5
10,6,0.6336827543336565,0.30153003215866725,1,1,1.4016038215355773,0.7554510572570245,0.5530199393893207,1.0743535812137135,0.2796497022863275,0.3348653471528339,0.20550684763592436,0.38990627135342126,7,1091.2642568961624,0.909386880746802,A2_ratio0.5
10,7,0.6862692891351416,0.438370673730166,1,1,0.9206887843152257,0.7102171220990887,0.5250006871181667,1.260075372441393,0.2989718147645789,0.2891455776957307,0.19505490408254095,0.4128830398470652,6,1028.9115848709484,0.8574263207257904,A2_ratio0.5
10,8,0.7489675228963005,0.4777118115443077,1,1,1.39926161085369,0.5130271067134864,0.44994349163396846,0.7379045615655587,0.3218956436389423,0.42391293706789973,0.2469323111723303,0.45085265260507446,5,1003.1618781948823,0.8359682318290687,A2_ratio0.5
10,9,0.9134311620830027,0.6253865563649451,1,1,0.8006430615899183,0.7263459759858227,0.3414733766796339,1.1855156608961073,0.2960178578934382,0.29738228026857577,0.2087967856248548,0.38460335253715916,4,972.379745063158,0.8103164542192983,A2_ratio0.5
11,1,0.5213649356731224,0.1407594757439285,1,1,1.743550538590642,1.1734010105722574,0.7884724875289684,2.4159937614887674,0.20091702798753705,0.20096003271438542,0.08149966003451184,0.2962522122797847,12,1187.0480856154627,0.9892067380128856,A2_ratio0.5
11,2,0.5986037500077204,0.15485864348347028,1,1,1.7153260912528732,1.3613194301340688,0.7798263379154985,1.9409692724452934,0.21412031541266652,0.1908483435346099,0.11099283154772782,0.3154442740595501,11,1182.63067038001,0.9855255586500085,A2_ratio0.5
11,3,0.5869001782709481,0.17941443320139064,1,1,1.7275294708723163,0.9134649410025039,0.7147310183921556,1.714169976018514,0.23489585784328898,0.2784150458737343,0.13204593840412648,0.3309862218187679,10,1165.5326054086415,0.9712771711738679,A2_ratio0.5
11,4,0.626987332429015,0.20761193535282335,1,1,1.4015821028680227,0.8946846491470112,0.7264007280288122,1.3462577192582468,0.25510555539533236,0.2736579216028463,0.19345537670751475,0.33628717342404657,9,1139.7255359954775,0.9497712799962312,A2_ratio0.5
11,5,0.5485961597491356,0.24357224707579617,1,1,1.6127487020485307,0.7710494686749014,0.6108227881594088,1.2288355287450874,0.25932404755268923,0.3065866848064165,0.1694210762360842,0.3625453096422707,8,1122.3899298584008,0.9353249415486673,A2_ratio0.5
11,6,0.3314538863017995,0.24921559515320482,1,1,1.434823320384831,0.6579881933372456,0.5704899780085124,1.0606058574160269,0.2789061199299531,0.3378896157740633,0.19675404927970494,0.3917201287777311,7,1102.0623919285142,0.9183853266070952,A2_ratio0.5
11,7,0.7042779979234868,0.3885848481417297,1,1,1.154482990480499,0.7016086468394999,0.484939256228403,1.0620425744247284,0.2971692864495063,0.3069601793582281,0.2129100551168781,0.4395066138326757,6,1000.8499005393776,0.8340415837828147,A2_ratio0.5
11,8,0.8158208997615807,0.5364620061711701,1,1,0.8775914143687569,0.5166005609577116,0.45733797435965295,1.4013922235183465,0.31372288803411597,0.30437309880725566,0.184293576466807,0.4490096085601834,5,967.6172032382018,0.8063476693651682,A2_ratio0.5
11,9,0.9005046931250593,0.7010947690178689,1,1,1.2082266160546642,0.4930181099371326,0.3496059615041355,1.3516387644876615,0.3109385855006591,0.37104694196738075,0.226436549140888,0.45554897832715185,4,1049.8156959812475,0.8748464133177062,A2_ratio0.5
12,2,0.5233570046456409,0.17976299837366438,1,1,1.4845046769983254,1.2411752134045908,0.7454761372647549,2.1533292290000663,0.21979371979699283,0.20120945680372448,0.1072317527997314,0.3365928629952514,11,1174.3251683749775,0.9786043069791479,A2_ratio0.5
12,3,0.6084272063777232,0.2038178688072279,1,1,1.4433340938576575,1.0891864955105928,0.6731982320096038,1.800330842811268,0.23372113087874308,0.23709639052573836,0.1358372089180902,0.357977942210728,10,1166.6422535684655,0.9722018779737213,A2_ratio0.5
12,4,0.5919100131506796,0.21379053195958866,1,1,1.3568792659178874,0.8890553560155986,0.7545983511235157,1.3561860607134977,0.24664549598301885,0.2631231085625666,0.15983799534991033,0.3424591126732612,9,1147.6539716086877,0.9563783096739065,A2_ratio0.5
12,5,0.7730923226119427,0.29237256474628154,1,1,1.0298475449679427,0.8118728675243232,0.6784007468355113,1.2906835296713695,0.27061230289956495,0.304213403807545,0.16185107751009337,0.3538728394780454,8,1110.8346291676246,0.9256955243063538,A2_ratio0.5
12,6,0.792878472406592,0.39888529284979196,1,1,0.9578638518255277,0.7414204182104168,0.5318067593904313,1.2989718724736186,0.2766299263675875,0.30903167744858423,0.14070163064293095,0.39779363336188944,7,1102.707088422367,0.9189225736853058,A2_ratio0.5
12,7,0.7104252535833107,0.4258840952753065,1,1,0.8202934506418019,0.645691059179982,0.545931831742417,1.080005202045264,0.30790744226909755,0.299958485361652,0.21593654235847726,0.410024753240393,6,1000.5821737533701,0.8338184781278084,A2_ratio0.5
12,8,0.7529270134927617,0.4912941290505043,1,1,1.0110390579987938,0.5817966668761332,0.4507119423089866,0.6266307811145826,0.3274567819756132,0.4149885287396939,0.2743789519853447,0.42591275805523277,5,977.8805690252091,0.8149004741876742,A2_ratio0.5
12,9,0.783649281415084,0.5930463025133953,1,1,1.2320172374966567,0.4192224076506845,0.3496477943624932,1.3015918507848478,0.3176690435934515,0.38621081660358053,0.2550284564328324,0.4488514037641997,4,942.6507465885996,0.785542288823833,A2_ratio0.5
13,1,0.4761800730197524,0.15027141332304136,1,1,1.7331600540403225,1.2470343583856338,0.7596114455476211,2.28785057716956,0.20694752317594747,0.19328150693283547,0.10006022445417653,0.32750347678358205,12,1180.178310216658,0.9834819251805483,A2_ratio0.5
13,2,0.4422704351600061,0.15409807400489736,1,1,1.641794128632368,1.2388643687431644,0.7295473317291701,2.3433373677614764,0.22012448748367366,0.20271044706433256,0.09459596889971945,0.35047195582494817,11,1173.4906926299623,0.9779089105249685,A2_ratio0.5
13,3,0.653811701035378,0.1764154526078684,1,1,1.5408113071228335,1.0699093522774872,0.7223623643288727,2.0185313233397455,0.23204562246699817,0.22417862802113894,0.11951034968683277,0.34088128174100535,10,1158.2993497599057,0.9652494581332547,A2_ratio0.5
13,4,0.6963429574418233,0.21253186465491972,1,1,1.4464189950101551,0.9340856253499711,0.7204178695608523,1.3429792349102068,0.2510302107801141,0.26564124933339656,0.19998340264165762,0.34273574751769115,9,1168.0604767411091,0.973383730617591,A2_ratio0.5
13,5,0.5447436465105162,0.23950125299502906,1,1,1.2972529144861162,0.7779611001196798,0.6289077433995252,1.1890600603792196,0.26408541976771605,0.30818086472230427,0.19275824035929237,0.35267721707497285,8,1105.650823743232,0.9213756864526933,A2_ratio0.5
13,6,0.6753371862529128,0.3535502720564838,1,1,0.9167789656097013,0.8018085803880887,0.571734532749942,1.2051407731845551,0.28731315968921,0.3327033423752126,0.16717374471840357,0.3872434020965023,7,1070.3329546033744,0.8919441288361454,A2_ratio0.5
13,7,0.6864215309266009,0.3747038091535078,1,1,1.3402820027212041,0.6321106420245148,0.552831275587329,0.8328201021249286,0.30266599158629476,0.3778434532069279,0.23661502428739906,0.3988740057829417,6,1041.5541243052946,0.8679617702544122,A2_ratio0.5
13,8,0.5634722103868237,0.3978316365041187,1,1,1.1067484120522906,0.5389165228228754,0.45735321387732913,0.597040892835104,0.32230539290343496,0.41014096686136126,0.2762536752901558,0.41221745855672887,5,913.760185420475,0.7614668211837291,A2_ratio0.5
13,9,0.8579885312629325,0.6495329317136906,1,1,0.8685679317894182,0.5436687465800282,0.3943000046917976,1.0179366736776487,0.30716323992129857,0.3482852749000035,0.28282138744644253,0.3726271273748596,4,998.9398076306172,0.832449839692181,A2_ratio0.5
14,2,0.6032934261713905,0.1507053882011364,1,1,1.5548268511314436,1.4717383241892905,0.7593439619383718,1.9193710271056865,0.21119381201741927,0.16496562987563002,0.11989233572925342,0.32545994582028076,12,1185.8385787375964,0.9881988156146637,A2_ratio0.5
14,3,0.5135386774664799,0.15887852376737518,1,1,1.572562695757895,0.9429614360902888,0.6995454894507971,2.0299150918483897,0.22422724253128196,0.2942698489012396,0.10697170527995517,0.33186934343460217,11,1174.8673212500255,0.9790561010416879,A2_ratio0.5
14,4,0.5438499400810698,0.18558554654190557,1,1,1.4842085925947706,0.8954500509374576,0.6727465035519831,1.7290285716453146,0.23986709582599355,0.28751039382707144,0.1428199201370493,0.3438868526132437,10,1163.3135140506,0.9694279283755,A2_ratio0.5
14,5,0.6643466864604515,0.2434638404159516,1,1,1.1151789580609477,0.8333985982048564,0.6102030087946224,1.777862760410602,0.2544587451792232,0.28034082619794304,0.12350736870182265,0.36859699429075904,9,1143.0531447403728,0.9525442872836439,A2_ratio0.5
14,6,0.6956439583935826,0.2496174296606838,1,1,1.3310452369551622,0.6897345444940167,0.6314237190902817,1.0474955302817197,0.2728192118354478,0.32944864772091864,0.22751089590687867,0.3692663114842059,8,1099.7777007510954,0.9164814172925795,A2_ratio0.5
14,7,0.5689678992290711,0.28010948430696786,1,1,1.438826459619152,0.6134130781408793,0.6036130892486549,0.7980923126823065,0.28536941103516933,0.3521656067096432,0.2604944119847568,0.3647372706978612,7,1037.802817933164,0.86483568161097,A2_ratio0.5
14,9,0.0,0.009520352475122014,0,0,1.1254102227820153,0.4157242500753279,0.35299217029282887,1.1881423025645144,0.31771634370861374,0.4063152884172627,0.3001023626826473,0.4239292694432292,4,1119.4022916396837,0.9328352430330697,A2_ratio0.5
15,1,0.5936895780424891,0.13315410357170776,1,1,1.600022943188282,0.8215674113716682,0.818963015018143,1.8382289822460742,0.21041959971893937,0.27675391254943826,0.11700099093872988,0.29997965419888734,13,1183.7646723351043,0.9864705602792535,A2_ratio0.5
15,2,0.6666421145386096,0.14719000596600443,1,1,1.7117456369883834,0.87794824450741,0.8480378781546346,1.3159359479471453,0.2248480306452759,0.28717753684769276,0.20456583337177348,0.29075235539147815,12,1180.1053234490114,0.9834211028741762,A2_ratio0.5
15,4,0.754253366169866,0.2488618132344025,1,1,1.0723333915573556,0.6906598575068604,0.6558191402336873,1.6616585198586356,0.2581693708411733,0.3321770404362592,0.11075411549964521,0.3586987324413603,9,1142.3089809529297,0.9519241507941081,A2_ratio0.5
15,6,0.0,0.016053166564076817,0,0,1.107786087353906,0.6661345962737313,0.6466125859514781,1.0955392770518857,0.2751437763466167,0.3450679024306078,0.2692082384356602,0.34725254235160574,8,1163.431473342373,0.9695262277853108,A2_ratio0.5
16,2,0.5566020600993918,0.14697722619983675,1,1,1.5563326386479759,1.3396392162712367,0.734933852645677,1.9710280086713599,0.21151026182153343,0.1776660720981899,0.12097916767228797,0.33131199601677924,12,1184.4302092205783,0.9870251743504819,A2_ratio0.5
16,3,0.5423304847827543,0.1700873420800208,1,1,1.4084369322992465,1.2973800892927787,0.7182400348383234,1.8260080970647055,0.22382118505738358,0.18643295649240307,0.12631484804780096,0.329460635158811,11,1178.8301850599744,0.9823584875499787,A2_ratio0.5
16,4,0.5850086783905295,0.19263305389452257,1,1,1.3540706490536956,0.9067897549218947,0.6489591366345286,1.7479318195777815,0.235537183779777,0.2721997300126603,0.13348351368793424,0.34596737566400704,10,1168.5353157956715,0.9737794298297263,A2_ratio0.5
16,5,0.6571304758386267,0.21175192992085443,1,1,1.3355397197342662,0.8571661685660218,0.6523015074128583,1.4122898010865468,0.2592813280584115,0.2990593532791226,0.1899608812757456,0.3504448114544215,9,1151.0942923912532,0.9592452436593777,A2_ratio0.5
16,6,0.6548128325332708,0.26033361764659946,1,1,1.1706336031065632,0.7834374869744978,0.6401908348787839,1.0785284313471077,0.27179091071274675,0.3085666226755517,0.2120088683083771,0.365690709099843,8,1115.0560504855164,0.929213375404597,A2_ratio0.5
16,7,0.63090492778481,0.3027209141314447,1,1,1.1969624962875933,0.6739445960500514,0.5916563121133269,0.9267723193210977,0.2896751653248147,0.36331962560196285,0.22734462919322654,0.38619039799975136,7,1062.74554977876,0.8856212914823001,A2_ratio0.5
16,8,0.6667023111382651,0.37047048089320067,1,1,0.9410816056416648,0.5971654526588814,0.5514808275561778,0.7037684806137989,0.30727493792888433,0.36283110679438546,0.25672183802498005,0.3941833073302346,6,992.5355225583343,0.8271129354652785,A2_ratio0.5
16,9,0.8010668425151255,0.5495010551568265,1,1,0.8367544865018708,0.5553090018160429,0.4250552854234358,1.4155867044607116,0.3057350471503867,0.31400361288667256,0.16307494929035715,0.4413240895667627,5,972.898977610299,0.8107491480085824,A2_ratio0.5
17,2,0.4647424393754268,0.1375711538001867,1,1,1.6530479698033886,1.209852494055476,0.7769804195520499,2.5580843429574274,0.20986526267426261,0.20641595059235127,0.08220147204659892,0.319734455281659,12,1182.3463846703075,0.985288653891923,A2_ratio0.5
17,3,0.5883187697005345,0.15774065497445477,1,1,1.8517455239730907,0.9256577979237367,0.679010258372186,1.9009791343503366,0.22281478751780598,0.2676704940906751,0.11837922279037746,0.34425042554963414,11,1175.564607637172,0.9796371730309766,A2_ratio0.5
17,4,0.7145509331341435,0.22023463421510228,1,1,1.1473973539756313,1.1007210279231379,0.7928133911710975,1.3065326496868939,0.2450669170929895,0.23450216908464963,0.19127979780498588,0.30270020171041084,10,1165.4262487057495,0.9711885405881245,A2_ratio0.5
17,5,0.0,0.02638712284653742,0,0,1.162981195124214,0.8219053464464346,0.6264753729104732,1.3551011902996726,0.2634109211944416,0.27935530979735235,0.18646445647058854,0.3793896841518106,9,1158.4406761374514,0.9653672301145428,A2_ratio0.5
17,7,0.6581645059802992,0.2812511872650265,1,1,0.9870745082971321,0.8533800879563478,0.6294768701957455,1.2589717362442732,0.2740890440948186,0.287720333345201,0.16765033376132418,0.3521171455943555,8,1094.7737687742729,0.9123114739785607,A2_ratio0.5
17,8,0.6409928219498857,0.336849454982445,1,1,0.8924255536699306,0.6817914097368243,0.5815065499846783,1.1579487541190545,0.29291437986032287,0.33017365684389904,0.173542156074039,0.3849358641640858,7,1046.9277050478156,0.872439754206513,A2_ratio0.5
17,9,0.3883363538251892,0.289163338788521,1,1,1.0902695677877297,0.6143149762397063,0.5050438184235574,0.834642695717764,0.3024096715372204,0.37753899421034287,0.24087926127781426,0.3988207553943511,6,1000.2571153195613,0.8335475960996345,A2_ratio0.5
17,10,0.7259325061535913,0.47100800838241363,1,1,1.2991754726153963,0.46742870323628943,0.4594321482085006,0.6875095585043733,0.31647012664594804,0.4236725220532959,0.25561054773798675,0.43537387538654304,5,983.9949009536874,0.8199957507947395,A2_ratio0.5
18,5,0.48627504237380015,0.20954257544916882,1,1,1.633146300752418,0.9261010719580901,0.5795991813225032,2.567229214385583,0.23583791629713094,0.28251983214108656,0.077410463499317,0.39904003796781695,9,1164.1037827574137,0.970086485631178,A2_ratio0.5
18,6,0.7779832700581683,0.26367859980722397,1,1,1.3364687572545964,0.8176259463016751,0.5581641180463331,1.5996667315057487,0.25935582946124125,0.30349895308858327,0.155837230346279,0.38604774483919685,8,1171.1646842910498,0.9759705702425414,A2_ratio0.5
18,7,0.7397157113080964,0.31215888102278705,1,1,1.2545262280416178,0.7919633200295616,0.5472792290323434,1.1376764550552,0.2829454241019479,0.3093163848930537,0.20202111243318924,0.40670372372959224,7,1118.6991651176963,0.932249304264747,A2_ratio0.5
18,8,0.8328169834694543,0.4801021636457779,1,1,1.0324003444793342,0.6643135457385686,0.4621689542818012,1.5185722672230728,0.29105357630612083,0.31550575526770186,0.14581575679111536,0.43672205492604543,6,1048.8618685713454,0.8740515571427878,A2_ratio0.5
18,9,0.7421891473618247,0.47698883323998154,1,1,1.267430910970015,0.48338096352572807,0.43989368681173524,0.7290455538543567,0.3136790531699235,0.4224333897402531,0.24476820557282197,0.43502504327121966,5,994.9503214241859,0.8291252678534882,A2_ratio0.5
19,1,0.3491888089425102,0.11573188634538614,1,1,1.951856441673909,1.358438093269124,0.8264507930701482,3.0437861046452355,0.18880979383237484,0.18328835200413512,0.04791257987186024,0.26987823703551056,13,1179.1955216508952,0.9826629347090794,A2_ratio0.5
19,2,0.4297682537550905,0.1333660700100873,1,1,2.2006545218636977,1.4420005298182907,0.7618079646768614,2.871313138074153,0.19627788833052998,0.1634527327703024,0.06723478968616199,0.32559580616755973,12,1184.2054937751534,0.9868379114792944,A2_ratio0.5
19,3,0.5435611982187898,0.16585886689896037,1,1,1.444494415266535,1.3184026105536424,0.8657460499409613,1.7476977725466143,0.21771913758243852,0.19565702464992685,0.13423265496810932,0.2959184068307068,11,1169.1169633060636,0.9742641360883862,A2_ratio0.5
19,4,0.6121946766087663,0.18144118032492376,1,1,1.3857249425718072,1.192031359285144,0.7089654067318447,1.5287149762441763,0.22903178133708174,0.20380528991837832,0.14931704055438613,0.33187929826316437,10,1167.4031978516427,0.9728359982097022,A2_ratio0.5
19,6,0.5205790668409112,0.19949687493618432,1,1,1.3171416273397325,0.9254338947784386,0.6716629171824288,1.3038824038978574,0.2455320677135975,0.27222729339435925,0.18454602696181227,0.31120165756792884,9,1133.9368347963193,0.9449473623302661,A2_ratio0.5
19,7,0.5134963948247081,0.2329823264658302,1,1,1.3543257751971576,0.8506687711572599,0.6226963602106943,1.2250060156535487,0.26578358890598286,0.28065721455194703,0.18720262200377513,0.36845982705617353,8,1106.5197559889189,0.9220997966574324,A2_ratio0.5
19,8,0.665454923728906,0.30790000218335317,1,1,1.3804829903340194,0.7884586345236987,0.5141157788464703,1.1084798249738625,0.27395434274263913,0.2983684160868867,0.1995368156091507,0.39822210613785364,7,1110.075280330967,0.9250627336091392,A2_ratio0.5
19,9,0.7048350663851858,0.4398519242596174,1,1,1.0173553315401291,0.7628536051398944,0.48396565837897143,1.0543326531806367,0.29860353036324955,0.2934703420450599,0.21203465384181783,0.4332514025019263,6,1041.5725571158093,0.8679771309298411,A2_ratio0.5
19,10,0.8050178019778176,0.5077334256768914,1,1,1.5289911352691414,0.4564640970274746,0.4317428182369093,0.7593460181784158,0.3021758983360518,0.41192076039806913,0.2439024981205709,0.4187164178721329,5,1018.3739824798945,0.8486449853999121,A2_ratio0.5
20,2,0.18662975281104305,0.13518239365961274,1,1,2.1817099860194835,1.3089337417427525,0.6906728828620563,2.411836913421852,0.20301158624184348,0.191548966136871,0.0819676337929298,0.34023968269051724,12,1183.251383575375,0.9860428196461458,A2_ratio0.5
20,3,0.47750190990955554,0.17082209179735972,1,1,1.5542864564519308,1.3592827102729814,0.6151826956084647,2.009334604965539,0.21134668844079785,0.17020619952057625,0.10888244325229664,0.35960300716452454,11,1175.3215618296922,0.9794346348580768,A2_ratio0.5
20,4,0.41015569902836935,0.1748646990921816,1,1,1.8411132910319026,1.0163544457687503,0.637519438050897,2.0116923850090442,0.23089701766405665,0.2606389823504883,0.127793605500697,0.343350285015326,10,1162.0866744221446,0.9684055620184538,A2_ratio0.5
20,5,0.7157066201338046,0.2468184986686716,1,1,1.2048996358834614,0.9340795153165897,0.5797596089661269,1.6258739316000659,0.24804704409618872,0.2634287571437439,0.1419544613289103,0.3754941305534164,9,1158.9949298962053,0.9658291082468378,A2_ratio0.5
20,6,0.5887860305995171,0.24056309140481033,1,1,1.5060323345970013,0.8178998301508859,0.5964942103759853,1.261167791178637,0.2676652397783606,0.30432065801459507,0.1879707604367452,0.3792129753443155,8,1113.1642635439985,0.9276368862866654,A2_ratio0.5
20,7,0.677374813571787,0.2959670059649677,1,1,2.1383030271674923,0.6400957798509646,0.5924938133187616,0.8927744169112455,0.28446041355898216,0.3494247241907904,0.24940857375805608,0.37251990731654416,7,1067.2752144702429,0.8893960120585357,A2_ratio0.5
20,9,0.0115971537005854,0.20156023920693336,0,0,1.0965844894536998,0.8188101240070456,0.2777634852687273,1.637631128192018,0.2675661907267039,0.29623786081056264,0.13952670307473408,0.42427734846253246,4,1101.0737090038278,0.9175614241698565,A2_ratio0.5
21,4,0.7475232701401484,0.21453681877214378,1,1,1.5121889320551138,0.994089162339816,0.6465664466880079,2.1022967183763694,0.23818811875804607,0.2661286127685713,0.11606385537647908,0.3743919217022629,10,1187.928582311301,0.9899404852594175,A2_ratio0.5
21,6,0.7972956492380854,0.29053112978016654,1,1,1.1689654353160117,1.169044690978261,0.579742257372399,1.311032518109128,0.24873670764011063,0.20057595922366933,0.17882716154121167,0.3816595634339119,9,1168.7516017615703,0.973959668134642,A2_ratio0.5
21,7,0.6406032877828001,0.2486494127819057,1,1,1.3278969094903794,0.6590066464432288,0.6247766706162659,1.2544188953640114,0.26793523037789707,0.3501388049327563,0.17638896621293554,0.367721464911251,8,1123.1986593296317,0.9359988827746931,A2_ratio0.5
21,8,0.7480327361829014,0.3130864068135722,1,1,1.437202224757881,0.61029214793925,0.60527611143115,0.9473800180395453,0.28570950914528276,0.3714863917170057,0.24110143518735033,0.37674565758252987,7,1092.4333062269698,0.9103610885224748,A2_ratio0.5
22,2,0.6937354629893342,0.15237354646802118,1,1,1.5704207527212362,1.2976535959668545,0.7129316087910769,2.0296640366627807,0.21369458075250083,0.20130714313727363,0.10588164974710863,0.34188071688335053,12,1188.9609962129796,0.990800830177483,A2_ratio0.5
22,3,0.5298702570097629,0.1640693384833585,1,1,1.486164833431827,0.9073250673301274,0.7348191121631348,1.8881407496220994,0.22728883522537827,0.2518718499574052,0.12076352392163,0.34055076747564805,11,1175.3817672577782,0.9794848060481485,A2_ratio0.5
22,4,0.5970209556343078,0.20869876632159737,1,1,1.2346988453391805,0.7901643209533973,0.6670241075110278,1.912592375591735,0.24376295662860512,0.30452926474938197,0.12873497240608853,0.3456936914469138,10,1153.6637091481493,0.9613864242901244,A2_ratio0.5
22,6,0.7663628577816655,0.22640104639892483,1,1,1.3038476956756548,0.7508594562491416,0.6963037401759126,0.9279628989967328,0.25752269014141005,0.31900680389598135,0.2735530124462522,0.32620388753508167,9,1140.3638169628198,0.9503031808023498,A2_ratio0.5
22,8,0.0,0.03677562868099523,0,0,1.007811023147714,0.5309033838965282,0.4993192332946577,1.5386001161503167,0.29656808222073666,0.3845745000195726,0.19035114928169425,0.40193057687675776,6,1125.603952408888,0.9380032936740734,A2_ratio0.5
23,2,0.20614019903830746,0.11905889673648777,0,0,1.833242645575665,1.0043260835953862,0.8237348918310419,2.556738811283631,0.20124110630230618,0.24642704350349456,0.08070042319990094,0.2912288548599251,13,1170.0598788142324,0.9750498990118603,A2_ratio0.5
23,3,0.5773267269795784,0.13787825418871502,1,1,1.660045058596735,0.9146081762875533,0.7961590490399042,2.2035343997286496,0.21204710337777108,0.253534028843114,0.10215512443898384,0.2894493865845699,12,1185.4329279706585,0.9878607733088821,A2_ratio0.5
23,6,0.6108000072023199,0.21168597936475267,1,1,1.4665087699137316,0.8418734501148244,0.6911170847774724,1.7576755310063314,0.24113172781801046,0.300184779706036,0.12491357581129328,0.33553690838768313,9,1169.6841595546423,0.9747367996288686,A2_ratio0.5
23,7,0.7275916343912479,0.2980874873482769,1,1,0.9941574552007186,0.8762022459335135,0.6020230652266362,1.4741358770711126,0.26916748794048906,0.2784543180120158,0.16014184686712196,0.3763620598289145,8,1142.9000682175308,0.952416723514609,A2_ratio0.5
23,8,0.7189870355263142,0.31092871037358644,1,1,1.1810319780415777,0.7200639044751315,0.5687667485432439,1.0110186384494269,0.28462103588416654,0.31937641564253594,0.22713856770101243,0.38294744508546746,7,1090.6575363028605,0.9088812802523838,A2_ratio0.5
23,9,0.7103997520300513,0.43795118180525294,1,1,0.9067675344822542,0.6654917745027987,0.46492307210322203,1.3132160754116906,0.2923166884795814,0.3012975616255692,0.17651159084689028,0.41120890172389213,6,1007.242702169917,0.8393689184749309,A2_ratio0.5
23,10,0.0,0.08256626078823515,0,0,0.9288229264942668,0.4476296289303166,0.3877772300181784,1.6728408823629435,0.2964057422362227,0.40154075079491613,0.1267414778481065,0.42340691048763845,5,1074.5631055438082,0.8954692546198402,A2_ratio0.5
24,2,0.47961019714329617,0.15049418783797297,1,1,1.5553751717140296,1.2621259297340879,0.7028646878077375,2.039777568237189,0.21234519528641718,0.2097255921576518,0.11260655896654058,0.33454526579623733,12,1178.6317279902382,0.9821931066585319,A2_ratio0.5
24,3,0.6101374200338895,0.16512725740314044,1,1,1.580726565899596,0.8534681306474695,0.7284985798061319,1.9469061590473642,0.22987261060133263,0.2930796922031461,0.11555759572081648,0.3365558347172786,11,1182.334202457677,0.9852785020480642,A2_ratio0.5
24,4,0.6840897831863213,0.18393818688281172,1,1,1.5175306111872797,0.7550352308476986,0.7242741375020735,1.4143986524780652,0.2425614025067749,0.3165637350973701,0.17179406508797548,0.32479417044728376,10,1164.6787818351631,0.9705656515293026,A2_ratio0.5
24,5,0.7634746498794283,0.2277218496727202,1,1,1.323557853208423,0.7376036489786233,0.7116533572500927,0.881135792008969,0.2601552219739738,0.31581503823530654,0.2537992102093485,0.3444479805027345,9,1138.5827685160468,0.9488189737633723,A2_ratio0.5
24,6,0.0,0.0004886297117800793,0,0,1.563779429708268,0.7209973152371727,0.6948579007665021,0.7675973257574257,0.2818900327273923,0.3230505343140709,0.30224376123118574,0.3365078156508526,8,1187.4554036806408,0.9895461697338673,A2_ratio0.5
24,8,0.6609568635219232,0.44105549033885355,1,1,1.2761123147978162,0.45955572481821627,0.45442262242973064,0.6436335294757484,0.3152705531038499,0.4270089062699817,0.2585394292676464,0.4330634060181504,5,968.9678195555962,0.8074731829629969,A2_ratio0.5
24,9,0.0,0.003926298514412603,0,0,1.2276782013281706,0.3825143212620288,0.37635272783119655,1.2338397947590027,0.32360148669245914,0.4208755625180119,0.31647731420548575,0.4279997350049853,4,1117.5532101093038,0.9312943417577532,A2_ratio0.5
25,4,0.6350221103555654,0.1610325963596789,1,1,1.828761108156385,0.9367365802795297,0.6868182986055282,2.234661096458697,0.2183142831004975,0.2610026371487416,0.09669436841814633,0.33981127060566907,11,1182.127718687746,0.9851064322397883,A2_ratio0.5
25,5,0.5874300144130173,0.1875349840940609,1,1,1.565319894932673,0.8006239580532404,0.7209070299297037,1.766608259490448,0.24334224479873462,0.3020983799679172,0.16334560875364493,0.3367427705907463,10,1167.8385345625697,0.9731987788021415,A2_ratio0.5
25,6,0.7732553618183966,0.22543284623266827,1,1,1.4040033136763572,0.7929535736695621,0.674423339919739,1.0718806898878728,0.2604822830768683,0.3174553039989134,0.2317901646749346,0.35386676706705456,9,1152.2563076009717,0.9602135896674764,A2_ratio0.5
25,8,0.7277147023052623,0.3810507993389619,1,1,1.5001219465800852,0.5860964061957231,0.5040644453210272,0.8961020788143901,0.29689393630565003,0.3621009302311823,0.2223485044378031,0.4183479501153867,6,1045.3824467776078,0.8711520389813399,A2_ratio0.5
25,9,0.743260681655441,0.4638350285715156,1,1,1.2064458784647791,0.6543733552373352,0.398977313743208,0.6886917880564998,0.3085171281672097,0.3663481180305915,0.25815143475688423,0.43481269122441746,5,965.5180026431142,0.8045983355359285,A2_ratio0.5
27,1,0.44438515939927603,0.13708148450920096,1,1,1.878363025590732,0.8294866540868214,0.7567550557683658,2.555762333417047,0.20131698858269093,0.28141104741503176,0.08432455811997691,0.3171588865956323,13,1187.2961467379666,0.9894134556149722,A2_ratio0.5
27,2,0.6534269664893065,0.17081455939431867,1,1,1.6218046750137065,0.958368978494391,0.72977213802602,1.8234810729287543,0.2141060376370428,0.2546605934210476,0.12324660650218983,0.3236965231285773,12,1182.7626146511816,0.985635512209318,A2_ratio0.5
27,3,0.6286747856706421,0.15629865158331765,1,1,1.6710129176927315,0.8120818744526555,0.7562770150374438,1.865509199088561,0.23056476686669916,0.3020904500626873,0.15257214627532323,0.3112388274619343,11,1174.33485626335,0.9786123802194584,A2_ratio0.5
27,4,0.7880281450163638,0.1845348654012322,1,1,1.6491715989225555,0.7726382824029339,0.7491060302034368,1.0895421914797727,0.2481064515728292,0.3110336288297634,0.2239390893650647,0.32268742777160586,10,1167.242563673403,0.9727021363945025,A2_ratio0.5
27,6,0.5912223908527133,0.22842494489352444,1,1,1.0592983730897108,0.720911387837665,0.691147933809772,1.141358726907699,0.26641395935637396,0.3340672207397157,0.1450324199486134,0.3484424130713823,9,1075.015281325234,0.8958460677710283,A2_ratio0.5
28,4,0.9264721199046573,0.1797293722821108,1,1,1.431444001364927,0.979332431867058,0.6096395171277678,2.0836813721237544,0.2338199264664235,0.25295237118855524,0.12070483788014605,0.3638127724397726,10,1184.9629987352284,0.9874691656126904,A2_ratio0.5
28,6,0.17697704158024619,0.1687502103228055,1,1,1.1866667973181735,0.9517941633580046,0.6103434543053246,1.746741984362702,0.2543452748148113,0.2662078787496736,0.12545278591507364,0.3651540085486241,9,1174.12646739823,0.9784387228318584,A2_ratio0.5
28,7,0.32495501626366696,0.20916466913464796,1,1,1.0014843836186915,0.7731649338652672,0.5922498565880938,1.2168334249041128,0.27343305083140224,0.30419056234050124,0.21813747182502996,0.364582657503857,8,1156.7464508081207,0.9639553756734339,A2_ratio0.5
28,8,0.5539882881889953,0.2639618306032907,1,1,0.8729715651833031,0.6070343688434575,0.5977825110892936,0.9833955983288154,0.30230466984784915,0.3672296371050549,0.2570875935516178,0.3737563928229835,7,1144.6908489079062,0.9539090407565886,A2_ratio0.5
28,9,0.8050449511593261,0.35394505325465664,1,1,0.7070404637292862,0.5942678090307718,0.5785571593349799,0.8523994760988981,0.3384066586483328,0.38535666442445216,0.3055821066482238,0.3994619160163449,6,1072.0949813516618,0.8934124844597181,A2_ratio0.5
28,10,0.7278345754133302,0.3877332264644041,1,1,0.6098947516684439,0.5499057308842298,0.5359367454787876,0.5829191508271865,0.3654576061119728,0.4123011795499065,0.38626939460306153,0.41337607409379745,5,1036.7910355923138,0.8639925296602615,A2_ratio0.5
29,2,0.914590950595038,0.09698172499476036,1,1,1.960731619122484,0.9305675494288425,0.8243674656516213,2.856131048853566,0.18362921310526986,0.2722716251217908,0.05876495590526513,0.2923290949928096,15,1190.0277691032006,0.9916898075860006,A2_ratio0.5
29,3,0.9381716416497881,0.11845581368209383,1,1,1.7227055296823528,0.8770403308734092,0.808497446153866,2.554193776025482,0.19935351418662037,0.25748186464637046,0.07601210964449052,0.3016951560782502,14,1190.6454907664393,0.9922045756386993,A2_ratio0.5
29,4,0.6519338635201821,0.11371273346069623,1,1,1.5467274890713085,0.8681950736957492,0.8358586179991888,2.2428865661097768,0.21358316899675758,0.2704512885315675,0.08417338001398483,0.30627075854064206,13,1186.2249216308394,0.9885207680256994,A2_ratio0.5
29,5,0.6316071677646105,0.13317284085024733,1,1,1.3353886045531544,0.8768103520058079,0.8136057937230289,1.6410932669138005,0.22878886909639462,0.2873519836122673,0.13779001711979919,0.30256400222007973,12,1173.4976754320605,0.9779147295267171,A2_ratio0.5
29,6,0.8382137493791987,0.14867186789106496,1,1,1.2007714689342595,0.8673145851115744,0.8024255151305011,1.2509683788847896,0.24219628790490358,0.2880531620101215,0.2175409230464934,0.2986734730396624,11,1178.1359338919372,0.9817799449099476,A2_ratio0.5
29,8,0.7084897382825234,0.21950594901569478,1,1,0.9327469489247191,0.7082842130216729,0.6796193041671275,0.8822389546711618,0.28496945286375386,0.33347992656194003,0.28747200126186123,0.33992405930913866,8,1160.1455668078563,0.9667879723398802,A2_ratio0.5
29,9,0.753490691032958,0.2649733572768721,1,1,0.7658109417518467,0.6814376791012241,0.6613285098755705,0.7054866420003163,0.3165932808780407,0.3454236299366802,0.33626642304985627,0.35014701410395344,7,1105.5987397087565,0.9213322830906304,A2_ratio0.5
30,2,0.9739530892928283,0.10894689906748509,1,1,1.9005353679009296,0.9444419684366194,0.9044047345516881,2.6087867070969457,0.1928826635586665,0.2600869562110323,0.08094221182178568,0.26833852883972986,15,1192.4722017674762,0.9937268348062301,A2_ratio0.5
30,3,0.46806614412510644,0.1007962337597809,1,1,1.596734288533327,0.9374963120690671,0.9025686727126123,1.819132223626565,0.20879825246873412,0.2582427102126956,0.13496035632033032,0.2800015976990844,14,1188.3927443391606,0.9903272869493005,A2_ratio0.5
30,5,0.19167922263799944,0.13539018958769042,1,1,1.284445860205985,0.815341197875174,0.8014887013515675,1.3061865671525754,0.23768403411011513,0.2866503277868671,0.19926704372362833,0.3007550534987571,11,1178.7599355225198,0.9822999462687665,A2_ratio0.5
30,6,0.8246775877208326,0.16986623682179852,1,1,1.0832785935068732,0.807791573802515,0.7880482976214098,0.8259644053356683,0.2559790438424785,0.29585854498741915,0.2915858380297842,0.30542048818808654,10,1176.4353530238145,0.9803627941865121,A2_ratio0.5
30,7,0.8251856280319636,0.19512721614282486,1,1,0.9216858204793351,0.8204731322896761,0.769362667801611,0.836892882507236,0.28104297587428545,0.30507348593723344,0.3001188665859744,0.30929820624254734,9,1153.469741914993,0.9612247849291607,A2_ratio0.5
31,1,0.8917644912674512,0.09128004581022742,1,1,1.9017126477374382,0.9705263748993131,0.9257615663311118,2.90757317442454,0.18724327687418096,0.25398610253124065,0.05531911583419332,0.27959914284440524,16,1192.0737661493824,0.9933948051244854,A2_ratio0.5
31,2,0.0837450583928584,0.09676882973204147,0,0,1.7494395613990414,0.9249531280589198,0.9033374060231414,2.3404485109778497,0.19453592571198847,0.26222365157754307,0.09367873332252862,0.2696352412971155,15,1186.2967973286054,0.9885806644405045,A2_ratio0.5
31,3,0.8825223213743265,0.10752421893532639,1,1,1.5898478798592102,0.955958281477674,0.9120929330387842,1.7750402869035644,0.20864377958746672,0.25979977407298327,0.14799883404530717,0.26599924678646014,14,1188.4321213746828,0.9903601011455689,A2_ratio0.5
31,4,0.9304303895705122,0.12266404427861516,1,1,1.3400479260230587,0.9256369682677599,0.9035276879788187,0.9810891886559631,0.22217122179387497,0.2601521822788509,0.25231923902442904,0.27375861582295474,13,1186.0998570083061,0.9884165475069218,A2_ratio0.5
31,6,0.8042157507821618,0.1651658228765413,1,1,1.0728789518888242,0.8051728551947327,0.7954562221150456,0.833419040239332,0.25629333325558,0.29907121210589105,0.28743124898108074,0.30162755563338034,10,1169.2221226392428,0.9743517688660357,A2_ratio0.5
31,7,0.7433458190371027,0.18392796640108303,1,1,0.8942207121960225,0.7877176068461077,0.7813058323007356,0.8317874710639032,0.27527087424171315,0.29360942973287496,0.290860987980261,0.29910490013337043,9,1149.7573434429987,0.9581311195358323,A2_ratio0.5
32,1,0.6509767636741124,0.10908830108703256,1,1,1.8575209603506937,1.5588600816755775,0.7494788518286456,2.894116373849973,0.18909538585725078,0.15508587065457724,0.06486189033360248,0.32843148408600636,14,1189.7527848494256,0.991460654041188,A2_ratio0.5
32,2,0.05853742427479203,0.11084083226913004,1,0,1.66289628422116,1.384875007612012,0.7126766301865153,2.4642072001703124,0.20074287013921133,0.1606631761509769,0.0744148208615178,0.32645201688807207,13,1178.932393636257,0.9824436613635475,A2_ratio0.5
32,3,0.8669622258125602,0.13389819772101755,1,1,1.5158662473952809,1.1111843222972972,0.7341271133692693,2.133109278565736,0.2148241303358149,0.23162427443380415,0.10503944373342645,0.3320797578641348,12,1183.5338332615368,0.986278194384614,A2_ratio0.5
32,4,0.13190167047610465,0.13607513148533734,1,1,1.344017431508988,0.8596240723582288,0.718078477499927,1.7399280998325235,0.22903349858046082,0.2859827610844185,0.13283419478679853,0.3317184382501311,11,1178.1282707383245,0.9817735589486037,A2_ratio0.5
32,5,0.7545841211801004,0.1616664142239388,1,1,1.1821945894371109,0.7594835172648382,0.7160956573069346,1.5128715912738806,0.24869072981414148,0.3155483368457711,0.14992659096455607,0.34053006267637265,10,1174.4901061937114,0.9787417551614261,A2_ratio0.5
32,6,0.5387261867927235,0.18443380306196694,1,1,1.0260391245737546,0.72592743285151,0.6953045069552959,1.3041444188619251,0.2691619482192389,0.317598231214412,0.1700384672436764,0.3350774322515043,9,1151.921982119646,0.959934985099705,A2_ratio0.5
32,7,0.35824655345873174,0.19965269696305918,1,1,0.8737001252929318,0.6778830102439625,0.6594540904917412,0.9034242260830998,0.28506323770726216,0.33103580911792874,0.2690244513178114,0.341387274225852,8,1136.6472808854248,0.9472060674045207,A2_ratio0.5
32,8,0.6901789990635155,0.25722723032404143,1,1,0.7693920154306617,0.6649984270229818,0.6477318979426462,0.7051472651474184,0.31231946350881856,0.3386622665532215,0.3254492945139178,0.3577218936787573,7,1119.9431546410676,0.9332859622008897,A2_ratio0.5
32,9,0.5958769483067072,0.2829982390322625,1,1,0.6534066765421799,0.6332015014633117,0.6227795097132555,0.6838477373599601,0.33775820963396913,0.3546399914012657,0.3469195411707653,0.365524296485353,6,980.7091975004781,0.8172576645837317,A2_ratio0.5
33,4,0.46209920271936167,0.1820277766874881,1,1,1.324175801242638,0.6799192342610777,0.6447214799406007,1.590201859307019,0.25732507710116753,0.34587695804523116,0.1507268093838984,0.36180814311289605,9,1177.708555406286,0.981423796171905,A2_ratio0.5
33,5,0.8688850903575127,0.22744236299064388,1,1,1.0888152160665816,0.6510661349646902,0.6303211038273706,1.0993508475883733,0.2722508047848763,0.3432799006046632,0.22596550508808042,0.34931061377816475,8,1171.929178690017,0.9766076489083474,A2_ratio0.5
33,6,0.6861528502418205,0.24981201208755904,1,1,0.8398642556537755,0.6487711489208086,0.6167564481325166,0.8332606054822944,0.30250473948247986,0.35688322594412314,0.28714834027457103,0.35891294683931774,7,1136.5568152864196,0.9471306794053497,A2_ratio0.5
33,7,0.6939345044107047,0.3043793716907589,1,1,0.667306745427184,0.614401025047205,0.6043673854048826,0.629403156228827,0.3330401781757612,0.36636930451196476,0.34706006182880045,0.37385334214128824,6,1058.0929890599798,0.8817441575499831,A2_ratio0.5
34,3,0.8368171741101371,0.12812714855673676,1,1,1.6088789929205107,1.2138222500831337,0.680011708729198,2.4381962823280676,0.21008264642838229,0.2075556972399542,0.08356705250130775,0.3423930670318903,12,1184.409007742861,0.9870075064523841,A2_ratio0.5
34,4,0.0403196863016865,0.1327217798618284,0,0,1.512412323772967,1.161474135273265,0.6739532794809997,2.0022307308246714,0.22336780941632448,0.21159579493140296,0.1187347106154501,0.3389046341546435,11,1185.4874305229139,0.9879061921024282,A2_ratio0.5
34,6,0.7664753672647668,0.1710901272619848,1,1,1.2520118110195069,0.9106766158871806,0.6637821659796839,1.5070661806600512,0.24238442523832937,0.268578700542201,0.17684287676272617,0.338653571947921,10,1177.9595166902548,0.9816329305752123,A2_ratio0.5
34,7,0.5177667190738037,0.1856885356848193,1,1,1.05334178804057,0.6805877278749857,0.6646541187484319,1.194799807868376,0.2668535886717806,0.3356964964435274,0.20432046239625506,0.34818459759572523,9,1156.2569217385858,0.9635474347821549,A2_ratio0.5
34,8,0.478347636403588,0.20665288974830562,1,1,0.9090755414242728,0.6744141625359492,0.649523439998009,1.1792657320196054,0.2860493377233908,0.3393073044783368,0.21835699107535325,0.35660263201625775,8,1139.2069576145066,0.9493391313454221,A2_ratio0.5
34,9,0.7776404673209146,0.27839215705229664,1,1,0.7919161441676928,0.6513583136907183,0.6422389402096811,0.9085901123826632,0.3176109209776058,0.35817846011406307,0.2812577948503296,0.3802426287080426,7,1083.0094360171024,0.9025078633475854,A2_ratio0.5
34,10,0.7029204738957555,0.302162872982268,1,1,0.6861571537334873,0.606063502414547,0.5965794790473599,0.6100783525966991,0.33320881689578535,0.36796733294802497,0.35982217283457796,0.3747976719302788,6,1094.4663548123478,0.9120552956769565,A2_ratio0.5
1,2,0.8794841356624143,0.45142430776527576,1,1,1.1268226599671374,0.9260769986647936,0.45234241917902607,1.3037926272786244,0.2750015436170197,0.2758415561471795,0.14617451642722695,0.4226160724695665,6,1128.0307391365043,0.9400256159470869,A2_ratio1
1,3,0.8515843502885398,0.5368816875204684,1,1,1.950683160021022,0.4771157306058902,0.41166543543792156,0.7786840966991482,0.30242319851131894,0.4210185802308048,0.21883759683122686,0.42618296675112843,5,1059.486100086008,0.8829050834050067,A2_ratio1
1,4,0.8008132106577838,0.5406025470385696,1,1,1.011009926999729,0.892895213548599,0.2879054462932401,1.615999694255088,0.2747391583590715,0.27403917417747237,0.10865448204481913,0.44012385049172476,4,1104.2729068114488,0.920227422342874,A2_ratio1
2,1,0.8247828329714049,0.1900962722943433,1,1,1.4941408818904738,1.010788988267957,0.660481918402847,2.135536811160265,0.22316700558399996,0.24303079452823834,0.08716298955001185,0.3502358502500765,10,1174.386248651849,0.9786552072098741,A2_ratio1
2,2,0.6470362414771469,0.22039378399137868,1,1,1.423814912897552,0.9415767997581377,0.6631090876365784,1.682558282737585,0.24798359784187873,0.2743065717007067,0.14843035245087852,0.33680564636187355,9,1163.5945611083334,0.9696621342569446,A2_ratio1
2,3,0.7679709246663442,0.30710731100725264,1,1,1.0354798804388934,0.9252325798229895,0.6270351806870673,1.4779221719042037,0.267949076548099,0.25576610300845143,0.162413290353228,0.3804829589893066,8,1132.6205905610038,0.9438504921341698,A2_ratio1
2,4,0.5920113379710324,0.29634237865392427,1,1,1.141404753141901,0.6501245478738961,0.6128839243799039,0.9726382499227243,0.28872113989756765,0.3349890253866923,0.22869493214347905,0.37431534718003334,7,1071.5655433677935,0.8929712861398279,A2_ratio1
2,5,0.7131521612103275,0.38256356902926686,1,1,1.3386719961257778,0.6248869212962085,0.4956080221483509,0.9294615310890042,0.2993462522505726,0.37629467619294665,0.2211678143057005,0.40701410013077244,6,1058.7258544544945,0.8822715453787454,A2_ratio1
2,6,0.7938432763183106,0.5581006955115225,1,1,0.8398311434915596,0.5952294512977119,0.4118492001528872,1.3190903427175946,0.3140704638508883,0.2950347703389467,0.20877715497751062,0.45390780638622086,5,980.4510284281301,0.8170425236901084,A2_ratio1
2,7,0.8064407255920559,0.571482600747094,1,1,0.7467755788097153,0.624184906488418,0.38253183010867564,0.9884286551894577,0.32202824135895375,0.34740762709959055,0.282397750911596,0.3870381175469483,4,921.4737354859,0.7678947795715833,A2_ratio1
3,1,0.5175951694636207,0.155619722794435,1,1,1.6663292871096511,1.0164999007485809,0.7090054007080413,2.1219604532441743,0.223446877794899,0.24934435125659063,0.11564229957017641,0.3415299282047096,11,1174.4118154832008,0.9786765129026673,A2_ratio1
3,2,0.6013068724759691,0.17952579374896996,1,1,1.4889213983156095,0.8902365110092783,0.6805206736645626,1.7138230037922195,0.23600285667281362,0.28306606427588876,0.14506813196243484,0.3338344812789726,10,1171.4729196051528,0.976227433004294,A2_ratio1
3,3,0.7593840669300389,0.25393158080067096,1,1,1.4011139805974326,0.7032022671655271,0.6429278694935566,1.7709365812332931,0.24844403187987896,0.31737430771290376,0.10139994436078682,0.3609481221004028,9,1148.1281121589984,0.9567734267991653,A2_ratio1
3,4,0.7543218356738275,0.2862307273073272,1,1,1.1505402945240795,0.812640733203773,0.6531816273492087,1.1053601761482237,0.2776031233212548,0.30515357781208025,0.2041877343440181,0.38719761805929875,8,1128.1240133686927,0.9401033444739105,A2_ratio1
3,7,0.8298385536816901,0.5549380051696362,1,1,0.7419325334951167,0.6163025624890189,0.4380235483079198,0.6552978667964966,0.3380890829370974,0.3783492208293525,0.28889576833116576,0.4413305236932291,5,996.7914689933776,0.8306595574944814,A2_ratio1
3,8,0.7897494289314687,0.6097303104810364,1,1,1.1326036629307743,0.44178212572197995,0.3563173590673809,1.2180684295853732,0.3149579841211544,0.3785086726052823,0.24886399489480449,0.4446026618316322,4,960.6508769625076,0.8005423974687563,A2_ratio1
4,2,0.5347147162339055,0.15625538008116172,1,1,1.513907454483136,1.2729182063044042,0.7013548087635595,2.123915452295774,0.2186879143682252,0.19081484481282082,0.11060273744288765,0.32843592746078965,11,1179.0530798350562,0.9825442331958801,A2_ratio1
4,3,0.6762761538267398,0.23924910675293548,1,1,1.4882487648374312,1.1229460717451185,0.8010864172939672,1.8684308841185013,0.22377524578256497,0.22275655772086767,0.11563859760374513,0.29897367991962687,10,1155.6666727126044,0.963055560593837,A2_ratio1
4,4,0.7232050102205201,0.2142719676352536,1,1,1.4491344531297494,0.8452804224768184,0.6809230421840876,1.4242776080880466,0.24474631160884475,0.2707414861351875,0.18296871201753423,0.3655357094183609,9,1168.2389902333568,0.9735324918611307,A2_ratio1
4,5,0.5316900342614178,0.24577348668822788,1,1,1.122233182300873,0.7702815400418509,0.5992216468093976,1.1755277232308505,0.272739532106291,0.312149442271209,0.19827812822787827,0.367922827027419,8,1101.3131036274997,0.9177609196895831,A2_ratio1
4,6,0.7460239313682446,0.37384385859794905,1,1,0.8289079279883572,0.7019570681470647,0.5916135587124521,1.0432332411735297,0.29963311307434976,0.36671515365577134,0.2052090016606059,0.38142442114497266,7,1072.8030295654542,0.8940025246378784,A2_ratio1
4,7,0.6432142583215334,0.42033400673122867,1,1,0.9357687610743569,0.7359662408041222,0.5783279019656328,1.371900375017376,0.3027630373461445,0.290914513598374,0.17710535462362148,0.400564240595748,6,1014.2344501754918,0.8451953751462432,A2_ratio1
4,8,0.7299435415833513,0.4724568529348913,1,1,0.910453731482242,0.497029552318594,0.4711828913683743,0.6478304163087226,0.3209303555211217,0.3971756393929834,0.2598293080731075,0.4271133658835299,5,980.9627301033038,0.8174689417527532,A2_ratio1
4,9,0.9273247491092999,0.6458494458260653,1,1,0.7035337055518801,0.7385064743658875,0.37728482666220353,1.064755353255564,0.3198280035132315,0.3059760855380079,0.2329404783405459,0.3928636107106936,4,1000.5385203772568,0.8337821003143806,A2_ratio1
5,1,0.46333808672974097,0.14196776769284833,1,1,2.0236587290072885,1.0802712467676614,0.7520723087274179,2.252560076979596,0.2113467619044731,0.23121927148210297,0.09583204770178658,0.32198920769951234,12,1180.5586605013027,0.9837988837510856,A2_ratio1
5,2,0.41218510078962994,0.15880234527498766,1,1,1.4904438806401414,1.1107036935104126,0.6800341651612707,2.07464986181491,0.2203153365316231,0.22156332288078814,0.09371635279858426,0.33715978405011254,11,1162.713144119963,0.9689276200999692,A2_ratio1
5,3,0.7033473069126688,0.23289436465860947,1,1,1.3341206059358368,1.1954987324179103,0.6487564668752228,1.6671843707214855,0.23063615621542333,0.20265149309704034,0.13572970676008156,0.36085762875329946,10,1162.8990046878196,0.9690825039065163,A2_ratio1
5,4,0.5626327727941092,0.2025779826557884,1,1,2.18655778811006,0.7746340458196871,0.6983938579986788,1.2005108001464249,0.26566535334766683,0.31745488975065056,0.24338278905735544,0.3577053365868182,9,1131.4667971269646,0.9428889976058038,A2_ratio1
5,5,0.612689006991209,0.27061555919570307,1,1,1.3006265591614132,0.8037353101683093,0.5891828974018889,1.5602191610419838,0.2589284084656966,0.31972227542863607,0.1261343692873848,0.3763098457487805,8,1074.6748898732365,0.8955624082276971,A2_ratio1
5,6,0.8449470075832084,0.33659099694477007,1,1,1.4632238853190394,0.6477122412113676,0.5691615771635846,1.3183536203055861,0.2800039469072915,0.32361145597913876,0.19210736339444437,0.4036438430706126,7,1147.6439160858238,0.9563699300715198,A2_ratio1
5,7,0.6735091223231402,0.36638821902765356,1,1,1.3116248119587788,0.5892538578114225,0.5355633288693848,0.823933569213639,0.30529959097633486,0.37488177905636166,0.23561367830439245,0.405420129522824,6,1026.7388653992723,0.8556157211660602,A2_ratio1
5,8,0.7451995696355529,0.48291698356358465,1,1,0.8917121181038882,0.5536611790025533,0.4188586995336453,0.8990639977744569,0.30959855175133993,0.2944528283535143,0.27842434522459475,0.4236565052061925,5,934.6548061996201,0.7788790051663501,A2_ratio1
5,9,0.8793761745442363,0.5779250984182793,1,1,0.7576737401591815,0.7726512719117611,0.32745244697682785,1.2028725650941148,0.30624448984502195,0.29926169502023203,0.21936393090312786,0.3861422539621261,4,935.6241405822465,0.7796867838185387,A2_ratio1
6,3,0.6065359430280337,0.18375772325930148,1,1,1.6317947591555153,1.1735609907287237,0.7025391974790647,2.2625030292854023,0.21738014501095662,0.21022398711960139,0.08660879708067629,0.34213464692110246,10,1177.2148389273111,0.9810123657727593,A2_ratio1
6,4,0.6103956586126786,0.23603925640697435,1,1,1.1186228700638583,1.0538999054050757,0.7069611390599719,1.3987960803676995,0.24491688777275256,0.22020699956780415,0.15393596197583576,0.33488842560519844,9,1163.4261831706506,0.9695218193088755,A2_ratio1
6,5,0.6440693739900412,0.2593658870331812,1,1,1.3242525318777716,0.9229434690031121,0.5957289582108303,1.383570752958465,0.2619255406196445,0.26725488055938273,0.17775173293450905,0.37992694779975467,8,1142.187488895042,0.951822907412535,A2_ratio1
6,6,0.6267677706512805,0.3016215468486803,1,1,1.2787326200543159,0.832683432549629,0.551698850235238,1.1638115656298216,0.2816423963608587,0.296340418955251,0.20068815422030561,0.39693508294605606,7,1094.2346278025532,0.911862189835461,A2_ratio1
6,7,0.718671057917783,0.39103330569043293,1,1,1.0025827430404095,0.6251706941552495,0.5366105690915312,0.883169781715377,0.2991991657738112,0.35895383445836876,0.2246180262629383,0.3866239387301036,6,1055.965000289414,0.8799708335745118,A2_ratio1
6,8,0.7531843158082355,0.4841132561361191,1,1,1.1423644428769233,0.513507460416116,0.5032085412229725,0.7270280892315983,0.309786536335143,0.40234504016375844,0.23743983119485224,0.406848271547345,5,1006.1479249029769,0.8384566040858141,A2_ratio1
6,9,0.7740041167555307,0.5751507832788396,1,1,0.6770981431065731,0.4488437344558016,0.3786045149472391,0.7473373626151356,0.3555240413529472,0.3960186224381501,0.3202208130841635,0.43132185070693374,4,900.5823475207966,0.7504852896006639,A2_ratio1
7,4,0.5880920782598483,0.2325306078860266,1,1,1.1824964620674392,1.3686559855941103,0.695971771641549,1.5851262905060903,0.24337464149290028,0.19368388413657528,0.14571035001207283,0.3401327963905413,9,1160.308129366685,0.9669234411389043,A2_ratio1
7,5,0.6233450391660136,0.26869811147090195,1,1,1.225551702616234,0.8523108167473281,0.6969404129882459,1.5891829475058077,0.2654991823105417,0.29138677986556216,0.16005487064016907,0.35438412963677346,8,1138.083259209188,0.9484027160076568,A2_ratio1
7,6,0.7578058597201697,0.3323528090806579,1,1,1.2282892849025226,0.7112461060177607,0.5503604958565336,1.1798859418820633,0.28129589969271895,0.32629253885982323,0.20037043219445813,0.39084061350423366,7,1128.0269470040125,0.9400224558366771,A2_ratio1
7,7,0.6603292505298426,0.36460343457565425,1,1,1.2262052125132836,0.6406914999226874,0.5095235685331849,0.886613143447639,0.30230108525660143,0.3689366995053779,0.2245808364263343,0.4131725934485837,6,1037.1514717279342,0.8642928931066118,A2_ratio1
7,8,0.7717027659462947,0.5111142123650714,1,1,0.9206352186192136,0.6282356033750603,0.44430337790999735,0.6661785475898552,0.3336708547985796,0.39339872702166667,0.2647504053976968,0.44531920077807,5,988.5141174911686,0.8237617645759738,A2_ratio1
7,9,0.7590425867233856,0.5817982893137251,1,1,1.3132502810785207,0.42253690687873663,0.3500392350872824,1.3857479528699748,0.31029207822482563,0.37293766981391185,0.24369486508311194,0.4395348829556256,4,936.3387942160394,0.7802823285133662,A2_ratio1
8,2,0.5327583246230758,0.12625551847980487,1,1,1.642093532305386,0.9338915717354728,0.8749832805664064,2.335547685772847,0.20561186078420782,0.2564950529707796,0.09703769962144491,0.28185909007581095,13,1181.7907258380528,0.984825604865044,A2_ratio1
8,3,0.5732935469709154,0.1578502832766998,1,1,1.2226801324464276,1.0802108087601483,0.7933724619158783,1.276852485449467,0.2274690067159729,0.23217092149938773,0.18226603370204186,0.293570838585508,12,1174.4646873965557,0.9787205728304631,A2_ratio1
8,5,0.6446004020215872,0.20842763278119888,1,1,1.573868496526622,0.8678144569609063,0.6633120740617668,1.5710656461225585,0.24294958747191464,0.2901199086912053,0.14817096470680485,0.3586046793439578,9,1167.5879670186057,0.9729899725155048,A2_ratio1
8,6,0.6481689487673408,0.278245118392602,1,1,1.3160433574847636,0.7486670799661914,0.6231026661456911,1.2634132130896565,0.2708044181532675,0.31329755363520406,0.18613137888614323,0.3744707617658337,8,1124.7482418817667,0.9372902015681389,A2_ratio1
8,7,0.7062255511289774,0.3151678064671898,1,1,1.1486355176720535,0.7292236439701251,0.5596374243513857,0.9764504654067757,0.2874863264092247,0.3328257490529709,0.23604156368682766,0.3860779971081076,7,1082.5123449810137,0.9020936208175114,A2_ratio1
8,8,0.7164719828780785,0.4200402207679032,1,1,1.1205329741957681,0.7007329270708842,0.4892631954203698,0.967997750368632,0.29556810567513586,0.3081308926958244,0.21648227155686955,0.4336650039648644,6,1017.0670556445816,0.847555879703818,A2_ratio1
8,9,0.7810289632732887,0.5077656809630797,1,1,0.8259646555247946,0.5248472454686333,0.4371599349624559,0.6423824869878741,0.3241649681318423,0.37937016478000946,0.2695570809305415,0.4364309184550327,5,986.5613419733822,0.8221344516444852,A2_ratio1
8,10,0.8069996326718758,0.6177543097481466,1,1,1.3280687071763877,0.41812155250961247,0.335270553102706,1.4109197065832941,0.3052812844767039,0.36687112352614304,0.2326595594411278,0.4394928485617191,4,977.8701443176469,0.8148917869313724,A2_ratio1
9,2,0.5073414339417751,0.12126687929432094,1,1,1.6328056910334063,0.9525824182980287,0.8708022737888216,2.6557440591302304,0.20215677330385234,0.255743547003248,0.08012034928525463,0.2882281822635523,14,1182.0042868702851,0.9850035723919043,A2_ratio1
9,4,0.6996186101685136,0.1755719389173694,1,1,1.4573118572334567,0.8905205638888244,0.7493556764870192,1.8922650366825724,0.23443082083191025,0.30977528578541347,0.12985906808956144,0.32115081967835357,11,1173.9649464868035,0.9783041220723362,A2_ratio1
9,5,0.6744734675084845,0.1852822963142167,1,1,1.316789225150219,0.8005980303512348,0.7439424871933369,1.2002401770296816,0.24983382583439534,0.30440926134514734,0.19912688747411608,0.32939910403924927,10,1145.621522901111,0.9546846024175925,A2_ratio1
9,8,0.7895958007025627,0.5054532265401526,1,1,1.6991004068970212,0.5571001262399412,0.41598055810288986,0.8152966058731747,0.30776541035124333,0.3955730442864578,0.21379417688610072,0.4582248955081503,5,1051.5049810678688,0.8762541508898907,A2_ratio1
9,9,0.810473453493694,0.6136073483316159,1,1,1.705825594378128,0.461510638145849,0.32793357541360535,1.8394026571103717,0.2968174696137698,0.3624354460367756,0.21559804996678977,0.44365486568375556,4,986.6149009468826,0.8221790841224021,A2_ratio1
10,2,0.36422355058550115,0.15142349128366492,1,1,1.8350763668748937,1.209256282582798,0.713103625133654,2.539437432312784,0.21168257011239036,0.20601404364972928,0.08774990613819017,0.3274882922155862,11,1178.3778605955852,0.981981550496321,A2_ratio1
10,3,0.6945872263010742,0.17749501552700112,1,1,1.5620640513367872,1.0380129806797547,0.7358471175509824,1.7254797809781226,0.23267578043807208,0.24654283482012337,0.1478202188017524,0.3268245915725091,10,1175.2504768613035,0.9793753973844196,A2_ratio1
10,4,0.5377310159817825,0.2091112073296435,1,1,1.2864950855556,0.8934449222634818,0.7557672288668019,1.4746016124282277,0.24964320600200152,0.27952358605351263,0.154058453108139,0.3447774865834607,9,1139.3822254096424,0.9494851878413687,A2_ratio1
10,5,0.6189718118597218,0.2591510200909019,1,1,1.373288731216434,0.8288372831004065,0.648613775058794,1.257509677572129,0.2620801004611452,0.2958200773065266,0.18150911818745036,0.3647569457978912,8,1134.1957864425117,0.9451631553687597,A2_ratio1
10,6,0.6299330584133156,0.3001026216893679,1,1,1.374730571909208,0.7432966626407679,0.5515773512849669,1.0624316422918803,0.27753178147609964,0.3242065934467266,0.20918887452801324,0.3884551127019764,7,1085.4313362849446,0.9045261135707872,A2_ratio1
10,7,0.687704427372716,0.4395348148578397,1,1,0.9226007702299518,0.7048002740846069,0.5186383732596163,1.240445897789994,0.29665042057524965,0.29132650697513085,0.19450641084940398,0.4070871871118268,6,1025.1458820307137,0.8542882350255947,A2_ratio1
10,8,0.7472061581347549,0.47677419917637925,1,1,1.4243379617652079,0.5158439395385854,0.44909461918922494,0.7389957370736877,0.3209493994492944,0.42421973453669437,0.248181850621762,0.44698779704141345,5,1000.7629534258375,0.8339691278548645,A2_ratio1
10,9,0.9136143767393814,0.6234584962608827,1,1,0.8091965645009527,0.7277071812650884,0.3379115317386961,1.198992214027345,0.2940666674630828,0.29840290561401794,0.20895565436128083,0.38351391871581997,4,975.0086553965949,0.8125072128304958,A2_ratio1
11,1,0.5163903694699015,0.1403894640100433,1,1,1.6926979688240562,1.1989591322294835,0.7930977175208533,2.3415750732499307,0.20590782918893816,0.20249166051492107,0.07980835239229894,0.3158491802215338,12,1185.133142439597,0.9876109520329974,A2_ratio1
11,2,0.6011572817873014,0.15520117836915995,1,1,1.6672367421014658,1.3135913645292592,0.7722838544218815,1.8428922669337666,0.21873247802150894,0.20429943647331586,0.1196888567699556,0.3069424132435022,11,1182.0028020479808,0.985002335039984,A2_ratio1
11,3,0.580646708823004,0.17785228618702056,1,1,1.831419696818332,0.947790498489617,0.7147415305876789,1.6237849298379703,0.23452780207474713,0.2727957226091922,0.13544069943811968,0.32548047612309416,10,1162.8104604828786,0.9690087170690656,A2_ratio1
11,4,0.5821383518266838,0.2063858685247255,1,1,1.4192071996290425,0.9104494961802769,0.7236551128946349,1.371618872419117,0.2549878186189984,0.27397626344649056,0.1963516230523413,0.34059552661226805,9,1138.129648521401,0.9484413737678341,A2_ratio1
11,5,0.5476907407611787,0.242924936868373,1,1,1.5418987393347585,0.7836615225408914,0.6187422740678703,1.2132501254102412,0.26166269372985757,0.30653303315596,0.17315126584907908,0.3629478672133283,8,1118.7340095435516,0.9322783412862929,A2_ratio1
11,6,0.3137854019332328,0.24703724251471987,1,1,1.473664141744326,0.6618277849097957,0.5690192883460885,1.0669482985820313,0.280548722439432,0.3369996376210412,0.20695010443140144,0.3873394017646368,7,1096.6159995402977,0.9138466662835815,A2_ratio1
11,7,0.6981633830313371,0.3860102314554692,1,1,1.1676850075160397,0.690172696380412,0.48607597551445997,1.053933041030418,0.29604655712137173,0.30186003101585995,0.21429413360120975,0.4360878661545421,6,1002.8641912243738,0.8357201593536449,A2_ratio1
11,8,0.820071474493925,0.5396113166694678,1,1,0.880021553542013,0.5255992157324859,0.45417333359965667,1.4086091219697923,0.3127562413421507,0.3073157632269405,0.18283774314527354,0.44722451548874687,5,963.3768432217394,0.8028140360181162,A2_ratio1
11,9,0.9021603106669234,0.7018731741784786,1,1,1.299509728696629,0.4924386667242221,0.35018463368967556,1.4417637617311754,0.31182927611316025,0.36880683626911576,0.22480041585443483,0.45583569652784117,4,1053.0992424851322,0.8775827020709435,A2_ratio1
12,2,0.49400322451995327,0.18018289368137105,1,1,1.4295439245361772,1.2422251172202183,0.7408233961392992,2.0265633739534836,0.21833208904333648,0.19953055013553428,0.11009790873455669,0.33307192599442914,11,1171.9998968067828,0.9766665806723189,A2_ratio1
12,3,0.5931182143349132,0.20266718213451979,1,1,1.4169321236001808,1.0400290618086072,0.6730903530043412,1.7615493903133672,0.23403816626120752,0.23499105535409331,0.15081332324525382,0.34535392536468246,10,1162.8604925112095,0.9690504104260079,A2_ratio1
12,4,0.5893064058883044,0.21429796210742347,1,1,1.3321292030022684,0.867135386274822,0.7559704916953084,1.3252894551471037,0.250390076127356,0.2670270073503186,0.16623210659416757,0.3395079661069066,9,1152.5445144772025,0.9604537620643354,A2_ratio1
12,5,0.7725347154002473,0.29160959329957775,1,1,1.0093813754773064,0.7978028806554368,0.666664987168667,1.2468198534651118,0.26714039919404586,0.29521880207332146,0.16175038568161723,0.35511654822527766,8,1112.701509260411,0.9272512577170092,A2_ratio1
12,6,0.7915074035909166,0.39668509564435356,1,1,0.9527168101264353,0.7325608080953917,0.5374895585389192,1.2877635290693732,0.2782257335640586,0.31287319074046216,0.14538072217643436,0.3987496388994302,7,1099.477228547594,0.9162310237896617,A2_ratio1
12,7,0.7046978966464523,0.42313636214316064,1,1,0.8216361837137467,0.6412966095573864,0.5453795570309081,1.079795958869965,0.3083350821336842,0.3009143501855223,0.21340896473584975,0.41153271533653457,6,995.4058643926855,0.8295048869939046,A2_ratio1
12,8,0.7491634974592902,0.48849931549484815,1,1,1.009162311708581,0.5845155197479521,0.45011042389174294,0.6221392430600894,0.3278159273272273,0.41451097352959176,0.2758789458501515,0.4265153637478718,5,974.6246136095588,0.8121871780079656,A2_ratio1
12,9,0.7846601271393651,0.5912855810574517,1,1,1.2203057574225837,0.41824067123630143,0.350591077505607,1.2879553511532782,0.31783951812398403,0.38620263113393677,0.2553160389590873,0.44872611029883347,4,940.3561183881939,0.7836300986568282,A2_ratio1
13,1,0.42882854085951216,0.14867432738733413,1,1,1.717489379483667,1.2493491862312873,0.7640882721611809,2.045931160352177,0.21121811717284797,0.20765820860573497,0.10734160290801768,0.3211742870127422,12,1165.9999550147713,0.9716666291789761,A2_ratio1
13,2,0.4537867716681556,0.1541524584604736,1,1,1.6244523538221443,1.212433947970359,0.7450785743306345,2.113732602612678,0.21901779588594214,0.22638706383143897,0.09171942976871342,0.34181191026608876,11,1168.7302484306622,0.9739418736922185,A2_ratio1
13,3,0.6194202691241425,0.17543274468611736,1,1,1.518690037168819,1.0645605865805003,0.7323312837072787,1.8623694203796475,0.23216139143850345,0.22958620878624997,0.11726917671673814,0.3393278816799565,10,1156.8026394999317,0.9640021995832765,A2_ratio1
13,4,0.6694693038955655,0.21201895813935642,1,1,1.4182700908442385,0.9203729739551405,0.7126025636683557,1.2944680378196167,0.24760314905196104,0.2643106430867241,0.20232502998556579,0.33804516447029925,9,1163.458413855051,0.9695486782125425,A2_ratio1
13,5,0.531541055381381,0.23640707286884016,1,1,1.283927988697078,0.7736629305796731,0.6445086752222484,1.1722277020581453,0.26478637134384286,0.30357075632542657,0.20476159547043452,0.3562153364503566,8,1100.8495963058604,0.917374663588217,A2_ratio1
13,6,0.6694312926849473,0.3519662435756134,1,1,0.9183781260761402,0.7823826804460139,0.5741512363036938,1.1964739888862144,0.28613147164175373,0.3310772134247938,0.16631007889124955,0.39181614484376653,7,1064.3553719053452,0.886962809921121,A2_ratio1
13,7,0.6849442726146362,0.37448226554269537,1,1,1.312555664663503,0.6319508025576721,0.5548425812364761,0.8281266854437451,0.30202306679634267,0.3768640175958844,0.23501633823812856,0.3967055041275278,6,1044.2566059154767,0.8702138382628972,A2_ratio1
13,8,0.5587453184642709,0.39573594627938946,1,1,1.1166074296328192,0.5382039713596499,0.45978010521022905,0.5984451933805534,0.320638112896837,0.4053170512856583,0.2774375479498328,0.4085174075389935,5,910.6749764183276,0.7588958136819396,A2_ratio1
13,9,0.8588791996000742,0.648631556067848,1,1,0.8749250313548449,0.543481666593198,0.39311005341938365,1.0252966445286593,0.3066874007271323,0.3484898496886193,0.28225515820116603,0.3729220922145855,4,998.2791715343226,0.8318993096119355,A2_ratio1
14,2,0.5592958492459235,0.15032109666661003,1,1,1.4972688050195948,1.4052474826932562,0.7589833749452117,1.8774996504280632,0.2150436818016822,0.1645579794529004,0.12600993342411496,0.3365436462101733,12,1182.1416578119436,0.9851180481766196,A2_ratio1
14,3,0.4941352179465631,0.15873623749178079,1,1,1.5346438674763605,0.9309266638255427,0.6818879989165124,1.9418818271715068,0.22355282387026468,0.2753530918818967,0.1141083637752778,0.3285413216334454,11,1170.7444664295424,0.9756203886912853,A2_ratio1
14,4,0.5512668809717676,0.18519164155364393,1,1,1.440143295716751,0.889982262714067,0.670331309328654,1.6233871282332497,0.2427474115143331,0.28575971800093947,0.15323276076024808,0.3568233522083455,10,1162.3905462915707,0.9686587885763089,A2_ratio1
14,5,0.6482209765158091,0.24206008781819405,1,1,1.1010145656154617,0.8413636030650361,0.599924434092663,1.7189629624154605,0.25476373282351883,0.29330293685289427,0.12525922149589044,0.3672033711840207,9,1138.3587167514804,0.948632263959567,A2_ratio1
14,6,0.679504061356923,0.24794299507165735,1,1,1.347310180657935,0.6928297410626445,0.6249815199222529,1.0412406142170987,0.2733035588500985,0.33219869457878837,0.22720781972693993,0.3627304191176673,8,1101.0250075527395,0.9175208396272829,A2_ratio1
14,7,0.562736998790584,0.275310421867249,1,1,1.396985615779722,0.635210601350978,0.6062481142545879,0.8011711981798213,0.2916464939741275,0.35543880691362284,0.2695287329172228,0.3677513233801994,7,1025.3267638654588,0.8544389698878824,A2_ratio1
14,9,0.0,0.009515751804399243,0,0,1.120841572637341,0.4157903251045757,0.35314649243101937,1.1834854053108974,0.31783628678349424,0.40632801012139563,0.3002751575133134,0.42388913939157646,4,1119.0270056225133,0.9325225046854277,A2_ratio1
15,1,0.5764725632624563,0.13282269500074168,1,1,1.517483989744817,0.8271428381874898,0.8120561298724908,1.7627693300787612,0.21303811063523342,0.26326625318904023,0.14192475178125027,0.30282944786538435,13,1179.5398025155082,0.9829498354295901,A2_ratio1
15,2,0.685690065916801,0.14696312056356606,1,1,1.6666812254290395,0.8866392938766355,0.841942543847894,1.260195158725575,0.22958608370391587,0.2840736224862991,0.20126961331816406,0.3005422469309921,12,1171.222604626415,0.9760188371886791,A2_ratio1
15,4,0.7026550243082814,0.24347532500041044,1,1,1.0840325989249144,0.7021638825590539,0.6778689353538214,1.5591320528808306,0.26434223850087424,0.34009174356542066,0.11623263345669448,0.3604974759465916,9,1129.4443257855692,0.9412036048213076,A2_ratio1
15,6,0.0,0.01601610435355792,0,0,1.1101977168617145,0.6743434850858328,0.6374789522271341,1.0958638573463426,0.2771310543718659,0.3443871780820371,0.27148305625097646,0.35035996167088873,8,1161.7651654005922,0.9681376378338268,A2_ratio1
16,2,0.5282839645178248,0.14638475472572707,1,1,1.4856815108127746,1.3568897916400715,0.7415294494763166,1.9069645913470101,0.21346300366724127,0.18152478380404824,0.1217173814091243,0.3340114476057545,12,1181.6953969653187,0.9847461641377655,A2_ratio1
16,3,0.536203207268348,0.169507521922991,1,1,1.3707345930168857,1.2571604499757467,0.7230077388049279,1.8984972162381666,0.22525371114449555,0.1962574971330699,0.12588053987368464,0.3325107919307779,11,1176.7727627112351,0.9806439689260293,A2_ratio1
16,4,0.5634272464457615,0.19252085863297475,1,1,1.3352397723055192,0.8838957367232216,0.6584735183257022,1.7311616725018966,0.23913472846083939,0.2725949932621505,0.14067724682311178,0.35164579617012137,10,1162.3017280602965,0.9685847733835804,A2_ratio1
16,5,0.6462764769869784,0.21139725440455007,1,1,1.306115417047313,0.8610213483304197,0.653960324332376,1.3816597427060415,0.26012947662057556,0.3004600938190422,0.1907320283909529,0.3478483674267629,9,1152.4304395526603,0.960358699627217,A2_ratio1
16,6,0.6447079139934506,0.25783918661216165,1,1,1.1861270981058123,0.7777005013056638,0.6420697784964462,1.0645050944306573,0.27138723359516603,0.30743668678643077,0.21423987675308998,0.3587929446759565,8,1111.5551094840946,0.9262959245700788,A2_ratio1
16,7,0.6339172624475924,0.30236798048702906,1,1,1.2268892894947283,0.6736692201481341,0.59260082512062,0.9082477994319734,0.2880501063736153,0.3543715054812734,0.22755068813347007,0.3882022913897645,7,1063.7865950087735,0.8864888291739779,A2_ratio1
16,8,0.6618899510484422,0.36883554403563207,1,1,0.9422162598298156,0.5978271302121021,0.5521920458601368,0.7002177035140932,0.30727162013837667,0.36287620553760747,0.2577850179662586,0.39363843476900756,6,990.3800838871697,0.8253167365726414,A2_ratio1
16,9,0.8005145404471118,0.5490255864699141,1,1,0.837256447413754,0.5562621230277476,0.4277541850051282,1.4130554140344145,0.30776636299541116,0.3141931518905317,0.16347416586805394,0.4471329922963951,5,971.5105525944716,0.8095921271620596,A2_ratio1
17,2,0.4559716832386294,0.1374506328254032,1,1,1.6485417223642305,1.2093837360739503,0.7734744471050147,2.5285439984174305,0.21199327159459522,0.21254313909610084,0.09116210413200765,0.3187879125729701,12,1181.5821495168084,0.984651791264007,A2_ratio1
17,3,0.5713003622857822,0.1571505713893299,1,1,1.8110071969418018,0.9235369843757635,0.6881980948381826,1.8815858691066403,0.226172464510876,0.2783795031119169,0.12429512649247618,0.34491278949433973,11,1173.017502084538,0.9775145850704483,A2_ratio1
17,4,0.702849112586309,0.22043742041424322,1,1,1.134141058386903,1.0871414128062198,0.798083704583037,1.3226406335745704,0.24375568258756308,0.22911085355026745,0.18842604492930895,0.303793300312377,10,1164.4324972705017,0.9703604143920848,A2_ratio1
17,5,0.0,0.02643444012456268,0,0,1.1525565863073048,0.8069215902274073,0.635512071987831,1.3230887736599277,0.26339423562619196,0.2940762159326502,0.19754682797629372,0.3813617093768397,9,1160.2339093681085,0.9668615911400904,A2_ratio1
17,7,0.6452846321490222,0.2786773507136517,1,1,0.9873776505333096,0.8408414729990349,0.6343826783246498,1.244548903844162,0.27457239836966196,0.28846915074296586,0.15512932602495583,0.35830536327038187,8,1086.1809689601914,0.9051508074668262,A2_ratio1
17,8,0.6382440076854459,0.335355216879455,1,1,0.8986130955469765,0.6693319173511938,0.5838754995685997,1.1756448485222155,0.2937659380100802,0.3345074596975977,0.18115025569599436,0.3820920808344438,7,1042.4801384469104,0.8687334487057586,A2_ratio1
17,9,0.38709123473997076,0.29095108428020156,1,1,1.1309560802532401,0.613141808403759,0.5010413331429597,0.8307457666944139,0.3007281033917624,0.3788721336828884,0.23997151560725383,0.39750136199496755,6,1006.185994615492,0.8384883288462432,A2_ratio1
17,10,0.7250681650444202,0.4700076703197116,1,1,1.2986092398605242,0.46730765609073577,0.46113644560508005,0.6856051388162122,0.31656606348686045,0.423665030040296,0.2565315357995564,0.43462382926532434,5,982.8464182789501,0.8190386818991251,A2_ratio1
18,5,0.47764893823305454,0.2086474610277986,1,1,1.5624494868988945,0.9177116784723618,0.5693002991561361,2.3133576627653683,0.2387907724374235,0.2789486395673827,0.09126149439360627,0.391249636968973,9,1161.9808702389773,0.9683173918658144,A2_ratio1
18,6,0.7725567192948124,0.26428347264892715,1,1,1.3694626734591075,0.7955207074174645,0.5582598694080828,1.573063492643346,0.2603526551438895,0.3038619002187604,0.17317502456130465,0.3799002780772686,8,1166.0878969730425,0.971739914144202,A2_ratio1
18,7,0.7306083369032543,0.3095227170740654,1,1,1.334114724796631,0.7878871659030525,0.5534598084217075,1.1210043016386495,0.28633309001313334,0.3136914609991338,0.2058120542296209,0.41284131669083246,7,1113.62287869651,0.928019065580425,A2_ratio1
18,8,0.829441012925703,0.4804339978151411,1,1,1.0137160337039184,0.6682811787875835,0.46098660101641137,1.5135155591389526,0.2898037754094947,0.31899231683726675,0.14454411567324665,0.4373915976940112,6,1043.8173295976326,0.8698477746646938,A2_ratio1
18,9,0.748457196641946,0.4750434496945468,1,1,1.2288281066920255,0.48062940910341145,0.4438864320290112,0.7268479413173667,0.3142021804847294,0.4233058184424804,0.24684272166579546,0.43259564658142896,5,993.369658546724,0.8278080487889367,A2_ratio1
19,1,0.29991509943009476,0.11571981205160045,1,1,1.8569621124703575,1.3626607272578888,0.8484394187223946,2.8058190817409128,0.19341444893811768,0.18782718395301246,0.06015694480568748,0.2802506117564246,13,1177.368860552673,0.9811407171272274,A2_ratio1
19,2,0.41036676288793383,0.1335823239662554,1,1,2.2055115875865283,1.4291160709160873,0.7747745172477576,2.679095898351461,0.19865889015934743,0.1703266226650128,0.06950921297500241,0.3189974923085525,12,1182.0069361688372,0.9850057801406977,A2_ratio1
19,3,0.5031784018691501,0.1654152361759702,1,1,1.4061678597532767,1.2737989246917754,0.8528993528192279,1.7501267505513443,0.21887470095917363,0.19817161638955133,0.13472418136327025,0.2963374537406015,11,1171.1854586819131,0.9759878822349276,A2_ratio1
19,4,0.6008010489186011,0.18096475749743643,1,1,1.3987833254376711,1.1929437000158365,0.7209986334841791,1.4744767670644154,0.23272000038393195,0.20944514821698257,0.15943344029732107,0.32137961375572416,10,1162.4422072427371,0.9687018393689476,A2_ratio1
19,6,0.516984665494739,0.19803302261772066,1,1,1.317939839613163,0.9174741840808647,0.6840457744933534,1.2632622500854722,0.25102654129604324,0.2716259093775268,0.1811020822139566,0.34149227430844015,9,1129.1794066983553,0.940982838915296,A2_ratio1
19,7,0.4829606822379605,0.23098558771553834,1,1,1.3319209533832423,0.8495352340336807,0.6340584362208525,1.2304405175839568,0.2644275880791146,0.2795456633436313,0.1841622687930667,0.3716373379396871,8,1105.2128261738435,0.9210106884782029,A2_ratio1
19,8,0.6520457296714508,0.3058772418736926,1,1,1.4048167912770282,0.790602111942719,0.5137772671195151,1.0788873072279241,0.27631202862666865,0.29933354404784257,0.20643790158080563,0.39931454802140887,7,1105.9633710260734,0.9216361425217279,A2_ratio1
19,9,0.7058454712109083,0.438764489715284,1,1,1.0152656431048939,0.7567914875455033,0.4816692333371171,1.0535382509565436,0.29810907534021597,0.29209311193052184,0.21282718900656442,0.4317622018081499,6,1040.978621522893,0.8674821846024109,A2_ratio1
19,10,0.8053509128006042,0.5070902269180899,1,1,1.5287449293218667,0.45643842306816973,0.43266968130824596,0.7578115114008812,0.30225151948922857,0.411639581241687,0.24428573581964494,0.4187345914492959,5,1017.7146857911678,0.8480955714926398,A2_ratio1
20,2,0.20484529033368884,0.13469693711185957,1,1,2.2037299122956586,1.3177024130650432,0.7079950642662447,2.3030520350804893,0.20565601984046192,0.19389284600472517,0.08390133826389148,0.34736950880450934,12,1182.3963181702834,0.9853302651419028,A2_ratio1
20,3,0.437417372402632,0.1702456960457007,1,1,1.5117662617720462,1.3262423678772495,0.6250548779586009,1.86987546033879,0.21352453895495477,0.17754267463174142,0.12128940959484778,0.3557367678205434,11,1171.1077037989653,0.9759230864991377,A2_ratio1
20,4,0.40510507840045307,0.17347655130531245,1,1,1.9080548986525507,0.9879506810607721,0.6661786078259458,1.9242302444080537,0.23371158391041136,0.2679787610561666,0.12993241299553882,0.3483481515334349,10,1151.6098870093601,0.9596749058411335,A2_ratio1
20,5,0.6979412226920441,0.24525298609492657,1,1,1.1737530490872559,0.9327658174386084,0.5877268119159946,1.5406716428243041,0.2490354281611164,0.2586968864589731,0.14160125350051936,0.38221685638698466,9,1155.3312709558336,0.9627760591298613,A2_ratio1
20,6,0.5973418288506347,0.2414528412998449,1,1,1.5101960334015616,0.8160477778039594,0.6066533837844608,1.217859802353724,0.26656103522887287,0.3104096925578149,0.18459729762619417,0.37720319319444556,8,1110.6088673206032,0.9255073894338359,A2_ratio1
20,7,0.6641429607681026,0.2930995117473737,1,1,2.0013472743959886,0.6281774398099216,0.5952221535243842,0.879154857282022,0.28580740393302306,0.344282784433985,0.2524393139852783,0.37739170216563134,7,1064.1273838631923,0.8867728198859937,A2_ratio1
20,9,0.01049402522814508,0.20086244131515896,0,0,1.0699290697245512,0.8130833412472649,0.2786487333146389,1.6043636776571772,0.26702780835223594,0.29380396957597754,0.13662176279354937,0.4242100151346641,4,1098.6712342468907,0.9155593618724089,A2_ratio1
21,4,0.7373195517765625,0.21468975900254733,1,1,1.4706092388450585,0.9683494726879014,0.64118275008367,1.9910116306779564,0.2370711374443734,0.25999208468853796,0.12468552639811761,0.3624965091237083,10,1182.8856854291128,0.9857380711909273,A2_ratio1
21,6,0.7703390614540416,0.28792894570660377,1,1,1.1577842168804444,1.1771556660434805,0.5802328676260852,1.2554508121974641,0.25273058302776774,0.2111359688028173,0.1907987822680303,0.37679309782552134,9,1160.145683423382,0.966788069519485,A2_ratio1
21,7,0.5919245528743324,0.24344070279278524,1,1,1.3331769923144452,0.6565339296769817,0.6201638630612796,1.1969945054212943,0.2710482192687811,0.35721613711551575,0.18311461914049412,0.37020568170026524,8,1111.5315886598419,0.9262763238832016,A2_ratio1
21,8,0.736605948806681,0.3105230310646099,1,1,1.4352731891709853,0.6134367137322273,0.5951261338186613,0.9210835560783612,0.2815705240006618,0.36141027239594387,0.24415303545474193,0.3694750619838686,7,1086.783513178456,0.9056529276487133,A2_ratio1
22,2,0.6610334102045712,0.1520470097697324,1,1,1.5157018652261145,1.2740747503303584,0.7168758000743722,1.9840640380348782,0.21589645290676787,0.20985532227002743,0.1148496878235385,0.3460632903313901,12,1186.7965788319966,0.9889971490266638,A2_ratio1
22,3,0.5358627779668119,0.16357181383068337,1,1,1.4512914158162458,0.9110705616213305,0.7254376094853019,1.7716403544507355,0.22900916688017076,0.2619966575432203,0.11650354954743916,0.3393377251794958,11,1170.1728233848844,0.9751440194874037,A2_ratio1
22,4,0.539063533250664,0.20650296048762723,1,1,1.2133431044673582,0.8065384978830995,0.6837694620352197,1.8894358504518842,0.2475476606805127,0.31865969119001203,0.11961755567070617,0.3465759678473464,10,1151.9087856683577,0.9599239880569648,A2_ratio1
22,6,0.7629161182136724,0.22571904756459987,1,1,1.3545543764733095,0.7686547939494967,0.6807519400986003,0.9149348983935249,0.25805035022592326,0.3143293705107621,0.2696543082059445,0.32994146723516093,9,1139.6061364023533,0.9496717803352944,A2_ratio1
22,8,0.0,0.03652558021486917,0,0,0.9984884258917089,0.5362416971639976,0.5055148875361151,1.5247056492153992,0.29974431493845405,0.3897645392923648,0.19105470828658422,0.40713466722329056,6,1122.6626862664107,0.9355522385553422,A2_ratio1
23,2,0.21280504282917975,0.1182490787529997,0,0,1.762847248704093,1.0202907400549297,0.8460287955465426,2.333678048100724,0.2025892148455633,0.2537225405457122,0.09209732694465164,0.2701129864860941,13,1170.1796011219203,0.9751496676016003,A2_ratio1
23,3,0.5519376242269316,0.13748036411331732,1,1,1.622252511052549,0.9080830818126746,0.813422880449473,2.0719102666813325,0.2134783449593465,0.2625221705535383,0.09883467165394627,0.2872240373450383,12,1183.834777484394,0.986528981236995,A2_ratio1
23,6,0.6044461595186683,0.21077885419379094,1,1,1.431525004548456,0.8227541203574386,0.6942451535549355,1.6492023768242603,0.24281451675584811,0.2932720681428863,0.1270432828372799,0.34522271445947467,9,1165.515859662241,0.9712632163852007,A2_ratio1
23,7,0.699356372279619,0.29458911943255617,1,1,0.9857348240411739,0.8713802112672511,0.607737467354972,1.4668862943552499,0.2711721876538963,0.27971646971884623,0.16498307792961187,0.3717280677783824,8,1135.128042845224,0.9459400357043533,A2_ratio1
23,8,0.6944299862291874,0.30643614511751055,1,1,1.1889476794459937,0.7120164677194891,0.5785156210314439,0.9842800058535832,0.2878098950169314,0.31901694040294165,0.23174763889287342,0.39017968006859527,7,1086.2606981449776,0.905217248454148,A2_ratio1
23,9,0.7044301046106608,0.43452141432118135,1,1,0.9054259263901862,0.6608967234933754,0.46579972441541334,1.3145081116227864,0.2939876858144037,0.30443600592214076,0.17898927823119223,0.41380316477027757,6,1004.0679660967007,0.8367233050805839,A2_ratio1
23,10,0.0,0.08283418272238209,0,0,0.9136267833072074,0.4458823379806396,0.38483869744453164,1.6620958047481773,0.2919792067786093,0.3891480235172248,0.12383362599874909,0.4211977191138508,5,1077.7663719631353,0.8981386433026127,A2_ratio1
24,2,0.4583072404486618,0.14988386584547836,1,1,1.5044836185237334,1.1752398497838468,0.7061065059501405,2.043034376350983,0.21420539659425494,0.2136873031951016,0.11783576430236661,0.329277857383388,12,1177.2203420518335,0.9810169517098613,A2_ratio1
24,3,0.5924413705181314,0.16446623277014422,1,1,1.5594840445059546,0.8526125510127315,0.718503744757059,1.8019164768891525,0.22966247793833477,0.2906684539473266,0.12724480945561725,0.3251075390054183,11,1177.1558203394484,0.9809631836162069,A2_ratio1
24,4,0.6716499490789067,0.1833485278363835,1,1,1.4755698908764399,0.754180930276249,0.7235053979510713,1.398490408548842,0.23982044812285142,0.3126559417891669,0.15931242306213073,0.3248244496032925,10,1164.0909851399388,0.9700758209499489,A2_ratio1
24,5,0.7430521281797755,0.22622992798520022,1,1,1.3227939447516366,0.7391627186826244,0.7057305828808086,0.8867892639860571,0.259220882389711,0.307928393805691,0.2572774523870719,0.34034335115912573,9,1140.192809412455,0.9501606745103792,A2_ratio1
24,6,0.0,0.0004884676837093216,0,0,1.5639980830760079,0.7265880168729741,0.6947274953960532,0.7669369716973383,0.2822680496519476,0.32346842576423973,0.3020343723813513,0.33983667037802184,8,1187.3812944107453,0.9894844120089544,A2_ratio1
24,8,0.6592096401929433,0.4399798232520278,1,1,1.2972579944645504,0.45997645120588265,0.45200362694531054,0.6426014573521736,0.3150745890872343,0.4258088357730525,0.25955109206422183,0.43211548417042295,5,967.4590558171842,0.8062158798476535,A2_ratio1
24,9,0.0,0.003925885139221907,0,0,1.2263888721996803,0.3824529843874599,0.37633980579995674,1.2325020507871836,0.3236974477038982,0.42088966260645105,0.31660021825665435,0.42798689205369495,4,1117.478777031869,0.9312323141932242,A2_ratio1
25,4,0.624448594754942,0.1608454731337663,1,1,1.8269065392410015,0.9562509526997885,0.6860291451908882,2.105725414037708,0.22120811082573172,0.2604618055208937,0.11054093065241001,0.3300175572192857,11,1181.3131997883295,0.9844276664902746,A2_ratio1
25,5,0.5752016939402389,0.1870060749373726,1,1,1.577476869399848,0.7937317270502566,0.732365440319189,1.6884517312757665,0.24382058973200219,0.29658997997342906,0.16674016002888836,0.3427861428861533,10,1166.3094202160983,0.9719245168467485,A2_ratio1
25,6,0.7664836284138218,0.22417811687216943,1,1,1.3449224448817818,0.7897172772990201,0.6745224862801049,1.0457201120138562,0.2598469601985605,0.31640529718809157,0.2281736784928027,0.3600474510618897,9,1152.4517533316268,0.960376461109689,A2_ratio1
25,8,0.7171889052797479,0.3789592708573119,1,1,1.4806195582096333,0.5878454143676033,0.5092930085451158,0.8936365247228509,0.2993571601701635,0.3787627301222258,0.2267979377704084,0.4187036662329646,6,1041.382387165708,0.8678186559714234,A2_ratio1
25,9,0.7331401177437658,0.45989721296171326,1,1,1.1894220939967821,0.646293545641389,0.3970298913062788,0.6907954246743752,0.30807885465830054,0.3592283368906163,0.2608820492308834,0.43517095231368563,5,964.3679532319721,0.8036399610266435,A2_ratio1
27,1,0.4101926755299539,0.1359636944106662,1,1,1.7577476543668584,0.8096514314450186,0.7681003248210426,2.2787370110699867,0.20349028640779493,0.266408397666774,0.09769786937296138,0.30706152287108773,13,1181.8375126292137,0.9848645938576781,A2_ratio1
27,2,0.6410915330148181,0.16915233192069293,1,1,1.5832321068157447,0.9731627874157023,0.7538232161140561,1.7966055923232036,0.21989663924296862,0.26314437480123565,0.12499133366556016,0.32820777690254754,12,1175.0079818703114,0.9791733182252594,A2_ratio1
27,3,0.5964745282421839,0.15488264496508888,1,1,1.6796946028067914,0.8099979628184969,0.7653611966127314,1.6662152957673801,0.23205672500914842,0.3026020869049579,0.15342854233960412,0.3103316705214184,11,1164.0795496567919,0.9700662913806599,A2_ratio1
27,4,0.7156511526271914,0.18173696573818152,1,1,1.4906316878677615,0.7738562329193259,0.7591849461807654,1.0944568968550912,0.2480989232281324,0.30806669852362756,0.22354599592462357,0.3208780626453362,10,1163.2051536144352,0.9693376280120293,A2_ratio1
27,6,0.5874301458174809,0.22639281938386466,1,1,1.065273693953804,0.7368001861342314,0.690161685326902,1.1227270123306683,0.26823399351908206,0.3327115162792704,0.1505510237389926,0.3486370103108517,9,1069.6978535128449,0.8914148779273707,A2_ratio1
28,4,0.9009299115987911,0.17820134870719062,1,1,1.3656260348586153,0.9677934913240716,0.6348434787312016,1.9495052883498116,0.2377906279563294,0.23786855197928716,0.12541945778525582,0.3747411338916451,10,1179.4924003763128,0.9829103336469274,A2_ratio1
28,6,0.17726059581635983,0.1680464239283952,1,1,1.1734008019165094,0.9561812113682813,0.6196871458679202,1.7552155255216304,0.2579929740354794,0.2646710690545629,0.13575377816030096,0.3713106967358218,9,1167.9295123384345,0.9732745936153621,A2_ratio1
28,7,0.36511018633422593,0.20893810798104387,1,1,0.9918878285474944,0.7580353664079589,0.6079295668321859,1.1907737286458615,0.27325025910711204,0.30924610572213795,0.2109978166749456,0.36874292452301616,8,1150.9716674640376,0.9591430562200314,A2_ratio1
28,8,0.5513380081224749,0.2622779352207697,1,1,0.8537720264573698,0.6093678295682855,0.6030712771206601,0.9755978307965835,0.3043718463135341,0.37013701227405993,0.26333612440281917,0.376437757168257,7,1142.6228716096653,0.9521857263413878,A2_ratio1
28,9,0.7962767049208923,0.3520464405122711,1,1,0.7050857457191883,0.5960505186230144,0.5767228628646095,0.8402405034895745,0.336881206892558,0.3784610269554002,0.30413844707489407,0.40007582278550646,6,1070.0829787976597,0.8917358156647165,A2_ratio1
28,10,0.715445842795822,0.3848258121429899,1,1,0.6074765737645792,0.5492149444971562,0.5327980501022359,0.5810339099442401,0.3646686495371533,0.408420050586276,0.38785964000607387,0.40947966662289326,5,1034.1693486542692,0.8618077905452244,A2_ratio1
29,2,0.871214832000386,0.09655494548304548,1,1,1.8051194176690406,0.9329031860986506,0.847274441485375,2.693733141519292,0.19278923403377982,0.27190002575855976,0.07903871692559447,0.29688425488681114,15,1187.4290716762032,0.989524226396836,A2_ratio1
29,3,0.9130144405077455,0.11775878321595028,1,1,1.61530499732909,0.9064012871447655,0.8332721153099945,2.433688370455587,0.2035010237933713,0.2542827074851216,0.09047741953860697,0.3015337971265916,14,1187.8550211133681,0.9898791842611401,A2_ratio1
29,4,0.6501670566518767,0.11329486857687625,1,1,1.4754299421149857,0.8786946143661565,0.823257570692967,2.185665750964195,0.21505181876547916,0.26827452587033274,0.09626781827479602,0.29976784862875877,13,1181.6336775762752,0.9846947313135627,A2_ratio1
29,5,0.6133360510554793,0.13229463075818254,1,1,1.2670628585193542,0.873178547658507,0.8107751496237829,1.5965633263019106,0.23274598914666136,0.291201434637109,0.1496022379721371,0.3033171043872627,12,1173.1515697042873,0.9776263080869061,A2_ratio1
29,6,0.8012104400442748,0.1475329750006202,1,1,1.1418075325869774,0.8358064111275759,0.800916977795363,1.177078501143357,0.2418633373902032,0.28916785340355666,0.2052459794562119,0.2961768276731177,11,1174.6949759342087,0.9789124799451739,A2_ratio1
29,8,0.6794605677667465,0.21612184163766615,1,1,0.9150702264963448,0.7176377329707354,0.6715734257494371,0.8806507220790447,0.28879840588172173,0.3318738610700985,0.28747915483105757,0.34725630525947954,8,1151.6095091116358,0.9596745909263632,A2_ratio1
29,9,0.7534264261229684,0.2638418246040479,1,1,0.762684943300572,0.6788089925749966,0.6594701139092491,0.7038170877921797,0.31403764370683723,0.3426454831330071,0.32907146302514306,0.34792693681893666,7,1098.0548578813862,0.9150457149011552,A2_ratio1
30,2,0.9657469908088787,0.10850141688369838,1,1,1.631592110521571,0.9634015682737879,0.9208863215656371,2.3036154421217647,0.19987288439642772,0.25878014118523673,0.09766581204907562,0.2714189398358957,15,1188.5988474482583,0.9904990395402152,A2_ratio1
30,3,0.42319771075879287,0.09952306399262938,1,1,1.451347014415265,0.9584922511336975,0.8934910337327826,1.6258988523391644,0.21018733227855674,0.2596347468588416,0.1386852321390483,0.2686583813154886,14,1181.5383285833345,0.9846152738194455,A2_ratio1
30,5,0.22698061895459198,0.13501247139342154,1,1,1.25381453261076,0.8311602405250816,0.8040624807583939,1.338692347418871,0.2407392233385794,0.28602479450067125,0.2030784806496772,0.3121796378446937,11,1174.7020537881199,0.9789183781567665,A2_ratio1
30,6,0.820855450988041,0.1691414722661149,1,1,1.056980893932551,0.8087666730733946,0.7955681963755352,0.8400998798484691,0.2584166795276847,0.2973349455582698,0.2857471678066965,0.3053664353937336,10,1169.4830144115776,0.9745691786763147,A2_ratio1
30,7,0.7968108482029365,0.19204917597324514,1,1,0.908456598829367,0.8163936101484361,0.7841166071351692,0.8339338941916774,0.28256458092629866,0.3074985940700159,0.2864037222645357,0.3146945791732163,9,1142.3572851487493,0.9519644042906243,A2_ratio1
31,1,0.8797382575994652,0.09114458669026873,1,1,1.7700857456493744,0.9800649605016323,0.9378999017784019,2.6172679756700625,0.18763474010815429,0.25377580691992796,0.08055660015293978,0.2643422869756714,16,1186.2022255565898,0.9885018546304916,A2_ratio1
31,2,0.13785346255287806,0.09650581210993181,0,0,1.5845522345330745,0.9258717134920681,0.9045345811538097,2.1023600684677395,0.19940790907727968,0.25970397843147824,0.10566912372592754,0.2640986756806099,15,1185.213226330627,0.987677688608856,A2_ratio1
31,3,0.8652156288401396,0.1075770561838454,1,1,1.4933846885691255,0.9460731874730358,0.9099680375690529,1.6428558331029566,0.21070636167883589,0.25959441382642295,0.15374126875555771,0.2744466297054275,14,1187.5802241142471,0.9896501867618727,A2_ratio1
31,4,0.8966417007567342,0.12127428504861704,1,1,1.2789753771166976,0.9348704598108165,0.9130354520419881,1.0029547759743693,0.22822507780400564,0.2621659482292877,0.2592684080433036,0.27843605531078813,13,1179.8275746811278,0.9831896455676065,A2_ratio1
31,6,0.7590309498112138,0.16316458993409663,1,1,1.0392235326247938,0.8202598815316429,0.7926087774004996,0.8386805663671544,0.259491648043018,0.29207686059954807,0.2866267196350286,0.3047322013601537,10,1160.6095073201998,0.9671745894334998,A2_ratio1
31,7,0.6871651103835306,0.18070667629041826,1,1,0.8801291713560858,0.8014624969972833,0.7828249083507118,0.804508717059358,0.2781617297534509,0.29517958243024617,0.2930306213638247,0.3079696756842156,9,1146.4131800522653,0.955344316710221,A2_ratio1
32,1,0.657492447788967,0.10907759806292106,1,1,1.7813494275611448,1.52444027815854,0.7689228509566517,2.7508927438147417,0.19298541373020736,0.16286530111420572,0.06786379490113126,0.3230105265985247,14,1190.7838194052556,0.9923198495043797,A2_ratio1
32,2,0.059235862080700065,0.11025629972948665,1,0,1.5833511161532836,1.3946523596772578,0.7274752854392805,2.484879989431222,0.20218448368931263,0.15884315983754035,0.08126728592725677,0.32826428078946857,13,1175.586165422444,0.9796551378520367,A2_ratio1
32,3,0.8328377384245337,0.13346664593093435,1,1,1.4406523293534985,1.1228470286880488,0.7344767783768036,2.0128662374424025,0.21656887434506245,0.2285733163150993,0.11009482457485731,0.3284029260232792,12,1177.9245821608285,0.9816038184673571,A2_ratio1
32,4,0.14130623199437287,0.1346896576896542,1,1,1.299479788943384,0.8389094057237249,0.7239509190636495,1.7148879422069148,0.23442864389541473,0.29048991048079637,0.13784436913556225,0.3365715934985117,11,1167.2277762171086,0.9726898135142572,A2_ratio1
32,5,0.7375963193321682,0.16109149148820265,1,1,1.1519499531077781,0.7606556084863765,0.71481147855071,1.478058481892083,0.2533422590706178,0.3218509162790945,0.16731057110266856,0.3368070936335368,10,1171.861301395577,0.9765510844963141,A2_ratio1
32,6,0.5177951944846111,0.182505235230297,1,1,1.012385667136987,0.7328207332512814,0.7051730906516362,1.3682331129353025,0.2728847698439712,0.3176063529400582,0.17318754953723509,0.33617105453282337,9,1146.7966649886444,0.955663887490537,A2_ratio1
32,7,0.35358225244370645,0.19716512583343082,1,1,0.8664821335294333,0.6838636615439395,0.6580584932530527,0.9024713582147109,0.28850841696516205,0.33628113639877893,0.2713079185328944,0.34784591259715836,8,1128.5064756845272,0.9404220630704394,A2_ratio1
32,8,0.6804277201097096,0.25632510595256414,1,1,0.7752431680377408,0.666555471775545,0.6531272443307925,0.7075443015508636,0.31095883868085367,0.3340802208361024,0.3277566020899362,0.3533119413954906,7,1114.5972804448893,0.9288310670374077,A2_ratio1
32,9,0.5565488804793884,0.2775281197484338,1,1,0.6510667370158001,0.6391136303108617,0.6185845923794977,0.6656149942892963,0.3421536025328992,0.3582956468824583,0.3479959689543115,0.37459535925383614,6,974.6982431301004,0.8122485359417504,A2_ratio1
33,4,0.473293298061827,0.18197940166092894,1,1,1.2594064851763311,0.6714504154768565,0.6510236518830995,1.5763473989696635,0.25532415172292233,0.3334736094064708,0.1594806408999799,0.3560857008149937,9,1175.3499135308348,0.9794582612756957,A2_ratio1
33,5,0.8579909551916747,0.22633130785655983,1,1,1.0472301719198178,0.6555125416109162,0.6388255271052887,1.092641390356608,0.2774258129460285,0.3455432356499879,0.23290914791877715,0.3511026054852785,8,1172.1268167330275,0.9767723472775228,A2_ratio1
33,6,0.6520932679234599,0.24625986150300563,1,1,0.8215935936974679,0.6500348808474562,0.6213535058306192,0.82426989162586,0.3078654992509743,0.3547102330877001,0.294180735768674,0.36130838536321885,7,1133.615995460741,0.9446799962172842,A2_ratio1
33,7,0.6664220010466344,0.29991158644902227,1,1,0.6685190619900712,0.62141769359002,0.609175671327733,0.6344694304512017,0.3405151602148951,0.37263454677185714,0.3701653403071256,0.3741702289682147,6,1058.8482518628298,0.8823735432190248,A2_ratio1
34,3,0.8284869199697641,0.12818121386619868,1,1,1.4973893242703806,1.2325990658380899,0.6897975201839884,2.156183267904307,0.21399740350680022,0.21702560738335855,0.09818185254379891,0.3348028111628865,12,1182.337854749367,0.9852815456244725,A2_ratio1
34,4,0.06731593498763662,0.13234514722751797,0,0,1.4083975583305162,1.1854056547402887,0.6880209978772596,1.8948530222561164,0.22764461390654087,0.21250430154792727,0.13023236820160145,0.34200741571005194,11,1182.90154858317,0.9857512904859751,A2_ratio1
34,6,0.7276460505814002,0.17067877701416367,1,1,1.1737176293300302,0.9176831855724397,0.6671350254094885,1.3930157927035443,0.24208258439288427,0.26484754061254073,0.17184432268134078,0.3352024589011537,10,1174.714302226162,0.9789285851884684,A2_ratio1
34,7,0.5126207335591662,0.18488402290585498,1,1,1.0158362145489148,0.6969967597102872,0.6904534467355764,1.1422789491433902,0.2704673383653472,0.33893683363239985,0.19730712801770264,0.35603068043779384,9,1159.1915462165514,0.9659929551804595,A2_ratio1
34,8,0.47237365615029686,0.20299968605417057,1,1,0.8867594454430552,0.664342722702815,0.6591384504754244,1.1402074969181093,0.2884905599171212,0.34008551531928055,0.22662727343074823,0.35301926081191914,8,1123.6610226947848,0.9363841855789874,A2_ratio1
34,9,0.7737865128979864,0.2776598744666157,1,1,0.7867189637279728,0.6515756646546068,0.6445337667761353,0.8964538995735174,0.3138160981180095,0.35685390721491844,0.2796954719905145,0.37379288137518624,7,1083.9143348154314,0.9032619456795262,A2_ratio1
34,10,0.6967656218813905,0.29822652623388407,1,1,0.6854082826865778,0.6075309652777456,0.6010940721973295,0.6148898081767036,0.33305675061783385,0.36513495031286014,0.3578470654871453,0.3736306661571362,6,1088.4032180681213,0.9070026817234345,A2_ratio1
1,2,0.8658179735908655,0.4456239779500405,1,1,1.1085215854886126,0.9034202215487694,0.4626397043858976,1.2295895638672736,0.28208751719721104,0.29338201606808156,0.15768182481397577,0.42178817718195194,6,1119.4749267205532,0.9328957722671276,A2_ratio2
1,3,0.8401974826022702,0.5259887731355205,1,1,2.002309784007047,0.4757701157349183,0.42808520578050646,0.761549219929872,0.3050677089439013,0.41306346874463157,0.2246330067206089,0.42731361556267555,5,1050.811085926835,0.8756759049390291,A2_ratio2
1,4,0.7735992860313403,0.529779634538208,1,1,0.9715255848388763,0.8453781383092089,0.2933328585731685,1.5235708645749169,0.2804927451597325,0.28176025527843507,0.11499133204996416,0.44726166838820336,4,1097.4131589032086,0.9145109657526738,A2_ratio2
2,1,0.8046728361345747,0.18880569404954156,1,1,1.5257883676418273,0.9989023784910858,0.6695028482902537,2.093328817667575,0.22877148810444475,0.2466630767584676,0.11036203248532053,0.35927153030215664,10,1168.268772074118,0.973557310061765,A2_ratio2
2,2,0.6073771194330861,0.2182830155283269,1,1,1.4256947690620718,0.9546805097554596,0.6974314199951561,1.5513103316399748,0.2510511612586784,0.2758280302729172,0.15248981665217837,0.33298219530078776,9,1158.438781656875,0.9653656513807293,A2_ratio2
2,3,0.7458022225076439,0.30130736338976694,1,1,1.0171264194249303,0.9293364469266907,0.632612574302897,1.399861715673416,0.26932916106035126,0.25242636845211086,0.15931563294326784,0.3766486240934047,8,1129.7094673953445,0.9414245561627871,A2_ratio2
2,4,0.5940223787284382,0.29310073460571956,1,1,1.1757259048931634,0.6756758214063509,0.6098806022350688,0.9517715655087304,0.288834279141561,0.33856331555616526,0.2227269015357176,0.38481291340527135,7,1059.0787149499295,0.8825655957916079,A2_ratio2
2,5,0.7097465111962293,0.37908640692780965,1,1,1.3333312322031006,0.6140443158951261,0.5024883004033863,0.9086680283935755,0.29775891182216785,0.36440968474533275,0.22341497889457174,0.4083451695606259,6,1050.8838179506897,0.8757365149589081,A2_ratio2
2,6,0.7958334561986364,0.5586460568308999,1,1,0.838307619763713,0.5953746301115997,0.4119693354781351,1.3509260860057213,0.3132573742823016,0.29653416656981274,0.1983431633121814,0.4561229808043743,5,978.2067915616462,0.8151723263013718,A2_ratio2
2,7,0.8116175932090133,0.5743946525727907,1,1,0.7457883937330994,0.6253007001294921,0.38288969091895597,0.9881994029436355,0.3221801747485885,0.3428702463784383,0.27731955569826294,0.38773086542876384,4,923.3220322998864,0.769435026916572,A2_ratio2
3,1,0.4773843295946032,0.15451648202250226,1,1,1.5221695562115378,1.013050348110276,0.7144447605906119,1.8545267379767145,0.22699716941321252,0.2323431362770502,0.13382008384868088,0.3428505576866714,11,1168.5919708981546,0.9738266424151288,A2_ratio2
3,2,0.5798204236559431,0.17736097455929348,1,1,1.473768735705507,0.9075470727138988,0.6922337844598107,1.6089757804099796,0.2422139727358589,0.289946769991379,0.15534182907868027,0.33346806401555956,10,1164.707572353657,0.9705896436280476,A2_ratio2
3,3,0.752162023707571,0.2519515382448949,1,1,1.3461715992196093,0.6988721559786459,0.6221140717316158,1.7343967809551437,0.2477799864897975,0.32037816552512566,0.10135202762622673,0.35456970671948007,9,1137.475704093008,0.9478964200775067,A2_ratio2
3,4,0.7091132664661544,0.28035406970205107,1,1,1.130415593624162,0.7993670937065099,0.6353032419352753,1.0657338859193817,0.27259225362695644,0.30100049122638606,0.20746251304029792,0.3772776658807098,8,1116.1339309532332,0.9301116091276943,A2_ratio2
3,7,0.8309828158279056,0.553595107066789,1,1,0.7444061712456859,0.617300864315149,0.4397592989013173,0.6563159287010634,0.3383391597376092,0.37701159760504277,0.2922819526640438,0.44224099615730794,5,993.4178441059101,0.8278482034215918,A2_ratio2
3,8,0.7823642491636009,0.6057711889280077,1,1,1.130112422942059,0.44018984514110837,0.35690590032577274,1.2133963677573947,0.3150819170864809,0.378791245248817,0.24904794476132575,0.4448252175739722,4,955.9309852076852,0.7966091543397377,A2_ratio2
4,2,0.534543952589837,0.15620980742092744,1,1,1.432917156077397,1.2391641906869593,0.7140613303620272,1.8960685728797808,0.22039809541311167,0.19868062702018705,0.12577228185132808,0.32488298619672157,11,1175.1681441395676,0.979306786782973,A2_ratio2
4,3,0.6531097228723022,0.236608546463479,1,1,1.4123626133810434,1.1482448105905245,0.796288888543285,1.7229741977744768,0.23131181564652423,0.21727870171349026,0.12724589171533604,0.2994730100128332,10,1145.713893177296,0.9547615776477467,A2_ratio2
4,4,0.6907905590201445,0.2132634342284195,1,1,1.4814776747496095,0.8383312255185115,0.6677703747374808,1.338606435307763,0.24404791499253464,0.2656246778447803,0.17398236860732808,0.35841699351920414,9,1164.3124367506489,0.970260363958874,A2_ratio2
4,5,0.5106759897743433,0.24342580018013055,1,1,1.1176813149504692,0.7605063069442408,0.6178564881931639,1.1624482414761128,0.2764574232055782,0.31695707018143526,0.21030642035659694,0.37806254251587323,8,1089.666721494644,0.9080556012455366,A2_ratio2
4,6,0.7326153511555611,0.3700517338055629,1,1,0.8182966768542782,0.6681235239633742,0.5960759446213051,1.0248225239108815,0.29872854284672185,0.363532776558567,0.2020522293714353,0.3787615328433066,7,1069.322514968685,0.8911020958072375,A2_ratio2
4,7,0.640799348384634,0.4182210668389924,1,1,0.9351537106067026,0.7273184735589304,0.5769419620248808,1.3729678529539937,0.30365283328876286,0.2939188362298295,0.1771439436667752,0.40263203468739617,6,1010.9530868878745,0.8424609057398954,A2_ratio2
4,8,0.7264725158088956,0.4681442469571016,1,1,0.9148940119216334,0.5004018616685818,0.4705526329862852,0.6392779905971747,0.3202909312053374,0.39449288573644176,0.26164195599196216,0.4264818563256501,5,975.8042134921826,0.8131701779101522,A2_ratio2
4,9,0.9266833792874078,0.6437001845903536,1,1,0.7031634224377785,0.7370592428039572,0.3767441080200724,1.0634785572216634,0.31876906758868406,0.3064201316948701,0.23263072611094093,0.39255847317261316,4,997.505914095704,0.8312549284130867,A2_ratio2
5,1,0.44892618313360777,0.1408965875644753,1,1,1.8570644758001142,1.0694492310274197,0.7656502817173358,1.916204234837994,0.21244081290012504,0.23006160147838203,0.10261324431082489,0.30366018712744985,12,1170.5164089547181,0.9754303407955984,A2_ratio2
5,2,0.382088205187077,0.15674507454707723,1,1,1.4621554026291266,1.1088539253675525,0.7027662835762907,1.968963783939036,0.22550464492881533,0.23005211475511272,0.10187296196741924,0.35540368475722783,11,1153.1961019090493,0.9609967515908744,A2_ratio2
5,3,0.6762997645762532,0.2309319244475551,1,1,1.3409729277499418,1.1664959792251661,0.6529332122397054,1.7213082774470938,0.23584546322142694,0.21324465174003465,0.13781971933831527,0.3604671954139267,10,1155.4426934983317,0.9628689112486097,A2_ratio2
5,4,0.5235394732987049,0.19952741045840214,1,1,1.949751169394082,0.7849469933619547,0.6971946170155274,1.1892302357271947,0.26355689610697736,0.31764656584384776,0.2347268850769873,0.3547112978681896,9,1123.9280677042382,0.9366067230868651,A2_ratio2
5,5,0.6253158622124642,0.27093210799627904,1,1,1.3225253554080854,0.772676174181044,0.5872014969535411,1.581797016082835,0.2596905979183366,0.3177713405267656,0.13021924095794266,0.3811884487850716,8,1077.2615784683721,0.8977179820569767,A2_ratio2
5,6,0.8359959234907859,0.3347761529512539,1,1,1.4841719907301694,0.649058841501197,0.5646239198166305,1.2267507126057877,0.27857845883073523,0.3392999353807484,0.1941805400645711,0.3951782975610043,7,1143.8064391354576,0.9531720326128813,A2_ratio2
5,7,0.6700321183022826,0.3653446009466235,1,1,1.3125320871300084,0.5879781688617427,0.5357149625453473,0.8190006987414655,0.30539549784965186,0.375291754692604,0.23620302561787207,0.40528885657136426,6,1025.1714578031128,0.8543095481692607,A2_ratio2
5,8,0.7388119114695098,0.48156981442405195,1,1,0.9069279487708732,0.5614625772264357,0.4194003039445997,0.9111232939054671,0.3106133394623203,0.30682390033365986,0.27537716277567653,0.4265112375961317,5,922.4085746290665,0.7686738121908887,A2_ratio2
5,9,0.8778675814101609,0.5750669287846994,1,1,0.7588170024575929,0.7689588385969774,0.3243540263058374,1.203421814748733,0.3066664837998473,0.30075957644108997,0.22113692116437608,0.38628913907656115,4,932.9575090915434,0.7774645909096195,A2_ratio2
6,3,0.5523265113705096,0.18275940739302196,1,1,1.5888746728893888,1.1355339508982034,0.6969313734326599,2.264169478658978,0.2197024501540102,0.2183380481826198,0.10228185281177685,0.34209321225680617,10,1168.6791131260252,0.9738992609383543,A2_ratio2
6,4,0.5930519662191649,0.2361443145146118,1,1,1.0953415378493971,1.0123783992138888,0.7089998722111799,1.4385885105401393,0.24527986818544445,0.24016299678464467,0.14913786397329648,0.34667174338532125,9,1154.6976266846964,0.962248022237247,A2_ratio2
6,5,0.6462764127493693,0.25828457403888366,1,1,1.2937847015657171,0.9153638305578156,0.5923273833352041,1.298009088206419,0.2599925323955383,0.26125091066708794,0.1797587707451463,0.37769694950976546,8,1131.6753840972608,0.9430628200810507,A2_ratio2
6,6,0.6111072470291343,0.29892509076845936,1,1,1.2547958911241202,0.8235154599306586,0.5479269330862444,1.119887621426452,0.2783075690383159,0.290376363832482,0.20274496738656464,0.39256311397425425,7,1088.8722466121626,0.9073935388434688,A2_ratio2
6,7,0.7090235389636548,0.38594082369843935,1,1,0.9983754349056627,0.6263102220888248,0.5373707470857129,0.8470810954399797,0.30037611988316165,0.36396439574488937,0.22570753018094303,0.3847853726910295,6,1056.5314029269603,0.8804428357724668,A2_ratio2
6,8,0.7491014024112509,0.4802252170896543,1,1,1.1474060126105745,0.5209714298387165,0.4989963213324331,0.7168015779699015,0.30993233365262357,0.4030621451140493,0.24214364608671216,0.40424497600031684,5,1000.9461094806712,0.8341217579005593,A2_ratio2
6,9,0.7726330821603495,0.5727319376852059,1,1,0.6799437346585329,0.4491815701864679,0.37814740707956535,0.7509778977654354,0.35614291865295017,0.3968488958934865,0.32137168441929403,0.4316201301271426,4,898.8729563794343,0.7490607969828619,A2_ratio2
7,4,0.5821009738860897,0.23217777843839446,1,1,1.1585407591664256,1.306324359828977,0.6969996502032224,1.497543717239884,0.24443389578507657,0.1927628827188896,0.15712848046021266,0.3381603000445875,9,1157.4193962560528,0.9645161635467107,A2_ratio2
7,5,0.6099207356948775,0.26726883821771824,1,1,1.2129795703548178,0.8488225173460489,0.7074125833907372,1.4897553566546375,0.2652867501022892,0.30482213207646075,0.1515291551975283,0.3558670350287927,8,1136.9619436000858,0.9474682863334049,A2_ratio2
7,6,0.766238597127457,0.33268393497582177,1,1,1.2375697683103895,0.7247006435978146,0.5566079651467177,1.1594513336289158,0.28133065485399517,0.3287394130199715,0.1975542770854666,0.3954153845544328,7,1125.890101143645,0.9382417509530376,A2_ratio2
7,7,0.6574655676171258,0.36348948647636425,1,1,1.2586075781573018,0.6406450180841722,0.5118684312027489,0.8887188502094205,0.3042517127235007,0.37136207332322424,0.22640139115719934,0.4112154634350408,6,1032.77613726647,0.8606467810553916,A2_ratio2
7,8,0.7672490804854589,0.5076089556709805,1,1,0.9320692212629597,0.6320569557081791,0.44614182890212056,0.6556030206007185,0.33867581573991695,0.3967117466529121,0.2668399537348781,0.45862327401991887,5,986.0732597012002,0.8217277164176668,A2_ratio2
7,9,0.7566807584525796,0.5780771342880838,1,1,1.3085143824196246,0.42054954935491373,0.3499016890828386,1.3791622426916996,0.3099753209525776,0.37278439275154274,0.24421654431744383,0.4385431693866765,4,931.6576635632068,0.7763813863026724,A2_ratio2
8,2,0.4859801081441138,0.12519090804881303,1,1,1.5951976503301744,0.9614205562252801,0.8691788443011687,2.3414058896619556,0.20637053366010122,0.2458987868362412,0.11082802825439332,0.2861985227937455,13,1178.5770478496083,0.9821475398746736,A2_ratio2
8,3,0.5294589157907614,0.15563184920319859,1,1,1.1837005776163274,1.0592690813198566,0.7985581208776805,1.2615294706877709,0.23032237839094447,0.23403759469161567,0.18233695170250114,0.29379853215676477,12,1165.133954516967,0.9709449620974724,A2_ratio2
8,5,0.6052990933231213,0.20645305815524143,1,1,1.4813754751997292,0.8549230869546962,0.6746316310283315,1.4949359002951683,0.24223484826134467,0.28229457971470506,0.1533341445334976,0.3507147208065094,9,1159.2227967603433,0.9660189973002861,A2_ratio2
8,6,0.6130023992403335,0.27415806095201156,1,1,1.259297583619258,0.7485366026107285,0.6297539137006258,1.2270769405783704,0.27067297143187286,0.3157979761839524,0.2062207488603972,0.3556889376785288,8,1118.6226898491177,0.9321855748742648,A2_ratio2
8,7,0.6836957048618889,0.3124021618213531,1,1,1.1535727938814193,0.7232044002857057,0.5502377534939759,0.9604807439116538,0.2860159918875766,0.3296564286485896,0.23800868829766414,0.37943824176447893,7,1077.767022633871,0.8981391855282258,A2_ratio2
8,8,0.7131712719821353,0.4173527850985473,1,1,1.1176763964108423,0.6969937382222865,0.49011080271310936,0.9682601555916217,0.2952966814978338,0.3093971444195847,0.2162617505271267,0.4336232318613791,6,1014.1142499462732,0.845095208288561,A2_ratio2
8,9,0.7787232995275882,0.5047666160257719,1,1,0.8260298027339774,0.5290089421298322,0.4365796344056545,0.6372513141766655,0.32420865623906153,0.3786599019487466,0.27056337772693634,0.4366908355017619,5,984.5895257168542,0.8204912714307118,A2_ratio2
8,10,0.809593823718334,0.6199477130487887,1,1,1.3053316107195172,0.41960501901141023,0.33391394687338144,1.3910226828575456,0.3061086164969252,0.36966023504221357,0.234366434015497,0.4414024175236418,4,978.5661536192518,0.8154717946827099,A2_ratio2
9,2,0.48098501570314434,0.11943046933393463,1,1,1.5625543705611566,0.9889611640173348,0.8597879838815776,2.335060155959508,0.20234999912199642,0.246181989036676,0.09728022375259165,0.28951256436001194,14,1172.3780162403018,0.9769816802002516,A2_ratio2
9,4,0.6561802823897748,0.1732168440090254,1,1,1.3809656952754785,0.862630642287981,0.7685018232000681,1.790845147067417,0.23672454959315611,0.30563760239564036,0.1339440219659819,0.3235264473964789,11,1162.565248161911,0.9688043734682592,A2_ratio2
9,5,0.6520270430599849,0.183574168765371,1,1,1.2747728869421209,0.8101170469109058,0.7575747779306985,1.2003312079139077,0.2515614008302418,0.3079683478191967,0.20931453656108706,0.3235687128548168,10,1143.5250125658765,0.9529375104715637,A2_ratio2
9,8,0.7976279192537803,0.5045883549861769,1,1,1.5725064173713765,0.5443243749675392,0.41494984193094214,0.8182592274386766,0.3042960743189383,0.39024853152291716,0.22063116152511977,0.44665140845665596,5,1043.7665623095268,0.8698054685912723,A2_ratio2
9,9,0.8034233579856176,0.6101150585715928,1,1,1.6002301471047782,0.4596985323489864,0.327579727474057,1.7323489519797075,0.2980108828806886,0.36364959565028254,0.21763434559871483,0.4440261329322563,4,979.1760275722316,0.8159800229768597,A2_ratio2
10,2,0.37587513376267057,0.15124370597980222,1,1,1.747201031007526,1.1741766001873115,0.730424083345028,2.260140199351149,0.2128485896505504,0.21018081824660176,0.09694265137276786,0.3374168472347403,11,1175.6440199011818,0.9797033499176515,A2_ratio2
10,3,0.700590665446674,0.17690635978316568,1,1,1.5165349904219965,1.0049245065130512,0.7338616660748754,1.649507432871262,0.23575665068055202,0.24929859527871445,0.16094168511922272,0.32483973045163106,10,1170.2291723868732,0.975190976989061,A2_ratio2
10,4,0.5083230957951052,0.20625473598234126,1,1,1.2661582961575792,0.8998195325098918,0.7475756472397644,1.4510247080912169,0.2516782739153406,0.2783873732926424,0.17272369374527008,0.33058130900506827,9,1128.306094135426,0.9402550784461884,A2_ratio2
10,5,0.6200387116502609,0.25851722022780976,1,1,1.3797299360504478,0.8166110023264376,0.6623711898453333,1.2189038292530103,0.26407405610863666,0.29614486466161605,0.19545789919050627,0.3573459635081649,8,1125.404416492995,0.9378370137441626,A2_ratio2
10,6,0.6188685497242854,0.2992093408620887,1,1,1.327669806130076,0.7519377469617788,0.5498490665620255,1.0703215050215362,0.27670952117291664,0.32825633147708466,0.20910172207677238,0.3799274329350484,7,1082.2330290859504,0.9018608575716254,A2_ratio2
10,7,0.6828038531717601,0.43697737780881835,1,1,0.9282277521412882,0.7055863383199593,0.5183383011012968,1.278243767127111,0.29734857643017404,0.2948625646834587,0.19462043350960562,0.40715038254810587,6,1018.0075984282029,0.8483396653568357,A2_ratio2
10,8,0.747697988456595,0.4745915277161321,1,1,1.4318332198766068,0.5137470756240752,0.447742007120147,0.736942691568494,0.31850257634645474,0.4222445725180543,0.2513462234536642,0.44077764231908084,5,997.1242019548331,0.8309368349623609,A2_ratio2
10,9,0.9125036696345199,0.6214713528848834,1,1,0.810901016081877,0.7289257424086167,0.3382358522201733,1.2015909062703205,0.2940085323299209,0.29748393322017164,0.20802696032781182,0.3834655052222808,4,973.8960501503402,0.8115800417919502,A2_ratio2
11,1,0.48892401207468605,0.14008769712522764,1,1,1.6003872956228264,1.2012790909203552,0.7749919123754061,2.0370974954398724,0.20643823177168483,0.20745608414566108,0.0961338043986599,0.29684661397949985,12,1181.9905589273012,0.9849921324394176,A2_ratio2
11,2,0.542558991399775,0.15400965245162415,1,1,1.6404463998815735,1.2933615089561428,0.7770729434597289,1.7735606666520745,0.21746809808989145,0.2054737417658322,0.1333996264759716,0.30624662633950633,11,1175.0496296965227,0.9792080247471023,A2_ratio2
11,3,0.5599619460271918,0.17725454157808945,1,1,1.723174793016306,0.9103558076590161,0.7360963669554368,1.5268577613269634,0.2334517422590078,0.26680499157596693,0.15608467636037926,0.32037820819916013,10,1158.997403794826,0.9658311698290216,A2_ratio2
11,4,0.5545522818944735,0.20434025267773043,1,1,1.399071104508362,0.9008073484882815,0.7363987412399859,1.3780011033261501,0.2557016421473153,0.29117143950627955,0.1934463734243725,0.3380114164788988,9,1132.2361625181452,0.9435301354317877,A2_ratio2
11,5,0.5685446043315345,0.2421513597550039,1,1,1.6797853542170422,0.7694974380730926,0.6325938009928518,1.1893393461367459,0.2620455297733836,0.3033020206679208,0.18012272079097882,0.3576101643453772,8,1112.6514812258076,0.927209567688173,A2_ratio2
11,6,0.32536917579988955,0.2468507264005556,1,1,1.4800730989994988,0.6636417763887864,0.5703704620936829,1.0862776074562812,0.2815688504810607,0.3346158759231287,0.20892907545802847,0.38642221956736955,7,1088.5673688442394,0.9071394740368661,A2_ratio2
11,7,0.6946400795300403,0.38503578983100095,1,1,1.1747423098689833,0.6903985962417918,0.48561698032464107,1.05023552553837,0.296132466856478,0.30047434780982407,0.2201664797863961,0.4321578556282731,6,1001.3205768343423,0.8344338140286186,A2_ratio2
11,8,0.8209248751578774,0.5402610363781182,1,1,0.8716755731173187,0.5232294913715574,0.44450729038756104,1.3781098011665098,0.30774440194174096,0.2970881183724699,0.1804736101036392,0.4471162172962838,5,966.9611571847045,0.805800964320587,A2_ratio2
11,9,0.9028175527856892,0.7016054129701493,1,1,1.2989521216466464,0.49296493003642794,0.3514403881277023,1.4404766635553723,0.3118020098470832,0.36755961732318504,0.22460139989774752,0.45476022727252063,4,1054.004569620395,0.8783371413503291,A2_ratio2
12,2,0.4672564471818822,0.17832486738794648,1,1,1.3950303489840954,1.2296566002272997,0.7482608225875749,1.8886725333410057,0.2228796264504792,0.191863477456052,0.12578603598547633,0.3315040461431079,11,1164.4038064339618,0.9703365053616348,A2_ratio2
12,3,0.5638410785984913,0.20193679666850675,1,1,1.354268691309307,1.0207180332278396,0.6790406582606094,1.6922395055244466,0.23840816743126583,0.24063805507127617,0.16096863985508908,0.3599146005362328,10,1157.280175527063,0.9644001462725524,A2_ratio2
12,4,0.5808508416342382,0.2143955893344015,1,1,1.339590498635129,0.9019022860978356,0.7528053432596007,1.234997663891816,0.2527076412714828,0.29599877909086764,0.18712696411526,0.3308254962752681,9,1149.5189667793554,0.9579324723161295,A2_ratio2
12,5,0.758838262410552,0.28638825868134,1,1,0.9979664022949936,0.7825248531104789,0.676348067342791,1.2152470479283703,0.26847065197651715,0.29647949611714947,0.16155388573389615,0.35935580009989193,8,1094.3756311770403,0.9119796926475335,A2_ratio2
12,6,0.783196195287846,0.393541645349697,1,1,0.9685733386678519,0.7246307411695792,0.5480778164901674,1.2931961679659216,0.28327465656761414,0.3249427172192571,0.15173066904204657,0.40184605554351815,7,1095.085227570761,0.9125710229756341,A2_ratio2
12,7,0.7031710818711898,0.422330715088565,1,1,0.8170098800596275,0.6403616603788479,0.5378513898443953,1.0627828129637087,0.30685995094467783,0.30426794545533997,0.212135458662321,0.4138257074973089,6,989.3202933316436,0.8244335777763697,A2_ratio2
12,8,0.7294717541678034,0.4817357874347039,1,1,1.0063021777486516,0.5883366361283063,0.4551388092460003,0.6163633470735989,0.3278567355871546,0.4021945829576041,0.2816251091734289,0.44245407604504594,5,959.4960629074486,0.7995800524228739,A2_ratio2
12,9,0.781050699879568,0.5888371531127123,1,1,1.2126173568433967,0.41869232977431114,0.3514570245248092,1.2798526620928985,0.3182610178847929,0.3861048498257056,0.2566135118605228,0.44775235584997564,4,936.8114503289994,0.7806762086074995,A2_ratio2
13,1,0.42116630059559923,0.14869775046132117,1,1,1.5756485290844724,1.1952851543870842,0.7539637067441752,1.8281269185962459,0.21456003413567368,0.20000944078525223,0.11531579864336214,0.3286771869732562,12,1166.821915733348,0.9723515964444567,A2_ratio2
13,2,0.4109528681439467,0.15250825642311658,1,1,1.59746650857834,1.1708211744715102,0.7107433482387557,2.0324294181428226,0.2157093114691169,0.21556395985300666,0.09878590150744335,0.3302812132056209,11,1163.563662921523,0.9696363857679359,A2_ratio2
13,3,0.5908493182080257,0.17431768844579773,1,1,1.4754891848333842,1.035892379259515,0.746073907573658,1.780891531408801,0.23596925040647912,0.23553601477018798,0.12271092710260362,0.33951096427863925,10,1149.2668589608384,0.9577223824673653,A2_ratio2
13,4,0.6445233243643348,0.20936726738378778,1,1,1.3978091428562254,0.9103873555188654,0.718475268379506,1.2011062101399015,0.2479208212945161,0.257861353172525,0.18610640688178634,0.34583193405784923,9,1153.4625475418036,0.9612187896181696,A2_ratio2
13,5,0.5292109888117303,0.23404652829303374,1,1,1.2852734014974436,0.7706487072391804,0.6352954958036874,1.1497873667942882,0.2666863911248855,0.30557049876249687,0.2046668379103503,0.35487574460550997,8,1090.0613981765832,0.908384498480486,A2_ratio2
13,6,0.6482229543641904,0.34762590086905704,1,1,0.9241328287044128,0.8267849053233148,0.5714070446196384,1.1899672688619345,0.28878127372929124,0.350661329269127,0.16980514033927907,0.38705292723260337,7,1061.5659230175936,0.884638269181328,A2_ratio2
13,7,0.6788015400559553,0.3735737798245039,1,1,1.4513871822916553,0.6362636435140603,0.5528665872551393,0.8444645066633512,0.3015174898883923,0.3783167456829767,0.2411639734356481,0.38614680669626983,6,1032.4208367361152,0.860350697280096,A2_ratio2
13,8,0.5533064681849106,0.39288373095323426,1,1,1.1148955109026868,0.5348722798327467,0.46830557376175963,0.595055852157293,0.3208304011243938,0.4058262043261097,0.2784894236280078,0.40826977727026187,5,907.2498848149546,0.7560415706791288,A2_ratio2
13,9,0.8559674765919821,0.6464609401098532,1,1,0.8801854841109014,0.5421759861076313,0.39353067542908005,1.0288307947894526,0.30756237712175843,0.34980183480817734,0.28268007234089093,0.3746841395890449,4,994.3555340962087,0.8286296117468406,A2_ratio2
14,2,0.5185198115455992,0.1494432715305078,1,1,1.4108368485222498,1.3919918869741679,0.7512191034789719,1.827839354809143,0.21538638733201734,0.1736955856485174,0.12834724507710943,0.3299803656195517,12,1179.6440372269556,0.9830366976891296,A2_ratio2
14,3,0.4961808313978382,0.15787629477014622,1,1,1.4639091044951533,0.9438076538442007,0.6918815823370161,1.6884705638256592,0.22695259439287654,0.274773296775568,0.12660426624831445,0.3347325438793898,11,1169.0188720842516,0.974182393403543,A2_ratio2
14,4,0.4999867644636416,0.1816355878786056,1,1,1.4008053331813746,0.895634405236356,0.6745337566004441,1.5458684093526265,0.2431359897667103,0.28578646061318463,0.15110330023513424,0.35217425290900006,10,1152.6115482139378,0.9605096235116148,A2_ratio2
14,5,0.6348571504665046,0.240707896068773,1,1,1.0962053492669446,0.8190860446408696,0.6154652951755542,1.652123997437769,0.2575564584290333,0.29223737069607436,0.13111816870081952,0.3689658461269023,9,1133.0280189577604,0.9441900157981337,A2_ratio2
14,6,0.7001965911704076,0.24877839733066084,1,1,1.3345591599832272,0.680800552931255,0.6286080610834321,1.034748195708985,0.27319837953316184,0.3308631539920234,0.21968429746482293,0.36605114082637014,8,1106.0240652833204,0.9216867210694336,A2_ratio2
14,7,0.5869228909245243,0.27579106843662726,1,1,1.3800902151301482,0.6305494335903734,0.6011529850001456,0.7909252444685291,0.28603646802331767,0.3514278795963456,0.2648547640907479,0.3696734673601001,7,1032.346886079652,0.8602890717330434,A2_ratio2
14,9,0.0,0.009506714244109605,0,0,1.1120876110173659,0.41590191946283506,0.3534552789561838,1.174534251524017,0.3181364556330872,0.4063481897285153,0.3006470577721802,0.42383758758942225,4,1118.2839033671148,0.931903252805929,A2_ratio2
15,1,0.5211928007250647,0.1317985517120281,1,1,1.4441414798659418,0.874465637136733,0.8113565990149967,1.6192403934501836,0.21507697169479773,0.27228360597515444,0.14904394122533154,0.2966665996827436,13,1177.013195039184,0.98084432919932,A2_ratio2
15,2,0.6727265394884532,0.14567789005932108,1,1,1.552631829992448,0.8931961633135461,0.845918942260881,1.2474354848014695,0.23372650315320068,0.28338265855041334,0.21769207974180765,0.2939393232696247,12,1169.404748052514,0.9745039567104282,A2_ratio2
15,4,0.6627295458398749,0.23757796717465443,1,1,1.0608591465589103,0.6964884855164075,0.6853788575269586,1.4395846540236619,0.26898674762842295,0.3325696999018932,0.1305008796458236,0.36250397806595014,9,1116.493725097024,0.9304114375808533,A2_ratio2
15,6,0.0,0.015926393205752905,0,0,1.1088958864090457,0.6860510717494046,0.645520853279855,1.1018842231103334,0.27703367757225117,0.33497494225143687,0.27534635191954926,0.3519797326196334,8,1160.9738470283066,0.9674782058569222,A2_ratio2
16,2,0.46472645567142473,0.14593965504658715,1,1,1.3998724295547091,1.3676847773210223,0.7431853742962966,1.773528055783498,0.21736975877199805,0.18476720141794584,0.13484816235338762,0.3217878973316721,12,1176.4211209030539,0.9803509340858783,A2_ratio2
16,3,0.492453756903536,0.16918479465204705,1,1,1.309843042827869,1.25230261732303,0.7246269273713879,1.6984932686683964,0.22766981098493472,0.20129634449470582,0.1344483772541149,0.3369053372343357,11,1167.5119783048312,0.9729266485873593,A2_ratio2
16,4,0.5236966240104155,0.19011298040901106,1,1,1.2521583940058836,0.8732245372418679,0.6601663643271537,1.6731636460650088,0.24118977961785076,0.27111444181046696,0.14761487318100552,0.3493141920237945,10,1152.713314201551,0.9605944285012924,A2_ratio2
16,5,0.6319176983249103,0.21130939495164106,1,1,1.3162423448396454,0.8407991793002834,0.6646591059787845,1.3175645732952435,0.2611683477859436,0.29927039779524195,0.20914554654465858,0.3538334189907092,9,1148.1448587837388,0.9567873823197823,A2_ratio2
16,6,0.6429487446693712,0.25605541317461933,1,1,1.211160702602056,0.7894942929314582,0.6403133760469712,1.0514234030617402,0.27304038789972745,0.3138693088900564,0.21619585636094385,0.35638554832107494,8,1109.0785415871542,0.9242321179892952,A2_ratio2
16,7,0.6281885033001056,0.3012484988742056,1,1,1.2301977205123789,0.6668087522975954,0.597450654472063,0.902713142498056,0.290031425346487,0.339534367934487,0.23455243747067858,0.3838180470459731,7,1059.8462181247498,0.8832051817706249,A2_ratio2
16,8,0.6636282614251128,0.36611117745747607,1,1,0.9403922477123515,0.595087274439074,0.5519156324560505,0.6963551035621912,0.3070975471448542,0.36291110867518483,0.2604837777930178,0.3912816270810593,6,984.6674038753888,0.8205561698961573,A2_ratio2
16,9,0.7935217812834885,0.5457433507757437,1,1,0.8350172328408556,0.5518478955994243,0.43219086944861046,1.4241656222502028,0.30688712090776304,0.3131574511996303,0.16190070960735267,0.4434973018886724,5,971.7264485849704,0.8097720404874753,A2_ratio2
17,2,0.4550193784549341,0.13773229365227002,1,1,1.5765252884567211,1.1438632458852156,0.7818702074587275,2.2729731124812407,0.21368220368379895,0.22154784117654036,0.09415622253901465,0.31419244342803976,12,1180.2272562235091,0.983522713519591,A2_ratio2
17,3,0.5212592751243039,0.15660118832621345,1,1,1.684483427819812,0.9196152127882662,0.6940386265423151,1.807272200219252,0.22512966653488012,0.2664076073674911,0.13188290861701055,0.3388190460757214,11,1175.0925128190825,0.9792437606825687,A2_ratio2
17,4,0.6949756268225711,0.220796144957024,1,1,1.120116755479567,1.0577214560262707,0.7992674314399768,1.2843153920226513,0.24677292282323707,0.23245632466621666,0.18457179993358416,0.30744620715698806,10,1157.8113751560172,0.9648428126300144,A2_ratio2
17,5,0.0,0.02623645024216315,0,0,1.1221855329740948,0.7899336492846262,0.6484252892370593,1.270398681433452,0.2622819195754882,0.2828523652331776,0.1986668570394316,0.3752751564665444,9,1151.2223543264058,0.9593519619386716,A2_ratio2
17,7,0.6251303655433567,0.27829099406607055,1,1,0.9806231108163019,0.8090822222515521,0.6460281361541146,1.2161472796531094,0.27398179988867255,0.2918139786931388,0.16734383646047923,0.36361951776401896,8,1084.241871449073,0.9035348928742275,A2_ratio2
17,8,0.634304474626733,0.3337533443493438,1,1,0.8883160005593812,0.6864691833040408,0.5773606621105346,1.1825261837949763,0.28844422003440423,0.3482511571276364,0.16636376575712575,0.38615156401811185,7,1039.9846403741421,0.8666538669784518,A2_ratio2
17,9,0.34691855616390554,0.2837557801272286,1,1,1.1256916612167507,0.6166999802303992,0.5065797030943051,0.8014754767884864,0.3011920905780971,0.37896878884773244,0.2409424728040397,0.3996195841678241,6,1004.5893798565357,0.8371578165471131,A2_ratio2
17,10,0.7260374546962395,0.46834082752509343,1,1,1.2947781777024303,0.46740122759615443,0.46387890223811273,0.6825363839416776,0.3169076870411504,0.4236380628809782,0.25801820374151235,0.4336189545110853,5,980.9445380835571,0.8174537817362976,A2_ratio2
18,5,0.45556931106277393,0.20780465379741342,1,1,1.5141047991507561,0.9201417702398992,0.5823469140567538,2.090494154924518,0.24040909204772667,0.26003697807296705,0.09871807954339287,0.38714568120476467,9,1154.0631713038847,0.9617193094199039,A2_ratio2
18,6,0.7462555317493615,0.2604194149931285,1,1,1.3523547468846746,0.805352350994603,0.5722694790075407,1.4398973663951167,0.2631503076521627,0.3068932152095479,0.16717743956355244,0.3885982829944659,8,1158.8285993884322,0.9656904994903601,A2_ratio2
18,7,0.6990991687854979,0.3053861668207232,1,1,1.2663763125815113,0.7813757578201358,0.5601269767058819,1.0855383165017531,0.28731564326773784,0.3104842009109085,0.20936481625684028,0.41378557549211176,7,1103.8472100162983,0.9198726750135819,A2_ratio2
18,8,0.814825059474426,0.47534680882831837,1,1,1.0150676150091165,0.6594410277074534,0.460293788227241,1.4958888352845177,0.2939823597101821,0.3201809872517427,0.15419150516005764,0.436722716001696,6,1041.7226760696003,0.8681022300580002,A2_ratio2
18,9,0.7419171886259737,0.47148225580934827,1,1,1.3165045022410613,0.4815434967311007,0.4446022098042514,0.7211276459534607,0.31494679221922534,0.4271297218002621,0.2495765938510205,0.4332201803304316,5,986.0289247886354,0.8216907706571962,A2_ratio2
19,1,0.2850237368992643,0.11491494168599134,1,1,1.7368754400441058,1.283285875853143,0.8604612741393509,2.4204485746583324,0.1950351939620294,0.18297093413331958,0.08167088488191919,0.2719310680981338,13,1165.0462424670832,0.9708718687225694,A2_ratio2
19,2,0.3940422114892442,0.13282853383758533,1,1,1.935986787510448,1.4301565492380401,0.7758676719432034,2.375913578457384,0.2012848804916961,0.17815529562600158,0.08431032225388849,0.31674928106390887,12,1178.6253778831026,0.9821878149025856,A2_ratio2
19,3,0.4689200158618815,0.16532368913973716,1,1,1.3592036121522766,1.2416416299752346,0.8690947273970471,1.8459298354969518,0.22663664526609562,0.20633611594439316,0.1345729711602751,0.3076713793886794,11,1168.908274890042,0.9740902290750351,A2_ratio2
19,4,0.5883663558536671,0.18063967346094842,1,1,1.3586427022294363,1.1921477799078541,0.7199895470266743,1.4066478614222564,0.23284546604104212,0.20884232642638298,0.1766529589321238,0.31098644128439035,10,1161.7837242231337,0.9681531035192781,A2_ratio2
19,6,0.4725576687977679,0.19521785725098575,1,1,1.2721545001877395,0.9206895406411653,0.7061716936612605,1.2565884179112745,0.25391387564535883,0.2775223087030403,0.1833671556669869,0.36070794048371047,9,1124.2631338798392,0.936885944899866,A2_ratio2
19,7,0.45387589091201197,0.22917771812927487,1,1,1.2430922821919648,0.8438832191871765,0.6186438565570624,1.1833897723092957,0.26089674580882366,0.2767414217437199,0.18431182861034184,0.3655641385493426,8,1103.3402710081873,0.9194502258401561,A2_ratio2
19,8,0.6268496462003121,0.3034038512465114,1,1,1.4253905538721394,0.7963972126427825,0.5135565937367756,1.0711970408786498,0.27597203954316557,0.287007725295919,0.2089473267854236,0.39753291463284096,7,1098.891763671119,0.9157431363925991,A2_ratio2
19,9,0.7083294542552834,0.43795110928159936,1,1,1.016077638453915,0.7554960758263836,0.48396629247100975,1.0563430469847426,0.2980222330354525,0.29205596193075334,0.2122730815170774,0.4319699500066436,6,1039.1214397603958,0.8659345331336632,A2_ratio2
19,10,0.804703551163838,0.5051085384429335,1,1,1.535750988508895,0.4559629582138743,0.43557317974338566,0.75247182212031,0.30257143135214426,0.4109733727735792,0.24464379578260706,0.4181432021969257,5,1016.5321787094393,0.8471101489245327,A2_ratio2
20,2,0.25892087814701825,0.13378968373026728,1,1,2.0337905160033976,1.3274508328777255,0.7216020678326469,2.053667954639072,0.21176322873442763,0.19729505331167477,0.10559350754145572,0.3434797649500762,12,1177.0786273760586,0.9808988561467156,A2_ratio2
20,3,0.4023752513336266,0.1679044817727211,1,1,1.4711321885722588,1.2989846681835409,0.6331329466441912,1.7414425669530593,0.22019442636388556,0.17967629758431652,0.13756826964822486,0.3588822074961905,11,1155.5966214941134,0.9629971845784279,A2_ratio2
20,4,0.3582311547304256,0.1717034062434803,1,1,1.8050462832180556,0.9500602730568533,0.6607471267165946,1.7710039374191744,0.23352516973109072,0.27310017280852944,0.13829028786573477,0.33994115448361917,10,1143.4040616075208,0.9528367180062673,A2_ratio2
20,5,0.6645148892614909,0.24186995828505456,1,1,1.1589782988636648,0.9031275429039085,0.597099489926442,1.4755650346697535,0.25298005059265927,0.26457949159072786,0.17099992948799733,0.3815479797377297,9,1148.3544344961683,0.9569620287468069,A2_ratio2
20,6,0.6135337501363233,0.2431954859374139,1,1,1.5295586214715475,0.817796924211472,0.6066070229119048,1.1289289118989163,0.2667080177465185,0.30458904427334915,0.19952737002010243,0.3750839144509953,8,1108.8872611280729,0.9240727176067274,A2_ratio2
20,7,0.652235793299375,0.28922886441739504,1,1,1.8608373373117832,0.6302632034991679,0.5920202235858822,0.8748762350653599,0.28489030579928476,0.34386651579199656,0.2549450052462425,0.37346924105313306,7,1055.560319664332,0.8796335997202767,A2_ratio2
20,9,0.009424998862194455,0.19950179082693725,0,0,1.0196318672265807,0.8132406843010851,0.2769194443451182,1.5559531071825476,0.26730785790961736,0.29270518997228373,0.13745012903105627,0.42256291885084485,4,1093.3638444380902,0.9111365370317418,A2_ratio2
21,4,0.7004243857239998,0.21371854030448287,1,1,1.350399125733386,0.9478107518179019,0.643848409192145,1.8117522935579797,0.2398374317808309,0.2661380887740888,0.1343666856150655,0.35792204414108586,10,1179.9346688371936,0.9832788906976614,A2_ratio2
21,6,0.7594724676616283,0.28403765330220926,1,1,1.1090625400400416,1.1505176404008284,0.5777424385142095,1.2837691898528731,0.25171352393477164,0.21761589613526672,0.18101379147856456,0.36985354559849104,9,1153.8872624528499,0.9615727187107083,A2_ratio2
21,7,0.5696385039236752,0.23762012207683994,1,1,1.338014675794314,0.6803313168265321,0.635152592165986,1.154988082542109,0.2784404728214296,0.3631696780719187,0.20470717380053455,0.37186799019776506,8,1104.8625001493783,0.9207187501244819,A2_ratio2
21,8,0.7169595704884464,0.3053121750634613,1,1,1.5025149252991283,0.6121146703825301,0.5998816161410392,0.8945224387744686,0.2855481588893661,0.3659238234125618,0.25109840730538574,0.3745942855129941,7,1086.4106869197615,0.9053422390998013,A2_ratio2
22,2,0.6224506283687943,0.15185066067047082,1,1,1.472691338895869,1.2508795977852107,0.712929269438872,1.973151633179512,0.22003020697766584,0.2189641104808137,0.1130639077539424,0.3278466400748647,12,1177.6148275372982,0.9813456896144152,A2_ratio2
22,3,0.4756718807292274,0.16038656533704504,1,1,1.409581336273464,0.9085033213465746,0.7297066341121652,1.6659003825160625,0.23008810455911446,0.2674388973495212,0.13001391635020634,0.3286856464753917,11,1156.5378603043166,0.9637815502535971,A2_ratio2
22,4,0.5334467377421924,0.20279265851978295,1,1,1.1778540508885178,0.8004442070731688,0.6846130663790306,1.706938553242301,0.2504351629605467,0.3164741466800202,0.12472488850343641,0.3505838677320093,10,1138.9722356040086,0.9491435296700071,A2_ratio2
22,6,0.7540548697050938,0.22438373761320987,1,1,1.331129521148621,0.7591869898255039,0.6879179349268378,0.9131923725236242,0.2606668863804237,0.31199334518001687,0.2960018065991783,0.33285565021532065,9,1134.5278431898148,0.9454398693248457,A2_ratio2
22,8,0.0,0.036385432467186146,0,0,0.9863147816720268,0.5380053751497536,0.5078252515568785,1.5021935517849077,0.301338396231352,0.3909969382651345,0.19321792857139616,0.410150460283368,6,1121.377072083362,0.9344808934028017,A2_ratio2
23,2,0.21740605880710107,0.1171991498287048,1,0,1.8076725771240543,0.9829012615772492,0.9012705417615615,2.260513059409013,0.20463926539536592,0.2409005783124649,0.08920146997748532,0.2803599108623596,13,1162.269323964349,0.9685577699702909,A2_ratio2
23,3,0.543428760418932,0.13681838857734172,1,1,1.569727795786647,0.951470256349652,0.8161137008081091,1.8725753508307077,0.21534439174733103,0.2627990734733934,0.11760297716355401,0.2985913959880805,12,1181.2548669725481,0.9843790558104568,A2_ratio2
23,6,0.5742131164396058,0.20847019046882226,1,1,1.408661760294151,0.8312153412149508,0.6817393833504423,1.6142065406543893,0.24919575571817715,0.29931859048805826,0.14836893069656049,0.3520863294367126,9,1156.2876382575798,0.9635730318813165,A2_ratio2
23,7,0.6870668618703963,0.29190197892495234,1,1,0.9778732920268108,0.845656122062113,0.6050272399494985,1.4125847607471131,0.27098477886272215,0.2792680418726716,0.1572844294301617,0.3867553468403415,8,1129.6617470948368,0.9413847892456974,A2_ratio2
23,8,0.6810552369218721,0.30379038951620063,1,1,1.1840420493392307,0.7116123627424581,0.5901004396851304,0.9596172768746013,0.29435109069971327,0.3350051189133283,0.23969666766987205,0.3905717897133071,7,1077.6195622112857,0.8980163018427381,A2_ratio2
23,9,0.692296004100817,0.4295548766850683,1,1,0.9005357756383495,0.6585143274396439,0.47301736174488035,1.2929420584402034,0.29886852690470117,0.31020560846799405,0.18011273052527088,0.4210536585656327,6,1000.078523587872,0.83339876965656,A2_ratio2
23,10,0.0,0.0825079330111728,0,0,0.9031195219303154,0.4505772510478395,0.3906688717345934,1.6337411898708245,0.29505920445435285,0.3995393245401572,0.12941687860569237,0.43169821088874416,5,1078.6252440340165,0.8988543700283471,A2_ratio2
24,2,0.40372858362611963,0.14874043364765016,1,1,1.4105673507799745,1.1827361276952388,0.719377623841895,1.9995093112490891,0.21762043032398629,0.2240014148658268,0.10628841331520175,0.3319961392016685,12,1171.4783397583446,0.9762319497986205,A2_ratio2
24,3,0.5600250740952558,0.162616108193683,1,1,1.4702989287545216,0.8355949775901258,0.738734497542497,1.8594219692760725,0.23610150281125744,0.3030147415990512,0.14222278409851213,0.33323408534317467,11,1173.4829230797443,0.9779024358997869,A2_ratio2
24,4,0.6618521882345578,0.1820979485871153,1,1,1.4407154397601414,0.7595189634544952,0.7327898842883284,1.338035977305389,0.24358833516094353,0.3084398427349651,0.1790354457053635,0.3238853544713192,10,1156.9560547411313,0.9641300456176094,A2_ratio2
24,5,0.7121179619751385,0.22293120024225935,1,1,1.2280402618816328,0.7386346420958843,0.7065376555875093,0.8973788070808719,0.25997969055803893,0.31832663728391425,0.25544344932654045,0.33643426349601496,9,1133.220454771306,0.9443503789760884,A2_ratio2
24,6,0.0,0.0004884274883833258,0,0,1.555421419276612,0.7228655656703428,0.6984186727167406,0.7677503980246903,0.283528746824516,0.32231872653139804,0.3028093042243707,0.33877129819440077,8,1187.3954879816672,0.9894962399847227,A2_ratio2
24,8,0.6571637615918259,0.43747550431769006,1,1,1.2972234369230304,0.46122954024537993,0.45062576513589225,0.6384663514504655,0.3152798909092073,0.42528925819483915,0.26098910782102785,0.4317848964972015,5,964.533998177871,0.8037783318148926,A2_ratio2
24,9,0.0,0.003924550991037288,0,0,1.2220663758298245,0.38232610133095113,0.37625935579883457,1.228133121361941,0.32377482791521806,0.42097529021722024,0.3167310433962569,0.4280190747361814,4,1117.2270602751855,0.9310225502293212,A2_ratio2
25,4,0.5539140412394092,0.15915838889482742,1,1,1.8289865431880228,0.9496863870857999,0.695885930827248,1.9313253008420666,0.2253121353580028,0.262066193739614,0.11981740298288175,0.3421789674115078,11,1173.1704279746866,0.9776420233122388,A2_ratio2
25,5,0.5635718748586426,0.1848423467846922,1,1,1.4287661754574945,0.8043053508483357,0.7268220221506452,1.5479833207181293,0.2441896620854375,0.29535407640897643,0.15918702608795604,0.34432183839640645,10,1155.331591880098,0.9627763265667483,A2_ratio2
25,6,0.7421152535817093,0.22162224597500796,1,1,1.3265993013299466,0.7903641691616496,0.6864678977899947,1.0512464233789673,0.26151669747697426,0.3183421038743848,0.22308621834889422,0.36065159962814264,9,1143.2588477836302,0.9527157064863585,A2_ratio2
25,8,0.6962969622448103,0.37294369880107897,1,1,1.4920187132682348,0.5914693023491912,0.5088786707084088,0.8723491296511005,0.29787310528781274,0.3752523853657711,0.23465749884556325,0.41084358084860606,6,1034.9914706592988,0.8624928922160823,A2_ratio2
25,9,0.7251888659784456,0.45752697733560305,1,1,1.165082213542685,0.6448409832240513,0.39629426400694423,0.6747892931259899,0.3079474370677294,0.35716622376524076,0.2655410438977837,0.43539757128318607,5,954.0540426948213,0.7950450355790177,A2_ratio2
27,1,0.4153799718695689,0.1347077132810056,1,1,1.6707711121969537,0.8472821065642003,0.7725239848334379,2.140989306731317,0.2064413234840541,0.2758520396360738,0.09737456992410724,0.30852601788097755,13,1174.643734549066,0.9788697787908883,A2_ratio2
27,2,0.6211482845206864,0.16750482327355115,1,1,1.4303737562368024,0.958649210678397,0.7467107610821415,1.8110647136764662,0.22119372597910147,0.2585281681211977,0.12656427191169473,0.3248198283368598,12,1168.1909937251296,0.9734924947709414,A2_ratio2
27,3,0.5147819382721213,0.15234943008662793,1,1,1.692272443048405,0.7854280584476017,0.7786556559811901,1.5223318333080247,0.23287463762005958,0.29169408841954203,0.16082468633008035,0.31227150035367374,11,1151.5415110473518,0.9596179258727932,A2_ratio2
27,4,0.6500432938330778,0.1775887158012979,1,1,1.576662034910672,0.7783192641126281,0.7701085100152322,1.0603373642043497,0.2526480710640947,0.3071723675336565,0.23751051913711368,0.3270182640227026,10,1151.5562654483588,0.9596302212069656,A2_ratio2
27,6,0.5756825814483963,0.22521067649754886,1,1,1.0702925201087208,0.7360612102543839,0.7065307352463874,1.1145075693087092,0.2726431410389718,0.34214602128147664,0.15335605979242561,0.34878328254099433,9,1068.7671388796311,0.8906392823996926,A2_ratio2
28,4,0.8940153790152554,0.17776023041377578,1,1,1.2565252622807985,0.9528860519008255,0.6213006462871198,1.7968625089118555,0.2374649369785125,0.23822601223027895,0.13653613535708786,0.36517804317622926,10,1172.7369808289411,0.977280817357451,A2_ratio2
28,6,0.17031283799898328,0.16625455092230373,1,1,1.1227160365254283,0.9541215877548592,0.6251695404639974,1.602579189916322,0.25957742026749586,0.2586991279000376,0.145750300180879,0.3695015247347027,9,1158.4157015942453,0.9653464179952045,A2_ratio2
28,7,0.36337346875061893,0.20598657372088391,1,1,0.9507926750069342,0.7643735154814456,0.5995273358224554,1.148539097144294,0.27991200460466514,0.3077906657321807,0.22694367863581716,0.37140168872806134,8,1139.7650131099729,0.949804177591644,A2_ratio2
28,8,0.5556088773710322,0.260229512744597,1,1,0.8404313364820446,0.6141580591912316,0.5985108576034543,0.9582412250736525,0.3046904681407946,0.36227377918798515,0.2615604465471536,0.37764126463213904,7,1136.545347243053,0.9471211227025441,A2_ratio2
28,9,0.7778542447116501,0.3474489106042549,1,1,0.7012914573561712,0.5995483854398083,0.5779850230320316,0.8338370019717098,0.3389614841734236,0.36963558475166836,0.3092285759354524,0.3965292014611155,6,1060.4111453132894,0.8836759544277412,A2_ratio2
28,10,0.7156562079413393,0.3845686244247811,1,1,0.6067669003190774,0.549697836255935,0.5239767242168661,0.5881891963313293,0.3656384922531911,0.40658295568338315,0.3885648714443793,0.4108178527122175,5,1032.8517907228697,0.8607098256023914,A2_ratio2
29,2,0.8371161852357649,0.09607295903913439,1,1,1.6289734094292256,0.9539908017666199,0.8597808466855988,2.27186331214259,0.19520922613692798,0.26622290739274795,0.08471630389130178,0.30132998327731836,15,1183.6558526704152,0.986379877225346,A2_ratio2
29,3,0.8835429610834906,0.11671549863347395,1,1,1.455939364229977,0.9648379065043318,0.8318372383092197,2.0935968668064273,0.2061134822780584,0.2531732792405847,0.10006726753881527,0.29746668574463603,14,1182.7347907352869,0.985612325612739,A2_ratio2
29,4,0.6124459383159664,0.11305871214585053,1,1,1.3702174517910994,0.9154936470218543,0.8390103830999573,1.802979004182864,0.21866320459990413,0.26742136693556184,0.12980679349816532,0.2982227384384787,13,1179.0626778046208,0.9825522315038506,A2_ratio2
29,5,0.591753305259473,0.13095057435960236,1,1,1.2092190558931415,0.8676072355069868,0.8335150962143275,1.505390752984895,0.23216032653326865,0.28127152415026996,0.1474538658258595,0.3055608896399119,12,1165.7966924314107,0.9714972436928423,A2_ratio2
29,6,0.7684821694135058,0.1449754491548659,1,1,1.1027541528459854,0.8550130367116728,0.8136225650660581,1.1765353321879781,0.24539197085554124,0.28761434291515814,0.1993217149481526,0.30445475642424025,11,1161.5083514611852,0.9679236262176543,A2_ratio2
29,8,0.6179192036833021,0.21192880652410764,1,1,0.8853843700715367,0.7301165712661222,0.6729894388688906,0.864647932616875,0.29182640289920336,0.33655014889173107,0.29255965149028745,0.3406092901964584,8,1142.0169377192067,0.9516807814326722,A2_ratio2
29,9,0.7456779285545021,0.26219613651194446,1,1,0.7605914551923376,0.6782582147353688,0.6603117733217738,0.7028026681315167,0.3140996340566942,0.3447265557393845,0.32977765990173397,0.34904660694418377,7,1096.1374075210902,0.9134478396009085,A2_ratio2
30,2,0.9480547323256705,0.10823090156054369,1,1,1.5202532244099305,0.9550293939695065,0.8990409710381412,2.1338622041939246,0.1984785203408709,0.24446317700363626,0.10683747210123366,0.27336821102212683,15,1188.9566959654574,0.9907972466378812,A2_ratio2
30,3,0.3696534111756212,0.09856277067447317,1,1,1.368425904042548,0.9642575865072622,0.9220686822676065,1.6446700648996548,0.21486908427850945,0.2601645094745485,0.14571484557527917,0.2815091577537565,14,1173.7812184541804,0.9781510153784836,A2_ratio2
30,5,0.2357579325827147,0.1335627288543238,1,1,1.1703046112748878,0.8131952779726755,0.8038497228979328,1.2499317575823428,0.24382471276232226,0.29146599783249744,0.21243172099915797,0.3030809576312704,11,1167.4297496868633,0.9728581247390528,A2_ratio2
30,6,0.7707647004250435,0.1665226752675681,1,1,1.01501711532067,0.8193286507783443,0.7924803727367367,0.8499562900769754,0.26167348159344866,0.29784140569827583,0.2762033441258209,0.3141829455472447,10,1159.6365304308458,0.9663637753590382,A2_ratio2
30,7,0.7766917053592075,0.18954530526993088,1,1,0.8923395344882543,0.8132148804039447,0.776681954001285,0.836868427678616,0.282734212630741,0.306185787052973,0.2974706677498326,0.31368813566119924,9,1137.8478648361026,0.9482065540300856,A2_ratio2
31,1,0.8155937935606451,0.09020069287173353,1,1,1.6364882702012935,1.0074937155269637,0.9466111809774116,2.2468448297691936,0.19362572395337163,0.24509256007611718,0.09648006374055859,0.2674063568044509,16,1179.2468459585132,0.9827057049654276,A2_ratio2
31,2,0.15172933750363776,0.09610501456267125,0,0,1.499490285343033,0.9718839917973023,0.9004279041272469,1.9275448957780426,0.20142139613573778,0.2510603388481058,0.11602525811092866,0.2723817023283728,15,1182.687505466262,0.9855729212218851,A2_ratio2
31,3,0.8234538148409916,0.10675948398361705,1,1,1.3908924231265325,0.9668819242602049,0.909445609347877,1.5427712287699875,0.21225347615634169,0.25975959754303607,0.15879003615225995,0.26909511928643676,14,1179.7592856250199,0.9831327380208499,A2_ratio2
31,4,0.8615668593713005,0.12051540620119172,1,1,1.222989909142642,0.9448046394073047,0.897690611397798,1.0212267622671478,0.22548124207536227,0.25581501583285654,0.2367059124967128,0.26624526446056385,13,1176.8940687457732,0.9807450572881443,A2_ratio2
31,6,0.7099438776980189,0.16027776977264205,1,1,0.9917661669077308,0.8337917960314136,0.8051597766256418,0.8427306980348689,0.2610404167362072,0.30031281088448447,0.27820353548839055,0.3083630022465369,10,1156.9286524747922,0.9641072103956602,A2_ratio2
31,7,0.6598848111703807,0.17865544177666753,1,1,0.8788745046034182,0.7941917306814468,0.7900271480267996,0.8187326933976409,0.27913482071631646,0.29638920085645887,0.2885638072462106,0.2988149812245884,9,1136.0032754871052,0.9466693962392543,A2_ratio2
32,1,0.6421135191214691,0.1086873661267312,1,1,1.6052218958503879,1.4421753100646661,0.7830510756895149,2.3302144386636776,0.19897738989708807,0.17703398143182864,0.08552795258727484,0.32260096584088827,14,1184.6850076673506,0.9872375063894588,A2_ratio2
32,2,0.07001813594523973,0.10970156950050937,1,0,1.4391790009360839,1.399721321637161,0.737667783350552,2.1003459184781734,0.20891260916580728,0.1731387818950584,0.10450836291300376,0.31847450976812725,13,1165.598185348642,0.9713318211238683,A2_ratio2
32,3,0.8076257360484589,0.1326927089057248,1,1,1.3521687580132429,1.08212247541781,0.7562033995305413,1.9094236851745046,0.223009111549201,0.23683577962625557,0.1234899635105822,0.32679957097969564,12,1172.1690086896026,0.9768075072413355,A2_ratio2
32,4,0.14780307858413522,0.1340905553896932,1,1,1.2374571705139967,0.8311314815869864,0.727148288558049,1.6011045348017394,0.2337188054641071,0.2889926435421502,0.15404868506732433,0.32327538355136676,11,1164.420086433108,0.97035007202759,A2_ratio2
32,5,0.6996013651303431,0.1601566270643685,1,1,1.121587248553451,0.7645612211437798,0.7226174912723394,1.4147136284899775,0.25128974228084733,0.31743040360816077,0.17586508179339852,0.33104909921939074,10,1168.932449316757,0.9741103744306308,A2_ratio2
32,6,0.5157014308875352,0.18155629079527802,1,1,0.9801062843353043,0.722338281405668,0.7047735019512531,1.3289549881889244,0.2720084410874384,0.3160757286969393,0.17865017100419983,0.338221100307411,9,1142.1303716287002,0.9517753096905835,A2_ratio2
32,7,0.3650487216018473,0.1948394297298495,1,1,0.8506696157530682,0.6831128320519947,0.6641010733176012,0.8883907535079248,0.28779533032746496,0.3304864618914463,0.2789588947310175,0.3368554184420867,8,1123.6508762732758,0.9363757302277298,A2_ratio2
32,8,0.6857742649948018,0.25619814434186533,1,1,0.7749166140994406,0.664120634828945,0.6565394859001319,0.7047656381590353,0.31164915566692475,0.3428365221137237,0.32663356441086244,0.3533335811154503,7,1112.9367141149346,0.9274472617624455,A2_ratio2
32,9,0.5459210763533567,0.27442505199375405,1,1,0.6504234292523666,0.6379559824425485,0.6201410937483169,0.6678389185010264,0.341933803782055,0.3579760652223517,0.34625679222674544,0.37499815452699015,6,969.9246877587088,0.8082705731322574,A2_ratio2
33,4,0.40670466328117627,0.18030134588623242,1,1,1.1815921211172613,0.6693195656017594,0.6616821479307728,1.456696304278836,0.26461476132888007,0.33059825198492937,0.17243384163594866,0.3621049397094174,9,1172.1697662407648,0.9768081385339706,A2_ratio2
33,5,0.84061631445783,0.22610441505509327,1,1,1.0068250374532282,0.647491098479485,0.6384178812132495,1.0674561095450967,0.2751709738363887,0.3415564473810365,0.2351916052095202,0.3477862864643785,8,1170.583072668819,0.9754858938906826,A2_ratio2
33,6,0.6234524763726459,0.24314642688164867,1,1,0.8118697641058619,0.6607290641344937,0.6312145035537514,0.8260907689812691,0.30732258224405884,0.35172857220890386,0.29508726005855845,0.363252323592992,7,1123.4341854337974,0.9361951545281645,A2_ratio2
33,7,0.667765076623118,0.3014617603574788,1,1,0.6656239408969307,0.6129051491279918,0.6007858369960548,0.635294010141727,0.3370770367196964,0.3672029053010643,0.36218847005854193,0.372552885361597,6,1054.103851780852,0.8784198764840433,A2_ratio2
34,3,0.7978557156127184,0.127987233709262,1,1,1.3801935676765147,1.2024715529510503,0.7107568118747524,1.8962718694281173,0.21889023671690222,0.20486512172468446,0.11921825198151223,0.33888920812206247,12,1177.3770060088177,0.981147505007348,A2_ratio2
34,4,0.07583058613643112,0.13159678186029639,1,0,1.3216617702569917,1.1477975582073185,0.7033571223948412,1.705037761178745,0.2322577470045803,0.2107258795324531,0.1514897180234589,0.33603487071466603,11,1168.7311576228458,0.9739426313523715,A2_ratio2
34,6,0.7054097002630042,0.16833253731864478,1,1,1.127024004554096,0.92832637706214,0.6878160024683772,1.3403088818111584,0.2530017165951174,0.2750861679991753,0.1965005848940266,0.3460118872443905,10,1162.402010451561,0.9686683420429675,A2_ratio2
34,7,0.47956545053818944,0.1815951351950295,1,1,0.9847849781660413,0.7188371655230217,0.6676534981759915,1.1276280916046526,0.27110873893529575,0.33831630990238476,0.21290297220404403,0.3453968848767662,9,1146.392370083727,0.9553269750697725,A2_ratio2
34,8,0.44520037929531686,0.1994441169044353,1,1,0.869656034677349,0.6706327672753278,0.6671862627645403,1.1032299343097112,0.29270140690246116,0.34476778079669396,0.2254080976840468,0.3550858144104317,8,1115.4616727528821,0.929551393960735,A2_ratio2
34,9,0.7607895942074018,0.27456208418886313,1,1,0.7838238912025829,0.6609447106835634,0.6440926683365329,0.8918415197743506,0.31729856681289725,0.35484327622480766,0.2853877815727543,0.3762312493934059,7,1072.2604155040317,0.8935503462533597,A2_ratio2
34,10,0.6819040976212706,0.29527981221502747,1,1,0.6869408184175126,0.6134578410949881,0.6033346430226109,0.6223190578049684,0.3363004140049954,0.37001953093100526,0.36488878738763547,0.37535611089219106,6,1083.3654177115975,0.9028045147596646,A2_ratio2
1,2,0.8353331400937385,0.4365675585613919,1,1,1.111386136352251,0.8388906031729488,0.4622307627831524,1.1043272280130942,0.2815215618616785,0.29492475865012646,0.17163930949281234,0.418815010343717,6,1103.2985527144872,0.919415460595406,A2_ratio4
1,3,0.8203619479362912,0.5154208779755421,1,1,1.7780683351774809,0.4818071864137451,0.4171980954161821,0.7388633143972316,0.3069868977433262,0.4199594345912242,0.23536736821034238,0.4260286877114563,5,1032.800840415156,0.86066736701263,A2_ratio4
1,4,0.7523321634781353,0.518983275136481,1,1,0.9485404159224493,0.7921462219893445,0.29646088598084575,1.444225751930948,0.28485433232402757,0.28769211374576087,0.126318629802721,0.4462278162670675,4,1084.1763616468033,0.9034803013723361,A2_ratio4
2,1,0.7567198212269516,0.18637519781922526,1,1,1.3882676775631455,0.9758734583153328,0.6620511629090295,1.8189116633908753,0.2314191835771103,0.24649580772360197,0.12186421354251249,0.3506554292530646,10,1162.6923251681546,0.9689102709734622,A2_ratio4
2,2,0.581842177166181,0.21517515033076062,1,1,1.28773786874849,0.8929576096463379,0.7386232202205226,1.425909243814514,0.25448802488393835,0.2676685838682893,0.17142841388731767,0.34457418258814976,9,1141.0654266767017,0.9508878555639181,A2_ratio4
2,3,0.7108372666378799,0.296978863969777,1,1,0.9971534611707504,0.8958803932828646,0.6412404775259799,1.3899847951566926,0.27480346016505813,0.26887664821216917,0.16058698502114954,0.3748889631607696,8,1117.0408374090698,0.9308673645075581,A2_ratio4
2,4,0.5641496201486426,0.2886234185533337,1,1,1.1646354755125508,0.6673698190790167,0.6213864775378773,0.9074898355554772,0.28954658207841305,0.3329521838761731,0.23335054087201051,0.3832987593902545,7,1050.3036675514468,0.8752530562928723,A2_ratio4
2,5,0.6685913245640034,0.36756691796691693,1,1,1.4005736119201506,0.5972271356602705,0.51417042953113,0.8346175262569907,0.2966121076255878,0.3653640207079856,0.2275701398891758,0.4082193656722013,6,1038.8100591756292,0.8656750493130244,A2_ratio4
2,6,0.7886063964023413,0.5545318295681233,1,1,0.829980713046757,0.5927155775994221,0.40672949026223326,1.3548305052915375,0.314667218157638,0.3008021781953902,0.20156004393258964,0.45572714664810793,5,976.8643655192026,0.8140536379326688,A2_ratio4
2,7,0.8034442005146852,0.5692868100877237,1,1,0.7380058108980776,0.6290309375276304,0.38124489616495444,0.9857918522607536,0.3270911184758727,0.3496042222981621,0.28694053845532896,0.3897548023187059,4,917.3184536113819,0.7644320446761516,A2_ratio4
3,1,0.3932015255196254,0.15195539485340123,1,1,1.4503636960315047,1.0279831927600056,0.7087065411053337,1.6910249702919038,0.2319927871269859,0.2553298229545134,0.14969849433217364,0.3298837123492072,11,1154.2184890203955,0.9618487408503296,A2_ratio4
3,2,0.51615161756122,0.1748379819983316,1,1,1.3825364000450144,0.8757439243097844,0.69930958124795,1.4214896716563534,0.23738037163097808,0.273762981576813,0.16005834102860317,0.33760333514271323,10,1149.462714710253,0.9578855955918776,A2_ratio4
3,3,0.7014847704022522,0.2465614656461898,1,1,1.3150860194767855,0.7050531519350453,0.6470056765024875,1.6125281905753446,0.2509929047315665,0.32974582042317013,0.10310708785112788,0.3632597303312957,9,1127.4532169058152,0.9395443474215127,A2_ratio4
3,4,0.6790519564925492,0.2753735262314622,1,1,1.1107879896631139,0.8027842407296009,0.6332421699442362,1.062774222502356,0.2767498847545323,0.3103214660585967,0.21609783428310889,0.3744692805092884,8,1100.337368414371,0.9169478070119759,A2_ratio4
3,7,0.8341257692416642,0.551962403456753,1,1,0.7539204509365489,0.6261455831998748,0.44335582394771395,0.6525429605039665,0.3382065951644949,0.3723447411594866,0.2926337380126571,0.4409455426689409,5,992.6896811092106,0.8272414009243422,A2_ratio4
3,8,0.7771734166908992,0.601625304873608,1,1,1.0548055619378156,0.4362247626887034,0.355906005670847,1.135124318955672,0.31426486110015067,0.37679145204226683,0.24756717643396844,0.443489136708449,4,950.8716435280393,0.7923930362733661,A2_ratio4
4,2,0.5024387508246666,0.15506796741064932,1,1,1.405903842876893,1.1663401338143005,0.7360461663687536,1.649157975055297,0.2275935898277705,0.21567754019929158,0.14270987249762807,0.334760480438384,11,1164.2979196989072,0.970248266415756,A2_ratio4
4,3,0.603425638435525,0.2305599179188768,1,1,1.3235876586511608,1.1567345765748471,0.8093765036357009,1.5151522573165663,0.23318679797762462,0.20758045450233667,0.12389342806505248,0.30689861023414977,10,1127.9413572614894,0.9399511310512412,A2_ratio4
4,4,0.6211254917374418,0.20826383833875775,1,1,1.4382313798663071,0.8617551795295652,0.6764078302459737,1.2818153905028231,0.25229058035355884,0.28151845928094527,0.196020689839871,0.36115978899154005,9,1146.987317557198,0.9558227646309982,A2_ratio4
4,5,0.49102239597430275,0.23991082291739596,1,1,1.0811130826632842,0.7612053921310107,0.6144222473153441,1.1315284738538118,0.27615336536429913,0.32487937329820216,0.214471546218983,0.3646464717461797,8,1089.574459281018,0.9079787160675151,A2_ratio4
4,6,0.6992679988330786,0.3589741905771708,1,1,0.8229163521688714,0.6878403280268782,0.59861488742967,1.009268631134467,0.3041948515652346,0.3564369924983821,0.20995086080789455,0.3839809887988638,7,1054.043479972393,0.8783695666436608,A2_ratio4
4,7,0.6324466929018459,0.41398913080003,1,1,0.925927208212459,0.71315600184039,0.5743959820646741,1.3487861534563816,0.3045176717821989,0.29769284665032747,0.17711524330670134,0.40149127447897504,6,1007.0342350524019,0.8391951958770015,A2_ratio4
4,8,0.7137291379843764,0.46157005788200395,1,1,0.9142740309600794,0.5035713826666692,0.471464013265027,0.6278619850599608,0.3207643240849628,0.3933964183826501,0.2635994934016911,0.4274248040849824,5,969.1216631151726,0.8076013859293105,A2_ratio4
4,9,0.9254444105961344,0.6399346541612749,1,1,0.7016687981215631,0.7335381747921168,0.3752340218889171,1.0599729510247629,0.31986440127977095,0.3080692410471958,0.23454452668288,0.39338911564408674,4,992.898754798016,0.8274156289983466,A2_ratio4
5,1,0.35813463624410924,0.1388903671939345,1,1,1.872290084056307,1.0600789965152182,0.7821420257303955,1.7676439560800077,0.21828327418956728,0.23979571830410812,0.12457090499655453,0.3120903011860813,12,1157.9801645483253,0.9649834704569378,A2_ratio4
5,2,0.3424602537785486,0.1532252104792879,1,1,1.3915612884391044,1.0853117978896243,0.698763063065853,1.7693049212826621,0.22443634791964193,0.2127378323025412,0.1240420762449132,0.32993568911740856,11,1139.950990207019,0.9499591585058492,A2_ratio4
5,3,0.6788112708975955,0.2299616392705526,1,1,1.298422432560603,1.0993030962717392,0.6597587702624464,1.7381506362622494,0.23885395749015742,0.22420335962657448,0.13760992708273267,0.3638729521961724,10,1142.5378330907713,0.9521148609089761,A2_ratio4
5,4,0.5050610282912308,0.19587984044092246,1,1,1.9865049425108705,0.7527327256406297,0.6884982281448021,1.1591073070560596,0.26074119325992656,0.29766675876903825,0.23809681231379515,0.3400836178523554,9,1109.5146326399113,0.9245955271999261,A2_ratio4
5,5,0.5846881349428048,0.2638397152351832,1,1,1.2869838043860957,0.7848317960011646,0.5969691684004835,1.4992983226557655,0.2641325927899212,0.30960375901432546,0.14299845518712218,0.3973141287599168,8,1056.9216225298785,0.8807680187748987,A2_ratio4
5,6,0.787664814633996,0.3262156009026419,1,1,1.431380502373247,0.6578000304970529,0.5795906564383524,1.1852291537518072,0.2843344441078653,0.35855862048678305,0.20307137101374031,0.39432036473522153,7,1126.7848747672551,0.9389873956393793,A2_ratio4
5,7,0.6721000303594906,0.36395282404071,1,1,1.3225354031008612,0.5871184767965103,0.5366602990462984,0.8100282108876409,0.30515759486041116,0.37631937773165425,0.23750864643898784,0.4047592043796243,6,1023.1312288178714,0.8526093573482262,A2_ratio4
5,8,0.7335095401908915,0.4766322666925567,1,1,0.8930154994099405,0.5482729415752114,0.4175371105181013,0.9017886121326792,0.30938476017515276,0.2994493632439522,0.2746428254232581,0.42562125891227387,5,922.6161056409126,0.7688467547007605,A2_ratio4
5,9,0.8718995530662093,0.5725723423774397,1,1,0.7487372651171664,0.7536704412393082,0.3241313530687309,1.1782763532877438,0.30916823628789697,0.3048710723105363,0.22742843624026318,0.38661087235817004,4,925.7819396971519,0.7714849497476266,A2_ratio4
6,3,0.548211707968917,0.18130827453529222,1,1,1.5452841859855289,1.1319139023661955,0.7007587361198894,1.9201283465624175,0.22457659241540143,0.2230768760015473,0.11934483473982954,0.3346536711107402,10,1156.7821036377177,0.9639850863647648,A2_ratio4
6,4,0.5713453430710244,0.23299569518543672,1,1,1.059673699889555,0.9767421211142137,0.7019984496553486,1.400526296661542,0.24794914613501268,0.23876253679213902,0.1772209244129083,0.32993514172682725,9,1140.5148726116618,0.9504290605097181,A2_ratio4
6,5,0.6426924810743245,0.2583788637597757,1,1,1.2585193331423332,0.9025827485362587,0.5988671794526048,1.2148516923567754,0.2618560085301349,0.27100046153090684,0.18352063537667215,0.3822865408278482,8,1129.4667508194682,0.9412222923495568,A2_ratio4
6,6,0.6214565871144399,0.29683471415815893,1,1,1.3591068366358992,0.8228071275862251,0.5554200352445005,1.0716746458240174,0.2823705817636804,0.28848621296141264,0.20794777343460685,0.40087802885069657,7,1079.4159500907776,0.8995132917423146,A2_ratio4
6,7,0.6771687553318084,0.3818266663314961,1,1,1.059458368918253,0.6308535205047767,0.56391524961626,0.8543309538667203,0.30549357693862444,0.3704723253952261,0.23367174914914782,0.3878656003478585,6,1039.794904191775,0.8664957534931458,A2_ratio4
6,8,0.7394728173106008,0.47484906603336763,1,1,1.1355351682069217,0.5283548849500711,0.49389009159280145,0.711518035072449,0.31354627801553836,0.4067374033853187,0.24983646580646676,0.40757759783225883,5,989.1630645123685,0.824302553760307,A2_ratio4
6,9,0.766745868532093,0.5665317394819143,1,1,0.6828186005502579,0.451388080671066,0.37656298034982044,0.7576437008715035,0.35732798092892937,0.40035110693847287,0.3236726001916882,0.43400648767571404,4,893.5492507231213,0.7446243756026011,A2_ratio4
7,4,0.5350778094569251,0.22881319813089568,1,1,1.1118992363404827,1.2328987270599365,0.6880832962339565,1.4557834495698978,0.245854957431634,0.1884826876404049,0.16651506377173603,0.33859319876536736,9,1144.5180793418056,0.9537650661181712,A2_ratio4
7,5,0.5609173941698655,0.2618343833311538,1,1,1.1905869418583355,0.840635770428239,0.7052750210301874,1.415965358796223,0.2671933120336491,0.296994971123432,0.1735774102893458,0.3487998519317056,8,1128.3898984979344,0.9403249154149453,A2_ratio4
7,6,0.7497949454748867,0.33236547460358057,1,1,1.2122609954311676,0.6989374642413768,0.5614847177646988,1.1394163721940571,0.28155067512972937,0.3316347497825632,0.1935677259556496,0.4025371273336409,7,1122.3026223543168,0.935252185295264,A2_ratio4
7,7,0.6521623408184872,0.360815388855872,1,1,1.2828138915251153,0.6411746854143265,0.5075151965602335,0.8755684440330501,0.3007701659995458,0.3632768054423632,0.22782301271519928,0.402287846299975,6,1029.8987034641782,0.8582489195534818,A2_ratio4
7,8,0.762491294954968,0.5035385008489349,1,1,0.9511840910926642,0.636768375737239,0.4459669028567819,0.6427761166423147,0.34069579373416053,0.39665075389354143,0.26846366028700286,0.4650763982996976,5,987.2777600651419,0.8227314667209517,A2_ratio4
7,9,0.7409122654871038,0.5715498722614757,1,1,1.2935612196716009,0.4172897336551289,0.34979897613510497,1.3610519771916247,0.3099940269426084,0.37390791490767783,0.2468771979671954,0.43702474388309087,4,923.421008960452,0.7695175074670434,A2_ratio4
8,2,0.4256152570605951,0.12453118509969828,1,1,1.4687534190823976,1.042253746933716,0.8527417658365848,1.984973075538544,0.20786769475666284,0.2369703219503191,0.11311309868661101,0.27741058981581695,13,1172.936051989507,0.9774467099912558,A2_ratio4
8,3,0.5007579336090695,0.15415848052116304,1,1,1.1301889801033762,1.0846799566398884,0.8006529091336085,1.2655766094316396,0.22988127375728207,0.22864000988211644,0.1812549516324347,0.30070695503285355,12,1159.0795096717695,0.9658995913931413,A2_ratio4
8,5,0.5716656514505967,0.20489138108215058,1,1,1.514665106627448,0.8668936057057046,0.6693312419127253,1.390839988959999,0.24166215361514723,0.28395974615288294,0.16661680292003858,0.3514482571710663,9,1151.4716271471686,0.9595596892893072,A2_ratio4
8,6,0.5998749197783719,0.26990740030246524,1,1,1.2378130971557066,0.7623045110343998,0.6365413255536249,1.176799850431487,0.2776000959976288,0.3253548712478429,0.20854111203437972,0.3650723872740823,8,1105.9821667948397,0.9216518056623664,A2_ratio4
8,7,0.7020877680490256,0.3132020110095226,1,1,1.143428933903673,0.7078921675696925,0.5568843756946171,0.9629668125187865,0.28622670203160133,0.33121225784328906,0.2390740872099118,0.3785651092293673,7,1073.2005154816031,0.8943337629013359,A2_ratio4
8,8,0.7150887522096807,0.415658557476009,1,1,1.095917164480406,0.6847391342200634,0.4873031472667065,0.9667280528803674,0.2961400910650569,0.3104307114734418,0.21578580293695265,0.433149658083102,6,1012.1000610688792,0.8434167175573993,A2_ratio4
8,9,0.7716101336152374,0.5010991388856157,1,1,0.8253866621311635,0.531455361419936,0.436585251253439,0.6327280938965794,0.324255067018086,0.37742492849098475,0.27211022606123886,0.43714547993916764,5,980.246309341616,0.8168719244513466,A2_ratio4
8,10,0.8100854417507857,0.6190481169947031,1,1,1.3023307666495798,0.4185644796021051,0.33339139175120186,1.387503854500483,0.3059960418002637,0.37013539755303104,0.23519004290782353,0.4409413964454712,4,977.5700048457159,0.8146416707047632,A2_ratio4
9,2,0.41494345941852584,0.1176112680016217,1,1,1.4519964761105537,1.0148515126129853,0.8632698889166154,1.9468685781812436,0.20449317677387496,0.23469054076400028,0.12186325544367507,0.28242535265487195,14,1162.5830939671905,0.9688192449726588,A2_ratio4
9,4,0.5998821357524554,0.1706516845606958,1,1,1.3690542929744343,0.8801832514457693,0.7557336897553096,1.693049928080515,0.23423433790141435,0.29391469799588826,0.14403442641326858,0.31864942385980094,11,1149.0634608942441,0.9575528840785368,A2_ratio4
9,5,0.6199240446519605,0.1798574440816284,1,1,1.322446071799222,0.8318952179082316,0.7644248476624447,1.1134801241211223,0.2533962372697324,0.30028008292202646,0.2234980226375637,0.3341979711514999,10,1130.691473203232,0.9422428943360266,A2_ratio4
9,8,0.7807370748501092,0.49404832834190315,1,1,1.483091191944904,0.5314662730010694,0.42122443822793315,0.7874147362381133,0.3079873239663205,0.3878351103833434,0.22700037187101224,0.45466106867891404,5,1027.6292797962083,0.8563577331635069,A2_ratio4
9,9,0.7959941618982718,0.5995464356833403,1,1,1.5003939257671668,0.45711678419021995,0.33215320942124055,1.6253575005361465,0.299549570483713,0.36064495896054155,0.21646112355464325,0.4437334058896113,4,970.8696477877714,0.8090580398231428,A2_ratio4
10,2,0.36196323860551943,0.1490943270306089,1,1,1.672554915161855,1.1660210123832266,0.7320980553953693,1.9869149145121834,0.21965764910063498,0.20978750433583448,0.1144424755747947,0.3239702391424121,11,1160.1711627387147,0.9668093022822623,A2_ratio4
10,3,0.6807804695286143,0.17699219963795548,1,1,1.4869261474599094,0.9973267674822681,0.7541278795446117,1.5111453464998732,0.2395110322601778,0.2506190672369639,0.1850085033020284,0.32167169688864217,10,1169.7862061028918,0.9748218384190765,A2_ratio4
10,4,0.4981821848903655,0.2058735751580486,1,1,1.2208308211994727,0.8888413957588973,0.7505737341676483,1.2659921891316168,0.2521040730733184,0.2739787659384095,0.19083321694605157,0.31868612620759756,9,1123.8836609520968,0.9365697174600807,A2_ratio4
10,5,0.5790249760629563,0.2529621380021047,1,1,1.3287605877820612,0.7994995551376898,0.6541037320790296,1.1635968654830278,0.2642442102768273,0.29971558686700617,0.2062055899990608,0.3418060637613388,8,1118.2058704562496,0.931838225380208,A2_ratio4
10,6,0.6149049419593042,0.29548499428833774,1,1,1.4132988752158904,0.7512237481098982,0.5528455990647724,1.0170090525748428,0.28262969288367773,0.3457060740406989,0.2147279084506804,0.38741556019874646,7,1073.9973515673285,0.8949977929727737,A2_ratio4
10,7,0.6724575271745288,0.43260442910311897,1,1,0.9303078381115067,0.6999346708702847,0.5150656908870512,1.2838700084526578,0.2998789336841202,0.3001613928606367,0.19546350882805605,0.4096675712686707,6,1007.6220707087914,0.8396850589239928,A2_ratio4
10,8,0.7426527922840216,0.4720125368604896,1,1,1.4353795126563,0.507770190734006,0.4523820492038811,0.7317640845540082,0.3188933631598947,0.4208522327943721,0.25285342173232306,0.4437225261665186,5,989.4948143191475,0.824579011932623,A2_ratio4
10,9,0.9094283541440213,0.6194908815524209,1,1,0.8109027060828751,0.7286097986809911,0.33744075194796536,1.2020717528159008,0.2939188586867677,0.29699618289529134,0.2079616597634767,0.38295338181858235,4,971.6620239433486,0.8097183532861238,A2_ratio4
11,1,0.46605437252221826,0.13934112511475694,1,1,1.4928924821354146,1.1868303465965475,0.7855684873463962,1.7885508871671987,0.20912725689793688,0.2004552115451265,0.12928277956756093,0.2869897632847134,12,1172.903434035022,0.9774195283625183,A2_ratio4
11,2,0.5280053169207156,0.15232130783884001,1,1,1.5780892355872085,1.2111204788050554,0.7832129204776939,1.6010073585967624,0.2209605084926638,0.20746829194712155,0.14680785363616644,0.30083546507154013,11,1165.8579582736136,0.9715482985613446,A2_ratio4
11,3,0.5324932860360179,0.17464425941555925,1,1,1.6989714238305438,0.8973905573680894,0.7609175658536181,1.4020473688805333,0.23611538220869766,0.27324174779084953,0.16714533562139303,0.320358166271471,10,1146.630473131079,0.9555253942758992,A2_ratio4
11,4,0.4974966353972816,0.20021095770912825,1,1,1.4109476414211992,0.8893170843763061,0.7342914266952045,1.3603971884040764,0.25473961120996924,0.28837595432079954,0.19556246812748956,0.3331436070706722,9,1115.893604736447,0.9299113372803726,A2_ratio4
11,5,0.5882558190246641,0.24126759225046632,1,1,1.6053019928870413,0.7566889491096573,0.6432172015827163,1.1755411178818846,0.264649074963372,0.30546164518000074,0.19400370595635663,0.3528165667531877,8,1107.7695354302782,0.9231412795252318,A2_ratio4
11,6,0.30085983505013925,0.2415153301371308,1,1,1.49988171196583,0.7003829232805554,0.5847834030200314,1.0361448853556834,0.2838190837486109,0.34563714491027475,0.2125803943958908,0.3900603802888559,7,1075.7973872242248,0.8964978226868541,A2_ratio4
11,7,0.6944276364793771,0.38405699345194644,1,1,1.1922859321890502,0.6835708313286449,0.4882721908082255,1.04471334929826,0.29626094841982703,0.3063089993829735,0.21466226792187285,0.43551336820142716,6,1001.2078596781487,0.8343398830651239,A2_ratio4
11,8,0.8261748707742205,0.5368226974804299,1,1,0.8712406115616318,0.5158829671640363,0.4413613095394792,1.4190254019126265,0.3074719072957107,0.30064793881594964,0.17918788377054104,0.43659881312381604,5,969.5535515112601,0.8079612929260501,A2_ratio4
11,9,0.8994331811405906,0.6985085859150746,1,1,1.3405165434418254,0.48628943864898067,0.351931787886854,1.4748741942039523,0.309398788204402,0.3639324162474963,0.2201709358682843,0.453160268583614,4,1056.5282920476668,0.8804402433730557,A2_ratio4
12,2,0.428467727145927,0.1771507634400187,1,1,1.3239862851136068,1.1761206445773742,0.7636671822986125,1.6998617872565305,0.22967801274445668,0.210494499078834,0.14798259393462612,0.3350169486815071,11,1160.2329795881058,0.9668608163234215,A2_ratio4
12,3,0.5314207379063731,0.1991669482851112,1,1,1.2927276027393908,0.9928643706954456,0.6677356784193956,1.6742894179885517,0.23891637848286296,0.24640092919806153,0.15249720399811367,0.3458641070339529,10,1148.862822896367,0.9573856857469726,A2_ratio4
12,4,0.5563123069600089,0.2120830147839155,1,1,1.3199497707151249,0.8558283307185849,0.7559874273999587,1.1986118057362578,0.2554675588788387,0.2973070812671204,0.20395565105875504,0.3322118641724135,9,1136.0470372091409,0.9467058643409507,A2_ratio4
12,5,0.7338469094010956,0.279438161638975,1,1,1.003660582070861,0.8005180910265944,0.6690048880483461,1.1743763545869155,0.2736568211493756,0.3001947241004776,0.17355129816835418,0.35500845707970535,8,1079.9420168216864,0.8999516806847386,A2_ratio4
12,6,0.7649569199638142,0.3867631265833198,1,1,0.9507717325970094,0.6996667606629047,0.5557398586219603,1.2736663503229884,0.28550435171903,0.31992433004495335,0.1590539885201521,0.4052927659184601,7,1080.048326005842,0.900040271671535,A2_ratio4
12,7,0.6876896311666276,0.41608686304309106,1,1,0.8235405522039833,0.627689463920355,0.5325982218025176,1.0566910796342424,0.30486711147589757,0.3073536157480987,0.2120841076941506,0.4020738963061477,6,980.4032051511074,0.8170026709592562,A2_ratio4
12,8,0.7164971169431327,0.4776819127840241,1,1,0.9962394243561047,0.5931541799675846,0.4530805339370614,0.6115521331052328,0.3296031048721989,0.39839508141368446,0.2847482575171468,0.44834101749722377,5,950.526319380932,0.7921052661507767,A2_ratio4
12,9,0.775064023645515,0.5849867478293468,1,1,1.205495788034872,0.41775126507462546,0.3539404231805707,1.2693066299289268,0.3190981268354861,0.3868219313975573,0.2547759356111071,0.4511441226219362,4,939.1301663205829,0.7826084719338191,A2_ratio4
13,1,0.42605450146561463,0.1467205334633173,1,1,1.4801136034356173,1.1881957461698809,0.779004423718846,1.5935868755690468,0.2190965743628557,0.2136521766584854,0.1418101207957734,0.32317999683956733,12,1153.3028726789123,0.9610857272324269,A2_ratio4
13,2,0.4086447199738499,0.15148043533074368,1,1,1.4852733010733836,1.157473865646369,0.7376629305321598,1.7661953038406195,0.22413903877468425,0.21568816641221933,0.12712849551808583,0.32586767994211163,11,1152.0706822389932,0.9600589018658277,A2_ratio4
13,3,0.49381479445780885,0.16977958373993116,1,1,1.447783619040349,1.0074694722153108,0.7389264505923019,1.492203100788612,0.24298601741927697,0.2407964479968771,0.14749549720204475,0.34631614715189807,10,1137.5751192181344,0.9479792660151121,A2_ratio4
13,4,0.5663203290050371,0.20649994442156203,1,1,1.4595866034899851,0.8798180986270723,0.7265848306067748,1.2210733625495895,0.25181238154076213,0.2532859401691033,0.217378174093294,0.3581117778871989,9,1143.449350821483,0.9528744590179025,A2_ratio4
13,5,0.5149589698096323,0.2292718928610614,1,1,1.2844676867153277,0.7918842377717137,0.6399330419250837,1.0708691394639325,0.2716591439986738,0.3109098941319277,0.2069554096558177,0.36230031727525924,8,1081.6396891639724,0.9013664076366437,A2_ratio4
13,6,0.6608536447174455,0.3458580885240302,1,1,0.939768955973937,0.7755173489279136,0.5814821811164252,1.1947076261578153,0.2879905164658307,0.33312896759307054,0.16761708351896099,0.39802414728874547,7,1056.5452082475301,0.8804543402062751,A2_ratio4
13,7,0.6693913406910881,0.3711355640238638,1,1,1.4861497943257327,0.6327735044897257,0.5491891332500549,0.8370609817856345,0.3017055118855853,0.3740361247348929,0.24178310007737158,0.3982503211419022,6,1024.327319362956,0.8536060994691299,A2_ratio4
13,8,0.534266019900058,0.38859026262430574,1,1,1.1126914680396487,0.5331068613484684,0.4878643941582644,0.5942225222084553,0.32199987488935433,0.3995746250531674,0.28310975156960294,0.4188767242292039,5,903.8861398916031,0.7532384499096693,A2_ratio4
13,9,0.8518767736356625,0.6442373275084687,1,1,0.8840411472385299,0.5385574558114374,0.3917700982701966,1.030828504779771,0.31036558193727654,0.35523965225689724,0.2850455602186204,0.38055967397555335,4,991.691507667141,0.8264095897226175,A2_ratio4
14,2,0.4947506062133689,0.14889867339205365,1,1,1.338233772845783,1.3734425595878688,0.75011540630853,1.8771095503634956,0.21792373544946378,0.1790495790561903,0.12917502614853327,0.31485041523624147,12,1174.1553918845368,0.9784628265704474,A2_ratio4
14,3,0.4886221189908892,0.1567289749730829,1,1,1.4114600825226076,0.9223998943740668,0.7083371864189505,1.565855772918789,0.231886801605662,0.2829219625502905,0.14915062767048956,0.3288830462605143,11,1157.3022219919355,0.964418518326613,A2_ratio4
14,4,0.4618599626540989,0.17975026513425904,1,1,1.369031436582794,0.876194371790308,0.6808714645527885,1.5275420541501754,0.24502653169005764,0.2837395575319645,0.17130551721757095,0.35224161819447053,10,1138.46500045485,0.948720833712375,A2_ratio4
14,5,0.5911565550564228,0.23611713235004228,1,1,1.0739674131140668,0.8097927292338906,0.6097057872196863,1.501869746293558,0.25533505308198434,0.28364060958911863,0.1275219581434439,0.3677437547591112,9,1121.5335515714116,0.9346112929761764,A2_ratio4
14,6,0.6952204200392063,0.24836558527832428,1,1,1.386976604666868,0.6887156613863835,0.6345463804893772,1.027614781073203,0.27403303909567633,0.33342867414204125,0.2211360719389385,0.3647922815243758,8,1105.2361918834304,0.9210301599028586,A2_ratio4
14,7,0.5672300004970012,0.2711349618699968,1,1,1.3503683762586571,0.612376989347048,0.6098133285410974,0.7843759007512336,0.29072385559360797,0.3464551406541602,0.266662454758772,0.3753586833855429,7,1020.0199832457519,0.8500166527047932,A2_ratio4
14,9,0.0,0.00945823882842356,0,0,1.0979277478547518,0.41808264723924016,0.3575069858927939,1.158503409201198,0.3206210067004136,0.40892991531069495,0.30219355622843724,0.42735736578267125,4,1114.8556468624245,0.9290463723853537,A2_ratio4
15,1,0.4729049904509476,0.12894918855752344,1,1,1.3786865468636882,0.8965321837374021,0.8201188973453261,1.4818110890954599,0.21930443021072898,0.280184715628648,0.15946888219274238,0.2901884159534328,13,1162.972961895812,0.9691441349131766,A2_ratio4
15,2,0.6284042961004916,0.14368542378947846,1,1,1.5092572689199335,0.8816014335752431,0.8469390076606182,1.2177304171562193,0.2321387621441607,0.2802000552736634,0.21854281964928707,0.28860521490629754,12,1162.2381691420235,0.9685318076183529,A2_ratio4
15,4,0.5728624266738032,0.23016585412479723,1,1,1.0602950892675151,0.6888848165157332,0.6870780111920428,1.2321747060667252,0.2663733802719364,0.34024209208029177,0.1230314990893955,0.3589930519774827,9,1104.923670710877,0.9207697255923976,A2_ratio4
15,6,0.0,0.015835274890021053,0,0,1.081476422434029,0.695435395640825,0.6439777583813491,1.0670993612533242,0.2791247451913066,0.3412976984381865,0.27525914180899796,0.3475658163295876,8,1158.723592899701,0.9656029940830843,A2_ratio4
16,2,0.43794059036097793,0.14502340443429718,1,1,1.3024873868236866,1.3422897854034486,0.7519111508201264,1.6844808846224901,0.21788452194045435,0.1788144915319928,0.14095684209662443,0.3278387272186141,12,1170.480792879637,0.9754006607330308,A2_ratio4
16,3,0.4777635236671191,0.1680564525974543,1,1,1.243830997758211,1.1555873793892544,0.7288197947892577,1.6648955540525594,0.23361469344496602,0.22521551634707063,0.14644562565692248,0.3312375203975326,11,1155.7559782630992,0.963129981885916,A2_ratio4
16,4,0.48106507410941135,0.18769500828838412,1,1,1.2398608734188385,0.8852955569313489,0.6803617327682545,1.520298679272174,0.24542364873596986,0.2832455208337743,0.15339816575539883,0.34760282967746303,10,1146.1528581446894,0.9551273817872411,A2_ratio4
16,5,0.6144842426633293,0.2099160592180743,1,1,1.2770815053141642,0.8571115071451466,0.6597879467126311,1.230975940089645,0.25904850320167805,0.30722161673753645,0.21059843363147923,0.35775666049958077,9,1142.8965574239269,0.9524137978532724,A2_ratio4
16,6,0.6109454404054369,0.2520178310865113,1,1,1.1909286933945342,0.7839348259757248,0.6449779928071292,1.013500955405271,0.2745406289668565,0.3149044151855006,0.22932700131606815,0.3561578484788579,8,1098.9486194279366,0.9157905161899471,A2_ratio4
16,7,0.6215405707812813,0.2990615097436714,1,1,1.2185161230361579,0.6693410919476498,0.5999104875603731,0.9011605001584215,0.29139217981439663,0.3334256411940806,0.23799020229066709,0.39042158813866656,7,1051.8096893229413,0.8765080744357844,A2_ratio4
16,8,0.6686829739170262,0.3666229436682901,1,1,0.9229845237841371,0.595430279868185,0.5545694103084098,0.6995743386772227,0.3075172273183813,0.3608641080669993,0.2609823945687449,0.3931811843990482,6,981.3816196004572,0.8178180163337143,A2_ratio4
16,9,0.7889971330376675,0.5458951078337003,1,1,0.8298621983735439,0.558233283170247,0.4358473093730085,1.3812036558868561,0.30755069201267593,0.3161285317474506,0.15502428363988568,0.4397117081498586,5,962.8214114141908,0.8023511761784924,A2_ratio4
17,2,0.44677141408976495,0.1365585669365329,1,1,1.4987431992114217,1.1082904156016766,0.7842698780196298,2.1189728526154354,0.21505034358038996,0.21756193506765406,0.10963143589090125,0.3101959991412212,12,1173.0185510987067,0.9775154592489222,A2_ratio4
17,3,0.4769741191586073,0.15398966371191816,1,1,1.8189444839544364,0.90225667400548,0.7020128162687599,1.6947419901803906,0.23093767039896285,0.26496682698378227,0.1445254867198539,0.34130019086512187,11,1157.1228411293096,0.9642690342744247,A2_ratio4
17,4,0.6691435931727255,0.21852266179370958,1,1,1.0935546888483438,1.051457584055344,0.8092123213833426,1.2426919646201098,0.2506786411814814,0.24246616154965797,0.18337401460957137,0.3101145308046519,10,1145.7722046669942,0.9548101705558285,A2_ratio4
17,5,0.0,0.02633413933309236,0,0,1.1049903141801645,0.7975544335277635,0.6453823116219493,1.217075757540837,0.2597773811380116,0.28578972163375854,0.21768535964405739,0.362162116814613,9,1147.9698135888577,0.9566415113240481,A2_ratio4
17,7,0.6073871336543353,0.27507698172709133,1,1,0.9600237539556848,0.7976548932499852,0.6461394786119892,1.1855448485658613,0.2742168718991101,0.2900190941877303,0.174490900541243,0.3557629359125116,8,1075.6424054238207,0.8963686711865173,A2_ratio4
17,8,0.6154109703259434,0.32878699350578056,1,1,0.8861544128836322,0.6762009537514727,0.5817903808077947,1.1708979245786502,0.28911956910868775,0.3514190333502639,0.1672671423000124,0.3851945553470952,7,1032.2263611492385,0.8601886342910321,A2_ratio4
17,9,0.340252674649102,0.2815757082592912,1,1,1.120532303079153,0.6124111653320152,0.5101664147876577,0.7953414266382903,0.30065863203393295,0.37548882384296445,0.24413182998046318,0.3971555823265821,6,994.7070195719441,0.8289225163099534,A2_ratio4
17,10,0.7260286534104445,0.46820760031637787,1,1,1.3263707123870971,0.46542984802107723,0.4645752429877933,0.6833740503166862,0.31672939398078015,0.4222223986983584,0.2606679743958885,0.4284266605518559,5,979.1449790655805,0.8159541492213171,A2_ratio4
18,5,0.4059752748698138,0.20276087100468088,1,1,1.401454908996047,0.9167833763410362,0.5857172408430575,1.7352844167244768,0.24455008336666945,0.2657343673398095,0.12350463247167924,0.38024660215676803,9,1138.7315813119387,0.9489429844266156,A2_ratio4
18,6,0.7179837108253213,0.25714599737884863,1,1,1.3951091292277669,0.8111776243668821,0.5737857367668088,1.3365617902684543,0.26480969311438546,0.30566118218297134,0.18958560618876452,0.3738195173546567,8,1150.4506542219417,0.9587088785182848,A2_ratio4
18,7,0.6816957129148308,0.3018285868689558,1,1,1.3060563028558962,0.7535006475633635,0.5572992413392712,1.0528320507816793,0.2859586506643192,0.30302454194805556,0.21637325889228767,0.4110096893575741,7,1095.6113953848435,0.9130094961540363,A2_ratio4
18,8,0.8123509510473726,0.4735249373175567,1,1,1.008256655111705,0.6481608270273098,0.4571775796603772,1.503465981268003,0.29371276647363903,0.32054481916696576,0.1527619716063999,0.4356231234946733,6,1041.1660863475508,0.8676384052896257,A2_ratio4
18,9,0.7199019923756567,0.46309777035711114,1,1,1.3022955484638643,0.4863820848541565,0.449186877783542,0.7047376996393633,0.31433011255610976,0.4248659531051555,0.25428349901315217,0.4248888174522336,5,975.8588363212642,0.8132156969343869,A2_ratio4
19,1,0.2476061099966105,0.11407286094447253,1,1,1.6294886969534328,1.2451067522405674,0.9127790310481674,2.1584421864854115,0.20288647050137615,0.1929825497081351,0.09807869045490242,0.29734306877888755,13,1166.376295393575,0.9719802461613125,A2_ratio4
19,2,0.3770985074125966,0.13211668015485595,1,1,1.8868588326969762,1.3589282265166434,0.7765103067212563,2.1133528198633207,0.20847940293286019,0.18922604824260608,0.09989128941022367,0.3220881301115339,12,1170.1280503327318,0.9751067086106099,A2_ratio4
19,3,0.43955492764446946,0.16443630817023325,1,1,1.2796842892648537,1.2181395780459894,0.8861620436224025,1.7325111118485461,0.22687341025486532,0.2146385201416635,0.1368771210773645,0.2930832766223718,11,1163.8173336085779,0.9698477780071483,A2_ratio4
19,4,0.5707925347435208,0.1792760951847888,1,1,1.3274341662364066,1.1586554321451963,0.7366293584341197,1.3095194522053393,0.23585160309507636,0.213655800601161,0.17921687030439834,0.3325797984506068,10,1150.8016137730817,0.9590013448109015,A2_ratio4
19,6,0.40118011572248846,0.19080454049969012,1,1,1.3808509145740078,0.9131772964524332,0.6700763161637586,1.1945390867363517,0.2514282414557042,0.2559980877271473,0.2033380051516424,0.33673387622688916,9,1107.3481335831093,0.9227901113192577,A2_ratio4
19,7,0.44009231041691577,0.22684846586383242,1,1,1.2344644543656862,0.8417973048368416,0.6263431884644489,1.1641479000896442,0.26578005665905247,0.27777546366950157,0.20095869228036237,0.3718757182943486,8,1094.208210127932,0.91184017510661,A2_ratio4
19,8,0.6214156286598501,0.2997655792249382,1,1,1.406671293497644,0.7903195288580289,0.5230093622723491,1.0552861437239525,0.2768460406962349,0.2857024144650688,0.2080835508726923,0.407810377703797,7,1090.2449941507514,0.9085374951256262,A2_ratio4
19,9,0.6953872612670201,0.43583315786379556,1,1,0.9906878044088913,0.7518066029186226,0.4828198136845453,1.0593128304279793,0.29734711144315407,0.289705062545051,0.2138750272389104,0.430165942836008,6,1034.267898023663,0.8618899150197192,A2_ratio4
19,10,0.8027020266153808,0.5024982482741404,1,1,1.5146451740044735,0.45496558423561495,0.44134013593900995,0.747246691420288,0.30325515593943864,0.4106927826157323,0.24504945378606396,0.4194461403443879,5,1014.5280521144888,0.8454400434287407,A2_ratio4
20,2,0.2824981517680692,0.13247743564042425,1,1,1.7916131703373557,1.2424745337163998,0.7158441416134887,1.8350939825579136,0.21042568725988506,0.19671123227017576,0.11585212470189488,0.3392693455189473,12,1169.6607353430097,0.9747172794525081,A2_ratio4
20,3,0.38418295961962257,0.16591114260262466,1,1,1.3995375873516698,1.277957554029796,0.6526838646235871,1.6148765152673301,0.22418504995864985,0.18950110382945895,0.13893346800286405,0.36060140526679985,11,1149.637690745731,0.9580314089547759,A2_ratio4
20,4,0.3220117329653769,0.16778666178657559,1,1,1.9328269880816162,0.9126354550593789,0.6754408913876205,1.5638032185154325,0.23539504638725356,0.2797522052998995,0.13821675091004978,0.342703997064826,10,1131.5498433958976,0.9429582028299147,A2_ratio4
20,5,0.6760885285508647,0.24218409491048498,1,1,1.1434908233948706,0.8967544654448094,0.6054638757762814,1.382358635392973,0.2563932285873378,0.2840110002450545,0.18473685878315602,0.376487337508986,9,1146.1084760052559,0.9550903966710466,A2_ratio4
20,6,0.6031535716355122,0.24002148565991152,1,1,1.3246558927603242,0.8032754601107952,0.6130852671540408,1.117362433305428,0.2730839402952766,0.30761258175018746,0.22987897498597304,0.37452048237614183,8,1107.760768046974,0.9231339733724783,A2_ratio4
20,7,0.6371764860784646,0.2854454121375395,1,1,2.1664397189152056,0.6337953155777388,0.5960487998361742,0.8557483708421706,0.28441130499680567,0.34327861580168395,0.2496867123413924,0.37503668290996667,7,1050.356715238791,0.8752972626989924,A2_ratio4
20,9,0.003586029752094863,0.19744069087013127,0,0,0.9557216769821855,0.7874369379279675,0.278377445148513,1.4647811697616402,0.27064893501907006,0.2930489535655178,0.1354158493932321,0.42828203919135577,4,1089.7935727278436,0.9081613106065364,A2_ratio4
21,4,0.6551000598822934,0.21083488712286297,1,1,1.2761600822895744,0.9682588787098587,0.6712122170148181,1.6075998483052443,0.24373806005738294,0.2650568487707843,0.16245173091325607,0.35828282713292636,10,1172.3041480683737,0.9769201233903114,A2_ratio4
21,6,0.7474594612843342,0.27864716363383946,1,1,1.0596477184778268,1.069961869082732,0.5857213357622744,1.27501558122017,0.25597252130494014,0.2378020495577926,0.164286179631702,0.37121314185691345,9,1137.2738811064587,0.9477282342553822,A2_ratio4
21,7,0.5127090310477396,0.22965814025345155,1,1,1.3404484924828681,0.6787222746528048,0.638091660462961,1.0570336406351044,0.27785967593842265,0.353961664686496,0.21052907395077994,0.36734093380425675,8,1082.4337072424294,0.9020280893686912,A2_ratio4
21,8,0.695427128933234,0.30045989232647835,1,1,1.5178018631124441,0.606605055711044,0.5930400783754288,0.8669814941976389,0.2834092276834916,0.3656350050033701,0.25522879446812907,0.36725646572112824,7,1081.3156833955277,0.9010964028296065,A2_ratio4
22,2,0.5967591519871017,0.1514110558821507,1,1,1.3565150966764747,1.1978015907454214,0.7498392938032793,1.7412544807913353,0.2200183187484741,0.23093665416988757,0.1347328125475927,0.31966274180738724,12,1172.9369541573487,0.9774474617977906,A2_ratio4
22,3,0.41583586267957784,0.156122760210483,1,1,1.3811909072384108,0.9112073900056643,0.7511064048304458,1.548037275427589,0.23740706234731082,0.26072004576422736,0.1582418077830579,0.33514142483556597,11,1134.7217608311607,0.9456014673593006,A2_ratio4
22,4,0.4825665596799273,0.19765443425036563,1,1,1.1465194111224768,0.7847480937826454,0.6987951922176068,1.5365255818290402,0.2506384077176372,0.3051291648933635,0.12597220743856097,0.35356289899584936,10,1124.7224181057531,0.9372686817547943,A2_ratio4
22,6,0.7388910708848008,0.22250192812750552,1,1,1.3314281937932941,0.7610314532079254,0.6941096310804069,0.8446372814576719,0.2583487738626826,0.3100300308908476,0.2748823628900904,0.33383162543944,9,1139.4693657132125,0.9495578047610104,A2_ratio4
22,8,0.0,0.0362583388381802,0,0,0.9803683075557531,0.5366635394506667,0.5092399437217651,1.490086384690004,0.3001514023958402,0.3922892413299715,0.19211192979982677,0.40348087231370333,6,1119.0269566700601,0.9325224638917168,A2_ratio4
23,2,0.20314730436339634,0.11509598893012063,0,0,1.6438336508679272,1.0221757604536186,0.8872934509099584,1.910843305681633,0.2100298577243182,0.2534384701455934,0.11213053830604672,0.3013194631905303,13,1151.9126254088442,0.9599271878407035,A2_ratio4
23,3,0.5068091729265142,0.13501829671992047,1,1,1.4813118381705994,0.9600472854531792,0.7929751594264024,1.6919094754798896,0.21695049405296432,0.24592049214600603,0.13188233629330365,0.30275411131448704,12,1166.948667733887,0.9724572231115726,A2_ratio4
23,6,0.5393451447750663,0.20471751257039578,1,1,1.420449604693311,0.8357438087847472,0.6723037701562665,1.5436673953692077,0.2509078280563015,0.295674157514272,0.15811651494174436,0.34539364194518646,9,1146.0332831499986,0.9550277359583322,A2_ratio4
23,7,0.6651963659639469,0.2885071757838116,1,1,0.974257182463104,0.8175048205461967,0.6029477605537896,1.3650148451460193,0.27349065991886273,0.29448875230354,0.15064023071338925,0.37686087435285803,8,1116.7584235785625,0.9306320196488022,A2_ratio4
23,8,0.6397164590212939,0.2964109680457179,1,1,1.1831407181333713,0.7043225823173702,0.5890954860589899,0.9213559677155324,0.2941526900475168,0.3417395138212128,0.246965158000921,0.3867794842094939,7,1063.881131520003,0.8865676096000025,A2_ratio4
23,9,0.688119935515169,0.4247232550463225,1,1,0.8890872564022013,0.6447270188162024,0.46864581431025626,1.2867137155092994,0.2975750069358847,0.30914494746055354,0.18492970320939145,0.4165197571055359,6,991.3631426949772,0.8261359522458144,A2_ratio4
23,10,0.0,0.0814972375869397,0,0,0.8977493792894707,0.457935208486547,0.39381615156389743,1.6069871199812618,0.3005942474230473,0.40499807456898307,0.14127674422030118,0.43026470336652783,5,1073.707248308144,0.8947560402567867,A2_ratio4
24,2,0.36367633866412874,0.14655870427171325,1,1,1.3584261217385691,1.1474101541398822,0.7379243160050257,2.0836584580090087,0.22096738688903741,0.2369853170763621,0.1136513845852926,0.32752368201502163,12,1164.7107075519978,0.9705922562933315,A2_ratio4
24,3,0.5077417266549316,0.16023500122137077,1,1,1.4367524381312542,0.84012215055751,0.7515065975958888,1.7143851238481949,0.23609971870869126,0.29109616319234327,0.14116578568720473,0.32970590807937106,11,1159.013437074042,0.9658445308950351,A2_ratio4
24,4,0.5904822469993138,0.17970864268440948,1,1,1.3997360282667919,0.7625274003165856,0.7153700338417512,1.279354324314679,0.24401491701892125,0.3125603479661911,0.1910818434740777,0.3193032317869701,10,1152.6261262733904,0.960521771894492,A2_ratio4
24,5,0.673722927882692,0.21960595054251983,1,1,1.2107156705912097,0.7501493156647434,0.6969723257656669,0.9131362779784737,0.2599121870225177,0.31679376587531155,0.2603945429296654,0.32995262544876997,9,1127.3770742205866,0.9394808951838222,A2_ratio4
24,6,0.0,0.0004890776428957178,0,0,1.5657648210694428,0.714490061466215,0.6890959369497045,0.7639425682880453,0.28279454042790925,0.3213072820605454,0.3001685251143702,0.33919910991348334,8,1187.221875303094,0.9893515627525784,A2_ratio4
24,8,0.6435999667334071,0.43120926687992234,1,1,1.2745184263474236,0.46832147706395705,0.45511562824609453,0.6288569162482861,0.31809671544777246,0.4317667764341765,0.2650921917077635,0.43291554557178336,5,957.6938182593589,0.798078181882799,A2_ratio4
24,9,0.0,0.003908353554928583,0,0,1.2032967597579598,0.38706998731666187,0.376751575664055,1.2136151714105665,0.3233422416268145,0.4215194274114524,0.31819598796239623,0.4266656810758707,4,1118.7553651048374,0.9322961375873645,A2_ratio4
25,4,0.5104611853947751,0.15630715292340944,1,1,1.5770665081028377,0.9242353053370265,0.7148708832172925,1.660977755365309,0.23121135922201888,0.2648916964032245,0.13335210081860624,0.34023597428340585,11,1159.7408660136255,0.9664507216780213,A2_ratio4
25,5,0.5325040377469634,0.1816681776849067,1,1,1.506909552335801,0.8186335124493638,0.7404710795934157,1.4703476014608672,0.25235446246345267,0.30551483757656295,0.19595675577700727,0.335205516297966,10,1149.2024274227879,0.9576686895189899,A2_ratio4
25,6,0.6938721842312913,0.21776925676653616,1,1,1.3048057029762097,0.7988886311552608,0.7006476674925148,0.9879215339561377,0.26333025464935106,0.3155478476276265,0.24418287514855677,0.35088765000051786,9,1136.3450472269888,0.9469542060224906,A2_ratio4
25,8,0.6902177434499976,0.3707139450360294,1,1,1.5420570157562976,0.5830483722515706,0.5249339571139807,0.8478528204728607,0.3051374448582241,0.384641854631538,0.23511407780873536,0.41873410530612903,6,1035.045342999671,0.8625377858330592,A2_ratio4
25,9,0.7120774396192425,0.452459378997686,1,1,1.0658073362665053,0.6490024306799557,0.39830434184257907,0.6814668059997523,0.31142548158317934,0.36044206021892405,0.2734671669262984,0.43771305897790497,5,943.772924742586,0.7864774372854884,A2_ratio4
27,1,0.3855044682820106,0.13149298827655537,1,1,1.5575915129903668,0.8796470958358481,0.7872619352098702,2.1110257996276336,0.2098016552949947,0.2655943335852378,0.10102648843984487,0.31000942589622443,13,1157.8567906149544,0.9648806588457953,A2_ratio4
27,2,0.5933545222709782,0.1659108123088354,1,1,1.3504865966802946,0.9413100802364789,0.748230319937778,1.7570740268932565,0.2241726688398543,0.25522377400538154,0.15116266221291982,0.3217079098382583,12,1165.5989548949476,0.9713324624124563,A2_ratio4
27,3,0.4919028962534956,0.14982579869494816,1,1,1.6234850717107314,0.791994996190511,0.780940584077167,1.487827586996747,0.23775514245105037,0.3094656196379254,0.16609277629135658,0.32091414048788536,11,1141.0112747229357,0.9508427289357797,A2_ratio4
27,4,0.5936203111016634,0.1732125327011176,1,1,1.5373121345501657,0.8019257956661804,0.7558569918508826,1.0229665887432167,0.2523050744288013,0.3023675012416531,0.23619975196716633,0.3270169857684197,10,1137.480101977721,0.9479000849814342,A2_ratio4
27,6,0.5575224913475807,0.22393977352182048,1,1,1.0523172021222182,0.7451576858441404,0.7047228505440792,1.1095952739654333,0.275065234497917,0.3490557102719143,0.15213179194663973,0.35185128366131646,9,1070.9212301504801,0.8924343584587334,A2_ratio4
28,4,0.8341660831364568,0.17565128711618863,1,1,1.1576934167381867,0.9526146122503905,0.6429552476172365,1.6451510774055313,0.24454161276943415,0.23935053069316678,0.148074384675113,0.3670161348712424,10,1165.8028321980978,0.9715023601650815,A2_ratio4
28,6,0.1773569666239409,0.16150594806330387,1,1,1.0533846494386867,0.928699884292039,0.6253798462059211,1.5017646308618158,0.2594013258195265,0.25380455178438777,0.15375080321045018,0.3703883882434714,9,1143.327556840606,0.9527729640338383,A2_ratio4
28,7,0.37766705354849783,0.2046204799766323,1,1,0.9224061288788595,0.7698974830549085,0.6063695073548894,1.0814818758947011,0.27988456833662256,0.3105408839684062,0.21987377178297496,0.3701209464460963,8,1129.9514660837124,0.941626221736427,A2_ratio4
28,8,0.5298122247929705,0.2553116680286548,1,1,0.832499845410478,0.6219447841705128,0.6127877000086106,0.9627500847105699,0.3062858800776254,0.3700464653614899,0.26267105670475277,0.37643183561259386,7,1127.9406479813445,0.9399505399844537,A2_ratio4
28,9,0.7933694499467228,0.3495776651495067,1,1,0.6921624300091974,0.5952122313771411,0.5873130898860186,0.7968057102332683,0.33996456734619107,0.37586461633739054,0.3129748024495404,0.38864256605780456,6,1057.776092009712,0.8814800766747601,A2_ratio4
28,10,0.7054196699937783,0.3803424721640617,1,1,0.6042432734983895,0.5510371155813254,0.5269214527547006,0.5885998920861695,0.36526945617691664,0.40811226673563217,0.39312725344803423,0.4082943918339874,5,1026.4691296167116,0.8553909413472597,A2_ratio4
29,2,0.762162939574029,0.0948796276577862,1,1,1.4425579214353348,1.0142299554046146,0.8675588036351776,1.9743853992160085,0.1993693643775629,0.2505774270252793,0.11451284956333266,0.28650938144868576,15,1169.8495436250569,0.9748746196875474,A2_ratio4
29,3,0.8221268683220115,0.11474861019331535,1,1,1.3938155835161898,0.9892121940690612,0.8459338550738812,1.891263509891631,0.2086670230300761,0.25259110647940874,0.11295397316728067,0.28798411697575443,14,1170.7720176380483,0.9756433480317069,A2_ratio4
29,4,0.531541591739114,0.11100983725545577,1,1,1.2666241154634366,0.9382250158941483,0.8330793879828372,1.6810348449979908,0.22460715906961962,0.26089903089598465,0.139465823322259,0.30297031408148484,13,1169.9825493761814,0.9749854578134844,A2_ratio4
29,5,0.5822841571585695,0.128550430610568,1,1,1.1544019279749955,0.9054877738916725,0.8300796089903612,1.4443962979496512,0.23365023525809545,0.27154648126733055,0.1610412328829949,0.2949709145447214,12,1150.4983702766112,0.958748641897176,A2_ratio4
29,6,0.70660475305866,0.14166823501080805,1,1,1.066233566190887,0.8522266654072842,0.822146762226238,1.2205362567457536,0.2459539938504803,0.28493103876343634,0.20161304224250903,0.2969843965697423,11,1144.6902464712352,0.9539085387260293,A2_ratio4
29,8,0.5750026837206011,0.2071884386490738,1,1,0.8714449810453808,0.7211832943086149,0.6849336357362453,0.8672297162669821,0.291631842824328,0.32582416454567603,0.29212085330947335,0.34228188146685395,8,1127.1893049287075,0.939324420773923,A2_ratio4
29,9,0.7295748624180523,0.25956184783354336,1,1,0.759576597143008,0.687902746552047,0.6646115270749395,0.702719264931382,0.31429602505604287,0.3421732376374681,0.33086996168438865,0.34922077757534253,7,1093.6648216892247,0.9113873514076872,A2_ratio4
30,2,0.92125327881901,0.10720394815896982,1,1,1.3891585505527755,1.0017352555311383,0.9173867338908037,1.8400060783603398,0.20588415936533117,0.25619101317699794,0.13043853903427932,0.2668387863032498,15,1179.7757038034072,0.9831464198361727,A2_ratio4
30,3,0.29036380217496616,0.09667189951567894,1,1,1.29861869398665,0.9643577704246376,0.9311752106518285,1.5556067112503347,0.21831504732172763,0.2579960360962529,0.14667901449550022,0.2731456151054452,14,1163.8605414435006,0.9698837845362505,A2_ratio4
30,5,0.22351367199055597,0.1309454678798125,1,1,1.1015884667765834,0.8488337040746753,0.7927680371196291,1.2020547545739826,0.24421742225264345,0.2906936117864829,0.20921372604737654,0.2993661387622804,11,1160.797429874482,0.9673311915620684,A2_ratio4
30,6,0.7256034734267633,0.16342357616066028,1,1,0.9916158290067882,0.8397595016272912,0.7989959293477769,0.8749486062527955,0.26406167346908294,0.29401005051208884,0.281658444225412,0.3016839526367351,10,1150.2244054298308,0.9585203378581924,A2_ratio4
30,7,0.7379549915759113,0.18514260503888252,1,1,0.8828406268950949,0.810813665462974,0.764230419885535,0.8426730837661335,0.28553580125868,0.3070530159073321,0.28965520322252725,0.31560302014035896,9,1123.2398121995116,0.9360331768329263,A2_ratio4
31,1,0.7438197460542346,0.08913876814596472,1,1,1.4782903621396233,1.0475982060517848,0.9378750742168981,2.0150123204525414,0.19659583144747184,0.24678948831433462,0.11470856075899813,0.26495855372801885,16,1168.0768116966542,0.9733973430805452,A2_ratio4
31,2,0.18282796043576838,0.09469240254933675,0,0,1.4078679134118046,0.97611255382959,0.9263316599581546,1.8181085026159987,0.20423524644341784,0.2511454882765145,0.1301439312894859,0.2659789726859849,15,1174.4293502901232,0.9786911252417694,A2_ratio4
31,3,0.7751611947626049,0.10589868197910994,1,1,1.3046322484027917,0.960715989731743,0.9257015405931697,1.4922122102467894,0.21474303934133668,0.2611019943220395,0.16606020067003358,0.2677485355110645,14,1179.136601026689,0.9826138341889076,A2_ratio4
31,4,0.8249243576989375,0.11875396706642748,1,1,1.1778524845376876,0.9585386043666596,0.9180240105008118,1.0712955716623618,0.22939831492226676,0.26205152428857975,0.23804785406604334,0.27215835196801547,13,1169.0669475478144,0.9742224562898453,A2_ratio4
31,6,0.6287370423572303,0.15608067478493332,1,1,0.9565912803491597,0.8287199613087441,0.7943191944152906,0.8433793834346118,0.25852196859804916,0.2862366149411876,0.2723037950064556,0.2998477775664259,10,1145.0194755529044,0.954182896294087,A2_ratio4
31,7,0.6147774601590716,0.17466009655060352,1,1,0.8705001039345411,0.811645942586128,0.7892536359191722,0.8293037156604351,0.2810754819751231,0.3058665136989093,0.27960361763019903,0.30604062903749757,9,1124.2687139224024,0.9368905949353353,A2_ratio4
32,1,0.6192684000622208,0.10842687246673843,1,1,1.4477892642118186,1.3880455817437363,0.7985723606629056,2.0228153535392384,0.20454272254420053,0.16074712788194317,0.11257228009908168,0.31144741313747304,14,1177.775263799321,0.9814793864994342,A2_ratio4
32,2,0.09774976540419866,0.10827095163469465,1,1,1.3218998619438955,1.4010387667809903,0.750693050233564,1.9266384080401155,0.21604417315487734,0.17349944965135697,0.1103796068585875,0.32325067638502875,13,1159.9010904101337,0.9665842420084448,A2_ratio4
32,3,0.748409226646802,0.1307732541309246,1,1,1.2397670408474282,1.0882270514187338,0.7385189969597521,1.7098800877161382,0.22853228239917037,0.25131062544281374,0.13690365908734684,0.31731852552052475,12,1161.6703124915218,0.9680585937429349,A2_ratio4
32,4,0.1428989834192977,0.1320393482866614,1,1,1.1659179137902835,0.835522801996969,0.7372036704016477,1.5168036901397675,0.23975944282053074,0.2871200345118658,0.15857065799150316,0.3241690044729627,11,1156.2654764531194,0.9635545637109328,A2_ratio4
32,5,0.6750910297551513,0.1588887433733873,1,1,1.0700858836355267,0.7722146043955358,0.7225444988876852,1.3796051818395294,0.2523768085282534,0.31640022516990124,0.17033564322407133,0.32472656901002417,10,1165.6378335264017,0.9713648612720014,A2_ratio4
32,6,0.4894314754973314,0.17992790774597486,1,1,0.9591560717267124,0.7408605336593653,0.7137257528153437,1.278255728496326,0.27216071858662133,0.3150463703887064,0.1952402828066552,0.32915288240614354,9,1138.0185367578695,0.9483487806315579,A2_ratio4
32,7,0.3369942057805285,0.1901766462712639,1,1,0.8360093538224262,0.6960693211714243,0.664873779527219,0.8625436122678156,0.2883641636633737,0.3286151090787899,0.27134166269934346,0.3431670450714037,8,1105.5939004915176,0.921328250409598,A2_ratio4
32,8,0.6729436693083797,0.2559857074016047,1,1,0.7703574893009552,0.6644655187409176,0.6576798060021494,0.6920028437508338,0.31227897724310466,0.3457740236529378,0.33284762469853846,0.3510333897470507,7,1109.595708743916,0.92466309061993,A2_ratio4
32,9,0.5488672753116162,0.2747290769185085,1,1,0.6491985343677348,0.6326378957370264,0.6219262246683601,0.669450608130167,0.34130620986263366,0.35997813923571403,0.34910166225288897,0.37604080392498057,6,967.5086080004204,0.8062571733336836,A2_ratio4
33,4,0.36588880694619097,0.17771899352021991,1,1,1.1060723318352434,0.6847898874093771,0.653356449256151,1.3662628613572323,0.26592471967047754,0.3350926582425963,0.1783693419704405,0.35624814744791145,9,1161.1478123939164,0.9676231769949304,A2_ratio4
33,5,0.7671920226110626,0.22139088341390456,1,1,0.9474705885719898,0.6574882341790161,0.6416996521916741,1.0256330949271966,0.28116138991763395,0.3407032795038658,0.2272636544237428,0.36005962161937366,8,1158.4893860711027,0.9654078217259189,A2_ratio4
33,6,0.6110116911989281,0.23945715119037014,1,1,0.7956621079862206,0.643137062097896,0.6273205413369943,0.8304519790883579,0.3074067293344063,0.3509449945992045,0.29030016066603304,0.3653845412043015,7,1120.9071802492674,0.9340893168743896,A2_ratio4
33,7,0.6800137603396892,0.3015338544887765,1,1,0.6639804710484184,0.611854087178445,0.5987450514522412,0.632202114610473,0.33617397361302115,0.3628472284563834,0.3554852695499288,0.36716938326307236,6,1044.4842138904446,0.8704035115753705,A2_ratio4
34,3,0.7049060478977608,0.12598945886118945,1,1,1.242577427382062,1.1728909306689022,0.7241061840897198,1.663414144589516,0.22529660389718606,0.21571343554481243,0.13152746355415698,0.3259809017280733,12,1162.6258099420172,0.9688548416183477,A2_ratio4
34,4,0.12183545113489669,0.13010943529161068,1,1,1.1874765657058122,1.1391066048426572,0.7231598337023006,1.489370254536994,0.23775153324879728,0.2211681392693156,0.1675600399098952,0.33199514101356015,11,1163.8626954821113,0.9698855795684261,A2_ratio4
34,6,0.6253181924570056,0.16472880737589307,1,1,1.0538895294128552,0.9500987100893874,0.70154605446513,1.226473764732125,0.25172833696325597,0.26962758346781,0.1939630873746322,0.3368466652627262,10,1154.4031275907391,0.962002606325616,A2_ratio4
34,7,0.4510087052916796,0.17720794290228892,1,1,0.9413538399112618,0.7304491550990965,0.6718187476258416,1.1365192704939886,0.27432564500386153,0.33576860854971013,0.2196128698073562,0.3456655858932433,9,1133.5319179844792,0.9446099316537326,A2_ratio4
34,8,0.4192562351443113,0.19457442565384522,1,1,0.8640225932628587,0.696075994560091,0.6688573966556771,1.0950145024902058,0.2945815420465142,0.3423922562952978,0.23827533267799023,0.35006361990358303,8,1097.2508207878018,0.9143756839898348,A2_ratio4
34,9,0.7556355590450168,0.27315817241302204,1,1,0.7803819439881148,0.6654177318790504,0.6554158365211962,0.8679242230630675,0.31889558916891836,0.3555331064101555,0.292248109786505,0.3730244172578868,7,1069.9750257155704,0.8916458547629753,A2_ratio4
34,10,0.6524233792420013,0.2889010973340262,1,1,0.685353312940124,0.6184050155925909,0.6058278838198332,0.6373642456263418,0.3398018988554497,0.37528640272884406,0.37124836065772665,0.37777136740602846,6,1076.8216679018733,0.8973513899182277,A2_ratio4
