season,celebrity_name,week,eligible,season_max_week,celebrity_age_during_season,celebrity_industry,celebrity_homestate,celebrity_homecountry_region,eligible_next
1,Evander Holyfield,1,True,6,42,Athlete,Alabama,United States,True
1,Evander Holyfield,2,True,6,42,Athlete,Alabama,United States,True
1,Evander Holyfield,3,True,6,42,Athlete,Alabama,United States,False
1,Evander Holyfield,4,False,6,42,Athlete,Alabama,United States,False
1,Evander Holyfield,5,False,6,42,Athlete,Alabama,United States,False
1,Evander Holyfield,6,False,6,42,Athlete,Alabama,United States,False
1,Joey McIntyre,1,True,6,32,Singer/Rapper,Massachusetts,United States,True
1,Joey McIntyre,2,True,6,32,Singer/Rapper,Massachusetts,United States,True
1,Joey McIntyre,3,True,6,32,Singer/Rapper,Massachusetts,United States,True
1,Joey McIntyre,4,True,6,32,Singer/Rapper,Massachusetts,United States,True
1,Joey McIntyre,5,True,6,32,Singer/Rapper,Massachusetts,United States,True
1,Joey McIntyre,6,True,6,32,Singer/Rapper,Massachusetts,United States,False
1,John O'Hurley,1,True,6,50,Actor/Actress,Maine,United States,True
1,John O'Hurley,2,True,6,50,Actor/Actress,Maine,United States,True
1,John O'Hurley,3,True,6,50,Actor/Actress,Maine,United States,True
1,John O'Hurley,4,True,6,50,Actor/Actress,Maine,United States,True
1,John O'Hurley,5,True,6,50,Actor/Actress,Maine,United States,True
1,John O'Hurley,6,True,6,50,Actor/Actress,Maine,United States,False
1,Kelly Monaco,1,True,6,29,Actor/Actress,Pennsylvania,United States,True
1,Kelly Monaco,2,True,6,29,Actor/Actress,Pennsylvania,United States,True
1,Kelly Monaco,3,True,6,29,Actor/Actress,Pennsylvania,United States,True
1,Kelly Monaco,4,True,6,29,Actor/Actress,Pennsylvania,United States,True
1,Kelly Monaco,5,True,6,29,Actor/Actress,Pennsylvania,United States,True
1,Kelly Monaco,6,True,6,29,Actor/Actress,Pennsylvania,United States,False
1,Rachel Hunter,1,True,6,35,Model,,New Zealand,True
1,Rachel Hunter,2,True,6,35,Model,,New Zealand,True
1,Rachel Hunter,3,True,6,35,Model,,New Zealand,True
1,Rachel Hunter,4,True,6,35,Model,,New Zealand,False
1,Rachel Hunter,5,False,6,35,Model,,New Zealand,False
1,Rachel Hunter,6,False,6,35,Model,,New Zealand,False
1,Trista Sutter,1,True,6,32,TV Personality,Indiana,United States,True
1,Trista Sutter,2,True,6,32,TV Personality,Indiana,United States,False
1,Trista Sutter,3,False,6,32,TV Personality,Indiana,United States,False
1,Trista Sutter,4,False,6,32,TV Personality,Indiana,United States,False
1,Trista Sutter,5,False,6,32,TV Personality,Indiana,United States,False
1,Trista Sutter,6,False,6,32,TV Personality,Indiana,United States,False
2,Drew Lachey,1,True,8,29,Singer/Rapper,Ohio,United States,True
2,Drew Lachey,2,True,8,29,Singer/Rapper,Ohio,United States,True
2,Drew Lachey,3,True,8,29,Singer/Rapper,Ohio,United States,True
2,Drew Lachey,4,True,8,29,Singer/Rapper,Ohio,United States,True
2,Drew Lachey,5,True,8,29,Singer/Rapper,Ohio,United States,True
2,Drew Lachey,6,True,8,29,Singer/Rapper,Ohio,United States,True
2,Drew Lachey,7,True,8,29,Singer/Rapper,Ohio,United States,True
2,Drew Lachey,8,True,8,29,Singer/Rapper,Ohio,United States,False
2,George Hamilton,1,True,8,66,Actor/Actress,Tennessee,United States,True
2,George Hamilton,2,True,8,66,Actor/Actress,Tennessee,United States,True
2,George Hamilton,3,True,8,66,Actor/Actress,Tennessee,United States,True
2,George Hamilton,4,True,8,66,Actor/Actress,Tennessee,United States,True
2,George Hamilton,5,True,8,66,Actor/Actress,Tennessee,United States,True
2,George Hamilton,6,True,8,66,Actor/Actress,Tennessee,United States,False
2,George Hamilton,7,False,8,66,Actor/Actress,Tennessee,United States,False
2,George Hamilton,8,False,8,66,Actor/Actress,Tennessee,United States,False
2,Giselle Fernandez,1,True,8,44,News Anchor,,Mexico,True
2,Giselle Fernandez,2,True,8,44,News Anchor,,Mexico,True
2,Giselle Fernandez,3,True,8,44,News Anchor,,Mexico,False
2,Giselle Fernandez,4,False,8,44,News Anchor,,Mexico,False
2,Giselle Fernandez,5,False,8,44,News Anchor,,Mexico,False
2,Giselle Fernandez,6,False,8,44,News Anchor,,Mexico,False
2,Giselle Fernandez,7,False,8,44,News Anchor,,Mexico,False
2,Giselle Fernandez,8,False,8,44,News Anchor,,Mexico,False
2,Jerry Rice,1,True,8,43,Athlete,Mississippi,United States,True
2,Jerry Rice,2,True,8,43,Athlete,Mississippi,United States,True
2,Jerry Rice,3,True,8,43,Athlete,Mississippi,United States,True
2,Jerry Rice,4,True,8,43,Athlete,Mississippi,United States,True
2,Jerry Rice,5,True,8,43,Athlete,Mississippi,United States,True
2,Jerry Rice,6,True,8,43,Athlete,Mississippi,United States,True
2,Jerry Rice,7,True,8,43,Athlete,Mississippi,United States,True
2,Jerry Rice,8,True,8,43,Athlete,Mississippi,United States,False
2,Kenny Mayne,1,True,8,46,Sports Broadcaster,Washington,United States,False
2,Kenny Mayne,2,False,8,46,Sports Broadcaster,Washington,United States,False
2,Kenny Mayne,3,False,8,46,Sports Broadcaster,Washington,United States,False
2,Kenny Mayne,4,False,8,46,Sports Broadcaster,Washington,United States,False
2,Kenny Mayne,5,False,8,46,Sports Broadcaster,Washington,United States,False
2,Kenny Mayne,6,False,8,46,Sports Broadcaster,Washington,United States,False
2,Kenny Mayne,7,False,8,46,Sports Broadcaster,Washington,United States,False
2,Kenny Mayne,8,False,8,46,Sports Broadcaster,Washington,United States,False
2,Lisa Rinna,1,True,8,42,Actor/Actress,California,United States,True
2,Lisa Rinna,2,True,8,42,Actor/Actress,California,United States,True
2,Lisa Rinna,3,True,8,42,Actor/Actress,California,United States,True
2,Lisa Rinna,4,True,8,42,Actor/Actress,California,United States,True
2,Lisa Rinna,5,True,8,42,Actor/Actress,California,United States,True
2,Lisa Rinna,6,True,8,42,Actor/Actress,California,United States,True
2,Lisa Rinna,7,True,8,42,Actor/Actress,California,United States,False
2,Lisa Rinna,8,False,8,42,Actor/Actress,California,United States,False
2,Master P,1,True,8,35,Singer/Rapper,Louisiana,United States,True
2,Master P,2,True,8,35,Singer/Rapper,Louisiana,United States,True
2,Master P,3,True,8,35,Singer/Rapper,Louisiana,United States,True
2,Master P,4,True,8,35,Singer/Rapper,Louisiana,United States,False
2,Master P,5,False,8,35,Singer/Rapper,Louisiana,United States,False
2,Master P,6,False,8,35,Singer/Rapper,Louisiana,United States,False
2,Master P,7,False,8,35,Singer/Rapper,Louisiana,United States,False
2,Master P,8,False,8,35,Singer/Rapper,Louisiana,United States,False
2,Stacy Keibler,1,True,8,26,Athlete,Maryland,United States,True
2,Stacy Keibler,2,True,8,26,Athlete,Maryland,United States,True
2,Stacy Keibler,3,True,8,26,Athlete,Maryland,United States,True
2,Stacy Keibler,4,True,8,26,Athlete,Maryland,United States,True
2,Stacy Keibler,5,True,8,26,Athlete,Maryland,United States,True
2,Stacy Keibler,6,True,8,26,Athlete,Maryland,United States,True
2,Stacy Keibler,7,True,8,26,Athlete,Maryland,United States,True
2,Stacy Keibler,8,True,8,26,Athlete,Maryland,United States,False
2,Tatum O'Neal,1,True,8,42,Actor/Actress,California,United States,True
2,Tatum O'Neal,2,True,8,42,Actor/Actress,California,United States,False
2,Tatum O'Neal,3,False,8,42,Actor/Actress,California,United States,False
2,Tatum O'Neal,4,False,8,42,Actor/Actress,California,United States,False
2,Tatum O'Neal,5,False,8,42,Actor/Actress,California,United States,False
2,Tatum O'Neal,6,False,8,42,Actor/Actress,California,United States,False
2,Tatum O'Neal,7,False,8,42,Actor/Actress,California,United States,False
2,Tatum O'Neal,8,False,8,42,Actor/Actress,California,United States,False
2,Tia Carrere,1,True,8,39,Actor/Actress,Hawaii,United States,True
2,Tia Carrere,2,True,8,39,Actor/Actress,Hawaii,United States,True
2,Tia Carrere,3,True,8,39,Actor/Actress,Hawaii,United States,True
2,Tia Carrere,4,True,8,39,Actor/Actress,Hawaii,United States,True
2,Tia Carrere,5,True,8,39,Actor/Actress,Hawaii,United States,False
2,Tia Carrere,6,False,8,39,Actor/Actress,Hawaii,United States,False
2,Tia Carrere,7,False,8,39,Actor/Actress,Hawaii,United States,False
2,Tia Carrere,8,False,8,39,Actor/Actress,Hawaii,United States,False
3,Emmitt Smith,1,True,10,37,Athlete,Florida,United States,True
3,Emmitt Smith,2,True,10,37,Athlete,Florida,United States,True
3,Emmitt Smith,3,True,10,37,Athlete,Florida,United States,True
3,Emmitt Smith,4,True,10,37,Athlete,Florida,United States,True
3,Emmitt Smith,5,True,10,37,Athlete,Florida,United States,True
3,Emmitt Smith,6,True,10,37,Athlete,Florida,United States,True
3,Emmitt Smith,7,True,10,37,Athlete,Florida,United States,True
3,Emmitt Smith,8,True,10,37,Athlete,Florida,United States,True
3,Emmitt Smith,9,True,10,37,Athlete,Florida,United States,True
3,Emmitt Smith,10,True,10,37,Athlete,Florida,United States,False
3,Harry Hamlin,1,True,10,54,Actor/Actress,California,United States,True
3,Harry Hamlin,2,True,10,54,Actor/Actress,California,United States,True
3,Harry Hamlin,3,True,10,54,Actor/Actress,California,United States,False
3,Harry Hamlin,4,False,10,54,Actor/Actress,California,United States,False
3,Harry Hamlin,5,False,10,54,Actor/Actress,California,United States,False
3,Harry Hamlin,6,False,10,54,Actor/Actress,California,United States,False
3,Harry Hamlin,7,False,10,54,Actor/Actress,California,United States,False
3,Harry Hamlin,8,False,10,54,Actor/Actress,California,United States,False
3,Harry Hamlin,9,False,10,54,Actor/Actress,California,United States,False
3,Harry Hamlin,10,False,10,54,Actor/Actress,California,United States,False
3,Jerry Springer,1,True,10,62,TV Personality,,England,True
3,Jerry Springer,2,True,10,62,TV Personality,,England,True
3,Jerry Springer,3,True,10,62,TV Personality,,England,True
3,Jerry Springer,4,True,10,62,TV Personality,,England,True
3,Jerry Springer,5,True,10,62,TV Personality,,England,True
3,Jerry Springer,6,True,10,62,TV Personality,,England,True
3,Jerry Springer,7,True,10,62,TV Personality,,England,False
3,Jerry Springer,8,False,10,62,TV Personality,,England,False
3,Jerry Springer,9,False,10,62,TV Personality,,England,False
3,Jerry Springer,10,False,10,62,TV Personality,,England,False
3,Joey Lawrence,1,True,10,30,Actor/Actress,Pennsylvania,United States,True
3,Joey Lawrence,2,True,10,30,Actor/Actress,Pennsylvania,United States,True
3,Joey Lawrence,3,True,10,30,Actor/Actress,Pennsylvania,United States,True
3,Joey Lawrence,4,True,10,30,Actor/Actress,Pennsylvania,United States,True
3,Joey Lawrence,5,True,10,30,Actor/Actress,Pennsylvania,United States,True
3,Joey Lawrence,6,True,10,30,Actor/Actress,Pennsylvania,United States,True
3,Joey Lawrence,7,True,10,30,Actor/Actress,Pennsylvania,United States,True
3,Joey Lawrence,8,True,10,30,Actor/Actress,Pennsylvania,United States,True
3,Joey Lawrence,9,True,10,30,Actor/Actress,Pennsylvania,United States,True
3,Joey Lawrence,10,True,10,30,Actor/Actress,Pennsylvania,United States,False
3,Mario Lopez,1,True,10,32,Actor/Actress,California,United States,True
3,Mario Lopez,2,True,10,32,Actor/Actress,California,United States,True
3,Mario Lopez,3,True,10,32,Actor/Actress,California,United States,True
3,Mario Lopez,4,True,10,32,Actor/Actress,California,United States,True
3,Mario Lopez,5,True,10,32,Actor/Actress,California,United States,True
3,Mario Lopez,6,True,10,32,Actor/Actress,California,United States,True
3,Mario Lopez,7,True,10,32,Actor/Actress,California,United States,True
3,Mario Lopez,8,True,10,32,Actor/Actress,California,United States,True
3,Mario Lopez,9,True,10,32,Actor/Actress,California,United States,True
3,Mario Lopez,10,True,10,32,Actor/Actress,California,United States,False
3,Monique Coleman,1,True,10,25,Actor/Actress,South Carolina,United States,True
3,Monique Coleman,2,True,10,25,Actor/Actress,South Carolina,United States,True
3,Monique Coleman,3,True,10,25,Actor/Actress,South Carolina,United States,True
3,Monique Coleman,4,True,10,25,Actor/Actress,South Carolina,United States,True
3,Monique Coleman,5,True,10,25,Actor/Actress,South Carolina,United States,True
3,Monique Coleman,6,True,10,25,Actor/Actress,South Carolina,United States,True
3,Monique Coleman,7,True,10,25,Actor/Actress,South Carolina,United States,True
3,Monique Coleman,8,True,10,25,Actor/Actress,South Carolina,United States,False
3,Monique Coleman,9,False,10,25,Actor/Actress,South Carolina,United States,False
3,Monique Coleman,10,False,10,25,Actor/Actress,South Carolina,United States,False
3,Sara Evans,1,True,10,35,Singer/Rapper,Missouri,United States,True
3,Sara Evans,2,True,10,35,Singer/Rapper,Missouri,United States,True
3,Sara Evans,3,True,10,35,Singer/Rapper,Missouri,United States,True
3,Sara Evans,4,True,10,35,Singer/Rapper,Missouri,United States,True
3,Sara Evans,5,True,10,35,Singer/Rapper,Missouri,United States,False
3,Sara Evans,6,False,10,35,Singer/Rapper,Missouri,United States,False
3,Sara Evans,7,False,10,35,Singer/Rapper,Missouri,United States,False
3,Sara Evans,8,False,10,35,Singer/Rapper,Missouri,United States,False
3,Sara Evans,9,False,10,35,Singer/Rapper,Missouri,United States,False
3,Sara Evans,10,False,10,35,Singer/Rapper,Missouri,United States,False
3,Shanna Moakler,1,True,10,31,Model,Rhode Island,United States,True
3,Shanna Moakler,2,True,10,31,Model,Rhode Island,United States,False
3,Shanna Moakler,3,False,10,31,Model,Rhode Island,United States,False
3,Shanna Moakler,4,False,10,31,Model,Rhode Island,United States,False
3,Shanna Moakler,5,False,10,31,Model,Rhode Island,United States,False
3,Shanna Moakler,6,False,10,31,Model,Rhode Island,United States,False
3,Shanna Moakler,7,False,10,31,Model,Rhode Island,United States,False
3,Shanna Moakler,8,False,10,31,Model,Rhode Island,United States,False
3,Shanna Moakler,9,False,10,31,Model,Rhode Island,United States,False
3,Shanna Moakler,10,False,10,31,Model,Rhode Island,United States,False
3,Tucker Carlson,1,True,10,37,TV Personality,California,United States,False
3,Tucker Carlson,2,False,10,37,TV Personality,California,United States,False
3,Tucker Carlson,3,False,10,37,TV Personality,California,United States,False
3,Tucker Carlson,4,False,10,37,TV Personality,California,United States,False
3,Tucker Carlson,5,False,10,37,TV Personality,California,United States,False
3,Tucker Carlson,6,False,10,37,TV Personality,California,United States,False
3,Tucker Carlson,7,False,10,37,TV Personality,California,United States,False
3,Tucker Carlson,8,False,10,37,TV Personality,California,United States,False
3,Tucker Carlson,9,False,10,37,TV Personality,California,United States,False
3,Tucker Carlson,10,False,10,37,TV Personality,California,United States,False
3,Vivica A. Fox,1,True,10,42,Actor/Actress,Indiana,United States,True
3,Vivica A. Fox,2,True,10,42,Actor/Actress,Indiana,United States,True
3,Vivica A. Fox,3,True,10,42,Actor/Actress,Indiana,United States,True
3,Vivica A. Fox,4,True,10,42,Actor/Actress,Indiana,United States,False
3,Vivica A. Fox,5,False,10,42,Actor/Actress,Indiana,United States,False
3,Vivica A. Fox,6,False,10,42,Actor/Actress,Indiana,United States,False
3,Vivica A. Fox,7,False,10,42,Actor/Actress,Indiana,United States,False
3,Vivica A. Fox,8,False,10,42,Actor/Actress,Indiana,United States,False
3,Vivica A. Fox,9,False,10,42,Actor/Actress,Indiana,United States,False
3,Vivica A. Fox,10,False,10,42,Actor/Actress,Indiana,United States,False
3,Willa Ford,1,True,10,25,Singer/Rapper,Florida,United States,True
3,Willa Ford,2,True,10,25,Singer/Rapper,Florida,United States,True
3,Willa Ford,3,True,10,25,Singer/Rapper,Florida,United States,True
3,Willa Ford,4,True,10,25,Singer/Rapper,Florida,United States,True
3,Willa Ford,5,True,10,25,Singer/Rapper,Florida,United States,False
3,Willa Ford,6,False,10,25,Singer/Rapper,Florida,United States,False
3,Willa Ford,7,False,10,25,Singer/Rapper,Florida,United States,False
3,Willa Ford,8,False,10,25,Singer/Rapper,Florida,United States,False
3,Willa Ford,9,False,10,25,Singer/Rapper,Florida,United States,False
3,Willa Ford,10,False,10,25,Singer/Rapper,Florida,United States,False
4,Apolo Anton Ohno,1,True,10,24,Athlete,Washington,United States,True
4,Apolo Anton Ohno,2,True,10,24,Athlete,Washington,United States,True
4,Apolo Anton Ohno,3,True,10,24,Athlete,Washington,United States,True
4,Apolo Anton Ohno,4,True,10,24,Athlete,Washington,United States,True
4,Apolo Anton Ohno,5,True,10,24,Athlete,Washington,United States,True
4,Apolo Anton Ohno,6,True,10,24,Athlete,Washington,United States,True
4,Apolo Anton Ohno,7,True,10,24,Athlete,Washington,United States,True
4,Apolo Anton Ohno,8,True,10,24,Athlete,Washington,United States,True
4,Apolo Anton Ohno,9,True,10,24,Athlete,Washington,United States,True
4,Apolo Anton Ohno,10,True,10,24,Athlete,Washington,United States,False
4,Billy Ray Cyrus,1,True,10,45,Singer/Rapper,Kentucky,United States,True
4,Billy Ray Cyrus,2,True,10,45,Singer/Rapper,Kentucky,United States,True
4,Billy Ray Cyrus,3,True,10,45,Singer/Rapper,Kentucky,United States,True
4,Billy Ray Cyrus,4,True,10,45,Singer/Rapper,Kentucky,United States,True
4,Billy Ray Cyrus,5,True,10,45,Singer/Rapper,Kentucky,United States,True
4,Billy Ray Cyrus,6,True,10,45,Singer/Rapper,Kentucky,United States,True
4,Billy Ray Cyrus,7,True,10,45,Singer/Rapper,Kentucky,United States,True
4,Billy Ray Cyrus,8,True,10,45,Singer/Rapper,Kentucky,United States,False
4,Billy Ray Cyrus,9,False,10,45,Singer/Rapper,Kentucky,United States,False
4,Billy Ray Cyrus,10,False,10,45,Singer/Rapper,Kentucky,United States,False
4,Clyde Drexler,1,True,10,44,Athlete,Louisiana,United States,True
4,Clyde Drexler,2,True,10,44,Athlete,Louisiana,United States,True
4,Clyde Drexler,3,True,10,44,Athlete,Louisiana,United States,True
4,Clyde Drexler,4,True,10,44,Athlete,Louisiana,United States,True
4,Clyde Drexler,5,True,10,44,Athlete,Louisiana,United States,False
4,Clyde Drexler,6,False,10,44,Athlete,Louisiana,United States,False
4,Clyde Drexler,7,False,10,44,Athlete,Louisiana,United States,False
4,Clyde Drexler,8,False,10,44,Athlete,Louisiana,United States,False
4,Clyde Drexler,9,False,10,44,Athlete,Louisiana,United States,False
4,Clyde Drexler,10,False,10,44,Athlete,Louisiana,United States,False
4,Heather Mills,1,True,10,39,Model,,England,True
4,Heather Mills,2,True,10,39,Model,,England,True
4,Heather Mills,3,True,10,39,Model,,England,True
4,Heather Mills,4,True,10,39,Model,,England,True
4,Heather Mills,5,True,10,39,Model,,England,True
4,Heather Mills,6,True,10,39,Model,,England,False
4,Heather Mills,7,False,10,39,Model,,England,False
4,Heather Mills,8,False,10,39,Model,,England,False
4,Heather Mills,9,False,10,39,Model,,England,False
4,Heather Mills,10,False,10,39,Model,,England,False
4,Ian Ziering,1,True,10,42,Actor/Actress,New Jersey,United States,True
4,Ian Ziering,2,True,10,42,Actor/Actress,New Jersey,United States,True
4,Ian Ziering,3,True,10,42,Actor/Actress,New Jersey,United States,True
4,Ian Ziering,4,True,10,42,Actor/Actress,New Jersey,United States,True
4,Ian Ziering,5,True,10,42,Actor/Actress,New Jersey,United States,True
4,Ian Ziering,6,True,10,42,Actor/Actress,New Jersey,United States,True
4,Ian Ziering,7,True,10,42,Actor/Actress,New Jersey,United States,True
4,Ian Ziering,8,True,10,42,Actor/Actress,New Jersey,United States,True
4,Ian Ziering,9,True,10,42,Actor/Actress,New Jersey,United States,False
4,Ian Ziering,10,False,10,42,Actor/Actress,New Jersey,United States,False
4,Joey Fatone,1,True,10,30,Singer/Rapper,New York,United States,True
4,Joey Fatone,2,True,10,30,Singer/Rapper,New York,United States,True
4,Joey Fatone,3,True,10,30,Singer/Rapper,New York,United States,True
4,Joey Fatone,4,True,10,30,Singer/Rapper,New York,United States,True
4,Joey Fatone,5,True,10,30,Singer/Rapper,New York,United States,True
4,Joey Fatone,6,True,10,30,Singer/Rapper,New York,United States,True
4,Joey Fatone,7,True,10,30,Singer/Rapper,New York,United States,True
4,Joey Fatone,8,True,10,30,Singer/Rapper,New York,United States,True
4,Joey Fatone,9,True,10,30,Singer/Rapper,New York,United States,True
4,Joey Fatone,10,True,10,30,Singer/Rapper,New York,United States,False
4,John Ratzenberger,1,True,10,59,Actor/Actress,Connecticut,United States,True
4,John Ratzenberger,2,True,10,59,Actor/Actress,Connecticut,United States,True
4,John Ratzenberger,3,True,10,59,Actor/Actress,Connecticut,United States,True
4,John Ratzenberger,4,True,10,59,Actor/Actress,Connecticut,United States,True
4,John Ratzenberger,5,True,10,59,Actor/Actress,Connecticut,United States,True
4,John Ratzenberger,6,True,10,59,Actor/Actress,Connecticut,United States,True
4,John Ratzenberger,7,True,10,59,Actor/Actress,Connecticut,United States,False
4,John Ratzenberger,8,False,10,59,Actor/Actress,Connecticut,United States,False
4,John Ratzenberger,9,False,10,59,Actor/Actress,Connecticut,United States,False
4,John Ratzenberger,10,False,10,59,Actor/Actress,Connecticut,United States,False
4,Laila Ali,1,True,10,29,Athlete,Florida,United States,True
4,Laila Ali,2,True,10,29,Athlete,Florida,United States,True
4,Laila Ali,3,True,10,29,Athlete,Florida,United States,True
4,Laila Ali,4,True,10,29,Athlete,Florida,United States,True
4,Laila Ali,5,True,10,29,Athlete,Florida,United States,True
4,Laila Ali,6,True,10,29,Athlete,Florida,United States,True
4,Laila Ali,7,True,10,29,Athlete,Florida,United States,True
4,Laila Ali,8,True,10,29,Athlete,Florida,United States,True
4,Laila Ali,9,True,10,29,Athlete,Florida,United States,True
4,Laila Ali,10,True,10,29,Athlete,Florida,United States,False
4,Leeza Gibbons,1,True,10,50,TV Personality,South Carolina,United States,True
4,Leeza Gibbons,2,True,10,50,TV Personality,South Carolina,United States,True
4,Leeza Gibbons,3,True,10,50,TV Personality,South Carolina,United States,True
4,Leeza Gibbons,4,True,10,50,TV Personality,South Carolina,United States,False
4,Leeza Gibbons,5,False,10,50,TV Personality,South Carolina,United States,False
4,Leeza Gibbons,6,False,10,50,TV Personality,South Carolina,United States,False
4,Leeza Gibbons,7,False,10,50,TV Personality,South Carolina,United States,False
4,Leeza Gibbons,8,False,10,50,TV Personality,South Carolina,United States,False
4,Leeza Gibbons,9,False,10,50,TV Personality,South Carolina,United States,False
4,Leeza Gibbons,10,False,10,50,TV Personality,South Carolina,United States,False
4,Paulina Porizkova,1,True,10,41,Model,,Czechoslovakia,True
4,Paulina Porizkova,2,True,10,41,Model,,Czechoslovakia,False
4,Paulina Porizkova,3,False,10,41,Model,,Czechoslovakia,False
4,Paulina Porizkova,4,False,10,41,Model,,Czechoslovakia,False
4,Paulina Porizkova,5,False,10,41,Model,,Czechoslovakia,False
4,Paulina Porizkova,6,False,10,41,Model,,Czechoslovakia,False
4,Paulina Porizkova,7,False,10,41,Model,,Czechoslovakia,False
4,Paulina Porizkova,8,False,10,41,Model,,Czechoslovakia,False
4,Paulina Porizkova,9,False,10,41,Model,,Czechoslovakia,False
4,Paulina Porizkova,10,False,10,41,Model,,Czechoslovakia,False
4,Shandi Finnessey,1,True,10,28,Beauty Pagent,Missouri,United States,True
4,Shandi Finnessey,2,True,10,28,Beauty Pagent,Missouri,United States,True
4,Shandi Finnessey,3,True,10,28,Beauty Pagent,Missouri,United States,False
4,Shandi Finnessey,4,False,10,28,Beauty Pagent,Missouri,United States,False
4,Shandi Finnessey,5,False,10,28,Beauty Pagent,Missouri,United States,False
4,Shandi Finnessey,6,False,10,28,Beauty Pagent,Missouri,United States,False
4,Shandi Finnessey,7,False,10,28,Beauty Pagent,Missouri,United States,False
4,Shandi Finnessey,8,False,10,28,Beauty Pagent,Missouri,United States,False
4,Shandi Finnessey,9,False,10,28,Beauty Pagent,Missouri,United States,False
4,Shandi Finnessey,10,False,10,28,Beauty Pagent,Missouri,United States,False
5,Albert Reed,1,True,10,22,Model,Florida,United States,True
5,Albert Reed,2,True,10,22,Model,Florida,United States,False
5,Albert Reed,3,False,10,22,Model,Florida,United States,False
5,Albert Reed,4,False,10,22,Model,Florida,United States,False
5,Albert Reed,5,False,10,22,Model,Florida,United States,False
5,Albert Reed,6,False,10,22,Model,Florida,United States,False
5,Albert Reed,7,False,10,22,Model,Florida,United States,False
5,Albert Reed,8,False,10,22,Model,Florida,United States,False
5,Albert Reed,9,False,10,22,Model,Florida,United States,False
5,Albert Reed,10,False,10,22,Model,Florida,United States,False
5,Cameron Mathison,1,True,10,38,Actor/Actress,,Canada,True
5,Cameron Mathison,2,True,10,38,Actor/Actress,,Canada,True
5,Cameron Mathison,3,True,10,38,Actor/Actress,,Canada,True
5,Cameron Mathison,4,True,10,38,Actor/Actress,,Canada,True
5,Cameron Mathison,5,True,10,38,Actor/Actress,,Canada,True
5,Cameron Mathison,6,True,10,38,Actor/Actress,,Canada,True
5,Cameron Mathison,7,True,10,38,Actor/Actress,,Canada,True
5,Cameron Mathison,8,True,10,38,Actor/Actress,,Canada,False
5,Cameron Mathison,9,False,10,38,Actor/Actress,,Canada,False
5,Cameron Mathison,10,False,10,38,Actor/Actress,,Canada,False
5,Floyd Mayweather Jr.,1,True,10,30,Athlete,Michigan,United States,True
5,Floyd Mayweather Jr.,2,True,10,30,Athlete,Michigan,United States,True
5,Floyd Mayweather Jr.,3,True,10,30,Athlete,Michigan,United States,True
5,Floyd Mayweather Jr.,4,True,10,30,Athlete,Michigan,United States,False
5,Floyd Mayweather Jr.,5,False,10,30,Athlete,Michigan,United States,False
5,Floyd Mayweather Jr.,6,False,10,30,Athlete,Michigan,United States,False
5,Floyd Mayweather Jr.,7,False,10,30,Athlete,Michigan,United States,False
5,Floyd Mayweather Jr.,8,False,10,30,Athlete,Michigan,United States,False
5,Floyd Mayweather Jr.,9,False,10,30,Athlete,Michigan,United States,False
5,Floyd Mayweather Jr.,10,False,10,30,Athlete,Michigan,United States,False
5,Helio Castroneves,1,True,10,32,Racing Driver,,Brazil,True
5,Helio Castroneves,2,True,10,32,Racing Driver,,Brazil,True
5,Helio Castroneves,3,True,10,32,Racing Driver,,Brazil,True
5,Helio Castroneves,4,True,10,32,Racing Driver,,Brazil,True
5,Helio Castroneves,5,True,10,32,Racing Driver,,Brazil,True
5,Helio Castroneves,6,True,10,32,Racing Driver,,Brazil,True
5,Helio Castroneves,7,True,10,32,Racing Driver,,Brazil,True
5,Helio Castroneves,8,True,10,32,Racing Driver,,Brazil,True
5,Helio Castroneves,9,True,10,32,Racing Driver,,Brazil,True
5,Helio Castroneves,10,True,10,32,Racing Driver,,Brazil,False
5,Jane Seymour,1,True,10,56,Actor/Actress,,England,True
5,Jane Seymour,2,True,10,56,Actor/Actress,,England,True
5,Jane Seymour,3,True,10,56,Actor/Actress,,England,True
5,Jane Seymour,4,True,10,56,Actor/Actress,,England,True
5,Jane Seymour,5,True,10,56,Actor/Actress,,England,True
5,Jane Seymour,6,True,10,56,Actor/Actress,,England,True
5,Jane Seymour,7,True,10,56,Actor/Actress,,England,False
5,Jane Seymour,8,False,10,56,Actor/Actress,,England,False
5,Jane Seymour,9,False,10,56,Actor/Actress,,England,False
5,Jane Seymour,10,False,10,56,Actor/Actress,,England,False
5,Jennie Garth,1,True,10,35,Actor/Actress,Illinois,United States,True
5,Jennie Garth,2,True,10,35,Actor/Actress,Illinois,United States,True
5,Jennie Garth,3,True,10,35,Actor/Actress,Illinois,United States,True
5,Jennie Garth,4,True,10,35,Actor/Actress,Illinois,United States,True
5,Jennie Garth,5,True,10,35,Actor/Actress,Illinois,United States,True
5,Jennie Garth,6,True,10,35,Actor/Actress,Illinois,United States,True
5,Jennie Garth,7,True,10,35,Actor/Actress,Illinois,United States,True
5,Jennie Garth,8,True,10,35,Actor/Actress,Illinois,United States,True
5,Jennie Garth,9,True,10,35,Actor/Actress,Illinois,United States,False
5,Jennie Garth,10,False,10,35,Actor/Actress,Illinois,United States,False
5,Josie Maran,1,True,10,29,Model,California,United States,False
5,Josie Maran,2,False,10,29,Model,California,United States,False
5,Josie Maran,3,False,10,29,Model,California,United States,False
5,Josie Maran,4,False,10,29,Model,California,United States,False
5,Josie Maran,5,False,10,29,Model,California,United States,False
5,Josie Maran,6,False,10,29,Model,California,United States,False
5,Josie Maran,7,False,10,29,Model,California,United States,False
5,Josie Maran,8,False,10,29,Model,California,United States,False
5,Josie Maran,9,False,10,29,Model,California,United States,False
5,Josie Maran,10,False,10,29,Model,California,United States,False
5,Marie Osmond,1,True,10,47,Singer/Rapper,Utah,United States,True
5,Marie Osmond,2,True,10,47,Singer/Rapper,Utah,United States,True
5,Marie Osmond,3,True,10,47,Singer/Rapper,Utah,United States,True
5,Marie Osmond,4,True,10,47,Singer/Rapper,Utah,United States,True
5,Marie Osmond,5,True,10,47,Singer/Rapper,Utah,United States,True
5,Marie Osmond,6,True,10,47,Singer/Rapper,Utah,United States,True
5,Marie Osmond,7,True,10,47,Singer/Rapper,Utah,United States,True
5,Marie Osmond,8,True,10,47,Singer/Rapper,Utah,United States,True
5,Marie Osmond,9,True,10,47,Singer/Rapper,Utah,United States,True
5,Marie Osmond,10,True,10,47,Singer/Rapper,Utah,United States,False
5,Mark Cuban,1,True,10,49,TV Personality,Pennsylvania,United States,True
5,Mark Cuban,2,True,10,49,TV Personality,Pennsylvania,United States,True
5,Mark Cuban,3,True,10,49,TV Personality,Pennsylvania,United States,True
5,Mark Cuban,4,True,10,49,TV Personality,Pennsylvania,United States,True
5,Mark Cuban,5,True,10,49,TV Personality,Pennsylvania,United States,False
5,Mark Cuban,6,False,10,49,TV Personality,Pennsylvania,United States,False
5,Mark Cuban,7,False,10,49,TV Personality,Pennsylvania,United States,False
5,Mark Cuban,8,False,10,49,TV Personality,Pennsylvania,United States,False
5,Mark Cuban,9,False,10,49,TV Personality,Pennsylvania,United States,False
5,Mark Cuban,10,False,10,49,TV Personality,Pennsylvania,United States,False
5,Mel B,1,True,10,32,Singer/Rapper,,England,True
5,Mel B,2,True,10,32,Singer/Rapper,,England,True
5,Mel B,3,True,10,32,Singer/Rapper,,England,True
5,Mel B,4,True,10,32,Singer/Rapper,,England,True
5,Mel B,5,True,10,32,Singer/Rapper,,England,True
5,Mel B,6,True,10,32,Singer/Rapper,,England,True
5,Mel B,7,True,10,32,Singer/Rapper,,England,True
5,Mel B,8,True,10,32,Singer/Rapper,,England,True
5,Mel B,9,True,10,32,Singer/Rapper,,England,True
5,Mel B,10,True,10,32,Singer/Rapper,,England,False
5,Sabrina Bryan,1,True,10,23,Actor/Actress,California,United States,True
5,Sabrina Bryan,2,True,10,23,Actor/Actress,California,United States,True
5,Sabrina Bryan,3,True,10,23,Actor/Actress,California,United States,True
5,Sabrina Bryan,4,True,10,23,Actor/Actress,California,United States,True
5,Sabrina Bryan,5,True,10,23,Actor/Actress,California,United States,True
5,Sabrina Bryan,6,True,10,23,Actor/Actress,California,United States,False
5,Sabrina Bryan,7,False,10,23,Actor/Actress,California,United States,False
5,Sabrina Bryan,8,False,10,23,Actor/Actress,California,United States,False
5,Sabrina Bryan,9,False,10,23,Actor/Actress,California,United States,False
5,Sabrina Bryan,10,False,10,23,Actor/Actress,California,United States,False
5,Wayne Newton,1,True,10,65,Singer/Rapper,Virginia,United States,True
5,Wayne Newton,2,True,10,65,Singer/Rapper,Virginia,United States,True
5,Wayne Newton,3,True,10,65,Singer/Rapper,Virginia,United States,False
5,Wayne Newton,4,False,10,65,Singer/Rapper,Virginia,United States,False
5,Wayne Newton,5,False,10,65,Singer/Rapper,Virginia,United States,False
5,Wayne Newton,6,False,10,65,Singer/Rapper,Virginia,United States,False
5,Wayne Newton,7,False,10,65,Singer/Rapper,Virginia,United States,False
5,Wayne Newton,8,False,10,65,Singer/Rapper,Virginia,United States,False
5,Wayne Newton,9,False,10,65,Singer/Rapper,Virginia,United States,False
5,Wayne Newton,10,False,10,65,Singer/Rapper,Virginia,United States,False
6,Adam Carolla,1,True,10,43,Radio Personality,California,United States,True
6,Adam Carolla,2,True,10,43,Radio Personality,California,United States,True
6,Adam Carolla,3,True,10,43,Radio Personality,California,United States,True
6,Adam Carolla,4,True,10,43,Radio Personality,California,United States,False
6,Adam Carolla,5,False,10,43,Radio Personality,California,United States,False
6,Adam Carolla,6,False,10,43,Radio Personality,California,United States,False
6,Adam Carolla,7,False,10,43,Radio Personality,California,United States,False
6,Adam Carolla,8,False,10,43,Radio Personality,California,United States,False
6,Adam Carolla,9,False,10,43,Radio Personality,California,United States,False
6,Adam Carolla,10,False,10,43,Radio Personality,California,United States,False
6,Cristian de la Fuente,1,True,10,34,Actor/Actress,,Chile,True
6,Cristian de la Fuente,2,True,10,34,Actor/Actress,,Chile,True
6,Cristian de la Fuente,3,True,10,34,Actor/Actress,,Chile,True
6,Cristian de la Fuente,4,True,10,34,Actor/Actress,,Chile,True
6,Cristian de la Fuente,5,True,10,34,Actor/Actress,,Chile,True
6,Cristian de la Fuente,6,True,10,34,Actor/Actress,,Chile,True
6,Cristian de la Fuente,7,True,10,34,Actor/Actress,,Chile,True
6,Cristian de la Fuente,8,True,10,34,Actor/Actress,,Chile,True
6,Cristian de la Fuente,9,True,10,34,Actor/Actress,,Chile,True
6,Cristian de la Fuente,10,True,10,34,Actor/Actress,,Chile,False
6,Jason Taylor,1,True,10,33,Athlete,Pennsylvania,United States,True
6,Jason Taylor,2,True,10,33,Athlete,Pennsylvania,United States,True
6,Jason Taylor,3,True,10,33,Athlete,Pennsylvania,United States,True
6,Jason Taylor,4,True,10,33,Athlete,Pennsylvania,United States,True
6,Jason Taylor,5,True,10,33,Athlete,Pennsylvania,United States,True
6,Jason Taylor,6,True,10,33,Athlete,Pennsylvania,United States,True
6,Jason Taylor,7,True,10,33,Athlete,Pennsylvania,United States,True
6,Jason Taylor,8,True,10,33,Athlete,Pennsylvania,United States,True
6,Jason Taylor,9,True,10,33,Athlete,Pennsylvania,United States,True
6,Jason Taylor,10,True,10,33,Athlete,Pennsylvania,United States,False
6,Kristi Yamaguchi,1,True,10,36,Athlete,California,United States,True
6,Kristi Yamaguchi,2,True,10,36,Athlete,California,United States,True
6,Kristi Yamaguchi,3,True,10,36,Athlete,California,United States,True
6,Kristi Yamaguchi,4,True,10,36,Athlete,California,United States,True
6,Kristi Yamaguchi,5,True,10,36,Athlete,California,United States,True
6,Kristi Yamaguchi,6,True,10,36,Athlete,California,United States,True
6,Kristi Yamaguchi,7,True,10,36,Athlete,California,United States,True
6,Kristi Yamaguchi,8,True,10,36,Athlete,California,United States,True
6,Kristi Yamaguchi,9,True,10,36,Athlete,California,United States,True
6,Kristi Yamaguchi,10,True,10,36,Athlete,California,United States,False
6,Mario,1,True,10,21,Singer/Rapper,Maryland,United States,True
6,Mario,2,True,10,21,Singer/Rapper,Maryland,United States,True
6,Mario,3,True,10,21,Singer/Rapper,Maryland,United States,True
6,Mario,4,True,10,21,Singer/Rapper,Maryland,United States,True
6,Mario,5,True,10,21,Singer/Rapper,Maryland,United States,True
6,Mario,6,True,10,21,Singer/Rapper,Maryland,United States,True
6,Mario,7,True,10,21,Singer/Rapper,Maryland,United States,True
6,Mario,8,True,10,21,Singer/Rapper,Maryland,United States,False
6,Mario,9,False,10,21,Singer/Rapper,Maryland,United States,False
6,Mario,10,False,10,21,Singer/Rapper,Maryland,United States,False
6,Marissa Jaret Winokur,1,True,10,35,Actor/Actress,New York,United States,True
6,Marissa Jaret Winokur,2,True,10,35,Actor/Actress,New York,United States,True
6,Marissa Jaret Winokur,3,True,10,35,Actor/Actress,New York,United States,True
6,Marissa Jaret Winokur,4,True,10,35,Actor/Actress,New York,United States,True
6,Marissa Jaret Winokur,5,True,10,35,Actor/Actress,New York,United States,True
6,Marissa Jaret Winokur,6,True,10,35,Actor/Actress,New York,United States,True
6,Marissa Jaret Winokur,7,True,10,35,Actor/Actress,New York,United States,True
6,Marissa Jaret Winokur,8,True,10,35,Actor/Actress,New York,United States,True
6,Marissa Jaret Winokur,9,True,10,35,Actor/Actress,New York,United States,False
6,Marissa Jaret Winokur,10,False,10,35,Actor/Actress,New York,United States,False
6,Marlee Matlin,1,True,10,42,Actor/Actress,Illinois,United States,True
6,Marlee Matlin,2,True,10,42,Actor/Actress,Illinois,United States,True
6,Marlee Matlin,3,True,10,42,Actor/Actress,Illinois,United States,True
6,Marlee Matlin,4,True,10,42,Actor/Actress,Illinois,United States,True
6,Marlee Matlin,5,True,10,42,Actor/Actress,Illinois,United States,True
6,Marlee Matlin,6,True,10,42,Actor/Actress,Illinois,United States,False
6,Marlee Matlin,7,False,10,42,Actor/Actress,Illinois,United States,False
6,Marlee Matlin,8,False,10,42,Actor/Actress,Illinois,United States,False
6,Marlee Matlin,9,False,10,42,Actor/Actress,Illinois,United States,False
6,Marlee Matlin,10,False,10,42,Actor/Actress,Illinois,United States,False
6,Monica Seles,1,True,10,34,Athlete,,Yugoslavia,True
6,Monica Seles,2,True,10,34,Athlete,,Yugoslavia,False
6,Monica Seles,3,False,10,34,Athlete,,Yugoslavia,False
6,Monica Seles,4,False,10,34,Athlete,,Yugoslavia,False
6,Monica Seles,5,False,10,34,Athlete,,Yugoslavia,False
6,Monica Seles,6,False,10,34,Athlete,,Yugoslavia,False
6,Monica Seles,7,False,10,34,Athlete,,Yugoslavia,False
6,Monica Seles,8,False,10,34,Athlete,,Yugoslavia,False
6,Monica Seles,9,False,10,34,Athlete,,Yugoslavia,False
6,Monica Seles,10,False,10,34,Athlete,,Yugoslavia,False
6,Penn Jillette,1,True,10,53,Magician,Massachusetts,United States,True
6,Penn Jillette,2,True,10,53,Magician,Massachusetts,United States,False
6,Penn Jillette,3,False,10,53,Magician,Massachusetts,United States,False
6,Penn Jillette,4,False,10,53,Magician,Massachusetts,United States,False
6,Penn Jillette,5,False,10,53,Magician,Massachusetts,United States,False
6,Penn Jillette,6,False,10,53,Magician,Massachusetts,United States,False
6,Penn Jillette,7,False,10,53,Magician,Massachusetts,United States,False
6,Penn Jillette,8,False,10,53,Magician,Massachusetts,United States,False
6,Penn Jillette,9,False,10,53,Magician,Massachusetts,United States,False
6,Penn Jillette,10,False,10,53,Magician,Massachusetts,United States,False
6,Priscilla Presley,1,True,10,62,Actor/Actress,New York,United States,True
6,Priscilla Presley,2,True,10,62,Actor/Actress,New York,United States,True
6,Priscilla Presley,3,True,10,62,Actor/Actress,New York,United States,True
6,Priscilla Presley,4,True,10,62,Actor/Actress,New York,United States,True
6,Priscilla Presley,5,True,10,62,Actor/Actress,New York,United States,False
6,Priscilla Presley,6,False,10,62,Actor/Actress,New York,United States,False
6,Priscilla Presley,7,False,10,62,Actor/Actress,New York,United States,False
6,Priscilla Presley,8,False,10,62,Actor/Actress,New York,United States,False
6,Priscilla Presley,9,False,10,62,Actor/Actress,New York,United States,False
6,Priscilla Presley,10,False,10,62,Actor/Actress,New York,United States,False
6,Shannon Elizabeth,1,True,10,34,Actor/Actress,Texas,United States,True
6,Shannon Elizabeth,2,True,10,34,Actor/Actress,Texas,United States,True
6,Shannon Elizabeth,3,True,10,34,Actor/Actress,Texas,United States,True
6,Shannon Elizabeth,4,True,10,34,Actor/Actress,Texas,United States,True
6,Shannon Elizabeth,5,True,10,34,Actor/Actress,Texas,United States,True
6,Shannon Elizabeth,6,True,10,34,Actor/Actress,Texas,United States,True
6,Shannon Elizabeth,7,True,10,34,Actor/Actress,Texas,United States,False
6,Shannon Elizabeth,8,False,10,34,Actor/Actress,Texas,United States,False
6,Shannon Elizabeth,9,False,10,34,Actor/Actress,Texas,United States,False
6,Shannon Elizabeth,10,False,10,34,Actor/Actress,Texas,United States,False
6,Steve Guttenberg,1,True,10,49,Actor/Actress,New York,United States,True
6,Steve Guttenberg,2,True,10,49,Actor/Actress,New York,United States,True
6,Steve Guttenberg,3,True,10,49,Actor/Actress,New York,United States,False
6,Steve Guttenberg,4,False,10,49,Actor/Actress,New York,United States,False
6,Steve Guttenberg,5,False,10,49,Actor/Actress,New York,United States,False
6,Steve Guttenberg,6,False,10,49,Actor/Actress,New York,United States,False
6,Steve Guttenberg,7,False,10,49,Actor/Actress,New York,United States,False
6,Steve Guttenberg,8,False,10,49,Actor/Actress,New York,United States,False
6,Steve Guttenberg,9,False,10,49,Actor/Actress,New York,United States,False
6,Steve Guttenberg,10,False,10,49,Actor/Actress,New York,United States,False
7,Brooke Burke,1,True,10,37,TV Personality,Connecticut,United States,True
7,Brooke Burke,2,True,10,37,TV Personality,Connecticut,United States,True
7,Brooke Burke,3,True,10,37,TV Personality,Connecticut,United States,True
7,Brooke Burke,4,True,10,37,TV Personality,Connecticut,United States,True
7,Brooke Burke,5,True,10,37,TV Personality,Connecticut,United States,True
7,Brooke Burke,6,True,10,37,TV Personality,Connecticut,United States,True
7,Brooke Burke,7,True,10,37,TV Personality,Connecticut,United States,True
7,Brooke Burke,8,True,10,37,TV Personality,Connecticut,United States,True
7,Brooke Burke,9,True,10,37,TV Personality,Connecticut,United States,True
7,Brooke Burke,10,True,10,37,TV Personality,Connecticut,United States,False
7,Cloris Leachman,1,True,10,82,Actor/Actress,Iowa,United States,True
7,Cloris Leachman,2,True,10,82,Actor/Actress,Iowa,United States,True
7,Cloris Leachman,3,True,10,82,Actor/Actress,Iowa,United States,True
7,Cloris Leachman,4,True,10,82,Actor/Actress,Iowa,United States,True
7,Cloris Leachman,5,True,10,82,Actor/Actress,Iowa,United States,True
7,Cloris Leachman,6,True,10,82,Actor/Actress,Iowa,United States,False
7,Cloris Leachman,7,False,10,82,Actor/Actress,Iowa,United States,False
7,Cloris Leachman,8,False,10,82,Actor/Actress,Iowa,United States,False
7,Cloris Leachman,9,False,10,82,Actor/Actress,Iowa,United States,False
7,Cloris Leachman,10,False,10,82,Actor/Actress,Iowa,United States,False
7,Cody Linley,1,True,10,18,Actor/Actress,Texas,United States,True
7,Cody Linley,2,True,10,18,Actor/Actress,Texas,United States,True
7,Cody Linley,3,True,10,18,Actor/Actress,Texas,United States,True
7,Cody Linley,4,True,10,18,Actor/Actress,Texas,United States,True
7,Cody Linley,5,True,10,18,Actor/Actress,Texas,United States,True
7,Cody Linley,6,True,10,18,Actor/Actress,Texas,United States,True
7,Cody Linley,7,True,10,18,Actor/Actress,Texas,United States,True
7,Cody Linley,8,True,10,18,Actor/Actress,Texas,United States,True
7,Cody Linley,9,True,10,18,Actor/Actress,Texas,United States,False
7,Cody Linley,10,False,10,18,Actor/Actress,Texas,United States,False
7,Jeffrey Ross,1,True,10,43,Comedian,New Jersey,United States,False
7,Jeffrey Ross,2,False,10,43,Comedian,New Jersey,United States,False
7,Jeffrey Ross,3,False,10,43,Comedian,New Jersey,United States,False
7,Jeffrey Ross,4,False,10,43,Comedian,New Jersey,United States,False
7,Jeffrey Ross,5,False,10,43,Comedian,New Jersey,United States,False
7,Jeffrey Ross,6,False,10,43,Comedian,New Jersey,United States,False
7,Jeffrey Ross,7,False,10,43,Comedian,New Jersey,United States,False
7,Jeffrey Ross,8,False,10,43,Comedian,New Jersey,United States,False
7,Jeffrey Ross,9,False,10,43,Comedian,New Jersey,United States,False
7,Jeffrey Ross,10,False,10,43,Comedian,New Jersey,United States,False
7,Kim Kardashian,1,True,10,27,TV Personality,California,United States,True
7,Kim Kardashian,2,True,10,27,TV Personality,California,United States,False
7,Kim Kardashian,3,False,10,27,TV Personality,California,United States,False
7,Kim Kardashian,4,False,10,27,TV Personality,California,United States,False
7,Kim Kardashian,5,False,10,27,TV Personality,California,United States,False
7,Kim Kardashian,6,False,10,27,TV Personality,California,United States,False
7,Kim Kardashian,7,False,10,27,TV Personality,California,United States,False
7,Kim Kardashian,8,False,10,27,TV Personality,California,United States,False
7,Kim Kardashian,9,False,10,27,TV Personality,California,United States,False
7,Kim Kardashian,10,False,10,27,TV Personality,California,United States,False
7,Lance Bass,1,True,10,29,Singer/Rapper,Mississippi,United States,True
7,Lance Bass,2,True,10,29,Singer/Rapper,Mississippi,United States,True
7,Lance Bass,3,True,10,29,Singer/Rapper,Mississippi,United States,True
7,Lance Bass,4,True,10,29,Singer/Rapper,Mississippi,United States,True
7,Lance Bass,5,True,10,29,Singer/Rapper,Mississippi,United States,True
7,Lance Bass,6,True,10,29,Singer/Rapper,Mississippi,United States,True
7,Lance Bass,7,True,10,29,Singer/Rapper,Mississippi,United States,True
7,Lance Bass,8,True,10,29,Singer/Rapper,Mississippi,United States,True
7,Lance Bass,9,True,10,29,Singer/Rapper,Mississippi,United States,True
7,Lance Bass,10,True,10,29,Singer/Rapper,Mississippi,United States,False
7,Maurice Greene,1,True,10,34,Athlete,Kansas,United States,True
7,Maurice Greene,2,True,10,34,Athlete,Kansas,United States,True
7,Maurice Greene,3,True,10,34,Athlete,Kansas,United States,True
7,Maurice Greene,4,True,10,34,Athlete,Kansas,United States,True
7,Maurice Greene,5,True,10,34,Athlete,Kansas,United States,True
7,Maurice Greene,6,True,10,34,Athlete,Kansas,United States,True
7,Maurice Greene,7,True,10,34,Athlete,Kansas,United States,True
7,Maurice Greene,8,True,10,34,Athlete,Kansas,United States,False
7,Maurice Greene,9,False,10,34,Athlete,Kansas,United States,False
7,Maurice Greene,10,False,10,34,Athlete,Kansas,United States,False
7,Misty May-Treanor,1,True,10,31,Athlete,California,United States,True
7,Misty May-Treanor,2,True,10,31,Athlete,California,United States,False
7,Misty May-Treanor,3,False,10,31,Athlete,California,United States,False
7,Misty May-Treanor,4,False,10,31,Athlete,California,United States,False
7,Misty May-Treanor,5,False,10,31,Athlete,California,United States,False
7,Misty May-Treanor,6,False,10,31,Athlete,California,United States,False
7,Misty May-Treanor,7,False,10,31,Athlete,California,United States,False
7,Misty May-Treanor,8,False,10,31,Athlete,California,United States,False
7,Misty May-Treanor,9,False,10,31,Athlete,California,United States,False
7,Misty May-Treanor,10,False,10,31,Athlete,California,United States,False
7,Rocco DiSpirito,1,True,10,41,TV Personality,New York,United States,True
7,Rocco DiSpirito,2,True,10,41,TV Personality,New York,United States,True
7,Rocco DiSpirito,3,True,10,41,TV Personality,New York,United States,True
7,Rocco DiSpirito,4,True,10,41,TV Personality,New York,United States,False
7,Rocco DiSpirito,5,False,10,41,TV Personality,New York,United States,False
7,Rocco DiSpirito,6,False,10,41,TV Personality,New York,United States,False
7,Rocco DiSpirito,7,False,10,41,TV Personality,New York,United States,False
7,Rocco DiSpirito,8,False,10,41,TV Personality,New York,United States,False
7,Rocco DiSpirito,9,False,10,41,TV Personality,New York,United States,False
7,Rocco DiSpirito,10,False,10,41,TV Personality,New York,United States,False
7,Susan Lucci,1,True,10,61,Actor/Actress,New York,United States,True
7,Susan Lucci,2,True,10,61,Actor/Actress,New York,United States,True
7,Susan Lucci,3,True,10,61,Actor/Actress,New York,United States,True
7,Susan Lucci,4,True,10,61,Actor/Actress,New York,United States,True
7,Susan Lucci,5,True,10,61,Actor/Actress,New York,United States,True
7,Susan Lucci,6,True,10,61,Actor/Actress,New York,United States,True
7,Susan Lucci,7,True,10,61,Actor/Actress,New York,United States,False
7,Susan Lucci,8,False,10,61,Actor/Actress,New York,United States,False
7,Susan Lucci,9,False,10,61,Actor/Actress,New York,United States,False
7,Susan Lucci,10,False,10,61,Actor/Actress,New York,United States,False
7,Ted McGinley,1,True,10,50,Actor/Actress,California,United States,False
7,Ted McGinley,2,False,10,50,Actor/Actress,California,United States,False
7,Ted McGinley,3,False,10,50,Actor/Actress,California,United States,False
7,Ted McGinley,4,False,10,50,Actor/Actress,California,United States,False
7,Ted McGinley,5,False,10,50,Actor/Actress,California,United States,False
7,Ted McGinley,6,False,10,50,Actor/Actress,California,United States,False
7,Ted McGinley,7,False,10,50,Actor/Actress,California,United States,False
7,Ted McGinley,8,False,10,50,Actor/Actress,California,United States,False
7,Ted McGinley,9,False,10,50,Actor/Actress,California,United States,False
7,Ted McGinley,10,False,10,50,Actor/Actress,California,United States,False
7,Toni Braxton,1,True,10,40,Singer/Rapper,Maryland,United States,True
7,Toni Braxton,2,True,10,40,Singer/Rapper,Maryland,United States,True
7,Toni Braxton,3,True,10,40,Singer/Rapper,Maryland,United States,True
7,Toni Braxton,4,True,10,40,Singer/Rapper,Maryland,United States,True
7,Toni Braxton,5,True,10,40,Singer/Rapper,Maryland,United States,False
7,Toni Braxton,6,False,10,40,Singer/Rapper,Maryland,United States,False
7,Toni Braxton,7,False,10,40,Singer/Rapper,Maryland,United States,False
7,Toni Braxton,8,False,10,40,Singer/Rapper,Maryland,United States,False
7,Toni Braxton,9,False,10,40,Singer/Rapper,Maryland,United States,False
7,Toni Braxton,10,False,10,40,Singer/Rapper,Maryland,United States,False
7,Warren Sapp,1,True,10,35,Athlete,Florida,United States,True
7,Warren Sapp,2,True,10,35,Athlete,Florida,United States,True
7,Warren Sapp,3,True,10,35,Athlete,Florida,United States,True
7,Warren Sapp,4,True,10,35,Athlete,Florida,United States,True
7,Warren Sapp,5,True,10,35,Athlete,Florida,United States,True
7,Warren Sapp,6,True,10,35,Athlete,Florida,United States,True
7,Warren Sapp,7,True,10,35,Athlete,Florida,United States,True
7,Warren Sapp,8,True,10,35,Athlete,Florida,United States,True
7,Warren Sapp,9,True,10,35,Athlete,Florida,United States,True
7,Warren Sapp,10,True,10,35,Athlete,Florida,United States,False
8,Belinda Carlisle,1,True,11,50,Singer/Rapper,California,United States,True
8,Belinda Carlisle,2,True,11,50,Singer/Rapper,California,United States,False
8,Belinda Carlisle,3,False,11,50,Singer/Rapper,California,United States,False
8,Belinda Carlisle,4,False,11,50,Singer/Rapper,California,United States,False
8,Belinda Carlisle,5,False,11,50,Singer/Rapper,California,United States,False
8,Belinda Carlisle,6,False,11,50,Singer/Rapper,California,United States,False
8,Belinda Carlisle,7,False,11,50,Singer/Rapper,California,United States,False
8,Belinda Carlisle,8,False,11,50,Singer/Rapper,California,United States,False
8,Belinda Carlisle,9,False,11,50,Singer/Rapper,California,United States,False
8,Belinda Carlisle,10,False,11,50,Singer/Rapper,California,United States,False
8,Belinda Carlisle,11,False,11,50,Singer/Rapper,California,United States,False
8,Chuck Wicks,1,True,11,29,Singer/Rapper,Delaware,United States,True
8,Chuck Wicks,2,True,11,29,Singer/Rapper,Delaware,United States,True
8,Chuck Wicks,3,True,11,29,Singer/Rapper,Delaware,United States,True
8,Chuck Wicks,4,True,11,29,Singer/Rapper,Delaware,United States,True
8,Chuck Wicks,5,True,11,29,Singer/Rapper,Delaware,United States,True
8,Chuck Wicks,6,True,11,29,Singer/Rapper,Delaware,United States,True
8,Chuck Wicks,7,True,11,29,Singer/Rapper,Delaware,United States,True
8,Chuck Wicks,8,True,11,29,Singer/Rapper,Delaware,United States,False
8,Chuck Wicks,9,False,11,29,Singer/Rapper,Delaware,United States,False
8,Chuck Wicks,10,False,11,29,Singer/Rapper,Delaware,United States,False
8,Chuck Wicks,11,False,11,29,Singer/Rapper,Delaware,United States,False
8,David Alan Grier,1,True,11,52,Actor/Actress,Michigan,United States,True
8,David Alan Grier,2,True,11,52,Actor/Actress,Michigan,United States,True
8,David Alan Grier,3,True,11,52,Actor/Actress,Michigan,United States,True
8,David Alan Grier,4,True,11,52,Actor/Actress,Michigan,United States,True
8,David Alan Grier,5,True,11,52,Actor/Actress,Michigan,United States,False
8,David Alan Grier,6,False,11,52,Actor/Actress,Michigan,United States,False
8,David Alan Grier,7,False,11,52,Actor/Actress,Michigan,United States,False
8,David Alan Grier,8,False,11,52,Actor/Actress,Michigan,United States,False
8,David Alan Grier,9,False,11,52,Actor/Actress,Michigan,United States,False
8,David Alan Grier,10,False,11,52,Actor/Actress,Michigan,United States,False
8,David Alan Grier,11,False,11,52,Actor/Actress,Michigan,United States,False
8,Denise Richards,1,True,11,38,Actor/Actress,Illinois,United States,True
8,Denise Richards,2,True,11,38,Actor/Actress,Illinois,United States,True
8,Denise Richards,3,True,11,38,Actor/Actress,Illinois,United States,False
8,Denise Richards,4,False,11,38,Actor/Actress,Illinois,United States,False
8,Denise Richards,5,False,11,38,Actor/Actress,Illinois,United States,False
8,Denise Richards,6,False,11,38,Actor/Actress,Illinois,United States,False
8,Denise Richards,7,False,11,38,Actor/Actress,Illinois,United States,False
8,Denise Richards,8,False,11,38,Actor/Actress,Illinois,United States,False
8,Denise Richards,9,False,11,38,Actor/Actress,Illinois,United States,False
8,Denise Richards,10,False,11,38,Actor/Actress,Illinois,United States,False
8,Denise Richards,11,False,11,38,Actor/Actress,Illinois,United States,False
8,Gilles Marini,1,True,11,33,Actor/Actress,,France,True
8,Gilles Marini,2,True,11,33,Actor/Actress,,France,True
8,Gilles Marini,3,True,11,33,Actor/Actress,,France,True
8,Gilles Marini,4,True,11,33,Actor/Actress,,France,True
8,Gilles Marini,5,True,11,33,Actor/Actress,,France,True
8,Gilles Marini,6,True,11,33,Actor/Actress,,France,True
8,Gilles Marini,7,True,11,33,Actor/Actress,,France,True
8,Gilles Marini,8,True,11,33,Actor/Actress,,France,True
8,Gilles Marini,9,True,11,33,Actor/Actress,,France,True
8,Gilles Marini,10,True,11,33,Actor/Actress,,France,True
8,Gilles Marini,11,True,11,33,Actor/Actress,,France,False
8,Holly Madison,1,True,11,30,TV Personality,Oregon,United States,True
8,Holly Madison,2,True,11,30,TV Personality,Oregon,United States,True
8,Holly Madison,3,True,11,30,TV Personality,Oregon,United States,True
8,Holly Madison,4,True,11,30,TV Personality,Oregon,United States,False
8,Holly Madison,5,False,11,30,TV Personality,Oregon,United States,False
8,Holly Madison,6,False,11,30,TV Personality,Oregon,United States,False
8,Holly Madison,7,False,11,30,TV Personality,Oregon,United States,False
8,Holly Madison,8,False,11,30,TV Personality,Oregon,United States,False
8,Holly Madison,9,False,11,30,TV Personality,Oregon,United States,False
8,Holly Madison,10,False,11,30,TV Personality,Oregon,United States,False
8,Holly Madison,11,False,11,30,TV Personality,Oregon,United States,False
8,Lawrence Taylor,1,True,11,50,Athlete,Virginia,United States,True
8,Lawrence Taylor,2,True,11,50,Athlete,Virginia,United States,True
8,Lawrence Taylor,3,True,11,50,Athlete,Virginia,United States,True
8,Lawrence Taylor,4,True,11,50,Athlete,Virginia,United States,True
8,Lawrence Taylor,5,True,11,50,Athlete,Virginia,United States,True
8,Lawrence Taylor,6,True,11,50,Athlete,Virginia,United States,True
8,Lawrence Taylor,7,True,11,50,Athlete,Virginia,United States,False
8,Lawrence Taylor,8,False,11,50,Athlete,Virginia,United States,False
8,Lawrence Taylor,9,False,11,50,Athlete,Virginia,United States,False
8,Lawrence Taylor,10,False,11,50,Athlete,Virginia,United States,False
8,Lawrence Taylor,11,False,11,50,Athlete,Virginia,United States,False
8,Lil' Kim,1,True,11,34,Singer/Rapper,New York,United States,True
8,Lil' Kim,2,True,11,34,Singer/Rapper,New York,United States,True
8,Lil' Kim,3,True,11,34,Singer/Rapper,New York,United States,True
8,Lil' Kim,4,True,11,34,Singer/Rapper,New York,United States,True
8,Lil' Kim,5,True,11,34,Singer/Rapper,New York,United States,True
8,Lil' Kim,6,True,11,34,Singer/Rapper,New York,United States,True
8,Lil' Kim,7,True,11,34,Singer/Rapper,New York,United States,True
8,Lil' Kim,8,True,11,34,Singer/Rapper,New York,United States,True
8,Lil' Kim,9,True,11,34,Singer/Rapper,New York,United States,False
8,Lil' Kim,10,False,11,34,Singer/Rapper,New York,United States,False
8,Lil' Kim,11,False,11,34,Singer/Rapper,New York,United States,False
8,Melissa Rycroft,1,True,11,26,TV Personality,Texas,United States,True
8,Melissa Rycroft,2,True,11,26,TV Personality,Texas,United States,True
8,Melissa Rycroft,3,True,11,26,TV Personality,Texas,United States,True
8,Melissa Rycroft,4,True,11,26,TV Personality,Texas,United States,True
8,Melissa Rycroft,5,True,11,26,TV Personality,Texas,United States,True
8,Melissa Rycroft,6,True,11,26,TV Personality,Texas,United States,True
8,Melissa Rycroft,7,True,11,26,TV Personality,Texas,United States,True
8,Melissa Rycroft,8,True,11,26,TV Personality,Texas,United States,True
8,Melissa Rycroft,9,True,11,26,TV Personality,Texas,United States,True
8,Melissa Rycroft,10,True,11,26,TV Personality,Texas,United States,True
8,Melissa Rycroft,11,True,11,26,TV Personality,Texas,United States,False
8,Shawn Johnson,1,True,11,17,Athlete,Iowa,United States,True
8,Shawn Johnson,2,True,11,17,Athlete,Iowa,United States,True
8,Shawn Johnson,3,True,11,17,Athlete,Iowa,United States,True
8,Shawn Johnson,4,True,11,17,Athlete,Iowa,United States,True
8,Shawn Johnson,5,True,11,17,Athlete,Iowa,United States,True
8,Shawn Johnson,6,True,11,17,Athlete,Iowa,United States,True
8,Shawn Johnson,7,True,11,17,Athlete,Iowa,United States,True
8,Shawn Johnson,8,True,11,17,Athlete,Iowa,United States,True
8,Shawn Johnson,9,True,11,17,Athlete,Iowa,United States,True
8,Shawn Johnson,10,True,11,17,Athlete,Iowa,United States,True
8,Shawn Johnson,11,True,11,17,Athlete,Iowa,United States,False
8,Steve Wozniak,1,True,11,58,Entrepreneur,California,United States,True
8,Steve Wozniak,2,True,11,58,Entrepreneur,California,United States,True
8,Steve Wozniak,3,True,11,58,Entrepreneur,California,United States,True
8,Steve Wozniak,4,True,11,58,Entrepreneur,California,United States,False
8,Steve Wozniak,5,False,11,58,Entrepreneur,California,United States,False
8,Steve Wozniak,6,False,11,58,Entrepreneur,California,United States,False
8,Steve Wozniak,7,False,11,58,Entrepreneur,California,United States,False
8,Steve Wozniak,8,False,11,58,Entrepreneur,California,United States,False
8,Steve Wozniak,9,False,11,58,Entrepreneur,California,United States,False
8,Steve Wozniak,10,False,11,58,Entrepreneur,California,United States,False
8,Steve Wozniak,11,False,11,58,Entrepreneur,California,United States,False
8,Steve-O,1,True,11,34,TV Personality,,England,True
8,Steve-O,2,True,11,34,TV Personality,,England,True
8,Steve-O,3,True,11,34,TV Personality,,England,True
8,Steve-O,4,True,11,34,TV Personality,,England,True
8,Steve-O,5,True,11,34,TV Personality,,England,True
8,Steve-O,6,True,11,34,TV Personality,,England,False
8,Steve-O,7,False,11,34,TV Personality,,England,False
8,Steve-O,8,False,11,34,TV Personality,,England,False
8,Steve-O,9,False,11,34,TV Personality,,England,False
8,Steve-O,10,False,11,34,TV Personality,,England,False
8,Steve-O,11,False,11,34,TV Personality,,England,False
8,Ty Murray,1,True,11,39,Athlete,Arizona,United States,True
8,Ty Murray,2,True,11,39,Athlete,Arizona,United States,True
8,Ty Murray,3,True,11,39,Athlete,Arizona,United States,True
8,Ty Murray,4,True,11,39,Athlete,Arizona,United States,True
8,Ty Murray,5,True,11,39,Athlete,Arizona,United States,True
8,Ty Murray,6,True,11,39,Athlete,Arizona,United States,True
8,Ty Murray,7,True,11,39,Athlete,Arizona,United States,True
8,Ty Murray,8,True,11,39,Athlete,Arizona,United States,True
8,Ty Murray,9,True,11,39,Athlete,Arizona,United States,True
8,Ty Murray,10,True,11,39,Athlete,Arizona,United States,False
8,Ty Murray,11,False,11,39,Athlete,Arizona,United States,False
9,Aaron Carter,1,True,10,21,Singer/Rapper,Florida,United States,True
9,Aaron Carter,2,True,10,21,Singer/Rapper,Florida,United States,True
9,Aaron Carter,3,True,10,21,Singer/Rapper,Florida,United States,True
9,Aaron Carter,4,True,10,21,Singer/Rapper,Florida,United States,True
9,Aaron Carter,5,True,10,21,Singer/Rapper,Florida,United States,True
9,Aaron Carter,6,True,10,21,Singer/Rapper,Florida,United States,True
9,Aaron Carter,7,True,10,21,Singer/Rapper,Florida,United States,True
9,Aaron Carter,8,True,10,21,Singer/Rapper,Florida,United States,False
9,Aaron Carter,9,False,10,21,Singer/Rapper,Florida,United States,False
9,Aaron Carter,10,False,10,21,Singer/Rapper,Florida,United States,False
9,Ashley Hamiliton,1,True,10,34,Actor/Actress,California,United States,False
9,Ashley Hamiliton,2,False,10,34,Actor/Actress,California,United States,False
9,Ashley Hamiliton,3,False,10,34,Actor/Actress,California,United States,False
9,Ashley Hamiliton,4,False,10,34,Actor/Actress,California,United States,False
9,Ashley Hamiliton,5,False,10,34,Actor/Actress,California,United States,False
9,Ashley Hamiliton,6,False,10,34,Actor/Actress,California,United States,False
9,Ashley Hamiliton,7,False,10,34,Actor/Actress,California,United States,False
9,Ashley Hamiliton,8,False,10,34,Actor/Actress,California,United States,False
9,Ashley Hamiliton,9,False,10,34,Actor/Actress,California,United States,False
9,Ashley Hamiliton,10,False,10,34,Actor/Actress,California,United States,False
9,Chuck Liddell,1,True,10,39,Athlete,California,United States,True
9,Chuck Liddell,2,True,10,39,Athlete,California,United States,True
9,Chuck Liddell,3,True,10,39,Athlete,California,United States,True
9,Chuck Liddell,4,True,10,39,Athlete,California,United States,False
9,Chuck Liddell,5,False,10,39,Athlete,California,United States,False
9,Chuck Liddell,6,False,10,39,Athlete,California,United States,False
9,Chuck Liddell,7,False,10,39,Athlete,California,United States,False
9,Chuck Liddell,8,False,10,39,Athlete,California,United States,False
9,Chuck Liddell,9,False,10,39,Athlete,California,United States,False
9,Chuck Liddell,10,False,10,39,Athlete,California,United States,False
9,Debi Mazar,1,True,10,45,Actor/Actress,New York,United States,True
9,Debi Mazar,2,True,10,45,Actor/Actress,New York,United States,True
9,Debi Mazar,3,True,10,45,Actor/Actress,New York,United States,False
9,Debi Mazar,4,False,10,45,Actor/Actress,New York,United States,False
9,Debi Mazar,5,False,10,45,Actor/Actress,New York,United States,False
9,Debi Mazar,6,False,10,45,Actor/Actress,New York,United States,False
9,Debi Mazar,7,False,10,45,Actor/Actress,New York,United States,False
9,Debi Mazar,8,False,10,45,Actor/Actress,New York,United States,False
9,Debi Mazar,9,False,10,45,Actor/Actress,New York,United States,False
9,Debi Mazar,10,False,10,45,Actor/Actress,New York,United States,False
9,Donny Osmond,1,True,10,51,Singer/Rapper,Utah,United States,True
9,Donny Osmond,2,True,10,51,Singer/Rapper,Utah,United States,True
9,Donny Osmond,3,True,10,51,Singer/Rapper,Utah,United States,True
9,Donny Osmond,4,True,10,51,Singer/Rapper,Utah,United States,True
9,Donny Osmond,5,True,10,51,Singer/Rapper,Utah,United States,True
9,Donny Osmond,6,True,10,51,Singer/Rapper,Utah,United States,True
9,Donny Osmond,7,True,10,51,Singer/Rapper,Utah,United States,True
9,Donny Osmond,8,True,10,51,Singer/Rapper,Utah,United States,True
9,Donny Osmond,9,True,10,51,Singer/Rapper,Utah,United States,True
9,Donny Osmond,10,True,10,51,Singer/Rapper,Utah,United States,False
9,Joanna Krupa,1,True,10,30,Model,,Poland,True
9,Joanna Krupa,2,True,10,30,Model,,Poland,True
9,Joanna Krupa,3,True,10,30,Model,,Poland,True
9,Joanna Krupa,4,True,10,30,Model,,Poland,True
9,Joanna Krupa,5,True,10,30,Model,,Poland,True
9,Joanna Krupa,6,True,10,30,Model,,Poland,True
9,Joanna Krupa,7,True,10,30,Model,,Poland,True
9,Joanna Krupa,8,True,10,30,Model,,Poland,True
9,Joanna Krupa,9,True,10,30,Model,,Poland,False
9,Joanna Krupa,10,False,10,30,Model,,Poland,False
9,Kathy Ireland,1,True,10,46,Model,California,United States,True
9,Kathy Ireland,2,True,10,46,Model,California,United States,False
9,Kathy Ireland,3,False,10,46,Model,California,United States,False
9,Kathy Ireland,4,False,10,46,Model,California,United States,False
9,Kathy Ireland,5,False,10,46,Model,California,United States,False
9,Kathy Ireland,6,False,10,46,Model,California,United States,False
9,Kathy Ireland,7,False,10,46,Model,California,United States,False
9,Kathy Ireland,8,False,10,46,Model,California,United States,False
9,Kathy Ireland,9,False,10,46,Model,California,United States,False
9,Kathy Ireland,10,False,10,46,Model,California,United States,False
9,Kelly Osbourne,1,True,10,24,TV Personality,,England,True
9,Kelly Osbourne,2,True,10,24,TV Personality,,England,True
9,Kelly Osbourne,3,True,10,24,TV Personality,,England,True
9,Kelly Osbourne,4,True,10,24,TV Personality,,England,True
9,Kelly Osbourne,5,True,10,24,TV Personality,,England,True
9,Kelly Osbourne,6,True,10,24,TV Personality,,England,True
9,Kelly Osbourne,7,True,10,24,TV Personality,,England,True
9,Kelly Osbourne,8,True,10,24,TV Personality,,England,True
9,Kelly Osbourne,9,True,10,24,TV Personality,,England,True
9,Kelly Osbourne,10,True,10,24,TV Personality,,England,False
9,Louie Vito,1,True,10,21,Athlete,Ohio,United States,True
9,Louie Vito,2,True,10,21,Athlete,Ohio,United States,True
9,Louie Vito,3,True,10,21,Athlete,Ohio,United States,True
9,Louie Vito,4,True,10,21,Athlete,Ohio,United States,True
9,Louie Vito,5,True,10,21,Athlete,Ohio,United States,True
9,Louie Vito,6,True,10,21,Athlete,Ohio,United States,False
9,Louie Vito,7,False,10,21,Athlete,Ohio,United States,False
9,Louie Vito,8,False,10,21,Athlete,Ohio,United States,False
9,Louie Vito,9,False,10,21,Athlete,Ohio,United States,False
9,Louie Vito,10,False,10,21,Athlete,Ohio,United States,False
9,Macy Gray,1,True,10,42,Singer/Rapper,Ohio,United States,False
9,Macy Gray,2,False,10,42,Singer/Rapper,Ohio,United States,False
9,Macy Gray,3,False,10,42,Singer/Rapper,Ohio,United States,False
9,Macy Gray,4,False,10,42,Singer/Rapper,Ohio,United States,False
9,Macy Gray,5,False,10,42,Singer/Rapper,Ohio,United States,False
9,Macy Gray,6,False,10,42,Singer/Rapper,Ohio,United States,False
9,Macy Gray,7,False,10,42,Singer/Rapper,Ohio,United States,False
9,Macy Gray,8,False,10,42,Singer/Rapper,Ohio,United States,False
9,Macy Gray,9,False,10,42,Singer/Rapper,Ohio,United States,False
9,Macy Gray,10,False,10,42,Singer/Rapper,Ohio,United States,False
9,Mark Dacascos,1,True,10,45,Actor/Actress,Hawaii,United States,True
9,Mark Dacascos,2,True,10,45,Actor/Actress,Hawaii,United States,True
9,Mark Dacascos,3,True,10,45,Actor/Actress,Hawaii,United States,True
9,Mark Dacascos,4,True,10,45,Actor/Actress,Hawaii,United States,True
9,Mark Dacascos,5,True,10,45,Actor/Actress,Hawaii,United States,True
9,Mark Dacascos,6,True,10,45,Actor/Actress,Hawaii,United States,True
9,Mark Dacascos,7,True,10,45,Actor/Actress,Hawaii,United States,False
9,Mark Dacascos,8,False,10,45,Actor/Actress,Hawaii,United States,False
9,Mark Dacascos,9,False,10,45,Actor/Actress,Hawaii,United States,False
9,Mark Dacascos,10,False,10,45,Actor/Actress,Hawaii,United States,False
9,Melissa Joan Hart,1,True,10,33,Actor/Actress,New York,United States,True
9,Melissa Joan Hart,2,True,10,33,Actor/Actress,New York,United States,True
9,Melissa Joan Hart,3,True,10,33,Actor/Actress,New York,United States,True
9,Melissa Joan Hart,4,True,10,33,Actor/Actress,New York,United States,True
9,Melissa Joan Hart,5,True,10,33,Actor/Actress,New York,United States,True
9,Melissa Joan Hart,6,True,10,33,Actor/Actress,New York,United States,False
9,Melissa Joan Hart,7,False,10,33,Actor/Actress,New York,United States,False
9,Melissa Joan Hart,8,False,10,33,Actor/Actress,New York,United States,False
9,Melissa Joan Hart,9,False,10,33,Actor/Actress,New York,United States,False
9,Melissa Joan Hart,10,False,10,33,Actor/Actress,New York,United States,False
9,Michael Irvin,1,True,10,43,Athlete,Florida,United States,True
9,Michael Irvin,2,True,10,43,Athlete,Florida,United States,True
9,Michael Irvin,3,True,10,43,Athlete,Florida,United States,True
9,Michael Irvin,4,True,10,43,Athlete,Florida,United States,True
9,Michael Irvin,5,True,10,43,Athlete,Florida,United States,True
9,Michael Irvin,6,True,10,43,Athlete,Florida,United States,True
9,Michael Irvin,7,True,10,43,Athlete,Florida,United States,False
9,Michael Irvin,8,False,10,43,Athlete,Florida,United States,False
9,Michael Irvin,9,False,10,43,Athlete,Florida,United States,False
9,Michael Irvin,10,False,10,43,Athlete,Florida,United States,False
9,Mya,1,True,10,29,Singer/Rapper,Washington D.C.,United States,True
9,Mya,2,True,10,29,Singer/Rapper,Washington D.C.,United States,True
9,Mya,3,True,10,29,Singer/Rapper,Washington D.C.,United States,True
9,Mya,4,True,10,29,Singer/Rapper,Washington D.C.,United States,True
9,Mya,5,True,10,29,Singer/Rapper,Washington D.C.,United States,True
9,Mya,6,True,10,29,Singer/Rapper,Washington D.C.,United States,True
9,Mya,7,True,10,29,Singer/Rapper,Washington D.C.,United States,True
9,Mya,8,True,10,29,Singer/Rapper,Washington D.C.,United States,True
9,Mya,9,True,10,29,Singer/Rapper,Washington D.C.,United States,True
9,Mya,10,True,10,29,Singer/Rapper,Washington D.C.,United States,False
9,Natalie Coughlin,1,True,10,27,Athlete,California,United States,True
9,Natalie Coughlin,2,True,10,27,Athlete,California,United States,True
9,Natalie Coughlin,3,True,10,27,Athlete,California,United States,True
9,Natalie Coughlin,4,True,10,27,Athlete,California,United States,True
9,Natalie Coughlin,5,True,10,27,Athlete,California,United States,False
9,Natalie Coughlin,6,False,10,27,Athlete,California,United States,False
9,Natalie Coughlin,7,False,10,27,Athlete,California,United States,False
9,Natalie Coughlin,8,False,10,27,Athlete,California,United States,False
9,Natalie Coughlin,9,False,10,27,Athlete,California,United States,False
9,Natalie Coughlin,10,False,10,27,Athlete,California,United States,False
9,Tom DeLay,1,True,10,62,Politician,Texas,United States,True
9,Tom DeLay,2,True,10,62,Politician,Texas,United States,True
9,Tom DeLay,3,True,10,62,Politician,Texas,United States,False
9,Tom DeLay,4,False,10,62,Politician,Texas,United States,False
9,Tom DeLay,5,False,10,62,Politician,Texas,United States,False
9,Tom DeLay,6,False,10,62,Politician,Texas,United States,False
9,Tom DeLay,7,False,10,62,Politician,Texas,United States,False
9,Tom DeLay,8,False,10,62,Politician,Texas,United States,False
9,Tom DeLay,9,False,10,62,Politician,Texas,United States,False
9,Tom DeLay,10,False,10,62,Politician,Texas,United States,False
10,Aiden Turner,1,True,10,32,Actor/Actress,,England,True
10,Aiden Turner,2,True,10,32,Actor/Actress,,England,True
10,Aiden Turner,3,True,10,32,Actor/Actress,,England,True
10,Aiden Turner,4,True,10,32,Actor/Actress,,England,False
10,Aiden Turner,5,False,10,32,Actor/Actress,,England,False
10,Aiden Turner,6,False,10,32,Actor/Actress,,England,False
10,Aiden Turner,7,False,10,32,Actor/Actress,,England,False
10,Aiden Turner,8,False,10,32,Actor/Actress,,England,False
10,Aiden Turner,9,False,10,32,Actor/Actress,,England,False
10,Aiden Turner,10,False,10,32,Actor/Actress,,England,False
10,Buzz Aldrin,1,True,10,80,Astronaut,New Jersey,United States,True
10,Buzz Aldrin,2,True,10,80,Astronaut,New Jersey,United States,True
10,Buzz Aldrin,3,True,10,80,Astronaut,New Jersey,United States,False
10,Buzz Aldrin,4,False,10,80,Astronaut,New Jersey,United States,False
10,Buzz Aldrin,5,False,10,80,Astronaut,New Jersey,United States,False
10,Buzz Aldrin,6,False,10,80,Astronaut,New Jersey,United States,False
10,Buzz Aldrin,7,False,10,80,Astronaut,New Jersey,United States,False
10,Buzz Aldrin,8,False,10,80,Astronaut,New Jersey,United States,False
10,Buzz Aldrin,9,False,10,80,Astronaut,New Jersey,United States,False
10,Buzz Aldrin,10,False,10,80,Astronaut,New Jersey,United States,False
10,Chad Ochocinco,1,True,10,32,Athlete,Florida,United States,True
10,Chad Ochocinco,2,True,10,32,Athlete,Florida,United States,True
10,Chad Ochocinco,3,True,10,32,Athlete,Florida,United States,True
10,Chad Ochocinco,4,True,10,32,Athlete,Florida,United States,True
10,Chad Ochocinco,5,True,10,32,Athlete,Florida,United States,True
10,Chad Ochocinco,6,True,10,32,Athlete,Florida,United States,True
10,Chad Ochocinco,7,True,10,32,Athlete,Florida,United States,True
10,Chad Ochocinco,8,True,10,32,Athlete,Florida,United States,True
10,Chad Ochocinco,9,True,10,32,Athlete,Florida,United States,False
10,Chad Ochocinco,10,False,10,32,Athlete,Florida,United States,False
10,Erin Andrews,1,True,10,32,Sports Broadcaster,Maine,United States,True
10,Erin Andrews,2,True,10,32,Sports Broadcaster,Maine,United States,True
10,Erin Andrews,3,True,10,32,Sports Broadcaster,Maine,United States,True
10,Erin Andrews,4,True,10,32,Sports Broadcaster,Maine,United States,True
10,Erin Andrews,5,True,10,32,Sports Broadcaster,Maine,United States,True
10,Erin Andrews,6,True,10,32,Sports Broadcaster,Maine,United States,True
10,Erin Andrews,7,True,10,32,Sports Broadcaster,Maine,United States,True
10,Erin Andrews,8,True,10,32,Sports Broadcaster,Maine,United States,True
10,Erin Andrews,9,True,10,32,Sports Broadcaster,Maine,United States,True
10,Erin Andrews,10,True,10,32,Sports Broadcaster,Maine,United States,False
10,Evan Lysacek,1,True,10,24,Athlete,Illinois,United States,True
10,Evan Lysacek,2,True,10,24,Athlete,Illinois,United States,True
10,Evan Lysacek,3,True,10,24,Athlete,Illinois,United States,True
10,Evan Lysacek,4,True,10,24,Athlete,Illinois,United States,True
10,Evan Lysacek,5,True,10,24,Athlete,Illinois,United States,True
10,Evan Lysacek,6,True,10,24,Athlete,Illinois,United States,True
10,Evan Lysacek,7,True,10,24,Athlete,Illinois,United States,True
10,Evan Lysacek,8,True,10,24,Athlete,Illinois,United States,True
10,Evan Lysacek,9,True,10,24,Athlete,Illinois,United States,True
10,Evan Lysacek,10,True,10,24,Athlete,Illinois,United States,False
10,Jake Pavelka,1,True,10,32,TV Personality,Texas,United States,True
10,Jake Pavelka,2,True,10,32,TV Personality,Texas,United States,True
10,Jake Pavelka,3,True,10,32,TV Personality,Texas,United States,True
10,Jake Pavelka,4,True,10,32,TV Personality,Texas,United States,True
10,Jake Pavelka,5,True,10,32,TV Personality,Texas,United States,True
10,Jake Pavelka,6,True,10,32,TV Personality,Texas,United States,False
10,Jake Pavelka,7,False,10,32,TV Personality,Texas,United States,False
10,Jake Pavelka,8,False,10,32,TV Personality,Texas,United States,False
10,Jake Pavelka,9,False,10,32,TV Personality,Texas,United States,False
10,Jake Pavelka,10,False,10,32,TV Personality,Texas,United States,False
10,Kate Gosselin,1,True,10,35,TV Personality,Pennsylvania,United States,True
10,Kate Gosselin,2,True,10,35,TV Personality,Pennsylvania,United States,True
10,Kate Gosselin,3,True,10,35,TV Personality,Pennsylvania,United States,True
10,Kate Gosselin,4,True,10,35,TV Personality,Pennsylvania,United States,True
10,Kate Gosselin,5,True,10,35,TV Personality,Pennsylvania,United States,False
10,Kate Gosselin,6,False,10,35,TV Personality,Pennsylvania,United States,False
10,Kate Gosselin,7,False,10,35,TV Personality,Pennsylvania,United States,False
10,Kate Gosselin,8,False,10,35,TV Personality,Pennsylvania,United States,False
10,Kate Gosselin,9,False,10,35,TV Personality,Pennsylvania,United States,False
10,Kate Gosselin,10,False,10,35,TV Personality,Pennsylvania,United States,False
10,Nicole Scherzinger,1,True,10,31,Singer/Rapper,Hawaii,United States,True
10,Nicole Scherzinger,2,True,10,31,Singer/Rapper,Hawaii,United States,True
10,Nicole Scherzinger,3,True,10,31,Singer/Rapper,Hawaii,United States,True
10,Nicole Scherzinger,4,True,10,31,Singer/Rapper,Hawaii,United States,True
10,Nicole Scherzinger,5,True,10,31,Singer/Rapper,Hawaii,United States,True
10,Nicole Scherzinger,6,True,10,31,Singer/Rapper,Hawaii,United States,True
10,Nicole Scherzinger,7,True,10,31,Singer/Rapper,Hawaii,United States,True
10,Nicole Scherzinger,8,True,10,31,Singer/Rapper,Hawaii,United States,True
10,Nicole Scherzinger,9,True,10,31,Singer/Rapper,Hawaii,United States,True
10,Nicole Scherzinger,10,True,10,31,Singer/Rapper,Hawaii,United States,False
10,Niecy Nash,1,True,10,40,Actor/Actress,California,United States,True
10,Niecy Nash,2,True,10,40,Actor/Actress,California,United States,True
10,Niecy Nash,3,True,10,40,Actor/Actress,California,United States,True
10,Niecy Nash,4,True,10,40,Actor/Actress,California,United States,True
10,Niecy Nash,5,True,10,40,Actor/Actress,California,United States,True
10,Niecy Nash,6,True,10,40,Actor/Actress,California,United States,True
10,Niecy Nash,7,True,10,40,Actor/Actress,California,United States,True
10,Niecy Nash,8,True,10,40,Actor/Actress,California,United States,False
10,Niecy Nash,9,False,10,40,Actor/Actress,California,United States,False
10,Niecy Nash,10,False,10,40,Actor/Actress,California,United States,False
10,Pamela Anderson,1,True,10,42,Model,,Canada,True
10,Pamela Anderson,2,True,10,42,Model,,Canada,True
10,Pamela Anderson,3,True,10,42,Model,,Canada,True
10,Pamela Anderson,4,True,10,42,Model,,Canada,True
10,Pamela Anderson,5,True,10,42,Model,,Canada,True
10,Pamela Anderson,6,True,10,42,Model,,Canada,True
10,Pamela Anderson,7,True,10,42,Model,,Canada,False
10,Pamela Anderson,8,False,10,42,Model,,Canada,False
10,Pamela Anderson,9,False,10,42,Model,,Canada,False
10,Pamela Anderson,10,False,10,42,Model,,Canada,False
10,Shannen Doherty,1,True,10,38,Actor/Actress,Tennessee,United States,True
10,Shannen Doherty,2,True,10,38,Actor/Actress,Tennessee,United States,False
10,Shannen Doherty,3,False,10,38,Actor/Actress,Tennessee,United States,False
10,Shannen Doherty,4,False,10,38,Actor/Actress,Tennessee,United States,False
10,Shannen Doherty,5,False,10,38,Actor/Actress,Tennessee,United States,False
10,Shannen Doherty,6,False,10,38,Actor/Actress,Tennessee,United States,False
10,Shannen Doherty,7,False,10,38,Actor/Actress,Tennessee,United States,False
10,Shannen Doherty,8,False,10,38,Actor/Actress,Tennessee,United States,False
10,Shannen Doherty,9,False,10,38,Actor/Actress,Tennessee,United States,False
10,Shannen Doherty,10,False,10,38,Actor/Actress,Tennessee,United States,False
11,Audrina Patridge,1,True,10,25,TV Personality,California,United States,True
11,Audrina Patridge,2,True,10,25,TV Personality,California,United States,True
11,Audrina Patridge,3,True,10,25,TV Personality,California,United States,True
11,Audrina Patridge,4,True,10,25,TV Personality,California,United States,True
11,Audrina Patridge,5,True,10,25,TV Personality,California,United States,True
11,Audrina Patridge,6,True,10,25,TV Personality,California,United States,False
11,Audrina Patridge,7,False,10,25,TV Personality,California,United States,False
11,Audrina Patridge,8,False,10,25,TV Personality,California,United States,False
11,Audrina Patridge,9,False,10,25,TV Personality,California,United States,False
11,Audrina Patridge,10,False,10,25,TV Personality,California,United States,False
11,Brandy,1,True,10,31,Singer/Rapper,Mississippi,United States,True
11,Brandy,2,True,10,31,Singer/Rapper,Mississippi,United States,True
11,Brandy,3,True,10,31,Singer/Rapper,Mississippi,United States,True
11,Brandy,4,True,10,31,Singer/Rapper,Mississippi,United States,True
11,Brandy,5,True,10,31,Singer/Rapper,Mississippi,United States,True
11,Brandy,6,True,10,31,Singer/Rapper,Mississippi,United States,True
11,Brandy,7,True,10,31,Singer/Rapper,Mississippi,United States,True
11,Brandy,8,True,10,31,Singer/Rapper,Mississippi,United States,True
11,Brandy,9,True,10,31,Singer/Rapper,Mississippi,United States,False
11,Brandy,10,False,10,31,Singer/Rapper,Mississippi,United States,False
11,Bristol Palin,1,True,10,19,TV Personality,Alaska,United States,True
11,Bristol Palin,2,True,10,19,TV Personality,Alaska,United States,True
11,Bristol Palin,3,True,10,19,TV Personality,Alaska,United States,True
11,Bristol Palin,4,True,10,19,TV Personality,Alaska,United States,True
11,Bristol Palin,5,True,10,19,TV Personality,Alaska,United States,True
11,Bristol Palin,6,True,10,19,TV Personality,Alaska,United States,True
11,Bristol Palin,7,True,10,19,TV Personality,Alaska,United States,True
11,Bristol Palin,8,True,10,19,TV Personality,Alaska,United States,True
11,Bristol Palin,9,True,10,19,TV Personality,Alaska,United States,True
11,Bristol Palin,10,True,10,19,TV Personality,Alaska,United States,False
11,David Hasselhoff,1,True,10,58,Actor/Actress,Maryland,United States,False
11,David Hasselhoff,2,False,10,58,Actor/Actress,Maryland,United States,False
11,David Hasselhoff,3,False,10,58,Actor/Actress,Maryland,United States,False
11,David Hasselhoff,4,False,10,58,Actor/Actress,Maryland,United States,False
11,David Hasselhoff,5,False,10,58,Actor/Actress,Maryland,United States,False
11,David Hasselhoff,6,False,10,58,Actor/Actress,Maryland,United States,False
11,David Hasselhoff,7,False,10,58,Actor/Actress,Maryland,United States,False
11,David Hasselhoff,8,False,10,58,Actor/Actress,Maryland,United States,False
11,David Hasselhoff,9,False,10,58,Actor/Actress,Maryland,United States,False
11,David Hasselhoff,10,False,10,58,Actor/Actress,Maryland,United States,False
11,Florence Henderson,1,True,10,76,Actor/Actress,Indiana,United States,True
11,Florence Henderson,2,True,10,76,Actor/Actress,Indiana,United States,True
11,Florence Henderson,3,True,10,76,Actor/Actress,Indiana,United States,True
11,Florence Henderson,4,True,10,76,Actor/Actress,Indiana,United States,True
11,Florence Henderson,5,True,10,76,Actor/Actress,Indiana,United States,False
11,Florence Henderson,6,False,10,76,Actor/Actress,Indiana,United States,False
11,Florence Henderson,7,False,10,76,Actor/Actress,Indiana,United States,False
11,Florence Henderson,8,False,10,76,Actor/Actress,Indiana,United States,False
11,Florence Henderson,9,False,10,76,Actor/Actress,Indiana,United States,False
11,Florence Henderson,10,False,10,76,Actor/Actress,Indiana,United States,False
11,Jennifer Grey,1,True,10,50,Actor/Actress,New York,United States,True
11,Jennifer Grey,2,True,10,50,Actor/Actress,New York,United States,True
11,Jennifer Grey,3,True,10,50,Actor/Actress,New York,United States,True
11,Jennifer Grey,4,True,10,50,Actor/Actress,New York,United States,True
11,Jennifer Grey,5,True,10,50,Actor/Actress,New York,United States,True
11,Jennifer Grey,6,True,10,50,Actor/Actress,New York,United States,True
11,Jennifer Grey,7,True,10,50,Actor/Actress,New York,United States,True
11,Jennifer Grey,8,True,10,50,Actor/Actress,New York,United States,True
11,Jennifer Grey,9,True,10,50,Actor/Actress,New York,United States,True
11,Jennifer Grey,10,True,10,50,Actor/Actress,New York,United States,False
11,Kurt Warner,1,True,10,39,Athlete,Iowa,United States,True
11,Kurt Warner,2,True,10,39,Athlete,Iowa,United States,True
11,Kurt Warner,3,True,10,39,Athlete,Iowa,United States,True
11,Kurt Warner,4,True,10,39,Athlete,Iowa,United States,True
11,Kurt Warner,5,True,10,39,Athlete,Iowa,United States,True
11,Kurt Warner,6,True,10,39,Athlete,Iowa,United States,True
11,Kurt Warner,7,True,10,39,Athlete,Iowa,United States,True
11,Kurt Warner,8,True,10,39,Athlete,Iowa,United States,False
11,Kurt Warner,9,False,10,39,Athlete,Iowa,United States,False
11,Kurt Warner,10,False,10,39,Athlete,Iowa,United States,False
11,Kyle Massey,1,True,10,19,Actor/Actress,Georgia,United States,True
11,Kyle Massey,2,True,10,19,Actor/Actress,Georgia,United States,True
11,Kyle Massey,3,True,10,19,Actor/Actress,Georgia,United States,True
11,Kyle Massey,4,True,10,19,Actor/Actress,Georgia,United States,True
11,Kyle Massey,5,True,10,19,Actor/Actress,Georgia,United States,True
11,Kyle Massey,6,True,10,19,Actor/Actress,Georgia,United States,True
11,Kyle Massey,7,True,10,19,Actor/Actress,Georgia,United States,True
11,Kyle Massey,8,True,10,19,Actor/Actress,Georgia,United States,True
11,Kyle Massey,9,True,10,19,Actor/Actress,Georgia,United States,True
11,Kyle Massey,10,True,10,19,Actor/Actress,Georgia,United States,False
11,Margaret Cho,1,True,10,41,Comedian,California,United States,True
11,Margaret Cho,2,True,10,41,Comedian,California,United States,True
11,Margaret Cho,3,True,10,41,Comedian,California,United States,False
11,Margaret Cho,4,False,10,41,Comedian,California,United States,False
11,Margaret Cho,5,False,10,41,Comedian,California,United States,False
11,Margaret Cho,6,False,10,41,Comedian,California,United States,False
11,Margaret Cho,7,False,10,41,Comedian,California,United States,False
11,Margaret Cho,8,False,10,41,Comedian,California,United States,False
11,Margaret Cho,9,False,10,41,Comedian,California,United States,False
11,Margaret Cho,10,False,10,41,Comedian,California,United States,False
11,Michael Bolton,1,True,10,57,Singer/Rapper,Connecticut,United States,True
11,Michael Bolton,2,True,10,57,Singer/Rapper,Connecticut,United States,False
11,Michael Bolton,3,False,10,57,Singer/Rapper,Connecticut,United States,False
11,Michael Bolton,4,False,10,57,Singer/Rapper,Connecticut,United States,False
11,Michael Bolton,5,False,10,57,Singer/Rapper,Connecticut,United States,False
11,Michael Bolton,6,False,10,57,Singer/Rapper,Connecticut,United States,False
11,Michael Bolton,7,False,10,57,Singer/Rapper,Connecticut,United States,False
11,Michael Bolton,8,False,10,57,Singer/Rapper,Connecticut,United States,False
11,Michael Bolton,9,False,10,57,Singer/Rapper,Connecticut,United States,False
11,Michael Bolton,10,False,10,57,Singer/Rapper,Connecticut,United States,False
11,Rick Fox,1,True,10,41,Athlete,,Canada,True
11,Rick Fox,2,True,10,41,Athlete,,Canada,True
11,Rick Fox,3,True,10,41,Athlete,,Canada,True
11,Rick Fox,4,True,10,41,Athlete,,Canada,True
11,Rick Fox,5,True,10,41,Athlete,,Canada,True
11,Rick Fox,6,True,10,41,Athlete,,Canada,True
11,Rick Fox,7,True,10,41,Athlete,,Canada,False
11,Rick Fox,8,False,10,41,Athlete,,Canada,False
11,Rick Fox,9,False,10,41,Athlete,,Canada,False
11,Rick Fox,10,False,10,41,Athlete,,Canada,False
11,The Situation,1,True,10,28,TV Personality,New York,United States,True
11,The Situation,2,True,10,28,TV Personality,New York,United States,True
11,The Situation,3,True,10,28,TV Personality,New York,United States,True
11,The Situation,4,True,10,28,TV Personality,New York,United States,False
11,The Situation,5,False,10,28,TV Personality,New York,United States,False
11,The Situation,6,False,10,28,TV Personality,New York,United States,False
11,The Situation,7,False,10,28,TV Personality,New York,United States,False
11,The Situation,8,False,10,28,TV Personality,New York,United States,False
11,The Situation,9,False,10,28,TV Personality,New York,United States,False
11,The Situation,10,False,10,28,TV Personality,New York,United States,False
12,Chelsea Kane,1,True,10,22,Actor/Actress,Arizona,United States,True
12,Chelsea Kane,2,True,10,22,Actor/Actress,Arizona,United States,True
12,Chelsea Kane,3,True,10,22,Actor/Actress,Arizona,United States,True
12,Chelsea Kane,4,True,10,22,Actor/Actress,Arizona,United States,True
12,Chelsea Kane,5,True,10,22,Actor/Actress,Arizona,United States,True
12,Chelsea Kane,6,True,10,22,Actor/Actress,Arizona,United States,True
12,Chelsea Kane,7,True,10,22,Actor/Actress,Arizona,United States,True
12,Chelsea Kane,8,True,10,22,Actor/Actress,Arizona,United States,True
12,Chelsea Kane,9,True,10,22,Actor/Actress,Arizona,United States,True
12,Chelsea Kane,10,True,10,22,Actor/Actress,Arizona,United States,False
12,Chris Jericho,1,True,10,40,Athlete,New York,United States,True
12,Chris Jericho,2,True,10,40,Athlete,New York,United States,True
12,Chris Jericho,3,True,10,40,Athlete,New York,United States,True
12,Chris Jericho,4,True,10,40,Athlete,New York,United States,True
12,Chris Jericho,5,True,10,40,Athlete,New York,United States,True
12,Chris Jericho,6,True,10,40,Athlete,New York,United States,False
12,Chris Jericho,7,False,10,40,Athlete,New York,United States,False
12,Chris Jericho,8,False,10,40,Athlete,New York,United States,False
12,Chris Jericho,9,False,10,40,Athlete,New York,United States,False
12,Chris Jericho,10,False,10,40,Athlete,New York,United States,False
12,Hines Ward,1,True,10,35,Athlete,,South Korea,True
12,Hines Ward,2,True,10,35,Athlete,,South Korea,True
12,Hines Ward,3,True,10,35,Athlete,,South Korea,True
12,Hines Ward,4,True,10,35,Athlete,,South Korea,True
12,Hines Ward,5,True,10,35,Athlete,,South Korea,True
12,Hines Ward,6,True,10,35,Athlete,,South Korea,True
12,Hines Ward,7,True,10,35,Athlete,,South Korea,True
12,Hines Ward,8,True,10,35,Athlete,,South Korea,True
12,Hines Ward,9,True,10,35,Athlete,,South Korea,True
12,Hines Ward,10,True,10,35,Athlete,,South Korea,False
12,Kendra Wilkinson,1,True,10,25,TV Personality,California,United States,True
12,Kendra Wilkinson,2,True,10,25,TV Personality,California,United States,True
12,Kendra Wilkinson,3,True,10,25,TV Personality,California,United States,True
12,Kendra Wilkinson,4,True,10,25,TV Personality,California,United States,True
12,Kendra Wilkinson,5,True,10,25,TV Personality,California,United States,True
12,Kendra Wilkinson,6,True,10,25,TV Personality,California,United States,True
12,Kendra Wilkinson,7,True,10,25,TV Personality,California,United States,False
12,Kendra Wilkinson,8,False,10,25,TV Personality,California,United States,False
12,Kendra Wilkinson,9,False,10,25,TV Personality,California,United States,False
12,Kendra Wilkinson,10,False,10,25,TV Personality,California,United States,False
12,Kirstie Alley,1,True,10,60,Actor/Actress,Kansas,United States,True
12,Kirstie Alley,2,True,10,60,Actor/Actress,Kansas,United States,True
12,Kirstie Alley,3,True,10,60,Actor/Actress,Kansas,United States,True
12,Kirstie Alley,4,True,10,60,Actor/Actress,Kansas,United States,True
12,Kirstie Alley,5,True,10,60,Actor/Actress,Kansas,United States,True
12,Kirstie Alley,6,True,10,60,Actor/Actress,Kansas,United States,True
12,Kirstie Alley,7,True,10,60,Actor/Actress,Kansas,United States,True
12,Kirstie Alley,8,True,10,60,Actor/Actress,Kansas,United States,True
12,Kirstie Alley,9,True,10,60,Actor/Actress,Kansas,United States,True
12,Kirstie Alley,10,True,10,60,Actor/Actress,Kansas,United States,False
12,Mike Catherwood,1,True,10,32,Radio Personality,California,United States,True
12,Mike Catherwood,2,True,10,32,Radio Personality,California,United States,False
12,Mike Catherwood,3,False,10,32,Radio Personality,California,United States,False
12,Mike Catherwood,4,False,10,32,Radio Personality,California,United States,False
12,Mike Catherwood,5,False,10,32,Radio Personality,California,United States,False
12,Mike Catherwood,6,False,10,32,Radio Personality,California,United States,False
12,Mike Catherwood,7,False,10,32,Radio Personality,California,United States,False
12,Mike Catherwood,8,False,10,32,Radio Personality,California,United States,False
12,Mike Catherwood,9,False,10,32,Radio Personality,California,United States,False
12,Mike Catherwood,10,False,10,32,Radio Personality,California,United States,False
12,Petra Nemcova,1,True,10,31,Model,,Czechoslovakia,True
12,Petra Nemcova,2,True,10,31,Model,,Czechoslovakia,True
12,Petra Nemcova,3,True,10,31,Model,,Czechoslovakia,True
12,Petra Nemcova,4,True,10,31,Model,,Czechoslovakia,True
12,Petra Nemcova,5,True,10,31,Model,,Czechoslovakia,False
12,Petra Nemcova,6,False,10,31,Model,,Czechoslovakia,False
12,Petra Nemcova,7,False,10,31,Model,,Czechoslovakia,False
12,Petra Nemcova,8,False,10,31,Model,,Czechoslovakia,False
12,Petra Nemcova,9,False,10,31,Model,,Czechoslovakia,False
12,Petra Nemcova,10,False,10,31,Model,,Czechoslovakia,False
12,Ralph Macchio,1,True,10,49,Actor/Actress,New York,United States,True
12,Ralph Macchio,2,True,10,49,Actor/Actress,New York,United States,True
12,Ralph Macchio,3,True,10,49,Actor/Actress,New York,United States,True
12,Ralph Macchio,4,True,10,49,Actor/Actress,New York,United States,True
12,Ralph Macchio,5,True,10,49,Actor/Actress,New York,United States,True
12,Ralph Macchio,6,True,10,49,Actor/Actress,New York,United States,True
12,Ralph Macchio,7,True,10,49,Actor/Actress,New York,United States,True
12,Ralph Macchio,8,True,10,49,Actor/Actress,New York,United States,True
12,Ralph Macchio,9,True,10,49,Actor/Actress,New York,United States,False
12,Ralph Macchio,10,False,10,49,Actor/Actress,New York,United States,False
12,Romeo,1,True,10,21,Singer/Rapper,Louisiana,United States,True
12,Romeo,2,True,10,21,Singer/Rapper,Louisiana,United States,True
12,Romeo,3,True,10,21,Singer/Rapper,Louisiana,United States,True
12,Romeo,4,True,10,21,Singer/Rapper,Louisiana,United States,True
12,Romeo,5,True,10,21,Singer/Rapper,Louisiana,United States,True
12,Romeo,6,True,10,21,Singer/Rapper,Louisiana,United States,True
12,Romeo,7,True,10,21,Singer/Rapper,Louisiana,United States,True
12,Romeo,8,True,10,21,Singer/Rapper,Louisiana,United States,False
12,Romeo,9,False,10,21,Singer/Rapper,Louisiana,United States,False
12,Romeo,10,False,10,21,Singer/Rapper,Louisiana,United States,False
12,Sugar Ray Leonard,1,True,10,54,Athlete,North Carolina,United States,True
12,Sugar Ray Leonard,2,True,10,54,Athlete,North Carolina,United States,True
12,Sugar Ray Leonard,3,True,10,54,Athlete,North Carolina,United States,True
12,Sugar Ray Leonard,4,True,10,54,Athlete,North Carolina,United States,False
12,Sugar Ray Leonard,5,False,10,54,Athlete,North Carolina,United States,False
12,Sugar Ray Leonard,6,False,10,54,Athlete,North Carolina,United States,False
12,Sugar Ray Leonard,7,False,10,54,Athlete,North Carolina,United States,False
12,Sugar Ray Leonard,8,False,10,54,Athlete,North Carolina,United States,False
12,Sugar Ray Leonard,9,False,10,54,Athlete,North Carolina,United States,False
12,Sugar Ray Leonard,10,False,10,54,Athlete,North Carolina,United States,False
12,Wendy Williams,1,True,10,46,TV Personality,New Jersey,United States,True
12,Wendy Williams,2,True,10,46,TV Personality,New Jersey,United States,True
12,Wendy Williams,3,True,10,46,TV Personality,New Jersey,United States,False
12,Wendy Williams,4,False,10,46,TV Personality,New Jersey,United States,False
12,Wendy Williams,5,False,10,46,TV Personality,New Jersey,United States,False
12,Wendy Williams,6,False,10,46,TV Personality,New Jersey,United States,False
12,Wendy Williams,7,False,10,46,TV Personality,New Jersey,United States,False
12,Wendy Williams,8,False,10,46,TV Personality,New Jersey,United States,False
12,Wendy Williams,9,False,10,46,TV Personality,New Jersey,United States,False
12,Wendy Williams,10,False,10,46,TV Personality,New Jersey,United States,False
13,Carson Kressley,1,True,10,41,TV Personality,Pennsylvania,United States,True
13,Carson Kressley,2,True,10,41,TV Personality,Pennsylvania,United States,True
13,Carson Kressley,3,True,10,41,TV Personality,Pennsylvania,United States,True
13,Carson Kressley,4,True,10,41,TV Personality,Pennsylvania,United States,True
13,Carson Kressley,5,True,10,41,TV Personality,Pennsylvania,United States,False
13,Carson Kressley,6,False,10,41,TV Personality,Pennsylvania,United States,False
13,Carson Kressley,7,False,10,41,TV Personality,Pennsylvania,United States,False
13,Carson Kressley,8,False,10,41,TV Personality,Pennsylvania,United States,False
13,Carson Kressley,9,False,10,41,TV Personality,Pennsylvania,United States,False
13,Carson Kressley,10,False,10,41,TV Personality,Pennsylvania,United States,False
13,Chaz Bono,1,True,10,42,TV Personality,California,United States,True
13,Chaz Bono,2,True,10,42,TV Personality,California,United States,True
13,Chaz Bono,3,True,10,42,TV Personality,California,United States,True
13,Chaz Bono,4,True,10,42,TV Personality,California,United States,True
13,Chaz Bono,5,True,10,42,TV Personality,California,United States,True
13,Chaz Bono,6,True,10,42,TV Personality,California,United States,False
13,Chaz Bono,7,False,10,42,TV Personality,California,United States,False
13,Chaz Bono,8,False,10,42,TV Personality,California,United States,False
13,Chaz Bono,9,False,10,42,TV Personality,California,United States,False
13,Chaz Bono,10,False,10,42,TV Personality,California,United States,False
13,Chynna Phillips,1,True,10,43,Singer/Rapper,California,United States,True
13,Chynna Phillips,2,True,10,43,Singer/Rapper,California,United States,True
13,Chynna Phillips,3,True,10,43,Singer/Rapper,California,United States,True
13,Chynna Phillips,4,True,10,43,Singer/Rapper,California,United States,False
13,Chynna Phillips,5,False,10,43,Singer/Rapper,California,United States,False
13,Chynna Phillips,6,False,10,43,Singer/Rapper,California,United States,False
13,Chynna Phillips,7,False,10,43,Singer/Rapper,California,United States,False
13,Chynna Phillips,8,False,10,43,Singer/Rapper,California,United States,False
13,Chynna Phillips,9,False,10,43,Singer/Rapper,California,United States,False
13,Chynna Phillips,10,False,10,43,Singer/Rapper,California,United States,False
13,David Arquette,1,True,10,40,Actor/Actress,Virginia,United States,True
13,David Arquette,2,True,10,40,Actor/Actress,Virginia,United States,True
13,David Arquette,3,True,10,40,Actor/Actress,Virginia,United States,True
13,David Arquette,4,True,10,40,Actor/Actress,Virginia,United States,True
13,David Arquette,5,True,10,40,Actor/Actress,Virginia,United States,True
13,David Arquette,6,True,10,40,Actor/Actress,Virginia,United States,True
13,David Arquette,7,True,10,40,Actor/Actress,Virginia,United States,False
13,David Arquette,8,False,10,40,Actor/Actress,Virginia,United States,False
13,David Arquette,9,False,10,40,Actor/Actress,Virginia,United States,False
13,David Arquette,10,False,10,40,Actor/Actress,Virginia,United States,False
13,Elisabetta Canalis,1,True,10,33,Actor/Actress,,Italy,True
13,Elisabetta Canalis,2,True,10,33,Actor/Actress,,Italy,False
13,Elisabetta Canalis,3,False,10,33,Actor/Actress,,Italy,False
13,Elisabetta Canalis,4,False,10,33,Actor/Actress,,Italy,False
13,Elisabetta Canalis,5,False,10,33,Actor/Actress,,Italy,False
13,Elisabetta Canalis,6,False,10,33,Actor/Actress,,Italy,False
13,Elisabetta Canalis,7,False,10,33,Actor/Actress,,Italy,False
13,Elisabetta Canalis,8,False,10,33,Actor/Actress,,Italy,False
13,Elisabetta Canalis,9,False,10,33,Actor/Actress,,Italy,False
13,Elisabetta Canalis,10,False,10,33,Actor/Actress,,Italy,False
13,Hope Solo,1,True,10,30,Athlete,Washington,United States,True
13,Hope Solo,2,True,10,30,Athlete,Washington,United States,True
13,Hope Solo,3,True,10,30,Athlete,Washington,United States,True
13,Hope Solo,4,True,10,30,Athlete,Washington,United States,True
13,Hope Solo,5,True,10,30,Athlete,Washington,United States,True
13,Hope Solo,6,True,10,30,Athlete,Washington,United States,True
13,Hope Solo,7,True,10,30,Athlete,Washington,United States,True
13,Hope Solo,8,True,10,30,Athlete,Washington,United States,True
13,Hope Solo,9,True,10,30,Athlete,Washington,United States,False
13,Hope Solo,10,False,10,30,Athlete,Washington,United States,False
13,J.R. Martinez,1,True,10,28,Actor/Actress,Louisiana,United States,True
13,J.R. Martinez,2,True,10,28,Actor/Actress,Louisiana,United States,True
13,J.R. Martinez,3,True,10,28,Actor/Actress,Louisiana,United States,True
13,J.R. Martinez,4,True,10,28,Actor/Actress,Louisiana,United States,True
13,J.R. Martinez,5,True,10,28,Actor/Actress,Louisiana,United States,True
13,J.R. Martinez,6,True,10,28,Actor/Actress,Louisiana,United States,True
13,J.R. Martinez,7,True,10,28,Actor/Actress,Louisiana,United States,True
13,J.R. Martinez,8,True,10,28,Actor/Actress,Louisiana,United States,True
13,J.R. Martinez,9,True,10,28,Actor/Actress,Louisiana,United States,True
13,J.R. Martinez,10,True,10,28,Actor/Actress,Louisiana,United States,False
13,Kristin Cavallari,1,True,10,24,TV Personality,Colorado,United States,True
13,Kristin Cavallari,2,True,10,24,TV Personality,Colorado,United States,True
13,Kristin Cavallari,3,True,10,24,TV Personality,Colorado,United States,False
13,Kristin Cavallari,4,False,10,24,TV Personality,Colorado,United States,False
13,Kristin Cavallari,5,False,10,24,TV Personality,Colorado,United States,False
13,Kristin Cavallari,6,False,10,24,TV Personality,Colorado,United States,False
13,Kristin Cavallari,7,False,10,24,TV Personality,Colorado,United States,False
13,Kristin Cavallari,8,False,10,24,TV Personality,Colorado,United States,False
13,Kristin Cavallari,9,False,10,24,TV Personality,Colorado,United States,False
13,Kristin Cavallari,10,False,10,24,TV Personality,Colorado,United States,False
13,Metta World Peace (Ron),1,True,10,31,Athlete,New York,United States,False
13,Metta World Peace (Ron),2,False,10,31,Athlete,New York,United States,False
13,Metta World Peace (Ron),3,False,10,31,Athlete,New York,United States,False
13,Metta World Peace (Ron),4,False,10,31,Athlete,New York,United States,False
13,Metta World Peace (Ron),5,False,10,31,Athlete,New York,United States,False
13,Metta World Peace (Ron),6,False,10,31,Athlete,New York,United States,False
13,Metta World Peace (Ron),7,False,10,31,Athlete,New York,United States,False
13,Metta World Peace (Ron),8,False,10,31,Athlete,New York,United States,False
13,Metta World Peace (Ron),9,False,10,31,Athlete,New York,United States,False
13,Metta World Peace (Ron),10,False,10,31,Athlete,New York,United States,False
13,Nancy Grace,1,True,10,51,TV Personality,Georgia,United States,True
13,Nancy Grace,2,True,10,51,TV Personality,Georgia,United States,True
13,Nancy Grace,3,True,10,51,TV Personality,Georgia,United States,True
13,Nancy Grace,4,True,10,51,TV Personality,Georgia,United States,True
13,Nancy Grace,5,True,10,51,TV Personality,Georgia,United States,True
13,Nancy Grace,6,True,10,51,TV Personality,Georgia,United States,True
13,Nancy Grace,7,True,10,51,TV Personality,Georgia,United States,True
13,Nancy Grace,8,True,10,51,TV Personality,Georgia,United States,False
13,Nancy Grace,9,False,10,51,TV Personality,Georgia,United States,False
13,Nancy Grace,10,False,10,51,TV Personality,Georgia,United States,False
13,Ricki Lake,1,True,10,42,Actor/Actress,New York,United States,True
13,Ricki Lake,2,True,10,42,Actor/Actress,New York,United States,True
13,Ricki Lake,3,True,10,42,Actor/Actress,New York,United States,True
13,Ricki Lake,4,True,10,42,Actor/Actress,New York,United States,True
13,Ricki Lake,5,True,10,42,Actor/Actress,New York,United States,True
13,Ricki Lake,6,True,10,42,Actor/Actress,New York,United States,True
13,Ricki Lake,7,True,10,42,Actor/Actress,New York,United States,True
13,Ricki Lake,8,True,10,42,Actor/Actress,New York,United States,True
13,Ricki Lake,9,True,10,42,Actor/Actress,New York,United States,True
13,Ricki Lake,10,True,10,42,Actor/Actress,New York,United States,False
13,Rob Kardashian,1,True,10,24,TV Personality,California,United States,True
13,Rob Kardashian,2,True,10,24,TV Personality,California,United States,True
13,Rob Kardashian,3,True,10,24,TV Personality,California,United States,True
13,Rob Kardashian,4,True,10,24,TV Personality,California,United States,True
13,Rob Kardashian,5,True,10,24,TV Personality,California,United States,True
13,Rob Kardashian,6,True,10,24,TV Personality,California,United States,True
13,Rob Kardashian,7,True,10,24,TV Personality,California,United States,True
13,Rob Kardashian,8,True,10,24,TV Personality,California,United States,True
13,Rob Kardashian,9,True,10,24,TV Personality,California,United States,True
13,Rob Kardashian,10,True,10,24,TV Personality,California,United States,False
14,Donald Driver,1,True,10,37,Athlete,Texas,United States,True
14,Donald Driver,2,True,10,37,Athlete,Texas,United States,True
14,Donald Driver,3,True,10,37,Athlete,Texas,United States,True
14,Donald Driver,4,True,10,37,Athlete,Texas,United States,True
14,Donald Driver,5,True,10,37,Athlete,Texas,United States,True
14,Donald Driver,6,True,10,37,Athlete,Texas,United States,True
14,Donald Driver,7,True,10,37,Athlete,Texas,United States,True
14,Donald Driver,8,True,10,37,Athlete,Texas,United States,True
14,Donald Driver,9,True,10,37,Athlete,Texas,United States,True
14,Donald Driver,10,True,10,37,Athlete,Texas,United States,False
14,Gavin DeGraw,1,True,10,35,Singer/Rapper,New York,United States,True
14,Gavin DeGraw,2,True,10,35,Singer/Rapper,New York,United States,True
14,Gavin DeGraw,3,True,10,35,Singer/Rapper,New York,United States,True
14,Gavin DeGraw,4,True,10,35,Singer/Rapper,New York,United States,True
14,Gavin DeGraw,5,True,10,35,Singer/Rapper,New York,United States,False
14,Gavin DeGraw,6,False,10,35,Singer/Rapper,New York,United States,False
14,Gavin DeGraw,7,False,10,35,Singer/Rapper,New York,United States,False
14,Gavin DeGraw,8,False,10,35,Singer/Rapper,New York,United States,False
14,Gavin DeGraw,9,False,10,35,Singer/Rapper,New York,United States,False
14,Gavin DeGraw,10,False,10,35,Singer/Rapper,New York,United States,False
14,Gladys Knight,1,True,10,67,Singer/Rapper,Georgia,United States,True
14,Gladys Knight,2,True,10,67,Singer/Rapper,Georgia,United States,True
14,Gladys Knight,3,True,10,67,Singer/Rapper,Georgia,United States,True
14,Gladys Knight,4,True,10,67,Singer/Rapper,Georgia,United States,True
14,Gladys Knight,5,True,10,67,Singer/Rapper,Georgia,United States,True
14,Gladys Knight,6,True,10,67,Singer/Rapper,Georgia,United States,False
14,Gladys Knight,7,False,10,67,Singer/Rapper,Georgia,United States,False
14,Gladys Knight,8,False,10,67,Singer/Rapper,Georgia,United States,False
14,Gladys Knight,9,False,10,67,Singer/Rapper,Georgia,United States,False
14,Gladys Knight,10,False,10,67,Singer/Rapper,Georgia,United States,False
14,Jack Wagner,1,True,10,52,Actor/Actress,Missouri,United States,True
14,Jack Wagner,2,True,10,52,Actor/Actress,Missouri,United States,True
14,Jack Wagner,3,True,10,52,Actor/Actress,Missouri,United States,False
14,Jack Wagner,4,False,10,52,Actor/Actress,Missouri,United States,False
14,Jack Wagner,5,False,10,52,Actor/Actress,Missouri,United States,False
14,Jack Wagner,6,False,10,52,Actor/Actress,Missouri,United States,False
14,Jack Wagner,7,False,10,52,Actor/Actress,Missouri,United States,False
14,Jack Wagner,8,False,10,52,Actor/Actress,Missouri,United States,False
14,Jack Wagner,9,False,10,52,Actor/Actress,Missouri,United States,False
14,Jack Wagner,10,False,10,52,Actor/Actress,Missouri,United States,False
14,Jaleel White,1,True,10,35,Actor/Actress,California,United States,True
14,Jaleel White,2,True,10,35,Actor/Actress,California,United States,True
14,Jaleel White,3,True,10,35,Actor/Actress,California,United States,True
14,Jaleel White,4,True,10,35,Actor/Actress,California,United States,True
14,Jaleel White,5,True,10,35,Actor/Actress,California,United States,True
14,Jaleel White,6,True,10,35,Actor/Actress,California,United States,True
14,Jaleel White,7,True,10,35,Actor/Actress,California,United States,False
14,Jaleel White,8,False,10,35,Actor/Actress,California,United States,False
14,Jaleel White,9,False,10,35,Actor/Actress,California,United States,False
14,Jaleel White,10,False,10,35,Actor/Actress,California,United States,False
14,Katherine Jenkins,1,True,10,31,Singer/Rapper,,Wales,True
14,Katherine Jenkins,2,True,10,31,Singer/Rapper,,Wales,True
14,Katherine Jenkins,3,True,10,31,Singer/Rapper,,Wales,True
14,Katherine Jenkins,4,True,10,31,Singer/Rapper,,Wales,True
14,Katherine Jenkins,5,True,10,31,Singer/Rapper,,Wales,True
14,Katherine Jenkins,6,True,10,31,Singer/Rapper,,Wales,True
14,Katherine Jenkins,7,True,10,31,Singer/Rapper,,Wales,True
14,Katherine Jenkins,8,True,10,31,Singer/Rapper,,Wales,True
14,Katherine Jenkins,9,True,10,31,Singer/Rapper,,Wales,True
14,Katherine Jenkins,10,True,10,31,Singer/Rapper,,Wales,False
14,Maria Menounos,1,True,10,33,TV Personality,Massachusetts,United States,True
14,Maria Menounos,2,True,10,33,TV Personality,Massachusetts,United States,True
14,Maria Menounos,3,True,10,33,TV Personality,Massachusetts,United States,True
14,Maria Menounos,4,True,10,33,TV Personality,Massachusetts,United States,True
14,Maria Menounos,5,True,10,33,TV Personality,Massachusetts,United States,True
14,Maria Menounos,6,True,10,33,TV Personality,Massachusetts,United States,True
14,Maria Menounos,7,True,10,33,TV Personality,Massachusetts,United States,True
14,Maria Menounos,8,True,10,33,TV Personality,Massachusetts,United States,True
14,Maria Menounos,9,True,10,33,TV Personality,Massachusetts,United States,False
14,Maria Menounos,10,False,10,33,TV Personality,Massachusetts,United States,False
14,Martina Navratilova,1,True,10,55,Athlete,,Czechoslovakia,True
14,Martina Navratilova,2,True,10,55,Athlete,,Czechoslovakia,False
14,Martina Navratilova,3,False,10,55,Athlete,,Czechoslovakia,False
14,Martina Navratilova,4,False,10,55,Athlete,,Czechoslovakia,False
14,Martina Navratilova,5,False,10,55,Athlete,,Czechoslovakia,False
14,Martina Navratilova,6,False,10,55,Athlete,,Czechoslovakia,False
14,Martina Navratilova,7,False,10,55,Athlete,,Czechoslovakia,False
14,Martina Navratilova,8,False,10,55,Athlete,,Czechoslovakia,False
14,Martina Navratilova,9,False,10,55,Athlete,,Czechoslovakia,False
14,Martina Navratilova,10,False,10,55,Athlete,,Czechoslovakia,False
14,Melissa Gilbert,1,True,10,47,Actor/Actress,California,United States,True
14,Melissa Gilbert,2,True,10,47,Actor/Actress,California,United States,True
14,Melissa Gilbert,3,True,10,47,Actor/Actress,California,United States,True
14,Melissa Gilbert,4,True,10,47,Actor/Actress,California,United States,True
14,Melissa Gilbert,5,True,10,47,Actor/Actress,California,United States,True
14,Melissa Gilbert,6,True,10,47,Actor/Actress,California,United States,True
14,Melissa Gilbert,7,True,10,47,Actor/Actress,California,United States,True
14,Melissa Gilbert,8,True,10,47,Actor/Actress,California,United States,False
14,Melissa Gilbert,9,False,10,47,Actor/Actress,California,United States,False
14,Melissa Gilbert,10,False,10,47,Actor/Actress,California,United States,False
14,Roshon Fegan,1,True,10,20,Actor/Actress,California,United States,True
14,Roshon Fegan,2,True,10,20,Actor/Actress,California,United States,True
14,Roshon Fegan,3,True,10,20,Actor/Actress,California,United States,True
14,Roshon Fegan,4,True,10,20,Actor/Actress,California,United States,True
14,Roshon Fegan,5,True,10,20,Actor/Actress,California,United States,True
14,Roshon Fegan,6,True,10,20,Actor/Actress,California,United States,True
14,Roshon Fegan,7,True,10,20,Actor/Actress,California,United States,True
14,Roshon Fegan,8,True,10,20,Actor/Actress,California,United States,False
14,Roshon Fegan,9,False,10,20,Actor/Actress,California,United States,False
14,Roshon Fegan,10,False,10,20,Actor/Actress,California,United States,False
14,Sherri Sheperd,1,True,10,44,Actor/Actress,Illinois,United States,True
14,Sherri Sheperd,2,True,10,44,Actor/Actress,Illinois,United States,True
14,Sherri Sheperd,3,True,10,44,Actor/Actress,Illinois,United States,True
14,Sherri Sheperd,4,True,10,44,Actor/Actress,Illinois,United States,False
14,Sherri Sheperd,5,False,10,44,Actor/Actress,Illinois,United States,False
14,Sherri Sheperd,6,False,10,44,Actor/Actress,Illinois,United States,False
14,Sherri Sheperd,7,False,10,44,Actor/Actress,Illinois,United States,False
14,Sherri Sheperd,8,False,10,44,Actor/Actress,Illinois,United States,False
14,Sherri Sheperd,9,False,10,44,Actor/Actress,Illinois,United States,False
14,Sherri Sheperd,10,False,10,44,Actor/Actress,Illinois,United States,False
14,William Levy,1,True,10,31,Actor/Actress,,Cuba,True
14,William Levy,2,True,10,31,Actor/Actress,,Cuba,True
14,William Levy,3,True,10,31,Actor/Actress,,Cuba,True
14,William Levy,4,True,10,31,Actor/Actress,,Cuba,True
14,William Levy,5,True,10,31,Actor/Actress,,Cuba,True
14,William Levy,6,True,10,31,Actor/Actress,,Cuba,True
14,William Levy,7,True,10,31,Actor/Actress,,Cuba,True
14,William Levy,8,True,10,31,Actor/Actress,,Cuba,True
14,William Levy,9,True,10,31,Actor/Actress,,Cuba,True
14,William Levy,10,True,10,31,Actor/Actress,,Cuba,False
15,Apolo Anton Ohno,1,True,10,30,Athlete,Washington,United States,True
15,Apolo Anton Ohno,2,True,10,30,Athlete,Washington,United States,True
15,Apolo Anton Ohno,3,True,10,30,Athlete,Washington,United States,True
15,Apolo Anton Ohno,4,True,10,30,Athlete,Washington,United States,True
15,Apolo Anton Ohno,5,True,10,30,Athlete,Washington,United States,True
15,Apolo Anton Ohno,6,True,10,30,Athlete,Washington,United States,True
15,Apolo Anton Ohno,7,True,10,30,Athlete,Washington,United States,True
15,Apolo Anton Ohno,8,True,10,30,Athlete,Washington,United States,True
15,Apolo Anton Ohno,9,True,10,30,Athlete,Washington,United States,False
15,Apolo Anton Ohno,10,False,10,30,Athlete,Washington,United States,False
15,Bristol Palin,1,True,10,21,TV Personality,Alaska,United States,True
15,Bristol Palin,2,True,10,21,TV Personality,Alaska,United States,True
15,Bristol Palin,3,True,10,21,TV Personality,Alaska,United States,True
15,Bristol Palin,4,True,10,21,TV Personality,Alaska,United States,False
15,Bristol Palin,5,False,10,21,TV Personality,Alaska,United States,False
15,Bristol Palin,6,False,10,21,TV Personality,Alaska,United States,False
15,Bristol Palin,7,False,10,21,TV Personality,Alaska,United States,False
15,Bristol Palin,8,False,10,21,TV Personality,Alaska,United States,False
15,Bristol Palin,9,False,10,21,TV Personality,Alaska,United States,False
15,Bristol Palin,10,False,10,21,TV Personality,Alaska,United States,False
15,Drew Lachey,1,True,10,36,Singer/Rapper,Ohio,United States,True
15,Drew Lachey,2,True,10,36,Singer/Rapper,Ohio,United States,True
15,Drew Lachey,3,True,10,36,Singer/Rapper,Ohio,United States,False
15,Drew Lachey,4,False,10,36,Singer/Rapper,Ohio,United States,False
15,Drew Lachey,5,False,10,36,Singer/Rapper,Ohio,United States,False
15,Drew Lachey,6,False,10,36,Singer/Rapper,Ohio,United States,False
15,Drew Lachey,7,False,10,36,Singer/Rapper,Ohio,United States,False
15,Drew Lachey,8,False,10,36,Singer/Rapper,Ohio,United States,False
15,Drew Lachey,9,False,10,36,Singer/Rapper,Ohio,United States,False
15,Drew Lachey,10,False,10,36,Singer/Rapper,Ohio,United States,False
15,Emmitt Smith,1,True,10,43,Athlete,Florida,United States,True
15,Emmitt Smith,2,True,10,43,Athlete,Florida,United States,True
15,Emmitt Smith,3,True,10,43,Athlete,Florida,United States,True
15,Emmitt Smith,4,True,10,43,Athlete,Florida,United States,True
15,Emmitt Smith,5,True,10,43,Athlete,Florida,United States,True
15,Emmitt Smith,6,True,10,43,Athlete,Florida,United States,True
15,Emmitt Smith,7,True,10,43,Athlete,Florida,United States,True
15,Emmitt Smith,8,True,10,43,Athlete,Florida,United States,True
15,Emmitt Smith,9,True,10,43,Athlete,Florida,United States,False
15,Emmitt Smith,10,False,10,43,Athlete,Florida,United States,False
15,Gilles Marini,1,True,10,36,Actor/Actress,,France,True
15,Gilles Marini,2,True,10,36,Actor/Actress,,France,True
15,Gilles Marini,3,True,10,36,Actor/Actress,,France,True
15,Gilles Marini,4,True,10,36,Actor/Actress,,France,True
15,Gilles Marini,5,True,10,36,Actor/Actress,,France,True
15,Gilles Marini,6,True,10,36,Actor/Actress,,France,True
15,Gilles Marini,7,True,10,36,Actor/Actress,,France,True
15,Gilles Marini,8,True,10,36,Actor/Actress,,France,False
15,Gilles Marini,9,False,10,36,Actor/Actress,,France,False
15,Gilles Marini,10,False,10,36,Actor/Actress,,France,False
15,Helio Castroneves,1,True,10,37,Racing Driver,,Brazil,True
15,Helio Castroneves,2,True,10,37,Racing Driver,,Brazil,True
15,Helio Castroneves,3,True,10,37,Racing Driver,,Brazil,False
15,Helio Castroneves,4,False,10,37,Racing Driver,,Brazil,False
15,Helio Castroneves,5,False,10,37,Racing Driver,,Brazil,False
15,Helio Castroneves,6,False,10,37,Racing Driver,,Brazil,False
15,Helio Castroneves,7,False,10,37,Racing Driver,,Brazil,False
15,Helio Castroneves,8,False,10,37,Racing Driver,,Brazil,False
15,Helio Castroneves,9,False,10,37,Racing Driver,,Brazil,False
15,Helio Castroneves,10,False,10,37,Racing Driver,,Brazil,False
15,Joey Fatone,1,True,10,35,Singer/Rapper,New York,United States,True
15,Joey Fatone,2,True,10,35,Singer/Rapper,New York,United States,False
15,Joey Fatone,3,False,10,35,Singer/Rapper,New York,United States,False
15,Joey Fatone,4,False,10,35,Singer/Rapper,New York,United States,False
15,Joey Fatone,5,False,10,35,Singer/Rapper,New York,United States,False
15,Joey Fatone,6,False,10,35,Singer/Rapper,New York,United States,False
15,Joey Fatone,7,False,10,35,Singer/Rapper,New York,United States,False
15,Joey Fatone,8,False,10,35,Singer/Rapper,New York,United States,False
15,Joey Fatone,9,False,10,35,Singer/Rapper,New York,United States,False
15,Joey Fatone,10,False,10,35,Singer/Rapper,New York,United States,False
15,Kelly Monaco,1,True,10,36,Actor/Actress,Pennsylvania,United States,True
15,Kelly Monaco,2,True,10,36,Actor/Actress,Pennsylvania,United States,True
15,Kelly Monaco,3,True,10,36,Actor/Actress,Pennsylvania,United States,True
15,Kelly Monaco,4,True,10,36,Actor/Actress,Pennsylvania,United States,True
15,Kelly Monaco,5,True,10,36,Actor/Actress,Pennsylvania,United States,True
15,Kelly Monaco,6,True,10,36,Actor/Actress,Pennsylvania,United States,True
15,Kelly Monaco,7,True,10,36,Actor/Actress,Pennsylvania,United States,True
15,Kelly Monaco,8,True,10,36,Actor/Actress,Pennsylvania,United States,True
15,Kelly Monaco,9,True,10,36,Actor/Actress,Pennsylvania,United States,True
15,Kelly Monaco,10,True,10,36,Actor/Actress,Pennsylvania,United States,False
15,Kirstie Alley,1,True,10,61,Actor/Actress,Kansas,United States,True
15,Kirstie Alley,2,True,10,61,Actor/Actress,Kansas,United States,True
15,Kirstie Alley,3,True,10,61,Actor/Actress,Kansas,United States,True
15,Kirstie Alley,4,True,10,61,Actor/Actress,Kansas,United States,True
15,Kirstie Alley,5,True,10,61,Actor/Actress,Kansas,United States,True
15,Kirstie Alley,6,True,10,61,Actor/Actress,Kansas,United States,True
15,Kirstie Alley,7,True,10,61,Actor/Actress,Kansas,United States,True
15,Kirstie Alley,8,True,10,61,Actor/Actress,Kansas,United States,False
15,Kirstie Alley,9,False,10,61,Actor/Actress,Kansas,United States,False
15,Kirstie Alley,10,False,10,61,Actor/Actress,Kansas,United States,False
15,Melissa Rycroft,1,True,10,29,TV Personality,Texas,United States,True
15,Melissa Rycroft,2,True,10,29,TV Personality,Texas,United States,True
15,Melissa Rycroft,3,True,10,29,TV Personality,Texas,United States,True
15,Melissa Rycroft,4,True,10,29,TV Personality,Texas,United States,True
15,Melissa Rycroft,5,True,10,29,TV Personality,Texas,United States,True
15,Melissa Rycroft,6,True,10,29,TV Personality,Texas,United States,True
15,Melissa Rycroft,7,True,10,29,TV Personality,Texas,United States,True
15,Melissa Rycroft,8,True,10,29,TV Personality,Texas,United States,True
15,Melissa Rycroft,9,True,10,29,TV Personality,Texas,United States,True
15,Melissa Rycroft,10,True,10,29,TV Personality,Texas,United States,False
15,Pamela Anderson,1,True,10,45,Model,,Canada,False
15,Pamela Anderson,2,False,10,45,Model,,Canada,False
15,Pamela Anderson,3,False,10,45,Model,,Canada,False
15,Pamela Anderson,4,False,10,45,Model,,Canada,False
15,Pamela Anderson,5,False,10,45,Model,,Canada,False
15,Pamela Anderson,6,False,10,45,Model,,Canada,False
15,Pamela Anderson,7,False,10,45,Model,,Canada,False
15,Pamela Anderson,8,False,10,45,Model,,Canada,False
15,Pamela Anderson,9,False,10,45,Model,,Canada,False
15,Pamela Anderson,10,False,10,45,Model,,Canada,False
15,Sabrina Bryan,1,True,10,28,Actor/Actress,California,United States,True
15,Sabrina Bryan,2,True,10,28,Actor/Actress,California,United States,True
15,Sabrina Bryan,3,True,10,28,Actor/Actress,California,United States,True
15,Sabrina Bryan,4,True,10,28,Actor/Actress,California,United States,True
15,Sabrina Bryan,5,True,10,28,Actor/Actress,California,United States,True
15,Sabrina Bryan,6,True,10,28,Actor/Actress,California,United States,False
15,Sabrina Bryan,7,False,10,28,Actor/Actress,California,United States,False
15,Sabrina Bryan,8,False,10,28,Actor/Actress,California,United States,False
15,Sabrina Bryan,9,False,10,28,Actor/Actress,California,United States,False
15,Sabrina Bryan,10,False,10,28,Actor/Actress,California,United States,False
15,Shawn Johnson,1,True,10,20,Athlete,Iowa,United States,True
15,Shawn Johnson,2,True,10,20,Athlete,Iowa,United States,True
15,Shawn Johnson,3,True,10,20,Athlete,Iowa,United States,True
15,Shawn Johnson,4,True,10,20,Athlete,Iowa,United States,True
15,Shawn Johnson,5,True,10,20,Athlete,Iowa,United States,True
15,Shawn Johnson,6,True,10,20,Athlete,Iowa,United States,True
15,Shawn Johnson,7,True,10,20,Athlete,Iowa,United States,True
15,Shawn Johnson,8,True,10,20,Athlete,Iowa,United States,True
15,Shawn Johnson,9,True,10,20,Athlete,Iowa,United States,True
15,Shawn Johnson,10,True,10,20,Athlete,Iowa,United States,False
16,Alexandra Raisman,1,True,10,18,Athlete,Massachusetts,United States,True
16,Alexandra Raisman,2,True,10,18,Athlete,Massachusetts,United States,True
16,Alexandra Raisman,3,True,10,18,Athlete,Massachusetts,United States,True
16,Alexandra Raisman,4,True,10,18,Athlete,Massachusetts,United States,True
16,Alexandra Raisman,5,True,10,18,Athlete,Massachusetts,United States,True
16,Alexandra Raisman,6,True,10,18,Athlete,Massachusetts,United States,True
16,Alexandra Raisman,7,True,10,18,Athlete,Massachusetts,United States,True
16,Alexandra Raisman,8,True,10,18,Athlete,Massachusetts,United States,True
16,Alexandra Raisman,9,True,10,18,Athlete,Massachusetts,United States,True
16,Alexandra Raisman,10,True,10,18,Athlete,Massachusetts,United States,False
16,Andy Dick,1,True,10,47,Comedian,South Carolina,United States,True
16,Andy Dick,2,True,10,47,Comedian,South Carolina,United States,True
16,Andy Dick,3,True,10,47,Comedian,South Carolina,United States,True
16,Andy Dick,4,True,10,47,Comedian,South Carolina,United States,True
16,Andy Dick,5,True,10,47,Comedian,South Carolina,United States,True
16,Andy Dick,6,True,10,47,Comedian,South Carolina,United States,True
16,Andy Dick,7,True,10,47,Comedian,South Carolina,United States,False
16,Andy Dick,8,False,10,47,Comedian,South Carolina,United States,False
16,Andy Dick,9,False,10,47,Comedian,South Carolina,United States,False
16,Andy Dick,10,False,10,47,Comedian,South Carolina,United States,False
16,D. L. Hughley,1,True,10,50,Comedian,Virginia,United States,True
16,D. L. Hughley,2,True,10,50,Comedian,Virginia,United States,True
16,D. L. Hughley,3,True,10,50,Comedian,Virginia,United States,True
16,D. L. Hughley,4,True,10,50,Comedian,Virginia,United States,True
16,D. L. Hughley,5,True,10,50,Comedian,Virginia,United States,False
16,D. L. Hughley,6,False,10,50,Comedian,Virginia,United States,False
16,D. L. Hughley,7,False,10,50,Comedian,Virginia,United States,False
16,D. L. Hughley,8,False,10,50,Comedian,Virginia,United States,False
16,D. L. Hughley,9,False,10,50,Comedian,Virginia,United States,False
16,D. L. Hughley,10,False,10,50,Comedian,Virginia,United States,False
16,Dorothy Hamill,1,True,10,56,Athlete,Illinois,United States,True
16,Dorothy Hamill,2,True,10,56,Athlete,Illinois,United States,False
16,Dorothy Hamill,3,False,10,56,Athlete,Illinois,United States,False
16,Dorothy Hamill,4,False,10,56,Athlete,Illinois,United States,False
16,Dorothy Hamill,5,False,10,56,Athlete,Illinois,United States,False
16,Dorothy Hamill,6,False,10,56,Athlete,Illinois,United States,False
16,Dorothy Hamill,7,False,10,56,Athlete,Illinois,United States,False
16,Dorothy Hamill,8,False,10,56,Athlete,Illinois,United States,False
16,Dorothy Hamill,9,False,10,56,Athlete,Illinois,United States,False
16,Dorothy Hamill,10,False,10,56,Athlete,Illinois,United States,False
16,Ingo Rademacher,1,True,10,41,Actor/Actress,,Germany,True
16,Ingo Rademacher,2,True,10,41,Actor/Actress,,Germany,True
16,Ingo Rademacher,3,True,10,41,Actor/Actress,,Germany,True
16,Ingo Rademacher,4,True,10,41,Actor/Actress,,Germany,True
16,Ingo Rademacher,5,True,10,41,Actor/Actress,,Germany,True
16,Ingo Rademacher,6,True,10,41,Actor/Actress,,Germany,True
16,Ingo Rademacher,7,True,10,41,Actor/Actress,,Germany,True
16,Ingo Rademacher,8,True,10,41,Actor/Actress,,Germany,True
16,Ingo Rademacher,9,True,10,41,Actor/Actress,,Germany,False
16,Ingo Rademacher,10,False,10,41,Actor/Actress,,Germany,False
16,Jacoby Jones,1,True,10,28,Athlete,Louisiana,United States,True
16,Jacoby Jones,2,True,10,28,Athlete,Louisiana,United States,True
16,Jacoby Jones,3,True,10,28,Athlete,Louisiana,United States,True
16,Jacoby Jones,4,True,10,28,Athlete,Louisiana,United States,True
16,Jacoby Jones,5,True,10,28,Athlete,Louisiana,United States,True
16,Jacoby Jones,6,True,10,28,Athlete,Louisiana,United States,True
16,Jacoby Jones,7,True,10,28,Athlete,Louisiana,United States,True
16,Jacoby Jones,8,True,10,28,Athlete,Louisiana,United States,True
16,Jacoby Jones,9,True,10,28,Athlete,Louisiana,United States,True
16,Jacoby Jones,10,True,10,28,Athlete,Louisiana,United States,False
16,Kellie Pickler,1,True,10,26,Singer/Rapper,North Carolina,United States,True
16,Kellie Pickler,2,True,10,26,Singer/Rapper,North Carolina,United States,True
16,Kellie Pickler,3,True,10,26,Singer/Rapper,North Carolina,United States,True
16,Kellie Pickler,4,True,10,26,Singer/Rapper,North Carolina,United States,True
16,Kellie Pickler,5,True,10,26,Singer/Rapper,North Carolina,United States,True
16,Kellie Pickler,6,True,10,26,Singer/Rapper,North Carolina,United States,True
16,Kellie Pickler,7,True,10,26,Singer/Rapper,North Carolina,United States,True
16,Kellie Pickler,8,True,10,26,Singer/Rapper,North Carolina,United States,True
16,Kellie Pickler,9,True,10,26,Singer/Rapper,North Carolina,United States,True
16,Kellie Pickler,10,True,10,26,Singer/Rapper,North Carolina,United States,False
16,Lisa Vanderpump,1,True,10,52,TV Personality,,England,True
16,Lisa Vanderpump,2,True,10,52,TV Personality,,England,True
16,Lisa Vanderpump,3,True,10,52,TV Personality,,England,True
16,Lisa Vanderpump,4,True,10,52,TV Personality,,England,False
16,Lisa Vanderpump,5,False,10,52,TV Personality,,England,False
16,Lisa Vanderpump,6,False,10,52,TV Personality,,England,False
16,Lisa Vanderpump,7,False,10,52,TV Personality,,England,False
16,Lisa Vanderpump,8,False,10,52,TV Personality,,England,False
16,Lisa Vanderpump,9,False,10,52,TV Personality,,England,False
16,Lisa Vanderpump,10,False,10,52,TV Personality,,England,False
16,Sean Lowe,1,True,10,29,TV Personality,Texas,United States,True
16,Sean Lowe,2,True,10,29,TV Personality,Texas,United States,True
16,Sean Lowe,3,True,10,29,TV Personality,Texas,United States,True
16,Sean Lowe,4,True,10,29,TV Personality,Texas,United States,True
16,Sean Lowe,5,True,10,29,TV Personality,Texas,United States,True
16,Sean Lowe,6,True,10,29,TV Personality,Texas,United States,True
16,Sean Lowe,7,True,10,29,TV Personality,Texas,United States,True
16,Sean Lowe,8,True,10,29,TV Personality,Texas,United States,False
16,Sean Lowe,9,False,10,29,TV Personality,Texas,United States,False
16,Sean Lowe,10,False,10,29,TV Personality,Texas,United States,False
16,Victor Ortiz,1,True,10,26,Athlete,Kansas,United States,True
16,Victor Ortiz,2,True,10,26,Athlete,Kansas,United States,True
16,Victor Ortiz,3,True,10,26,Athlete,Kansas,United States,True
16,Victor Ortiz,4,True,10,26,Athlete,Kansas,United States,True
16,Victor Ortiz,5,True,10,26,Athlete,Kansas,United States,True
16,Victor Ortiz,6,True,10,26,Athlete,Kansas,United States,False
16,Victor Ortiz,7,False,10,26,Athlete,Kansas,United States,False
16,Victor Ortiz,8,False,10,26,Athlete,Kansas,United States,False
16,Victor Ortiz,9,False,10,26,Athlete,Kansas,United States,False
16,Victor Ortiz,10,False,10,26,Athlete,Kansas,United States,False
16,Wynonna Judd,1,True,10,48,Singer/Rapper,Kentucky,United States,True
16,Wynonna Judd,2,True,10,48,Singer/Rapper,Kentucky,United States,True
16,Wynonna Judd,3,True,10,48,Singer/Rapper,Kentucky,United States,False
16,Wynonna Judd,4,False,10,48,Singer/Rapper,Kentucky,United States,False
16,Wynonna Judd,5,False,10,48,Singer/Rapper,Kentucky,United States,False
16,Wynonna Judd,6,False,10,48,Singer/Rapper,Kentucky,United States,False
16,Wynonna Judd,7,False,10,48,Singer/Rapper,Kentucky,United States,False
16,Wynonna Judd,8,False,10,48,Singer/Rapper,Kentucky,United States,False
16,Wynonna Judd,9,False,10,48,Singer/Rapper,Kentucky,United States,False
16,Wynonna Judd,10,False,10,48,Singer/Rapper,Kentucky,United States,False
16,Zendaya,1,True,10,16,Actor/Actress,California,United States,True
16,Zendaya,2,True,10,16,Actor/Actress,California,United States,True
16,Zendaya,3,True,10,16,Actor/Actress,California,United States,True
16,Zendaya,4,True,10,16,Actor/Actress,California,United States,True
16,Zendaya,5,True,10,16,Actor/Actress,California,United States,True
16,Zendaya,6,True,10,16,Actor/Actress,California,United States,True
16,Zendaya,7,True,10,16,Actor/Actress,California,United States,True
16,Zendaya,8,True,10,16,Actor/Actress,California,United States,True
16,Zendaya,9,True,10,16,Actor/Actress,California,United States,True
16,Zendaya,10,True,10,16,Actor/Actress,California,United States,False
17,Amber Riley,1,True,11,27,Actor/Actress,California,United States,True
17,Amber Riley,2,True,11,27,Actor/Actress,California,United States,True
17,Amber Riley,3,True,11,27,Actor/Actress,California,United States,True
17,Amber Riley,4,True,11,27,Actor/Actress,California,United States,True
17,Amber Riley,5,True,11,27,Actor/Actress,California,United States,True
17,Amber Riley,6,True,11,27,Actor/Actress,California,United States,True
17,Amber Riley,7,True,11,27,Actor/Actress,California,United States,True
17,Amber Riley,8,True,11,27,Actor/Actress,California,United States,True
17,Amber Riley,9,True,11,27,Actor/Actress,California,United States,True
17,Amber Riley,10,True,11,27,Actor/Actress,California,United States,True
17,Amber Riley,11,True,11,27,Actor/Actress,California,United States,False
17,Bill Engvall,1,True,11,56,Comedian,Texas,United States,True
17,Bill Engvall,2,True,11,56,Comedian,Texas,United States,True
17,Bill Engvall,3,True,11,56,Comedian,Texas,United States,True
17,Bill Engvall,4,True,11,56,Comedian,Texas,United States,True
17,Bill Engvall,5,True,11,56,Comedian,Texas,United States,True
17,Bill Engvall,6,True,11,56,Comedian,Texas,United States,True
17,Bill Engvall,7,True,11,56,Comedian,Texas,United States,True
17,Bill Engvall,8,True,11,56,Comedian,Texas,United States,True
17,Bill Engvall,9,True,11,56,Comedian,Texas,United States,True
17,Bill Engvall,10,True,11,56,Comedian,Texas,United States,True
17,Bill Engvall,11,True,11,56,Comedian,Texas,United States,False
17,Bill Nye,1,True,11,57,TV Personality,Washington D.C.,United States,True
17,Bill Nye,2,True,11,57,TV Personality,Washington D.C.,United States,True
17,Bill Nye,3,True,11,57,TV Personality,Washington D.C.,United States,False
17,Bill Nye,4,False,11,57,TV Personality,Washington D.C.,United States,False
17,Bill Nye,5,False,11,57,TV Personality,Washington D.C.,United States,False
17,Bill Nye,6,False,11,57,TV Personality,Washington D.C.,United States,False
17,Bill Nye,7,False,11,57,TV Personality,Washington D.C.,United States,False
17,Bill Nye,8,False,11,57,TV Personality,Washington D.C.,United States,False
17,Bill Nye,9,False,11,57,TV Personality,Washington D.C.,United States,False
17,Bill Nye,10,False,11,57,TV Personality,Washington D.C.,United States,False
17,Bill Nye,11,False,11,57,TV Personality,Washington D.C.,United States,False
17,Brant Daugherty,1,True,11,28,Actor/Actress,Ohio,United States,True
17,Brant Daugherty,2,True,11,28,Actor/Actress,Ohio,United States,True
17,Brant Daugherty,3,True,11,28,Actor/Actress,Ohio,United States,True
17,Brant Daugherty,4,True,11,28,Actor/Actress,Ohio,United States,True
17,Brant Daugherty,5,True,11,28,Actor/Actress,Ohio,United States,True
17,Brant Daugherty,6,True,11,28,Actor/Actress,Ohio,United States,True
17,Brant Daugherty,7,True,11,28,Actor/Actress,Ohio,United States,True
17,Brant Daugherty,8,True,11,28,Actor/Actress,Ohio,United States,False
17,Brant Daugherty,9,False,11,28,Actor/Actress,Ohio,United States,False
17,Brant Daugherty,10,False,11,28,Actor/Actress,Ohio,United States,False
17,Brant Daugherty,11,False,11,28,Actor/Actress,Ohio,United States,False
17,Christina Milian,1,True,11,31,Singer/Rapper,New Jersey,United States,True
17,Christina Milian,2,True,11,31,Singer/Rapper,New Jersey,United States,True
17,Christina Milian,3,True,11,31,Singer/Rapper,New Jersey,United States,True
17,Christina Milian,4,True,11,31,Singer/Rapper,New Jersey,United States,True
17,Christina Milian,5,True,11,31,Singer/Rapper,New Jersey,United States,False
17,Christina Milian,6,False,11,31,Singer/Rapper,New Jersey,United States,False
17,Christina Milian,7,False,11,31,Singer/Rapper,New Jersey,United States,False
17,Christina Milian,8,False,11,31,Singer/Rapper,New Jersey,United States,False
17,Christina Milian,9,False,11,31,Singer/Rapper,New Jersey,United States,False
17,Christina Milian,10,False,11,31,Singer/Rapper,New Jersey,United States,False
17,Christina Milian,11,False,11,31,Singer/Rapper,New Jersey,United States,False
17,Corbin Bleu,1,True,11,24,Actor/Actress,New York,United States,True
17,Corbin Bleu,2,True,11,24,Actor/Actress,New York,United States,True
17,Corbin Bleu,3,True,11,24,Actor/Actress,New York,United States,True
17,Corbin Bleu,4,True,11,24,Actor/Actress,New York,United States,True
17,Corbin Bleu,5,True,11,24,Actor/Actress,New York,United States,True
17,Corbin Bleu,6,True,11,24,Actor/Actress,New York,United States,True
17,Corbin Bleu,7,True,11,24,Actor/Actress,New York,United States,True
17,Corbin Bleu,8,True,11,24,Actor/Actress,New York,United States,True
17,Corbin Bleu,9,True,11,24,Actor/Actress,New York,United States,True
17,Corbin Bleu,10,True,11,24,Actor/Actress,New York,United States,True
17,Corbin Bleu,11,True,11,24,Actor/Actress,New York,United States,False
17,Elizabeth Berkley Lauren,1,True,11,39,Actor/Actress,Michigan,United States,True
17,Elizabeth Berkley Lauren,2,True,11,39,Actor/Actress,Michigan,United States,True
17,Elizabeth Berkley Lauren,3,True,11,39,Actor/Actress,Michigan,United States,True
17,Elizabeth Berkley Lauren,4,True,11,39,Actor/Actress,Michigan,United States,True
17,Elizabeth Berkley Lauren,5,True,11,39,Actor/Actress,Michigan,United States,True
17,Elizabeth Berkley Lauren,6,True,11,39,Actor/Actress,Michigan,United States,True
17,Elizabeth Berkley Lauren,7,True,11,39,Actor/Actress,Michigan,United States,True
17,Elizabeth Berkley Lauren,8,True,11,39,Actor/Actress,Michigan,United States,True
17,Elizabeth Berkley Lauren,9,True,11,39,Actor/Actress,Michigan,United States,False
17,Elizabeth Berkley Lauren,10,False,11,39,Actor/Actress,Michigan,United States,False
17,Elizabeth Berkley Lauren,11,False,11,39,Actor/Actress,Michigan,United States,False
17,Jack Osbourne,1,True,11,27,TV Personality,,England,True
17,Jack Osbourne,2,True,11,27,TV Personality,,England,True
17,Jack Osbourne,3,True,11,27,TV Personality,,England,True
17,Jack Osbourne,4,True,11,27,TV Personality,,England,True
17,Jack Osbourne,5,True,11,27,TV Personality,,England,True
17,Jack Osbourne,6,True,11,27,TV Personality,,England,True
17,Jack Osbourne,7,True,11,27,TV Personality,,England,True
17,Jack Osbourne,8,True,11,27,TV Personality,,England,True
17,Jack Osbourne,9,True,11,27,TV Personality,,England,True
17,Jack Osbourne,10,True,11,27,TV Personality,,England,True
17,Jack Osbourne,11,True,11,27,TV Personality,,England,False
17,Keyshawn Johnson,1,True,11,41,Athlete,California,United States,True
17,Keyshawn Johnson,2,True,11,41,Athlete,California,United States,False
17,Keyshawn Johnson,3,False,11,41,Athlete,California,United States,False
17,Keyshawn Johnson,4,False,11,41,Athlete,California,United States,False
17,Keyshawn Johnson,5,False,11,41,Athlete,California,United States,False
17,Keyshawn Johnson,6,False,11,41,Athlete,California,United States,False
17,Keyshawn Johnson,7,False,11,41,Athlete,California,United States,False
17,Keyshawn Johnson,8,False,11,41,Athlete,California,United States,False
17,Keyshawn Johnson,9,False,11,41,Athlete,California,United States,False
17,Keyshawn Johnson,10,False,11,41,Athlete,California,United States,False
17,Keyshawn Johnson,11,False,11,41,Athlete,California,United States,False
17,Leah Remini,1,True,11,43,Actor/Actress,New York,United States,True
17,Leah Remini,2,True,11,43,Actor/Actress,New York,United States,True
17,Leah Remini,3,True,11,43,Actor/Actress,New York,United States,True
17,Leah Remini,4,True,11,43,Actor/Actress,New York,United States,True
17,Leah Remini,5,True,11,43,Actor/Actress,New York,United States,True
17,Leah Remini,6,True,11,43,Actor/Actress,New York,United States,True
17,Leah Remini,7,True,11,43,Actor/Actress,New York,United States,True
17,Leah Remini,8,True,11,43,Actor/Actress,New York,United States,True
17,Leah Remini,9,True,11,43,Actor/Actress,New York,United States,True
17,Leah Remini,10,True,11,43,Actor/Actress,New York,United States,False
17,Leah Remini,11,False,11,43,Actor/Actress,New York,United States,False
17,"Nicole ""Snooki"" Polizzi",1,True,11,25,TV Personality,,Chile,True
17,"Nicole ""Snooki"" Polizzi",2,True,11,25,TV Personality,,Chile,True
17,"Nicole ""Snooki"" Polizzi",3,True,11,25,TV Personality,,Chile,True
17,"Nicole ""Snooki"" Polizzi",4,True,11,25,TV Personality,,Chile,True
17,"Nicole ""Snooki"" Polizzi",5,True,11,25,TV Personality,,Chile,True
17,"Nicole ""Snooki"" Polizzi",6,True,11,25,TV Personality,,Chile,True
17,"Nicole ""Snooki"" Polizzi",7,True,11,25,TV Personality,,Chile,False
17,"Nicole ""Snooki"" Polizzi",8,False,11,25,TV Personality,,Chile,False
17,"Nicole ""Snooki"" Polizzi",9,False,11,25,TV Personality,,Chile,False
17,"Nicole ""Snooki"" Polizzi",10,False,11,25,TV Personality,,Chile,False
17,"Nicole ""Snooki"" Polizzi",11,False,11,25,TV Personality,,Chile,False
17,Valerie Harper,1,True,11,74,Actor/Actress,New York,United States,True
17,Valerie Harper,2,True,11,74,Actor/Actress,New York,United States,True
17,Valerie Harper,3,True,11,74,Actor/Actress,New York,United States,True
17,Valerie Harper,4,True,11,74,Actor/Actress,New York,United States,False
17,Valerie Harper,5,False,11,74,Actor/Actress,New York,United States,False
17,Valerie Harper,6,False,11,74,Actor/Actress,New York,United States,False
17,Valerie Harper,7,False,11,74,Actor/Actress,New York,United States,False
17,Valerie Harper,8,False,11,74,Actor/Actress,New York,United States,False
17,Valerie Harper,9,False,11,74,Actor/Actress,New York,United States,False
17,Valerie Harper,10,False,11,74,Actor/Actress,New York,United States,False
17,Valerie Harper,11,False,11,74,Actor/Actress,New York,United States,False
18,Amy Purdy,1,True,10,34,Athlete,Nevada,United States,True
18,Amy Purdy,2,True,10,34,Athlete,Nevada,United States,True
18,Amy Purdy,3,True,10,34,Athlete,Nevada,United States,True
18,Amy Purdy,4,True,10,34,Athlete,Nevada,United States,True
18,Amy Purdy,5,True,10,34,Athlete,Nevada,United States,True
18,Amy Purdy,6,True,10,34,Athlete,Nevada,United States,True
18,Amy Purdy,7,True,10,34,Athlete,Nevada,United States,True
18,Amy Purdy,8,True,10,34,Athlete,Nevada,United States,True
18,Amy Purdy,9,True,10,34,Athlete,Nevada,United States,True
18,Amy Purdy,10,True,10,34,Athlete,Nevada,United States,False
18,Billy Dee Williams,1,True,10,76,Actor/Actress,New York,United States,True
18,Billy Dee Williams,2,True,10,76,Actor/Actress,New York,United States,False
18,Billy Dee Williams,3,False,10,76,Actor/Actress,New York,United States,False
18,Billy Dee Williams,4,False,10,76,Actor/Actress,New York,United States,False
18,Billy Dee Williams,5,False,10,76,Actor/Actress,New York,United States,False
18,Billy Dee Williams,6,False,10,76,Actor/Actress,New York,United States,False
18,Billy Dee Williams,7,False,10,76,Actor/Actress,New York,United States,False
18,Billy Dee Williams,8,False,10,76,Actor/Actress,New York,United States,False
18,Billy Dee Williams,9,False,10,76,Actor/Actress,New York,United States,False
18,Billy Dee Williams,10,False,10,76,Actor/Actress,New York,United States,False
18,Candace Cameron Bure,1,True,10,37,Actor/Actress,California,United States,True
18,Candace Cameron Bure,2,True,10,37,Actor/Actress,California,United States,True
18,Candace Cameron Bure,3,True,10,37,Actor/Actress,California,United States,True
18,Candace Cameron Bure,4,True,10,37,Actor/Actress,California,United States,True
18,Candace Cameron Bure,5,True,10,37,Actor/Actress,California,United States,True
18,Candace Cameron Bure,6,True,10,37,Actor/Actress,California,United States,True
18,Candace Cameron Bure,7,True,10,37,Actor/Actress,California,United States,True
18,Candace Cameron Bure,8,True,10,37,Actor/Actress,California,United States,True
18,Candace Cameron Bure,9,True,10,37,Actor/Actress,California,United States,True
18,Candace Cameron Bure,10,True,10,37,Actor/Actress,California,United States,False
18,Charlie White,1,True,10,26,Athlete,Michigan,United States,True
18,Charlie White,2,True,10,26,Athlete,Michigan,United States,True
18,Charlie White,3,True,10,26,Athlete,Michigan,United States,True
18,Charlie White,4,True,10,26,Athlete,Michigan,United States,True
18,Charlie White,5,True,10,26,Athlete,Michigan,United States,True
18,Charlie White,6,True,10,26,Athlete,Michigan,United States,True
18,Charlie White,7,True,10,26,Athlete,Michigan,United States,True
18,Charlie White,8,True,10,26,Athlete,Michigan,United States,True
18,Charlie White,9,True,10,26,Athlete,Michigan,United States,False
18,Charlie White,10,False,10,26,Athlete,Michigan,United States,False
18,Cody Simpson,1,True,10,17,Singer/Rapper,,Australia,True
18,Cody Simpson,2,True,10,17,Singer/Rapper,,Australia,True
18,Cody Simpson,3,True,10,17,Singer/Rapper,,Australia,True
18,Cody Simpson,4,True,10,17,Singer/Rapper,,Australia,True
18,Cody Simpson,5,True,10,17,Singer/Rapper,,Australia,False
18,Cody Simpson,6,False,10,17,Singer/Rapper,,Australia,False
18,Cody Simpson,7,False,10,17,Singer/Rapper,,Australia,False
18,Cody Simpson,8,False,10,17,Singer/Rapper,,Australia,False
18,Cody Simpson,9,False,10,17,Singer/Rapper,,Australia,False
18,Cody Simpson,10,False,10,17,Singer/Rapper,,Australia,False
18,Danica McKellar,1,True,10,39,Actor/Actress,California,United States,True
18,Danica McKellar,2,True,10,39,Actor/Actress,California,United States,True
18,Danica McKellar,3,True,10,39,Actor/Actress,California,United States,True
18,Danica McKellar,4,True,10,39,Actor/Actress,California,United States,True
18,Danica McKellar,5,True,10,39,Actor/Actress,California,United States,True
18,Danica McKellar,6,True,10,39,Actor/Actress,California,United States,True
18,Danica McKellar,7,True,10,39,Actor/Actress,California,United States,True
18,Danica McKellar,8,True,10,39,Actor/Actress,California,United States,False
18,Danica McKellar,9,False,10,39,Actor/Actress,California,United States,False
18,Danica McKellar,10,False,10,39,Actor/Actress,California,United States,False
18,Diana Nyad,1,True,10,64,Athlete,New York,United States,True
18,Diana Nyad,2,True,10,64,Athlete,New York,United States,False
18,Diana Nyad,3,False,10,64,Athlete,New York,United States,False
18,Diana Nyad,4,False,10,64,Athlete,New York,United States,False
18,Diana Nyad,5,False,10,64,Athlete,New York,United States,False
18,Diana Nyad,6,False,10,64,Athlete,New York,United States,False
18,Diana Nyad,7,False,10,64,Athlete,New York,United States,False
18,Diana Nyad,8,False,10,64,Athlete,New York,United States,False
18,Diana Nyad,9,False,10,64,Athlete,New York,United States,False
18,Diana Nyad,10,False,10,64,Athlete,New York,United States,False
18,Drew Carey,1,True,10,55,Comedian,Ohio,United States,True
18,Drew Carey,2,True,10,55,Comedian,Ohio,United States,True
18,Drew Carey,3,True,10,55,Comedian,Ohio,United States,True
18,Drew Carey,4,True,10,55,Comedian,Ohio,United States,True
18,Drew Carey,5,True,10,55,Comedian,Ohio,United States,True
18,Drew Carey,6,True,10,55,Comedian,Ohio,United States,False
18,Drew Carey,7,False,10,55,Comedian,Ohio,United States,False
18,Drew Carey,8,False,10,55,Comedian,Ohio,United States,False
18,Drew Carey,9,False,10,55,Comedian,Ohio,United States,False
18,Drew Carey,10,False,10,55,Comedian,Ohio,United States,False
18,James Maslow,1,True,10,23,Actor/Actress,New York,United States,True
18,James Maslow,2,True,10,23,Actor/Actress,New York,United States,True
18,James Maslow,3,True,10,23,Actor/Actress,New York,United States,True
18,James Maslow,4,True,10,23,Actor/Actress,New York,United States,True
18,James Maslow,5,True,10,23,Actor/Actress,New York,United States,True
18,James Maslow,6,True,10,23,Actor/Actress,New York,United States,True
18,James Maslow,7,True,10,23,Actor/Actress,New York,United States,True
18,James Maslow,8,True,10,23,Actor/Actress,New York,United States,True
18,James Maslow,9,True,10,23,Actor/Actress,New York,United States,True
18,James Maslow,10,True,10,23,Actor/Actress,New York,United States,False
18,Meryl Davis,1,True,10,27,Athlete,Michigan,United States,True
18,Meryl Davis,2,True,10,27,Athlete,Michigan,United States,True
18,Meryl Davis,3,True,10,27,Athlete,Michigan,United States,True
18,Meryl Davis,4,True,10,27,Athlete,Michigan,United States,True
18,Meryl Davis,5,True,10,27,Athlete,Michigan,United States,True
18,Meryl Davis,6,True,10,27,Athlete,Michigan,United States,True
18,Meryl Davis,7,True,10,27,Athlete,Michigan,United States,True
18,Meryl Davis,8,True,10,27,Athlete,Michigan,United States,True
18,Meryl Davis,9,True,10,27,Athlete,Michigan,United States,True
18,Meryl Davis,10,True,10,27,Athlete,Michigan,United States,False
18,NeNe Leakes,1,True,10,46,TV Personality,New York,United States,True
18,NeNe Leakes,2,True,10,46,TV Personality,New York,United States,True
18,NeNe Leakes,3,True,10,46,TV Personality,New York,United States,True
18,NeNe Leakes,4,True,10,46,TV Personality,New York,United States,True
18,NeNe Leakes,5,True,10,46,TV Personality,New York,United States,True
18,NeNe Leakes,6,True,10,46,TV Personality,New York,United States,True
18,NeNe Leakes,7,True,10,46,TV Personality,New York,United States,False
18,NeNe Leakes,8,False,10,46,TV Personality,New York,United States,False
18,NeNe Leakes,9,False,10,46,TV Personality,New York,United States,False
18,NeNe Leakes,10,False,10,46,TV Personality,New York,United States,False
18,Sean Avery,1,True,10,33,Athlete,,Canada,True
18,Sean Avery,2,True,10,33,Athlete,,Canada,False
18,Sean Avery,3,False,10,33,Athlete,,Canada,False
18,Sean Avery,4,False,10,33,Athlete,,Canada,False
18,Sean Avery,5,False,10,33,Athlete,,Canada,False
18,Sean Avery,6,False,10,33,Athlete,,Canada,False
18,Sean Avery,7,False,10,33,Athlete,,Canada,False
18,Sean Avery,8,False,10,33,Athlete,,Canada,False
18,Sean Avery,9,False,10,33,Athlete,,Canada,False
18,Sean Avery,10,False,10,33,Athlete,,Canada,False
19,Alfonso Ribeiro,1,True,11,42,Actor/Actress,New York,United States,True
19,Alfonso Ribeiro,2,True,11,42,Actor/Actress,New York,United States,True
19,Alfonso Ribeiro,3,True,11,42,Actor/Actress,New York,United States,True
19,Alfonso Ribeiro,4,True,11,42,Actor/Actress,New York,United States,True
19,Alfonso Ribeiro,5,True,11,42,Actor/Actress,New York,United States,True
19,Alfonso Ribeiro,6,True,11,42,Actor/Actress,New York,United States,True
19,Alfonso Ribeiro,7,True,11,42,Actor/Actress,New York,United States,True
19,Alfonso Ribeiro,8,True,11,42,Actor/Actress,New York,United States,True
19,Alfonso Ribeiro,9,True,11,42,Actor/Actress,New York,United States,True
19,Alfonso Ribeiro,10,True,11,42,Actor/Actress,New York,United States,True
19,Alfonso Ribeiro,11,True,11,42,Actor/Actress,New York,United States,False
19,Antonio Sabato Jr.,1,True,11,42,Actor/Actress,,Italy,True
19,Antonio Sabato Jr.,2,True,11,42,Actor/Actress,,Italy,True
19,Antonio Sabato Jr.,3,True,11,42,Actor/Actress,,Italy,True
19,Antonio Sabato Jr.,4,True,11,42,Actor/Actress,,Italy,True
19,Antonio Sabato Jr.,5,True,11,42,Actor/Actress,,Italy,True
19,Antonio Sabato Jr.,6,True,11,42,Actor/Actress,,Italy,True
19,Antonio Sabato Jr.,7,True,11,42,Actor/Actress,,Italy,False
19,Antonio Sabato Jr.,8,False,11,42,Actor/Actress,,Italy,False
19,Antonio Sabato Jr.,9,False,11,42,Actor/Actress,,Italy,False
19,Antonio Sabato Jr.,10,False,11,42,Actor/Actress,,Italy,False
19,Antonio Sabato Jr.,11,False,11,42,Actor/Actress,,Italy,False
19,Bethany Mota,1,True,11,18,Social Media Personality,California,United States,True
19,Bethany Mota,2,True,11,18,Social Media Personality,California,United States,True
19,Bethany Mota,3,True,11,18,Social Media Personality,California,United States,True
19,Bethany Mota,4,True,11,18,Social Media Personality,California,United States,True
19,Bethany Mota,5,True,11,18,Social Media Personality,California,United States,True
19,Bethany Mota,6,True,11,18,Social Media Personality,California,United States,True
19,Bethany Mota,7,True,11,18,Social Media Personality,California,United States,True
19,Bethany Mota,8,True,11,18,Social Media Personality,California,United States,True
19,Bethany Mota,9,True,11,18,Social Media Personality,California,United States,True
19,Bethany Mota,10,True,11,18,Social Media Personality,California,United States,True
19,Bethany Mota,11,True,11,18,Social Media Personality,California,United States,False
19,Betsey Johnson,1,True,11,72,Fashion Designer,Connecticut,United States,True
19,Betsey Johnson,2,True,11,72,Fashion Designer,Connecticut,United States,True
19,Betsey Johnson,3,True,11,72,Fashion Designer,Connecticut,United States,True
19,Betsey Johnson,4,True,11,72,Fashion Designer,Connecticut,United States,False
19,Betsey Johnson,5,False,11,72,Fashion Designer,Connecticut,United States,False
19,Betsey Johnson,6,False,11,72,Fashion Designer,Connecticut,United States,False
19,Betsey Johnson,7,False,11,72,Fashion Designer,Connecticut,United States,False
19,Betsey Johnson,8,False,11,72,Fashion Designer,Connecticut,United States,False
19,Betsey Johnson,9,False,11,72,Fashion Designer,Connecticut,United States,False
19,Betsey Johnson,10,False,11,72,Fashion Designer,Connecticut,United States,False
19,Betsey Johnson,11,False,11,72,Fashion Designer,Connecticut,United States,False
19,Janel Parrish,1,True,11,25,Actor/Actress,Hawaii,United States,True
19,Janel Parrish,2,True,11,25,Actor/Actress,Hawaii,United States,True
19,Janel Parrish,3,True,11,25,Actor/Actress,Hawaii,United States,True
19,Janel Parrish,4,True,11,25,Actor/Actress,Hawaii,United States,True
19,Janel Parrish,5,True,11,25,Actor/Actress,Hawaii,United States,True
19,Janel Parrish,6,True,11,25,Actor/Actress,Hawaii,United States,True
19,Janel Parrish,7,True,11,25,Actor/Actress,Hawaii,United States,True
19,Janel Parrish,8,True,11,25,Actor/Actress,Hawaii,United States,True
19,Janel Parrish,9,True,11,25,Actor/Actress,Hawaii,United States,True
19,Janel Parrish,10,True,11,25,Actor/Actress,Hawaii,United States,True
19,Janel Parrish,11,True,11,25,Actor/Actress,Hawaii,United States,False
19,Jonathan Bennett,1,True,11,33,Actor/Actress,Ohio,United States,True
19,Jonathan Bennett,2,True,11,33,Actor/Actress,Ohio,United States,True
19,Jonathan Bennett,3,True,11,33,Actor/Actress,Ohio,United States,True
19,Jonathan Bennett,4,True,11,33,Actor/Actress,Ohio,United States,True
19,Jonathan Bennett,5,True,11,33,Actor/Actress,Ohio,United States,True
19,Jonathan Bennett,6,True,11,33,Actor/Actress,Ohio,United States,False
19,Jonathan Bennett,7,False,11,33,Actor/Actress,Ohio,United States,False
19,Jonathan Bennett,8,False,11,33,Actor/Actress,Ohio,United States,False
19,Jonathan Bennett,9,False,11,33,Actor/Actress,Ohio,United States,False
19,Jonathan Bennett,10,False,11,33,Actor/Actress,Ohio,United States,False
19,Jonathan Bennett,11,False,11,33,Actor/Actress,Ohio,United States,False
19,Lea Thompson,1,True,11,53,Actor/Actress,Minnesota,United States,True
19,Lea Thompson,2,True,11,53,Actor/Actress,Minnesota,United States,True
19,Lea Thompson,3,True,11,53,Actor/Actress,Minnesota,United States,True
19,Lea Thompson,4,True,11,53,Actor/Actress,Minnesota,United States,True
19,Lea Thompson,5,True,11,53,Actor/Actress,Minnesota,United States,True
19,Lea Thompson,6,True,11,53,Actor/Actress,Minnesota,United States,True
19,Lea Thompson,7,True,11,53,Actor/Actress,Minnesota,United States,True
19,Lea Thompson,8,True,11,53,Actor/Actress,Minnesota,United States,True
19,Lea Thompson,9,True,11,53,Actor/Actress,Minnesota,United States,False
19,Lea Thompson,10,False,11,53,Actor/Actress,Minnesota,United States,False
19,Lea Thompson,11,False,11,53,Actor/Actress,Minnesota,United States,False
19,Lolo Jones,1,True,11,32,Athlete,Iowa,United States,False
19,Lolo Jones,2,False,11,32,Athlete,Iowa,United States,False
19,Lolo Jones,3,False,11,32,Athlete,Iowa,United States,False
19,Lolo Jones,4,False,11,32,Athlete,Iowa,United States,False
19,Lolo Jones,5,False,11,32,Athlete,Iowa,United States,False
19,Lolo Jones,6,False,11,32,Athlete,Iowa,United States,False
19,Lolo Jones,7,False,11,32,Athlete,Iowa,United States,False
19,Lolo Jones,8,False,11,32,Athlete,Iowa,United States,False
19,Lolo Jones,9,False,11,32,Athlete,Iowa,United States,False
19,Lolo Jones,10,False,11,32,Athlete,Iowa,United States,False
19,Lolo Jones,11,False,11,32,Athlete,Iowa,United States,False
19,Michael Waltrip,1,True,11,51,Racing Driver,Kentucky,United States,True
19,Michael Waltrip,2,True,11,51,Racing Driver,Kentucky,United States,True
19,Michael Waltrip,3,True,11,51,Racing Driver,Kentucky,United States,True
19,Michael Waltrip,4,True,11,51,Racing Driver,Kentucky,United States,True
19,Michael Waltrip,5,True,11,51,Racing Driver,Kentucky,United States,True
19,Michael Waltrip,6,True,11,51,Racing Driver,Kentucky,United States,True
19,Michael Waltrip,7,True,11,51,Racing Driver,Kentucky,United States,True
19,Michael Waltrip,8,True,11,51,Racing Driver,Kentucky,United States,False
19,Michael Waltrip,9,False,11,51,Racing Driver,Kentucky,United States,False
19,Michael Waltrip,10,False,11,51,Racing Driver,Kentucky,United States,False
19,Michael Waltrip,11,False,11,51,Racing Driver,Kentucky,United States,False
19,Randy Couture,1,True,11,51,Athlete,Washington,United States,True
19,Randy Couture,2,True,11,51,Athlete,Washington,United States,True
19,Randy Couture,3,True,11,51,Athlete,Washington,United States,False
19,Randy Couture,4,False,11,51,Athlete,Washington,United States,False
19,Randy Couture,5,False,11,51,Athlete,Washington,United States,False
19,Randy Couture,6,False,11,51,Athlete,Washington,United States,False
19,Randy Couture,7,False,11,51,Athlete,Washington,United States,False
19,Randy Couture,8,False,11,51,Athlete,Washington,United States,False
19,Randy Couture,9,False,11,51,Athlete,Washington,United States,False
19,Randy Couture,10,False,11,51,Athlete,Washington,United States,False
19,Randy Couture,11,False,11,51,Athlete,Washington,United States,False
19,Sadie Robertson,1,True,11,17,TV Personality,Louisiana,United States,True
19,Sadie Robertson,2,True,11,17,TV Personality,Louisiana,United States,True
19,Sadie Robertson,3,True,11,17,TV Personality,Louisiana,United States,True
19,Sadie Robertson,4,True,11,17,TV Personality,Louisiana,United States,True
19,Sadie Robertson,5,True,11,17,TV Personality,Louisiana,United States,True
19,Sadie Robertson,6,True,11,17,TV Personality,Louisiana,United States,True
19,Sadie Robertson,7,True,11,17,TV Personality,Louisiana,United States,True
19,Sadie Robertson,8,True,11,17,TV Personality,Louisiana,United States,True
19,Sadie Robertson,9,True,11,17,TV Personality,Louisiana,United States,True
19,Sadie Robertson,10,True,11,17,TV Personality,Louisiana,United States,True
19,Sadie Robertson,11,True,11,17,TV Personality,Louisiana,United States,False
19,Tavis Smiley,1,True,11,50,Radio Personality,Mississippi,United States,True
19,Tavis Smiley,2,True,11,50,Radio Personality,Mississippi,United States,False
19,Tavis Smiley,3,False,11,50,Radio Personality,Mississippi,United States,False
19,Tavis Smiley,4,False,11,50,Radio Personality,Mississippi,United States,False
19,Tavis Smiley,5,False,11,50,Radio Personality,Mississippi,United States,False
19,Tavis Smiley,6,False,11,50,Radio Personality,Mississippi,United States,False
19,Tavis Smiley,7,False,11,50,Radio Personality,Mississippi,United States,False
19,Tavis Smiley,8,False,11,50,Radio Personality,Mississippi,United States,False
19,Tavis Smiley,9,False,11,50,Radio Personality,Mississippi,United States,False
19,Tavis Smiley,10,False,11,50,Radio Personality,Mississippi,United States,False
19,Tavis Smiley,11,False,11,50,Radio Personality,Mississippi,United States,False
19,Tommy Chong,1,True,11,76,Comedian,,Canada,True
19,Tommy Chong,2,True,11,76,Comedian,,Canada,True
19,Tommy Chong,3,True,11,76,Comedian,,Canada,True
19,Tommy Chong,4,True,11,76,Comedian,,Canada,True
19,Tommy Chong,5,True,11,76,Comedian,,Canada,True
19,Tommy Chong,6,True,11,76,Comedian,,Canada,True
19,Tommy Chong,7,True,11,76,Comedian,,Canada,True
19,Tommy Chong,8,True,11,76,Comedian,,Canada,True
19,Tommy Chong,9,True,11,76,Comedian,,Canada,True
19,Tommy Chong,10,True,11,76,Comedian,,Canada,False
19,Tommy Chong,11,False,11,76,Comedian,,Canada,False
20,Charlotte McKinney,1,True,10,21,Model,Florida,United States,True
20,Charlotte McKinney,2,True,10,21,Model,Florida,United States,True
20,Charlotte McKinney,3,True,10,21,Model,Florida,United States,False
20,Charlotte McKinney,4,False,10,21,Model,Florida,United States,False
20,Charlotte McKinney,5,False,10,21,Model,Florida,United States,False
20,Charlotte McKinney,6,False,10,21,Model,Florida,United States,False
20,Charlotte McKinney,7,False,10,21,Model,Florida,United States,False
20,Charlotte McKinney,8,False,10,21,Model,Florida,United States,False
20,Charlotte McKinney,9,False,10,21,Model,Florida,United States,False
20,Charlotte McKinney,10,False,10,21,Model,Florida,United States,False
20,Chris Soules,1,True,10,33,TV Personality,Iowa,United States,True
20,Chris Soules,2,True,10,33,TV Personality,Iowa,United States,True
20,Chris Soules,3,True,10,33,TV Personality,Iowa,United States,True
20,Chris Soules,4,True,10,33,TV Personality,Iowa,United States,True
20,Chris Soules,5,True,10,33,TV Personality,Iowa,United States,True
20,Chris Soules,6,True,10,33,TV Personality,Iowa,United States,True
20,Chris Soules,7,True,10,33,TV Personality,Iowa,United States,True
20,Chris Soules,8,True,10,33,TV Personality,Iowa,United States,False
20,Chris Soules,9,False,10,33,TV Personality,Iowa,United States,False
20,Chris Soules,10,False,10,33,TV Personality,Iowa,United States,False
20,Michael Sam,1,True,10,25,Athlete,Texas,United States,True
20,Michael Sam,2,True,10,25,Athlete,Texas,United States,True
20,Michael Sam,3,True,10,25,Athlete,Texas,United States,True
20,Michael Sam,4,True,10,25,Athlete,Texas,United States,False
20,Michael Sam,5,False,10,25,Athlete,Texas,United States,False
20,Michael Sam,6,False,10,25,Athlete,Texas,United States,False
20,Michael Sam,7,False,10,25,Athlete,Texas,United States,False
20,Michael Sam,8,False,10,25,Athlete,Texas,United States,False
20,Michael Sam,9,False,10,25,Athlete,Texas,United States,False
20,Michael Sam,10,False,10,25,Athlete,Texas,United States,False
20,Nastia Liukin,1,True,10,25,Athlete,,Russia,True
20,Nastia Liukin,2,True,10,25,Athlete,,Russia,True
20,Nastia Liukin,3,True,10,25,Athlete,,Russia,True
20,Nastia Liukin,4,True,10,25,Athlete,,Russia,True
20,Nastia Liukin,5,True,10,25,Athlete,,Russia,True
20,Nastia Liukin,6,True,10,25,Athlete,,Russia,True
20,Nastia Liukin,7,True,10,25,Athlete,,Russia,True
20,Nastia Liukin,8,True,10,25,Athlete,,Russia,True
20,Nastia Liukin,9,True,10,25,Athlete,,Russia,False
20,Nastia Liukin,10,False,10,25,Athlete,,Russia,False
20,Noah Galloway,1,True,10,33,Motivational Speaker,Alabama,United States,True
20,Noah Galloway,2,True,10,33,Motivational Speaker,Alabama,United States,True
20,Noah Galloway,3,True,10,33,Motivational Speaker,Alabama,United States,True
20,Noah Galloway,4,True,10,33,Motivational Speaker,Alabama,United States,True
20,Noah Galloway,5,True,10,33,Motivational Speaker,Alabama,United States,True
20,Noah Galloway,6,True,10,33,Motivational Speaker,Alabama,United States,True
20,Noah Galloway,7,True,10,33,Motivational Speaker,Alabama,United States,True
20,Noah Galloway,8,True,10,33,Motivational Speaker,Alabama,United States,True
20,Noah Galloway,9,True,10,33,Motivational Speaker,Alabama,United States,True
20,Noah Galloway,10,True,10,33,Motivational Speaker,Alabama,United States,False
20,Patti LaBelle,1,True,10,70,Singer/Rapper,Pennsylvania,United States,True
20,Patti LaBelle,2,True,10,70,Singer/Rapper,Pennsylvania,United States,True
20,Patti LaBelle,3,True,10,70,Singer/Rapper,Pennsylvania,United States,True
20,Patti LaBelle,4,True,10,70,Singer/Rapper,Pennsylvania,United States,True
20,Patti LaBelle,5,True,10,70,Singer/Rapper,Pennsylvania,United States,True
20,Patti LaBelle,6,True,10,70,Singer/Rapper,Pennsylvania,United States,False
20,Patti LaBelle,7,False,10,70,Singer/Rapper,Pennsylvania,United States,False
20,Patti LaBelle,8,False,10,70,Singer/Rapper,Pennsylvania,United States,False
20,Patti LaBelle,9,False,10,70,Singer/Rapper,Pennsylvania,United States,False
20,Patti LaBelle,10,False,10,70,Singer/Rapper,Pennsylvania,United States,False
20,Redfoo,1,True,10,39,Singer/Rapper,California,United States,True
20,Redfoo,2,True,10,39,Singer/Rapper,California,United States,False
20,Redfoo,3,False,10,39,Singer/Rapper,California,United States,False
20,Redfoo,4,False,10,39,Singer/Rapper,California,United States,False
20,Redfoo,5,False,10,39,Singer/Rapper,California,United States,False
20,Redfoo,6,False,10,39,Singer/Rapper,California,United States,False
20,Redfoo,7,False,10,39,Singer/Rapper,California,United States,False
20,Redfoo,8,False,10,39,Singer/Rapper,California,United States,False
20,Redfoo,9,False,10,39,Singer/Rapper,California,United States,False
20,Redfoo,10,False,10,39,Singer/Rapper,California,United States,False
20,Riker Lynch,1,True,10,23,Actor/Actress,Colorado,United States,True
20,Riker Lynch,2,True,10,23,Actor/Actress,Colorado,United States,True
20,Riker Lynch,3,True,10,23,Actor/Actress,Colorado,United States,True
20,Riker Lynch,4,True,10,23,Actor/Actress,Colorado,United States,True
20,Riker Lynch,5,True,10,23,Actor/Actress,Colorado,United States,True
20,Riker Lynch,6,True,10,23,Actor/Actress,Colorado,United States,True
20,Riker Lynch,7,True,10,23,Actor/Actress,Colorado,United States,True
20,Riker Lynch,8,True,10,23,Actor/Actress,Colorado,United States,True
20,Riker Lynch,9,True,10,23,Actor/Actress,Colorado,United States,True
20,Riker Lynch,10,True,10,23,Actor/Actress,Colorado,United States,False
20,Robert Herjavec,1,True,10,52,Entrepreneur,,Croatia,True
20,Robert Herjavec,2,True,10,52,Entrepreneur,,Croatia,True
20,Robert Herjavec,3,True,10,52,Entrepreneur,,Croatia,True
20,Robert Herjavec,4,True,10,52,Entrepreneur,,Croatia,True
20,Robert Herjavec,5,True,10,52,Entrepreneur,,Croatia,True
20,Robert Herjavec,6,True,10,52,Entrepreneur,,Croatia,True
20,Robert Herjavec,7,True,10,52,Entrepreneur,,Croatia,True
20,Robert Herjavec,8,True,10,52,Entrepreneur,,Croatia,False
20,Robert Herjavec,9,False,10,52,Entrepreneur,,Croatia,False
20,Robert Herjavec,10,False,10,52,Entrepreneur,,Croatia,False
20,Rumer Willis,1,True,10,26,Actor/Actress,Kentucky,United States,True
20,Rumer Willis,2,True,10,26,Actor/Actress,Kentucky,United States,True
20,Rumer Willis,3,True,10,26,Actor/Actress,Kentucky,United States,True
20,Rumer Willis,4,True,10,26,Actor/Actress,Kentucky,United States,True
20,Rumer Willis,5,True,10,26,Actor/Actress,Kentucky,United States,True
20,Rumer Willis,6,True,10,26,Actor/Actress,Kentucky,United States,True
20,Rumer Willis,7,True,10,26,Actor/Actress,Kentucky,United States,True
20,Rumer Willis,8,True,10,26,Actor/Actress,Kentucky,United States,True
20,Rumer Willis,9,True,10,26,Actor/Actress,Kentucky,United States,True
20,Rumer Willis,10,True,10,26,Actor/Actress,Kentucky,United States,False
20,Suzanne Somers,1,True,10,68,Actor/Actress,California,United States,True
20,Suzanne Somers,2,True,10,68,Actor/Actress,California,United States,True
20,Suzanne Somers,3,True,10,68,Actor/Actress,California,United States,True
20,Suzanne Somers,4,True,10,68,Actor/Actress,California,United States,True
20,Suzanne Somers,5,True,10,68,Actor/Actress,California,United States,False
20,Suzanne Somers,6,False,10,68,Actor/Actress,California,United States,False
20,Suzanne Somers,7,False,10,68,Actor/Actress,California,United States,False
20,Suzanne Somers,8,False,10,68,Actor/Actress,California,United States,False
20,Suzanne Somers,9,False,10,68,Actor/Actress,California,United States,False
20,Suzanne Somers,10,False,10,68,Actor/Actress,California,United States,False
20,Willow Shields,1,True,10,14,Actor/Actress,New Mexico,United States,True
20,Willow Shields,2,True,10,14,Actor/Actress,New Mexico,United States,True
20,Willow Shields,3,True,10,14,Actor/Actress,New Mexico,United States,True
20,Willow Shields,4,True,10,14,Actor/Actress,New Mexico,United States,True
20,Willow Shields,5,True,10,14,Actor/Actress,New Mexico,United States,True
20,Willow Shields,6,True,10,14,Actor/Actress,New Mexico,United States,True
20,Willow Shields,7,True,10,14,Actor/Actress,New Mexico,United States,False
20,Willow Shields,8,False,10,14,Actor/Actress,New Mexico,United States,False
20,Willow Shields,9,False,10,14,Actor/Actress,New Mexico,United States,False
20,Willow Shields,10,False,10,14,Actor/Actress,New Mexico,United States,False
21,Alek Skarlatos,1,True,11,22,Military,California,United States,True
21,Alek Skarlatos,2,True,11,22,Military,California,United States,True
21,Alek Skarlatos,3,True,11,22,Military,California,United States,True
21,Alek Skarlatos,4,True,11,22,Military,California,United States,True
21,Alek Skarlatos,5,True,11,22,Military,California,United States,True
21,Alek Skarlatos,6,True,11,22,Military,California,United States,True
21,Alek Skarlatos,7,True,11,22,Military,California,United States,True
21,Alek Skarlatos,8,True,11,22,Military,California,United States,True
21,Alek Skarlatos,9,True,11,22,Military,California,United States,True
21,Alek Skarlatos,10,True,11,22,Military,California,United States,True
21,Alek Skarlatos,11,True,11,22,Military,California,United States,False
21,Alexa PenaVega,1,True,11,27,Actor/Actress,Florida,United States,True
21,Alexa PenaVega,2,True,11,27,Actor/Actress,Florida,United States,True
21,Alexa PenaVega,3,True,11,27,Actor/Actress,Florida,United States,True
21,Alexa PenaVega,4,True,11,27,Actor/Actress,Florida,United States,True
21,Alexa PenaVega,5,True,11,27,Actor/Actress,Florida,United States,True
21,Alexa PenaVega,6,True,11,27,Actor/Actress,Florida,United States,True
21,Alexa PenaVega,7,True,11,27,Actor/Actress,Florida,United States,True
21,Alexa PenaVega,8,True,11,27,Actor/Actress,Florida,United States,True
21,Alexa PenaVega,9,True,11,27,Actor/Actress,Florida,United States,False
21,Alexa PenaVega,10,False,11,27,Actor/Actress,Florida,United States,False
21,Alexa PenaVega,11,False,11,27,Actor/Actress,Florida,United States,False
21,Andy Grammer,1,True,11,31,Singer/Rapper,California,United States,True
21,Andy Grammer,2,True,11,31,Singer/Rapper,California,United States,True
21,Andy Grammer,3,True,11,31,Singer/Rapper,California,United States,True
21,Andy Grammer,4,True,11,31,Singer/Rapper,California,United States,True
21,Andy Grammer,5,True,11,31,Singer/Rapper,California,United States,True
21,Andy Grammer,6,True,11,31,Singer/Rapper,California,United States,True
21,Andy Grammer,7,True,11,31,Singer/Rapper,California,United States,True
21,Andy Grammer,8,True,11,31,Singer/Rapper,California,United States,False
21,Andy Grammer,9,False,11,31,Singer/Rapper,California,United States,False
21,Andy Grammer,10,False,11,31,Singer/Rapper,California,United States,False
21,Andy Grammer,11,False,11,31,Singer/Rapper,California,United States,False
21,Bindi Irwin,1,True,11,17,TV Personality,,Australia,True
21,Bindi Irwin,2,True,11,17,TV Personality,,Australia,True
21,Bindi Irwin,3,True,11,17,TV Personality,,Australia,True
21,Bindi Irwin,4,True,11,17,TV Personality,,Australia,True
21,Bindi Irwin,5,True,11,17,TV Personality,,Australia,True
21,Bindi Irwin,6,True,11,17,TV Personality,,Australia,True
21,Bindi Irwin,7,True,11,17,TV Personality,,Australia,True
21,Bindi Irwin,8,True,11,17,TV Personality,,Australia,True
21,Bindi Irwin,9,True,11,17,TV Personality,,Australia,True
21,Bindi Irwin,10,True,11,17,TV Personality,,Australia,True
21,Bindi Irwin,11,True,11,17,TV Personality,,Australia,False
21,Carlos PenaVega,1,True,11,26,Actor/Actress,Missouri,United States,True
21,Carlos PenaVega,2,True,11,26,Actor/Actress,Missouri,United States,True
21,Carlos PenaVega,3,True,11,26,Actor/Actress,Missouri,United States,True
21,Carlos PenaVega,4,True,11,26,Actor/Actress,Missouri,United States,True
21,Carlos PenaVega,5,True,11,26,Actor/Actress,Missouri,United States,True
21,Carlos PenaVega,6,True,11,26,Actor/Actress,Missouri,United States,True
21,Carlos PenaVega,7,True,11,26,Actor/Actress,Missouri,United States,True
21,Carlos PenaVega,8,True,11,26,Actor/Actress,Missouri,United States,True
21,Carlos PenaVega,9,True,11,26,Actor/Actress,Missouri,United States,True
21,Carlos PenaVega,10,True,11,26,Actor/Actress,Missouri,United States,True
21,Carlos PenaVega,11,True,11,26,Actor/Actress,Missouri,United States,False
21,Chaka Khan,1,True,11,62,Singer/Rapper,Illinois,United States,True
21,Chaka Khan,2,True,11,62,Singer/Rapper,Illinois,United States,False
21,Chaka Khan,3,False,11,62,Singer/Rapper,Illinois,United States,False
21,Chaka Khan,4,False,11,62,Singer/Rapper,Illinois,United States,False
21,Chaka Khan,5,False,11,62,Singer/Rapper,Illinois,United States,False
21,Chaka Khan,6,False,11,62,Singer/Rapper,Illinois,United States,False
21,Chaka Khan,7,False,11,62,Singer/Rapper,Illinois,United States,False
21,Chaka Khan,8,False,11,62,Singer/Rapper,Illinois,United States,False
21,Chaka Khan,9,False,11,62,Singer/Rapper,Illinois,United States,False
21,Chaka Khan,10,False,11,62,Singer/Rapper,Illinois,United States,False
21,Chaka Khan,11,False,11,62,Singer/Rapper,Illinois,United States,False
21,Gary Busey,1,True,11,71,Actor/Actress,Texas,United States,True
21,Gary Busey,2,True,11,71,Actor/Actress,Texas,United States,True
21,Gary Busey,3,True,11,71,Actor/Actress,Texas,United States,True
21,Gary Busey,4,True,11,71,Actor/Actress,Texas,United States,False
21,Gary Busey,5,False,11,71,Actor/Actress,Texas,United States,False
21,Gary Busey,6,False,11,71,Actor/Actress,Texas,United States,False
21,Gary Busey,7,False,11,71,Actor/Actress,Texas,United States,False
21,Gary Busey,8,False,11,71,Actor/Actress,Texas,United States,False
21,Gary Busey,9,False,11,71,Actor/Actress,Texas,United States,False
21,Gary Busey,10,False,11,71,Actor/Actress,Texas,United States,False
21,Gary Busey,11,False,11,71,Actor/Actress,Texas,United States,False
21,Hayes Grier,1,True,11,15,Social Media Personality,North Carolina,United States,True
21,Hayes Grier,2,True,11,15,Social Media Personality,North Carolina,United States,True
21,Hayes Grier,3,True,11,15,Social Media Personality,North Carolina,United States,True
21,Hayes Grier,4,True,11,15,Social Media Personality,North Carolina,United States,True
21,Hayes Grier,5,True,11,15,Social Media Personality,North Carolina,United States,True
21,Hayes Grier,6,True,11,15,Social Media Personality,North Carolina,United States,True
21,Hayes Grier,7,True,11,15,Social Media Personality,North Carolina,United States,False
21,Hayes Grier,8,False,11,15,Social Media Personality,North Carolina,United States,False
21,Hayes Grier,9,False,11,15,Social Media Personality,North Carolina,United States,False
21,Hayes Grier,10,False,11,15,Social Media Personality,North Carolina,United States,False
21,Hayes Grier,11,False,11,15,Social Media Personality,North Carolina,United States,False
21,Kim Zolciak-Biermann,1,True,11,37,TV Personality,Florida,United States,True
21,Kim Zolciak-Biermann,2,True,11,37,TV Personality,Florida,United States,False
21,Kim Zolciak-Biermann,3,False,11,37,TV Personality,Florida,United States,False
21,Kim Zolciak-Biermann,4,False,11,37,TV Personality,Florida,United States,False
21,Kim Zolciak-Biermann,5,False,11,37,TV Personality,Florida,United States,False
21,Kim Zolciak-Biermann,6,False,11,37,TV Personality,Florida,United States,False
21,Kim Zolciak-Biermann,7,False,11,37,TV Personality,Florida,United States,False
21,Kim Zolciak-Biermann,8,False,11,37,TV Personality,Florida,United States,False
21,Kim Zolciak-Biermann,9,False,11,37,TV Personality,Florida,United States,False
21,Kim Zolciak-Biermann,10,False,11,37,TV Personality,Florida,United States,False
21,Kim Zolciak-Biermann,11,False,11,37,TV Personality,Florida,United States,False
21,Nick Carter,1,True,11,35,Singer/Rapper,New York,United States,True
21,Nick Carter,2,True,11,35,Singer/Rapper,New York,United States,True
21,Nick Carter,3,True,11,35,Singer/Rapper,New York,United States,True
21,Nick Carter,4,True,11,35,Singer/Rapper,New York,United States,True
21,Nick Carter,5,True,11,35,Singer/Rapper,New York,United States,True
21,Nick Carter,6,True,11,35,Singer/Rapper,New York,United States,True
21,Nick Carter,7,True,11,35,Singer/Rapper,New York,United States,True
21,Nick Carter,8,True,11,35,Singer/Rapper,New York,United States,True
21,Nick Carter,9,True,11,35,Singer/Rapper,New York,United States,True
21,Nick Carter,10,True,11,35,Singer/Rapper,New York,United States,True
21,Nick Carter,11,True,11,35,Singer/Rapper,New York,United States,False
21,Paula Deen,1,True,11,68,TV Personality,Georgia,United States,True
21,Paula Deen,2,True,11,68,TV Personality,Georgia,United States,True
21,Paula Deen,3,True,11,68,TV Personality,Georgia,United States,True
21,Paula Deen,4,True,11,68,TV Personality,Georgia,United States,True
21,Paula Deen,5,True,11,68,TV Personality,Georgia,United States,True
21,Paula Deen,6,True,11,68,TV Personality,Georgia,United States,False
21,Paula Deen,7,False,11,68,TV Personality,Georgia,United States,False
21,Paula Deen,8,False,11,68,TV Personality,Georgia,United States,False
21,Paula Deen,9,False,11,68,TV Personality,Georgia,United States,False
21,Paula Deen,10,False,11,68,TV Personality,Georgia,United States,False
21,Paula Deen,11,False,11,68,TV Personality,Georgia,United States,False
21,Tamar Braxton,1,True,11,38,Singer/Rapper,Maryland,United States,True
21,Tamar Braxton,2,True,11,38,Singer/Rapper,Maryland,United States,True
21,Tamar Braxton,3,True,11,38,Singer/Rapper,Maryland,United States,True
21,Tamar Braxton,4,True,11,38,Singer/Rapper,Maryland,United States,True
21,Tamar Braxton,5,True,11,38,Singer/Rapper,Maryland,United States,True
21,Tamar Braxton,6,True,11,38,Singer/Rapper,Maryland,United States,True
21,Tamar Braxton,7,True,11,38,Singer/Rapper,Maryland,United States,True
21,Tamar Braxton,8,True,11,38,Singer/Rapper,Maryland,United States,True
21,Tamar Braxton,9,True,11,38,Singer/Rapper,Maryland,United States,False
21,Tamar Braxton,10,False,11,38,Singer/Rapper,Maryland,United States,False
21,Tamar Braxton,11,False,11,38,Singer/Rapper,Maryland,United States,False
21,Victor Espinoza,1,True,11,43,Athlete,,Mexico,True
21,Victor Espinoza,2,True,11,43,Athlete,,Mexico,False
21,Victor Espinoza,3,False,11,43,Athlete,,Mexico,False
21,Victor Espinoza,4,False,11,43,Athlete,,Mexico,False
21,Victor Espinoza,5,False,11,43,Athlete,,Mexico,False
21,Victor Espinoza,6,False,11,43,Athlete,,Mexico,False
21,Victor Espinoza,7,False,11,43,Athlete,,Mexico,False
21,Victor Espinoza,8,False,11,43,Athlete,,Mexico,False
21,Victor Espinoza,9,False,11,43,Athlete,,Mexico,False
21,Victor Espinoza,10,False,11,43,Athlete,,Mexico,False
21,Victor Espinoza,11,False,11,43,Athlete,,Mexico,False
22,Antonio Brown,1,True,10,27,Athlete,Florida,United States,True
22,Antonio Brown,2,True,10,27,Athlete,Florida,United States,True
22,Antonio Brown,3,True,10,27,Athlete,Florida,United States,True
22,Antonio Brown,4,True,10,27,Athlete,Florida,United States,True
22,Antonio Brown,5,True,10,27,Athlete,Florida,United States,True
22,Antonio Brown,6,True,10,27,Athlete,Florida,United States,True
22,Antonio Brown,7,True,10,27,Athlete,Florida,United States,True
22,Antonio Brown,8,True,10,27,Athlete,Florida,United States,True
22,Antonio Brown,9,True,10,27,Athlete,Florida,United States,False
22,Antonio Brown,10,False,10,27,Athlete,Florida,United States,False
22,Doug Flutie,1,True,10,53,Athlete,Maryland,United States,True
22,Doug Flutie,2,True,10,53,Athlete,Maryland,United States,True
22,Doug Flutie,3,True,10,53,Athlete,Maryland,United States,True
22,Doug Flutie,4,True,10,53,Athlete,Maryland,United States,True
22,Doug Flutie,5,True,10,53,Athlete,Maryland,United States,True
22,Doug Flutie,6,True,10,53,Athlete,Maryland,United States,False
22,Doug Flutie,7,False,10,53,Athlete,Maryland,United States,False
22,Doug Flutie,8,False,10,53,Athlete,Maryland,United States,False
22,Doug Flutie,9,False,10,53,Athlete,Maryland,United States,False
22,Doug Flutie,10,False,10,53,Athlete,Maryland,United States,False
22,Geraldo Rivera,1,True,10,72,Journalist,New York,United States,True
22,Geraldo Rivera,2,True,10,72,Journalist,New York,United States,False
22,Geraldo Rivera,3,False,10,72,Journalist,New York,United States,False
22,Geraldo Rivera,4,False,10,72,Journalist,New York,United States,False
22,Geraldo Rivera,5,False,10,72,Journalist,New York,United States,False
22,Geraldo Rivera,6,False,10,72,Journalist,New York,United States,False
22,Geraldo Rivera,7,False,10,72,Journalist,New York,United States,False
22,Geraldo Rivera,8,False,10,72,Journalist,New York,United States,False
22,Geraldo Rivera,9,False,10,72,Journalist,New York,United States,False
22,Geraldo Rivera,10,False,10,72,Journalist,New York,United States,False
22,Ginger Zee,1,True,10,35,News Anchor,California,United States,True
22,Ginger Zee,2,True,10,35,News Anchor,California,United States,True
22,Ginger Zee,3,True,10,35,News Anchor,California,United States,True
22,Ginger Zee,4,True,10,35,News Anchor,California,United States,True
22,Ginger Zee,5,True,10,35,News Anchor,California,United States,True
22,Ginger Zee,6,True,10,35,News Anchor,California,United States,True
22,Ginger Zee,7,True,10,35,News Anchor,California,United States,True
22,Ginger Zee,8,True,10,35,News Anchor,California,United States,True
22,Ginger Zee,9,True,10,35,News Anchor,California,United States,True
22,Ginger Zee,10,True,10,35,News Anchor,California,United States,False
22,Jodie Sweetin,1,True,10,34,Actor/Actress,California,United States,True
22,Jodie Sweetin,2,True,10,34,Actor/Actress,California,United States,True
22,Jodie Sweetin,3,True,10,34,Actor/Actress,California,United States,True
22,Jodie Sweetin,4,True,10,34,Actor/Actress,California,United States,True
22,Jodie Sweetin,5,True,10,34,Actor/Actress,California,United States,True
22,Jodie Sweetin,6,True,10,34,Actor/Actress,California,United States,True
22,Jodie Sweetin,7,True,10,34,Actor/Actress,California,United States,True
22,Jodie Sweetin,8,True,10,34,Actor/Actress,California,United States,False
22,Jodie Sweetin,9,False,10,34,Actor/Actress,California,United States,False
22,Jodie Sweetin,10,False,10,34,Actor/Actress,California,United States,False
22,Kim Fields,1,True,10,46,Actor/Actress,New York,United States,True
22,Kim Fields,2,True,10,46,Actor/Actress,New York,United States,True
22,Kim Fields,3,True,10,46,Actor/Actress,New York,United States,True
22,Kim Fields,4,True,10,46,Actor/Actress,New York,United States,True
22,Kim Fields,5,True,10,46,Actor/Actress,New York,United States,True
22,Kim Fields,6,True,10,46,Actor/Actress,New York,United States,True
22,Kim Fields,7,True,10,46,Actor/Actress,New York,United States,False
22,Kim Fields,8,False,10,46,Actor/Actress,New York,United States,False
22,Kim Fields,9,False,10,46,Actor/Actress,New York,United States,False
22,Kim Fields,10,False,10,46,Actor/Actress,New York,United States,False
22,Marla Maples,1,True,10,52,TV Personality,Georgia,United States,True
22,Marla Maples,2,True,10,52,TV Personality,Georgia,United States,True
22,Marla Maples,3,True,10,52,TV Personality,Georgia,United States,True
22,Marla Maples,4,True,10,52,TV Personality,Georgia,United States,False
22,Marla Maples,5,False,10,52,TV Personality,Georgia,United States,False
22,Marla Maples,6,False,10,52,TV Personality,Georgia,United States,False
22,Marla Maples,7,False,10,52,TV Personality,Georgia,United States,False
22,Marla Maples,8,False,10,52,TV Personality,Georgia,United States,False
22,Marla Maples,9,False,10,52,TV Personality,Georgia,United States,False
22,Marla Maples,10,False,10,52,TV Personality,Georgia,United States,False
22,Mischa Barton,1,True,10,30,Actor/Actress,,England,True
22,Mischa Barton,2,True,10,30,Actor/Actress,,England,True
22,Mischa Barton,3,True,10,30,Actor/Actress,,England,False
22,Mischa Barton,4,False,10,30,Actor/Actress,,England,False
22,Mischa Barton,5,False,10,30,Actor/Actress,,England,False
22,Mischa Barton,6,False,10,30,Actor/Actress,,England,False
22,Mischa Barton,7,False,10,30,Actor/Actress,,England,False
22,Mischa Barton,8,False,10,30,Actor/Actress,,England,False
22,Mischa Barton,9,False,10,30,Actor/Actress,,England,False
22,Mischa Barton,10,False,10,30,Actor/Actress,,England,False
22,Nyle DiMarco,1,True,10,26,Model,New York,United States,True
22,Nyle DiMarco,2,True,10,26,Model,New York,United States,True
22,Nyle DiMarco,3,True,10,26,Model,New York,United States,True
22,Nyle DiMarco,4,True,10,26,Model,New York,United States,True
22,Nyle DiMarco,5,True,10,26,Model,New York,United States,True
22,Nyle DiMarco,6,True,10,26,Model,New York,United States,True
22,Nyle DiMarco,7,True,10,26,Model,New York,United States,True
22,Nyle DiMarco,8,True,10,26,Model,New York,United States,True
22,Nyle DiMarco,9,True,10,26,Model,New York,United States,True
22,Nyle DiMarco,10,True,10,26,Model,New York,United States,False
22,Paige VanZant,1,True,10,22,Athlete,Oregon,United States,True
22,Paige VanZant,2,True,10,22,Athlete,Oregon,United States,True
22,Paige VanZant,3,True,10,22,Athlete,Oregon,United States,True
22,Paige VanZant,4,True,10,22,Athlete,Oregon,United States,True
22,Paige VanZant,5,True,10,22,Athlete,Oregon,United States,True
22,Paige VanZant,6,True,10,22,Athlete,Oregon,United States,True
22,Paige VanZant,7,True,10,22,Athlete,Oregon,United States,True
22,Paige VanZant,8,True,10,22,Athlete,Oregon,United States,True
22,Paige VanZant,9,True,10,22,Athlete,Oregon,United States,True
22,Paige VanZant,10,True,10,22,Athlete,Oregon,United States,False
22,Von Miller,1,True,10,27,Athlete,Texas,United States,True
22,Von Miller,2,True,10,27,Athlete,Texas,United States,True
22,Von Miller,3,True,10,27,Athlete,Texas,United States,True
22,Von Miller,4,True,10,27,Athlete,Texas,United States,True
22,Von Miller,5,True,10,27,Athlete,Texas,United States,True
22,Von Miller,6,True,10,27,Athlete,Texas,United States,True
22,Von Miller,7,True,10,27,Athlete,Texas,United States,False
22,Von Miller,8,False,10,27,Athlete,Texas,United States,False
22,Von Miller,9,False,10,27,Athlete,Texas,United States,False
22,Von Miller,10,False,10,27,Athlete,Texas,United States,False
22,Wanya Morris,1,True,10,42,Singer/Rapper,Pennsylvania,United States,True
22,Wanya Morris,2,True,10,42,Singer/Rapper,Pennsylvania,United States,True
22,Wanya Morris,3,True,10,42,Singer/Rapper,Pennsylvania,United States,True
22,Wanya Morris,4,True,10,42,Singer/Rapper,Pennsylvania,United States,True
22,Wanya Morris,5,True,10,42,Singer/Rapper,Pennsylvania,United States,True
22,Wanya Morris,6,True,10,42,Singer/Rapper,Pennsylvania,United States,True
22,Wanya Morris,7,True,10,42,Singer/Rapper,Pennsylvania,United States,True
22,Wanya Morris,8,True,10,42,Singer/Rapper,Pennsylvania,United States,True
22,Wanya Morris,9,True,10,42,Singer/Rapper,Pennsylvania,United States,False
22,Wanya Morris,10,False,10,42,Singer/Rapper,Pennsylvania,United States,False
23,Amber Rose,1,True,11,32,Model,Pennsylvania,United States,True
23,Amber Rose,2,True,11,32,Model,Pennsylvania,United States,True
23,Amber Rose,3,True,11,32,Model,Pennsylvania,United States,True
23,Amber Rose,4,True,11,32,Model,Pennsylvania,United States,True
23,Amber Rose,5,True,11,32,Model,Pennsylvania,United States,True
23,Amber Rose,6,True,11,32,Model,Pennsylvania,United States,False
23,Amber Rose,7,False,11,32,Model,Pennsylvania,United States,False
23,Amber Rose,8,False,11,32,Model,Pennsylvania,United States,False
23,Amber Rose,9,False,11,32,Model,Pennsylvania,United States,False
23,Amber Rose,10,False,11,32,Model,Pennsylvania,United States,False
23,Amber Rose,11,False,11,32,Model,Pennsylvania,United States,False
23,Babyface,1,True,11,57,Singer/Rapper,Indiana,United States,True
23,Babyface,2,True,11,57,Singer/Rapper,Indiana,United States,True
23,Babyface,3,True,11,57,Singer/Rapper,Indiana,United States,True
23,Babyface,4,True,11,57,Singer/Rapper,Indiana,United States,False
23,Babyface,5,False,11,57,Singer/Rapper,Indiana,United States,False
23,Babyface,6,False,11,57,Singer/Rapper,Indiana,United States,False
23,Babyface,7,False,11,57,Singer/Rapper,Indiana,United States,False
23,Babyface,8,False,11,57,Singer/Rapper,Indiana,United States,False
23,Babyface,9,False,11,57,Singer/Rapper,Indiana,United States,False
23,Babyface,10,False,11,57,Singer/Rapper,Indiana,United States,False
23,Babyface,11,False,11,57,Singer/Rapper,Indiana,United States,False
23,Calvin Johnson Jr.,1,True,11,30,Athlete,Georgia,United States,True
23,Calvin Johnson Jr.,2,True,11,30,Athlete,Georgia,United States,True
23,Calvin Johnson Jr.,3,True,11,30,Athlete,Georgia,United States,True
23,Calvin Johnson Jr.,4,True,11,30,Athlete,Georgia,United States,True
23,Calvin Johnson Jr.,5,True,11,30,Athlete,Georgia,United States,True
23,Calvin Johnson Jr.,6,True,11,30,Athlete,Georgia,United States,True
23,Calvin Johnson Jr.,7,True,11,30,Athlete,Georgia,United States,True
23,Calvin Johnson Jr.,8,True,11,30,Athlete,Georgia,United States,True
23,Calvin Johnson Jr.,9,True,11,30,Athlete,Georgia,United States,True
23,Calvin Johnson Jr.,10,True,11,30,Athlete,Georgia,United States,True
23,Calvin Johnson Jr.,11,True,11,30,Athlete,Georgia,United States,False
23,Jake T. Austin,1,True,11,21,Actor/Actress,New York,United States,True
23,Jake T. Austin,2,True,11,21,Actor/Actress,New York,United States,False
23,Jake T. Austin,3,False,11,21,Actor/Actress,New York,United States,False
23,Jake T. Austin,4,False,11,21,Actor/Actress,New York,United States,False
23,Jake T. Austin,5,False,11,21,Actor/Actress,New York,United States,False
23,Jake T. Austin,6,False,11,21,Actor/Actress,New York,United States,False
23,Jake T. Austin,7,False,11,21,Actor/Actress,New York,United States,False
23,Jake T. Austin,8,False,11,21,Actor/Actress,New York,United States,False
23,Jake T. Austin,9,False,11,21,Actor/Actress,New York,United States,False
23,Jake T. Austin,10,False,11,21,Actor/Actress,New York,United States,False
23,Jake T. Austin,11,False,11,21,Actor/Actress,New York,United States,False
23,James Hinchcliffe,1,True,11,29,Racing Driver,,Canada,True
23,James Hinchcliffe,2,True,11,29,Racing Driver,,Canada,True
23,James Hinchcliffe,3,True,11,29,Racing Driver,,Canada,True
23,James Hinchcliffe,4,True,11,29,Racing Driver,,Canada,True
23,James Hinchcliffe,5,True,11,29,Racing Driver,,Canada,True
23,James Hinchcliffe,6,True,11,29,Racing Driver,,Canada,True
23,James Hinchcliffe,7,True,11,29,Racing Driver,,Canada,True
23,James Hinchcliffe,8,True,11,29,Racing Driver,,Canada,True
23,James Hinchcliffe,9,True,11,29,Racing Driver,,Canada,True
23,James Hinchcliffe,10,True,11,29,Racing Driver,,Canada,True
23,James Hinchcliffe,11,True,11,29,Racing Driver,,Canada,False
23,Jana Kramer,1,True,11,32,Singer/Rapper,Michigan,United States,True
23,Jana Kramer,2,True,11,32,Singer/Rapper,Michigan,United States,True
23,Jana Kramer,3,True,11,32,Singer/Rapper,Michigan,United States,True
23,Jana Kramer,4,True,11,32,Singer/Rapper,Michigan,United States,True
23,Jana Kramer,5,True,11,32,Singer/Rapper,Michigan,United States,True
23,Jana Kramer,6,True,11,32,Singer/Rapper,Michigan,United States,True
23,Jana Kramer,7,True,11,32,Singer/Rapper,Michigan,United States,True
23,Jana Kramer,8,True,11,32,Singer/Rapper,Michigan,United States,True
23,Jana Kramer,9,True,11,32,Singer/Rapper,Michigan,United States,True
23,Jana Kramer,10,True,11,32,Singer/Rapper,Michigan,United States,True
23,Jana Kramer,11,True,11,32,Singer/Rapper,Michigan,United States,False
23,Laurie Hernandez,1,True,11,16,Athlete,New Jersey,United States,True
23,Laurie Hernandez,2,True,11,16,Athlete,New Jersey,United States,True
23,Laurie Hernandez,3,True,11,16,Athlete,New Jersey,United States,True
23,Laurie Hernandez,4,True,11,16,Athlete,New Jersey,United States,True
23,Laurie Hernandez,5,True,11,16,Athlete,New Jersey,United States,True
23,Laurie Hernandez,6,True,11,16,Athlete,New Jersey,United States,True
23,Laurie Hernandez,7,True,11,16,Athlete,New Jersey,United States,True
23,Laurie Hernandez,8,True,11,16,Athlete,New Jersey,United States,True
23,Laurie Hernandez,9,True,11,16,Athlete,New Jersey,United States,True
23,Laurie Hernandez,10,True,11,16,Athlete,New Jersey,United States,True
23,Laurie Hernandez,11,True,11,16,Athlete,New Jersey,United States,False
23,Marilu Henner,1,True,11,64,Actor/Actress,Illinois,United States,True
23,Marilu Henner,2,True,11,64,Actor/Actress,Illinois,United States,True
23,Marilu Henner,3,True,11,64,Actor/Actress,Illinois,United States,True
23,Marilu Henner,4,True,11,64,Actor/Actress,Illinois,United States,True
23,Marilu Henner,5,True,11,64,Actor/Actress,Illinois,United States,True
23,Marilu Henner,6,True,11,64,Actor/Actress,Illinois,United States,True
23,Marilu Henner,7,True,11,64,Actor/Actress,Illinois,United States,True
23,Marilu Henner,8,True,11,64,Actor/Actress,Illinois,United States,True
23,Marilu Henner,9,True,11,64,Actor/Actress,Illinois,United States,False
23,Marilu Henner,10,False,11,64,Actor/Actress,Illinois,United States,False
23,Marilu Henner,11,False,11,64,Actor/Actress,Illinois,United States,False
23,Maureen McCormick,1,True,11,60,Actor/Actress,California,United States,True
23,Maureen McCormick,2,True,11,60,Actor/Actress,California,United States,True
23,Maureen McCormick,3,True,11,60,Actor/Actress,California,United States,True
23,Maureen McCormick,4,True,11,60,Actor/Actress,California,United States,True
23,Maureen McCormick,5,True,11,60,Actor/Actress,California,United States,True
23,Maureen McCormick,6,True,11,60,Actor/Actress,California,United States,True
23,Maureen McCormick,7,True,11,60,Actor/Actress,California,United States,False
23,Maureen McCormick,8,False,11,60,Actor/Actress,California,United States,False
23,Maureen McCormick,9,False,11,60,Actor/Actress,California,United States,False
23,Maureen McCormick,10,False,11,60,Actor/Actress,California,United States,False
23,Maureen McCormick,11,False,11,60,Actor/Actress,California,United States,False
23,Rick Perry,1,True,11,66,Politician,Texas,United States,True
23,Rick Perry,2,True,11,66,Politician,Texas,United States,True
23,Rick Perry,3,True,11,66,Politician,Texas,United States,False
23,Rick Perry,4,False,11,66,Politician,Texas,United States,False
23,Rick Perry,5,False,11,66,Politician,Texas,United States,False
23,Rick Perry,6,False,11,66,Politician,Texas,United States,False
23,Rick Perry,7,False,11,66,Politician,Texas,United States,False
23,Rick Perry,8,False,11,66,Politician,Texas,United States,False
23,Rick Perry,9,False,11,66,Politician,Texas,United States,False
23,Rick Perry,10,False,11,66,Politician,Texas,United States,False
23,Rick Perry,11,False,11,66,Politician,Texas,United States,False
23,Ryan Lochte,1,True,11,32,Athlete,New York,United States,True
23,Ryan Lochte,2,True,11,32,Athlete,New York,United States,True
23,Ryan Lochte,3,True,11,32,Athlete,New York,United States,True
23,Ryan Lochte,4,True,11,32,Athlete,New York,United States,True
23,Ryan Lochte,5,True,11,32,Athlete,New York,United States,True
23,Ryan Lochte,6,True,11,32,Athlete,New York,United States,True
23,Ryan Lochte,7,True,11,32,Athlete,New York,United States,True
23,Ryan Lochte,8,True,11,32,Athlete,New York,United States,False
23,Ryan Lochte,9,False,11,32,Athlete,New York,United States,False
23,Ryan Lochte,10,False,11,32,Athlete,New York,United States,False
23,Ryan Lochte,11,False,11,32,Athlete,New York,United States,False
23,Terra Jole,1,True,11,36,TV Personality,Texas,United States,True
23,Terra Jole,2,True,11,36,TV Personality,Texas,United States,True
23,Terra Jole,3,True,11,36,TV Personality,Texas,United States,True
23,Terra Jole,4,True,11,36,TV Personality,Texas,United States,True
23,Terra Jole,5,True,11,36,TV Personality,Texas,United States,True
23,Terra Jole,6,True,11,36,TV Personality,Texas,United States,True
23,Terra Jole,7,True,11,36,TV Personality,Texas,United States,True
23,Terra Jole,8,True,11,36,TV Personality,Texas,United States,True
23,Terra Jole,9,True,11,36,TV Personality,Texas,United States,True
23,Terra Jole,10,True,11,36,TV Personality,Texas,United States,False
23,Terra Jole,11,False,11,36,TV Personality,Texas,United States,False
23,Vanilla Ice,1,True,11,48,Singer/Rapper,Texas,United States,True
23,Vanilla Ice,2,True,11,48,Singer/Rapper,Texas,United States,True
23,Vanilla Ice,3,True,11,48,Singer/Rapper,Texas,United States,True
23,Vanilla Ice,4,True,11,48,Singer/Rapper,Texas,United States,False
23,Vanilla Ice,5,False,11,48,Singer/Rapper,Texas,United States,False
23,Vanilla Ice,6,False,11,48,Singer/Rapper,Texas,United States,False
23,Vanilla Ice,7,False,11,48,Singer/Rapper,Texas,United States,False
23,Vanilla Ice,8,False,11,48,Singer/Rapper,Texas,United States,False
23,Vanilla Ice,9,False,11,48,Singer/Rapper,Texas,United States,False
23,Vanilla Ice,10,False,11,48,Singer/Rapper,Texas,United States,False
23,Vanilla Ice,11,False,11,48,Singer/Rapper,Texas,United States,False
24,Bonner Bolton,1,True,10,29,Athlete,Texas,United States,True
24,Bonner Bolton,2,True,10,29,Athlete,Texas,United States,True
24,Bonner Bolton,3,True,10,29,Athlete,Texas,United States,True
24,Bonner Bolton,4,True,10,29,Athlete,Texas,United States,True
24,Bonner Bolton,5,True,10,29,Athlete,Texas,United States,True
24,Bonner Bolton,6,True,10,29,Athlete,Texas,United States,True
24,Bonner Bolton,7,True,10,29,Athlete,Texas,United States,True
24,Bonner Bolton,8,True,10,29,Athlete,Texas,United States,False
24,Bonner Bolton,9,False,10,29,Athlete,Texas,United States,False
24,Bonner Bolton,10,False,10,29,Athlete,Texas,United States,False
24,Charo,1,True,10,66,Actor/Actress,,Spain,True
24,Charo,2,True,10,66,Actor/Actress,,Spain,True
24,Charo,3,True,10,66,Actor/Actress,,Spain,False
24,Charo,4,False,10,66,Actor/Actress,,Spain,False
24,Charo,5,False,10,66,Actor/Actress,,Spain,False
24,Charo,6,False,10,66,Actor/Actress,,Spain,False
24,Charo,7,False,10,66,Actor/Actress,,Spain,False
24,Charo,8,False,10,66,Actor/Actress,,Spain,False
24,Charo,9,False,10,66,Actor/Actress,,Spain,False
24,Charo,10,False,10,66,Actor/Actress,,Spain,False
24,Chris Kattan,1,True,10,46,Comedian,California,United States,True
24,Chris Kattan,2,True,10,46,Comedian,California,United States,False
24,Chris Kattan,3,False,10,46,Comedian,California,United States,False
24,Chris Kattan,4,False,10,46,Comedian,California,United States,False
24,Chris Kattan,5,False,10,46,Comedian,California,United States,False
24,Chris Kattan,6,False,10,46,Comedian,California,United States,False
24,Chris Kattan,7,False,10,46,Comedian,California,United States,False
24,Chris Kattan,8,False,10,46,Comedian,California,United States,False
24,Chris Kattan,9,False,10,46,Comedian,California,United States,False
24,Chris Kattan,10,False,10,46,Comedian,California,United States,False
24,David Ross,1,True,10,40,Athlete,Georgia,United States,True
24,David Ross,2,True,10,40,Athlete,Georgia,United States,True
24,David Ross,3,True,10,40,Athlete,Georgia,United States,True
24,David Ross,4,True,10,40,Athlete,Georgia,United States,True
24,David Ross,5,True,10,40,Athlete,Georgia,United States,True
24,David Ross,6,True,10,40,Athlete,Georgia,United States,True
24,David Ross,7,True,10,40,Athlete,Georgia,United States,True
24,David Ross,8,True,10,40,Athlete,Georgia,United States,True
24,David Ross,9,True,10,40,Athlete,Georgia,United States,True
24,David Ross,10,True,10,40,Athlete,Georgia,United States,False
24,Erika Jayne,1,True,10,45,Singer/Rapper,Georgia,United States,True
24,Erika Jayne,2,True,10,45,Singer/Rapper,Georgia,United States,True
24,Erika Jayne,3,True,10,45,Singer/Rapper,Georgia,United States,True
24,Erika Jayne,4,True,10,45,Singer/Rapper,Georgia,United States,True
24,Erika Jayne,5,True,10,45,Singer/Rapper,Georgia,United States,False
24,Erika Jayne,6,False,10,45,Singer/Rapper,Georgia,United States,False
24,Erika Jayne,7,False,10,45,Singer/Rapper,Georgia,United States,False
24,Erika Jayne,8,False,10,45,Singer/Rapper,Georgia,United States,False
24,Erika Jayne,9,False,10,45,Singer/Rapper,Georgia,United States,False
24,Erika Jayne,10,False,10,45,Singer/Rapper,Georgia,United States,False
24,Heather Morris,1,True,10,30,Actor/Actress,California,United States,True
24,Heather Morris,2,True,10,30,Actor/Actress,California,United States,True
24,Heather Morris,3,True,10,30,Actor/Actress,California,United States,True
24,Heather Morris,4,True,10,30,Actor/Actress,California,United States,True
24,Heather Morris,5,True,10,30,Actor/Actress,California,United States,True
24,Heather Morris,6,True,10,30,Actor/Actress,California,United States,False
24,Heather Morris,7,False,10,30,Actor/Actress,California,United States,False
24,Heather Morris,8,False,10,30,Actor/Actress,California,United States,False
24,Heather Morris,9,False,10,30,Actor/Actress,California,United States,False
24,Heather Morris,10,False,10,30,Actor/Actress,California,United States,False
24,Mr. T,1,True,10,64,Actor/Actress,Illinois,United States,True
24,Mr. T,2,True,10,64,Actor/Actress,Illinois,United States,True
24,Mr. T,3,True,10,64,Actor/Actress,Illinois,United States,True
24,Mr. T,4,True,10,64,Actor/Actress,Illinois,United States,False
24,Mr. T,5,False,10,64,Actor/Actress,Illinois,United States,False
24,Mr. T,6,False,10,64,Actor/Actress,Illinois,United States,False
24,Mr. T,7,False,10,64,Actor/Actress,Illinois,United States,False
24,Mr. T,8,False,10,64,Actor/Actress,Illinois,United States,False
24,Mr. T,9,False,10,64,Actor/Actress,Illinois,United States,False
24,Mr. T,10,False,10,64,Actor/Actress,Illinois,United States,False
24,Nancy Kerrigan,1,True,10,47,Athlete,Massachusetts,United States,True
24,Nancy Kerrigan,2,True,10,47,Athlete,Massachusetts,United States,True
24,Nancy Kerrigan,3,True,10,47,Athlete,Massachusetts,United States,True
24,Nancy Kerrigan,4,True,10,47,Athlete,Massachusetts,United States,True
24,Nancy Kerrigan,5,True,10,47,Athlete,Massachusetts,United States,True
24,Nancy Kerrigan,6,True,10,47,Athlete,Massachusetts,United States,True
24,Nancy Kerrigan,7,True,10,47,Athlete,Massachusetts,United States,False
24,Nancy Kerrigan,8,False,10,47,Athlete,Massachusetts,United States,False
24,Nancy Kerrigan,9,False,10,47,Athlete,Massachusetts,United States,False
24,Nancy Kerrigan,10,False,10,47,Athlete,Massachusetts,United States,False
24,Nick Viall,1,True,10,36,TV Personality,Wisconsin,United States,True
24,Nick Viall,2,True,10,36,TV Personality,Wisconsin,United States,True
24,Nick Viall,3,True,10,36,TV Personality,Wisconsin,United States,True
24,Nick Viall,4,True,10,36,TV Personality,Wisconsin,United States,True
24,Nick Viall,5,True,10,36,TV Personality,Wisconsin,United States,True
24,Nick Viall,6,True,10,36,TV Personality,Wisconsin,United States,True
24,Nick Viall,7,True,10,36,TV Personality,Wisconsin,United States,False
24,Nick Viall,8,False,10,36,TV Personality,Wisconsin,United States,False
24,Nick Viall,9,False,10,36,TV Personality,Wisconsin,United States,False
24,Nick Viall,10,False,10,36,TV Personality,Wisconsin,United States,False
24,Normani,1,True,10,20,Singer/Rapper,Georgia,United States,True
24,Normani,2,True,10,20,Singer/Rapper,Georgia,United States,True
24,Normani,3,True,10,20,Singer/Rapper,Georgia,United States,True
24,Normani,4,True,10,20,Singer/Rapper,Georgia,United States,True
24,Normani,5,True,10,20,Singer/Rapper,Georgia,United States,True
24,Normani,6,True,10,20,Singer/Rapper,Georgia,United States,True
24,Normani,7,True,10,20,Singer/Rapper,Georgia,United States,True
24,Normani,8,True,10,20,Singer/Rapper,Georgia,United States,True
24,Normani,9,True,10,20,Singer/Rapper,Georgia,United States,True
24,Normani,10,True,10,20,Singer/Rapper,Georgia,United States,False
24,Rashad Jennings,1,True,10,32,Athlete,Virginia,United States,True
24,Rashad Jennings,2,True,10,32,Athlete,Virginia,United States,True
24,Rashad Jennings,3,True,10,32,Athlete,Virginia,United States,True
24,Rashad Jennings,4,True,10,32,Athlete,Virginia,United States,True
24,Rashad Jennings,5,True,10,32,Athlete,Virginia,United States,True
24,Rashad Jennings,6,True,10,32,Athlete,Virginia,United States,True
24,Rashad Jennings,7,True,10,32,Athlete,Virginia,United States,True
24,Rashad Jennings,8,True,10,32,Athlete,Virginia,United States,True
24,Rashad Jennings,9,True,10,32,Athlete,Virginia,United States,True
24,Rashad Jennings,10,True,10,32,Athlete,Virginia,United States,False
24,Simone Biles,1,True,10,20,Athlete,Ohio,United States,True
24,Simone Biles,2,True,10,20,Athlete,Ohio,United States,True
24,Simone Biles,3,True,10,20,Athlete,Ohio,United States,True
24,Simone Biles,4,True,10,20,Athlete,Ohio,United States,True
24,Simone Biles,5,True,10,20,Athlete,Ohio,United States,True
24,Simone Biles,6,True,10,20,Athlete,Ohio,United States,True
24,Simone Biles,7,True,10,20,Athlete,Ohio,United States,True
24,Simone Biles,8,True,10,20,Athlete,Ohio,United States,True
24,Simone Biles,9,True,10,20,Athlete,Ohio,United States,False
24,Simone Biles,10,False,10,20,Athlete,Ohio,United States,False
25,Barbara Corcoran,1,True,10,68,Entrepreneur,New Jersey,United States,True
25,Barbara Corcoran,2,True,10,68,Entrepreneur,New Jersey,United States,False
25,Barbara Corcoran,3,False,10,68,Entrepreneur,New Jersey,United States,False
25,Barbara Corcoran,4,False,10,68,Entrepreneur,New Jersey,United States,False
25,Barbara Corcoran,5,False,10,68,Entrepreneur,New Jersey,United States,False
25,Barbara Corcoran,6,False,10,68,Entrepreneur,New Jersey,United States,False
25,Barbara Corcoran,7,False,10,68,Entrepreneur,New Jersey,United States,False
25,Barbara Corcoran,8,False,10,68,Entrepreneur,New Jersey,United States,False
25,Barbara Corcoran,9,False,10,68,Entrepreneur,New Jersey,United States,False
25,Barbara Corcoran,10,False,10,68,Entrepreneur,New Jersey,United States,False
25,Debbie Gibson,1,True,10,47,Singer/Rapper,New York,United States,True
25,Debbie Gibson,2,True,10,47,Singer/Rapper,New York,United States,False
25,Debbie Gibson,3,False,10,47,Singer/Rapper,New York,United States,False
25,Debbie Gibson,4,False,10,47,Singer/Rapper,New York,United States,False
25,Debbie Gibson,5,False,10,47,Singer/Rapper,New York,United States,False
25,Debbie Gibson,6,False,10,47,Singer/Rapper,New York,United States,False
25,Debbie Gibson,7,False,10,47,Singer/Rapper,New York,United States,False
25,Debbie Gibson,8,False,10,47,Singer/Rapper,New York,United States,False
25,Debbie Gibson,9,False,10,47,Singer/Rapper,New York,United States,False
25,Debbie Gibson,10,False,10,47,Singer/Rapper,New York,United States,False
25,Derek Fisher,1,True,10,43,Athlete,Arkansas,United States,True
25,Derek Fisher,2,True,10,43,Athlete,Arkansas,United States,True
25,Derek Fisher,3,True,10,43,Athlete,Arkansas,United States,True
25,Derek Fisher,4,True,10,43,Athlete,Arkansas,United States,False
25,Derek Fisher,5,False,10,43,Athlete,Arkansas,United States,False
25,Derek Fisher,6,False,10,43,Athlete,Arkansas,United States,False
25,Derek Fisher,7,False,10,43,Athlete,Arkansas,United States,False
25,Derek Fisher,8,False,10,43,Athlete,Arkansas,United States,False
25,Derek Fisher,9,False,10,43,Athlete,Arkansas,United States,False
25,Derek Fisher,10,False,10,43,Athlete,Arkansas,United States,False
25,Drew Scott,1,True,10,39,TV Personality,,Canada,True
25,Drew Scott,2,True,10,39,TV Personality,,Canada,True
25,Drew Scott,3,True,10,39,TV Personality,,Canada,True
25,Drew Scott,4,True,10,39,TV Personality,,Canada,True
25,Drew Scott,5,True,10,39,TV Personality,,Canada,True
25,Drew Scott,6,True,10,39,TV Personality,,Canada,True
25,Drew Scott,7,True,10,39,TV Personality,,Canada,True
25,Drew Scott,8,True,10,39,TV Personality,,Canada,True
25,Drew Scott,9,True,10,39,TV Personality,,Canada,True
25,Drew Scott,10,True,10,39,TV Personality,,Canada,False
25,Frankie Muniz,1,True,10,31,Actor/Actress,New Jersey,United States,True
25,Frankie Muniz,2,True,10,31,Actor/Actress,New Jersey,United States,True
25,Frankie Muniz,3,True,10,31,Actor/Actress,New Jersey,United States,True
25,Frankie Muniz,4,True,10,31,Actor/Actress,New Jersey,United States,True
25,Frankie Muniz,5,True,10,31,Actor/Actress,New Jersey,United States,True
25,Frankie Muniz,6,True,10,31,Actor/Actress,New Jersey,United States,True
25,Frankie Muniz,7,True,10,31,Actor/Actress,New Jersey,United States,True
25,Frankie Muniz,8,True,10,31,Actor/Actress,New Jersey,United States,True
25,Frankie Muniz,9,True,10,31,Actor/Actress,New Jersey,United States,True
25,Frankie Muniz,10,True,10,31,Actor/Actress,New Jersey,United States,False
25,Jordan Fisher,1,True,10,23,Actor/Actress,Alabama,United States,True
25,Jordan Fisher,2,True,10,23,Actor/Actress,Alabama,United States,True
25,Jordan Fisher,3,True,10,23,Actor/Actress,Alabama,United States,True
25,Jordan Fisher,4,True,10,23,Actor/Actress,Alabama,United States,True
25,Jordan Fisher,5,True,10,23,Actor/Actress,Alabama,United States,True
25,Jordan Fisher,6,True,10,23,Actor/Actress,Alabama,United States,True
25,Jordan Fisher,7,True,10,23,Actor/Actress,Alabama,United States,True
25,Jordan Fisher,8,True,10,23,Actor/Actress,Alabama,United States,True
25,Jordan Fisher,9,True,10,23,Actor/Actress,Alabama,United States,True
25,Jordan Fisher,10,True,10,23,Actor/Actress,Alabama,United States,False
25,Lindsey Stirling,1,True,10,31,Musician,California,United States,True
25,Lindsey Stirling,2,True,10,31,Musician,California,United States,True
25,Lindsey Stirling,3,True,10,31,Musician,California,United States,True
25,Lindsey Stirling,4,True,10,31,Musician,California,United States,True
25,Lindsey Stirling,5,True,10,31,Musician,California,United States,True
25,Lindsey Stirling,6,True,10,31,Musician,California,United States,True
25,Lindsey Stirling,7,True,10,31,Musician,California,United States,True
25,Lindsey Stirling,8,True,10,31,Musician,California,United States,True
25,Lindsey Stirling,9,True,10,31,Musician,California,United States,True
25,Lindsey Stirling,10,True,10,31,Musician,California,United States,False
25,Nick Lachey,1,True,10,43,Singer/Rapper,Kentucky,United States,True
25,Nick Lachey,2,True,10,43,Singer/Rapper,Kentucky,United States,True
25,Nick Lachey,3,True,10,43,Singer/Rapper,Kentucky,United States,True
25,Nick Lachey,4,True,10,43,Singer/Rapper,Kentucky,United States,True
25,Nick Lachey,5,True,10,43,Singer/Rapper,Kentucky,United States,True
25,Nick Lachey,6,True,10,43,Singer/Rapper,Kentucky,United States,False
25,Nick Lachey,7,False,10,43,Singer/Rapper,Kentucky,United States,False
25,Nick Lachey,8,False,10,43,Singer/Rapper,Kentucky,United States,False
25,Nick Lachey,9,False,10,43,Singer/Rapper,Kentucky,United States,False
25,Nick Lachey,10,False,10,43,Singer/Rapper,Kentucky,United States,False
25,Nikki Bella,1,True,10,33,Athlete,California,United States,True
25,Nikki Bella,2,True,10,33,Athlete,California,United States,True
25,Nikki Bella,3,True,10,33,Athlete,California,United States,True
25,Nikki Bella,4,True,10,33,Athlete,California,United States,True
25,Nikki Bella,5,True,10,33,Athlete,California,United States,True
25,Nikki Bella,6,True,10,33,Athlete,California,United States,True
25,Nikki Bella,7,True,10,33,Athlete,California,United States,False
25,Nikki Bella,8,False,10,33,Athlete,California,United States,False
25,Nikki Bella,9,False,10,33,Athlete,California,United States,False
25,Nikki Bella,10,False,10,33,Athlete,California,United States,False
25,Sasha Pieterse,1,True,10,21,Actor/Actress,,South Africa,True
25,Sasha Pieterse,2,True,10,21,Actor/Actress,,South Africa,True
25,Sasha Pieterse,3,True,10,21,Actor/Actress,,South Africa,True
25,Sasha Pieterse,4,True,10,21,Actor/Actress,,South Africa,True
25,Sasha Pieterse,5,True,10,21,Actor/Actress,,South Africa,False
25,Sasha Pieterse,6,False,10,21,Actor/Actress,,South Africa,False
25,Sasha Pieterse,7,False,10,21,Actor/Actress,,South Africa,False
25,Sasha Pieterse,8,False,10,21,Actor/Actress,,South Africa,False
25,Sasha Pieterse,9,False,10,21,Actor/Actress,,South Africa,False
25,Sasha Pieterse,10,False,10,21,Actor/Actress,,South Africa,False
25,Terrell Owens,1,True,10,43,Athlete,Alabama,United States,True
25,Terrell Owens,2,True,10,43,Athlete,Alabama,United States,True
25,Terrell Owens,3,True,10,43,Athlete,Alabama,United States,True
25,Terrell Owens,4,True,10,43,Athlete,Alabama,United States,True
25,Terrell Owens,5,True,10,43,Athlete,Alabama,United States,True
25,Terrell Owens,6,True,10,43,Athlete,Alabama,United States,True
25,Terrell Owens,7,True,10,43,Athlete,Alabama,United States,True
25,Terrell Owens,8,True,10,43,Athlete,Alabama,United States,False
25,Terrell Owens,9,False,10,43,Athlete,Alabama,United States,False
25,Terrell Owens,10,False,10,43,Athlete,Alabama,United States,False
25,Vanessa Lachey,1,True,10,36,TV Personality,,Philippines,True
25,Vanessa Lachey,2,True,10,36,TV Personality,,Philippines,True
25,Vanessa Lachey,3,True,10,36,TV Personality,,Philippines,True
25,Vanessa Lachey,4,True,10,36,TV Personality,,Philippines,True
25,Vanessa Lachey,5,True,10,36,TV Personality,,Philippines,True
25,Vanessa Lachey,6,True,10,36,TV Personality,,Philippines,True
25,Vanessa Lachey,7,True,10,36,TV Personality,,Philippines,False
25,Vanessa Lachey,8,False,10,36,TV Personality,,Philippines,False
25,Vanessa Lachey,9,False,10,36,TV Personality,,Philippines,False
25,Vanessa Lachey,10,False,10,36,TV Personality,,Philippines,False
25,Victoria Arlen,1,True,10,22,Athlete,New Hamshire,United States,True
25,Victoria Arlen,2,True,10,22,Athlete,New Hamshire,United States,True
25,Victoria Arlen,3,True,10,22,Athlete,New Hamshire,United States,True
25,Victoria Arlen,4,True,10,22,Athlete,New Hamshire,United States,True
25,Victoria Arlen,5,True,10,22,Athlete,New Hamshire,United States,True
25,Victoria Arlen,6,True,10,22,Athlete,New Hamshire,United States,True
25,Victoria Arlen,7,True,10,22,Athlete,New Hamshire,United States,True
25,Victoria Arlen,8,True,10,22,Athlete,New Hamshire,United States,True
25,Victoria Arlen,9,True,10,22,Athlete,New Hamshire,United States,False
25,Victoria Arlen,10,False,10,22,Athlete,New Hamshire,United States,False
26,Adam Rippon,1,True,4,28,Athlete,Pennsylvania,United States,True
26,Adam Rippon,2,True,4,28,Athlete,Pennsylvania,United States,True
26,Adam Rippon,3,True,4,28,Athlete,Pennsylvania,United States,True
26,Adam Rippon,4,True,4,28,Athlete,Pennsylvania,United States,False
26,Arike Ogunbowale,1,True,4,21,Athlete,Wisconsin,United States,True
26,Arike Ogunbowale,2,True,4,21,Athlete,Wisconsin,United States,False
26,Arike Ogunbowale,3,False,4,21,Athlete,Wisconsin,United States,False
26,Arike Ogunbowale,4,False,4,21,Athlete,Wisconsin,United States,False
26,Chris Mazdzer,1,True,4,29,Athlete,Massachusetts,United States,True
26,Chris Mazdzer,2,True,4,29,Athlete,Massachusetts,United States,True
26,Chris Mazdzer,3,True,4,29,Athlete,Massachusetts,United States,False
26,Chris Mazdzer,4,False,4,29,Athlete,Massachusetts,United States,False
26,Jamie Anderson,1,True,4,27,Athlete,California,United States,False
26,Jamie Anderson,2,False,4,27,Athlete,California,United States,False
26,Jamie Anderson,3,False,4,27,Athlete,California,United States,False
26,Jamie Anderson,4,False,4,27,Athlete,California,United States,False
26,Jennie Finch Daigle,1,True,4,37,Athlete,California,United States,True
26,Jennie Finch Daigle,2,True,4,37,Athlete,California,United States,True
26,Jennie Finch Daigle,3,True,4,37,Athlete,California,United States,False
26,Jennie Finch Daigle,4,False,4,37,Athlete,California,United States,False
26,Johnny Damon,1,True,4,44,Athlete,Kansas,United States,False
26,Johnny Damon,2,False,4,44,Athlete,Kansas,United States,False
26,Johnny Damon,3,False,4,44,Athlete,Kansas,United States,False
26,Johnny Damon,4,False,4,44,Athlete,Kansas,United States,False
26,Josh Norman,1,True,4,30,Athlete,South Carolina,United States,True
26,Josh Norman,2,True,4,30,Athlete,South Carolina,United States,True
26,Josh Norman,3,True,4,30,Athlete,South Carolina,United States,True
26,Josh Norman,4,True,4,30,Athlete,South Carolina,United States,False
26,Kareem Abdul-Jabbar,1,True,4,71,Athlete,New York,United States,True
26,Kareem Abdul-Jabbar,2,True,4,71,Athlete,New York,United States,False
26,Kareem Abdul-Jabbar,3,False,4,71,Athlete,New York,United States,False
26,Kareem Abdul-Jabbar,4,False,4,71,Athlete,New York,United States,False
26,Mirai Nagasu,1,True,4,25,Athlete,California,United States,True
26,Mirai Nagasu,2,True,4,25,Athlete,California,United States,True
26,Mirai Nagasu,3,True,4,25,Athlete,California,United States,False
26,Mirai Nagasu,4,False,4,25,Athlete,California,United States,False
26,Tonya Harding,1,True,4,47,Athlete,Oregon,United States,True
26,Tonya Harding,2,True,4,47,Athlete,Oregon,United States,True
26,Tonya Harding,3,True,4,47,Athlete,Oregon,United States,True
26,Tonya Harding,4,True,4,47,Athlete,Oregon,United States,False
27,Alexis Ren,1,True,9,21,Social Media Personality,California,United States,True
27,Alexis Ren,2,True,9,21,Social Media Personality,California,United States,True
27,Alexis Ren,3,True,9,21,Social Media Personality,California,United States,True
27,Alexis Ren,4,True,9,21,Social Media Personality,California,United States,True
27,Alexis Ren,5,True,9,21,Social Media Personality,California,United States,True
27,Alexis Ren,6,True,9,21,Social Media Personality,California,United States,True
27,Alexis Ren,7,True,9,21,Social Media Personality,California,United States,True
27,Alexis Ren,8,True,9,21,Social Media Personality,California,United States,True
27,Alexis Ren,9,True,9,21,Social Media Personality,California,United States,False
27,Bobby Bones,1,True,9,38,Radio Personality,Arkansas,United States,True
27,Bobby Bones,2,True,9,38,Radio Personality,Arkansas,United States,True
27,Bobby Bones,3,True,9,38,Radio Personality,Arkansas,United States,True
27,Bobby Bones,4,True,9,38,Radio Personality,Arkansas,United States,True
27,Bobby Bones,5,True,9,38,Radio Personality,Arkansas,United States,True
27,Bobby Bones,6,True,9,38,Radio Personality,Arkansas,United States,True
27,Bobby Bones,7,True,9,38,Radio Personality,Arkansas,United States,True
27,Bobby Bones,8,True,9,38,Radio Personality,Arkansas,United States,True
27,Bobby Bones,9,True,9,38,Radio Personality,Arkansas,United States,False
27,Danelle Umstead,1,True,9,46,Athlete,New Mexico,United States,True
27,Danelle Umstead,2,True,9,46,Athlete,New Mexico,United States,False
27,Danelle Umstead,3,False,9,46,Athlete,New Mexico,United States,False
27,Danelle Umstead,4,False,9,46,Athlete,New Mexico,United States,False
27,Danelle Umstead,5,False,9,46,Athlete,New Mexico,United States,False
27,Danelle Umstead,6,False,9,46,Athlete,New Mexico,United States,False
27,Danelle Umstead,7,False,9,46,Athlete,New Mexico,United States,False
27,Danelle Umstead,8,False,9,46,Athlete,New Mexico,United States,False
27,Danelle Umstead,9,False,9,46,Athlete,New Mexico,United States,False
27,DeMarcus Ware,1,True,9,36,Athlete,Alabama,United States,True
27,DeMarcus Ware,2,True,9,36,Athlete,Alabama,United States,True
27,DeMarcus Ware,3,True,9,36,Athlete,Alabama,United States,True
27,DeMarcus Ware,4,True,9,36,Athlete,Alabama,United States,True
27,DeMarcus Ware,5,True,9,36,Athlete,Alabama,United States,True
27,DeMarcus Ware,6,True,9,36,Athlete,Alabama,United States,True
27,DeMarcus Ware,7,True,9,36,Athlete,Alabama,United States,False
27,DeMarcus Ware,8,False,9,36,Athlete,Alabama,United States,False
27,DeMarcus Ware,9,False,9,36,Athlete,Alabama,United States,False
27,Evanna Lynch,1,True,9,27,Actor/Actress,,Ireland,True
27,Evanna Lynch,2,True,9,27,Actor/Actress,,Ireland,True
27,Evanna Lynch,3,True,9,27,Actor/Actress,,Ireland,True
27,Evanna Lynch,4,True,9,27,Actor/Actress,,Ireland,True
27,Evanna Lynch,5,True,9,27,Actor/Actress,,Ireland,True
27,Evanna Lynch,6,True,9,27,Actor/Actress,,Ireland,True
27,Evanna Lynch,7,True,9,27,Actor/Actress,,Ireland,True
27,Evanna Lynch,8,True,9,27,Actor/Actress,,Ireland,True
27,Evanna Lynch,9,True,9,27,Actor/Actress,,Ireland,False
27,Joe Amabile,1,True,9,32,TV Personality,Illinois,United States,True
27,Joe Amabile,2,True,9,32,TV Personality,Illinois,United States,True
27,Joe Amabile,3,True,9,32,TV Personality,Illinois,United States,True
27,Joe Amabile,4,True,9,32,TV Personality,Illinois,United States,True
27,Joe Amabile,5,True,9,32,TV Personality,Illinois,United States,True
27,Joe Amabile,6,True,9,32,TV Personality,Illinois,United States,True
27,Joe Amabile,7,True,9,32,TV Personality,Illinois,United States,True
27,Joe Amabile,8,True,9,32,TV Personality,Illinois,United States,False
27,Joe Amabile,9,False,9,32,TV Personality,Illinois,United States,False
27,John Schneider,1,True,9,58,Actor/Actress,New York,United States,True
27,John Schneider,2,True,9,58,Actor/Actress,New York,United States,True
27,John Schneider,3,True,9,58,Actor/Actress,New York,United States,True
27,John Schneider,4,True,9,58,Actor/Actress,New York,United States,True
27,John Schneider,5,True,9,58,Actor/Actress,New York,United States,True
27,John Schneider,6,True,9,58,Actor/Actress,New York,United States,True
27,John Schneider,7,True,9,58,Actor/Actress,New York,United States,False
27,John Schneider,8,False,9,58,Actor/Actress,New York,United States,False
27,John Schneider,9,False,9,58,Actor/Actress,New York,United States,False
27,Juan Pablo Di Pace,1,True,9,39,Actor/Actress,,Argentina,True
27,Juan Pablo Di Pace,2,True,9,39,Actor/Actress,,Argentina,True
27,Juan Pablo Di Pace,3,True,9,39,Actor/Actress,,Argentina,True
27,Juan Pablo Di Pace,4,True,9,39,Actor/Actress,,Argentina,True
27,Juan Pablo Di Pace,5,True,9,39,Actor/Actress,,Argentina,True
27,Juan Pablo Di Pace,6,True,9,39,Actor/Actress,,Argentina,True
27,Juan Pablo Di Pace,7,True,9,39,Actor/Actress,,Argentina,True
27,Juan Pablo Di Pace,8,True,9,39,Actor/Actress,,Argentina,False
27,Juan Pablo Di Pace,9,False,9,39,Actor/Actress,,Argentina,False
27,Mary Lou Retton,1,True,9,50,Athlete,West Virginia,United States,True
27,Mary Lou Retton,2,True,9,50,Athlete,West Virginia,United States,True
27,Mary Lou Retton,3,True,9,50,Athlete,West Virginia,United States,True
27,Mary Lou Retton,4,True,9,50,Athlete,West Virginia,United States,True
27,Mary Lou Retton,5,True,9,50,Athlete,West Virginia,United States,True
27,Mary Lou Retton,6,True,9,50,Athlete,West Virginia,United States,False
27,Mary Lou Retton,7,False,9,50,Athlete,West Virginia,United States,False
27,Mary Lou Retton,8,False,9,50,Athlete,West Virginia,United States,False
27,Mary Lou Retton,9,False,9,50,Athlete,West Virginia,United States,False
27,Milo Manheim,1,True,9,17,Actor/Actress,California,United States,True
27,Milo Manheim,2,True,9,17,Actor/Actress,California,United States,True
27,Milo Manheim,3,True,9,17,Actor/Actress,California,United States,True
27,Milo Manheim,4,True,9,17,Actor/Actress,California,United States,True
27,Milo Manheim,5,True,9,17,Actor/Actress,California,United States,True
27,Milo Manheim,6,True,9,17,Actor/Actress,California,United States,True
27,Milo Manheim,7,True,9,17,Actor/Actress,California,United States,True
27,Milo Manheim,8,True,9,17,Actor/Actress,California,United States,True
27,Milo Manheim,9,True,9,17,Actor/Actress,California,United States,False
27,Nancy McKeon,1,True,9,52,Actor/Actress,New York,United States,True
27,Nancy McKeon,2,True,9,52,Actor/Actress,New York,United States,True
27,Nancy McKeon,3,True,9,52,Actor/Actress,New York,United States,False
27,Nancy McKeon,4,False,9,52,Actor/Actress,New York,United States,False
27,Nancy McKeon,5,False,9,52,Actor/Actress,New York,United States,False
27,Nancy McKeon,6,False,9,52,Actor/Actress,New York,United States,False
27,Nancy McKeon,7,False,9,52,Actor/Actress,New York,United States,False
27,Nancy McKeon,8,False,9,52,Actor/Actress,New York,United States,False
27,Nancy McKeon,9,False,9,52,Actor/Actress,New York,United States,False
27,Nikki Glaser,1,True,9,34,Comedian,Ohio,United States,False
27,Nikki Glaser,2,False,9,34,Comedian,Ohio,United States,False
27,Nikki Glaser,3,False,9,34,Comedian,Ohio,United States,False
27,Nikki Glaser,4,False,9,34,Comedian,Ohio,United States,False
27,Nikki Glaser,5,False,9,34,Comedian,Ohio,United States,False
27,Nikki Glaser,6,False,9,34,Comedian,Ohio,United States,False
27,Nikki Glaser,7,False,9,34,Comedian,Ohio,United States,False
27,Nikki Glaser,8,False,9,34,Comedian,Ohio,United States,False
27,Nikki Glaser,9,False,9,34,Comedian,Ohio,United States,False
27,Tinashe,1,True,9,25,Singer/Rapper,Kentucky,United States,True
27,Tinashe,2,True,9,25,Singer/Rapper,Kentucky,United States,True
27,Tinashe,3,True,9,25,Singer/Rapper,Kentucky,United States,True
27,Tinashe,4,True,9,25,Singer/Rapper,Kentucky,United States,False
27,Tinashe,5,False,9,25,Singer/Rapper,Kentucky,United States,False
27,Tinashe,6,False,9,25,Singer/Rapper,Kentucky,United States,False
27,Tinashe,7,False,9,25,Singer/Rapper,Kentucky,United States,False
27,Tinashe,8,False,9,25,Singer/Rapper,Kentucky,United States,False
27,Tinashe,9,False,9,25,Singer/Rapper,Kentucky,United States,False
28,Ally Brooke,1,True,11,26,Singer/Rapper,Texas,United States,True
28,Ally Brooke,2,True,11,26,Singer/Rapper,Texas,United States,True
28,Ally Brooke,3,True,11,26,Singer/Rapper,Texas,United States,True
28,Ally Brooke,4,True,11,26,Singer/Rapper,Texas,United States,True
28,Ally Brooke,5,True,11,26,Singer/Rapper,Texas,United States,True
28,Ally Brooke,6,True,11,26,Singer/Rapper,Texas,United States,True
28,Ally Brooke,7,True,11,26,Singer/Rapper,Texas,United States,True
28,Ally Brooke,8,True,11,26,Singer/Rapper,Texas,United States,True
28,Ally Brooke,9,True,11,26,Singer/Rapper,Texas,United States,True
28,Ally Brooke,10,True,11,26,Singer/Rapper,Texas,United States,True
28,Ally Brooke,11,True,11,26,Singer/Rapper,Texas,United States,False
28,Hannah Brown,1,True,11,24,TV Personality,Alabama,United States,True
28,Hannah Brown,2,True,11,24,TV Personality,Alabama,United States,True
28,Hannah Brown,3,True,11,24,TV Personality,Alabama,United States,True
28,Hannah Brown,4,True,11,24,TV Personality,Alabama,United States,True
28,Hannah Brown,5,True,11,24,TV Personality,Alabama,United States,True
28,Hannah Brown,6,True,11,24,TV Personality,Alabama,United States,True
28,Hannah Brown,7,True,11,24,TV Personality,Alabama,United States,True
28,Hannah Brown,8,True,11,24,TV Personality,Alabama,United States,True
28,Hannah Brown,9,True,11,24,TV Personality,Alabama,United States,True
28,Hannah Brown,10,True,11,24,TV Personality,Alabama,United States,True
28,Hannah Brown,11,True,11,24,TV Personality,Alabama,United States,False
28,James Van Der Beek,1,True,11,42,Actor/Actress,Connecticut,United States,True
28,James Van Der Beek,2,True,11,42,Actor/Actress,Connecticut,United States,True
28,James Van Der Beek,3,True,11,42,Actor/Actress,Connecticut,United States,True
28,James Van Der Beek,4,True,11,42,Actor/Actress,Connecticut,United States,True
28,James Van Der Beek,5,True,11,42,Actor/Actress,Connecticut,United States,True
28,James Van Der Beek,6,True,11,42,Actor/Actress,Connecticut,United States,True
28,James Van Der Beek,7,True,11,42,Actor/Actress,Connecticut,United States,True
28,James Van Der Beek,8,True,11,42,Actor/Actress,Connecticut,United States,True
28,James Van Der Beek,9,True,11,42,Actor/Actress,Connecticut,United States,True
28,James Van Der Beek,10,True,11,42,Actor/Actress,Connecticut,United States,False
28,James Van Der Beek,11,False,11,42,Actor/Actress,Connecticut,United States,False
28,Karamo Brown,1,True,11,38,TV Personality,Texas,United States,True
28,Karamo Brown,2,True,11,38,TV Personality,Texas,United States,True
28,Karamo Brown,3,True,11,38,TV Personality,Texas,United States,True
28,Karamo Brown,4,True,11,38,TV Personality,Texas,United States,True
28,Karamo Brown,5,True,11,38,TV Personality,Texas,United States,True
28,Karamo Brown,6,True,11,38,TV Personality,Texas,United States,True
28,Karamo Brown,7,True,11,38,TV Personality,Texas,United States,False
28,Karamo Brown,8,False,11,38,TV Personality,Texas,United States,False
28,Karamo Brown,9,False,11,38,TV Personality,Texas,United States,False
28,Karamo Brown,10,False,11,38,TV Personality,Texas,United States,False
28,Karamo Brown,11,False,11,38,TV Personality,Texas,United States,False
28,Kate Flannery,1,True,11,55,Actor/Actress,Pennsylvania,United States,True
28,Kate Flannery,2,True,11,55,Actor/Actress,Pennsylvania,United States,True
28,Kate Flannery,3,True,11,55,Actor/Actress,Pennsylvania,United States,True
28,Kate Flannery,4,True,11,55,Actor/Actress,Pennsylvania,United States,True
28,Kate Flannery,5,True,11,55,Actor/Actress,Pennsylvania,United States,True
28,Kate Flannery,6,True,11,55,Actor/Actress,Pennsylvania,United States,True
28,Kate Flannery,7,True,11,55,Actor/Actress,Pennsylvania,United States,True
28,Kate Flannery,8,True,11,55,Actor/Actress,Pennsylvania,United States,False
28,Kate Flannery,9,False,11,55,Actor/Actress,Pennsylvania,United States,False
28,Kate Flannery,10,False,11,55,Actor/Actress,Pennsylvania,United States,False
28,Kate Flannery,11,False,11,55,Actor/Actress,Pennsylvania,United States,False
28,Kel Mitchell,1,True,11,41,Actor/Actress,Illinois,United States,True
28,Kel Mitchell,2,True,11,41,Actor/Actress,Illinois,United States,True
28,Kel Mitchell,3,True,11,41,Actor/Actress,Illinois,United States,True
28,Kel Mitchell,4,True,11,41,Actor/Actress,Illinois,United States,True
28,Kel Mitchell,5,True,11,41,Actor/Actress,Illinois,United States,True
28,Kel Mitchell,6,True,11,41,Actor/Actress,Illinois,United States,True
28,Kel Mitchell,7,True,11,41,Actor/Actress,Illinois,United States,True
28,Kel Mitchell,8,True,11,41,Actor/Actress,Illinois,United States,True
28,Kel Mitchell,9,True,11,41,Actor/Actress,Illinois,United States,True
28,Kel Mitchell,10,True,11,41,Actor/Actress,Illinois,United States,True
28,Kel Mitchell,11,True,11,41,Actor/Actress,Illinois,United States,False
28,Lamar Odom,1,True,11,39,Athlete,New York,United States,True
28,Lamar Odom,2,True,11,39,Athlete,New York,United States,True
28,Lamar Odom,3,True,11,39,Athlete,New York,United States,True
28,Lamar Odom,4,True,11,39,Athlete,New York,United States,False
28,Lamar Odom,5,False,11,39,Athlete,New York,United States,False
28,Lamar Odom,6,False,11,39,Athlete,New York,United States,False
28,Lamar Odom,7,False,11,39,Athlete,New York,United States,False
28,Lamar Odom,8,False,11,39,Athlete,New York,United States,False
28,Lamar Odom,9,False,11,39,Athlete,New York,United States,False
28,Lamar Odom,10,False,11,39,Athlete,New York,United States,False
28,Lamar Odom,11,False,11,39,Athlete,New York,United States,False
28,Lauren Alaina,1,True,11,24,Singer/Rapper,Georgia,United States,True
28,Lauren Alaina,2,True,11,24,Singer/Rapper,Georgia,United States,True
28,Lauren Alaina,3,True,11,24,Singer/Rapper,Georgia,United States,True
28,Lauren Alaina,4,True,11,24,Singer/Rapper,Georgia,United States,True
28,Lauren Alaina,5,True,11,24,Singer/Rapper,Georgia,United States,True
28,Lauren Alaina,6,True,11,24,Singer/Rapper,Georgia,United States,True
28,Lauren Alaina,7,True,11,24,Singer/Rapper,Georgia,United States,True
28,Lauren Alaina,8,True,11,24,Singer/Rapper,Georgia,United States,True
28,Lauren Alaina,9,True,11,24,Singer/Rapper,Georgia,United States,True
28,Lauren Alaina,10,True,11,24,Singer/Rapper,Georgia,United States,True
28,Lauren Alaina,11,True,11,24,Singer/Rapper,Georgia,United States,False
28,Mary Wilson,1,True,11,75,Singer/Rapper,Nevada,United States,True
28,Mary Wilson,2,True,11,75,Singer/Rapper,Nevada,United States,False
28,Mary Wilson,3,False,11,75,Singer/Rapper,Nevada,United States,False
28,Mary Wilson,4,False,11,75,Singer/Rapper,Nevada,United States,False
28,Mary Wilson,5,False,11,75,Singer/Rapper,Nevada,United States,False
28,Mary Wilson,6,False,11,75,Singer/Rapper,Nevada,United States,False
28,Mary Wilson,7,False,11,75,Singer/Rapper,Nevada,United States,False
28,Mary Wilson,8,False,11,75,Singer/Rapper,Nevada,United States,False
28,Mary Wilson,9,False,11,75,Singer/Rapper,Nevada,United States,False
28,Mary Wilson,10,False,11,75,Singer/Rapper,Nevada,United States,False
28,Mary Wilson,11,False,11,75,Singer/Rapper,Nevada,United States,False
28,Ray Lewis,1,True,11,44,Athlete,Florida,United States,True
28,Ray Lewis,2,True,11,44,Athlete,Florida,United States,False
28,Ray Lewis,3,False,11,44,Athlete,Florida,United States,False
28,Ray Lewis,4,False,11,44,Athlete,Florida,United States,False
28,Ray Lewis,5,False,11,44,Athlete,Florida,United States,False
28,Ray Lewis,6,False,11,44,Athlete,Florida,United States,False
28,Ray Lewis,7,False,11,44,Athlete,Florida,United States,False
28,Ray Lewis,8,False,11,44,Athlete,Florida,United States,False
28,Ray Lewis,9,False,11,44,Athlete,Florida,United States,False
28,Ray Lewis,10,False,11,44,Athlete,Florida,United States,False
28,Ray Lewis,11,False,11,44,Athlete,Florida,United States,False
28,Sailor Brinkley-Cook,1,True,11,21,Model,New York,United States,True
28,Sailor Brinkley-Cook,2,True,11,21,Model,New York,United States,True
28,Sailor Brinkley-Cook,3,True,11,21,Model,New York,United States,True
28,Sailor Brinkley-Cook,4,True,11,21,Model,New York,United States,True
28,Sailor Brinkley-Cook,5,True,11,21,Model,New York,United States,True
28,Sailor Brinkley-Cook,6,True,11,21,Model,New York,United States,False
28,Sailor Brinkley-Cook,7,False,11,21,Model,New York,United States,False
28,Sailor Brinkley-Cook,8,False,11,21,Model,New York,United States,False
28,Sailor Brinkley-Cook,9,False,11,21,Model,New York,United States,False
28,Sailor Brinkley-Cook,10,False,11,21,Model,New York,United States,False
28,Sailor Brinkley-Cook,11,False,11,21,Model,New York,United States,False
28,Sean Spicer,1,True,11,48,Politician,New York,United States,True
28,Sean Spicer,2,True,11,48,Politician,New York,United States,True
28,Sean Spicer,3,True,11,48,Politician,New York,United States,True
28,Sean Spicer,4,True,11,48,Politician,New York,United States,True
28,Sean Spicer,5,True,11,48,Politician,New York,United States,True
28,Sean Spicer,6,True,11,48,Politician,New York,United States,True
28,Sean Spicer,7,True,11,48,Politician,New York,United States,True
28,Sean Spicer,8,True,11,48,Politician,New York,United States,True
28,Sean Spicer,9,True,11,48,Politician,New York,United States,False
28,Sean Spicer,10,False,11,48,Politician,New York,United States,False
28,Sean Spicer,11,False,11,48,Politician,New York,United States,False
29,AJ McLean,1,True,11,42,Singer/Rapper,Florida,United States,True
29,AJ McLean,2,True,11,42,Singer/Rapper,Florida,United States,True
29,AJ McLean,3,True,11,42,Singer/Rapper,Florida,United States,True
29,AJ McLean,4,True,11,42,Singer/Rapper,Florida,United States,True
29,AJ McLean,5,True,11,42,Singer/Rapper,Florida,United States,True
29,AJ McLean,6,True,11,42,Singer/Rapper,Florida,United States,True
29,AJ McLean,7,True,11,42,Singer/Rapper,Florida,United States,True
29,AJ McLean,8,True,11,42,Singer/Rapper,Florida,United States,True
29,AJ McLean,9,True,11,42,Singer/Rapper,Florida,United States,False
29,AJ McLean,10,False,11,42,Singer/Rapper,Florida,United States,False
29,AJ McLean,11,False,11,42,Singer/Rapper,Florida,United States,False
29,Anne Heche,1,True,11,51,Actor/Actress,Ohio,United States,True
29,Anne Heche,2,True,11,51,Actor/Actress,Ohio,United States,True
29,Anne Heche,3,True,11,51,Actor/Actress,Ohio,United States,True
29,Anne Heche,4,True,11,51,Actor/Actress,Ohio,United States,False
29,Anne Heche,5,False,11,51,Actor/Actress,Ohio,United States,False
29,Anne Heche,6,False,11,51,Actor/Actress,Ohio,United States,False
29,Anne Heche,7,False,11,51,Actor/Actress,Ohio,United States,False
29,Anne Heche,8,False,11,51,Actor/Actress,Ohio,United States,False
29,Anne Heche,9,False,11,51,Actor/Actress,Ohio,United States,False
29,Anne Heche,10,False,11,51,Actor/Actress,Ohio,United States,False
29,Anne Heche,11,False,11,51,Actor/Actress,Ohio,United States,False
29,Carole Baskin,1,True,11,59,TV Personality,Texas,United States,True
29,Carole Baskin,2,True,11,59,TV Personality,Texas,United States,True
29,Carole Baskin,3,True,11,59,TV Personality,Texas,United States,False
29,Carole Baskin,4,False,11,59,TV Personality,Texas,United States,False
29,Carole Baskin,5,False,11,59,TV Personality,Texas,United States,False
29,Carole Baskin,6,False,11,59,TV Personality,Texas,United States,False
29,Carole Baskin,7,False,11,59,TV Personality,Texas,United States,False
29,Carole Baskin,8,False,11,59,TV Personality,Texas,United States,False
29,Carole Baskin,9,False,11,59,TV Personality,Texas,United States,False
29,Carole Baskin,10,False,11,59,TV Personality,Texas,United States,False
29,Carole Baskin,11,False,11,59,TV Personality,Texas,United States,False
29,Charles Oakley,1,True,11,56,Athlete,Ohio,United States,True
29,Charles Oakley,2,True,11,56,Athlete,Ohio,United States,False
29,Charles Oakley,3,False,11,56,Athlete,Ohio,United States,False
29,Charles Oakley,4,False,11,56,Athlete,Ohio,United States,False
29,Charles Oakley,5,False,11,56,Athlete,Ohio,United States,False
29,Charles Oakley,6,False,11,56,Athlete,Ohio,United States,False
29,Charles Oakley,7,False,11,56,Athlete,Ohio,United States,False
29,Charles Oakley,8,False,11,56,Athlete,Ohio,United States,False
29,Charles Oakley,9,False,11,56,Athlete,Ohio,United States,False
29,Charles Oakley,10,False,11,56,Athlete,Ohio,United States,False
29,Charles Oakley,11,False,11,56,Athlete,Ohio,United States,False
29,Chrishell Stause,1,True,11,39,Actor/Actress,Kentucky,United States,True
29,Chrishell Stause,2,True,11,39,Actor/Actress,Kentucky,United States,True
29,Chrishell Stause,3,True,11,39,Actor/Actress,Kentucky,United States,True
29,Chrishell Stause,4,True,11,39,Actor/Actress,Kentucky,United States,True
29,Chrishell Stause,5,True,11,39,Actor/Actress,Kentucky,United States,True
29,Chrishell Stause,6,True,11,39,Actor/Actress,Kentucky,United States,True
29,Chrishell Stause,7,True,11,39,Actor/Actress,Kentucky,United States,True
29,Chrishell Stause,8,True,11,39,Actor/Actress,Kentucky,United States,False
29,Chrishell Stause,9,False,11,39,Actor/Actress,Kentucky,United States,False
29,Chrishell Stause,10,False,11,39,Actor/Actress,Kentucky,United States,False
29,Chrishell Stause,11,False,11,39,Actor/Actress,Kentucky,United States,False
29,Jeannie Mai,1,True,11,41,TV Personality,California,United States,True
29,Jeannie Mai,2,True,11,41,TV Personality,California,United States,True
29,Jeannie Mai,3,True,11,41,TV Personality,California,United States,True
29,Jeannie Mai,4,True,11,41,TV Personality,California,United States,True
29,Jeannie Mai,5,True,11,41,TV Personality,California,United States,True
29,Jeannie Mai,6,True,11,41,TV Personality,California,United States,True
29,Jeannie Mai,7,True,11,41,TV Personality,California,United States,False
29,Jeannie Mai,8,False,11,41,TV Personality,California,United States,False
29,Jeannie Mai,9,False,11,41,TV Personality,California,United States,False
29,Jeannie Mai,10,False,11,41,TV Personality,California,United States,False
29,Jeannie Mai,11,False,11,41,TV Personality,California,United States,False
29,Jesse Metcalfe,1,True,11,41,Actor/Actress,California,United States,True
29,Jesse Metcalfe,2,True,11,41,Actor/Actress,California,United States,True
29,Jesse Metcalfe,3,True,11,41,Actor/Actress,California,United States,True
29,Jesse Metcalfe,4,True,11,41,Actor/Actress,California,United States,True
29,Jesse Metcalfe,5,True,11,41,Actor/Actress,California,United States,False
29,Jesse Metcalfe,6,False,11,41,Actor/Actress,California,United States,False
29,Jesse Metcalfe,7,False,11,41,Actor/Actress,California,United States,False
29,Jesse Metcalfe,8,False,11,41,Actor/Actress,California,United States,False
29,Jesse Metcalfe,9,False,11,41,Actor/Actress,California,United States,False
29,Jesse Metcalfe,10,False,11,41,Actor/Actress,California,United States,False
29,Jesse Metcalfe,11,False,11,41,Actor/Actress,California,United States,False
29,Johnny Weir,1,True,11,36,Athlete,Pennsylvania,United States,True
29,Johnny Weir,2,True,11,36,Athlete,Pennsylvania,United States,True
29,Johnny Weir,3,True,11,36,Athlete,Pennsylvania,United States,True
29,Johnny Weir,4,True,11,36,Athlete,Pennsylvania,United States,True
29,Johnny Weir,5,True,11,36,Athlete,Pennsylvania,United States,True
29,Johnny Weir,6,True,11,36,Athlete,Pennsylvania,United States,True
29,Johnny Weir,7,True,11,36,Athlete,Pennsylvania,United States,True
29,Johnny Weir,8,True,11,36,Athlete,Pennsylvania,United States,True
29,Johnny Weir,9,True,11,36,Athlete,Pennsylvania,United States,True
29,Johnny Weir,10,True,11,36,Athlete,Pennsylvania,United States,False
29,Johnny Weir,11,False,11,36,Athlete,Pennsylvania,United States,False
29,Justina Machado,1,True,11,48,Actor/Actress,Illinois,United States,True
29,Justina Machado,2,True,11,48,Actor/Actress,Illinois,United States,True
29,Justina Machado,3,True,11,48,Actor/Actress,Illinois,United States,True
29,Justina Machado,4,True,11,48,Actor/Actress,Illinois,United States,True
29,Justina Machado,5,True,11,48,Actor/Actress,Illinois,United States,True
29,Justina Machado,6,True,11,48,Actor/Actress,Illinois,United States,True
29,Justina Machado,7,True,11,48,Actor/Actress,Illinois,United States,True
29,Justina Machado,8,True,11,48,Actor/Actress,Illinois,United States,True
29,Justina Machado,9,True,11,48,Actor/Actress,Illinois,United States,True
29,Justina Machado,10,True,11,48,Actor/Actress,Illinois,United States,True
29,Justina Machado,11,True,11,48,Actor/Actress,Illinois,United States,False
29,Kaitlyn Bristowe,1,True,11,35,TV Personality,,Canada,True
29,Kaitlyn Bristowe,2,True,11,35,TV Personality,,Canada,True
29,Kaitlyn Bristowe,3,True,11,35,TV Personality,,Canada,True
29,Kaitlyn Bristowe,4,True,11,35,TV Personality,,Canada,True
29,Kaitlyn Bristowe,5,True,11,35,TV Personality,,Canada,True
29,Kaitlyn Bristowe,6,True,11,35,TV Personality,,Canada,True
29,Kaitlyn Bristowe,7,True,11,35,TV Personality,,Canada,True
29,Kaitlyn Bristowe,8,True,11,35,TV Personality,,Canada,True
29,Kaitlyn Bristowe,9,True,11,35,TV Personality,,Canada,True
29,Kaitlyn Bristowe,10,True,11,35,TV Personality,,Canada,True
29,Kaitlyn Bristowe,11,True,11,35,TV Personality,,Canada,False
29,Monica Aldama,1,True,11,48,TV Personality,Alabama,United States,True
29,Monica Aldama,2,True,11,48,TV Personality,Alabama,United States,True
29,Monica Aldama,3,True,11,48,TV Personality,Alabama,United States,True
29,Monica Aldama,4,True,11,48,TV Personality,Alabama,United States,True
29,Monica Aldama,5,True,11,48,TV Personality,Alabama,United States,True
29,Monica Aldama,6,True,11,48,TV Personality,Alabama,United States,True
29,Monica Aldama,7,True,11,48,TV Personality,Alabama,United States,False
29,Monica Aldama,8,False,11,48,TV Personality,Alabama,United States,False
29,Monica Aldama,9,False,11,48,TV Personality,Alabama,United States,False
29,Monica Aldama,10,False,11,48,TV Personality,Alabama,United States,False
29,Monica Aldama,11,False,11,48,TV Personality,Alabama,United States,False
29,Nelly,1,True,11,45,Singer/Rapper,Texas,United States,True
29,Nelly,2,True,11,45,Singer/Rapper,Texas,United States,True
29,Nelly,3,True,11,45,Singer/Rapper,Texas,United States,True
29,Nelly,4,True,11,45,Singer/Rapper,Texas,United States,True
29,Nelly,5,True,11,45,Singer/Rapper,Texas,United States,True
29,Nelly,6,True,11,45,Singer/Rapper,Texas,United States,True
29,Nelly,7,True,11,45,Singer/Rapper,Texas,United States,True
29,Nelly,8,True,11,45,Singer/Rapper,Texas,United States,True
29,Nelly,9,True,11,45,Singer/Rapper,Texas,United States,True
29,Nelly,10,True,11,45,Singer/Rapper,Texas,United States,True
29,Nelly,11,True,11,45,Singer/Rapper,Texas,United States,False
29,Nev Schulman,1,True,11,35,Producer,New York,United States,True
29,Nev Schulman,2,True,11,35,Producer,New York,United States,True
29,Nev Schulman,3,True,11,35,Producer,New York,United States,True
29,Nev Schulman,4,True,11,35,Producer,New York,United States,True
29,Nev Schulman,5,True,11,35,Producer,New York,United States,True
29,Nev Schulman,6,True,11,35,Producer,New York,United States,True
29,Nev Schulman,7,True,11,35,Producer,New York,United States,True
29,Nev Schulman,8,True,11,35,Producer,New York,United States,True
29,Nev Schulman,9,True,11,35,Producer,New York,United States,True
29,Nev Schulman,10,True,11,35,Producer,New York,United States,True
29,Nev Schulman,11,True,11,35,Producer,New York,United States,False
29,Skai Jackson,1,True,11,18,Actor/Actress,New York,United States,True
29,Skai Jackson,2,True,11,18,Actor/Actress,New York,United States,True
29,Skai Jackson,3,True,11,18,Actor/Actress,New York,United States,True
29,Skai Jackson,4,True,11,18,Actor/Actress,New York,United States,True
29,Skai Jackson,5,True,11,18,Actor/Actress,New York,United States,True
29,Skai Jackson,6,True,11,18,Actor/Actress,New York,United States,True
29,Skai Jackson,7,True,11,18,Actor/Actress,New York,United States,True
29,Skai Jackson,8,True,11,18,Actor/Actress,New York,United States,True
29,Skai Jackson,9,True,11,18,Actor/Actress,New York,United States,True
29,Skai Jackson,10,True,11,18,Actor/Actress,New York,United States,False
29,Skai Jackson,11,False,11,18,Actor/Actress,New York,United States,False
29,Veron Davis,1,True,11,36,Athlete,Washington D.C.,United States,True
29,Veron Davis,2,True,11,36,Athlete,Washington D.C.,United States,True
29,Veron Davis,3,True,11,36,Athlete,Washington D.C.,United States,True
29,Veron Davis,4,True,11,36,Athlete,Washington D.C.,United States,True
29,Veron Davis,5,True,11,36,Athlete,Washington D.C.,United States,True
29,Veron Davis,6,True,11,36,Athlete,Washington D.C.,United States,False
29,Veron Davis,7,False,11,36,Athlete,Washington D.C.,United States,False
29,Veron Davis,8,False,11,36,Athlete,Washington D.C.,United States,False
29,Veron Davis,9,False,11,36,Athlete,Washington D.C.,United States,False
29,Veron Davis,10,False,11,36,Athlete,Washington D.C.,United States,False
29,Veron Davis,11,False,11,36,Athlete,Washington D.C.,United States,False
30,Amanda Kloots,1,True,10,39,TV Personality,Ohio,United States,True
30,Amanda Kloots,2,True,10,39,TV Personality,Ohio,United States,True
30,Amanda Kloots,3,True,10,39,TV Personality,Ohio,United States,True
30,Amanda Kloots,4,True,10,39,TV Personality,Ohio,United States,True
30,Amanda Kloots,5,True,10,39,TV Personality,Ohio,United States,True
30,Amanda Kloots,6,True,10,39,TV Personality,Ohio,United States,True
30,Amanda Kloots,7,True,10,39,TV Personality,Ohio,United States,True
30,Amanda Kloots,8,True,10,39,TV Personality,Ohio,United States,True
30,Amanda Kloots,9,True,10,39,TV Personality,Ohio,United States,True
30,Amanda Kloots,10,True,10,39,TV Personality,Ohio,United States,False
30,Brian Austin Green,1,True,10,48,Actor/Actress,California,United States,True
30,Brian Austin Green,2,True,10,48,Actor/Actress,California,United States,True
30,Brian Austin Green,3,True,10,48,Actor/Actress,California,United States,True
30,Brian Austin Green,4,True,10,48,Actor/Actress,California,United States,False
30,Brian Austin Green,5,False,10,48,Actor/Actress,California,United States,False
30,Brian Austin Green,6,False,10,48,Actor/Actress,California,United States,False
30,Brian Austin Green,7,False,10,48,Actor/Actress,California,United States,False
30,Brian Austin Green,8,False,10,48,Actor/Actress,California,United States,False
30,Brian Austin Green,9,False,10,48,Actor/Actress,California,United States,False
30,Brian Austin Green,10,False,10,48,Actor/Actress,California,United States,False
30,Christine Chiu,1,True,10,38,TV Personality,,Taiwan China,True
30,Christine Chiu,2,True,10,38,TV Personality,,Taiwan China,True
30,Christine Chiu,3,True,10,38,TV Personality,,Taiwan China,False
30,Christine Chiu,4,False,10,38,TV Personality,,Taiwan China,False
30,Christine Chiu,5,False,10,38,TV Personality,,Taiwan China,False
30,Christine Chiu,6,False,10,38,TV Personality,,Taiwan China,False
30,Christine Chiu,7,False,10,38,TV Personality,,Taiwan China,False
30,Christine Chiu,8,False,10,38,TV Personality,,Taiwan China,False
30,Christine Chiu,9,False,10,38,TV Personality,,Taiwan China,False
30,Christine Chiu,10,False,10,38,TV Personality,,Taiwan China,False
30,Cody Rigsby,1,True,10,34,Fitness Instructor,California,United States,True
30,Cody Rigsby,2,True,10,34,Fitness Instructor,California,United States,True
30,Cody Rigsby,3,True,10,34,Fitness Instructor,California,United States,True
30,Cody Rigsby,4,True,10,34,Fitness Instructor,California,United States,True
30,Cody Rigsby,5,True,10,34,Fitness Instructor,California,United States,True
30,Cody Rigsby,6,True,10,34,Fitness Instructor,California,United States,True
30,Cody Rigsby,7,True,10,34,Fitness Instructor,California,United States,True
30,Cody Rigsby,8,True,10,34,Fitness Instructor,California,United States,True
30,Cody Rigsby,9,True,10,34,Fitness Instructor,California,United States,True
30,Cody Rigsby,10,True,10,34,Fitness Instructor,California,United States,False
30,Iman Shumpert,1,True,10,31,Athlete,Illinois,United States,True
30,Iman Shumpert,2,True,10,31,Athlete,Illinois,United States,True
30,Iman Shumpert,3,True,10,31,Athlete,Illinois,United States,True
30,Iman Shumpert,4,True,10,31,Athlete,Illinois,United States,True
30,Iman Shumpert,5,True,10,31,Athlete,Illinois,United States,True
30,Iman Shumpert,6,True,10,31,Athlete,Illinois,United States,True
30,Iman Shumpert,7,True,10,31,Athlete,Illinois,United States,True
30,Iman Shumpert,8,True,10,31,Athlete,Illinois,United States,True
30,Iman Shumpert,9,True,10,31,Athlete,Illinois,United States,True
30,Iman Shumpert,10,True,10,31,Athlete,Illinois,United States,False
30,Jimmie Allen,1,True,10,36,Singer/Rapper,Delaware,United States,True
30,Jimmie Allen,2,True,10,36,Singer/Rapper,Delaware,United States,True
30,Jimmie Allen,3,True,10,36,Singer/Rapper,Delaware,United States,True
30,Jimmie Allen,4,True,10,36,Singer/Rapper,Delaware,United States,True
30,Jimmie Allen,5,True,10,36,Singer/Rapper,Delaware,United States,True
30,Jimmie Allen,6,True,10,36,Singer/Rapper,Delaware,United States,True
30,Jimmie Allen,7,True,10,36,Singer/Rapper,Delaware,United States,True
30,Jimmie Allen,8,True,10,36,Singer/Rapper,Delaware,United States,False
30,Jimmie Allen,9,False,10,36,Singer/Rapper,Delaware,United States,False
30,Jimmie Allen,10,False,10,36,Singer/Rapper,Delaware,United States,False
30,JoJo Siwa,1,True,10,18,Social Media Personality,Nebraska,United States,True
30,JoJo Siwa,2,True,10,18,Social Media Personality,Nebraska,United States,True
30,JoJo Siwa,3,True,10,18,Social Media Personality,Nebraska,United States,True
30,JoJo Siwa,4,True,10,18,Social Media Personality,Nebraska,United States,True
30,JoJo Siwa,5,True,10,18,Social Media Personality,Nebraska,United States,True
30,JoJo Siwa,6,True,10,18,Social Media Personality,Nebraska,United States,True
30,JoJo Siwa,7,True,10,18,Social Media Personality,Nebraska,United States,True
30,JoJo Siwa,8,True,10,18,Social Media Personality,Nebraska,United States,True
30,JoJo Siwa,9,True,10,18,Social Media Personality,Nebraska,United States,True
30,JoJo Siwa,10,True,10,18,Social Media Personality,Nebraska,United States,False
30,Kenya Moore,1,True,10,50,TV Personality,Michigan,United States,True
30,Kenya Moore,2,True,10,50,TV Personality,Michigan,United States,True
30,Kenya Moore,3,True,10,50,TV Personality,Michigan,United States,True
30,Kenya Moore,4,True,10,50,TV Personality,Michigan,United States,True
30,Kenya Moore,5,True,10,50,TV Personality,Michigan,United States,True
30,Kenya Moore,6,True,10,50,TV Personality,Michigan,United States,False
30,Kenya Moore,7,False,10,50,TV Personality,Michigan,United States,False
30,Kenya Moore,8,False,10,50,TV Personality,Michigan,United States,False
30,Kenya Moore,9,False,10,50,TV Personality,Michigan,United States,False
30,Kenya Moore,10,False,10,50,TV Personality,Michigan,United States,False
30,Martin Kove,1,True,10,75,Actor/Actress,New York,United States,True
30,Martin Kove,2,True,10,75,Actor/Actress,New York,United States,False
30,Martin Kove,3,False,10,75,Actor/Actress,New York,United States,False
30,Martin Kove,4,False,10,75,Actor/Actress,New York,United States,False
30,Martin Kove,5,False,10,75,Actor/Actress,New York,United States,False
30,Martin Kove,6,False,10,75,Actor/Actress,New York,United States,False
30,Martin Kove,7,False,10,75,Actor/Actress,New York,United States,False
30,Martin Kove,8,False,10,75,Actor/Actress,New York,United States,False
30,Martin Kove,9,False,10,75,Actor/Actress,New York,United States,False
30,Martin Kove,10,False,10,75,Actor/Actress,New York,United States,False
30,Matt James,1,True,10,29,Athlete,North Carolina,United States,True
30,Matt James,2,True,10,29,Athlete,North Carolina,United States,True
30,Matt James,3,True,10,29,Athlete,North Carolina,United States,True
30,Matt James,4,True,10,29,Athlete,North Carolina,United States,False
30,Matt James,5,False,10,29,Athlete,North Carolina,United States,False
30,Matt James,6,False,10,29,Athlete,North Carolina,United States,False
30,Matt James,7,False,10,29,Athlete,North Carolina,United States,False
30,Matt James,8,False,10,29,Athlete,North Carolina,United States,False
30,Matt James,9,False,10,29,Athlete,North Carolina,United States,False
30,Matt James,10,False,10,29,Athlete,North Carolina,United States,False
30,Melanie C,1,True,10,47,Singer/Rapper,,England,True
30,Melanie C,2,True,10,47,Singer/Rapper,,England,True
30,Melanie C,3,True,10,47,Singer/Rapper,,England,True
30,Melanie C,4,True,10,47,Singer/Rapper,,England,True
30,Melanie C,5,True,10,47,Singer/Rapper,,England,False
30,Melanie C,6,False,10,47,Singer/Rapper,,England,False
30,Melanie C,7,False,10,47,Singer/Rapper,,England,False
30,Melanie C,8,False,10,47,Singer/Rapper,,England,False
30,Melanie C,9,False,10,47,Singer/Rapper,,England,False
30,Melanie C,10,False,10,47,Singer/Rapper,,England,False
30,Melora Hardin,1,True,10,54,Actor/Actress,Texas,United States,True
30,Melora Hardin,2,True,10,54,Actor/Actress,Texas,United States,True
30,Melora Hardin,3,True,10,54,Actor/Actress,Texas,United States,True
30,Melora Hardin,4,True,10,54,Actor/Actress,Texas,United States,True
30,Melora Hardin,5,True,10,54,Actor/Actress,Texas,United States,True
30,Melora Hardin,6,True,10,54,Actor/Actress,Texas,United States,True
30,Melora Hardin,7,True,10,54,Actor/Actress,Texas,United States,True
30,Melora Hardin,8,True,10,54,Actor/Actress,Texas,United States,True
30,Melora Hardin,9,True,10,54,Actor/Actress,Texas,United States,False
30,Melora Hardin,10,False,10,54,Actor/Actress,Texas,United States,False
30,"Mike ""The Miz"" Mizanin",1,True,10,40,Athlete,Ohio,United States,True
30,"Mike ""The Miz"" Mizanin",2,True,10,40,Athlete,Ohio,United States,True
30,"Mike ""The Miz"" Mizanin",3,True,10,40,Athlete,Ohio,United States,True
30,"Mike ""The Miz"" Mizanin",4,True,10,40,Athlete,Ohio,United States,True
30,"Mike ""The Miz"" Mizanin",5,True,10,40,Athlete,Ohio,United States,True
30,"Mike ""The Miz"" Mizanin",6,True,10,40,Athlete,Ohio,United States,True
30,"Mike ""The Miz"" Mizanin",7,True,10,40,Athlete,Ohio,United States,False
30,"Mike ""The Miz"" Mizanin",8,False,10,40,Athlete,Ohio,United States,False
30,"Mike ""The Miz"" Mizanin",9,False,10,40,Athlete,Ohio,United States,False
30,"Mike ""The Miz"" Mizanin",10,False,10,40,Athlete,Ohio,United States,False
30,Olivia Jade,1,True,10,21,Social Media Personality,California,United States,True
30,Olivia Jade,2,True,10,21,Social Media Personality,California,United States,True
30,Olivia Jade,3,True,10,21,Social Media Personality,California,United States,True
30,Olivia Jade,4,True,10,21,Social Media Personality,California,United States,True
30,Olivia Jade,5,True,10,21,Social Media Personality,California,United States,True
30,Olivia Jade,6,True,10,21,Social Media Personality,California,United States,True
30,Olivia Jade,7,True,10,21,Social Media Personality,California,United States,True
30,Olivia Jade,8,True,10,21,Social Media Personality,California,United States,False
30,Olivia Jade,9,False,10,21,Social Media Personality,California,United States,False
30,Olivia Jade,10,False,10,21,Social Media Personality,California,United States,False
30,Suni Lee,1,True,10,18,Athlete,Minnesota,United States,True
30,Suni Lee,2,True,10,18,Athlete,Minnesota,United States,True
30,Suni Lee,3,True,10,18,Athlete,Minnesota,United States,True
30,Suni Lee,4,True,10,18,Athlete,Minnesota,United States,True
30,Suni Lee,5,True,10,18,Athlete,Minnesota,United States,True
30,Suni Lee,6,True,10,18,Athlete,Minnesota,United States,True
30,Suni Lee,7,True,10,18,Athlete,Minnesota,United States,True
30,Suni Lee,8,True,10,18,Athlete,Minnesota,United States,True
30,Suni Lee,9,True,10,18,Athlete,Minnesota,United States,False
30,Suni Lee,10,False,10,18,Athlete,Minnesota,United States,False
31,Charli D'Amelio,1,True,10,18,Social Media Personality,Connecticut,United States,True
31,Charli D'Amelio,2,True,10,18,Social Media Personality,Connecticut,United States,True
31,Charli D'Amelio,3,True,10,18,Social Media Personality,Connecticut,United States,True
31,Charli D'Amelio,4,True,10,18,Social Media Personality,Connecticut,United States,True
31,Charli D'Amelio,5,True,10,18,Social Media Personality,Connecticut,United States,True
31,Charli D'Amelio,6,True,10,18,Social Media Personality,Connecticut,United States,True
31,Charli D'Amelio,7,True,10,18,Social Media Personality,Connecticut,United States,True
31,Charli D'Amelio,8,True,10,18,Social Media Personality,Connecticut,United States,True
31,Charli D'Amelio,9,True,10,18,Social Media Personality,Connecticut,United States,True
31,Charli D'Amelio,10,True,10,18,Social Media Personality,Connecticut,United States,False
31,Cheryl Ladd,1,True,10,71,Actor/Actress,South Dakota,United States,True
31,Cheryl Ladd,2,True,10,71,Actor/Actress,South Dakota,United States,True
31,Cheryl Ladd,3,True,10,71,Actor/Actress,South Dakota,United States,False
31,Cheryl Ladd,4,False,10,71,Actor/Actress,South Dakota,United States,False
31,Cheryl Ladd,5,False,10,71,Actor/Actress,South Dakota,United States,False
31,Cheryl Ladd,6,False,10,71,Actor/Actress,South Dakota,United States,False
31,Cheryl Ladd,7,False,10,71,Actor/Actress,South Dakota,United States,False
31,Cheryl Ladd,8,False,10,71,Actor/Actress,South Dakota,United States,False
31,Cheryl Ladd,9,False,10,71,Actor/Actress,South Dakota,United States,False
31,Cheryl Ladd,10,False,10,71,Actor/Actress,South Dakota,United States,False
31,Daniel Durant,1,True,10,32,Actor/Actress,Michigan,United States,True
31,Daniel Durant,2,True,10,32,Actor/Actress,Michigan,United States,True
31,Daniel Durant,3,True,10,32,Actor/Actress,Michigan,United States,True
31,Daniel Durant,4,True,10,32,Actor/Actress,Michigan,United States,True
31,Daniel Durant,5,True,10,32,Actor/Actress,Michigan,United States,True
31,Daniel Durant,6,True,10,32,Actor/Actress,Michigan,United States,True
31,Daniel Durant,7,True,10,32,Actor/Actress,Michigan,United States,True
31,Daniel Durant,8,True,10,32,Actor/Actress,Michigan,United States,True
31,Daniel Durant,9,True,10,32,Actor/Actress,Michigan,United States,False
31,Daniel Durant,10,False,10,32,Actor/Actress,Michigan,United States,False
31,Gabby Windey,1,True,10,31,TV Personality,Illinois,United States,True
31,Gabby Windey,2,True,10,31,TV Personality,Illinois,United States,True
31,Gabby Windey,3,True,10,31,TV Personality,Illinois,United States,True
31,Gabby Windey,4,True,10,31,TV Personality,Illinois,United States,True
31,Gabby Windey,5,True,10,31,TV Personality,Illinois,United States,True
31,Gabby Windey,6,True,10,31,TV Personality,Illinois,United States,True
31,Gabby Windey,7,True,10,31,TV Personality,Illinois,United States,True
31,Gabby Windey,8,True,10,31,TV Personality,Illinois,United States,True
31,Gabby Windey,9,True,10,31,TV Personality,Illinois,United States,True
31,Gabby Windey,10,True,10,31,TV Personality,Illinois,United States,False
31,Heidi D'Amelio,1,True,10,50,Social Media Personality,Louisiana,United States,True
31,Heidi D'Amelio,2,True,10,50,Social Media Personality,Louisiana,United States,True
31,Heidi D'Amelio,3,True,10,50,Social Media Personality,Louisiana,United States,True
31,Heidi D'Amelio,4,True,10,50,Social Media Personality,Louisiana,United States,True
31,Heidi D'Amelio,5,True,10,50,Social Media Personality,Louisiana,United States,True
31,Heidi D'Amelio,6,True,10,50,Social Media Personality,Louisiana,United States,True
31,Heidi D'Amelio,7,True,10,50,Social Media Personality,Louisiana,United States,True
31,Heidi D'Amelio,8,True,10,50,Social Media Personality,Louisiana,United States,False
31,Heidi D'Amelio,9,False,10,50,Social Media Personality,Louisiana,United States,False
31,Heidi D'Amelio,10,False,10,50,Social Media Personality,Louisiana,United States,False
31,Jason Lewis,1,True,10,51,Actor/Actress,California,United States,False
31,Jason Lewis,2,False,10,51,Actor/Actress,California,United States,False
31,Jason Lewis,3,False,10,51,Actor/Actress,California,United States,False
31,Jason Lewis,4,False,10,51,Actor/Actress,California,United States,False
31,Jason Lewis,5,False,10,51,Actor/Actress,California,United States,False
31,Jason Lewis,6,False,10,51,Actor/Actress,California,United States,False
31,Jason Lewis,7,False,10,51,Actor/Actress,California,United States,False
31,Jason Lewis,8,False,10,51,Actor/Actress,California,United States,False
31,Jason Lewis,9,False,10,51,Actor/Actress,California,United States,False
31,Jason Lewis,10,False,10,51,Actor/Actress,California,United States,False
31,Jessie James Decker,1,True,10,34,Singer/Rapper,,Italy,True
31,Jessie James Decker,2,True,10,34,Singer/Rapper,,Italy,True
31,Jessie James Decker,3,True,10,34,Singer/Rapper,,Italy,True
31,Jessie James Decker,4,True,10,34,Singer/Rapper,,Italy,True
31,Jessie James Decker,5,True,10,34,Singer/Rapper,,Italy,True
31,Jessie James Decker,6,True,10,34,Singer/Rapper,,Italy,False
31,Jessie James Decker,7,False,10,34,Singer/Rapper,,Italy,False
31,Jessie James Decker,8,False,10,34,Singer/Rapper,,Italy,False
31,Jessie James Decker,9,False,10,34,Singer/Rapper,,Italy,False
31,Jessie James Decker,10,False,10,34,Singer/Rapper,,Italy,False
31,Jordin Sparks,1,True,10,32,Singer/Rapper,Arizona,United States,True
31,Jordin Sparks,2,True,10,32,Singer/Rapper,Arizona,United States,True
31,Jordin Sparks,3,True,10,32,Singer/Rapper,Arizona,United States,True
31,Jordin Sparks,4,True,10,32,Singer/Rapper,Arizona,United States,True
31,Jordin Sparks,5,True,10,32,Singer/Rapper,Arizona,United States,True
31,Jordin Sparks,6,True,10,32,Singer/Rapper,Arizona,United States,True
31,Jordin Sparks,7,True,10,32,Singer/Rapper,Arizona,United States,False
31,Jordin Sparks,8,False,10,32,Singer/Rapper,Arizona,United States,False
31,Jordin Sparks,9,False,10,32,Singer/Rapper,Arizona,United States,False
31,Jordin Sparks,10,False,10,32,Singer/Rapper,Arizona,United States,False
31,Joseph Baena,1,True,10,24,Actor/Actress,California,United States,True
31,Joseph Baena,2,True,10,24,Actor/Actress,California,United States,True
31,Joseph Baena,3,True,10,24,Actor/Actress,California,United States,True
31,Joseph Baena,4,True,10,24,Actor/Actress,California,United States,True
31,Joseph Baena,5,True,10,24,Actor/Actress,California,United States,False
31,Joseph Baena,6,False,10,24,Actor/Actress,California,United States,False
31,Joseph Baena,7,False,10,24,Actor/Actress,California,United States,False
31,Joseph Baena,8,False,10,24,Actor/Actress,California,United States,False
31,Joseph Baena,9,False,10,24,Actor/Actress,California,United States,False
31,Joseph Baena,10,False,10,24,Actor/Actress,California,United States,False
31,Sam Champion,1,True,10,61,News Anchor,Kentucky,United States,True
31,Sam Champion,2,True,10,61,News Anchor,Kentucky,United States,True
31,Sam Champion,3,True,10,61,News Anchor,Kentucky,United States,True
31,Sam Champion,4,True,10,61,News Anchor,Kentucky,United States,False
31,Sam Champion,5,False,10,61,News Anchor,Kentucky,United States,False
31,Sam Champion,6,False,10,61,News Anchor,Kentucky,United States,False
31,Sam Champion,7,False,10,61,News Anchor,Kentucky,United States,False
31,Sam Champion,8,False,10,61,News Anchor,Kentucky,United States,False
31,Sam Champion,9,False,10,61,News Anchor,Kentucky,United States,False
31,Sam Champion,10,False,10,61,News Anchor,Kentucky,United States,False
31,Selma Blair,1,True,10,50,Actor/Actress,Michigan,United States,True
31,Selma Blair,2,True,10,50,Actor/Actress,Michigan,United States,True
31,Selma Blair,3,True,10,50,Actor/Actress,Michigan,United States,True
31,Selma Blair,4,True,10,50,Actor/Actress,Michigan,United States,True
31,Selma Blair,5,True,10,50,Actor/Actress,Michigan,United States,False
31,Selma Blair,6,False,10,50,Actor/Actress,Michigan,United States,False
31,Selma Blair,7,False,10,50,Actor/Actress,Michigan,United States,False
31,Selma Blair,8,False,10,50,Actor/Actress,Michigan,United States,False
31,Selma Blair,9,False,10,50,Actor/Actress,Michigan,United States,False
31,Selma Blair,10,False,10,50,Actor/Actress,Michigan,United States,False
31,Shangela,1,True,10,40,TV Personality,Texas,United States,True
31,Shangela,2,True,10,40,TV Personality,Texas,United States,True
31,Shangela,3,True,10,40,TV Personality,Texas,United States,True
31,Shangela,4,True,10,40,TV Personality,Texas,United States,True
31,Shangela,5,True,10,40,TV Personality,Texas,United States,True
31,Shangela,6,True,10,40,TV Personality,Texas,United States,True
31,Shangela,7,True,10,40,TV Personality,Texas,United States,True
31,Shangela,8,True,10,40,TV Personality,Texas,United States,True
31,Shangela,9,True,10,40,TV Personality,Texas,United States,True
31,Shangela,10,True,10,40,TV Personality,Texas,United States,False
31,Teresa Giudice,1,True,10,50,TV Personality,New Jersey,United States,True
31,Teresa Giudice,2,True,10,50,TV Personality,New Jersey,United States,False
31,Teresa Giudice,3,False,10,50,TV Personality,New Jersey,United States,False
31,Teresa Giudice,4,False,10,50,TV Personality,New Jersey,United States,False
31,Teresa Giudice,5,False,10,50,TV Personality,New Jersey,United States,False
31,Teresa Giudice,6,False,10,50,TV Personality,New Jersey,United States,False
31,Teresa Giudice,7,False,10,50,TV Personality,New Jersey,United States,False
31,Teresa Giudice,8,False,10,50,TV Personality,New Jersey,United States,False
31,Teresa Giudice,9,False,10,50,TV Personality,New Jersey,United States,False
31,Teresa Giudice,10,False,10,50,TV Personality,New Jersey,United States,False
31,Trevor Donovan,1,True,10,39,Actor/Actress,California,United States,True
31,Trevor Donovan,2,True,10,39,Actor/Actress,California,United States,True
31,Trevor Donovan,3,True,10,39,Actor/Actress,California,United States,True
31,Trevor Donovan,4,True,10,39,Actor/Actress,California,United States,True
31,Trevor Donovan,5,True,10,39,Actor/Actress,California,United States,True
31,Trevor Donovan,6,True,10,39,Actor/Actress,California,United States,True
31,Trevor Donovan,7,True,10,39,Actor/Actress,California,United States,True
31,Trevor Donovan,8,True,10,39,Actor/Actress,California,United States,True
31,Trevor Donovan,9,True,10,39,Actor/Actress,California,United States,False
31,Trevor Donovan,10,False,10,39,Actor/Actress,California,United States,False
31,Vinny Guadagnino,1,True,10,34,TV Personality,New York,United States,True
31,Vinny Guadagnino,2,True,10,34,TV Personality,New York,United States,True
31,Vinny Guadagnino,3,True,10,34,TV Personality,New York,United States,True
31,Vinny Guadagnino,4,True,10,34,TV Personality,New York,United States,True
31,Vinny Guadagnino,5,True,10,34,TV Personality,New York,United States,True
31,Vinny Guadagnino,6,True,10,34,TV Personality,New York,United States,True
31,Vinny Guadagnino,7,True,10,34,TV Personality,New York,United States,True
31,Vinny Guadagnino,8,True,10,34,TV Personality,New York,United States,False
31,Vinny Guadagnino,9,False,10,34,TV Personality,New York,United States,False
31,Vinny Guadagnino,10,False,10,34,TV Personality,New York,United States,False
31,Wayne Brady,1,True,10,50,Comedian,Georgia,United States,True
31,Wayne Brady,2,True,10,50,Comedian,Georgia,United States,True
31,Wayne Brady,3,True,10,50,Comedian,Georgia,United States,True
31,Wayne Brady,4,True,10,50,Comedian,Georgia,United States,True
31,Wayne Brady,5,True,10,50,Comedian,Georgia,United States,True
31,Wayne Brady,6,True,10,50,Comedian,Georgia,United States,True
31,Wayne Brady,7,True,10,50,Comedian,Georgia,United States,True
31,Wayne Brady,8,True,10,50,Comedian,Georgia,United States,True
31,Wayne Brady,9,True,10,50,Comedian,Georgia,United States,True
31,Wayne Brady,10,True,10,50,Comedian,Georgia,United States,False
32,Adrian Peterson,1,True,11,38,Athlete,Texas,United States,True
32,Adrian Peterson,2,True,11,38,Athlete,Texas,United States,True
32,Adrian Peterson,3,True,11,38,Athlete,Texas,United States,True
32,Adrian Peterson,4,True,11,38,Athlete,Texas,United States,False
32,Adrian Peterson,5,False,11,38,Athlete,Texas,United States,False
32,Adrian Peterson,6,False,11,38,Athlete,Texas,United States,False
32,Adrian Peterson,7,False,11,38,Athlete,Texas,United States,False
32,Adrian Peterson,8,False,11,38,Athlete,Texas,United States,False
32,Adrian Peterson,9,False,11,38,Athlete,Texas,United States,False
32,Adrian Peterson,10,False,11,38,Athlete,Texas,United States,False
32,Adrian Peterson,11,False,11,38,Athlete,Texas,United States,False
32,Alyson Hannigan,1,True,11,49,Actor/Actress,Washington D.C.,United States,True
32,Alyson Hannigan,2,True,11,49,Actor/Actress,Washington D.C.,United States,True
32,Alyson Hannigan,3,True,11,49,Actor/Actress,Washington D.C.,United States,True
32,Alyson Hannigan,4,True,11,49,Actor/Actress,Washington D.C.,United States,True
32,Alyson Hannigan,5,True,11,49,Actor/Actress,Washington D.C.,United States,True
32,Alyson Hannigan,6,True,11,49,Actor/Actress,Washington D.C.,United States,True
32,Alyson Hannigan,7,True,11,49,Actor/Actress,Washington D.C.,United States,True
32,Alyson Hannigan,8,True,11,49,Actor/Actress,Washington D.C.,United States,True
32,Alyson Hannigan,9,True,11,49,Actor/Actress,Washington D.C.,United States,True
32,Alyson Hannigan,10,True,11,49,Actor/Actress,Washington D.C.,United States,True
32,Alyson Hannigan,11,True,11,49,Actor/Actress,Washington D.C.,United States,False
32,Ariana Madix,1,True,11,38,TV Personality,Florida,United States,True
32,Ariana Madix,2,True,11,38,TV Personality,Florida,United States,True
32,Ariana Madix,3,True,11,38,TV Personality,Florida,United States,True
32,Ariana Madix,4,True,11,38,TV Personality,Florida,United States,True
32,Ariana Madix,5,True,11,38,TV Personality,Florida,United States,True
32,Ariana Madix,6,True,11,38,TV Personality,Florida,United States,True
32,Ariana Madix,7,True,11,38,TV Personality,Florida,United States,True
32,Ariana Madix,8,True,11,38,TV Personality,Florida,United States,True
32,Ariana Madix,9,True,11,38,TV Personality,Florida,United States,True
32,Ariana Madix,10,True,11,38,TV Personality,Florida,United States,True
32,Ariana Madix,11,True,11,38,TV Personality,Florida,United States,False
32,Barry Williams,1,True,11,68,Actor/Actress,California,United States,True
32,Barry Williams,2,True,11,68,Actor/Actress,California,United States,True
32,Barry Williams,3,True,11,68,Actor/Actress,California,United States,True
32,Barry Williams,4,True,11,68,Actor/Actress,California,United States,True
32,Barry Williams,5,True,11,68,Actor/Actress,California,United States,True
32,Barry Williams,6,True,11,68,Actor/Actress,California,United States,True
32,Barry Williams,7,True,11,68,Actor/Actress,California,United States,True
32,Barry Williams,8,True,11,68,Actor/Actress,California,United States,False
32,Barry Williams,9,False,11,68,Actor/Actress,California,United States,False
32,Barry Williams,10,False,11,68,Actor/Actress,California,United States,False
32,Barry Williams,11,False,11,68,Actor/Actress,California,United States,False
32,Charity Lawson,1,True,11,27,TV Personality,Georgia,United States,True
32,Charity Lawson,2,True,11,27,TV Personality,Georgia,United States,True
32,Charity Lawson,3,True,11,27,TV Personality,Georgia,United States,True
32,Charity Lawson,4,True,11,27,TV Personality,Georgia,United States,True
32,Charity Lawson,5,True,11,27,TV Personality,Georgia,United States,True
32,Charity Lawson,6,True,11,27,TV Personality,Georgia,United States,True
32,Charity Lawson,7,True,11,27,TV Personality,Georgia,United States,True
32,Charity Lawson,8,True,11,27,TV Personality,Georgia,United States,True
32,Charity Lawson,9,True,11,27,TV Personality,Georgia,United States,True
32,Charity Lawson,10,True,11,27,TV Personality,Georgia,United States,True
32,Charity Lawson,11,True,11,27,TV Personality,Georgia,United States,False
32,Harry Jowsey,1,True,11,26,TV Personality,,Australia,True
32,Harry Jowsey,2,True,11,26,TV Personality,,Australia,True
32,Harry Jowsey,3,True,11,26,TV Personality,,Australia,True
32,Harry Jowsey,4,True,11,26,TV Personality,,Australia,True
32,Harry Jowsey,5,True,11,26,TV Personality,,Australia,True
32,Harry Jowsey,6,True,11,26,TV Personality,,Australia,True
32,Harry Jowsey,7,True,11,26,TV Personality,,Australia,True
32,Harry Jowsey,8,True,11,26,TV Personality,,Australia,True
32,Harry Jowsey,9,True,11,26,TV Personality,,Australia,False
32,Harry Jowsey,10,False,11,26,TV Personality,,Australia,False
32,Harry Jowsey,11,False,11,26,TV Personality,,Australia,False
32,Jamie Lynn Spears,1,True,11,32,Actor/Actress,Mississippi,United States,True
32,Jamie Lynn Spears,2,True,11,32,Actor/Actress,Mississippi,United States,False
32,Jamie Lynn Spears,3,False,11,32,Actor/Actress,Mississippi,United States,False
32,Jamie Lynn Spears,4,False,11,32,Actor/Actress,Mississippi,United States,False
32,Jamie Lynn Spears,5,False,11,32,Actor/Actress,Mississippi,United States,False
32,Jamie Lynn Spears,6,False,11,32,Actor/Actress,Mississippi,United States,False
32,Jamie Lynn Spears,7,False,11,32,Actor/Actress,Mississippi,United States,False
32,Jamie Lynn Spears,8,False,11,32,Actor/Actress,Mississippi,United States,False
32,Jamie Lynn Spears,9,False,11,32,Actor/Actress,Mississippi,United States,False
32,Jamie Lynn Spears,10,False,11,32,Actor/Actress,Mississippi,United States,False
32,Jamie Lynn Spears,11,False,11,32,Actor/Actress,Mississippi,United States,False
32,Jason Mraz,1,True,11,46,Singer/Rapper,Virginia,United States,True
32,Jason Mraz,2,True,11,46,Singer/Rapper,Virginia,United States,True
32,Jason Mraz,3,True,11,46,Singer/Rapper,Virginia,United States,True
32,Jason Mraz,4,True,11,46,Singer/Rapper,Virginia,United States,True
32,Jason Mraz,5,True,11,46,Singer/Rapper,Virginia,United States,True
32,Jason Mraz,6,True,11,46,Singer/Rapper,Virginia,United States,True
32,Jason Mraz,7,True,11,46,Singer/Rapper,Virginia,United States,True
32,Jason Mraz,8,True,11,46,Singer/Rapper,Virginia,United States,True
32,Jason Mraz,9,True,11,46,Singer/Rapper,Virginia,United States,True
32,Jason Mraz,10,True,11,46,Singer/Rapper,Virginia,United States,True
32,Jason Mraz,11,True,11,46,Singer/Rapper,Virginia,United States,False
32,Lele Pons,1,True,11,27,Social Media Personality,,Venezuela,True
32,Lele Pons,2,True,11,27,Social Media Personality,,Venezuela,True
32,Lele Pons,3,True,11,27,Social Media Personality,,Venezuela,True
32,Lele Pons,4,True,11,27,Social Media Personality,,Venezuela,True
32,Lele Pons,5,True,11,27,Social Media Personality,,Venezuela,True
32,Lele Pons,6,True,11,27,Social Media Personality,,Venezuela,True
32,Lele Pons,7,True,11,27,Social Media Personality,,Venezuela,False
32,Lele Pons,8,False,11,27,Social Media Personality,,Venezuela,False
32,Lele Pons,9,False,11,27,Social Media Personality,,Venezuela,False
32,Lele Pons,10,False,11,27,Social Media Personality,,Venezuela,False
32,Lele Pons,11,False,11,27,Social Media Personality,,Venezuela,False
32,Matt Walsh,1,True,11,58,Comedian,Illinois,United States,False
32,Matt Walsh,2,False,11,58,Comedian,Illinois,United States,False
32,Matt Walsh,3,False,11,58,Comedian,Illinois,United States,False
32,Matt Walsh,4,False,11,58,Comedian,Illinois,United States,False
32,Matt Walsh,5,False,11,58,Comedian,Illinois,United States,False
32,Matt Walsh,6,False,11,58,Comedian,Illinois,United States,False
32,Matt Walsh,7,False,11,58,Comedian,Illinois,United States,False
32,Matt Walsh,8,False,11,58,Comedian,Illinois,United States,False
32,Matt Walsh,9,False,11,58,Comedian,Illinois,United States,False
32,Matt Walsh,10,False,11,58,Comedian,Illinois,United States,False
32,Matt Walsh,11,False,11,58,Comedian,Illinois,United States,False
32,Mauricio Umansky,1,True,11,53,TV Personality,,Mexico,True
32,Mauricio Umansky,2,True,11,53,TV Personality,,Mexico,True
32,Mauricio Umansky,3,True,11,53,TV Personality,,Mexico,True
32,Mauricio Umansky,4,True,11,53,TV Personality,,Mexico,True
32,Mauricio Umansky,5,True,11,53,TV Personality,,Mexico,True
32,Mauricio Umansky,6,True,11,53,TV Personality,,Mexico,False
32,Mauricio Umansky,7,False,11,53,TV Personality,,Mexico,False
32,Mauricio Umansky,8,False,11,53,TV Personality,,Mexico,False
32,Mauricio Umansky,9,False,11,53,TV Personality,,Mexico,False
32,Mauricio Umansky,10,False,11,53,TV Personality,,Mexico,False
32,Mauricio Umansky,11,False,11,53,TV Personality,,Mexico,False
32,Mira Sorvino,1,True,11,55,Actor/Actress,New York,United States,True
32,Mira Sorvino,2,True,11,55,Actor/Actress,New York,United States,True
32,Mira Sorvino,3,True,11,55,Actor/Actress,New York,United States,True
32,Mira Sorvino,4,True,11,55,Actor/Actress,New York,United States,True
32,Mira Sorvino,5,True,11,55,Actor/Actress,New York,United States,False
32,Mira Sorvino,6,False,11,55,Actor/Actress,New York,United States,False
32,Mira Sorvino,7,False,11,55,Actor/Actress,New York,United States,False
32,Mira Sorvino,8,False,11,55,Actor/Actress,New York,United States,False
32,Mira Sorvino,9,False,11,55,Actor/Actress,New York,United States,False
32,Mira Sorvino,10,False,11,55,Actor/Actress,New York,United States,False
32,Mira Sorvino,11,False,11,55,Actor/Actress,New York,United States,False
32,Tyson Beckford,1,True,11,52,Model,New York,United States,True
32,Tyson Beckford,2,True,11,52,Model,New York,United States,True
32,Tyson Beckford,3,True,11,52,Model,New York,United States,False
32,Tyson Beckford,4,False,11,52,Model,New York,United States,False
32,Tyson Beckford,5,False,11,52,Model,New York,United States,False
32,Tyson Beckford,6,False,11,52,Model,New York,United States,False
32,Tyson Beckford,7,False,11,52,Model,New York,United States,False
32,Tyson Beckford,8,False,11,52,Model,New York,United States,False
32,Tyson Beckford,9,False,11,52,Model,New York,United States,False
32,Tyson Beckford,10,False,11,52,Model,New York,United States,False
32,Tyson Beckford,11,False,11,52,Model,New York,United States,False
32,Xochitl Gomez,1,True,11,17,Actor/Actress,California,United States,True
32,Xochitl Gomez,2,True,11,17,Actor/Actress,California,United States,True
32,Xochitl Gomez,3,True,11,17,Actor/Actress,California,United States,True
32,Xochitl Gomez,4,True,11,17,Actor/Actress,California,United States,True
32,Xochitl Gomez,5,True,11,17,Actor/Actress,California,United States,True
32,Xochitl Gomez,6,True,11,17,Actor/Actress,California,United States,True
32,Xochitl Gomez,7,True,11,17,Actor/Actress,California,United States,True
32,Xochitl Gomez,8,True,11,17,Actor/Actress,California,United States,True
32,Xochitl Gomez,9,True,11,17,Actor/Actress,California,United States,True
32,Xochitl Gomez,10,True,11,17,Actor/Actress,California,United States,True
32,Xochitl Gomez,11,True,11,17,Actor/Actress,California,United States,False
33,Anna Delvey,1,True,9,33,Con artist,,Russia,True
33,Anna Delvey,2,True,9,33,Con artist,,Russia,False
33,Anna Delvey,3,False,9,33,Con artist,,Russia,False
33,Anna Delvey,4,False,9,33,Con artist,,Russia,False
33,Anna Delvey,5,False,9,33,Con artist,,Russia,False
33,Anna Delvey,6,False,9,33,Con artist,,Russia,False
33,Anna Delvey,7,False,9,33,Con artist,,Russia,False
33,Anna Delvey,8,False,9,33,Con artist,,Russia,False
33,Anna Delvey,9,False,9,33,Con artist,,Russia,False
33,Brooks Nader,1,True,9,27,Model,New York,United States,True
33,Brooks Nader,2,True,9,27,Model,New York,United States,True
33,Brooks Nader,3,True,9,27,Model,New York,United States,True
33,Brooks Nader,4,True,9,27,Model,New York,United States,False
33,Brooks Nader,5,False,9,27,Model,New York,United States,False
33,Brooks Nader,6,False,9,27,Model,New York,United States,False
33,Brooks Nader,7,False,9,27,Model,New York,United States,False
33,Brooks Nader,8,False,9,27,Model,New York,United States,False
33,Brooks Nader,9,False,9,27,Model,New York,United States,False
33,Chandler Kinney,1,True,9,24,Actor/Actress,California,United States,True
33,Chandler Kinney,2,True,9,24,Actor/Actress,California,United States,True
33,Chandler Kinney,3,True,9,24,Actor/Actress,California,United States,True
33,Chandler Kinney,4,True,9,24,Actor/Actress,California,United States,True
33,Chandler Kinney,5,True,9,24,Actor/Actress,California,United States,True
33,Chandler Kinney,6,True,9,24,Actor/Actress,California,United States,True
33,Chandler Kinney,7,True,9,24,Actor/Actress,California,United States,True
33,Chandler Kinney,8,True,9,24,Actor/Actress,California,United States,True
33,Chandler Kinney,9,True,9,24,Actor/Actress,California,United States,False
33,Danny Amendola,1,True,9,39,Athlete,Texas,United States,True
33,Danny Amendola,2,True,9,39,Athlete,Texas,United States,True
33,Danny Amendola,3,True,9,39,Athlete,Texas,United States,True
33,Danny Amendola,4,True,9,39,Athlete,Texas,United States,True
33,Danny Amendola,5,True,9,39,Athlete,Texas,United States,True
33,Danny Amendola,6,True,9,39,Athlete,Texas,United States,True
33,Danny Amendola,7,True,9,39,Athlete,Texas,United States,True
33,Danny Amendola,8,True,9,39,Athlete,Texas,United States,True
33,Danny Amendola,9,True,9,39,Athlete,Texas,United States,False
33,Dwight Howard,1,True,9,38,Athlete,Georgia,United States,True
33,Dwight Howard,2,True,9,38,Athlete,Georgia,United States,True
33,Dwight Howard,3,True,9,38,Athlete,Georgia,United States,True
33,Dwight Howard,4,True,9,38,Athlete,Georgia,United States,True
33,Dwight Howard,5,True,9,38,Athlete,Georgia,United States,True
33,Dwight Howard,6,True,9,38,Athlete,Georgia,United States,True
33,Dwight Howard,7,True,9,38,Athlete,Georgia,United States,False
33,Dwight Howard,8,False,9,38,Athlete,Georgia,United States,False
33,Dwight Howard,9,False,9,38,Athlete,Georgia,United States,False
33,Eric Roberts,1,True,9,68,Actor/Actress,California,United States,True
33,Eric Roberts,2,True,9,68,Actor/Actress,California,United States,True
33,Eric Roberts,3,True,9,68,Actor/Actress,California,United States,False
33,Eric Roberts,4,False,9,68,Actor/Actress,California,United States,False
33,Eric Roberts,5,False,9,68,Actor/Actress,California,United States,False
33,Eric Roberts,6,False,9,68,Actor/Actress,California,United States,False
33,Eric Roberts,7,False,9,68,Actor/Actress,California,United States,False
33,Eric Roberts,8,False,9,68,Actor/Actress,California,United States,False
33,Eric Roberts,9,False,9,68,Actor/Actress,California,United States,False
33,Ilona Maher,1,True,9,28,Athlete,California,United States,True
33,Ilona Maher,2,True,9,28,Athlete,California,United States,True
33,Ilona Maher,3,True,9,28,Athlete,California,United States,True
33,Ilona Maher,4,True,9,28,Athlete,California,United States,True
33,Ilona Maher,5,True,9,28,Athlete,California,United States,True
33,Ilona Maher,6,True,9,28,Athlete,California,United States,True
33,Ilona Maher,7,True,9,28,Athlete,California,United States,True
33,Ilona Maher,8,True,9,28,Athlete,California,United States,True
33,Ilona Maher,9,True,9,28,Athlete,California,United States,False
33,Jenn Tran,1,True,9,26,TV Personality,Florida,United States,True
33,Jenn Tran,2,True,9,26,TV Personality,Florida,United States,True
33,Jenn Tran,3,True,9,26,TV Personality,Florida,United States,True
33,Jenn Tran,4,True,9,26,TV Personality,Florida,United States,True
33,Jenn Tran,5,True,9,26,TV Personality,Florida,United States,True
33,Jenn Tran,6,True,9,26,TV Personality,Florida,United States,False
33,Jenn Tran,7,False,9,26,TV Personality,Florida,United States,False
33,Jenn Tran,8,False,9,26,TV Personality,Florida,United States,False
33,Jenn Tran,9,False,9,26,TV Personality,Florida,United States,False
33,Joey Graziadei,1,True,9,29,TV Personality,Louisiana,United States,True
33,Joey Graziadei,2,True,9,29,TV Personality,Louisiana,United States,True
33,Joey Graziadei,3,True,9,29,TV Personality,Louisiana,United States,True
33,Joey Graziadei,4,True,9,29,TV Personality,Louisiana,United States,True
33,Joey Graziadei,5,True,9,29,TV Personality,Louisiana,United States,True
33,Joey Graziadei,6,True,9,29,TV Personality,Louisiana,United States,True
33,Joey Graziadei,7,True,9,29,TV Personality,Louisiana,United States,True
33,Joey Graziadei,8,True,9,29,TV Personality,Louisiana,United States,True
33,Joey Graziadei,9,True,9,29,TV Personality,Louisiana,United States,False
33,Phaedra Parks,1,True,9,51,TV Personality,Georgia,United States,True
33,Phaedra Parks,2,True,9,51,TV Personality,Georgia,United States,True
33,Phaedra Parks,3,True,9,51,TV Personality,Georgia,United States,True
33,Phaedra Parks,4,True,9,51,TV Personality,Georgia,United States,True
33,Phaedra Parks,5,True,9,51,TV Personality,Georgia,United States,False
33,Phaedra Parks,6,False,9,51,TV Personality,Georgia,United States,False
33,Phaedra Parks,7,False,9,51,TV Personality,Georgia,United States,False
33,Phaedra Parks,8,False,9,51,TV Personality,Georgia,United States,False
33,Phaedra Parks,9,False,9,51,TV Personality,Georgia,United States,False
33,Reginald VelJohnson,1,True,9,74,Actor/Actress,New York,United States,True
33,Reginald VelJohnson,2,True,9,74,Actor/Actress,New York,United States,True
33,Reginald VelJohnson,3,True,9,74,Actor/Actress,New York,United States,False
33,Reginald VelJohnson,4,False,9,74,Actor/Actress,New York,United States,False
33,Reginald VelJohnson,5,False,9,74,Actor/Actress,New York,United States,False
33,Reginald VelJohnson,6,False,9,74,Actor/Actress,New York,United States,False
33,Reginald VelJohnson,7,False,9,74,Actor/Actress,New York,United States,False
33,Reginald VelJohnson,8,False,9,74,Actor/Actress,New York,United States,False
33,Reginald VelJohnson,9,False,9,74,Actor/Actress,New York,United States,False
33,Stephen Nedoroscik,1,True,9,26,Athlete,Florida,United States,True
33,Stephen Nedoroscik,2,True,9,26,Athlete,Florida,United States,True
33,Stephen Nedoroscik,3,True,9,26,Athlete,Florida,United States,True
33,Stephen Nedoroscik,4,True,9,26,Athlete,Florida,United States,True
33,Stephen Nedoroscik,5,True,9,26,Athlete,Florida,United States,True
33,Stephen Nedoroscik,6,True,9,26,Athlete,Florida,United States,True
33,Stephen Nedoroscik,7,True,9,26,Athlete,Florida,United States,True
33,Stephen Nedoroscik,8,True,9,26,Athlete,Florida,United States,True
33,Stephen Nedoroscik,9,True,9,26,Athlete,Florida,United States,False
33,Tori Spelling,1,True,9,51,Actor/Actress,California,United States,True
33,Tori Spelling,2,True,9,51,Actor/Actress,California,United States,False
33,Tori Spelling,3,False,9,51,Actor/Actress,California,United States,False
33,Tori Spelling,4,False,9,51,Actor/Actress,California,United States,False
33,Tori Spelling,5,False,9,51,Actor/Actress,California,United States,False
33,Tori Spelling,6,False,9,51,Actor/Actress,California,United States,False
33,Tori Spelling,7,False,9,51,Actor/Actress,California,United States,False
33,Tori Spelling,8,False,9,51,Actor/Actress,California,United States,False
33,Tori Spelling,9,False,9,51,Actor/Actress,California,United States,False
34,Alix Earle,1,True,11,24,Social media personality,Florida,United States,True
34,Alix Earle,2,True,11,24,Social media personality,Florida,United States,True
34,Alix Earle,3,True,11,24,Social media personality,Florida,United States,True
34,Alix Earle,4,True,11,24,Social media personality,Florida,United States,True
34,Alix Earle,5,True,11,24,Social media personality,Florida,United States,True
34,Alix Earle,6,True,11,24,Social media personality,Florida,United States,True
34,Alix Earle,7,True,11,24,Social media personality,Florida,United States,True
34,Alix Earle,8,True,11,24,Social media personality,Florida,United States,True
34,Alix Earle,9,True,11,24,Social media personality,Florida,United States,True
34,Alix Earle,10,True,11,24,Social media personality,Florida,United States,True
34,Alix Earle,11,True,11,24,Social media personality,Florida,United States,False
34,Andy Richter,1,True,11,59,Comedian,California,United States,True
34,Andy Richter,2,True,11,59,Comedian,California,United States,True
34,Andy Richter,3,True,11,59,Comedian,California,United States,True
34,Andy Richter,4,True,11,59,Comedian,California,United States,True
34,Andy Richter,5,True,11,59,Comedian,California,United States,True
34,Andy Richter,6,True,11,59,Comedian,California,United States,True
34,Andy Richter,7,True,11,59,Comedian,California,United States,True
34,Andy Richter,8,True,11,59,Comedian,California,United States,True
34,Andy Richter,9,True,11,59,Comedian,California,United States,False
34,Andy Richter,10,False,11,59,Comedian,California,United States,False
34,Andy Richter,11,False,11,59,Comedian,California,United States,False
34,Baron Davis,1,True,11,46,Athlete,California,United States,True
34,Baron Davis,2,True,11,46,Athlete,California,United States,False
34,Baron Davis,3,False,11,46,Athlete,California,United States,False
34,Baron Davis,4,False,11,46,Athlete,California,United States,False
34,Baron Davis,5,False,11,46,Athlete,California,United States,False
34,Baron Davis,6,False,11,46,Athlete,California,United States,False
34,Baron Davis,7,False,11,46,Athlete,California,United States,False
34,Baron Davis,8,False,11,46,Athlete,California,United States,False
34,Baron Davis,9,False,11,46,Athlete,California,United States,False
34,Baron Davis,10,False,11,46,Athlete,California,United States,False
34,Baron Davis,11,False,11,46,Athlete,California,United States,False
34,Corey Feldman,1,True,11,54,Actor/Actress,California,United States,True
34,Corey Feldman,2,True,11,54,Actor/Actress,California,United States,False
34,Corey Feldman,3,False,11,54,Actor/Actress,California,United States,False
34,Corey Feldman,4,False,11,54,Actor/Actress,California,United States,False
34,Corey Feldman,5,False,11,54,Actor/Actress,California,United States,False
34,Corey Feldman,6,False,11,54,Actor/Actress,California,United States,False
34,Corey Feldman,7,False,11,54,Actor/Actress,California,United States,False
34,Corey Feldman,8,False,11,54,Actor/Actress,California,United States,False
34,Corey Feldman,9,False,11,54,Actor/Actress,California,United States,False
34,Corey Feldman,10,False,11,54,Actor/Actress,California,United States,False
34,Corey Feldman,11,False,11,54,Actor/Actress,California,United States,False
34,Danielle Fishel,1,True,11,44,Actor/Actress,California,United States,True
34,Danielle Fishel,2,True,11,44,Actor/Actress,California,United States,True
34,Danielle Fishel,3,True,11,44,Actor/Actress,California,United States,True
34,Danielle Fishel,4,True,11,44,Actor/Actress,California,United States,True
34,Danielle Fishel,5,True,11,44,Actor/Actress,California,United States,True
34,Danielle Fishel,6,True,11,44,Actor/Actress,California,United States,True
34,Danielle Fishel,7,True,11,44,Actor/Actress,California,United States,True
34,Danielle Fishel,8,True,11,44,Actor/Actress,California,United States,False
34,Danielle Fishel,9,False,11,44,Actor/Actress,California,United States,False
34,Danielle Fishel,10,False,11,44,Actor/Actress,California,United States,False
34,Danielle Fishel,11,False,11,44,Actor/Actress,California,United States,False
34,Dylan Efron,1,True,11,33,TV Personality,California,United States,True
34,Dylan Efron,2,True,11,33,TV Personality,California,United States,True
34,Dylan Efron,3,True,11,33,TV Personality,California,United States,True
34,Dylan Efron,4,True,11,33,TV Personality,California,United States,True
34,Dylan Efron,5,True,11,33,TV Personality,California,United States,True
34,Dylan Efron,6,True,11,33,TV Personality,California,United States,True
34,Dylan Efron,7,True,11,33,TV Personality,California,United States,True
34,Dylan Efron,8,True,11,33,TV Personality,California,United States,True
34,Dylan Efron,9,True,11,33,TV Personality,California,United States,True
34,Dylan Efron,10,True,11,33,TV Personality,California,United States,True
34,Dylan Efron,11,True,11,33,TV Personality,California,United States,False
34,Elaine Hendrix,1,True,11,55,Actor/Actress,Georgia,United States,True
34,Elaine Hendrix,2,True,11,55,Actor/Actress,Georgia,United States,True
34,Elaine Hendrix,3,True,11,55,Actor/Actress,Georgia,United States,True
34,Elaine Hendrix,4,True,11,55,Actor/Actress,Georgia,United States,True
34,Elaine Hendrix,5,True,11,55,Actor/Actress,Georgia,United States,True
34,Elaine Hendrix,6,True,11,55,Actor/Actress,Georgia,United States,True
34,Elaine Hendrix,7,True,11,55,Actor/Actress,Georgia,United States,True
34,Elaine Hendrix,8,True,11,55,Actor/Actress,Georgia,United States,True
34,Elaine Hendrix,9,True,11,55,Actor/Actress,Georgia,United States,True
34,Elaine Hendrix,10,True,11,55,Actor/Actress,Georgia,United States,True
34,Elaine Hendrix,11,True,11,55,Actor/Actress,Georgia,United States,False
34,Hilaria Baldwin,1,True,11,41,Entrepreneur,New York,United States,True
34,Hilaria Baldwin,2,True,11,41,Entrepreneur,New York,United States,True
34,Hilaria Baldwin,3,True,11,41,Entrepreneur,New York,United States,True
34,Hilaria Baldwin,4,True,11,41,Entrepreneur,New York,United States,False
34,Hilaria Baldwin,5,False,11,41,Entrepreneur,New York,United States,False
34,Hilaria Baldwin,6,False,11,41,Entrepreneur,New York,United States,False
34,Hilaria Baldwin,7,False,11,41,Entrepreneur,New York,United States,False
34,Hilaria Baldwin,8,False,11,41,Entrepreneur,New York,United States,False
34,Hilaria Baldwin,9,False,11,41,Entrepreneur,New York,United States,False
34,Hilaria Baldwin,10,False,11,41,Entrepreneur,New York,United States,False
34,Hilaria Baldwin,11,False,11,41,Entrepreneur,New York,United States,False
34,Jen Affleck,1,True,11,26,TV Personality,Utah,United States,True
34,Jen Affleck,2,True,11,26,TV Personality,Utah,United States,True
34,Jen Affleck,3,True,11,26,TV Personality,Utah,United States,True
34,Jen Affleck,4,True,11,26,TV Personality,Utah,United States,True
34,Jen Affleck,5,True,11,26,TV Personality,Utah,United States,True
34,Jen Affleck,6,True,11,26,TV Personality,Utah,United States,True
34,Jen Affleck,7,True,11,26,TV Personality,Utah,United States,False
34,Jen Affleck,8,False,11,26,TV Personality,Utah,United States,False
34,Jen Affleck,9,False,11,26,TV Personality,Utah,United States,False
34,Jen Affleck,10,False,11,26,TV Personality,Utah,United States,False
34,Jen Affleck,11,False,11,26,TV Personality,Utah,United States,False
34,Jordan Chiles,1,True,11,24,Athlete,Texas,United States,True
34,Jordan Chiles,2,True,11,24,Athlete,Texas,United States,True
34,Jordan Chiles,3,True,11,24,Athlete,Texas,United States,True
34,Jordan Chiles,4,True,11,24,Athlete,Texas,United States,True
34,Jordan Chiles,5,True,11,24,Athlete,Texas,United States,True
34,Jordan Chiles,6,True,11,24,Athlete,Texas,United States,True
34,Jordan Chiles,7,True,11,24,Athlete,Texas,United States,True
34,Jordan Chiles,8,True,11,24,Athlete,Texas,United States,True
34,Jordan Chiles,9,True,11,24,Athlete,Texas,United States,True
34,Jordan Chiles,10,True,11,24,Athlete,Texas,United States,True
34,Jordan Chiles,11,True,11,24,Athlete,Texas,United States,False
34,Lauren Jauregui,1,True,11,29,Singer/Rapper,Florida,United States,True
34,Lauren Jauregui,2,True,11,29,Singer/Rapper,Florida,United States,True
34,Lauren Jauregui,3,True,11,29,Singer/Rapper,Florida,United States,False
34,Lauren Jauregui,4,False,11,29,Singer/Rapper,Florida,United States,False
34,Lauren Jauregui,5,False,11,29,Singer/Rapper,Florida,United States,False
34,Lauren Jauregui,6,False,11,29,Singer/Rapper,Florida,United States,False
34,Lauren Jauregui,7,False,11,29,Singer/Rapper,Florida,United States,False
34,Lauren Jauregui,8,False,11,29,Singer/Rapper,Florida,United States,False
34,Lauren Jauregui,9,False,11,29,Singer/Rapper,Florida,United States,False
34,Lauren Jauregui,10,False,11,29,Singer/Rapper,Florida,United States,False
34,Lauren Jauregui,11,False,11,29,Singer/Rapper,Florida,United States,False
34,Robert Irwin,1,True,11,22,Conservationist,,Australia,True
34,Robert Irwin,2,True,11,22,Conservationist,,Australia,True
34,Robert Irwin,3,True,11,22,Conservationist,,Australia,True
34,Robert Irwin,4,True,11,22,Conservationist,,Australia,True
34,Robert Irwin,5,True,11,22,Conservationist,,Australia,True
34,Robert Irwin,6,True,11,22,Conservationist,,Australia,True
34,Robert Irwin,7,True,11,22,Conservationist,,Australia,True
34,Robert Irwin,8,True,11,22,Conservationist,,Australia,True
34,Robert Irwin,9,True,11,22,Conservationist,,Australia,True
34,Robert Irwin,10,True,11,22,Conservationist,,Australia,True
34,Robert Irwin,11,True,11,22,Conservationist,,Australia,False
34,Scott Hoying,1,True,11,34,Singer/Rapper,California,United States,True
34,Scott Hoying,2,True,11,34,Singer/Rapper,California,United States,True
34,Scott Hoying,3,True,11,34,Singer/Rapper,California,United States,True
34,Scott Hoying,4,True,11,34,Singer/Rapper,California,United States,True
34,Scott Hoying,5,True,11,34,Singer/Rapper,California,United States,True
34,Scott Hoying,6,True,11,34,Singer/Rapper,California,United States,False
34,Scott Hoying,7,False,11,34,Singer/Rapper,California,United States,False
34,Scott Hoying,8,False,11,34,Singer/Rapper,California,United States,False
34,Scott Hoying,9,False,11,34,Singer/Rapper,California,United States,False
34,Scott Hoying,10,False,11,34,Singer/Rapper,California,United States,False
34,Scott Hoying,11,False,11,34,Singer/Rapper,California,United States,False
34,Whitney Leavitt,1,True,11,32,TV Personality,Utah,United States,True
34,Whitney Leavitt,2,True,11,32,TV Personality,Utah,United States,True
34,Whitney Leavitt,3,True,11,32,TV Personality,Utah,United States,True
34,Whitney Leavitt,4,True,11,32,TV Personality,Utah,United States,True
34,Whitney Leavitt,5,True,11,32,TV Personality,Utah,United States,True
34,Whitney Leavitt,6,True,11,32,TV Personality,Utah,United States,True
34,Whitney Leavitt,7,True,11,32,TV Personality,Utah,United States,True
34,Whitney Leavitt,8,True,11,32,TV Personality,Utah,United States,True
34,Whitney Leavitt,9,True,11,32,TV Personality,Utah,United States,True
34,Whitney Leavitt,10,True,11,32,TV Personality,Utah,United States,False
34,Whitney Leavitt,11,False,11,32,TV Personality,Utah,United States,False
