season,celebrity_name,week,total_judge_score,mean_judge_score,n_judges_scored,performed,ballroom_partner,celebrity_industry,celebrity_homestate,celebrity_homecountry_region,celebrity_age_during_season,results,placement,elim_week_result,is_withdrew,is_place,season_max_week,active_until,last_week_positive,eligible,judge_rank,judge_percent
1,Evander Holyfield,1,18.0,6.0,3,True,Edyta Sliwinska,Athlete,Alabama,United States,42,Eliminated Week 3,5,3,False,False,6,3.0,3.0,True,4.5,0.1651376146788991
1,Evander Holyfield,2,14.0,4.666666666666667,3,True,Edyta Sliwinska,Athlete,Alabama,United States,42,Eliminated Week 3,5,3,False,False,6,3.0,3.0,True,6.0,0.11570247933884298
1,Evander Holyfield,3,13.0,4.333333333333333,3,True,Edyta Sliwinska,Athlete,Alabama,United States,42,Eliminated Week 3,5,3,False,False,6,3.0,3.0,True,5.0,0.12264150943396226
1,Evander Holyfield,4,,,0,False,Edyta Sliwinska,Athlete,Alabama,United States,42,Eliminated Week 3,5,3,False,False,6,3.0,3.0,False,,
1,Evander Holyfield,5,,,0,False,Edyta Sliwinska,Athlete,Alabama,United States,42,Eliminated Week 3,5,3,False,False,6,3.0,3.0,False,,
1,Evander Holyfield,6,,,0,False,Edyta Sliwinska,Athlete,Alabama,United States,42,Eliminated Week 3,5,3,False,False,6,3.0,3.0,False,,
1,Joey McIntyre,1,20.0,6.666666666666667,3,True,Ashly DelGrosso,Singer/Rapper,Massachusetts,United States,32,3rd Place,3,,False,True,6,6.0,5.0,True,2.0,0.1834862385321101
1,Joey McIntyre,2,21.0,7.0,3,True,Ashly DelGrosso,Singer/Rapper,Massachusetts,United States,32,3rd Place,3,,False,True,6,6.0,5.0,True,3.0,0.17355371900826447
1,Joey McIntyre,3,22.0,7.333333333333333,3,True,Ashly DelGrosso,Singer/Rapper,Massachusetts,United States,32,3rd Place,3,,False,True,6,6.0,5.0,True,3.0,0.20754716981132076
1,Joey McIntyre,4,20.0,6.666666666666667,3,True,Ashly DelGrosso,Singer/Rapper,Massachusetts,United States,32,3rd Place,3,,False,True,6,6.0,5.0,True,4.0,0.21739130434782608
1,Joey McIntyre,5,22.5,7.5,3,True,Ashly DelGrosso,Singer/Rapper,Massachusetts,United States,32,3rd Place,3,,False,True,6,6.0,5.0,True,3.0,0.3082191780821918
1,Joey McIntyre,6,,,0,False,Ashly DelGrosso,Singer/Rapper,Massachusetts,United States,32,3rd Place,3,,False,True,6,6.0,5.0,True,,
1,John O'Hurley,1,20.0,6.666666666666667,3,True,Charlotte Jorgensen,Actor/Actress,Maine,United States,50,2nd Place,2,,False,True,6,6.0,6.0,True,2.0,0.1834862385321101
1,John O'Hurley,2,26.0,8.666666666666666,3,True,Charlotte Jorgensen,Actor/Actress,Maine,United States,50,2nd Place,2,,False,True,6,6.0,6.0,True,1.0,0.21487603305785125
1,John O'Hurley,3,24.0,8.0,3,True,Charlotte Jorgensen,Actor/Actress,Maine,United States,50,2nd Place,2,,False,True,6,6.0,6.0,True,2.0,0.22641509433962265
1,John O'Hurley,4,21.0,7.0,3,True,Charlotte Jorgensen,Actor/Actress,Maine,United States,50,2nd Place,2,,False,True,6,6.0,6.0,True,3.0,0.22826086956521738
1,John O'Hurley,5,27.0,9.0,3,True,Charlotte Jorgensen,Actor/Actress,Maine,United States,50,2nd Place,2,,False,True,6,6.0,6.0,True,1.0,0.3698630136986301
1,John O'Hurley,6,27.0,9.0,3,True,Charlotte Jorgensen,Actor/Actress,Maine,United States,50,2nd Place,2,,False,True,6,6.0,6.0,True,2.0,0.4954128440366973
1,Kelly Monaco,1,13.0,4.333333333333333,3,True,Alec Mazo,Actor/Actress,Pennsylvania,United States,29,1st Place,1,,False,True,6,6.0,6.0,True,6.0,0.11926605504587157
1,Kelly Monaco,2,17.0,5.666666666666667,3,True,Alec Mazo,Actor/Actress,Pennsylvania,United States,29,1st Place,1,,False,True,6,6.0,6.0,True,5.0,0.14049586776859505
1,Kelly Monaco,3,21.0,7.0,3,True,Alec Mazo,Actor/Actress,Pennsylvania,United States,29,1st Place,1,,False,True,6,6.0,6.0,True,4.0,0.19811320754716982
1,Kelly Monaco,4,26.0,8.666666666666666,3,True,Alec Mazo,Actor/Actress,Pennsylvania,United States,29,1st Place,1,,False,True,6,6.0,6.0,True,1.0,0.2826086956521739
1,Kelly Monaco,5,23.5,7.833333333333333,3,True,Alec Mazo,Actor/Actress,Pennsylvania,United States,29,1st Place,1,,False,True,6,6.0,6.0,True,2.0,0.3219178082191781
1,Kelly Monaco,6,27.5,9.166666666666666,3,True,Alec Mazo,Actor/Actress,Pennsylvania,United States,29,1st Place,1,,False,True,6,6.0,6.0,True,1.0,0.5045871559633027
1,Rachel Hunter,1,20.0,6.666666666666667,3,True,Jonathan Roberts,Model,,New Zealand,35,Eliminated Week 4,4,4,False,False,6,4.0,4.0,True,2.0,0.1834862385321101
1,Rachel Hunter,2,24.0,8.0,3,True,Jonathan Roberts,Model,,New Zealand,35,Eliminated Week 4,4,4,False,False,6,4.0,4.0,True,2.0,0.19834710743801653
1,Rachel Hunter,3,26.0,8.666666666666666,3,True,Jonathan Roberts,Model,,New Zealand,35,Eliminated Week 4,4,4,False,False,6,4.0,4.0,True,1.0,0.24528301886792453
1,Rachel Hunter,4,25.0,8.333333333333334,3,True,Jonathan Roberts,Model,,New Zealand,35,Eliminated Week 4,4,4,False,False,6,4.0,4.0,True,2.0,0.2717391304347826
1,Rachel Hunter,5,,,0,False,Jonathan Roberts,Model,,New Zealand,35,Eliminated Week 4,4,4,False,False,6,4.0,4.0,False,,
1,Rachel Hunter,6,,,0,False,Jonathan Roberts,Model,,New Zealand,35,Eliminated Week 4,4,4,False,False,6,4.0,4.0,False,,
1,Trista Sutter,1,18.0,6.0,3,True,Louis van Amstel,TV Personality,Indiana,United States,32,Eliminated Week 2,6,2,False,False,6,2.0,2.0,True,4.5,0.1651376146788991
1,Trista Sutter,2,19.0,6.333333333333333,3,True,Louis van Amstel,TV Personality,Indiana,United States,32,Eliminated Week 2,6,2,False,False,6,2.0,2.0,True,4.0,0.15702479338842976
1,Trista Sutter,3,,,0,False,Louis van Amstel,TV Personality,Indiana,United States,32,Eliminated Week 2,6,2,False,False,6,2.0,2.0,False,,
1,Trista Sutter,4,,,0,False,Louis van Amstel,TV Personality,Indiana,United States,32,Eliminated Week 2,6,2,False,False,6,2.0,2.0,False,,
1,Trista Sutter,5,,,0,False,Louis van Amstel,TV Personality,Indiana,United States,32,Eliminated Week 2,6,2,False,False,6,2.0,2.0,False,,
1,Trista Sutter,6,,,0,False,Louis van Amstel,TV Personality,Indiana,United States,32,Eliminated Week 2,6,2,False,False,6,2.0,2.0,False,,
2,Drew Lachey,1,24.0,8.0,3,True,Cheryl Burke,Singer/Rapper,Ohio,United States,29,1st Place,1,,False,True,8,8.0,8.0,True,1.0,0.12307692307692308
2,Drew Lachey,2,27.0,9.0,3,True,Cheryl Burke,Singer/Rapper,Ohio,United States,29,1st Place,1,,False,True,8,8.0,8.0,True,2.0,0.135
2,Drew Lachey,3,27.0,9.0,3,True,Cheryl Burke,Singer/Rapper,Ohio,United States,29,1st Place,1,,False,True,8,8.0,8.0,True,1.5,0.14835164835164835
2,Drew Lachey,4,28.0,9.333333333333334,3,True,Cheryl Burke,Singer/Rapper,Ohio,United States,29,1st Place,1,,False,True,8,8.0,8.0,True,1.0,0.17721518987341772
2,Drew Lachey,5,27.0,9.0,3,True,Cheryl Burke,Singer/Rapper,Ohio,United States,29,1st Place,1,,False,True,8,8.0,8.0,True,2.0,0.17880794701986755
2,Drew Lachey,6,30.0,10.0,3,True,Cheryl Burke,Singer/Rapper,Ohio,United States,29,1st Place,1,,False,True,8,8.0,8.0,True,1.5,0.22556390977443608
2,Drew Lachey,7,27.5,9.166666666666666,3,True,Cheryl Burke,Singer/Rapper,Ohio,United States,29,1st Place,1,,False,True,8,8.0,8.0,True,1.5,0.2696078431372549
2,Drew Lachey,8,28.9998,9.6666,3,True,Cheryl Burke,Singer/Rapper,Ohio,United States,29,1st Place,1,,False,True,8,8.0,8.0,True,1.0,0.34387291318097685
2,George Hamilton,1,18.0,6.0,3,True,Edyta Sliwinska,Actor/Actress,Tennessee,United States,66,Eliminated Week 6,5,6,False,False,8,6.0,6.0,True,8.0,0.09230769230769231
2,George Hamilton,2,22.0,7.333333333333333,3,True,Edyta Sliwinska,Actor/Actress,Tennessee,United States,66,Eliminated Week 6,5,6,False,False,8,6.0,6.0,True,5.5,0.11
2,George Hamilton,3,22.0,7.333333333333333,3,True,Edyta Sliwinska,Actor/Actress,Tennessee,United States,66,Eliminated Week 6,5,6,False,False,8,6.0,6.0,True,5.5,0.12087912087912088
2,George Hamilton,4,21.0,7.0,3,True,Edyta Sliwinska,Actor/Actress,Tennessee,United States,66,Eliminated Week 6,5,6,False,False,8,6.0,6.0,True,6.0,0.13291139240506328
2,George Hamilton,5,24.0,8.0,3,True,Edyta Sliwinska,Actor/Actress,Tennessee,United States,66,Eliminated Week 6,5,6,False,False,8,6.0,6.0,True,4.0,0.15894039735099338
2,George Hamilton,6,23.0,7.666666666666667,3,True,Edyta Sliwinska,Actor/Actress,Tennessee,United States,66,Eliminated Week 6,5,6,False,False,8,6.0,6.0,True,4.5,0.17293233082706766
2,George Hamilton,7,,,0,False,Edyta Sliwinska,Actor/Actress,Tennessee,United States,66,Eliminated Week 6,5,6,False,False,8,6.0,6.0,False,,
2,George Hamilton,8,,,0,False,Edyta Sliwinska,Actor/Actress,Tennessee,United States,66,Eliminated Week 6,5,6,False,False,8,6.0,6.0,False,,
2,Giselle Fernandez,1,23.0,7.666666666666667,3,True,Jonathan Roberts,News Anchor,,Mexico,44,Eliminated Week 3,8,3,False,False,8,3.0,3.0,True,2.5,0.11794871794871795
2,Giselle Fernandez,2,24.0,8.0,3,True,Jonathan Roberts,News Anchor,,Mexico,44,Eliminated Week 3,8,3,False,False,8,3.0,3.0,True,3.0,0.12
2,Giselle Fernandez,3,22.0,7.333333333333333,3,True,Jonathan Roberts,News Anchor,,Mexico,44,Eliminated Week 3,8,3,False,False,8,3.0,3.0,True,5.5,0.12087912087912088
2,Giselle Fernandez,4,,,0,False,Jonathan Roberts,News Anchor,,Mexico,44,Eliminated Week 3,8,3,False,False,8,3.0,3.0,False,,
2,Giselle Fernandez,5,,,0,False,Jonathan Roberts,News Anchor,,Mexico,44,Eliminated Week 3,8,3,False,False,8,3.0,3.0,False,,
2,Giselle Fernandez,6,,,0,False,Jonathan Roberts,News Anchor,,Mexico,44,Eliminated Week 3,8,3,False,False,8,3.0,3.0,False,,
2,Giselle Fernandez,7,,,0,False,Jonathan Roberts,News Anchor,,Mexico,44,Eliminated Week 3,8,3,False,False,8,3.0,3.0,False,,
2,Giselle Fernandez,8,,,0,False,Jonathan Roberts,News Anchor,,Mexico,44,Eliminated Week 3,8,3,False,False,8,3.0,3.0,False,,
2,Jerry Rice,1,21.0,7.0,3,True,Anna Trebunskaya,Athlete,Mississippi,United States,43,2nd Place,2,,False,True,8,8.0,8.0,True,5.0,0.1076923076923077
2,Jerry Rice,2,23.0,7.666666666666667,3,True,Anna Trebunskaya,Athlete,Mississippi,United States,43,2nd Place,2,,False,True,8,8.0,8.0,True,4.0,0.115
2,Jerry Rice,3,19.0,6.333333333333333,3,True,Anna Trebunskaya,Athlete,Mississippi,United States,43,2nd Place,2,,False,True,8,8.0,8.0,True,7.0,0.1043956043956044
2,Jerry Rice,4,24.0,8.0,3,True,Anna Trebunskaya,Athlete,Mississippi,United States,43,2nd Place,2,,False,True,8,8.0,8.0,True,5.0,0.1518987341772152
2,Jerry Rice,5,23.0,7.666666666666667,3,True,Anna Trebunskaya,Athlete,Mississippi,United States,43,2nd Place,2,,False,True,8,8.0,8.0,True,5.0,0.152317880794702
2,Jerry Rice,6,23.0,7.666666666666667,3,True,Anna Trebunskaya,Athlete,Mississippi,United States,43,2nd Place,2,,False,True,8,8.0,8.0,True,4.5,0.17293233082706766
2,Jerry Rice,7,20.5,6.833333333333333,3,True,Anna Trebunskaya,Athlete,Mississippi,United States,43,2nd Place,2,,False,True,8,8.0,8.0,True,4.0,0.20098039215686275
2,Jerry Rice,8,26.666600000000003,8.888866666666667,3,True,Anna Trebunskaya,Athlete,Mississippi,United States,43,2nd Place,2,,False,True,8,8.0,8.0,True,3.0,0.31620636785880724
2,Kenny Mayne,1,13.0,4.333333333333333,3,True,Andrea Hale,Sports Broadcaster,Washington,United States,46,Eliminated Week 1,10,1,False,False,8,1.0,1.0,True,9.0,0.06666666666666667
2,Kenny Mayne,2,,,0,False,Andrea Hale,Sports Broadcaster,Washington,United States,46,Eliminated Week 1,10,1,False,False,8,1.0,1.0,False,,
2,Kenny Mayne,3,,,0,False,Andrea Hale,Sports Broadcaster,Washington,United States,46,Eliminated Week 1,10,1,False,False,8,1.0,1.0,False,,
2,Kenny Mayne,4,,,0,False,Andrea Hale,Sports Broadcaster,Washington,United States,46,Eliminated Week 1,10,1,False,False,8,1.0,1.0,False,,
2,Kenny Mayne,5,,,0,False,Andrea Hale,Sports Broadcaster,Washington,United States,46,Eliminated Week 1,10,1,False,False,8,1.0,1.0,False,,
2,Kenny Mayne,6,,,0,False,Andrea Hale,Sports Broadcaster,Washington,United States,46,Eliminated Week 1,10,1,False,False,8,1.0,1.0,False,,
2,Kenny Mayne,7,,,0,False,Andrea Hale,Sports Broadcaster,Washington,United States,46,Eliminated Week 1,10,1,False,False,8,1.0,1.0,False,,
2,Kenny Mayne,8,,,0,False,Andrea Hale,Sports Broadcaster,Washington,United States,46,Eliminated Week 1,10,1,False,False,8,1.0,1.0,False,,
2,Lisa Rinna,1,19.0,6.333333333333333,3,True,Louis van Amstel,Actor/Actress,California,United States,42,Eliminated Week 7,4,7,False,False,8,7.0,7.0,True,7.0,0.09743589743589744
2,Lisa Rinna,2,20.0,6.666666666666667,3,True,Louis van Amstel,Actor/Actress,California,United States,42,Eliminated Week 7,4,7,False,False,8,7.0,7.0,True,7.0,0.1
2,Lisa Rinna,3,25.0,8.333333333333334,3,True,Louis van Amstel,Actor/Actress,California,United States,42,Eliminated Week 7,4,7,False,False,8,7.0,7.0,True,4.0,0.13736263736263737
2,Lisa Rinna,4,26.0,8.666666666666666,3,True,Louis van Amstel,Actor/Actress,California,United States,42,Eliminated Week 7,4,7,False,False,8,7.0,7.0,True,2.5,0.16455696202531644
2,Lisa Rinna,5,25.0,8.333333333333334,3,True,Louis van Amstel,Actor/Actress,California,United States,42,Eliminated Week 7,4,7,False,False,8,7.0,7.0,True,3.0,0.16556291390728478
2,Lisa Rinna,6,27.0,9.0,3,True,Louis van Amstel,Actor/Actress,California,United States,42,Eliminated Week 7,4,7,False,False,8,7.0,7.0,True,3.0,0.20300751879699247
2,Lisa Rinna,7,26.5,8.833333333333334,3,True,Louis van Amstel,Actor/Actress,California,United States,42,Eliminated Week 7,4,7,False,False,8,7.0,7.0,True,3.0,0.25980392156862747
2,Lisa Rinna,8,,,0,False,Louis van Amstel,Actor/Actress,California,United States,42,Eliminated Week 7,4,7,False,False,8,7.0,7.0,False,,
2,Master P,1,12.0,4.0,3,True,Ashly DelGrosso,Singer/Rapper,Louisiana,United States,35,Eliminated Week 4,7,4,False,False,8,4.0,4.0,True,10.0,0.06153846153846154
2,Master P,2,16.0,5.333333333333333,3,True,Ashly DelGrosso,Singer/Rapper,Louisiana,United States,35,Eliminated Week 4,7,4,False,False,8,4.0,4.0,True,9.0,0.08
2,Master P,3,14.0,4.666666666666667,3,True,Ashly DelGrosso,Singer/Rapper,Louisiana,United States,35,Eliminated Week 4,7,4,False,False,8,4.0,4.0,True,8.0,0.07692307692307693
2,Master P,4,8.0,2.6666666666666665,3,True,Ashly DelGrosso,Singer/Rapper,Louisiana,United States,35,Eliminated Week 4,7,4,False,False,8,4.0,4.0,True,7.0,0.05063291139240506
2,Master P,5,,,0,False,Ashly DelGrosso,Singer/Rapper,Louisiana,United States,35,Eliminated Week 4,7,4,False,False,8,4.0,4.0,False,,
2,Master P,6,,,0,False,Ashly DelGrosso,Singer/Rapper,Louisiana,United States,35,Eliminated Week 4,7,4,False,False,8,4.0,4.0,False,,
2,Master P,7,,,0,False,Ashly DelGrosso,Singer/Rapper,Louisiana,United States,35,Eliminated Week 4,7,4,False,False,8,4.0,4.0,False,,
2,Master P,8,,,0,False,Ashly DelGrosso,Singer/Rapper,Louisiana,United States,35,Eliminated Week 4,7,4,False,False,8,4.0,4.0,False,,
2,Stacy Keibler,1,22.0,7.333333333333333,3,True,Tony Dovolani,Athlete,Maryland,United States,26,3rd Place,3,,False,True,8,8.0,8.0,True,4.0,0.11282051282051282
2,Stacy Keibler,2,29.0,9.666666666666666,3,True,Tony Dovolani,Athlete,Maryland,United States,26,3rd Place,3,,False,True,8,8.0,8.0,True,1.0,0.145
2,Stacy Keibler,3,27.0,9.0,3,True,Tony Dovolani,Athlete,Maryland,United States,26,3rd Place,3,,False,True,8,8.0,8.0,True,1.5,0.14835164835164835
2,Stacy Keibler,4,26.0,8.666666666666666,3,True,Tony Dovolani,Athlete,Maryland,United States,26,3rd Place,3,,False,True,8,8.0,8.0,True,2.5,0.16455696202531644
2,Stacy Keibler,5,30.0,10.0,3,True,Tony Dovolani,Athlete,Maryland,United States,26,3rd Place,3,,False,True,8,8.0,8.0,True,1.0,0.1986754966887417
2,Stacy Keibler,6,30.0,10.0,3,True,Tony Dovolani,Athlete,Maryland,United States,26,3rd Place,3,,False,True,8,8.0,8.0,True,1.5,0.22556390977443608
2,Stacy Keibler,7,27.5,9.166666666666666,3,True,Tony Dovolani,Athlete,Maryland,United States,26,3rd Place,3,,False,True,8,8.0,8.0,True,1.5,0.2696078431372549
2,Stacy Keibler,8,28.6665,9.5555,3,True,Tony Dovolani,Athlete,Maryland,United States,26,3rd Place,3,,False,True,8,8.0,8.0,True,2.0,0.33992071896021603
2,Tatum O'Neal,1,23.0,7.666666666666667,3,True,Nick Kosovich,Actor/Actress,California,United States,42,Eliminated Week 2,9,2,False,False,8,2.0,2.0,True,2.5,0.11794871794871795
2,Tatum O'Neal,2,17.0,5.666666666666667,3,True,Nick Kosovich,Actor/Actress,California,United States,42,Eliminated Week 2,9,2,False,False,8,2.0,2.0,True,8.0,0.085
2,Tatum O'Neal,3,,,0,False,Nick Kosovich,Actor/Actress,California,United States,42,Eliminated Week 2,9,2,False,False,8,2.0,2.0,False,,
2,Tatum O'Neal,4,,,0,False,Nick Kosovich,Actor/Actress,California,United States,42,Eliminated Week 2,9,2,False,False,8,2.0,2.0,False,,
2,Tatum O'Neal,5,,,0,False,Nick Kosovich,Actor/Actress,California,United States,42,Eliminated Week 2,9,2,False,False,8,2.0,2.0,False,,
2,Tatum O'Neal,6,,,0,False,Nick Kosovich,Actor/Actress,California,United States,42,Eliminated Week 2,9,2,False,False,8,2.0,2.0,False,,
2,Tatum O'Neal,7,,,0,False,Nick Kosovich,Actor/Actress,California,United States,42,Eliminated Week 2,9,2,False,False,8,2.0,2.0,False,,
2,Tatum O'Neal,8,,,0,False,Nick Kosovich,Actor/Actress,California,United States,42,Eliminated Week 2,9,2,False,False,8,2.0,2.0,False,,
2,Tia Carrere,1,20.0,6.666666666666667,3,True,Maksim Chmerkoskiy,Actor/Actress,Hawaii,United States,39,Eliminated Week 5,6,5,False,False,8,5.0,5.0,True,6.0,0.10256410256410256
2,Tia Carrere,2,22.0,7.333333333333333,3,True,Maksim Chmerkoskiy,Actor/Actress,Hawaii,United States,39,Eliminated Week 5,6,5,False,False,8,5.0,5.0,True,5.5,0.11
2,Tia Carrere,3,26.0,8.666666666666666,3,True,Maksim Chmerkoskiy,Actor/Actress,Hawaii,United States,39,Eliminated Week 5,6,5,False,False,8,5.0,5.0,True,3.0,0.14285714285714285
2,Tia Carrere,4,25.0,8.333333333333334,3,True,Maksim Chmerkoskiy,Actor/Actress,Hawaii,United States,39,Eliminated Week 5,6,5,False,False,8,5.0,5.0,True,4.0,0.15822784810126583
2,Tia Carrere,5,22.0,7.333333333333333,3,True,Maksim Chmerkoskiy,Actor/Actress,Hawaii,United States,39,Eliminated Week 5,6,5,False,False,8,5.0,5.0,True,6.0,0.1456953642384106
2,Tia Carrere,6,,,0,False,Maksim Chmerkoskiy,Actor/Actress,Hawaii,United States,39,Eliminated Week 5,6,5,False,False,8,5.0,5.0,False,,
2,Tia Carrere,7,,,0,False,Maksim Chmerkoskiy,Actor/Actress,Hawaii,United States,39,Eliminated Week 5,6,5,False,False,8,5.0,5.0,False,,
2,Tia Carrere,8,,,0,False,Maksim Chmerkoskiy,Actor/Actress,Hawaii,United States,39,Eliminated Week 5,6,5,False,False,8,5.0,5.0,False,,
3,Emmitt Smith,1,24.0,8.0,3,True,Cheryl Burke,Athlete,Florida,United States,37,1st Place,1,,False,True,10,10.0,10.0,True,2.0,0.11320754716981132
3,Emmitt Smith,2,24.0,8.0,3,True,Cheryl Burke,Athlete,Florida,United States,37,1st Place,1,,False,True,10,10.0,10.0,True,3.5,0.10434782608695652
3,Emmitt Smith,3,19.0,6.333333333333333,3,True,Cheryl Burke,Athlete,Florida,United States,37,1st Place,1,,False,True,10,10.0,10.0,True,9.0,0.09178743961352658
3,Emmitt Smith,4,24.0,8.0,3,True,Cheryl Burke,Athlete,Florida,United States,37,1st Place,1,,False,True,10,10.0,10.0,True,5.0,0.12121212121212122
3,Emmitt Smith,5,27.0,9.0,3,True,Cheryl Burke,Athlete,Florida,United States,37,1st Place,1,,False,True,10,10.0,10.0,True,2.5,0.14917127071823205
3,Emmitt Smith,6,25.0,8.333333333333334,3,True,Cheryl Burke,Athlete,Florida,United States,37,1st Place,1,,False,True,10,10.0,10.0,True,2.0,0.211864406779661
3,Emmitt Smith,7,28.5,9.5,3,True,Cheryl Burke,Athlete,Florida,United States,37,1st Place,1,,False,True,10,10.0,10.0,True,1.5,0.2111111111111111
3,Emmitt Smith,8,27.0,9.0,3,True,Cheryl Burke,Athlete,Florida,United States,37,1st Place,1,,False,True,10,10.0,10.0,True,2.5,0.24770642201834864
3,Emmitt Smith,9,29.5,9.833333333333334,3,True,Cheryl Burke,Athlete,Florida,United States,37,1st Place,1,,False,True,10,10.0,10.0,True,2.0,0.3333333333333333
3,Emmitt Smith,10,29.666600000000003,9.888866666666667,3,True,Cheryl Burke,Athlete,Florida,United States,37,1st Place,1,,False,True,10,10.0,10.0,True,1.5,0.5
3,Harry Hamlin,1,17.0,5.666666666666667,3,True,Ashly DelGrosso,Actor/Actress,California,United States,54,Eliminated Week 3,9,3,False,False,10,3.0,3.0,True,8.0,0.08018867924528301
3,Harry Hamlin,2,21.0,7.0,3,True,Ashly DelGrosso,Actor/Actress,California,United States,54,Eliminated Week 3,9,3,False,False,10,3.0,3.0,True,8.0,0.09130434782608696
3,Harry Hamlin,3,22.0,7.333333333333333,3,True,Ashly DelGrosso,Actor/Actress,California,United States,54,Eliminated Week 3,9,3,False,False,10,3.0,3.0,True,5.5,0.10628019323671498
3,Harry Hamlin,4,,,0,False,Ashly DelGrosso,Actor/Actress,California,United States,54,Eliminated Week 3,9,3,False,False,10,3.0,3.0,False,,
3,Harry Hamlin,5,,,0,False,Ashly DelGrosso,Actor/Actress,California,United States,54,Eliminated Week 3,9,3,False,False,10,3.0,3.0,False,,
3,Harry Hamlin,6,,,0,False,Ashly DelGrosso,Actor/Actress,California,United States,54,Eliminated Week 3,9,3,False,False,10,3.0,3.0,False,,
3,Harry Hamlin,7,,,0,False,Ashly DelGrosso,Actor/Actress,California,United States,54,Eliminated Week 3,9,3,False,False,10,3.0,3.0,False,,
3,Harry Hamlin,8,,,0,False,Ashly DelGrosso,Actor/Actress,California,United States,54,Eliminated Week 3,9,3,False,False,10,3.0,3.0,False,,
3,Harry Hamlin,9,,,0,False,Ashly DelGrosso,Actor/Actress,California,United States,54,Eliminated Week 3,9,3,False,False,10,3.0,3.0,False,,
3,Harry Hamlin,10,,,0,False,Ashly DelGrosso,Actor/Actress,California,United States,54,Eliminated Week 3,9,3,False,False,10,3.0,3.0,False,,
3,Jerry Springer,1,16.0,5.333333333333333,3,True,Kym Johnson,TV Personality,,England,62,Eliminated Week 7,5,7,False,False,10,7.0,7.0,True,9.0,0.07547169811320754
3,Jerry Springer,2,19.0,6.333333333333333,3,True,Kym Johnson,TV Personality,,England,62,Eliminated Week 7,5,7,False,False,10,7.0,7.0,True,10.0,0.08260869565217391
3,Jerry Springer,3,21.0,7.0,3,True,Kym Johnson,TV Personality,,England,62,Eliminated Week 7,5,7,False,False,10,7.0,7.0,True,8.0,0.10144927536231885
3,Jerry Springer,4,22.0,7.333333333333333,3,True,Kym Johnson,TV Personality,,England,62,Eliminated Week 7,5,7,False,False,10,7.0,7.0,True,7.0,0.1111111111111111
3,Jerry Springer,5,24.0,8.0,3,True,Kym Johnson,TV Personality,,England,62,Eliminated Week 7,5,7,False,False,10,7.0,7.0,True,6.5,0.13259668508287292
3,Jerry Springer,6,18.0,6.0,3,True,Kym Johnson,TV Personality,,England,62,Eliminated Week 7,5,7,False,False,10,7.0,7.0,True,5.0,0.15254237288135594
3,Jerry Springer,7,23.0,7.666666666666667,3,True,Kym Johnson,TV Personality,,England,62,Eliminated Week 7,5,7,False,False,10,7.0,7.0,True,5.0,0.17037037037037037
3,Jerry Springer,8,,,0,False,Kym Johnson,TV Personality,,England,62,Eliminated Week 7,5,7,False,False,10,7.0,7.0,False,,
3,Jerry Springer,9,,,0,False,Kym Johnson,TV Personality,,England,62,Eliminated Week 7,5,7,False,False,10,7.0,7.0,False,,
3,Jerry Springer,10,,,0,False,Kym Johnson,TV Personality,,England,62,Eliminated Week 7,5,7,False,False,10,7.0,7.0,False,,
3,Joey Lawrence,1,21.0,7.0,3,True,Edyta Sliwinska,Actor/Actress,Pennsylvania,United States,30,3rd Place,3,,False,True,10,10.0,9.0,True,5.0,0.09905660377358491
3,Joey Lawrence,2,29.0,9.666666666666666,3,True,Edyta Sliwinska,Actor/Actress,Pennsylvania,United States,30,3rd Place,3,,False,True,10,10.0,9.0,True,1.0,0.12608695652173912
3,Joey Lawrence,3,22.0,7.333333333333333,3,True,Edyta Sliwinska,Actor/Actress,Pennsylvania,United States,30,3rd Place,3,,False,True,10,10.0,9.0,True,5.5,0.10628019323671498
3,Joey Lawrence,4,27.0,9.0,3,True,Edyta Sliwinska,Actor/Actress,Pennsylvania,United States,30,3rd Place,3,,False,True,10,10.0,9.0,True,3.0,0.13636363636363635
3,Joey Lawrence,5,25.0,8.333333333333334,3,True,Edyta Sliwinska,Actor/Actress,Pennsylvania,United States,30,3rd Place,3,,False,True,10,10.0,9.0,True,5.0,0.13812154696132597
3,Joey Lawrence,6,24.0,8.0,3,True,Edyta Sliwinska,Actor/Actress,Pennsylvania,United States,30,3rd Place,3,,False,True,10,10.0,9.0,True,3.0,0.2033898305084746
3,Joey Lawrence,7,28.5,9.5,3,True,Edyta Sliwinska,Actor/Actress,Pennsylvania,United States,30,3rd Place,3,,False,True,10,10.0,9.0,True,1.5,0.2111111111111111
3,Joey Lawrence,8,27.0,9.0,3,True,Edyta Sliwinska,Actor/Actress,Pennsylvania,United States,30,3rd Place,3,,False,True,10,10.0,9.0,True,2.5,0.24770642201834864
3,Joey Lawrence,9,29.5,9.833333333333334,3,True,Edyta Sliwinska,Actor/Actress,Pennsylvania,United States,30,3rd Place,3,,False,True,10,10.0,9.0,True,2.0,0.3333333333333333
3,Joey Lawrence,10,,,0,False,Edyta Sliwinska,Actor/Actress,Pennsylvania,United States,30,3rd Place,3,,False,True,10,10.0,9.0,True,,
3,Mario Lopez,1,26.0,8.666666666666666,3,True,Karina Smirnoff,Actor/Actress,California,United States,32,2nd Place,2,,False,True,10,10.0,10.0,True,1.0,0.12264150943396226
3,Mario Lopez,2,21.0,7.0,3,True,Karina Smirnoff,Actor/Actress,California,United States,32,2nd Place,2,,False,True,10,10.0,10.0,True,8.0,0.09130434782608696
3,Mario Lopez,3,22.0,7.333333333333333,3,True,Karina Smirnoff,Actor/Actress,California,United States,32,2nd Place,2,,False,True,10,10.0,10.0,True,5.5,0.10628019323671498
3,Mario Lopez,4,29.0,9.666666666666666,3,True,Karina Smirnoff,Actor/Actress,California,United States,32,2nd Place,2,,False,True,10,10.0,10.0,True,1.0,0.14646464646464646
3,Mario Lopez,5,27.0,9.0,3,True,Karina Smirnoff,Actor/Actress,California,United States,32,2nd Place,2,,False,True,10,10.0,10.0,True,2.5,0.14917127071823205
3,Mario Lopez,6,28.0,9.333333333333334,3,True,Karina Smirnoff,Actor/Actress,California,United States,32,2nd Place,2,,False,True,10,10.0,10.0,True,1.0,0.23728813559322035
3,Mario Lopez,7,28.0,9.333333333333334,3,True,Karina Smirnoff,Actor/Actress,California,United States,32,2nd Place,2,,False,True,10,10.0,10.0,True,3.0,0.2074074074074074
3,Mario Lopez,8,28.5,9.5,3,True,Karina Smirnoff,Actor/Actress,California,United States,32,2nd Place,2,,False,True,10,10.0,10.0,True,1.0,0.26146788990825687
3,Mario Lopez,9,29.5,9.833333333333334,3,True,Karina Smirnoff,Actor/Actress,California,United States,32,2nd Place,2,,False,True,10,10.0,10.0,True,2.0,0.3333333333333333
3,Mario Lopez,10,29.666600000000003,9.888866666666667,3,True,Karina Smirnoff,Actor/Actress,California,United States,32,2nd Place,2,,False,True,10,10.0,10.0,True,1.5,0.5
3,Monique Coleman,1,19.0,6.333333333333333,3,True,Louis van Amstel,Actor/Actress,South Carolina,United States,25,Eliminated Week 8,4,8,False,False,10,8.0,8.0,True,6.0,0.08962264150943396
3,Monique Coleman,2,26.0,8.666666666666666,3,True,Louis van Amstel,Actor/Actress,South Carolina,United States,25,Eliminated Week 8,4,8,False,False,10,8.0,8.0,True,2.0,0.11304347826086956
3,Monique Coleman,3,27.0,9.0,3,True,Louis van Amstel,Actor/Actress,South Carolina,United States,25,Eliminated Week 8,4,8,False,False,10,8.0,8.0,True,1.5,0.13043478260869565
3,Monique Coleman,4,24.0,8.0,3,True,Louis van Amstel,Actor/Actress,South Carolina,United States,25,Eliminated Week 8,4,8,False,False,10,8.0,8.0,True,5.0,0.12121212121212122
3,Monique Coleman,5,27.0,9.0,3,True,Louis van Amstel,Actor/Actress,South Carolina,United States,25,Eliminated Week 8,4,8,False,False,10,8.0,8.0,True,2.5,0.14917127071823205
3,Monique Coleman,6,23.0,7.666666666666667,3,True,Louis van Amstel,Actor/Actress,South Carolina,United States,25,Eliminated Week 8,4,8,False,False,10,8.0,8.0,True,4.0,0.19491525423728814
3,Monique Coleman,7,27.0,9.0,3,True,Louis van Amstel,Actor/Actress,South Carolina,United States,25,Eliminated Week 8,4,8,False,False,10,8.0,8.0,True,4.0,0.2
3,Monique Coleman,8,26.5,8.833333333333334,3,True,Louis van Amstel,Actor/Actress,South Carolina,United States,25,Eliminated Week 8,4,8,False,False,10,8.0,8.0,True,4.0,0.24311926605504589
3,Monique Coleman,9,,,0,False,Louis van Amstel,Actor/Actress,South Carolina,United States,25,Eliminated Week 8,4,8,False,False,10,8.0,8.0,False,,
3,Monique Coleman,10,,,0,False,Louis van Amstel,Actor/Actress,South Carolina,United States,25,Eliminated Week 8,4,8,False,False,10,8.0,8.0,False,,
3,Sara Evans,1,15.0,5.0,3,True,Tony Dovolani,Singer/Rapper,Missouri,United States,35,Withdrew,6,,True,False,10,5.0,5.0,True,10.0,0.07075471698113207
3,Sara Evans,2,21.0,7.0,3,True,Tony Dovolani,Singer/Rapper,Missouri,United States,35,Withdrew,6,,True,False,10,5.0,5.0,True,8.0,0.09130434782608696
3,Sara Evans,3,25.0,8.333333333333334,3,True,Tony Dovolani,Singer/Rapper,Missouri,United States,35,Withdrew,6,,True,False,10,5.0,5.0,True,3.0,0.12077294685990338
3,Sara Evans,4,20.0,6.666666666666667,3,True,Tony Dovolani,Singer/Rapper,Missouri,United States,35,Withdrew,6,,True,False,10,5.0,5.0,True,8.0,0.10101010101010101
3,Sara Evans,5,24.0,8.0,3,True,Tony Dovolani,Singer/Rapper,Missouri,United States,35,Withdrew,6,,True,False,10,5.0,5.0,True,6.5,0.13259668508287292
3,Sara Evans,6,,,0,False,Tony Dovolani,Singer/Rapper,Missouri,United States,35,Withdrew,6,,True,False,10,5.0,5.0,False,,
3,Sara Evans,7,,,0,False,Tony Dovolani,Singer/Rapper,Missouri,United States,35,Withdrew,6,,True,False,10,5.0,5.0,False,,
3,Sara Evans,8,,,0,False,Tony Dovolani,Singer/Rapper,Missouri,United States,35,Withdrew,6,,True,False,10,5.0,5.0,False,,
3,Sara Evans,9,,,0,False,Tony Dovolani,Singer/Rapper,Missouri,United States,35,Withdrew,6,,True,False,10,5.0,5.0,False,,
3,Sara Evans,10,,,0,False,Tony Dovolani,Singer/Rapper,Missouri,United States,35,Withdrew,6,,True,False,10,5.0,5.0,False,,
3,Shanna Moakler,1,18.0,6.0,3,True,Jesse DeSoto,Model,Rhode Island,United States,31,Eliminated Week 2,10,2,False,False,10,2.0,2.0,True,7.0,0.08490566037735849
3,Shanna Moakler,2,22.0,7.333333333333333,3,True,Jesse DeSoto,Model,Rhode Island,United States,31,Eliminated Week 2,10,2,False,False,10,2.0,2.0,True,6.0,0.09565217391304348
3,Shanna Moakler,3,,,0,False,Jesse DeSoto,Model,Rhode Island,United States,31,Eliminated Week 2,10,2,False,False,10,2.0,2.0,False,,
3,Shanna Moakler,4,,,0,False,Jesse DeSoto,Model,Rhode Island,United States,31,Eliminated Week 2,10,2,False,False,10,2.0,2.0,False,,
3,Shanna Moakler,5,,,0,False,Jesse DeSoto,Model,Rhode Island,United States,31,Eliminated Week 2,10,2,False,False,10,2.0,2.0,False,,
3,Shanna Moakler,6,,,0,False,Jesse DeSoto,Model,Rhode Island,United States,31,Eliminated Week 2,10,2,False,False,10,2.0,2.0,False,,
3,Shanna Moakler,7,,,0,False,Jesse DeSoto,Model,Rhode Island,United States,31,Eliminated Week 2,10,2,False,False,10,2.0,2.0,False,,
3,Shanna Moakler,8,,,0,False,Jesse DeSoto,Model,Rhode Island,United States,31,Eliminated Week 2,10,2,False,False,10,2.0,2.0,False,,
3,Shanna Moakler,9,,,0,False,Jesse DeSoto,Model,Rhode Island,United States,31,Eliminated Week 2,10,2,False,False,10,2.0,2.0,False,,
3,Shanna Moakler,10,,,0,False,Jesse DeSoto,Model,Rhode Island,United States,31,Eliminated Week 2,10,2,False,False,10,2.0,2.0,False,,
3,Tucker Carlson,1,12.0,4.0,3,True,Elena Grinenko,TV Personality,California,United States,37,Eliminated Week 1,11,1,False,False,10,1.0,1.0,True,11.0,0.05660377358490566
3,Tucker Carlson,2,,,0,False,Elena Grinenko,TV Personality,California,United States,37,Eliminated Week 1,11,1,False,False,10,1.0,1.0,False,,
3,Tucker Carlson,3,,,0,False,Elena Grinenko,TV Personality,California,United States,37,Eliminated Week 1,11,1,False,False,10,1.0,1.0,False,,
3,Tucker Carlson,4,,,0,False,Elena Grinenko,TV Personality,California,United States,37,Eliminated Week 1,11,1,False,False,10,1.0,1.0,False,,
3,Tucker Carlson,5,,,0,False,Elena Grinenko,TV Personality,California,United States,37,Eliminated Week 1,11,1,False,False,10,1.0,1.0,False,,
3,Tucker Carlson,6,,,0,False,Elena Grinenko,TV Personality,California,United States,37,Eliminated Week 1,11,1,False,False,10,1.0,1.0,False,,
3,Tucker Carlson,7,,,0,False,Elena Grinenko,TV Personality,California,United States,37,Eliminated Week 1,11,1,False,False,10,1.0,1.0,False,,
3,Tucker Carlson,8,,,0,False,Elena Grinenko,TV Personality,California,United States,37,Eliminated Week 1,11,1,False,False,10,1.0,1.0,False,,
3,Tucker Carlson,9,,,0,False,Elena Grinenko,TV Personality,California,United States,37,Eliminated Week 1,11,1,False,False,10,1.0,1.0,False,,
3,Tucker Carlson,10,,,0,False,Elena Grinenko,TV Personality,California,United States,37,Eliminated Week 1,11,1,False,False,10,1.0,1.0,False,,
3,Vivica A. Fox,1,22.0,7.333333333333333,3,True,Nick Kosovich,Actor/Actress,Indiana,United States,42,Eliminated Week 4,8,4,False,False,10,4.0,4.0,True,3.5,0.10377358490566038
3,Vivica A. Fox,2,24.0,8.0,3,True,Nick Kosovich,Actor/Actress,Indiana,United States,42,Eliminated Week 4,8,4,False,False,10,4.0,4.0,True,3.5,0.10434782608695652
3,Vivica A. Fox,3,27.0,9.0,3,True,Nick Kosovich,Actor/Actress,Indiana,United States,42,Eliminated Week 4,8,4,False,False,10,4.0,4.0,True,1.5,0.13043478260869565
3,Vivica A. Fox,4,24.0,8.0,3,True,Nick Kosovich,Actor/Actress,Indiana,United States,42,Eliminated Week 4,8,4,False,False,10,4.0,4.0,True,5.0,0.12121212121212122
3,Vivica A. Fox,5,,,0,False,Nick Kosovich,Actor/Actress,Indiana,United States,42,Eliminated Week 4,8,4,False,False,10,4.0,4.0,False,,
3,Vivica A. Fox,6,,,0,False,Nick Kosovich,Actor/Actress,Indiana,United States,42,Eliminated Week 4,8,4,False,False,10,4.0,4.0,False,,
3,Vivica A. Fox,7,,,0,False,Nick Kosovich,Actor/Actress,Indiana,United States,42,Eliminated Week 4,8,4,False,False,10,4.0,4.0,False,,
3,Vivica A. Fox,8,,,0,False,Nick Kosovich,Actor/Actress,Indiana,United States,42,Eliminated Week 4,8,4,False,False,10,4.0,4.0,False,,
3,Vivica A. Fox,9,,,0,False,Nick Kosovich,Actor/Actress,Indiana,United States,42,Eliminated Week 4,8,4,False,False,10,4.0,4.0,False,,
3,Vivica A. Fox,10,,,0,False,Nick Kosovich,Actor/Actress,Indiana,United States,42,Eliminated Week 4,8,4,False,False,10,4.0,4.0,False,,
3,Willa Ford,1,22.0,7.333333333333333,3,True,Maksim Chmerkoskiy,Singer/Rapper,Florida,United States,25,Eliminated Week 5,7,5,False,False,10,5.0,5.0,True,3.5,0.10377358490566038
3,Willa Ford,2,23.0,7.666666666666667,3,True,Maksim Chmerkoskiy,Singer/Rapper,Florida,United States,25,Eliminated Week 5,7,5,False,False,10,5.0,5.0,True,5.0,0.1
3,Willa Ford,3,22.0,7.333333333333333,3,True,Maksim Chmerkoskiy,Singer/Rapper,Florida,United States,25,Eliminated Week 5,7,5,False,False,10,5.0,5.0,True,5.5,0.10628019323671498
3,Willa Ford,4,28.0,9.333333333333334,3,True,Maksim Chmerkoskiy,Singer/Rapper,Florida,United States,25,Eliminated Week 5,7,5,False,False,10,5.0,5.0,True,2.0,0.1414141414141414
3,Willa Ford,5,27.0,9.0,3,True,Maksim Chmerkoskiy,Singer/Rapper,Florida,United States,25,Eliminated Week 5,7,5,False,False,10,5.0,5.0,True,2.5,0.14917127071823205
3,Willa Ford,6,,,0,False,Maksim Chmerkoskiy,Singer/Rapper,Florida,United States,25,Eliminated Week 5,7,5,False,False,10,5.0,5.0,False,,
3,Willa Ford,7,,,0,False,Maksim Chmerkoskiy,Singer/Rapper,Florida,United States,25,Eliminated Week 5,7,5,False,False,10,5.0,5.0,False,,
3,Willa Ford,8,,,0,False,Maksim Chmerkoskiy,Singer/Rapper,Florida,United States,25,Eliminated Week 5,7,5,False,False,10,5.0,5.0,False,,
3,Willa Ford,9,,,0,False,Maksim Chmerkoskiy,Singer/Rapper,Florida,United States,25,Eliminated Week 5,7,5,False,False,10,5.0,5.0,False,,
3,Willa Ford,10,,,0,False,Maksim Chmerkoskiy,Singer/Rapper,Florida,United States,25,Eliminated Week 5,7,5,False,False,10,5.0,5.0,False,,
4,Apolo Anton Ohno,1,21.0,7.0,3,True,Julianne Hough,Athlete,Washington,United States,24,1st Place,1,,False,True,10,10.0,10.0,True,3.5,0.10194174757281553
4,Apolo Anton Ohno,2,26.0,8.666666666666666,3,True,Julianne Hough,Athlete,Washington,United States,24,1st Place,1,,False,True,10,10.0,10.0,True,2.0,0.10612244897959183
4,Apolo Anton Ohno,3,23.0,7.666666666666667,3,True,Julianne Hough,Athlete,Washington,United States,24,1st Place,1,,False,True,10,10.0,10.0,True,5.0,0.10550458715596331
4,Apolo Anton Ohno,4,26.0,8.666666666666666,3,True,Julianne Hough,Athlete,Washington,United States,24,1st Place,1,,False,True,10,10.0,10.0,True,2.0,0.1368421052631579
4,Apolo Anton Ohno,5,30.0,10.0,3,True,Julianne Hough,Athlete,Washington,United States,24,1st Place,1,,False,True,10,10.0,10.0,True,1.0,0.17045454545454544
4,Apolo Anton Ohno,6,28.0,9.333333333333334,3,True,Julianne Hough,Athlete,Washington,United States,24,1st Place,1,,False,True,10,10.0,10.0,True,1.5,0.16470588235294117
4,Apolo Anton Ohno,7,27.0,9.0,3,True,Julianne Hough,Athlete,Washington,United States,24,1st Place,1,,False,True,10,10.0,10.0,True,3.5,0.17475728155339806
4,Apolo Anton Ohno,8,29.0,9.666666666666666,3,True,Julianne Hough,Athlete,Washington,United States,24,1st Place,1,,False,True,10,10.0,10.0,True,1.0,0.23107569721115537
4,Apolo Anton Ohno,9,29.5,9.833333333333334,3,True,Julianne Hough,Athlete,Washington,United States,24,1st Place,1,,False,True,10,10.0,10.0,True,3.0,0.2489451476793249
4,Apolo Anton Ohno,10,29.3332,9.777733333333334,3,True,Julianne Hough,Athlete,Washington,United States,24,1st Place,1,,False,True,10,10.0,10.0,True,1.0,0.3397685007685367
4,Billy Ray Cyrus,1,13.0,4.333333333333333,3,True,Karina Smirnoff,Singer/Rapper,Kentucky,United States,45,Eliminated Week 8,5,8,False,False,10,8.0,8.0,True,11.0,0.06310679611650485
4,Billy Ray Cyrus,2,21.0,7.0,3,True,Karina Smirnoff,Singer/Rapper,Kentucky,United States,45,Eliminated Week 8,5,8,False,False,10,8.0,8.0,True,7.5,0.08571428571428572
4,Billy Ray Cyrus,3,21.0,7.0,3,True,Karina Smirnoff,Singer/Rapper,Kentucky,United States,45,Eliminated Week 8,5,8,False,False,10,8.0,8.0,True,7.0,0.0963302752293578
4,Billy Ray Cyrus,4,21.0,7.0,3,True,Karina Smirnoff,Singer/Rapper,Kentucky,United States,45,Eliminated Week 8,5,8,False,False,10,8.0,8.0,True,5.5,0.11052631578947368
4,Billy Ray Cyrus,5,17.0,5.666666666666667,3,True,Karina Smirnoff,Singer/Rapper,Kentucky,United States,45,Eliminated Week 8,5,8,False,False,10,8.0,8.0,True,7.0,0.09659090909090909
4,Billy Ray Cyrus,6,21.0,7.0,3,True,Karina Smirnoff,Singer/Rapper,Kentucky,United States,45,Eliminated Week 8,5,8,False,False,10,8.0,8.0,True,6.0,0.12352941176470589
4,Billy Ray Cyrus,7,19.0,6.333333333333333,3,True,Karina Smirnoff,Singer/Rapper,Kentucky,United States,45,Eliminated Week 8,5,8,False,False,10,8.0,8.0,True,6.0,0.12297734627831715
4,Billy Ray Cyrus,8,19.0,6.333333333333333,3,True,Karina Smirnoff,Singer/Rapper,Kentucky,United States,45,Eliminated Week 8,5,8,False,False,10,8.0,8.0,True,5.0,0.15139442231075698
4,Billy Ray Cyrus,9,,,0,False,Karina Smirnoff,Singer/Rapper,Kentucky,United States,45,Eliminated Week 8,5,8,False,False,10,8.0,8.0,False,,
4,Billy Ray Cyrus,10,,,0,False,Karina Smirnoff,Singer/Rapper,Kentucky,United States,45,Eliminated Week 8,5,8,False,False,10,8.0,8.0,False,,
4,Clyde Drexler,1,16.0,5.333333333333333,3,True,Elena Grinenko,Athlete,Louisiana,United States,44,Eliminated Week 5,8,5,False,False,10,5.0,5.0,True,9.0,0.07766990291262135
4,Clyde Drexler,2,18.0,6.0,3,True,Elena Grinenko,Athlete,Louisiana,United States,44,Eliminated Week 5,8,5,False,False,10,5.0,5.0,True,11.0,0.07346938775510205
4,Clyde Drexler,3,16.0,5.333333333333333,3,True,Elena Grinenko,Athlete,Louisiana,United States,44,Eliminated Week 5,8,5,False,False,10,5.0,5.0,True,10.0,0.07339449541284404
4,Clyde Drexler,4,15.0,5.0,3,True,Elena Grinenko,Athlete,Louisiana,United States,44,Eliminated Week 5,8,5,False,False,10,5.0,5.0,True,9.0,0.07894736842105263
4,Clyde Drexler,5,13.0,4.333333333333333,3,True,Elena Grinenko,Athlete,Louisiana,United States,44,Eliminated Week 5,8,5,False,False,10,5.0,5.0,True,8.0,0.07386363636363637
4,Clyde Drexler,6,,,0,False,Elena Grinenko,Athlete,Louisiana,United States,44,Eliminated Week 5,8,5,False,False,10,5.0,5.0,False,,
4,Clyde Drexler,7,,,0,False,Elena Grinenko,Athlete,Louisiana,United States,44,Eliminated Week 5,8,5,False,False,10,5.0,5.0,False,,
4,Clyde Drexler,8,,,0,False,Elena Grinenko,Athlete,Louisiana,United States,44,Eliminated Week 5,8,5,False,False,10,5.0,5.0,False,,
4,Clyde Drexler,9,,,0,False,Elena Grinenko,Athlete,Louisiana,United States,44,Eliminated Week 5,8,5,False,False,10,5.0,5.0,False,,
4,Clyde Drexler,10,,,0,False,Elena Grinenko,Athlete,Louisiana,United States,44,Eliminated Week 5,8,5,False,False,10,5.0,5.0,False,,
4,Heather Mills,1,18.0,6.0,3,True,Jonathan Roberts,Model,,England,39,Eliminated Week 6,7,6,False,False,10,6.0,6.0,True,7.0,0.08737864077669903
4,Heather Mills,2,24.0,8.0,3,True,Jonathan Roberts,Model,,England,39,Eliminated Week 6,7,6,False,False,10,6.0,6.0,True,3.5,0.09795918367346938
4,Heather Mills,3,24.0,8.0,3,True,Jonathan Roberts,Model,,England,39,Eliminated Week 6,7,6,False,False,10,6.0,6.0,True,2.5,0.11009174311926606
4,Heather Mills,4,23.0,7.666666666666667,3,True,Jonathan Roberts,Model,,England,39,Eliminated Week 6,7,6,False,False,10,6.0,6.0,True,4.0,0.12105263157894737
4,Heather Mills,5,21.0,7.0,3,True,Jonathan Roberts,Model,,England,39,Eliminated Week 6,7,6,False,False,10,6.0,6.0,True,5.0,0.11931818181818182
4,Heather Mills,6,23.0,7.666666666666667,3,True,Jonathan Roberts,Model,,England,39,Eliminated Week 6,7,6,False,False,10,6.0,6.0,True,5.0,0.13529411764705881
4,Heather Mills,7,,,0,False,Jonathan Roberts,Model,,England,39,Eliminated Week 6,7,6,False,False,10,6.0,6.0,False,,
4,Heather Mills,8,,,0,False,Jonathan Roberts,Model,,England,39,Eliminated Week 6,7,6,False,False,10,6.0,6.0,False,,
4,Heather Mills,9,,,0,False,Jonathan Roberts,Model,,England,39,Eliminated Week 6,7,6,False,False,10,6.0,6.0,False,,
4,Heather Mills,10,,,0,False,Jonathan Roberts,Model,,England,39,Eliminated Week 6,7,6,False,False,10,6.0,6.0,False,,
4,Ian Ziering,1,21.0,7.0,3,True,Cheryl Burke,Actor/Actress,New Jersey,United States,42,Eliminated Week 9,4,9,False,False,10,9.0,9.0,True,3.5,0.10194174757281553
4,Ian Ziering,2,22.0,7.333333333333333,3,True,Cheryl Burke,Actor/Actress,New Jersey,United States,42,Eliminated Week 9,4,9,False,False,10,9.0,9.0,True,5.0,0.08979591836734693
4,Ian Ziering,3,24.0,8.0,3,True,Cheryl Burke,Actor/Actress,New Jersey,United States,42,Eliminated Week 9,4,9,False,False,10,9.0,9.0,True,2.5,0.11009174311926606
4,Ian Ziering,4,24.0,8.0,3,True,Cheryl Burke,Actor/Actress,New Jersey,United States,42,Eliminated Week 9,4,9,False,False,10,9.0,9.0,True,3.0,0.12631578947368421
4,Ian Ziering,5,24.0,8.0,3,True,Cheryl Burke,Actor/Actress,New Jersey,United States,42,Eliminated Week 9,4,9,False,False,10,9.0,9.0,True,4.0,0.13636363636363635
4,Ian Ziering,6,24.0,8.0,3,True,Cheryl Burke,Actor/Actress,New Jersey,United States,42,Eliminated Week 9,4,9,False,False,10,9.0,9.0,True,4.0,0.1411764705882353
4,Ian Ziering,7,27.0,9.0,3,True,Cheryl Burke,Actor/Actress,New Jersey,United States,42,Eliminated Week 9,4,9,False,False,10,9.0,9.0,True,3.5,0.17475728155339806
4,Ian Ziering,8,23.5,7.833333333333333,3,True,Cheryl Burke,Actor/Actress,New Jersey,United States,42,Eliminated Week 9,4,9,False,False,10,9.0,9.0,True,4.0,0.18725099601593626
4,Ian Ziering,9,29.0,9.666666666666666,3,True,Cheryl Burke,Actor/Actress,New Jersey,United States,42,Eliminated Week 9,4,9,False,False,10,9.0,9.0,True,4.0,0.24472573839662448
4,Ian Ziering,10,,,0,False,Cheryl Burke,Actor/Actress,New Jersey,United States,42,Eliminated Week 9,4,9,False,False,10,9.0,9.0,False,,
4,Joey Fatone,1,24.0,8.0,3,True,Kym Johnson,Singer/Rapper,New York,United States,30,2nd Place,2,,False,True,10,10.0,10.0,True,1.0,0.11650485436893204
4,Joey Fatone,2,24.0,8.0,3,True,Kym Johnson,Singer/Rapper,New York,United States,30,2nd Place,2,,False,True,10,10.0,10.0,True,3.5,0.09795918367346938
4,Joey Fatone,3,24.0,8.0,3,True,Kym Johnson,Singer/Rapper,New York,United States,30,2nd Place,2,,False,True,10,10.0,10.0,True,2.5,0.11009174311926606
4,Joey Fatone,4,28.0,9.333333333333334,3,True,Kym Johnson,Singer/Rapper,New York,United States,30,2nd Place,2,,False,True,10,10.0,10.0,True,1.0,0.14736842105263157
4,Joey Fatone,5,25.0,8.333333333333334,3,True,Kym Johnson,Singer/Rapper,New York,United States,30,2nd Place,2,,False,True,10,10.0,10.0,True,3.0,0.14204545454545456
4,Joey Fatone,6,27.0,9.0,3,True,Kym Johnson,Singer/Rapper,New York,United States,30,2nd Place,2,,False,True,10,10.0,10.0,True,3.0,0.1588235294117647
4,Joey Fatone,7,29.5,9.833333333333334,3,True,Kym Johnson,Singer/Rapper,New York,United States,30,2nd Place,2,,False,True,10,10.0,10.0,True,1.5,0.19093851132686085
4,Joey Fatone,8,27.5,9.166666666666666,3,True,Kym Johnson,Singer/Rapper,New York,United States,30,2nd Place,2,,False,True,10,10.0,10.0,True,2.0,0.21912350597609562
4,Joey Fatone,9,30.0,10.0,3,True,Kym Johnson,Singer/Rapper,New York,United States,30,2nd Place,2,,False,True,10,10.0,10.0,True,1.5,0.25316455696202533
4,Joey Fatone,10,28.6665,9.5555,3,True,Kym Johnson,Singer/Rapper,New York,United States,30,2nd Place,2,,False,True,10,10.0,10.0,True,2.0,0.33204606818489824
4,John Ratzenberger,1,17.0,5.666666666666667,3,True,Edyta Sliwinska,Actor/Actress,Connecticut,United States,59,Eliminated Week 7,6,7,False,False,10,7.0,7.0,True,8.0,0.0825242718446602
4,John Ratzenberger,2,21.0,7.0,3,True,Edyta Sliwinska,Actor/Actress,Connecticut,United States,59,Eliminated Week 7,6,7,False,False,10,7.0,7.0,True,7.5,0.08571428571428572
4,John Ratzenberger,3,20.0,6.666666666666667,3,True,Edyta Sliwinska,Actor/Actress,Connecticut,United States,59,Eliminated Week 7,6,7,False,False,10,7.0,7.0,True,9.0,0.09174311926605505
4,John Ratzenberger,4,16.0,5.333333333333333,3,True,Edyta Sliwinska,Actor/Actress,Connecticut,United States,59,Eliminated Week 7,6,7,False,False,10,7.0,7.0,True,7.5,0.08421052631578947
4,John Ratzenberger,5,18.0,6.0,3,True,Edyta Sliwinska,Actor/Actress,Connecticut,United States,59,Eliminated Week 7,6,7,False,False,10,7.0,7.0,True,6.0,0.10227272727272728
4,John Ratzenberger,6,19.0,6.333333333333333,3,True,Edyta Sliwinska,Actor/Actress,Connecticut,United States,59,Eliminated Week 7,6,7,False,False,10,7.0,7.0,True,7.0,0.11176470588235295
4,John Ratzenberger,7,22.5,7.5,3,True,Edyta Sliwinska,Actor/Actress,Connecticut,United States,59,Eliminated Week 7,6,7,False,False,10,7.0,7.0,True,5.0,0.14563106796116504
4,John Ratzenberger,8,,,0,False,Edyta Sliwinska,Actor/Actress,Connecticut,United States,59,Eliminated Week 7,6,7,False,False,10,7.0,7.0,False,,
4,John Ratzenberger,9,,,0,False,Edyta Sliwinska,Actor/Actress,Connecticut,United States,59,Eliminated Week 7,6,7,False,False,10,7.0,7.0,False,,
4,John Ratzenberger,10,,,0,False,Edyta Sliwinska,Actor/Actress,Connecticut,United States,59,Eliminated Week 7,6,7,False,False,10,7.0,7.0,False,,
4,Laila Ali,1,23.0,7.666666666666667,3,True,Maksim Chmerkoskiy,Athlete,Florida,United States,29,3rd Place,3,,False,True,10,10.0,10.0,True,2.0,0.11165048543689321
4,Laila Ali,2,27.0,9.0,3,True,Maksim Chmerkoskiy,Athlete,Florida,United States,29,3rd Place,3,,False,True,10,10.0,10.0,True,1.0,0.11020408163265306
4,Laila Ali,3,21.0,7.0,3,True,Maksim Chmerkoskiy,Athlete,Florida,United States,29,3rd Place,3,,False,True,10,10.0,10.0,True,7.0,0.0963302752293578
4,Laila Ali,4,21.0,7.0,3,True,Maksim Chmerkoskiy,Athlete,Florida,United States,29,3rd Place,3,,False,True,10,10.0,10.0,True,5.5,0.11052631578947368
4,Laila Ali,5,28.0,9.333333333333334,3,True,Maksim Chmerkoskiy,Athlete,Florida,United States,29,3rd Place,3,,False,True,10,10.0,10.0,True,2.0,0.1590909090909091
4,Laila Ali,6,28.0,9.333333333333334,3,True,Maksim Chmerkoskiy,Athlete,Florida,United States,29,3rd Place,3,,False,True,10,10.0,10.0,True,1.5,0.16470588235294117
4,Laila Ali,7,29.5,9.833333333333334,3,True,Maksim Chmerkoskiy,Athlete,Florida,United States,29,3rd Place,3,,False,True,10,10.0,10.0,True,1.5,0.19093851132686085
4,Laila Ali,8,26.5,8.833333333333334,3,True,Maksim Chmerkoskiy,Athlete,Florida,United States,29,3rd Place,3,,False,True,10,10.0,10.0,True,3.0,0.21115537848605578
4,Laila Ali,9,30.0,10.0,3,True,Maksim Chmerkoskiy,Athlete,Florida,United States,29,3rd Place,3,,False,True,10,10.0,10.0,True,1.5,0.25316455696202533
4,Laila Ali,10,28.3332,9.4444,3,True,Maksim Chmerkoskiy,Athlete,Florida,United States,29,3rd Place,3,,False,True,10,10.0,10.0,True,3.0,0.3281854310465651
4,Leeza Gibbons,1,15.0,5.0,3,True,Tony Dovolani,TV Personality,South Carolina,United States,50,Eliminated Week 4,9,4,False,False,10,4.0,4.0,True,10.0,0.07281553398058252
4,Leeza Gibbons,2,21.0,7.0,3,True,Tony Dovolani,TV Personality,South Carolina,United States,50,Eliminated Week 4,9,4,False,False,10,4.0,4.0,True,7.5,0.08571428571428572
4,Leeza Gibbons,3,24.0,8.0,3,True,Tony Dovolani,TV Personality,South Carolina,United States,50,Eliminated Week 4,9,4,False,False,10,4.0,4.0,True,2.5,0.11009174311926606
4,Leeza Gibbons,4,16.0,5.333333333333333,3,True,Tony Dovolani,TV Personality,South Carolina,United States,50,Eliminated Week 4,9,4,False,False,10,4.0,4.0,True,7.5,0.08421052631578947
4,Leeza Gibbons,5,,,0,False,Tony Dovolani,TV Personality,South Carolina,United States,50,Eliminated Week 4,9,4,False,False,10,4.0,4.0,False,,
4,Leeza Gibbons,6,,,0,False,Tony Dovolani,TV Personality,South Carolina,United States,50,Eliminated Week 4,9,4,False,False,10,4.0,4.0,False,,
4,Leeza Gibbons,7,,,0,False,Tony Dovolani,TV Personality,South Carolina,United States,50,Eliminated Week 4,9,4,False,False,10,4.0,4.0,False,,
4,Leeza Gibbons,8,,,0,False,Tony Dovolani,TV Personality,South Carolina,United States,50,Eliminated Week 4,9,4,False,False,10,4.0,4.0,False,,
4,Leeza Gibbons,9,,,0,False,Tony Dovolani,TV Personality,South Carolina,United States,50,Eliminated Week 4,9,4,False,False,10,4.0,4.0,False,,
4,Leeza Gibbons,10,,,0,False,Tony Dovolani,TV Personality,South Carolina,United States,50,Eliminated Week 4,9,4,False,False,10,4.0,4.0,False,,
4,Paulina Porizkova,1,19.0,6.333333333333333,3,True,Alec Mazo,Model,,Czechoslovakia,41,Eliminated Week 2,11,2,False,False,10,2.0,2.0,True,5.5,0.09223300970873786
4,Paulina Porizkova,2,21.0,7.0,3,True,Alec Mazo,Model,,Czechoslovakia,41,Eliminated Week 2,11,2,False,False,10,2.0,2.0,True,7.5,0.08571428571428572
4,Paulina Porizkova,3,,,0,False,Alec Mazo,Model,,Czechoslovakia,41,Eliminated Week 2,11,2,False,False,10,2.0,2.0,False,,
4,Paulina Porizkova,4,,,0,False,Alec Mazo,Model,,Czechoslovakia,41,Eliminated Week 2,11,2,False,False,10,2.0,2.0,False,,
4,Paulina Porizkova,5,,,0,False,Alec Mazo,Model,,Czechoslovakia,41,Eliminated Week 2,11,2,False,False,10,2.0,2.0,False,,
4,Paulina Porizkova,6,,,0,False,Alec Mazo,Model,,Czechoslovakia,41,Eliminated Week 2,11,2,False,False,10,2.0,2.0,False,,
4,Paulina Porizkova,7,,,0,False,Alec Mazo,Model,,Czechoslovakia,41,Eliminated Week 2,11,2,False,False,10,2.0,2.0,False,,
4,Paulina Porizkova,8,,,0,False,Alec Mazo,Model,,Czechoslovakia,41,Eliminated Week 2,11,2,False,False,10,2.0,2.0,False,,
4,Paulina Porizkova,9,,,0,False,Alec Mazo,Model,,Czechoslovakia,41,Eliminated Week 2,11,2,False,False,10,2.0,2.0,False,,
4,Paulina Porizkova,10,,,0,False,Alec Mazo,Model,,Czechoslovakia,41,Eliminated Week 2,11,2,False,False,10,2.0,2.0,False,,
4,Shandi Finnessey,1,19.0,6.333333333333333,3,True,Brian Fortuna,Beauty Pagent,Missouri,United States,28,Eliminated Week 3,10,3,False,False,10,3.0,3.0,True,5.5,0.09223300970873786
4,Shandi Finnessey,2,20.0,6.666666666666667,3,True,Brian Fortuna,Beauty Pagent,Missouri,United States,28,Eliminated Week 3,10,3,False,False,10,3.0,3.0,True,10.0,0.08163265306122448
4,Shandi Finnessey,3,21.0,7.0,3,True,Brian Fortuna,Beauty Pagent,Missouri,United States,28,Eliminated Week 3,10,3,False,False,10,3.0,3.0,True,7.0,0.0963302752293578
4,Shandi Finnessey,4,,,0,False,Brian Fortuna,Beauty Pagent,Missouri,United States,28,Eliminated Week 3,10,3,False,False,10,3.0,3.0,False,,
4,Shandi Finnessey,5,,,0,False,Brian Fortuna,Beauty Pagent,Missouri,United States,28,Eliminated Week 3,10,3,False,False,10,3.0,3.0,False,,
4,Shandi Finnessey,6,,,0,False,Brian Fortuna,Beauty Pagent,Missouri,United States,28,Eliminated Week 3,10,3,False,False,10,3.0,3.0,False,,
4,Shandi Finnessey,7,,,0,False,Brian Fortuna,Beauty Pagent,Missouri,United States,28,Eliminated Week 3,10,3,False,False,10,3.0,3.0,False,,
4,Shandi Finnessey,8,,,0,False,Brian Fortuna,Beauty Pagent,Missouri,United States,28,Eliminated Week 3,10,3,False,False,10,3.0,3.0,False,,
4,Shandi Finnessey,9,,,0,False,Brian Fortuna,Beauty Pagent,Missouri,United States,28,Eliminated Week 3,10,3,False,False,10,3.0,3.0,False,,
4,Shandi Finnessey,10,,,0,False,Brian Fortuna,Beauty Pagent,Missouri,United States,28,Eliminated Week 3,10,3,False,False,10,3.0,3.0,False,,
5,Albert Reed,1,21.0,7.0,3,True,Anna Trebunskaya,Model,Florida,United States,22,Eliminated Week 2,11,2,False,False,10,2.0,2.0,True,7.0,0.08171206225680934
5,Albert Reed,2,21.0,7.0,3,True,Anna Trebunskaya,Model,Florida,United States,22,Eliminated Week 2,11,2,False,False,10,2.0,2.0,True,7.0,0.08823529411764706
5,Albert Reed,3,,,0,False,Anna Trebunskaya,Model,Florida,United States,22,Eliminated Week 2,11,2,False,False,10,2.0,2.0,False,,
5,Albert Reed,4,,,0,False,Anna Trebunskaya,Model,Florida,United States,22,Eliminated Week 2,11,2,False,False,10,2.0,2.0,False,,
5,Albert Reed,5,,,0,False,Anna Trebunskaya,Model,Florida,United States,22,Eliminated Week 2,11,2,False,False,10,2.0,2.0,False,,
5,Albert Reed,6,,,0,False,Anna Trebunskaya,Model,Florida,United States,22,Eliminated Week 2,11,2,False,False,10,2.0,2.0,False,,
5,Albert Reed,7,,,0,False,Anna Trebunskaya,Model,Florida,United States,22,Eliminated Week 2,11,2,False,False,10,2.0,2.0,False,,
5,Albert Reed,8,,,0,False,Anna Trebunskaya,Model,Florida,United States,22,Eliminated Week 2,11,2,False,False,10,2.0,2.0,False,,
5,Albert Reed,9,,,0,False,Anna Trebunskaya,Model,Florida,United States,22,Eliminated Week 2,11,2,False,False,10,2.0,2.0,False,,
5,Albert Reed,10,,,0,False,Anna Trebunskaya,Model,Florida,United States,22,Eliminated Week 2,11,2,False,False,10,2.0,2.0,False,,
5,Cameron Mathison,1,21.0,7.0,3,True,Edyta Sliwinska,Actor/Actress,,Canada,38,Eliminated Week 8,5,8,False,False,10,8.0,8.0,True,7.0,0.08171206225680934
5,Cameron Mathison,2,21.0,7.0,3,True,Edyta Sliwinska,Actor/Actress,,Canada,38,Eliminated Week 8,5,8,False,False,10,8.0,8.0,True,7.0,0.08823529411764706
5,Cameron Mathison,3,23.0,7.666666666666667,3,True,Edyta Sliwinska,Actor/Actress,,Canada,38,Eliminated Week 8,5,8,False,False,10,8.0,8.0,True,7.0,0.09623430962343096
5,Cameron Mathison,4,27.0,9.0,3,True,Edyta Sliwinska,Actor/Actress,,Canada,38,Eliminated Week 8,5,8,False,False,10,8.0,8.0,True,3.0,0.11538461538461539
5,Cameron Mathison,5,26.0,8.666666666666666,3,True,Edyta Sliwinska,Actor/Actress,,Canada,38,Eliminated Week 8,5,8,False,False,10,8.0,8.0,True,3.5,0.1306532663316583
5,Cameron Mathison,6,25.0,8.333333333333334,3,True,Edyta Sliwinska,Actor/Actress,,Canada,38,Eliminated Week 8,5,8,False,False,10,8.0,8.0,True,4.5,0.1388888888888889
5,Cameron Mathison,7,25.5,8.5,3,True,Edyta Sliwinska,Actor/Actress,,Canada,38,Eliminated Week 8,5,8,False,False,10,8.0,8.0,True,5.0,0.16346153846153846
5,Cameron Mathison,8,25.5,8.5,3,True,Edyta Sliwinska,Actor/Actress,,Canada,38,Eliminated Week 8,5,8,False,False,10,8.0,8.0,True,3.0,0.19391634980988592
5,Cameron Mathison,9,,,0,False,Edyta Sliwinska,Actor/Actress,,Canada,38,Eliminated Week 8,5,8,False,False,10,8.0,8.0,False,,
5,Cameron Mathison,10,,,0,False,Edyta Sliwinska,Actor/Actress,,Canada,38,Eliminated Week 8,5,8,False,False,10,8.0,8.0,False,,
5,Floyd Mayweather Jr.,1,18.0,6.0,3,True,Karina Smirnoff,Athlete,Michigan,United States,30,Eliminated Week 4,9,4,False,False,10,4.0,4.0,True,11.0,0.07003891050583658
5,Floyd Mayweather Jr.,2,21.0,7.0,3,True,Karina Smirnoff,Athlete,Michigan,United States,30,Eliminated Week 4,9,4,False,False,10,4.0,4.0,True,7.0,0.08823529411764706
5,Floyd Mayweather Jr.,3,21.0,7.0,3,True,Karina Smirnoff,Athlete,Michigan,United States,30,Eliminated Week 4,9,4,False,False,10,4.0,4.0,True,8.0,0.08786610878661087
5,Floyd Mayweather Jr.,4,23.0,7.666666666666667,3,True,Karina Smirnoff,Athlete,Michigan,United States,30,Eliminated Week 4,9,4,False,False,10,4.0,4.0,True,8.0,0.09829059829059829
5,Floyd Mayweather Jr.,5,,,0,False,Karina Smirnoff,Athlete,Michigan,United States,30,Eliminated Week 4,9,4,False,False,10,4.0,4.0,False,,
5,Floyd Mayweather Jr.,6,,,0,False,Karina Smirnoff,Athlete,Michigan,United States,30,Eliminated Week 4,9,4,False,False,10,4.0,4.0,False,,
5,Floyd Mayweather Jr.,7,,,0,False,Karina Smirnoff,Athlete,Michigan,United States,30,Eliminated Week 4,9,4,False,False,10,4.0,4.0,False,,
5,Floyd Mayweather Jr.,8,,,0,False,Karina Smirnoff,Athlete,Michigan,United States,30,Eliminated Week 4,9,4,False,False,10,4.0,4.0,False,,
5,Floyd Mayweather Jr.,9,,,0,False,Karina Smirnoff,Athlete,Michigan,United States,30,Eliminated Week 4,9,4,False,False,10,4.0,4.0,False,,
5,Floyd Mayweather Jr.,10,,,0,False,Karina Smirnoff,Athlete,Michigan,United States,30,Eliminated Week 4,9,4,False,False,10,4.0,4.0,False,,
5,Helio Castroneves,1,25.0,8.333333333333334,3,True,Julianne Hough,Racing Driver,,Brazil,32,1st Place,1,,False,True,10,10.0,10.0,True,2.0,0.09727626459143969
5,Helio Castroneves,2,27.0,9.0,3,True,Julianne Hough,Racing Driver,,Brazil,32,1st Place,1,,False,True,10,10.0,10.0,True,1.0,0.1134453781512605
5,Helio Castroneves,3,24.0,8.0,3,True,Julianne Hough,Racing Driver,,Brazil,32,1st Place,1,,False,True,10,10.0,10.0,True,6.0,0.100418410041841
5,Helio Castroneves,4,27.0,9.0,3,True,Julianne Hough,Racing Driver,,Brazil,32,1st Place,1,,False,True,10,10.0,10.0,True,3.0,0.11538461538461539
5,Helio Castroneves,5,23.0,7.666666666666667,3,True,Julianne Hough,Racing Driver,,Brazil,32,1st Place,1,,False,True,10,10.0,10.0,True,6.0,0.11557788944723618
5,Helio Castroneves,6,28.0,9.333333333333334,3,True,Julianne Hough,Racing Driver,,Brazil,32,1st Place,1,,False,True,10,10.0,10.0,True,2.0,0.15555555555555556
5,Helio Castroneves,7,26.0,8.666666666666666,3,True,Julianne Hough,Racing Driver,,Brazil,32,1st Place,1,,False,True,10,10.0,10.0,True,3.5,0.16666666666666666
5,Helio Castroneves,8,28.5,9.5,3,True,Julianne Hough,Racing Driver,,Brazil,32,1st Place,1,,False,True,10,10.0,10.0,True,1.0,0.21673003802281368
5,Helio Castroneves,9,30.0,10.0,3,True,Julianne Hough,Racing Driver,,Brazil,32,1st Place,1,,False,True,10,10.0,10.0,True,1.5,0.2564102564102564
5,Helio Castroneves,10,27.9999,9.3333,3,True,Julianne Hough,Racing Driver,,Brazil,32,1st Place,1,,False,True,10,10.0,10.0,True,2.0,0.35294095402801606
5,Jane Seymour,1,24.0,8.0,3,True,Tony Dovolani,Actor/Actress,,England,56,Eliminated Week 7,6,7,False,False,10,7.0,7.0,True,3.5,0.0933852140077821
5,Jane Seymour,2,21.0,7.0,3,True,Tony Dovolani,Actor/Actress,,England,56,Eliminated Week 7,6,7,False,False,10,7.0,7.0,True,7.0,0.08823529411764706
5,Jane Seymour,3,27.0,9.0,3,True,Tony Dovolani,Actor/Actress,,England,56,Eliminated Week 7,6,7,False,False,10,7.0,7.0,True,2.0,0.11297071129707113
5,Jane Seymour,4,26.0,8.666666666666666,3,True,Tony Dovolani,Actor/Actress,,England,56,Eliminated Week 7,6,7,False,False,10,7.0,7.0,True,6.0,0.1111111111111111
5,Jane Seymour,5,26.0,8.666666666666666,3,True,Tony Dovolani,Actor/Actress,,England,56,Eliminated Week 7,6,7,False,False,10,7.0,7.0,True,3.5,0.1306532663316583
5,Jane Seymour,6,22.0,7.333333333333333,3,True,Tony Dovolani,Actor/Actress,,England,56,Eliminated Week 7,6,7,False,False,10,7.0,7.0,True,7.0,0.12222222222222222
5,Jane Seymour,7,25.0,8.333333333333334,3,True,Tony Dovolani,Actor/Actress,,England,56,Eliminated Week 7,6,7,False,False,10,7.0,7.0,True,6.0,0.16025641025641027
5,Jane Seymour,8,,,0,False,Tony Dovolani,Actor/Actress,,England,56,Eliminated Week 7,6,7,False,False,10,7.0,7.0,False,,
5,Jane Seymour,9,,,0,False,Tony Dovolani,Actor/Actress,,England,56,Eliminated Week 7,6,7,False,False,10,7.0,7.0,False,,
5,Jane Seymour,10,,,0,False,Tony Dovolani,Actor/Actress,,England,56,Eliminated Week 7,6,7,False,False,10,7.0,7.0,False,,
5,Jennie Garth,1,21.0,7.0,3,True,Derek Hough,Actor/Actress,Illinois,United States,35,Eliminated Week 9,4,9,False,False,10,9.0,9.0,True,7.0,0.08171206225680934
5,Jennie Garth,2,21.0,7.0,3,True,Derek Hough,Actor/Actress,Illinois,United States,35,Eliminated Week 9,4,9,False,False,10,9.0,9.0,True,7.0,0.08823529411764706
5,Jennie Garth,3,26.0,8.666666666666666,3,True,Derek Hough,Actor/Actress,Illinois,United States,35,Eliminated Week 9,4,9,False,False,10,9.0,9.0,True,4.5,0.1087866108786611
5,Jennie Garth,4,27.0,9.0,3,True,Derek Hough,Actor/Actress,Illinois,United States,35,Eliminated Week 9,4,9,False,False,10,9.0,9.0,True,3.0,0.11538461538461539
5,Jennie Garth,5,25.0,8.333333333333334,3,True,Derek Hough,Actor/Actress,Illinois,United States,35,Eliminated Week 9,4,9,False,False,10,9.0,9.0,True,5.0,0.12562814070351758
5,Jennie Garth,6,27.0,9.0,3,True,Derek Hough,Actor/Actress,Illinois,United States,35,Eliminated Week 9,4,9,False,False,10,9.0,9.0,True,3.0,0.15
5,Jennie Garth,7,26.5,8.833333333333334,3,True,Derek Hough,Actor/Actress,Illinois,United States,35,Eliminated Week 9,4,9,False,False,10,9.0,9.0,True,2.0,0.16987179487179488
5,Jennie Garth,8,25.0,8.333333333333334,3,True,Derek Hough,Actor/Actress,Illinois,United States,35,Eliminated Week 9,4,9,False,False,10,9.0,9.0,True,4.0,0.19011406844106463
5,Jennie Garth,9,29.0,9.666666666666666,3,True,Derek Hough,Actor/Actress,Illinois,United States,35,Eliminated Week 9,4,9,False,False,10,9.0,9.0,True,3.0,0.24786324786324787
5,Jennie Garth,10,,,0,False,Derek Hough,Actor/Actress,Illinois,United States,35,Eliminated Week 9,4,9,False,False,10,9.0,9.0,False,,
5,Josie Maran,1,16.0,5.333333333333333,3,True,Alec Mazo,Model,California,United States,29,Eliminated Week 1,12,1,False,False,10,1.0,1.0,True,12.0,0.0622568093385214
5,Josie Maran,2,,,0,False,Alec Mazo,Model,California,United States,29,Eliminated Week 1,12,1,False,False,10,1.0,1.0,False,,
5,Josie Maran,3,,,0,False,Alec Mazo,Model,California,United States,29,Eliminated Week 1,12,1,False,False,10,1.0,1.0,False,,
5,Josie Maran,4,,,0,False,Alec Mazo,Model,California,United States,29,Eliminated Week 1,12,1,False,False,10,1.0,1.0,False,,
5,Josie Maran,5,,,0,False,Alec Mazo,Model,California,United States,29,Eliminated Week 1,12,1,False,False,10,1.0,1.0,False,,
5,Josie Maran,6,,,0,False,Alec Mazo,Model,California,United States,29,Eliminated Week 1,12,1,False,False,10,1.0,1.0,False,,
5,Josie Maran,7,,,0,False,Alec Mazo,Model,California,United States,29,Eliminated Week 1,12,1,False,False,10,1.0,1.0,False,,
5,Josie Maran,8,,,0,False,Alec Mazo,Model,California,United States,29,Eliminated Week 1,12,1,False,False,10,1.0,1.0,False,,
5,Josie Maran,9,,,0,False,Alec Mazo,Model,California,United States,29,Eliminated Week 1,12,1,False,False,10,1.0,1.0,False,,
5,Josie Maran,10,,,0,False,Alec Mazo,Model,California,United States,29,Eliminated Week 1,12,1,False,False,10,1.0,1.0,False,,
5,Marie Osmond,1,21.0,7.0,3,True,Jonathan Roberts,Singer/Rapper,Utah,United States,47,3rd Place,3,,False,True,10,10.0,10.0,True,7.0,0.08171206225680934
5,Marie Osmond,2,24.0,8.0,3,True,Jonathan Roberts,Singer/Rapper,Utah,United States,47,3rd Place,3,,False,True,10,10.0,10.0,True,3.0,0.10084033613445378
5,Marie Osmond,3,26.0,8.666666666666666,3,True,Jonathan Roberts,Singer/Rapper,Utah,United States,47,3rd Place,3,,False,True,10,10.0,10.0,True,4.5,0.1087866108786611
5,Marie Osmond,4,26.0,8.666666666666666,3,True,Jonathan Roberts,Singer/Rapper,Utah,United States,47,3rd Place,3,,False,True,10,10.0,10.0,True,6.0,0.1111111111111111
5,Marie Osmond,5,21.0,7.0,3,True,Jonathan Roberts,Singer/Rapper,Utah,United States,47,3rd Place,3,,False,True,10,10.0,10.0,True,7.5,0.10552763819095477
5,Marie Osmond,6,23.0,7.666666666666667,3,True,Jonathan Roberts,Singer/Rapper,Utah,United States,47,3rd Place,3,,False,True,10,10.0,10.0,True,6.0,0.12777777777777777
5,Marie Osmond,7,26.0,8.666666666666666,3,True,Jonathan Roberts,Singer/Rapper,Utah,United States,47,3rd Place,3,,False,True,10,10.0,10.0,True,3.5,0.16666666666666666
5,Marie Osmond,8,24.5,8.166666666666666,3,True,Jonathan Roberts,Singer/Rapper,Utah,United States,47,3rd Place,3,,False,True,10,10.0,10.0,True,5.0,0.18631178707224336
5,Marie Osmond,9,28.0,9.333333333333334,3,True,Jonathan Roberts,Singer/Rapper,Utah,United States,47,3rd Place,3,,False,True,10,10.0,10.0,True,4.0,0.23931623931623933
5,Marie Osmond,10,23.0,7.666666666666667,3,True,Jonathan Roberts,Singer/Rapper,Utah,United States,47,3rd Place,3,,False,True,10,10.0,10.0,True,3.0,0.2899168190830813
5,Mark Cuban,1,21.0,7.0,3,True,Kym Johnson,TV Personality,Pennsylvania,United States,49,Eliminated Week 5,8,5,False,False,10,5.0,5.0,True,7.0,0.08171206225680934
5,Mark Cuban,2,18.0,6.0,3,True,Kym Johnson,TV Personality,Pennsylvania,United States,49,Eliminated Week 5,8,5,False,False,10,5.0,5.0,True,10.0,0.07563025210084033
5,Mark Cuban,3,20.0,6.666666666666667,3,True,Kym Johnson,TV Personality,Pennsylvania,United States,49,Eliminated Week 5,8,5,False,False,10,5.0,5.0,True,9.0,0.08368200836820083
5,Mark Cuban,4,22.0,7.333333333333333,3,True,Kym Johnson,TV Personality,Pennsylvania,United States,49,Eliminated Week 5,8,5,False,False,10,5.0,5.0,True,9.0,0.09401709401709402
5,Mark Cuban,5,21.0,7.0,3,True,Kym Johnson,TV Personality,Pennsylvania,United States,49,Eliminated Week 5,8,5,False,False,10,5.0,5.0,True,7.5,0.10552763819095477
5,Mark Cuban,6,,,0,False,Kym Johnson,TV Personality,Pennsylvania,United States,49,Eliminated Week 5,8,5,False,False,10,5.0,5.0,False,,
5,Mark Cuban,7,,,0,False,Kym Johnson,TV Personality,Pennsylvania,United States,49,Eliminated Week 5,8,5,False,False,10,5.0,5.0,False,,
5,Mark Cuban,8,,,0,False,Kym Johnson,TV Personality,Pennsylvania,United States,49,Eliminated Week 5,8,5,False,False,10,5.0,5.0,False,,
5,Mark Cuban,9,,,0,False,Kym Johnson,TV Personality,Pennsylvania,United States,49,Eliminated Week 5,8,5,False,False,10,5.0,5.0,False,,
5,Mark Cuban,10,,,0,False,Kym Johnson,TV Personality,Pennsylvania,United States,49,Eliminated Week 5,8,5,False,False,10,5.0,5.0,False,,
5,Mel B,1,24.0,8.0,3,True,Maksim Chmerkoskiy,Singer/Rapper,,England,32,2nd Place,2,,False,True,10,10.0,10.0,True,3.5,0.0933852140077821
5,Mel B,2,23.0,7.666666666666667,3,True,Maksim Chmerkoskiy,Singer/Rapper,,England,32,2nd Place,2,,False,True,10,10.0,10.0,True,4.0,0.09663865546218488
5,Mel B,3,27.0,9.0,3,True,Maksim Chmerkoskiy,Singer/Rapper,,England,32,2nd Place,2,,False,True,10,10.0,10.0,True,2.0,0.11297071129707113
5,Mel B,4,26.0,8.666666666666666,3,True,Maksim Chmerkoskiy,Singer/Rapper,,England,32,2nd Place,2,,False,True,10,10.0,10.0,True,6.0,0.1111111111111111
5,Mel B,5,29.0,9.666666666666666,3,True,Maksim Chmerkoskiy,Singer/Rapper,,England,32,2nd Place,2,,False,True,10,10.0,10.0,True,1.0,0.1457286432160804
5,Mel B,6,30.0,10.0,3,True,Maksim Chmerkoskiy,Singer/Rapper,,England,32,2nd Place,2,,False,True,10,10.0,10.0,True,1.0,0.16666666666666666
5,Mel B,7,27.0,9.0,3,True,Maksim Chmerkoskiy,Singer/Rapper,,England,32,2nd Place,2,,False,True,10,10.0,10.0,True,1.0,0.17307692307692307
5,Mel B,8,28.0,9.333333333333334,3,True,Maksim Chmerkoskiy,Singer/Rapper,,England,32,2nd Place,2,,False,True,10,10.0,10.0,True,2.0,0.21292775665399238
5,Mel B,9,30.0,10.0,3,True,Maksim Chmerkoskiy,Singer/Rapper,,England,32,2nd Place,2,,False,True,10,10.0,10.0,True,1.5,0.2564102564102564
5,Mel B,10,28.333199999999998,9.4444,3,True,Maksim Chmerkoskiy,Singer/Rapper,,England,32,2nd Place,2,,False,True,10,10.0,10.0,True,1.0,0.35714222688890257
5,Sabrina Bryan,1,26.0,8.666666666666666,3,True,Mark Ballas,Actor/Actress,California,United States,23,Eliminated Week 6,7,6,False,False,10,6.0,6.0,True,1.0,0.10116731517509728
5,Sabrina Bryan,2,26.0,8.666666666666666,3,True,Mark Ballas,Actor/Actress,California,United States,23,Eliminated Week 6,7,6,False,False,10,6.0,6.0,True,2.0,0.1092436974789916
5,Sabrina Bryan,3,27.0,9.0,3,True,Mark Ballas,Actor/Actress,California,United States,23,Eliminated Week 6,7,6,False,False,10,6.0,6.0,True,2.0,0.11297071129707113
5,Sabrina Bryan,4,30.0,10.0,3,True,Mark Ballas,Actor/Actress,California,United States,23,Eliminated Week 6,7,6,False,False,10,6.0,6.0,True,1.0,0.1282051282051282
5,Sabrina Bryan,5,28.0,9.333333333333334,3,True,Mark Ballas,Actor/Actress,California,United States,23,Eliminated Week 6,7,6,False,False,10,6.0,6.0,True,2.0,0.1407035175879397
5,Sabrina Bryan,6,25.0,8.333333333333334,3,True,Mark Ballas,Actor/Actress,California,United States,23,Eliminated Week 6,7,6,False,False,10,6.0,6.0,True,4.5,0.1388888888888889
5,Sabrina Bryan,7,,,0,False,Mark Ballas,Actor/Actress,California,United States,23,Eliminated Week 6,7,6,False,False,10,6.0,6.0,False,,
5,Sabrina Bryan,8,,,0,False,Mark Ballas,Actor/Actress,California,United States,23,Eliminated Week 6,7,6,False,False,10,6.0,6.0,False,,
5,Sabrina Bryan,9,,,0,False,Mark Ballas,Actor/Actress,California,United States,23,Eliminated Week 6,7,6,False,False,10,6.0,6.0,False,,
5,Sabrina Bryan,10,,,0,False,Mark Ballas,Actor/Actress,California,United States,23,Eliminated Week 6,7,6,False,False,10,6.0,6.0,False,,
5,Wayne Newton,1,19.0,6.333333333333333,3,True,Cheryl Burke,Singer/Rapper,Virginia,United States,65,Eliminated Week 3,10,3,False,False,10,3.0,3.0,True,10.0,0.07392996108949416
5,Wayne Newton,2,15.0,5.0,3,True,Cheryl Burke,Singer/Rapper,Virginia,United States,65,Eliminated Week 3,10,3,False,False,10,3.0,3.0,True,11.0,0.06302521008403361
5,Wayne Newton,3,18.0,6.0,3,True,Cheryl Burke,Singer/Rapper,Virginia,United States,65,Eliminated Week 3,10,3,False,False,10,3.0,3.0,True,10.0,0.07531380753138076
5,Wayne Newton,4,,,0,False,Cheryl Burke,Singer/Rapper,Virginia,United States,65,Eliminated Week 3,10,3,False,False,10,3.0,3.0,False,,
5,Wayne Newton,5,,,0,False,Cheryl Burke,Singer/Rapper,Virginia,United States,65,Eliminated Week 3,10,3,False,False,10,3.0,3.0,False,,
5,Wayne Newton,6,,,0,False,Cheryl Burke,Singer/Rapper,Virginia,United States,65,Eliminated Week 3,10,3,False,False,10,3.0,3.0,False,,
5,Wayne Newton,7,,,0,False,Cheryl Burke,Singer/Rapper,Virginia,United States,65,Eliminated Week 3,10,3,False,False,10,3.0,3.0,False,,
5,Wayne Newton,8,,,0,False,Cheryl Burke,Singer/Rapper,Virginia,United States,65,Eliminated Week 3,10,3,False,False,10,3.0,3.0,False,,
5,Wayne Newton,9,,,0,False,Cheryl Burke,Singer/Rapper,Virginia,United States,65,Eliminated Week 3,10,3,False,False,10,3.0,3.0,False,,
5,Wayne Newton,10,,,0,False,Cheryl Burke,Singer/Rapper,Virginia,United States,65,Eliminated Week 3,10,3,False,False,10,3.0,3.0,False,,
6,Adam Carolla,1,15.0,5.0,3,True,Julianne Hough,Radio Personality,California,United States,43,Eliminated Week 4,9,4,False,False,10,4.0,4.0,True,11.5,0.06172839506172839
6,Adam Carolla,2,19.0,6.333333333333333,3,True,Julianne Hough,Radio Personality,California,United States,43,Eliminated Week 4,9,4,False,False,10,4.0,4.0,True,9.0,0.07392996108949416
6,Adam Carolla,3,21.0,7.0,3,True,Julianne Hough,Radio Personality,California,United States,43,Eliminated Week 4,9,4,False,False,10,4.0,4.0,True,7.5,0.09210526315789473
6,Adam Carolla,4,19.0,6.333333333333333,3,True,Julianne Hough,Radio Personality,California,United States,43,Eliminated Week 4,9,4,False,False,10,4.0,4.0,True,9.0,0.08444444444444445
6,Adam Carolla,5,,,0,False,Julianne Hough,Radio Personality,California,United States,43,Eliminated Week 4,9,4,False,False,10,4.0,4.0,False,,
6,Adam Carolla,6,,,0,False,Julianne Hough,Radio Personality,California,United States,43,Eliminated Week 4,9,4,False,False,10,4.0,4.0,False,,
6,Adam Carolla,7,,,0,False,Julianne Hough,Radio Personality,California,United States,43,Eliminated Week 4,9,4,False,False,10,4.0,4.0,False,,
6,Adam Carolla,8,,,0,False,Julianne Hough,Radio Personality,California,United States,43,Eliminated Week 4,9,4,False,False,10,4.0,4.0,False,,
6,Adam Carolla,9,,,0,False,Julianne Hough,Radio Personality,California,United States,43,Eliminated Week 4,9,4,False,False,10,4.0,4.0,False,,
6,Adam Carolla,10,,,0,False,Julianne Hough,Radio Personality,California,United States,43,Eliminated Week 4,9,4,False,False,10,4.0,4.0,False,,
6,Cristian de la Fuente,1,21.0,7.0,3,True,Cheryl Burke,Actor/Actress,,Chile,34,3rd Place,3,,False,True,10,10.0,10.0,True,6.5,0.08641975308641975
6,Cristian de la Fuente,2,20.0,6.666666666666667,3,True,Cheryl Burke,Actor/Actress,,Chile,34,3rd Place,3,,False,True,10,10.0,10.0,True,8.0,0.07782101167315175
6,Cristian de la Fuente,3,25.0,8.333333333333334,3,True,Cheryl Burke,Actor/Actress,,Chile,34,3rd Place,3,,False,True,10,10.0,10.0,True,3.0,0.10964912280701754
6,Cristian de la Fuente,4,26.0,8.666666666666666,3,True,Cheryl Burke,Actor/Actress,,Chile,34,3rd Place,3,,False,True,10,10.0,10.0,True,4.0,0.11555555555555555
6,Cristian de la Fuente,5,23.0,7.666666666666667,3,True,Cheryl Burke,Actor/Actress,,Chile,34,3rd Place,3,,False,True,10,10.0,10.0,True,5.5,0.11734693877551021
6,Cristian de la Fuente,6,27.0,9.0,3,True,Cheryl Burke,Actor/Actress,,Chile,34,3rd Place,3,,False,True,10,10.0,10.0,True,3.0,0.15
6,Cristian de la Fuente,7,23.0,7.666666666666667,3,True,Cheryl Burke,Actor/Actress,,Chile,34,3rd Place,3,,False,True,10,10.0,10.0,True,6.0,0.1488673139158576
6,Cristian de la Fuente,8,28.5,9.5,3,True,Cheryl Burke,Actor/Actress,,Chile,34,3rd Place,3,,False,True,10,10.0,10.0,True,1.0,0.21348314606741572
6,Cristian de la Fuente,9,28.0,9.333333333333334,3,True,Cheryl Burke,Actor/Actress,,Chile,34,3rd Place,3,,False,True,10,10.0,10.0,True,2.0,0.2545454545454545
6,Cristian de la Fuente,10,26.0,8.666666666666666,3,True,Cheryl Burke,Actor/Actress,,Chile,34,3rd Place,3,,False,True,10,10.0,10.0,True,3.0,0.3076923076923077
6,Jason Taylor,1,22.0,7.333333333333333,3,True,Edyta Sliwinska,Athlete,Pennsylvania,United States,33,2nd Place,2,,False,True,10,10.0,10.0,True,4.5,0.09053497942386832
6,Jason Taylor,2,27.0,9.0,3,True,Edyta Sliwinska,Athlete,Pennsylvania,United States,33,2nd Place,2,,False,True,10,10.0,10.0,True,1.5,0.10505836575875487
6,Jason Taylor,3,23.0,7.666666666666667,3,True,Edyta Sliwinska,Athlete,Pennsylvania,United States,33,2nd Place,2,,False,True,10,10.0,10.0,True,5.0,0.10087719298245613
6,Jason Taylor,4,29.0,9.666666666666666,3,True,Edyta Sliwinska,Athlete,Pennsylvania,United States,33,2nd Place,2,,False,True,10,10.0,10.0,True,1.5,0.1288888888888889
6,Jason Taylor,5,27.0,9.0,3,True,Edyta Sliwinska,Athlete,Pennsylvania,United States,33,2nd Place,2,,False,True,10,10.0,10.0,True,2.5,0.1377551020408163
6,Jason Taylor,6,24.0,8.0,3,True,Edyta Sliwinska,Athlete,Pennsylvania,United States,33,2nd Place,2,,False,True,10,10.0,10.0,True,5.5,0.13333333333333333
6,Jason Taylor,7,27.5,9.166666666666666,3,True,Edyta Sliwinska,Athlete,Pennsylvania,United States,33,2nd Place,2,,False,True,10,10.0,10.0,True,1.0,0.1779935275080906
6,Jason Taylor,8,26.0,8.666666666666666,3,True,Edyta Sliwinska,Athlete,Pennsylvania,United States,33,2nd Place,2,,False,True,10,10.0,10.0,True,4.0,0.1947565543071161
6,Jason Taylor,9,27.5,9.166666666666666,3,True,Edyta Sliwinska,Athlete,Pennsylvania,United States,33,2nd Place,2,,False,True,10,10.0,10.0,True,3.0,0.25
6,Jason Taylor,10,28.5,9.5,3,True,Edyta Sliwinska,Athlete,Pennsylvania,United States,33,2nd Place,2,,False,True,10,10.0,10.0,True,2.0,0.33727810650887574
6,Kristi Yamaguchi,1,27.0,9.0,3,True,Mark Ballas,Athlete,California,United States,36,1st Place,1,,False,True,10,10.0,10.0,True,1.0,0.1111111111111111
6,Kristi Yamaguchi,2,27.0,9.0,3,True,Mark Ballas,Athlete,California,United States,36,1st Place,1,,False,True,10,10.0,10.0,True,1.5,0.10505836575875487
6,Kristi Yamaguchi,3,27.0,9.0,3,True,Mark Ballas,Athlete,California,United States,36,1st Place,1,,False,True,10,10.0,10.0,True,1.0,0.11842105263157894
6,Kristi Yamaguchi,4,29.0,9.666666666666666,3,True,Mark Ballas,Athlete,California,United States,36,1st Place,1,,False,True,10,10.0,10.0,True,1.5,0.1288888888888889
6,Kristi Yamaguchi,5,29.0,9.666666666666666,3,True,Mark Ballas,Athlete,California,United States,36,1st Place,1,,False,True,10,10.0,10.0,True,1.0,0.14795918367346939
6,Kristi Yamaguchi,6,30.0,10.0,3,True,Mark Ballas,Athlete,California,United States,36,1st Place,1,,False,True,10,10.0,10.0,True,1.0,0.16666666666666666
6,Kristi Yamaguchi,7,27.0,9.0,3,True,Mark Ballas,Athlete,California,United States,36,1st Place,1,,False,True,10,10.0,10.0,True,2.0,0.17475728155339806
6,Kristi Yamaguchi,8,27.5,9.166666666666666,3,True,Mark Ballas,Athlete,California,United States,36,1st Place,1,,False,True,10,10.0,10.0,True,2.0,0.20599250936329588
6,Kristi Yamaguchi,9,28.5,9.5,3,True,Mark Ballas,Athlete,California,United States,36,1st Place,1,,False,True,10,10.0,10.0,True,1.0,0.2590909090909091
6,Kristi Yamaguchi,10,30.0,10.0,3,True,Mark Ballas,Athlete,California,United States,36,1st Place,1,,False,True,10,10.0,10.0,True,1.0,0.35502958579881655
6,Mario,1,24.0,8.0,3,True,Karina Smirnoff,Singer/Rapper,Maryland,United States,21,Eliminated Week 8,5,8,False,False,10,8.0,8.0,True,2.5,0.09876543209876543
6,Mario,2,26.0,8.666666666666666,3,True,Karina Smirnoff,Singer/Rapper,Maryland,United States,21,Eliminated Week 8,5,8,False,False,10,8.0,8.0,True,3.0,0.10116731517509728
6,Mario,3,21.0,7.0,3,True,Karina Smirnoff,Singer/Rapper,Maryland,United States,21,Eliminated Week 8,5,8,False,False,10,8.0,8.0,True,7.5,0.09210526315789473
6,Mario,4,24.0,8.0,3,True,Karina Smirnoff,Singer/Rapper,Maryland,United States,21,Eliminated Week 8,5,8,False,False,10,8.0,8.0,True,6.0,0.10666666666666667
6,Mario,5,27.0,9.0,3,True,Karina Smirnoff,Singer/Rapper,Maryland,United States,21,Eliminated Week 8,5,8,False,False,10,8.0,8.0,True,2.5,0.1377551020408163
6,Mario,6,28.0,9.333333333333334,3,True,Karina Smirnoff,Singer/Rapper,Maryland,United States,21,Eliminated Week 8,5,8,False,False,10,8.0,8.0,True,2.0,0.15555555555555556
6,Mario,7,25.5,8.5,3,True,Karina Smirnoff,Singer/Rapper,Maryland,United States,21,Eliminated Week 8,5,8,False,False,10,8.0,8.0,True,4.5,0.1650485436893204
6,Mario,8,26.5,8.833333333333334,3,True,Karina Smirnoff,Singer/Rapper,Maryland,United States,21,Eliminated Week 8,5,8,False,False,10,8.0,8.0,True,3.0,0.19850187265917604
6,Mario,9,,,0,False,Karina Smirnoff,Singer/Rapper,Maryland,United States,21,Eliminated Week 8,5,8,False,False,10,8.0,8.0,False,,
6,Mario,10,,,0,False,Karina Smirnoff,Singer/Rapper,Maryland,United States,21,Eliminated Week 8,5,8,False,False,10,8.0,8.0,False,,
6,Marissa Jaret Winokur,1,18.0,6.0,3,True,Tony Dovolani,Actor/Actress,New York,United States,35,Eliminated Week 9,4,9,False,False,10,9.0,9.0,True,8.5,0.07407407407407407
6,Marissa Jaret Winokur,2,21.0,7.0,3,True,Tony Dovolani,Actor/Actress,New York,United States,35,Eliminated Week 9,4,9,False,False,10,9.0,9.0,True,6.5,0.08171206225680934
6,Marissa Jaret Winokur,3,19.0,6.333333333333333,3,True,Tony Dovolani,Actor/Actress,New York,United States,35,Eliminated Week 9,4,9,False,False,10,9.0,9.0,True,10.0,0.08333333333333333
6,Marissa Jaret Winokur,4,24.0,8.0,3,True,Tony Dovolani,Actor/Actress,New York,United States,35,Eliminated Week 9,4,9,False,False,10,9.0,9.0,True,6.0,0.10666666666666667
6,Marissa Jaret Winokur,5,24.0,8.0,3,True,Tony Dovolani,Actor/Actress,New York,United States,35,Eliminated Week 9,4,9,False,False,10,9.0,9.0,True,4.0,0.12244897959183673
6,Marissa Jaret Winokur,6,26.0,8.666666666666666,3,True,Tony Dovolani,Actor/Actress,New York,United States,35,Eliminated Week 9,4,9,False,False,10,9.0,9.0,True,4.0,0.14444444444444443
6,Marissa Jaret Winokur,7,26.0,8.666666666666666,3,True,Tony Dovolani,Actor/Actress,New York,United States,35,Eliminated Week 9,4,9,False,False,10,9.0,9.0,True,3.0,0.16828478964401294
6,Marissa Jaret Winokur,8,25.0,8.333333333333334,3,True,Tony Dovolani,Actor/Actress,New York,United States,35,Eliminated Week 9,4,9,False,False,10,9.0,9.0,True,5.0,0.18726591760299627
6,Marissa Jaret Winokur,9,26.0,8.666666666666666,3,True,Tony Dovolani,Actor/Actress,New York,United States,35,Eliminated Week 9,4,9,False,False,10,9.0,9.0,True,4.0,0.23636363636363636
6,Marissa Jaret Winokur,10,,,0,False,Tony Dovolani,Actor/Actress,New York,United States,35,Eliminated Week 9,4,9,False,False,10,9.0,9.0,False,,
6,Marlee Matlin,1,22.0,7.333333333333333,3,True,Fabian Sanchez,Actor/Actress,Illinois,United States,42,Eliminated Week 6,7,6,False,False,10,6.0,6.0,True,4.5,0.09053497942386832
6,Marlee Matlin,2,24.0,8.0,3,True,Fabian Sanchez,Actor/Actress,Illinois,United States,42,Eliminated Week 6,7,6,False,False,10,6.0,6.0,True,4.5,0.0933852140077821
6,Marlee Matlin,3,21.0,7.0,3,True,Fabian Sanchez,Actor/Actress,Illinois,United States,42,Eliminated Week 6,7,6,False,False,10,6.0,6.0,True,7.5,0.09210526315789473
6,Marlee Matlin,4,24.0,8.0,3,True,Fabian Sanchez,Actor/Actress,Illinois,United States,42,Eliminated Week 6,7,6,False,False,10,6.0,6.0,True,6.0,0.10666666666666667
6,Marlee Matlin,5,22.0,7.333333333333333,3,True,Fabian Sanchez,Actor/Actress,Illinois,United States,42,Eliminated Week 6,7,6,False,False,10,6.0,6.0,True,7.0,0.11224489795918367
6,Marlee Matlin,6,21.0,7.0,3,True,Fabian Sanchez,Actor/Actress,Illinois,United States,42,Eliminated Week 6,7,6,False,False,10,6.0,6.0,True,7.0,0.11666666666666667
6,Marlee Matlin,7,,,0,False,Fabian Sanchez,Actor/Actress,Illinois,United States,42,Eliminated Week 6,7,6,False,False,10,6.0,6.0,False,,
6,Marlee Matlin,8,,,0,False,Fabian Sanchez,Actor/Actress,Illinois,United States,42,Eliminated Week 6,7,6,False,False,10,6.0,6.0,False,,
6,Marlee Matlin,9,,,0,False,Fabian Sanchez,Actor/Actress,Illinois,United States,42,Eliminated Week 6,7,6,False,False,10,6.0,6.0,False,,
6,Marlee Matlin,10,,,0,False,Fabian Sanchez,Actor/Actress,Illinois,United States,42,Eliminated Week 6,7,6,False,False,10,6.0,6.0,False,,
6,Monica Seles,1,15.0,5.0,3,True,Jonathan Roberts,Athlete,,Yugoslavia,34,Eliminated Week 2,11,2,False,False,10,2.0,2.0,True,11.5,0.06172839506172839
6,Monica Seles,2,15.0,5.0,3,True,Jonathan Roberts,Athlete,,Yugoslavia,34,Eliminated Week 2,11,2,False,False,10,2.0,2.0,True,12.0,0.058365758754863814
6,Monica Seles,3,,,0,False,Jonathan Roberts,Athlete,,Yugoslavia,34,Eliminated Week 2,11,2,False,False,10,2.0,2.0,False,,
6,Monica Seles,4,,,0,False,Jonathan Roberts,Athlete,,Yugoslavia,34,Eliminated Week 2,11,2,False,False,10,2.0,2.0,False,,
6,Monica Seles,5,,,0,False,Jonathan Roberts,Athlete,,Yugoslavia,34,Eliminated Week 2,11,2,False,False,10,2.0,2.0,False,,
6,Monica Seles,6,,,0,False,Jonathan Roberts,Athlete,,Yugoslavia,34,Eliminated Week 2,11,2,False,False,10,2.0,2.0,False,,
6,Monica Seles,7,,,0,False,Jonathan Roberts,Athlete,,Yugoslavia,34,Eliminated Week 2,11,2,False,False,10,2.0,2.0,False,,
6,Monica Seles,8,,,0,False,Jonathan Roberts,Athlete,,Yugoslavia,34,Eliminated Week 2,11,2,False,False,10,2.0,2.0,False,,
6,Monica Seles,9,,,0,False,Jonathan Roberts,Athlete,,Yugoslavia,34,Eliminated Week 2,11,2,False,False,10,2.0,2.0,False,,
6,Monica Seles,10,,,0,False,Jonathan Roberts,Athlete,,Yugoslavia,34,Eliminated Week 2,11,2,False,False,10,2.0,2.0,False,,
6,Penn Jillette,1,16.0,5.333333333333333,3,True,Kym Johnson,Magician,Massachusetts,United States,53,Eliminated Week 2,12,2,False,False,10,2.0,2.0,True,10.0,0.06584362139917696
6,Penn Jillette,2,17.0,5.666666666666667,3,True,Kym Johnson,Magician,Massachusetts,United States,53,Eliminated Week 2,12,2,False,False,10,2.0,2.0,True,10.0,0.06614785992217899
6,Penn Jillette,3,,,0,False,Kym Johnson,Magician,Massachusetts,United States,53,Eliminated Week 2,12,2,False,False,10,2.0,2.0,False,,
6,Penn Jillette,4,,,0,False,Kym Johnson,Magician,Massachusetts,United States,53,Eliminated Week 2,12,2,False,False,10,2.0,2.0,False,,
6,Penn Jillette,5,,,0,False,Kym Johnson,Magician,Massachusetts,United States,53,Eliminated Week 2,12,2,False,False,10,2.0,2.0,False,,
6,Penn Jillette,6,,,0,False,Kym Johnson,Magician,Massachusetts,United States,53,Eliminated Week 2,12,2,False,False,10,2.0,2.0,False,,
6,Penn Jillette,7,,,0,False,Kym Johnson,Magician,Massachusetts,United States,53,Eliminated Week 2,12,2,False,False,10,2.0,2.0,False,,
6,Penn Jillette,8,,,0,False,Kym Johnson,Magician,Massachusetts,United States,53,Eliminated Week 2,12,2,False,False,10,2.0,2.0,False,,
6,Penn Jillette,9,,,0,False,Kym Johnson,Magician,Massachusetts,United States,53,Eliminated Week 2,12,2,False,False,10,2.0,2.0,False,,
6,Penn Jillette,10,,,0,False,Kym Johnson,Magician,Massachusetts,United States,53,Eliminated Week 2,12,2,False,False,10,2.0,2.0,False,,
6,Priscilla Presley,1,24.0,8.0,3,True,Louis van Amstel,Actor/Actress,New York,United States,62,Eliminated Week 5,8,5,False,False,10,5.0,5.0,True,2.5,0.09876543209876543
6,Priscilla Presley,2,21.0,7.0,3,True,Louis van Amstel,Actor/Actress,New York,United States,62,Eliminated Week 5,8,5,False,False,10,5.0,5.0,True,6.5,0.08171206225680934
6,Priscilla Presley,3,26.0,8.666666666666666,3,True,Louis van Amstel,Actor/Actress,New York,United States,62,Eliminated Week 5,8,5,False,False,10,5.0,5.0,True,2.0,0.11403508771929824
6,Priscilla Presley,4,22.0,7.333333333333333,3,True,Louis van Amstel,Actor/Actress,New York,United States,62,Eliminated Week 5,8,5,False,False,10,5.0,5.0,True,8.0,0.09777777777777778
6,Priscilla Presley,5,21.0,7.0,3,True,Louis van Amstel,Actor/Actress,New York,United States,62,Eliminated Week 5,8,5,False,False,10,5.0,5.0,True,8.0,0.10714285714285714
6,Priscilla Presley,6,,,0,False,Louis van Amstel,Actor/Actress,New York,United States,62,Eliminated Week 5,8,5,False,False,10,5.0,5.0,False,,
6,Priscilla Presley,7,,,0,False,Louis van Amstel,Actor/Actress,New York,United States,62,Eliminated Week 5,8,5,False,False,10,5.0,5.0,False,,
6,Priscilla Presley,8,,,0,False,Louis van Amstel,Actor/Actress,New York,United States,62,Eliminated Week 5,8,5,False,False,10,5.0,5.0,False,,
6,Priscilla Presley,9,,,0,False,Louis van Amstel,Actor/Actress,New York,United States,62,Eliminated Week 5,8,5,False,False,10,5.0,5.0,False,,
6,Priscilla Presley,10,,,0,False,Louis van Amstel,Actor/Actress,New York,United States,62,Eliminated Week 5,8,5,False,False,10,5.0,5.0,False,,
6,Shannon Elizabeth,1,21.0,7.0,3,True,Derek Hough,Actor/Actress,Texas,United States,34,Eliminated Week 7,6,7,False,False,10,7.0,7.0,True,6.5,0.08641975308641975
6,Shannon Elizabeth,2,24.0,8.0,3,True,Derek Hough,Actor/Actress,Texas,United States,34,Eliminated Week 7,6,7,False,False,10,7.0,7.0,True,4.5,0.0933852140077821
6,Shannon Elizabeth,3,24.0,8.0,3,True,Derek Hough,Actor/Actress,Texas,United States,34,Eliminated Week 7,6,7,False,False,10,7.0,7.0,True,4.0,0.10526315789473684
6,Shannon Elizabeth,4,28.0,9.333333333333334,3,True,Derek Hough,Actor/Actress,Texas,United States,34,Eliminated Week 7,6,7,False,False,10,7.0,7.0,True,3.0,0.12444444444444444
6,Shannon Elizabeth,5,23.0,7.666666666666667,3,True,Derek Hough,Actor/Actress,Texas,United States,34,Eliminated Week 7,6,7,False,False,10,7.0,7.0,True,5.5,0.11734693877551021
6,Shannon Elizabeth,6,24.0,8.0,3,True,Derek Hough,Actor/Actress,Texas,United States,34,Eliminated Week 7,6,7,False,False,10,7.0,7.0,True,5.5,0.13333333333333333
6,Shannon Elizabeth,7,25.5,8.5,3,True,Derek Hough,Actor/Actress,Texas,United States,34,Eliminated Week 7,6,7,False,False,10,7.0,7.0,True,4.5,0.1650485436893204
6,Shannon Elizabeth,8,,,0,False,Derek Hough,Actor/Actress,Texas,United States,34,Eliminated Week 7,6,7,False,False,10,7.0,7.0,False,,
6,Shannon Elizabeth,9,,,0,False,Derek Hough,Actor/Actress,Texas,United States,34,Eliminated Week 7,6,7,False,False,10,7.0,7.0,False,,
6,Shannon Elizabeth,10,,,0,False,Derek Hough,Actor/Actress,Texas,United States,34,Eliminated Week 7,6,7,False,False,10,7.0,7.0,False,,
6,Steve Guttenberg,1,18.0,6.0,3,True,Anna Trebunskaya,Actor/Actress,New York,United States,49,Eliminated Week 3,10,3,False,False,10,3.0,3.0,True,8.5,0.07407407407407407
6,Steve Guttenberg,2,16.0,5.333333333333333,3,True,Anna Trebunskaya,Actor/Actress,New York,United States,49,Eliminated Week 3,10,3,False,False,10,3.0,3.0,True,11.0,0.0622568093385214
6,Steve Guttenberg,3,21.0,7.0,3,True,Anna Trebunskaya,Actor/Actress,New York,United States,49,Eliminated Week 3,10,3,False,False,10,3.0,3.0,True,7.5,0.09210526315789473
6,Steve Guttenberg,4,,,0,False,Anna Trebunskaya,Actor/Actress,New York,United States,49,Eliminated Week 3,10,3,False,False,10,3.0,3.0,False,,
6,Steve Guttenberg,5,,,0,False,Anna Trebunskaya,Actor/Actress,New York,United States,49,Eliminated Week 3,10,3,False,False,10,3.0,3.0,False,,
6,Steve Guttenberg,6,,,0,False,Anna Trebunskaya,Actor/Actress,New York,United States,49,Eliminated Week 3,10,3,False,False,10,3.0,3.0,False,,
6,Steve Guttenberg,7,,,0,False,Anna Trebunskaya,Actor/Actress,New York,United States,49,Eliminated Week 3,10,3,False,False,10,3.0,3.0,False,,
6,Steve Guttenberg,8,,,0,False,Anna Trebunskaya,Actor/Actress,New York,United States,49,Eliminated Week 3,10,3,False,False,10,3.0,3.0,False,,
6,Steve Guttenberg,9,,,0,False,Anna Trebunskaya,Actor/Actress,New York,United States,49,Eliminated Week 3,10,3,False,False,10,3.0,3.0,False,,
6,Steve Guttenberg,10,,,0,False,Anna Trebunskaya,Actor/Actress,New York,United States,49,Eliminated Week 3,10,3,False,False,10,3.0,3.0,False,,
7,Brooke Burke,1,24.5,8.166666666666666,3,True,Derek Hough,TV Personality,Connecticut,United States,37,1st Place,1,,False,True,10,10.0,10.0,True,1.0,0.09722222222222222
7,Brooke Burke,2,24.0,8.0,3,True,Derek Hough,TV Personality,Connecticut,United States,37,1st Place,1,,False,True,10,10.0,10.0,True,1.5,0.1085972850678733
7,Brooke Burke,3,28.0,9.333333333333334,3,True,Derek Hough,TV Personality,Connecticut,United States,37,1st Place,1,,False,True,10,10.0,10.0,True,1.0,0.1407035175879397
7,Brooke Burke,4,26.0,8.666666666666666,3,True,Derek Hough,TV Personality,Connecticut,United States,37,1st Place,1,,False,True,10,10.0,10.0,True,1.5,0.12807881773399016
7,Brooke Burke,5,29.0,9.666666666666666,3,True,Derek Hough,TV Personality,Connecticut,United States,37,1st Place,1,,False,True,10,10.0,10.0,True,1.0,0.14871794871794872
7,Brooke Burke,6,26.0,8.666666666666666,3,True,Derek Hough,TV Personality,Connecticut,United States,37,1st Place,1,,False,True,10,10.0,10.0,True,2.0,0.1625
7,Brooke Burke,7,30.0,10.0,3,True,Derek Hough,TV Personality,Connecticut,United States,37,1st Place,1,,False,True,10,10.0,10.0,True,1.0,0.20408163265306123
7,Brooke Burke,8,27.5,9.166666666666666,3,True,Derek Hough,TV Personality,Connecticut,United States,37,1st Place,1,,False,True,10,10.0,10.0,True,1.0,0.21568627450980393
7,Brooke Burke,9,24.5,8.166666666666666,3,True,Derek Hough,TV Personality,Connecticut,United States,37,1st Place,1,,False,True,10,10.0,10.0,True,2.5,0.24378109452736318
7,Brooke Burke,10,30.0,10.0,3,True,Derek Hough,TV Personality,Connecticut,United States,37,1st Place,1,,False,True,10,10.0,10.0,True,1.0,0.35294117647058826
7,Cloris Leachman,1,16.0,5.333333333333333,3,True,Corky Ballas,Actor/Actress,Iowa,United States,82,Eliminated Week 6,7,6,False,False,10,6.0,6.0,True,12.0,0.06349206349206349
7,Cloris Leachman,2,15.0,5.0,3,True,Corky Ballas,Actor/Actress,Iowa,United States,82,Eliminated Week 6,7,6,False,False,10,6.0,6.0,True,11.0,0.06787330316742081
7,Cloris Leachman,3,16.0,5.333333333333333,3,True,Corky Ballas,Actor/Actress,Iowa,United States,82,Eliminated Week 6,7,6,False,False,10,6.0,6.0,True,9.0,0.08040201005025126
7,Cloris Leachman,4,22.0,7.333333333333333,3,True,Corky Ballas,Actor/Actress,Iowa,United States,82,Eliminated Week 6,7,6,False,False,10,6.0,6.0,True,6.0,0.10837438423645321
7,Cloris Leachman,5,21.0,7.0,3,True,Corky Ballas,Actor/Actress,Iowa,United States,82,Eliminated Week 6,7,6,False,False,10,6.0,6.0,True,7.5,0.1076923076923077
7,Cloris Leachman,6,15.0,5.0,3,True,Corky Ballas,Actor/Actress,Iowa,United States,82,Eliminated Week 6,7,6,False,False,10,6.0,6.0,True,7.0,0.09375
7,Cloris Leachman,7,,,0,False,Corky Ballas,Actor/Actress,Iowa,United States,82,Eliminated Week 6,7,6,False,False,10,6.0,6.0,False,,
7,Cloris Leachman,8,,,0,False,Corky Ballas,Actor/Actress,Iowa,United States,82,Eliminated Week 6,7,6,False,False,10,6.0,6.0,False,,
7,Cloris Leachman,9,,,0,False,Corky Ballas,Actor/Actress,Iowa,United States,82,Eliminated Week 6,7,6,False,False,10,6.0,6.0,False,,
7,Cloris Leachman,10,,,0,False,Corky Ballas,Actor/Actress,Iowa,United States,82,Eliminated Week 6,7,6,False,False,10,6.0,6.0,False,,
7,Cody Linley,1,20.5,6.833333333333333,3,True,Julianne Hough,Actor/Actress,Texas,United States,18,Eliminated Week 9,4,9,False,False,10,9.0,9.0,True,6.0,0.08134920634920635
7,Cody Linley,2,21.0,7.0,3,True,Julianne Hough,Actor/Actress,Texas,United States,18,Eliminated Week 9,4,9,False,False,10,9.0,9.0,True,5.0,0.09502262443438914
7,Cody Linley,3,21.0,7.0,3,True,Julianne Hough,Actor/Actress,Texas,United States,18,Eliminated Week 9,4,9,False,False,10,9.0,9.0,True,6.5,0.10552763819095477
7,Cody Linley,4,23.0,7.666666666666667,3,True,Julianne Hough,Actor/Actress,Texas,United States,18,Eliminated Week 9,4,9,False,False,10,9.0,9.0,True,4.0,0.11330049261083744
7,Cody Linley,5,28.0,9.333333333333334,3,True,Julianne Hough,Actor/Actress,Texas,United States,18,Eliminated Week 9,4,9,False,False,10,9.0,9.0,True,2.0,0.14358974358974358
7,Cody Linley,6,23.0,7.666666666666667,3,True,Julianne Hough,Actor/Actress,Texas,United States,18,Eliminated Week 9,4,9,False,False,10,9.0,9.0,True,4.5,0.14375
7,Cody Linley,7,22.0,7.333333333333333,3,True,Julianne Hough,Actor/Actress,Texas,United States,18,Eliminated Week 9,4,9,False,False,10,9.0,9.0,True,5.0,0.14965986394557823
7,Cody Linley,8,24.0,8.0,3,True,Julianne Hough,Actor/Actress,Texas,United States,18,Eliminated Week 9,4,9,False,False,10,9.0,9.0,True,4.5,0.18823529411764706
7,Cody Linley,9,23.0,7.666666666666667,3,True,Julianne Hough,Actor/Actress,Texas,United States,18,Eliminated Week 9,4,9,False,False,10,9.0,9.0,True,4.0,0.22885572139303484
7,Cody Linley,10,,,0,False,Julianne Hough,Actor/Actress,Texas,United States,18,Eliminated Week 9,4,9,False,False,10,9.0,9.0,False,,
7,Jeffrey Ross,1,12.0,4.0,3,True,Edyta Sliwinska,Comedian,New Jersey,United States,43,Eliminated Week 1,13,1,False,False,10,1.0,1.0,True,13.0,0.047619047619047616
7,Jeffrey Ross,2,,,0,False,Edyta Sliwinska,Comedian,New Jersey,United States,43,Eliminated Week 1,13,1,False,False,10,1.0,1.0,False,,
7,Jeffrey Ross,3,,,0,False,Edyta Sliwinska,Comedian,New Jersey,United States,43,Eliminated Week 1,13,1,False,False,10,1.0,1.0,False,,
7,Jeffrey Ross,4,,,0,False,Edyta Sliwinska,Comedian,New Jersey,United States,43,Eliminated Week 1,13,1,False,False,10,1.0,1.0,False,,
7,Jeffrey Ross,5,,,0,False,Edyta Sliwinska,Comedian,New Jersey,United States,43,Eliminated Week 1,13,1,False,False,10,1.0,1.0,False,,
7,Jeffrey Ross,6,,,0,False,Edyta Sliwinska,Comedian,New Jersey,United States,43,Eliminated Week 1,13,1,False,False,10,1.0,1.0,False,,
7,Jeffrey Ross,7,,,0,False,Edyta Sliwinska,Comedian,New Jersey,United States,43,Eliminated Week 1,13,1,False,False,10,1.0,1.0,False,,
7,Jeffrey Ross,8,,,0,False,Edyta Sliwinska,Comedian,New Jersey,United States,43,Eliminated Week 1,13,1,False,False,10,1.0,1.0,False,,
7,Jeffrey Ross,9,,,0,False,Edyta Sliwinska,Comedian,New Jersey,United States,43,Eliminated Week 1,13,1,False,False,10,1.0,1.0,False,,
7,Jeffrey Ross,10,,,0,False,Edyta Sliwinska,Comedian,New Jersey,United States,43,Eliminated Week 1,13,1,False,False,10,1.0,1.0,False,,
7,Kim Kardashian,1,18.5,6.166666666666667,3,True,Mark Ballas,TV Personality,California,United States,27,Eliminated Week 2,11,2,False,False,10,2.0,2.0,True,9.0,0.07341269841269842
7,Kim Kardashian,2,17.0,5.666666666666667,3,True,Mark Ballas,TV Personality,California,United States,27,Eliminated Week 2,11,2,False,False,10,2.0,2.0,True,9.0,0.07692307692307693
7,Kim Kardashian,3,,,0,False,Mark Ballas,TV Personality,California,United States,27,Eliminated Week 2,11,2,False,False,10,2.0,2.0,False,,
7,Kim Kardashian,4,,,0,False,Mark Ballas,TV Personality,California,United States,27,Eliminated Week 2,11,2,False,False,10,2.0,2.0,False,,
7,Kim Kardashian,5,,,0,False,Mark Ballas,TV Personality,California,United States,27,Eliminated Week 2,11,2,False,False,10,2.0,2.0,False,,
7,Kim Kardashian,6,,,0,False,Mark Ballas,TV Personality,California,United States,27,Eliminated Week 2,11,2,False,False,10,2.0,2.0,False,,
7,Kim Kardashian,7,,,0,False,Mark Ballas,TV Personality,California,United States,27,Eliminated Week 2,11,2,False,False,10,2.0,2.0,False,,
7,Kim Kardashian,8,,,0,False,Mark Ballas,TV Personality,California,United States,27,Eliminated Week 2,11,2,False,False,10,2.0,2.0,False,,
7,Kim Kardashian,9,,,0,False,Mark Ballas,TV Personality,California,United States,27,Eliminated Week 2,11,2,False,False,10,2.0,2.0,False,,
7,Kim Kardashian,10,,,0,False,Mark Ballas,TV Personality,California,United States,27,Eliminated Week 2,11,2,False,False,10,2.0,2.0,False,,
7,Lance Bass,1,21.5,7.166666666666667,3,True,Lacey Schwimmer,Singer/Rapper,Mississippi,United States,29,3rd Place,3,,False,True,10,10.0,10.0,True,3.5,0.08531746031746032
7,Lance Bass,2,20.0,6.666666666666667,3,True,Lacey Schwimmer,Singer/Rapper,Mississippi,United States,29,3rd Place,3,,False,True,10,10.0,10.0,True,7.0,0.09049773755656108
7,Lance Bass,3,22.0,7.333333333333333,3,True,Lacey Schwimmer,Singer/Rapper,Mississippi,United States,29,3rd Place,3,,False,True,10,10.0,10.0,True,4.5,0.11055276381909548
7,Lance Bass,4,26.0,8.666666666666666,3,True,Lacey Schwimmer,Singer/Rapper,Mississippi,United States,29,3rd Place,3,,False,True,10,10.0,10.0,True,1.5,0.12807881773399016
7,Lance Bass,5,21.0,7.0,3,True,Lacey Schwimmer,Singer/Rapper,Mississippi,United States,29,3rd Place,3,,False,True,10,10.0,10.0,True,7.5,0.1076923076923077
7,Lance Bass,6,27.0,9.0,3,True,Lacey Schwimmer,Singer/Rapper,Mississippi,United States,29,3rd Place,3,,False,True,10,10.0,10.0,True,1.0,0.16875
7,Lance Bass,7,25.0,8.333333333333334,3,True,Lacey Schwimmer,Singer/Rapper,Mississippi,United States,29,3rd Place,3,,False,True,10,10.0,10.0,True,2.5,0.17006802721088435
7,Lance Bass,8,25.0,8.333333333333334,3,True,Lacey Schwimmer,Singer/Rapper,Mississippi,United States,29,3rd Place,3,,False,True,10,10.0,10.0,True,3.0,0.19607843137254902
7,Lance Bass,9,28.5,9.5,3,True,Lacey Schwimmer,Singer/Rapper,Mississippi,United States,29,3rd Place,3,,False,True,10,10.0,10.0,True,1.0,0.2835820895522388
7,Lance Bass,10,27.5,9.166666666666666,3,True,Lacey Schwimmer,Singer/Rapper,Mississippi,United States,29,3rd Place,3,,False,True,10,10.0,10.0,True,2.5,0.3235294117647059
7,Maurice Greene,1,19.5,6.5,3,True,Cheryl Burke,Athlete,Kansas,United States,34,Eliminated Week 8,5,8,False,False,10,8.0,8.0,True,7.0,0.07738095238095238
7,Maurice Greene,2,19.0,6.333333333333333,3,True,Cheryl Burke,Athlete,Kansas,United States,34,Eliminated Week 8,5,8,False,False,10,8.0,8.0,True,8.0,0.08597285067873303
7,Maurice Greene,3,24.0,8.0,3,True,Cheryl Burke,Athlete,Kansas,United States,34,Eliminated Week 8,5,8,False,False,10,8.0,8.0,True,3.0,0.12060301507537688
7,Maurice Greene,4,20.0,6.666666666666667,3,True,Cheryl Burke,Athlete,Kansas,United States,34,Eliminated Week 8,5,8,False,False,10,8.0,8.0,True,8.0,0.09852216748768473
7,Maurice Greene,5,27.0,9.0,3,True,Cheryl Burke,Athlete,Kansas,United States,34,Eliminated Week 8,5,8,False,False,10,8.0,8.0,True,3.0,0.13846153846153847
7,Maurice Greene,6,21.0,7.0,3,True,Cheryl Burke,Athlete,Kansas,United States,34,Eliminated Week 8,5,8,False,False,10,8.0,8.0,True,6.0,0.13125
7,Maurice Greene,7,25.0,8.333333333333334,3,True,Cheryl Burke,Athlete,Kansas,United States,34,Eliminated Week 8,5,8,False,False,10,8.0,8.0,True,2.5,0.17006802721088435
7,Maurice Greene,8,24.0,8.0,3,True,Cheryl Burke,Athlete,Kansas,United States,34,Eliminated Week 8,5,8,False,False,10,8.0,8.0,True,4.5,0.18823529411764706
7,Maurice Greene,9,,,0,False,Cheryl Burke,Athlete,Kansas,United States,34,Eliminated Week 8,5,8,False,False,10,8.0,8.0,False,,
7,Maurice Greene,10,,,0,False,Cheryl Burke,Athlete,Kansas,United States,34,Eliminated Week 8,5,8,False,False,10,8.0,8.0,False,,
7,Misty May-Treanor,1,21.0,7.0,3,True,Maksim Chmerkoskiy,Athlete,California,United States,31,Withdrew,10,,True,False,10,2.0,2.0,True,5.0,0.08333333333333333
7,Misty May-Treanor,2,21.0,7.0,3,True,Maksim Chmerkoskiy,Athlete,California,United States,31,Withdrew,10,,True,False,10,2.0,2.0,True,5.0,0.09502262443438914
7,Misty May-Treanor,3,,,0,False,Maksim Chmerkoskiy,Athlete,California,United States,31,Withdrew,10,,True,False,10,2.0,2.0,False,,
7,Misty May-Treanor,4,,,0,False,Maksim Chmerkoskiy,Athlete,California,United States,31,Withdrew,10,,True,False,10,2.0,2.0,False,,
7,Misty May-Treanor,5,,,0,False,Maksim Chmerkoskiy,Athlete,California,United States,31,Withdrew,10,,True,False,10,2.0,2.0,False,,
7,Misty May-Treanor,6,,,0,False,Maksim Chmerkoskiy,Athlete,California,United States,31,Withdrew,10,,True,False,10,2.0,2.0,False,,
7,Misty May-Treanor,7,,,0,False,Maksim Chmerkoskiy,Athlete,California,United States,31,Withdrew,10,,True,False,10,2.0,2.0,False,,
7,Misty May-Treanor,8,,,0,False,Maksim Chmerkoskiy,Athlete,California,United States,31,Withdrew,10,,True,False,10,2.0,2.0,False,,
7,Misty May-Treanor,9,,,0,False,Maksim Chmerkoskiy,Athlete,California,United States,31,Withdrew,10,,True,False,10,2.0,2.0,False,,
7,Misty May-Treanor,10,,,0,False,Maksim Chmerkoskiy,Athlete,California,United States,31,Withdrew,10,,True,False,10,2.0,2.0,False,,
7,Rocco DiSpirito,1,17.5,5.833333333333333,3,True,Karina Smirnoff,TV Personality,New York,United States,41,Eliminated Week 4,9,4,False,False,10,4.0,4.0,True,11.0,0.06944444444444445
7,Rocco DiSpirito,2,16.0,5.333333333333333,3,True,Karina Smirnoff,TV Personality,New York,United States,41,Eliminated Week 4,9,4,False,False,10,4.0,4.0,True,10.0,0.07239819004524888
7,Rocco DiSpirito,3,20.0,6.666666666666667,3,True,Karina Smirnoff,TV Personality,New York,United States,41,Eliminated Week 4,9,4,False,False,10,4.0,4.0,True,8.0,0.10050251256281408
7,Rocco DiSpirito,4,18.0,6.0,3,True,Karina Smirnoff,TV Personality,New York,United States,41,Eliminated Week 4,9,4,False,False,10,4.0,4.0,True,9.0,0.08866995073891626
7,Rocco DiSpirito,5,,,0,False,Karina Smirnoff,TV Personality,New York,United States,41,Eliminated Week 4,9,4,False,False,10,4.0,4.0,False,,
7,Rocco DiSpirito,6,,,0,False,Karina Smirnoff,TV Personality,New York,United States,41,Eliminated Week 4,9,4,False,False,10,4.0,4.0,False,,
7,Rocco DiSpirito,7,,,0,False,Karina Smirnoff,TV Personality,New York,United States,41,Eliminated Week 4,9,4,False,False,10,4.0,4.0,False,,
7,Rocco DiSpirito,8,,,0,False,Karina Smirnoff,TV Personality,New York,United States,41,Eliminated Week 4,9,4,False,False,10,4.0,4.0,False,,
7,Rocco DiSpirito,9,,,0,False,Karina Smirnoff,TV Personality,New York,United States,41,Eliminated Week 4,9,4,False,False,10,4.0,4.0,False,,
7,Rocco DiSpirito,10,,,0,False,Karina Smirnoff,TV Personality,New York,United States,41,Eliminated Week 4,9,4,False,False,10,4.0,4.0,False,,
7,Susan Lucci,1,18.5,6.166666666666667,3,True,Tony Dovolani,Actor/Actress,New York,United States,61,Eliminated Week 7,6,7,False,False,10,7.0,7.0,True,9.0,0.07341269841269842
7,Susan Lucci,2,21.0,7.0,3,True,Tony Dovolani,Actor/Actress,New York,United States,61,Eliminated Week 7,6,7,False,False,10,7.0,7.0,True,5.0,0.09502262443438914
7,Susan Lucci,3,21.0,7.0,3,True,Tony Dovolani,Actor/Actress,New York,United States,61,Eliminated Week 7,6,7,False,False,10,7.0,7.0,True,6.5,0.10552763819095477
7,Susan Lucci,4,24.0,8.0,3,True,Tony Dovolani,Actor/Actress,New York,United States,61,Eliminated Week 7,6,7,False,False,10,7.0,7.0,True,3.0,0.11822660098522167
7,Susan Lucci,5,22.0,7.333333333333333,3,True,Tony Dovolani,Actor/Actress,New York,United States,61,Eliminated Week 7,6,7,False,False,10,7.0,7.0,True,5.5,0.11282051282051282
7,Susan Lucci,6,23.0,7.666666666666667,3,True,Tony Dovolani,Actor/Actress,New York,United States,61,Eliminated Week 7,6,7,False,False,10,7.0,7.0,True,4.5,0.14375
7,Susan Lucci,7,24.0,8.0,3,True,Tony Dovolani,Actor/Actress,New York,United States,61,Eliminated Week 7,6,7,False,False,10,7.0,7.0,True,4.0,0.16326530612244897
7,Susan Lucci,8,,,0,False,Tony Dovolani,Actor/Actress,New York,United States,61,Eliminated Week 7,6,7,False,False,10,7.0,7.0,False,,
7,Susan Lucci,9,,,0,False,Tony Dovolani,Actor/Actress,New York,United States,61,Eliminated Week 7,6,7,False,False,10,7.0,7.0,False,,
7,Susan Lucci,10,,,0,False,Tony Dovolani,Actor/Actress,New York,United States,61,Eliminated Week 7,6,7,False,False,10,7.0,7.0,False,,
7,Ted McGinley,1,18.5,6.166666666666667,3,True,Inna Brayer,Actor/Actress,California,United States,50,Eliminated Week 1,12,1,False,False,10,1.0,1.0,True,9.0,0.07341269841269842
7,Ted McGinley,2,,,0,False,Inna Brayer,Actor/Actress,California,United States,50,Eliminated Week 1,12,1,False,False,10,1.0,1.0,False,,
7,Ted McGinley,3,,,0,False,Inna Brayer,Actor/Actress,California,United States,50,Eliminated Week 1,12,1,False,False,10,1.0,1.0,False,,
7,Ted McGinley,4,,,0,False,Inna Brayer,Actor/Actress,California,United States,50,Eliminated Week 1,12,1,False,False,10,1.0,1.0,False,,
7,Ted McGinley,5,,,0,False,Inna Brayer,Actor/Actress,California,United States,50,Eliminated Week 1,12,1,False,False,10,1.0,1.0,False,,
7,Ted McGinley,6,,,0,False,Inna Brayer,Actor/Actress,California,United States,50,Eliminated Week 1,12,1,False,False,10,1.0,1.0,False,,
7,Ted McGinley,7,,,0,False,Inna Brayer,Actor/Actress,California,United States,50,Eliminated Week 1,12,1,False,False,10,1.0,1.0,False,,
7,Ted McGinley,8,,,0,False,Inna Brayer,Actor/Actress,California,United States,50,Eliminated Week 1,12,1,False,False,10,1.0,1.0,False,,
7,Ted McGinley,9,,,0,False,Inna Brayer,Actor/Actress,California,United States,50,Eliminated Week 1,12,1,False,False,10,1.0,1.0,False,,
7,Ted McGinley,10,,,0,False,Inna Brayer,Actor/Actress,California,United States,50,Eliminated Week 1,12,1,False,False,10,1.0,1.0,False,,
7,Toni Braxton,1,22.5,7.5,3,True,Alec Mazo,Singer/Rapper,Maryland,United States,40,Eliminated Week 5,8,5,False,False,10,5.0,5.0,True,2.0,0.08928571428571429
7,Toni Braxton,2,23.0,7.666666666666667,3,True,Alec Mazo,Singer/Rapper,Maryland,United States,40,Eliminated Week 5,8,5,False,False,10,5.0,5.0,True,3.0,0.10407239819004525
7,Toni Braxton,3,22.0,7.333333333333333,3,True,Alec Mazo,Singer/Rapper,Maryland,United States,40,Eliminated Week 5,8,5,False,False,10,5.0,5.0,True,4.5,0.11055276381909548
7,Toni Braxton,4,22.0,7.333333333333333,3,True,Alec Mazo,Singer/Rapper,Maryland,United States,40,Eliminated Week 5,8,5,False,False,10,5.0,5.0,True,6.0,0.10837438423645321
7,Toni Braxton,5,22.0,7.333333333333333,3,True,Alec Mazo,Singer/Rapper,Maryland,United States,40,Eliminated Week 5,8,5,False,False,10,5.0,5.0,True,5.5,0.11282051282051282
7,Toni Braxton,6,,,0,False,Alec Mazo,Singer/Rapper,Maryland,United States,40,Eliminated Week 5,8,5,False,False,10,5.0,5.0,False,,
7,Toni Braxton,7,,,0,False,Alec Mazo,Singer/Rapper,Maryland,United States,40,Eliminated Week 5,8,5,False,False,10,5.0,5.0,False,,
7,Toni Braxton,8,,,0,False,Alec Mazo,Singer/Rapper,Maryland,United States,40,Eliminated Week 5,8,5,False,False,10,5.0,5.0,False,,
7,Toni Braxton,9,,,0,False,Alec Mazo,Singer/Rapper,Maryland,United States,40,Eliminated Week 5,8,5,False,False,10,5.0,5.0,False,,
7,Toni Braxton,10,,,0,False,Alec Mazo,Singer/Rapper,Maryland,United States,40,Eliminated Week 5,8,5,False,False,10,5.0,5.0,False,,
7,Warren Sapp,1,21.5,7.166666666666667,3,True,Kym Johnson,Athlete,Florida,United States,35,2nd Place,2,,False,True,10,10.0,10.0,True,3.5,0.08531746031746032
7,Warren Sapp,2,24.0,8.0,3,True,Kym Johnson,Athlete,Florida,United States,35,2nd Place,2,,False,True,10,10.0,10.0,True,1.5,0.1085972850678733
7,Warren Sapp,3,25.0,8.333333333333334,3,True,Kym Johnson,Athlete,Florida,United States,35,2nd Place,2,,False,True,10,10.0,10.0,True,2.0,0.12562814070351758
7,Warren Sapp,4,22.0,7.333333333333333,3,True,Kym Johnson,Athlete,Florida,United States,35,2nd Place,2,,False,True,10,10.0,10.0,True,6.0,0.10837438423645321
7,Warren Sapp,5,25.0,8.333333333333334,3,True,Kym Johnson,Athlete,Florida,United States,35,2nd Place,2,,False,True,10,10.0,10.0,True,4.0,0.1282051282051282
7,Warren Sapp,6,25.0,8.333333333333334,3,True,Kym Johnson,Athlete,Florida,United States,35,2nd Place,2,,False,True,10,10.0,10.0,True,3.0,0.15625
7,Warren Sapp,7,21.0,7.0,3,True,Kym Johnson,Athlete,Florida,United States,35,2nd Place,2,,False,True,10,10.0,10.0,True,6.0,0.14285714285714285
7,Warren Sapp,8,27.0,9.0,3,True,Kym Johnson,Athlete,Florida,United States,35,2nd Place,2,,False,True,10,10.0,10.0,True,2.0,0.21176470588235294
7,Warren Sapp,9,24.5,8.166666666666666,3,True,Kym Johnson,Athlete,Florida,United States,35,2nd Place,2,,False,True,10,10.0,10.0,True,2.5,0.24378109452736318
7,Warren Sapp,10,27.5,9.166666666666666,3,True,Kym Johnson,Athlete,Florida,United States,35,2nd Place,2,,False,True,10,10.0,10.0,True,2.5,0.3235294117647059
8,Belinda Carlisle,1,17.0,5.666666666666667,3,True,Jonathan Roberts,Singer/Rapper,California,United States,50,Eliminated Week 2,13,2,False,False,11,2.0,2.0,True,9.5,0.06995884773662552
8,Belinda Carlisle,2,18.0,6.0,3,True,Jonathan Roberts,Singer/Rapper,California,United States,50,Eliminated Week 2,13,2,False,False,11,2.0,2.0,True,9.5,0.06792452830188679
8,Belinda Carlisle,3,,,0,False,Jonathan Roberts,Singer/Rapper,California,United States,50,Eliminated Week 2,13,2,False,False,11,2.0,2.0,False,,
8,Belinda Carlisle,4,,,0,False,Jonathan Roberts,Singer/Rapper,California,United States,50,Eliminated Week 2,13,2,False,False,11,2.0,2.0,False,,
8,Belinda Carlisle,5,,,0,False,Jonathan Roberts,Singer/Rapper,California,United States,50,Eliminated Week 2,13,2,False,False,11,2.0,2.0,False,,
8,Belinda Carlisle,6,,,0,False,Jonathan Roberts,Singer/Rapper,California,United States,50,Eliminated Week 2,13,2,False,False,11,2.0,2.0,False,,
8,Belinda Carlisle,7,,,0,False,Jonathan Roberts,Singer/Rapper,California,United States,50,Eliminated Week 2,13,2,False,False,11,2.0,2.0,False,,
8,Belinda Carlisle,8,,,0,False,Jonathan Roberts,Singer/Rapper,California,United States,50,Eliminated Week 2,13,2,False,False,11,2.0,2.0,False,,
8,Belinda Carlisle,9,,,0,False,Jonathan Roberts,Singer/Rapper,California,United States,50,Eliminated Week 2,13,2,False,False,11,2.0,2.0,False,,
8,Belinda Carlisle,10,,,0,False,Jonathan Roberts,Singer/Rapper,California,United States,50,Eliminated Week 2,13,2,False,False,11,2.0,2.0,False,,
8,Belinda Carlisle,11,,,0,False,Jonathan Roberts,Singer/Rapper,California,United States,50,Eliminated Week 2,13,2,False,False,11,2.0,2.0,False,,
8,Chuck Wicks,1,20.0,6.666666666666667,3,True,Julianne Hough,Singer/Rapper,Delaware,United States,29,Eliminated Week 8,6,8,False,False,11,8.0,8.0,True,5.0,0.0823045267489712
8,Chuck Wicks,2,20.0,6.666666666666667,3,True,Julianne Hough,Singer/Rapper,Delaware,United States,29,Eliminated Week 8,6,8,False,False,11,8.0,8.0,True,7.0,0.07547169811320754
8,Chuck Wicks,3,23.0,7.666666666666667,3,True,Julianne Hough,Singer/Rapper,Delaware,United States,29,Eliminated Week 8,6,8,False,False,11,8.0,8.0,True,6.5,0.09055118110236221
8,Chuck Wicks,4,22.0,7.333333333333333,3,True,Julianne Hough,Singer/Rapper,Delaware,United States,29,Eliminated Week 8,6,8,False,False,11,8.0,8.0,True,6.5,0.09090909090909091
8,Chuck Wicks,5,23.0,7.666666666666667,3,True,Julianne Hough,Singer/Rapper,Delaware,United States,29,Eliminated Week 8,6,8,False,False,11,8.0,8.0,True,5.0,0.10952380952380952
8,Chuck Wicks,6,23.0,7.666666666666667,3,True,Julianne Hough,Singer/Rapper,Delaware,United States,29,Eliminated Week 8,6,8,False,False,11,8.0,8.0,True,5.0,0.12365591397849462
8,Chuck Wicks,7,27.0,9.0,3,True,Julianne Hough,Singer/Rapper,Delaware,United States,29,Eliminated Week 8,6,8,False,False,11,8.0,8.0,True,3.5,0.14835164835164835
8,Chuck Wicks,8,25.5,8.5,3,True,Julianne Hough,Singer/Rapper,Delaware,United States,29,Eliminated Week 8,6,8,False,False,11,8.0,8.0,True,5.0,0.16346153846153846
8,Chuck Wicks,9,,,0,False,Julianne Hough,Singer/Rapper,Delaware,United States,29,Eliminated Week 8,6,8,False,False,11,8.0,8.0,False,,
8,Chuck Wicks,10,,,0,False,Julianne Hough,Singer/Rapper,Delaware,United States,29,Eliminated Week 8,6,8,False,False,11,8.0,8.0,False,,
8,Chuck Wicks,11,,,0,False,Julianne Hough,Singer/Rapper,Delaware,United States,29,Eliminated Week 8,6,8,False,False,11,8.0,8.0,False,,
8,David Alan Grier,1,19.0,6.333333333333333,3,True,Kym Johnson,Actor/Actress,Michigan,United States,52,Eliminated Week 5,9,5,False,False,11,5.0,5.0,True,6.0,0.07818930041152264
8,David Alan Grier,2,17.0,5.666666666666667,3,True,Kym Johnson,Actor/Actress,Michigan,United States,52,Eliminated Week 5,9,5,False,False,11,5.0,5.0,True,11.5,0.06415094339622641
8,David Alan Grier,3,24.0,8.0,3,True,Kym Johnson,Actor/Actress,Michigan,United States,52,Eliminated Week 5,9,5,False,False,11,5.0,5.0,True,5.0,0.09448818897637795
8,David Alan Grier,4,22.0,7.333333333333333,3,True,Kym Johnson,Actor/Actress,Michigan,United States,52,Eliminated Week 5,9,5,False,False,11,5.0,5.0,True,6.5,0.09090909090909091
8,David Alan Grier,5,22.0,7.333333333333333,3,True,Kym Johnson,Actor/Actress,Michigan,United States,52,Eliminated Week 5,9,5,False,False,11,5.0,5.0,True,6.0,0.10476190476190476
8,David Alan Grier,6,,,0,False,Kym Johnson,Actor/Actress,Michigan,United States,52,Eliminated Week 5,9,5,False,False,11,5.0,5.0,False,,
8,David Alan Grier,7,,,0,False,Kym Johnson,Actor/Actress,Michigan,United States,52,Eliminated Week 5,9,5,False,False,11,5.0,5.0,False,,
8,David Alan Grier,8,,,0,False,Kym Johnson,Actor/Actress,Michigan,United States,52,Eliminated Week 5,9,5,False,False,11,5.0,5.0,False,,
8,David Alan Grier,9,,,0,False,Kym Johnson,Actor/Actress,Michigan,United States,52,Eliminated Week 5,9,5,False,False,11,5.0,5.0,False,,
8,David Alan Grier,10,,,0,False,Kym Johnson,Actor/Actress,Michigan,United States,52,Eliminated Week 5,9,5,False,False,11,5.0,5.0,False,,
8,David Alan Grier,11,,,0,False,Kym Johnson,Actor/Actress,Michigan,United States,52,Eliminated Week 5,9,5,False,False,11,5.0,5.0,False,,
8,Denise Richards,1,18.0,6.0,3,True,Maksim Chmerkoskiy,Actor/Actress,Illinois,United States,38,Eliminated Week 3,12,3,False,False,11,3.0,3.0,True,7.5,0.07407407407407407
8,Denise Richards,2,21.0,7.0,3,True,Maksim Chmerkoskiy,Actor/Actress,Illinois,United States,38,Eliminated Week 3,12,3,False,False,11,3.0,3.0,True,5.0,0.07924528301886792
8,Denise Richards,3,16.0,5.333333333333333,3,True,Maksim Chmerkoskiy,Actor/Actress,Illinois,United States,38,Eliminated Week 3,12,3,False,False,11,3.0,3.0,True,10.0,0.06299212598425197
8,Denise Richards,4,,,0,False,Maksim Chmerkoskiy,Actor/Actress,Illinois,United States,38,Eliminated Week 3,12,3,False,False,11,3.0,3.0,False,,
8,Denise Richards,5,,,0,False,Maksim Chmerkoskiy,Actor/Actress,Illinois,United States,38,Eliminated Week 3,12,3,False,False,11,3.0,3.0,False,,
8,Denise Richards,6,,,0,False,Maksim Chmerkoskiy,Actor/Actress,Illinois,United States,38,Eliminated Week 3,12,3,False,False,11,3.0,3.0,False,,
8,Denise Richards,7,,,0,False,Maksim Chmerkoskiy,Actor/Actress,Illinois,United States,38,Eliminated Week 3,12,3,False,False,11,3.0,3.0,False,,
8,Denise Richards,8,,,0,False,Maksim Chmerkoskiy,Actor/Actress,Illinois,United States,38,Eliminated Week 3,12,3,False,False,11,3.0,3.0,False,,
8,Denise Richards,9,,,0,False,Maksim Chmerkoskiy,Actor/Actress,Illinois,United States,38,Eliminated Week 3,12,3,False,False,11,3.0,3.0,False,,
8,Denise Richards,10,,,0,False,Maksim Chmerkoskiy,Actor/Actress,Illinois,United States,38,Eliminated Week 3,12,3,False,False,11,3.0,3.0,False,,
8,Denise Richards,11,,,0,False,Maksim Chmerkoskiy,Actor/Actress,Illinois,United States,38,Eliminated Week 3,12,3,False,False,11,3.0,3.0,False,,
8,Gilles Marini,1,24.0,8.0,3,True,Cheryl Burke,Actor/Actress,,France,33,2nd Place,2,,False,True,11,11.0,11.0,True,1.0,0.09876543209876543
8,Gilles Marini,2,27.0,9.0,3,True,Cheryl Burke,Actor/Actress,,France,33,2nd Place,2,,False,True,11,11.0,11.0,True,1.0,0.1018867924528302
8,Gilles Marini,3,27.0,9.0,3,True,Cheryl Burke,Actor/Actress,,France,33,2nd Place,2,,False,True,11,11.0,11.0,True,2.0,0.1062992125984252
8,Gilles Marini,4,30.0,10.0,3,True,Cheryl Burke,Actor/Actress,,France,33,2nd Place,2,,False,True,11,11.0,11.0,True,1.0,0.12396694214876033
8,Gilles Marini,5,29.0,9.666666666666666,3,True,Cheryl Burke,Actor/Actress,,France,33,2nd Place,2,,False,True,11,11.0,11.0,True,1.0,0.1380952380952381
8,Gilles Marini,6,26.0,8.666666666666666,3,True,Cheryl Burke,Actor/Actress,,France,33,2nd Place,2,,False,True,11,11.0,11.0,True,3.5,0.13978494623655913
8,Gilles Marini,7,27.0,9.0,3,True,Cheryl Burke,Actor/Actress,,France,33,2nd Place,2,,False,True,11,11.0,11.0,True,3.5,0.14835164835164835
8,Gilles Marini,8,27.5,9.166666666666666,3,True,Cheryl Burke,Actor/Actress,,France,33,2nd Place,2,,False,True,11,11.0,11.0,True,2.0,0.1762820512820513
8,Gilles Marini,9,28.0,9.333333333333334,3,True,Cheryl Burke,Actor/Actress,,France,33,2nd Place,2,,False,True,11,11.0,11.0,True,2.5,0.20973782771535582
8,Gilles Marini,10,30.0,10.0,3,True,Cheryl Burke,Actor/Actress,,France,33,2nd Place,2,,False,True,11,11.0,11.0,True,1.0,0.273972602739726
8,Gilles Marini,11,29.0,9.666666666666666,3,True,Cheryl Burke,Actor/Actress,,France,33,2nd Place,2,,False,True,11,11.0,11.0,True,2.0,0.3314285714285714
8,Holly Madison,1,18.0,6.0,3,True,Dmitry Chaplin,TV Personality,Oregon,United States,30,Eliminated Week 4,11,4,False,False,11,4.0,4.0,True,7.5,0.07407407407407407
8,Holly Madison,2,18.0,6.0,3,True,Dmitry Chaplin,TV Personality,Oregon,United States,30,Eliminated Week 4,11,4,False,False,11,4.0,4.0,True,9.5,0.06792452830188679
8,Holly Madison,3,17.0,5.666666666666667,3,True,Dmitry Chaplin,TV Personality,Oregon,United States,30,Eliminated Week 4,11,4,False,False,11,4.0,4.0,True,9.0,0.06692913385826772
8,Holly Madison,4,16.0,5.333333333333333,3,True,Dmitry Chaplin,TV Personality,Oregon,United States,30,Eliminated Week 4,11,4,False,False,11,4.0,4.0,True,9.0,0.06611570247933884
8,Holly Madison,5,,,0,False,Dmitry Chaplin,TV Personality,Oregon,United States,30,Eliminated Week 4,11,4,False,False,11,4.0,4.0,False,,
8,Holly Madison,6,,,0,False,Dmitry Chaplin,TV Personality,Oregon,United States,30,Eliminated Week 4,11,4,False,False,11,4.0,4.0,False,,
8,Holly Madison,7,,,0,False,Dmitry Chaplin,TV Personality,Oregon,United States,30,Eliminated Week 4,11,4,False,False,11,4.0,4.0,False,,
8,Holly Madison,8,,,0,False,Dmitry Chaplin,TV Personality,Oregon,United States,30,Eliminated Week 4,11,4,False,False,11,4.0,4.0,False,,
8,Holly Madison,9,,,0,False,Dmitry Chaplin,TV Personality,Oregon,United States,30,Eliminated Week 4,11,4,False,False,11,4.0,4.0,False,,
8,Holly Madison,10,,,0,False,Dmitry Chaplin,TV Personality,Oregon,United States,30,Eliminated Week 4,11,4,False,False,11,4.0,4.0,False,,
8,Holly Madison,11,,,0,False,Dmitry Chaplin,TV Personality,Oregon,United States,30,Eliminated Week 4,11,4,False,False,11,4.0,4.0,False,,
8,Lawrence Taylor,1,16.0,5.333333333333333,3,True,Edyta Sliwinska,Athlete,Virginia,United States,50,Eliminated Week 7,7,7,False,False,11,7.0,7.0,True,11.0,0.06584362139917696
8,Lawrence Taylor,2,20.0,6.666666666666667,3,True,Edyta Sliwinska,Athlete,Virginia,United States,50,Eliminated Week 7,7,7,False,False,11,7.0,7.0,True,7.0,0.07547169811320754
8,Lawrence Taylor,3,20.0,6.666666666666667,3,True,Edyta Sliwinska,Athlete,Virginia,United States,50,Eliminated Week 7,7,7,False,False,11,7.0,7.0,True,8.0,0.07874015748031496
8,Lawrence Taylor,4,19.0,6.333333333333333,3,True,Edyta Sliwinska,Athlete,Virginia,United States,50,Eliminated Week 7,7,7,False,False,11,7.0,7.0,True,8.0,0.07851239669421488
8,Lawrence Taylor,5,20.0,6.666666666666667,3,True,Edyta Sliwinska,Athlete,Virginia,United States,50,Eliminated Week 7,7,7,False,False,11,7.0,7.0,True,8.0,0.09523809523809523
8,Lawrence Taylor,6,22.0,7.333333333333333,3,True,Edyta Sliwinska,Athlete,Virginia,United States,50,Eliminated Week 7,7,7,False,False,11,7.0,7.0,True,6.0,0.11827956989247312
8,Lawrence Taylor,7,21.0,7.0,3,True,Edyta Sliwinska,Athlete,Virginia,United States,50,Eliminated Week 7,7,7,False,False,11,7.0,7.0,True,7.0,0.11538461538461539
8,Lawrence Taylor,8,,,0,False,Edyta Sliwinska,Athlete,Virginia,United States,50,Eliminated Week 7,7,7,False,False,11,7.0,7.0,False,,
8,Lawrence Taylor,9,,,0,False,Edyta Sliwinska,Athlete,Virginia,United States,50,Eliminated Week 7,7,7,False,False,11,7.0,7.0,False,,
8,Lawrence Taylor,10,,,0,False,Edyta Sliwinska,Athlete,Virginia,United States,50,Eliminated Week 7,7,7,False,False,11,7.0,7.0,False,,
8,Lawrence Taylor,11,,,0,False,Edyta Sliwinska,Athlete,Virginia,United States,50,Eliminated Week 7,7,7,False,False,11,7.0,7.0,False,,
8,Lil' Kim,1,21.0,7.0,3,True,Derek Hough,Singer/Rapper,New York,United States,34,Eliminated Week 9,5,9,False,False,11,9.0,9.0,True,4.0,0.08641975308641975
8,Lil' Kim,2,23.0,7.666666666666667,3,True,Derek Hough,Singer/Rapper,New York,United States,34,Eliminated Week 9,5,9,False,False,11,9.0,9.0,True,4.0,0.08679245283018867
8,Lil' Kim,3,25.0,8.333333333333334,3,True,Derek Hough,Singer/Rapper,New York,United States,34,Eliminated Week 9,5,9,False,False,11,9.0,9.0,True,4.0,0.0984251968503937
8,Lil' Kim,4,27.0,9.0,3,True,Derek Hough,Singer/Rapper,New York,United States,34,Eliminated Week 9,5,9,False,False,11,9.0,9.0,True,3.0,0.1115702479338843
8,Lil' Kim,5,26.0,8.666666666666666,3,True,Derek Hough,Singer/Rapper,New York,United States,34,Eliminated Week 9,5,9,False,False,11,9.0,9.0,True,2.5,0.12380952380952381
8,Lil' Kim,6,28.0,9.333333333333334,3,True,Derek Hough,Singer/Rapper,New York,United States,34,Eliminated Week 9,5,9,False,False,11,9.0,9.0,True,1.0,0.15053763440860216
8,Lil' Kim,7,26.0,8.666666666666666,3,True,Derek Hough,Singer/Rapper,New York,United States,34,Eliminated Week 9,5,9,False,False,11,9.0,9.0,True,5.0,0.14285714285714285
8,Lil' Kim,8,28.0,9.333333333333334,3,True,Derek Hough,Singer/Rapper,New York,United States,34,Eliminated Week 9,5,9,False,False,11,9.0,9.0,True,1.0,0.1794871794871795
8,Lil' Kim,9,26.0,8.666666666666666,3,True,Derek Hough,Singer/Rapper,New York,United States,34,Eliminated Week 9,5,9,False,False,11,9.0,9.0,True,4.0,0.1947565543071161
8,Lil' Kim,10,,,0,False,Derek Hough,Singer/Rapper,New York,United States,34,Eliminated Week 9,5,9,False,False,11,9.0,9.0,False,,
8,Lil' Kim,11,,,0,False,Derek Hough,Singer/Rapper,New York,United States,34,Eliminated Week 9,5,9,False,False,11,9.0,9.0,False,,
8,Melissa Rycroft,1,23.0,7.666666666666667,3,True,Tony Dovolani,TV Personality,Texas,United States,26,3rd Place,3,,False,True,11,11.0,11.0,True,2.5,0.09465020576131687
8,Melissa Rycroft,2,26.0,8.666666666666666,3,True,Tony Dovolani,TV Personality,Texas,United States,26,3rd Place,3,,False,True,11,11.0,11.0,True,2.0,0.09811320754716982
8,Melissa Rycroft,3,27.0,9.0,3,True,Tony Dovolani,TV Personality,Texas,United States,26,3rd Place,3,,False,True,11,11.0,11.0,True,2.0,0.1062992125984252
8,Melissa Rycroft,4,29.0,9.666666666666666,3,True,Tony Dovolani,TV Personality,Texas,United States,26,3rd Place,3,,False,True,11,11.0,11.0,True,2.0,0.11983471074380166
8,Melissa Rycroft,5,25.0,8.333333333333334,3,True,Tony Dovolani,TV Personality,Texas,United States,26,3rd Place,3,,False,True,11,11.0,11.0,True,4.0,0.11904761904761904
8,Melissa Rycroft,6,27.0,9.0,3,True,Tony Dovolani,TV Personality,Texas,United States,26,3rd Place,3,,False,True,11,11.0,11.0,True,2.0,0.14516129032258066
8,Melissa Rycroft,7,29.0,9.666666666666666,3,True,Tony Dovolani,TV Personality,Texas,United States,26,3rd Place,3,,False,True,11,11.0,11.0,True,1.0,0.15934065934065933
8,Melissa Rycroft,8,23.0,7.666666666666667,3,True,Tony Dovolani,TV Personality,Texas,United States,26,3rd Place,3,,False,True,11,11.0,11.0,True,6.0,0.14743589743589744
8,Melissa Rycroft,9,28.5,9.5,3,True,Tony Dovolani,TV Personality,Texas,United States,26,3rd Place,3,,False,True,11,11.0,11.0,True,1.0,0.21348314606741572
8,Melissa Rycroft,10,27.5,9.166666666666666,3,True,Tony Dovolani,TV Personality,Texas,United States,26,3rd Place,3,,False,True,11,11.0,11.0,True,3.0,0.2511415525114155
8,Melissa Rycroft,11,28.5,9.5,3,True,Tony Dovolani,TV Personality,Texas,United States,26,3rd Place,3,,False,True,11,11.0,11.0,True,3.0,0.32571428571428573
8,Shawn Johnson,1,23.0,7.666666666666667,3,True,Mark Ballas,Athlete,Iowa,United States,17,1st Place,1,,False,True,11,11.0,11.0,True,2.5,0.09465020576131687
8,Shawn Johnson,2,24.0,8.0,3,True,Mark Ballas,Athlete,Iowa,United States,17,1st Place,1,,False,True,11,11.0,11.0,True,3.0,0.09056603773584905
8,Shawn Johnson,3,27.0,9.0,3,True,Mark Ballas,Athlete,Iowa,United States,17,1st Place,1,,False,True,11,11.0,11.0,True,2.0,0.1062992125984252
8,Shawn Johnson,4,25.0,8.333333333333334,3,True,Mark Ballas,Athlete,Iowa,United States,17,1st Place,1,,False,True,11,11.0,11.0,True,4.5,0.10330578512396695
8,Shawn Johnson,5,26.0,8.666666666666666,3,True,Mark Ballas,Athlete,Iowa,United States,17,1st Place,1,,False,True,11,11.0,11.0,True,2.5,0.12380952380952381
8,Shawn Johnson,6,26.0,8.666666666666666,3,True,Mark Ballas,Athlete,Iowa,United States,17,1st Place,1,,False,True,11,11.0,11.0,True,3.5,0.13978494623655913
8,Shawn Johnson,7,28.0,9.333333333333334,3,True,Mark Ballas,Athlete,Iowa,United States,17,1st Place,1,,False,True,11,11.0,11.0,True,2.0,0.15384615384615385
8,Shawn Johnson,8,26.0,8.666666666666666,3,True,Mark Ballas,Athlete,Iowa,United States,17,1st Place,1,,False,True,11,11.0,11.0,True,3.5,0.16666666666666666
8,Shawn Johnson,9,28.0,9.333333333333334,3,True,Mark Ballas,Athlete,Iowa,United States,17,1st Place,1,,False,True,11,11.0,11.0,True,2.5,0.20973782771535582
8,Shawn Johnson,10,28.0,9.333333333333334,3,True,Mark Ballas,Athlete,Iowa,United States,17,1st Place,1,,False,True,11,11.0,11.0,True,2.0,0.2557077625570776
8,Shawn Johnson,11,30.0,10.0,3,True,Mark Ballas,Athlete,Iowa,United States,17,1st Place,1,,False,True,11,11.0,11.0,True,1.0,0.34285714285714286
8,Steve Wozniak,1,13.0,4.333333333333333,3,True,Karina Smirnoff,Entrepreneur,California,United States,58,Eliminated Week 4,10,4,False,False,11,4.0,4.0,True,13.0,0.053497942386831275
8,Steve Wozniak,2,17.0,5.666666666666667,3,True,Karina Smirnoff,Entrepreneur,California,United States,58,Eliminated Week 4,10,4,False,False,11,4.0,4.0,True,11.5,0.06415094339622641
8,Steve Wozniak,3,10.0,3.3333333333333335,3,True,Karina Smirnoff,Entrepreneur,California,United States,58,Eliminated Week 4,10,4,False,False,11,4.0,4.0,True,12.0,0.03937007874015748
8,Steve Wozniak,4,12.0,4.0,3,True,Karina Smirnoff,Entrepreneur,California,United States,58,Eliminated Week 4,10,4,False,False,11,4.0,4.0,True,11.0,0.049586776859504134
8,Steve Wozniak,5,,,0,False,Karina Smirnoff,Entrepreneur,California,United States,58,Eliminated Week 4,10,4,False,False,11,4.0,4.0,False,,
8,Steve Wozniak,6,,,0,False,Karina Smirnoff,Entrepreneur,California,United States,58,Eliminated Week 4,10,4,False,False,11,4.0,4.0,False,,
8,Steve Wozniak,7,,,0,False,Karina Smirnoff,Entrepreneur,California,United States,58,Eliminated Week 4,10,4,False,False,11,4.0,4.0,False,,
8,Steve Wozniak,8,,,0,False,Karina Smirnoff,Entrepreneur,California,United States,58,Eliminated Week 4,10,4,False,False,11,4.0,4.0,False,,
8,Steve Wozniak,9,,,0,False,Karina Smirnoff,Entrepreneur,California,United States,58,Eliminated Week 4,10,4,False,False,11,4.0,4.0,False,,
8,Steve Wozniak,10,,,0,False,Karina Smirnoff,Entrepreneur,California,United States,58,Eliminated Week 4,10,4,False,False,11,4.0,4.0,False,,
8,Steve Wozniak,11,,,0,False,Karina Smirnoff,Entrepreneur,California,United States,58,Eliminated Week 4,10,4,False,False,11,4.0,4.0,False,,
8,Steve-O,1,17.0,5.666666666666667,3,True,Lacey Schwimmer,TV Personality,,England,34,Eliminated Week 6,8,6,False,False,11,6.0,6.0,True,9.5,0.06995884773662552
8,Steve-O,2,14.0,4.666666666666667,3,True,Lacey Schwimmer,TV Personality,,England,34,Eliminated Week 6,8,6,False,False,11,6.0,6.0,True,13.0,0.052830188679245285
8,Steve-O,3,15.0,5.0,3,True,Lacey Schwimmer,TV Personality,,England,34,Eliminated Week 6,8,6,False,False,11,6.0,6.0,True,11.0,0.05905511811023622
8,Steve-O,4,15.0,5.0,3,True,Lacey Schwimmer,TV Personality,,England,34,Eliminated Week 6,8,6,False,False,11,6.0,6.0,True,10.0,0.06198347107438017
8,Steve-O,5,18.0,6.0,3,True,Lacey Schwimmer,TV Personality,,England,34,Eliminated Week 6,8,6,False,False,11,6.0,6.0,True,9.0,0.08571428571428572
8,Steve-O,6,16.0,5.333333333333333,3,True,Lacey Schwimmer,TV Personality,,England,34,Eliminated Week 6,8,6,False,False,11,6.0,6.0,True,8.0,0.08602150537634409
8,Steve-O,7,,,0,False,Lacey Schwimmer,TV Personality,,England,34,Eliminated Week 6,8,6,False,False,11,6.0,6.0,False,,
8,Steve-O,8,,,0,False,Lacey Schwimmer,TV Personality,,England,34,Eliminated Week 6,8,6,False,False,11,6.0,6.0,False,,
8,Steve-O,9,,,0,False,Lacey Schwimmer,TV Personality,,England,34,Eliminated Week 6,8,6,False,False,11,6.0,6.0,False,,
8,Steve-O,10,,,0,False,Lacey Schwimmer,TV Personality,,England,34,Eliminated Week 6,8,6,False,False,11,6.0,6.0,False,,
8,Steve-O,11,,,0,False,Lacey Schwimmer,TV Personality,,England,34,Eliminated Week 6,8,6,False,False,11,6.0,6.0,False,,
8,Ty Murray,1,14.0,4.666666666666667,3,True,Chelsie Hightower,Athlete,Arizona,United States,39,Eliminated Week 10,4,10,False,False,11,10.0,10.0,True,12.0,0.05761316872427984
8,Ty Murray,2,20.0,6.666666666666667,3,True,Chelsie Hightower,Athlete,Arizona,United States,39,Eliminated Week 10,4,10,False,False,11,10.0,10.0,True,7.0,0.07547169811320754
8,Ty Murray,3,23.0,7.666666666666667,3,True,Chelsie Hightower,Athlete,Arizona,United States,39,Eliminated Week 10,4,10,False,False,11,10.0,10.0,True,6.5,0.09055118110236221
8,Ty Murray,4,25.0,8.333333333333334,3,True,Chelsie Hightower,Athlete,Arizona,United States,39,Eliminated Week 10,4,10,False,False,11,10.0,10.0,True,4.5,0.10330578512396695
8,Ty Murray,5,21.0,7.0,3,True,Chelsie Hightower,Athlete,Arizona,United States,39,Eliminated Week 10,4,10,False,False,11,10.0,10.0,True,7.0,0.1
8,Ty Murray,6,18.0,6.0,3,True,Chelsie Hightower,Athlete,Arizona,United States,39,Eliminated Week 10,4,10,False,False,11,10.0,10.0,True,7.0,0.0967741935483871
8,Ty Murray,7,24.0,8.0,3,True,Chelsie Hightower,Athlete,Arizona,United States,39,Eliminated Week 10,4,10,False,False,11,10.0,10.0,True,6.0,0.13186813186813187
8,Ty Murray,8,26.0,8.666666666666666,3,True,Chelsie Hightower,Athlete,Arizona,United States,39,Eliminated Week 10,4,10,False,False,11,10.0,10.0,True,3.5,0.16666666666666666
8,Ty Murray,9,23.0,7.666666666666667,3,True,Chelsie Hightower,Athlete,Arizona,United States,39,Eliminated Week 10,4,10,False,False,11,10.0,10.0,True,5.0,0.17228464419475656
8,Ty Murray,10,24.0,8.0,3,True,Chelsie Hightower,Athlete,Arizona,United States,39,Eliminated Week 10,4,10,False,False,11,10.0,10.0,True,4.0,0.2191780821917808
8,Ty Murray,11,,,0,False,Chelsie Hightower,Athlete,Arizona,United States,39,Eliminated Week 10,4,10,False,False,11,10.0,10.0,False,,
9,Aaron Carter,1,31.999899999999997,10.666633333333332,3,True,Karina Smirnoff,Singer/Rapper,Florida,United States,21,Eliminated Week 8,5,8,False,False,10,8.0,8.0,True,2.0,0.07881779829674204
9,Aaron Carter,2,27.0,9.0,3,True,Karina Smirnoff,Singer/Rapper,Florida,United States,21,Eliminated Week 8,5,8,False,False,10,8.0,8.0,True,1.5,0.09183673469387756
9,Aaron Carter,3,21.0,7.0,3,True,Karina Smirnoff,Singer/Rapper,Florida,United States,21,Eliminated Week 8,5,8,False,False,10,8.0,8.0,True,4.5,0.08139534883720931
9,Aaron Carter,4,18.0,6.0,3,True,Karina Smirnoff,Singer/Rapper,Florida,United States,21,Eliminated Week 8,5,8,False,False,10,8.0,8.0,True,8.0,0.0743801652892562
9,Aaron Carter,5,24.0,8.0,3,True,Karina Smirnoff,Singer/Rapper,Florida,United States,21,Eliminated Week 8,5,8,False,False,10,8.0,8.0,True,5.0,0.09917355371900827
9,Aaron Carter,6,32.9998,10.999933333333333,3,True,Karina Smirnoff,Singer/Rapper,Florida,United States,21,Eliminated Week 8,5,8,False,False,10,8.0,8.0,True,3.0,0.12692274704027823
9,Aaron Carter,7,26.5,8.833333333333334,3,True,Karina Smirnoff,Singer/Rapper,Florida,United States,21,Eliminated Week 8,5,8,False,False,10,8.0,8.0,True,2.0,0.150997150997151
9,Aaron Carter,8,25.0,8.333333333333334,3,True,Karina Smirnoff,Singer/Rapper,Florida,United States,21,Eliminated Week 8,5,8,False,False,10,8.0,8.0,True,4.5,0.19083969465648856
9,Aaron Carter,9,,,0,False,Karina Smirnoff,Singer/Rapper,Florida,United States,21,Eliminated Week 8,5,8,False,False,10,8.0,8.0,False,,
9,Aaron Carter,10,,,0,False,Karina Smirnoff,Singer/Rapper,Florida,United States,21,Eliminated Week 8,5,8,False,False,10,8.0,8.0,False,,
9,Ashley Hamiliton,1,18.9999,6.3333,3,True,Edyta Sliwinska,Actor/Actress,California,United States,34,Eliminated Week 1,16,1,False,False,10,1.0,1.0,True,15.5,0.046797967676719905
9,Ashley Hamiliton,2,,,0,False,Edyta Sliwinska,Actor/Actress,California,United States,34,Eliminated Week 1,16,1,False,False,10,1.0,1.0,False,,
9,Ashley Hamiliton,3,,,0,False,Edyta Sliwinska,Actor/Actress,California,United States,34,Eliminated Week 1,16,1,False,False,10,1.0,1.0,False,,
9,Ashley Hamiliton,4,,,0,False,Edyta Sliwinska,Actor/Actress,California,United States,34,Eliminated Week 1,16,1,False,False,10,1.0,1.0,False,,
9,Ashley Hamiliton,5,,,0,False,Edyta Sliwinska,Actor/Actress,California,United States,34,Eliminated Week 1,16,1,False,False,10,1.0,1.0,False,,
9,Ashley Hamiliton,6,,,0,False,Edyta Sliwinska,Actor/Actress,California,United States,34,Eliminated Week 1,16,1,False,False,10,1.0,1.0,False,,
9,Ashley Hamiliton,7,,,0,False,Edyta Sliwinska,Actor/Actress,California,United States,34,Eliminated Week 1,16,1,False,False,10,1.0,1.0,False,,
9,Ashley Hamiliton,8,,,0,False,Edyta Sliwinska,Actor/Actress,California,United States,34,Eliminated Week 1,16,1,False,False,10,1.0,1.0,False,,
9,Ashley Hamiliton,9,,,0,False,Edyta Sliwinska,Actor/Actress,California,United States,34,Eliminated Week 1,16,1,False,False,10,1.0,1.0,False,,
9,Ashley Hamiliton,10,,,0,False,Edyta Sliwinska,Actor/Actress,California,United States,34,Eliminated Week 1,16,1,False,False,10,1.0,1.0,False,,
9,Chuck Liddell,1,22.0,7.333333333333333,3,True,Anna Trebunskaya,Athlete,California,United States,39,Eliminated Week 4,11,4,False,False,10,4.0,4.0,True,10.5,0.05418740566465287
9,Chuck Liddell,2,19.0,6.333333333333333,3,True,Anna Trebunskaya,Athlete,California,United States,39,Eliminated Week 4,11,4,False,False,10,4.0,4.0,True,10.5,0.06462585034013606
9,Chuck Liddell,3,17.0,5.666666666666667,3,True,Anna Trebunskaya,Athlete,California,United States,39,Eliminated Week 4,11,4,False,False,10,4.0,4.0,True,10.5,0.06589147286821706
9,Chuck Liddell,4,17.0,5.666666666666667,3,True,Anna Trebunskaya,Athlete,California,United States,39,Eliminated Week 4,11,4,False,False,10,4.0,4.0,True,9.0,0.07024793388429752
9,Chuck Liddell,5,,,0,False,Anna Trebunskaya,Athlete,California,United States,39,Eliminated Week 4,11,4,False,False,10,4.0,4.0,False,,
9,Chuck Liddell,6,,,0,False,Anna Trebunskaya,Athlete,California,United States,39,Eliminated Week 4,11,4,False,False,10,4.0,4.0,False,,
9,Chuck Liddell,7,,,0,False,Anna Trebunskaya,Athlete,California,United States,39,Eliminated Week 4,11,4,False,False,10,4.0,4.0,False,,
9,Chuck Liddell,8,,,0,False,Anna Trebunskaya,Athlete,California,United States,39,Eliminated Week 4,11,4,False,False,10,4.0,4.0,False,,
9,Chuck Liddell,9,,,0,False,Anna Trebunskaya,Athlete,California,United States,39,Eliminated Week 4,11,4,False,False,10,4.0,4.0,False,,
9,Chuck Liddell,10,,,0,False,Anna Trebunskaya,Athlete,California,United States,39,Eliminated Week 4,11,4,False,False,10,4.0,4.0,False,,
9,Debi Mazar,1,22.0,7.333333333333333,3,True,Maksim Chmerkoskiy,Actor/Actress,New York,United States,45,Eliminated Week 3,12,3,False,False,10,3.0,3.0,True,10.5,0.05418740566465287
9,Debi Mazar,2,21.0,7.0,3,True,Maksim Chmerkoskiy,Actor/Actress,New York,United States,45,Eliminated Week 3,12,3,False,False,10,3.0,3.0,True,5.0,0.07142857142857142
9,Debi Mazar,3,17.0,5.666666666666667,3,True,Maksim Chmerkoskiy,Actor/Actress,New York,United States,45,Eliminated Week 3,12,3,False,False,10,3.0,3.0,True,10.5,0.06589147286821706
9,Debi Mazar,4,,,0,False,Maksim Chmerkoskiy,Actor/Actress,New York,United States,45,Eliminated Week 3,12,3,False,False,10,3.0,3.0,False,,
9,Debi Mazar,5,,,0,False,Maksim Chmerkoskiy,Actor/Actress,New York,United States,45,Eliminated Week 3,12,3,False,False,10,3.0,3.0,False,,
9,Debi Mazar,6,,,0,False,Maksim Chmerkoskiy,Actor/Actress,New York,United States,45,Eliminated Week 3,12,3,False,False,10,3.0,3.0,False,,
9,Debi Mazar,7,,,0,False,Maksim Chmerkoskiy,Actor/Actress,New York,United States,45,Eliminated Week 3,12,3,False,False,10,3.0,3.0,False,,
9,Debi Mazar,8,,,0,False,Maksim Chmerkoskiy,Actor/Actress,New York,United States,45,Eliminated Week 3,12,3,False,False,10,3.0,3.0,False,,
9,Debi Mazar,9,,,0,False,Maksim Chmerkoskiy,Actor/Actress,New York,United States,45,Eliminated Week 3,12,3,False,False,10,3.0,3.0,False,,
9,Debi Mazar,10,,,0,False,Maksim Chmerkoskiy,Actor/Actress,New York,United States,45,Eliminated Week 3,12,3,False,False,10,3.0,3.0,False,,
9,Donny Osmond,1,29.999899999999997,9.999966666666666,3,True,Kym Johnson,Singer/Rapper,Utah,United States,51,1st Place,1,,False,True,10,10.0,10.0,True,5.0,0.07389167050904633
9,Donny Osmond,2,25.0,8.333333333333334,3,True,Kym Johnson,Singer/Rapper,Utah,United States,51,1st Place,1,,False,True,10,10.0,10.0,True,3.0,0.08503401360544217
9,Donny Osmond,3,21.0,7.0,3,True,Kym Johnson,Singer/Rapper,Utah,United States,51,1st Place,1,,False,True,10,10.0,10.0,True,4.5,0.08139534883720931
9,Donny Osmond,4,24.0,8.0,3,True,Kym Johnson,Singer/Rapper,Utah,United States,51,1st Place,1,,False,True,10,10.0,10.0,True,4.5,0.09917355371900827
9,Donny Osmond,5,29.0,9.666666666666666,3,True,Kym Johnson,Singer/Rapper,Utah,United States,51,1st Place,1,,False,True,10,10.0,10.0,True,1.0,0.11983471074380166
9,Donny Osmond,6,30.999899999999997,10.3333,3,True,Kym Johnson,Singer/Rapper,Utah,United States,51,1st Place,1,,False,True,10,10.0,10.0,True,5.0,0.11923079733737539
9,Donny Osmond,7,26.0,8.666666666666666,3,True,Kym Johnson,Singer/Rapper,Utah,United States,51,1st Place,1,,False,True,10,10.0,10.0,True,3.5,0.14814814814814814
9,Donny Osmond,8,25.0,8.333333333333334,3,True,Kym Johnson,Singer/Rapper,Utah,United States,51,1st Place,1,,False,True,10,10.0,10.0,True,4.5,0.19083969465648856
9,Donny Osmond,9,24.6666,8.222199999999999,3,True,Kym Johnson,Singer/Rapper,Utah,United States,51,1st Place,1,,False,True,10,10.0,10.0,True,4.0,0.2312501699224591
9,Donny Osmond,10,28.9998,9.6666,3,True,Kym Johnson,Singer/Rapper,Utah,United States,51,1st Place,1,,False,True,10,10.0,10.0,True,1.0,0.35127769056340485
9,Joanna Krupa,1,33.9999,11.3333,3,True,Derek Hough,Model,,Poland,30,Eliminated Week 9,4,9,False,False,10,9.0,9.0,True,1.0,0.08374392608443776
9,Joanna Krupa,2,20.0,6.666666666666667,3,True,Derek Hough,Model,,Poland,30,Eliminated Week 9,4,9,False,False,10,9.0,9.0,True,7.5,0.06802721088435375
9,Joanna Krupa,3,23.0,7.666666666666667,3,True,Derek Hough,Model,,Poland,30,Eliminated Week 9,4,9,False,False,10,9.0,9.0,True,3.0,0.08914728682170543
9,Joanna Krupa,4,26.0,8.666666666666666,3,True,Derek Hough,Model,,Poland,30,Eliminated Week 9,4,9,False,False,10,9.0,9.0,True,3.0,0.10743801652892562
9,Joanna Krupa,5,24.0,8.0,3,True,Derek Hough,Model,,Poland,30,Eliminated Week 9,4,9,False,False,10,9.0,9.0,True,5.0,0.09917355371900827
9,Joanna Krupa,6,35.9999,11.999966666666666,3,True,Derek Hough,Model,,Poland,30,Eliminated Week 9,4,9,False,False,10,9.0,9.0,True,1.0,0.13846163313642237
9,Joanna Krupa,7,27.5,9.166666666666666,3,True,Derek Hough,Model,,Poland,30,Eliminated Week 9,4,9,False,False,10,9.0,9.0,True,1.0,0.15669515669515668
9,Joanna Krupa,8,26.0,8.666666666666666,3,True,Derek Hough,Model,,Poland,30,Eliminated Week 9,4,9,False,False,10,9.0,9.0,True,2.0,0.1984732824427481
9,Joanna Krupa,9,27.0,9.0,3,True,Derek Hough,Model,,Poland,30,Eliminated Week 9,4,9,False,False,10,9.0,9.0,True,2.0,0.2531258701201785
9,Joanna Krupa,10,,,0,False,Derek Hough,Model,,Poland,30,Eliminated Week 9,4,9,False,False,10,9.0,9.0,False,,
9,Kathy Ireland,1,19.9999,6.666633333333333,3,True,Tony Dovolani,Model,California,United States,46,Eliminated Week 2,14,2,False,False,10,2.0,2.0,True,12.5,0.04926103157056776
9,Kathy Ireland,2,18.0,6.0,3,True,Tony Dovolani,Model,California,United States,46,Eliminated Week 2,14,2,False,False,10,2.0,2.0,True,13.5,0.061224489795918366
9,Kathy Ireland,3,,,0,False,Tony Dovolani,Model,California,United States,46,Eliminated Week 2,14,2,False,False,10,2.0,2.0,False,,
9,Kathy Ireland,4,,,0,False,Tony Dovolani,Model,California,United States,46,Eliminated Week 2,14,2,False,False,10,2.0,2.0,False,,
9,Kathy Ireland,5,,,0,False,Tony Dovolani,Model,California,United States,46,Eliminated Week 2,14,2,False,False,10,2.0,2.0,False,,
9,Kathy Ireland,6,,,0,False,Tony Dovolani,Model,California,United States,46,Eliminated Week 2,14,2,False,False,10,2.0,2.0,False,,
9,Kathy Ireland,7,,,0,False,Tony Dovolani,Model,California,United States,46,Eliminated Week 2,14,2,False,False,10,2.0,2.0,False,,
9,Kathy Ireland,8,,,0,False,Tony Dovolani,Model,California,United States,46,Eliminated Week 2,14,2,False,False,10,2.0,2.0,False,,
9,Kathy Ireland,9,,,0,False,Tony Dovolani,Model,California,United States,46,Eliminated Week 2,14,2,False,False,10,2.0,2.0,False,,
9,Kathy Ireland,10,,,0,False,Tony Dovolani,Model,California,United States,46,Eliminated Week 2,14,2,False,False,10,2.0,2.0,False,,
9,Kelly Osbourne,1,30.9998,10.333266666666667,3,True,Louis van Amstel,TV Personality,,England,24,3rd Place,3,,False,True,10,10.0,10.0,True,4.0,0.07635448809650482
9,Kelly Osbourne,2,19.0,6.333333333333333,3,True,Louis van Amstel,TV Personality,,England,24,3rd Place,3,,False,True,10,10.0,10.0,True,10.5,0.06462585034013606
9,Kelly Osbourne,3,20.0,6.666666666666667,3,True,Louis van Amstel,TV Personality,,England,24,3rd Place,3,,False,True,10,10.0,10.0,True,6.5,0.07751937984496124
9,Kelly Osbourne,4,23.0,7.666666666666667,3,True,Louis van Amstel,TV Personality,,England,24,3rd Place,3,,False,True,10,10.0,10.0,True,6.0,0.09504132231404959
9,Kelly Osbourne,5,24.0,8.0,3,True,Louis van Amstel,TV Personality,,England,24,3rd Place,3,,False,True,10,10.0,10.0,True,5.0,0.09917355371900827
9,Kelly Osbourne,6,24.9998,8.333266666666667,3,True,Louis van Amstel,TV Personality,,England,24,3rd Place,3,,False,True,10,10.0,10.0,True,6.0,0.09615340976180302
9,Kelly Osbourne,7,26.0,8.666666666666666,3,True,Louis van Amstel,TV Personality,,England,24,3rd Place,3,,False,True,10,10.0,10.0,True,3.5,0.14814814814814814
9,Kelly Osbourne,8,25.5,8.5,3,True,Louis van Amstel,TV Personality,,England,24,3rd Place,3,,False,True,10,10.0,10.0,True,3.0,0.1946564885496183
9,Kelly Osbourne,9,25.9998,8.6666,3,True,Louis van Amstel,TV Personality,,England,24,3rd Place,3,,False,True,10,10.0,10.0,True,3.0,0.2437489628870599
9,Kelly Osbourne,10,25.2222,8.4074,3,True,Louis van Amstel,TV Personality,,England,24,3rd Place,3,,False,True,10,10.0,10.0,True,3.0,0.305519216233502
9,Louie Vito,1,26.9998,8.999933333333333,3,True,Chelsie Hightower,Athlete,Ohio,United States,21,Eliminated Week 6,8,6,False,False,10,6.0,6.0,True,7.5,0.06650223252111338
9,Louie Vito,2,19.0,6.333333333333333,3,True,Chelsie Hightower,Athlete,Ohio,United States,21,Eliminated Week 6,8,6,False,False,10,6.0,6.0,True,10.5,0.06462585034013606
9,Louie Vito,3,20.0,6.666666666666667,3,True,Chelsie Hightower,Athlete,Ohio,United States,21,Eliminated Week 6,8,6,False,False,10,6.0,6.0,True,6.5,0.07751937984496124
9,Louie Vito,4,16.0,5.333333333333333,3,True,Chelsie Hightower,Athlete,Ohio,United States,21,Eliminated Week 6,8,6,False,False,10,6.0,6.0,True,10.5,0.06611570247933884
9,Louie Vito,5,22.0,7.333333333333333,3,True,Chelsie Hightower,Athlete,Ohio,United States,21,Eliminated Week 6,8,6,False,False,10,6.0,6.0,True,8.5,0.09090909090909091
9,Louie Vito,6,24.0,8.0,3,True,Chelsie Hightower,Athlete,Ohio,United States,21,Eliminated Week 6,8,6,False,False,10,6.0,6.0,True,7.0,0.09230801183542559
9,Louie Vito,7,,,0,False,Chelsie Hightower,Athlete,Ohio,United States,21,Eliminated Week 6,8,6,False,False,10,6.0,6.0,False,,
9,Louie Vito,8,,,0,False,Chelsie Hightower,Athlete,Ohio,United States,21,Eliminated Week 6,8,6,False,False,10,6.0,6.0,False,,
9,Louie Vito,9,,,0,False,Chelsie Hightower,Athlete,Ohio,United States,21,Eliminated Week 6,8,6,False,False,10,6.0,6.0,False,,
9,Louie Vito,10,,,0,False,Chelsie Hightower,Athlete,Ohio,United States,21,Eliminated Week 6,8,6,False,False,10,6.0,6.0,False,,
9,Macy Gray,1,18.9999,6.3333,3,True,Jonathan Roberts,Singer/Rapper,Ohio,United States,42,Eliminated Week 1,15,1,False,False,10,1.0,1.0,True,15.5,0.046797967676719905
9,Macy Gray,2,,,0,False,Jonathan Roberts,Singer/Rapper,Ohio,United States,42,Eliminated Week 1,15,1,False,False,10,1.0,1.0,False,,
9,Macy Gray,3,,,0,False,Jonathan Roberts,Singer/Rapper,Ohio,United States,42,Eliminated Week 1,15,1,False,False,10,1.0,1.0,False,,
9,Macy Gray,4,,,0,False,Jonathan Roberts,Singer/Rapper,Ohio,United States,42,Eliminated Week 1,15,1,False,False,10,1.0,1.0,False,,
9,Macy Gray,5,,,0,False,Jonathan Roberts,Singer/Rapper,Ohio,United States,42,Eliminated Week 1,15,1,False,False,10,1.0,1.0,False,,
9,Macy Gray,6,,,0,False,Jonathan Roberts,Singer/Rapper,Ohio,United States,42,Eliminated Week 1,15,1,False,False,10,1.0,1.0,False,,
9,Macy Gray,7,,,0,False,Jonathan Roberts,Singer/Rapper,Ohio,United States,42,Eliminated Week 1,15,1,False,False,10,1.0,1.0,False,,
9,Macy Gray,8,,,0,False,Jonathan Roberts,Singer/Rapper,Ohio,United States,42,Eliminated Week 1,15,1,False,False,10,1.0,1.0,False,,
9,Macy Gray,9,,,0,False,Jonathan Roberts,Singer/Rapper,Ohio,United States,42,Eliminated Week 1,15,1,False,False,10,1.0,1.0,False,,
9,Macy Gray,10,,,0,False,Jonathan Roberts,Singer/Rapper,Ohio,United States,42,Eliminated Week 1,15,1,False,False,10,1.0,1.0,False,,
9,Mark Dacascos,1,28.9998,9.6666,3,True,Lacey Schwimmer,Actor/Actress,Hawaii,United States,45,Eliminated Week 7,6,7,False,False,10,7.0,7.0,True,6.0,0.0714283603088091
9,Mark Dacascos,2,21.0,7.0,3,True,Lacey Schwimmer,Actor/Actress,Hawaii,United States,45,Eliminated Week 7,6,7,False,False,10,7.0,7.0,True,5.0,0.07142857142857142
9,Mark Dacascos,3,18.0,6.0,3,True,Lacey Schwimmer,Actor/Actress,Hawaii,United States,45,Eliminated Week 7,6,7,False,False,10,7.0,7.0,True,9.0,0.06976744186046512
9,Mark Dacascos,4,22.0,7.333333333333333,3,True,Lacey Schwimmer,Actor/Actress,Hawaii,United States,45,Eliminated Week 7,6,7,False,False,10,7.0,7.0,True,7.0,0.09090909090909091
9,Mark Dacascos,5,26.0,8.666666666666666,3,True,Lacey Schwimmer,Actor/Actress,Hawaii,United States,45,Eliminated Week 7,6,7,False,False,10,7.0,7.0,True,3.0,0.10743801652892562
9,Mark Dacascos,6,32.0,10.666666666666666,3,True,Lacey Schwimmer,Actor/Actress,Hawaii,United States,45,Eliminated Week 7,6,7,False,False,10,7.0,7.0,True,4.0,0.12307734911390078
9,Mark Dacascos,7,21.5,7.166666666666667,3,True,Lacey Schwimmer,Actor/Actress,Hawaii,United States,45,Eliminated Week 7,6,7,False,False,10,7.0,7.0,True,7.0,0.1225071225071225
9,Mark Dacascos,8,,,0,False,Lacey Schwimmer,Actor/Actress,Hawaii,United States,45,Eliminated Week 7,6,7,False,False,10,7.0,7.0,False,,
9,Mark Dacascos,9,,,0,False,Lacey Schwimmer,Actor/Actress,Hawaii,United States,45,Eliminated Week 7,6,7,False,False,10,7.0,7.0,False,,
9,Mark Dacascos,10,,,0,False,Lacey Schwimmer,Actor/Actress,Hawaii,United States,45,Eliminated Week 7,6,7,False,False,10,7.0,7.0,False,,
9,Melissa Joan Hart,1,24.0,8.0,3,True,Mark Ballas,Actor/Actress,New York,United States,33,Eliminated Week 6,9,6,False,False,10,6.0,6.0,True,9.0,0.05911353345234858
9,Melissa Joan Hart,2,19.0,6.333333333333333,3,True,Mark Ballas,Actor/Actress,New York,United States,33,Eliminated Week 6,9,6,False,False,10,6.0,6.0,True,10.5,0.06462585034013606
9,Melissa Joan Hart,3,19.0,6.333333333333333,3,True,Mark Ballas,Actor/Actress,New York,United States,33,Eliminated Week 6,9,6,False,False,10,6.0,6.0,True,8.0,0.07364341085271318
9,Melissa Joan Hart,4,28.0,9.333333333333334,3,True,Mark Ballas,Actor/Actress,New York,United States,33,Eliminated Week 6,9,6,False,False,10,6.0,6.0,True,1.5,0.11570247933884298
9,Melissa Joan Hart,5,23.0,7.666666666666667,3,True,Mark Ballas,Actor/Actress,New York,United States,33,Eliminated Week 6,9,6,False,False,10,6.0,6.0,True,7.0,0.09504132231404959
9,Melissa Joan Hart,6,23.9999,7.9999666666666664,3,True,Mark Ballas,Actor/Actress,New York,United States,33,Eliminated Week 6,9,6,False,False,10,6.0,6.0,True,8.0,0.09230762721870961
9,Melissa Joan Hart,7,,,0,False,Mark Ballas,Actor/Actress,New York,United States,33,Eliminated Week 6,9,6,False,False,10,6.0,6.0,False,,
9,Melissa Joan Hart,8,,,0,False,Mark Ballas,Actor/Actress,New York,United States,33,Eliminated Week 6,9,6,False,False,10,6.0,6.0,False,,
9,Melissa Joan Hart,9,,,0,False,Mark Ballas,Actor/Actress,New York,United States,33,Eliminated Week 6,9,6,False,False,10,6.0,6.0,False,,
9,Melissa Joan Hart,10,,,0,False,Mark Ballas,Actor/Actress,New York,United States,33,Eliminated Week 6,9,6,False,False,10,6.0,6.0,False,,
9,Michael Irvin,1,19.0,6.333333333333333,3,True,Anna Demidova,Athlete,Florida,United States,43,Eliminated Week 7,7,7,False,False,10,7.0,7.0,True,14.0,0.046798213983109294
9,Michael Irvin,2,20.0,6.666666666666667,3,True,Anna Demidova,Athlete,Florida,United States,43,Eliminated Week 7,7,7,False,False,10,7.0,7.0,True,7.5,0.06802721088435375
9,Michael Irvin,3,14.0,4.666666666666667,3,True,Anna Demidova,Athlete,Florida,United States,43,Eliminated Week 7,7,7,False,False,10,7.0,7.0,True,13.0,0.05426356589147287
9,Michael Irvin,4,16.0,5.333333333333333,3,True,Anna Demidova,Athlete,Florida,United States,43,Eliminated Week 7,7,7,False,False,10,7.0,7.0,True,10.5,0.06611570247933884
9,Michael Irvin,5,21.0,7.0,3,True,Anna Demidova,Athlete,Florida,United States,43,Eliminated Week 7,7,7,False,False,10,7.0,7.0,True,10.0,0.08677685950413223
9,Michael Irvin,6,21.9998,7.333266666666667,3,True,Anna Demidova,Athlete,Florida,United States,43,Eliminated Week 7,7,7,False,False,10,7.0,7.0,True,9.0,0.08461490828237482
9,Michael Irvin,7,23.5,7.833333333333333,3,True,Anna Demidova,Athlete,Florida,United States,43,Eliminated Week 7,7,7,False,False,10,7.0,7.0,True,6.0,0.1339031339031339
9,Michael Irvin,8,,,0,False,Anna Demidova,Athlete,Florida,United States,43,Eliminated Week 7,7,7,False,False,10,7.0,7.0,False,,
9,Michael Irvin,9,,,0,False,Anna Demidova,Athlete,Florida,United States,43,Eliminated Week 7,7,7,False,False,10,7.0,7.0,False,,
9,Michael Irvin,10,,,0,False,Anna Demidova,Athlete,Florida,United States,43,Eliminated Week 7,7,7,False,False,10,7.0,7.0,False,,
9,Mya,1,30.999899999999997,10.3333,3,True,Dmitry Chaplin,Singer/Rapper,Washington D.C.,United States,29,2nd Place,2,,False,True,10,10.0,10.0,True,3.0,0.07635473440289418
9,Mya,2,27.0,9.0,3,True,Dmitry Chaplin,Singer/Rapper,Washington D.C.,United States,29,2nd Place,2,,False,True,10,10.0,10.0,True,1.5,0.09183673469387756
9,Mya,3,27.0,9.0,3,True,Dmitry Chaplin,Singer/Rapper,Washington D.C.,United States,29,2nd Place,2,,False,True,10,10.0,10.0,True,1.0,0.10465116279069768
9,Mya,4,28.0,9.333333333333334,3,True,Dmitry Chaplin,Singer/Rapper,Washington D.C.,United States,29,2nd Place,2,,False,True,10,10.0,10.0,True,1.5,0.11570247933884298
9,Mya,5,27.0,9.0,3,True,Dmitry Chaplin,Singer/Rapper,Washington D.C.,United States,29,2nd Place,2,,False,True,10,10.0,10.0,True,2.0,0.1115702479338843
9,Mya,6,33.0,11.0,3,True,Dmitry Chaplin,Singer/Rapper,Washington D.C.,United States,29,2nd Place,2,,False,True,10,10.0,10.0,True,2.0,0.12692351627371018
9,Mya,7,24.5,8.166666666666666,3,True,Dmitry Chaplin,Singer/Rapper,Washington D.C.,United States,29,2nd Place,2,,False,True,10,10.0,10.0,True,5.0,0.1396011396011396
9,Mya,8,29.5,9.833333333333334,3,True,Dmitry Chaplin,Singer/Rapper,Washington D.C.,United States,29,2nd Place,2,,False,True,10,10.0,10.0,True,1.0,0.22519083969465647
9,Mya,9,28.9999,9.666633333333333,3,True,Dmitry Chaplin,Singer/Rapper,Washington D.C.,United States,29,2nd Place,2,,False,True,10,10.0,10.0,True,1.0,0.27187499707030244
9,Mya,10,28.333199999999998,9.4444,3,True,Dmitry Chaplin,Singer/Rapper,Washington D.C.,United States,29,2nd Place,2,,False,True,10,10.0,10.0,True,2.0,0.34320309320309317
9,Natalie Coughlin,1,26.9998,8.999933333333333,3,True,Alec Mazo,Athlete,California,United States,27,Eliminated Week 5,10,5,False,False,10,5.0,5.0,True,7.5,0.06650223252111338
9,Natalie Coughlin,2,21.0,7.0,3,True,Alec Mazo,Athlete,California,United States,27,Eliminated Week 5,10,5,False,False,10,5.0,5.0,True,5.0,0.07142857142857142
9,Natalie Coughlin,3,26.0,8.666666666666666,3,True,Alec Mazo,Athlete,California,United States,27,Eliminated Week 5,10,5,False,False,10,5.0,5.0,True,2.0,0.10077519379844961
9,Natalie Coughlin,4,24.0,8.0,3,True,Alec Mazo,Athlete,California,United States,27,Eliminated Week 5,10,5,False,False,10,5.0,5.0,True,4.5,0.09917355371900827
9,Natalie Coughlin,5,22.0,7.333333333333333,3,True,Alec Mazo,Athlete,California,United States,27,Eliminated Week 5,10,5,False,False,10,5.0,5.0,True,8.5,0.09090909090909091
9,Natalie Coughlin,6,,,0,False,Alec Mazo,Athlete,California,United States,27,Eliminated Week 5,10,5,False,False,10,5.0,5.0,False,,
9,Natalie Coughlin,7,,,0,False,Alec Mazo,Athlete,California,United States,27,Eliminated Week 5,10,5,False,False,10,5.0,5.0,False,,
9,Natalie Coughlin,8,,,0,False,Alec Mazo,Athlete,California,United States,27,Eliminated Week 5,10,5,False,False,10,5.0,5.0,False,,
9,Natalie Coughlin,9,,,0,False,Alec Mazo,Athlete,California,United States,27,Eliminated Week 5,10,5,False,False,10,5.0,5.0,False,,
9,Natalie Coughlin,10,,,0,False,Alec Mazo,Athlete,California,United States,27,Eliminated Week 5,10,5,False,False,10,5.0,5.0,False,,
9,Tom DeLay,1,19.9999,6.666633333333333,3,True,Cheryl Burke,Politician,Texas,United States,62,Withdrew,13,,True,False,10,3.0,3.0,True,12.5,0.04926103157056776
9,Tom DeLay,2,18.0,6.0,3,True,Cheryl Burke,Politician,Texas,United States,62,Withdrew,13,,True,False,10,3.0,3.0,True,13.5,0.061224489795918366
9,Tom DeLay,3,15.0,5.0,3,True,Cheryl Burke,Politician,Texas,United States,62,Withdrew,13,,True,False,10,3.0,3.0,True,12.0,0.05813953488372093
9,Tom DeLay,4,,,0,False,Cheryl Burke,Politician,Texas,United States,62,Withdrew,13,,True,False,10,3.0,3.0,False,,
9,Tom DeLay,5,,,0,False,Cheryl Burke,Politician,Texas,United States,62,Withdrew,13,,True,False,10,3.0,3.0,False,,
9,Tom DeLay,6,,,0,False,Cheryl Burke,Politician,Texas,United States,62,Withdrew,13,,True,False,10,3.0,3.0,False,,
9,Tom DeLay,7,,,0,False,Cheryl Burke,Politician,Texas,United States,62,Withdrew,13,,True,False,10,3.0,3.0,False,,
9,Tom DeLay,8,,,0,False,Cheryl Burke,Politician,Texas,United States,62,Withdrew,13,,True,False,10,3.0,3.0,False,,
9,Tom DeLay,9,,,0,False,Cheryl Burke,Politician,Texas,United States,62,Withdrew,13,,True,False,10,3.0,3.0,False,,
9,Tom DeLay,10,,,0,False,Cheryl Burke,Politician,Texas,United States,62,Withdrew,13,,True,False,10,3.0,3.0,False,,
10,Aiden Turner,1,15.0,5.0,3,True,Edyta Sliwinska,Actor/Actress,,England,32,Eliminated Week 4,9,4,False,False,10,4.0,4.0,True,10.0,0.07177033492822966
10,Aiden Turner,2,19.0,6.333333333333333,3,True,Edyta Sliwinska,Actor/Actress,,England,32,Eliminated Week 4,9,4,False,False,10,4.0,4.0,True,8.0,0.08636363636363636
10,Aiden Turner,3,20.0,6.666666666666667,3,True,Edyta Sliwinska,Actor/Actress,,England,32,Eliminated Week 4,9,4,False,False,10,4.0,4.0,True,7.5,0.09852216748768473
10,Aiden Turner,4,16.5,5.5,3,True,Edyta Sliwinska,Actor/Actress,,England,32,Eliminated Week 4,9,4,False,False,10,4.0,4.0,True,8.0,0.0889487870619946
10,Aiden Turner,5,,,0,False,Edyta Sliwinska,Actor/Actress,,England,32,Eliminated Week 4,9,4,False,False,10,4.0,4.0,False,,
10,Aiden Turner,6,,,0,False,Edyta Sliwinska,Actor/Actress,,England,32,Eliminated Week 4,9,4,False,False,10,4.0,4.0,False,,
10,Aiden Turner,7,,,0,False,Edyta Sliwinska,Actor/Actress,,England,32,Eliminated Week 4,9,4,False,False,10,4.0,4.0,False,,
10,Aiden Turner,8,,,0,False,Edyta Sliwinska,Actor/Actress,,England,32,Eliminated Week 4,9,4,False,False,10,4.0,4.0,False,,
10,Aiden Turner,9,,,0,False,Edyta Sliwinska,Actor/Actress,,England,32,Eliminated Week 4,9,4,False,False,10,4.0,4.0,False,,
10,Aiden Turner,10,,,0,False,Edyta Sliwinska,Actor/Actress,,England,32,Eliminated Week 4,9,4,False,False,10,4.0,4.0,False,,
10,Buzz Aldrin,1,14.0,4.666666666666667,3,True,Ashly DelGrosso,Astronaut,New Jersey,United States,80,Eliminated Week 3,10,3,False,False,10,3.0,3.0,True,11.0,0.06698564593301436
10,Buzz Aldrin,2,12.0,4.0,3,True,Ashly DelGrosso,Astronaut,New Jersey,United States,80,Eliminated Week 3,10,3,False,False,10,3.0,3.0,True,11.0,0.05454545454545454
10,Buzz Aldrin,3,13.0,4.333333333333333,3,True,Ashly DelGrosso,Astronaut,New Jersey,United States,80,Eliminated Week 3,10,3,False,False,10,3.0,3.0,True,10.0,0.06403940886699508
10,Buzz Aldrin,4,,,0,False,Ashly DelGrosso,Astronaut,New Jersey,United States,80,Eliminated Week 3,10,3,False,False,10,3.0,3.0,False,,
10,Buzz Aldrin,5,,,0,False,Ashly DelGrosso,Astronaut,New Jersey,United States,80,Eliminated Week 3,10,3,False,False,10,3.0,3.0,False,,
10,Buzz Aldrin,6,,,0,False,Ashly DelGrosso,Astronaut,New Jersey,United States,80,Eliminated Week 3,10,3,False,False,10,3.0,3.0,False,,
10,Buzz Aldrin,7,,,0,False,Ashly DelGrosso,Astronaut,New Jersey,United States,80,Eliminated Week 3,10,3,False,False,10,3.0,3.0,False,,
10,Buzz Aldrin,8,,,0,False,Ashly DelGrosso,Astronaut,New Jersey,United States,80,Eliminated Week 3,10,3,False,False,10,3.0,3.0,False,,
10,Buzz Aldrin,9,,,0,False,Ashly DelGrosso,Astronaut,New Jersey,United States,80,Eliminated Week 3,10,3,False,False,10,3.0,3.0,False,,
10,Buzz Aldrin,10,,,0,False,Ashly DelGrosso,Astronaut,New Jersey,United States,80,Eliminated Week 3,10,3,False,False,10,3.0,3.0,False,,
10,Chad Ochocinco,1,18.0,6.0,3,True,Cheryl Burke,Athlete,Florida,United States,32,Eliminated Week 9,4,9,False,False,10,9.0,9.0,True,7.0,0.0861244019138756
10,Chad Ochocinco,2,16.0,5.333333333333333,3,True,Cheryl Burke,Athlete,Florida,United States,32,Eliminated Week 9,4,9,False,False,10,9.0,9.0,True,9.0,0.07272727272727272
10,Chad Ochocinco,3,20.0,6.666666666666667,3,True,Cheryl Burke,Athlete,Florida,United States,32,Eliminated Week 9,4,9,False,False,10,9.0,9.0,True,7.5,0.09852216748768473
10,Chad Ochocinco,4,22.0,7.333333333333333,3,True,Cheryl Burke,Athlete,Florida,United States,32,Eliminated Week 9,4,9,False,False,10,9.0,9.0,True,4.0,0.11859838274932614
10,Chad Ochocinco,5,18.0,6.0,3,True,Cheryl Burke,Athlete,Florida,United States,32,Eliminated Week 9,4,9,False,False,10,9.0,9.0,True,6.5,0.10404624277456648
10,Chad Ochocinco,6,30.999899999999997,10.3333,3,True,Cheryl Burke,Athlete,Florida,United States,32,Eliminated Week 9,4,9,False,False,10,9.0,9.0,True,3.0,0.14832537716633498
10,Chad Ochocinco,7,26.0,8.666666666666666,3,True,Cheryl Burke,Athlete,Florida,United States,32,Eliminated Week 9,4,9,False,False,10,9.0,9.0,True,3.0,0.16720257234726688
10,Chad Ochocinco,8,22.5,7.5,3,True,Cheryl Burke,Athlete,Florida,United States,32,Eliminated Week 9,4,9,False,False,10,9.0,9.0,True,4.0,0.17786561264822134
10,Chad Ochocinco,9,26.0,8.666666666666666,3,True,Cheryl Burke,Athlete,Florida,United States,32,Eliminated Week 9,4,9,False,False,10,9.0,9.0,True,4.0,0.23008849557522124
10,Chad Ochocinco,10,,,0,False,Cheryl Burke,Athlete,Florida,United States,32,Eliminated Week 9,4,9,False,False,10,9.0,9.0,False,,
10,Erin Andrews,1,21.0,7.0,3,True,Maksim Chmerkoskiy,Sports Broadcaster,Maine,United States,32,3rd Place,3,,False,True,10,10.0,10.0,True,3.5,0.10047846889952153
10,Erin Andrews,2,23.0,7.666666666666667,3,True,Maksim Chmerkoskiy,Sports Broadcaster,Maine,United States,32,3rd Place,3,,False,True,10,10.0,10.0,True,3.0,0.10454545454545454
10,Erin Andrews,3,23.0,7.666666666666667,3,True,Maksim Chmerkoskiy,Sports Broadcaster,Maine,United States,32,3rd Place,3,,False,True,10,10.0,10.0,True,2.5,0.11330049261083744
10,Erin Andrews,4,19.5,6.5,3,True,Maksim Chmerkoskiy,Sports Broadcaster,Maine,United States,32,3rd Place,3,,False,True,10,10.0,10.0,True,5.0,0.10512129380053908
10,Erin Andrews,5,22.0,7.333333333333333,3,True,Maksim Chmerkoskiy,Sports Broadcaster,Maine,United States,32,3rd Place,3,,False,True,10,10.0,10.0,True,4.0,0.12716763005780346
10,Erin Andrews,6,34.0,11.333333333333334,3,True,Maksim Chmerkoskiy,Sports Broadcaster,Maine,United States,32,3rd Place,3,,False,True,10,10.0,10.0,True,2.0,0.16267997069846646
10,Erin Andrews,7,25.5,8.5,3,True,Maksim Chmerkoskiy,Sports Broadcaster,Maine,United States,32,3rd Place,3,,False,True,10,10.0,10.0,True,4.5,0.1639871382636656
10,Erin Andrews,8,26.5,8.833333333333334,3,True,Maksim Chmerkoskiy,Sports Broadcaster,Maine,United States,32,3rd Place,3,,False,True,10,10.0,10.0,True,2.5,0.20948616600790515
10,Erin Andrews,9,28.0,9.333333333333334,3,True,Maksim Chmerkoskiy,Sports Broadcaster,Maine,United States,32,3rd Place,3,,False,True,10,10.0,10.0,True,3.0,0.24778761061946902
10,Erin Andrews,10,26.9998,8.999933333333333,3,True,Maksim Chmerkoskiy,Sports Broadcaster,Maine,United States,32,3rd Place,3,,False,True,10,10.0,10.0,True,2.0,0.32661232765023673
10,Evan Lysacek,1,23.0,7.666666666666667,3,True,Anna Trebunskaya,Athlete,Illinois,United States,24,2nd Place,2,,False,True,10,10.0,10.0,True,2.0,0.11004784688995216
10,Evan Lysacek,2,24.0,8.0,3,True,Anna Trebunskaya,Athlete,Illinois,United States,24,2nd Place,2,,False,True,10,10.0,10.0,True,2.0,0.10909090909090909
10,Evan Lysacek,3,26.0,8.666666666666666,3,True,Anna Trebunskaya,Athlete,Illinois,United States,24,2nd Place,2,,False,True,10,10.0,10.0,True,1.0,0.12807881773399016
10,Evan Lysacek,4,26.0,8.666666666666666,3,True,Anna Trebunskaya,Athlete,Illinois,United States,24,2nd Place,2,,False,True,10,10.0,10.0,True,1.0,0.14016172506738545
10,Evan Lysacek,5,27.0,9.0,3,True,Anna Trebunskaya,Athlete,Illinois,United States,24,2nd Place,2,,False,True,10,10.0,10.0,True,2.0,0.15606936416184972
10,Evan Lysacek,6,27.0,9.0,3,True,Anna Trebunskaya,Athlete,Illinois,United States,24,2nd Place,2,,False,True,10,10.0,10.0,True,5.0,0.12918703555466454
10,Evan Lysacek,7,27.0,9.0,3,True,Anna Trebunskaya,Athlete,Illinois,United States,24,2nd Place,2,,False,True,10,10.0,10.0,True,1.5,0.17363344051446947
10,Evan Lysacek,8,26.5,8.833333333333334,3,True,Anna Trebunskaya,Athlete,Illinois,United States,24,2nd Place,2,,False,True,10,10.0,10.0,True,2.5,0.20948616600790515
10,Evan Lysacek,9,29.5,9.833333333333334,3,True,Anna Trebunskaya,Athlete,Illinois,United States,24,2nd Place,2,,False,True,10,10.0,10.0,True,1.5,0.2610619469026549
10,Evan Lysacek,10,26.8887,8.9629,3,True,Anna Trebunskaya,Athlete,Illinois,United States,24,2nd Place,2,,False,True,10,10.0,10.0,True,3.0,0.325268368450467
10,Jake Pavelka,1,20.0,6.666666666666667,3,True,Chelsie Hightower,TV Personality,Texas,United States,32,Eliminated Week 6,7,6,False,False,10,6.0,6.0,True,5.0,0.09569377990430622
10,Jake Pavelka,2,20.0,6.666666666666667,3,True,Chelsie Hightower,TV Personality,Texas,United States,32,Eliminated Week 6,7,6,False,False,10,6.0,6.0,True,6.5,0.09090909090909091
10,Jake Pavelka,3,21.0,7.0,3,True,Chelsie Hightower,TV Personality,Texas,United States,32,Eliminated Week 6,7,6,False,False,10,6.0,6.0,True,5.0,0.10344827586206896
10,Jake Pavelka,4,19.0,6.333333333333333,3,True,Chelsie Hightower,TV Personality,Texas,United States,32,Eliminated Week 6,7,6,False,False,10,6.0,6.0,True,6.0,0.10242587601078167
10,Jake Pavelka,5,23.0,7.666666666666667,3,True,Chelsie Hightower,TV Personality,Texas,United States,32,Eliminated Week 6,7,6,False,False,10,6.0,6.0,True,3.0,0.1329479768786127
10,Jake Pavelka,6,24.999899999999997,8.3333,3,True,Chelsie Hightower,TV Personality,Texas,United States,32,Eliminated Week 6,7,6,False,False,10,6.0,6.0,True,7.0,0.1196171470430762
10,Jake Pavelka,7,,,0,False,Chelsie Hightower,TV Personality,Texas,United States,32,Eliminated Week 6,7,6,False,False,10,6.0,6.0,False,,
10,Jake Pavelka,8,,,0,False,Chelsie Hightower,TV Personality,Texas,United States,32,Eliminated Week 6,7,6,False,False,10,6.0,6.0,False,,
10,Jake Pavelka,9,,,0,False,Chelsie Hightower,TV Personality,Texas,United States,32,Eliminated Week 6,7,6,False,False,10,6.0,6.0,False,,
10,Jake Pavelka,10,,,0,False,Chelsie Hightower,TV Personality,Texas,United States,32,Eliminated Week 6,7,6,False,False,10,6.0,6.0,False,,
10,Kate Gosselin,1,16.0,5.333333333333333,3,True,Tony Dovolani,TV Personality,Pennsylvania,United States,35,Eliminated Week 5,8,5,False,False,10,5.0,5.0,True,9.0,0.07655502392344497
10,Kate Gosselin,2,15.0,5.0,3,True,Tony Dovolani,TV Personality,Pennsylvania,United States,35,Eliminated Week 5,8,5,False,False,10,5.0,5.0,True,10.0,0.06818181818181818
10,Kate Gosselin,3,15.0,5.0,3,True,Tony Dovolani,TV Personality,Pennsylvania,United States,35,Eliminated Week 5,8,5,False,False,10,5.0,5.0,True,9.0,0.07389162561576355
10,Kate Gosselin,4,16.0,5.333333333333333,3,True,Tony Dovolani,TV Personality,Pennsylvania,United States,35,Eliminated Week 5,8,5,False,False,10,5.0,5.0,True,9.0,0.0862533692722372
10,Kate Gosselin,5,15.0,5.0,3,True,Tony Dovolani,TV Personality,Pennsylvania,United States,35,Eliminated Week 5,8,5,False,False,10,5.0,5.0,True,8.0,0.08670520231213873
10,Kate Gosselin,6,,,0,False,Tony Dovolani,TV Personality,Pennsylvania,United States,35,Eliminated Week 5,8,5,False,False,10,5.0,5.0,False,,
10,Kate Gosselin,7,,,0,False,Tony Dovolani,TV Personality,Pennsylvania,United States,35,Eliminated Week 5,8,5,False,False,10,5.0,5.0,False,,
10,Kate Gosselin,8,,,0,False,Tony Dovolani,TV Personality,Pennsylvania,United States,35,Eliminated Week 5,8,5,False,False,10,5.0,5.0,False,,
10,Kate Gosselin,9,,,0,False,Tony Dovolani,TV Personality,Pennsylvania,United States,35,Eliminated Week 5,8,5,False,False,10,5.0,5.0,False,,
10,Kate Gosselin,10,,,0,False,Tony Dovolani,TV Personality,Pennsylvania,United States,35,Eliminated Week 5,8,5,False,False,10,5.0,5.0,False,,
10,Nicole Scherzinger,1,25.0,8.333333333333334,3,True,Derek Hough,Singer/Rapper,Hawaii,United States,31,1st Place,1,,False,True,10,10.0,10.0,True,1.0,0.11961722488038277
10,Nicole Scherzinger,2,28.0,9.333333333333334,3,True,Derek Hough,Singer/Rapper,Hawaii,United States,31,1st Place,1,,False,True,10,10.0,10.0,True,1.0,0.12727272727272726
10,Nicole Scherzinger,3,23.0,7.666666666666667,3,True,Derek Hough,Singer/Rapper,Hawaii,United States,31,1st Place,1,,False,True,10,10.0,10.0,True,2.5,0.11330049261083744
10,Nicole Scherzinger,4,25.0,8.333333333333334,3,True,Derek Hough,Singer/Rapper,Hawaii,United States,31,1st Place,1,,False,True,10,10.0,10.0,True,2.0,0.1347708894878706
10,Nicole Scherzinger,5,29.0,9.666666666666666,3,True,Derek Hough,Singer/Rapper,Hawaii,United States,31,1st Place,1,,False,True,10,10.0,10.0,True,1.0,0.1676300578034682
10,Nicole Scherzinger,6,35.9999,11.999966666666666,3,True,Derek Hough,Singer/Rapper,Hawaii,United States,31,1st Place,1,,False,True,10,10.0,10.0,True,1.0,0.17224890226905065
10,Nicole Scherzinger,7,27.0,9.0,3,True,Derek Hough,Singer/Rapper,Hawaii,United States,31,1st Place,1,,False,True,10,10.0,10.0,True,1.5,0.17363344051446947
10,Nicole Scherzinger,8,29.5,9.833333333333334,3,True,Derek Hough,Singer/Rapper,Hawaii,United States,31,1st Place,1,,False,True,10,10.0,10.0,True,1.0,0.233201581027668
10,Nicole Scherzinger,9,29.5,9.833333333333334,3,True,Derek Hough,Singer/Rapper,Hawaii,United States,31,1st Place,1,,False,True,10,10.0,10.0,True,1.5,0.2610619469026549
10,Nicole Scherzinger,10,28.7777,9.592566666666666,3,True,Derek Hough,Singer/Rapper,Hawaii,United States,31,1st Place,1,,False,True,10,10.0,10.0,True,1.0,0.3481193038992962
10,Niecy Nash,1,18.0,6.0,3,True,Louis van Amstel,Actor/Actress,California,United States,40,Eliminated Week 8,5,8,False,False,10,8.0,8.0,True,7.0,0.0861244019138756
10,Niecy Nash,2,21.0,7.0,3,True,Louis van Amstel,Actor/Actress,California,United States,40,Eliminated Week 8,5,8,False,False,10,8.0,8.0,True,5.0,0.09545454545454546
10,Niecy Nash,3,21.0,7.0,3,True,Louis van Amstel,Actor/Actress,California,United States,40,Eliminated Week 8,5,8,False,False,10,8.0,8.0,True,5.0,0.10344827586206896
10,Niecy Nash,4,18.0,6.0,3,True,Louis van Amstel,Actor/Actress,California,United States,40,Eliminated Week 8,5,8,False,False,10,8.0,8.0,True,7.0,0.09703504043126684
10,Niecy Nash,5,18.0,6.0,3,True,Louis van Amstel,Actor/Actress,California,United States,40,Eliminated Week 8,5,8,False,False,10,8.0,8.0,True,6.5,0.10404624277456648
10,Niecy Nash,6,25.9998,8.6666,3,True,Louis van Amstel,Actor/Actress,California,United States,40,Eliminated Week 8,5,8,False,False,10,8.0,8.0,True,6.0,0.1244013735931173
10,Niecy Nash,7,24.5,8.166666666666666,3,True,Louis van Amstel,Actor/Actress,California,United States,40,Eliminated Week 8,5,8,False,False,10,8.0,8.0,True,6.0,0.15755627009646303
10,Niecy Nash,8,21.5,7.166666666666667,3,True,Louis van Amstel,Actor/Actress,California,United States,40,Eliminated Week 8,5,8,False,False,10,8.0,8.0,True,5.0,0.16996047430830039
10,Niecy Nash,9,,,0,False,Louis van Amstel,Actor/Actress,California,United States,40,Eliminated Week 8,5,8,False,False,10,8.0,8.0,False,,
10,Niecy Nash,10,,,0,False,Louis van Amstel,Actor/Actress,California,United States,40,Eliminated Week 8,5,8,False,False,10,8.0,8.0,False,,
10,Pamela Anderson,1,21.0,7.0,3,True,Damian Whitewood,Model,,Canada,42,Eliminated Week 7,6,7,False,False,10,7.0,7.0,True,3.5,0.10047846889952153
10,Pamela Anderson,2,22.0,7.333333333333333,3,True,Damian Whitewood,Model,,Canada,42,Eliminated Week 7,6,7,False,False,10,7.0,7.0,True,4.0,0.1
10,Pamela Anderson,3,21.0,7.0,3,True,Damian Whitewood,Model,,Canada,42,Eliminated Week 7,6,7,False,False,10,7.0,7.0,True,5.0,0.10344827586206896
10,Pamela Anderson,4,23.5,7.833333333333333,3,True,Damian Whitewood,Model,,Canada,42,Eliminated Week 7,6,7,False,False,10,7.0,7.0,True,3.0,0.12668463611859837
10,Pamela Anderson,5,21.0,7.0,3,True,Damian Whitewood,Model,,Canada,42,Eliminated Week 7,6,7,False,False,10,7.0,7.0,True,5.0,0.12138728323699421
10,Pamela Anderson,6,29.9998,9.999933333333333,3,True,Damian Whitewood,Model,,Canada,42,Eliminated Week 7,6,7,False,False,10,7.0,7.0,True,4.0,0.1435401936752898
10,Pamela Anderson,7,25.5,8.5,3,True,Damian Whitewood,Model,,Canada,42,Eliminated Week 7,6,7,False,False,10,7.0,7.0,True,4.5,0.1639871382636656
10,Pamela Anderson,8,,,0,False,Damian Whitewood,Model,,Canada,42,Eliminated Week 7,6,7,False,False,10,7.0,7.0,False,,
10,Pamela Anderson,9,,,0,False,Damian Whitewood,Model,,Canada,42,Eliminated Week 7,6,7,False,False,10,7.0,7.0,False,,
10,Pamela Anderson,10,,,0,False,Damian Whitewood,Model,,Canada,42,Eliminated Week 7,6,7,False,False,10,7.0,7.0,False,,
10,Shannen Doherty,1,18.0,6.0,3,True,Mark Ballas,Actor/Actress,Tennessee,United States,38,Eliminated Week 2,11,2,False,False,10,2.0,2.0,True,7.0,0.0861244019138756
10,Shannen Doherty,2,20.0,6.666666666666667,3,True,Mark Ballas,Actor/Actress,Tennessee,United States,38,Eliminated Week 2,11,2,False,False,10,2.0,2.0,True,6.5,0.09090909090909091
10,Shannen Doherty,3,,,0,False,Mark Ballas,Actor/Actress,Tennessee,United States,38,Eliminated Week 2,11,2,False,False,10,2.0,2.0,False,,
10,Shannen Doherty,4,,,0,False,Mark Ballas,Actor/Actress,Tennessee,United States,38,Eliminated Week 2,11,2,False,False,10,2.0,2.0,False,,
10,Shannen Doherty,5,,,0,False,Mark Ballas,Actor/Actress,Tennessee,United States,38,Eliminated Week 2,11,2,False,False,10,2.0,2.0,False,,
10,Shannen Doherty,6,,,0,False,Mark Ballas,Actor/Actress,Tennessee,United States,38,Eliminated Week 2,11,2,False,False,10,2.0,2.0,False,,
10,Shannen Doherty,7,,,0,False,Mark Ballas,Actor/Actress,Tennessee,United States,38,Eliminated Week 2,11,2,False,False,10,2.0,2.0,False,,
10,Shannen Doherty,8,,,0,False,Mark Ballas,Actor/Actress,Tennessee,United States,38,Eliminated Week 2,11,2,False,False,10,2.0,2.0,False,,
10,Shannen Doherty,9,,,0,False,Mark Ballas,Actor/Actress,Tennessee,United States,38,Eliminated Week 2,11,2,False,False,10,2.0,2.0,False,,
10,Shannen Doherty,10,,,0,False,Mark Ballas,Actor/Actress,Tennessee,United States,38,Eliminated Week 2,11,2,False,False,10,2.0,2.0,False,,
11,Audrina Patridge,1,19.0,6.333333333333333,3,True,Tony Dovolani,TV Personality,California,United States,25,Eliminated Week 6,7,6,False,False,10,6.0,6.0,True,5.5,0.08370044052863436
11,Audrina Patridge,2,23.0,7.666666666666667,3,True,Tony Dovolani,TV Personality,California,United States,25,Eliminated Week 6,7,6,False,False,10,6.0,6.0,True,2.0,0.10407239819004525
11,Audrina Patridge,3,26.0,8.666666666666666,3,True,Tony Dovolani,TV Personality,California,United States,25,Eliminated Week 6,7,6,False,False,10,6.0,6.0,True,1.0,0.11764705882352941
11,Audrina Patridge,4,23.0,7.666666666666667,3,True,Tony Dovolani,TV Personality,California,United States,25,Eliminated Week 6,7,6,False,False,10,6.0,6.0,True,3.0,0.12849162011173185
11,Audrina Patridge,5,23.0,7.666666666666667,3,True,Tony Dovolani,TV Personality,California,United States,25,Eliminated Week 6,7,6,False,False,10,6.0,6.0,True,5.0,0.12637362637362637
11,Audrina Patridge,6,31.9998,10.6666,3,True,Tony Dovolani,TV Personality,California,United States,25,Eliminated Week 6,7,6,False,False,10,6.0,6.0,True,2.0,0.15458892856159417
11,Audrina Patridge,7,,,0,False,Tony Dovolani,TV Personality,California,United States,25,Eliminated Week 6,7,6,False,False,10,6.0,6.0,False,,
11,Audrina Patridge,8,,,0,False,Tony Dovolani,TV Personality,California,United States,25,Eliminated Week 6,7,6,False,False,10,6.0,6.0,False,,
11,Audrina Patridge,9,,,0,False,Tony Dovolani,TV Personality,California,United States,25,Eliminated Week 6,7,6,False,False,10,6.0,6.0,False,,
11,Audrina Patridge,10,,,0,False,Tony Dovolani,TV Personality,California,United States,25,Eliminated Week 6,7,6,False,False,10,6.0,6.0,False,,
11,Brandy,1,23.0,7.666666666666667,3,True,Maksim Chmerkoskiy,Singer/Rapper,Mississippi,United States,31,Eliminated Week 9,4,9,False,False,10,9.0,9.0,True,2.5,0.1013215859030837
11,Brandy,2,21.0,7.0,3,True,Maksim Chmerkoskiy,Singer/Rapper,Mississippi,United States,31,Eliminated Week 9,4,9,False,False,10,9.0,9.0,True,6.0,0.09502262443438914
11,Brandy,3,24.0,8.0,3,True,Maksim Chmerkoskiy,Singer/Rapper,Mississippi,United States,31,Eliminated Week 9,4,9,False,False,10,9.0,9.0,True,3.0,0.1085972850678733
11,Brandy,4,24.0,8.0,3,True,Maksim Chmerkoskiy,Singer/Rapper,Mississippi,United States,31,Eliminated Week 9,4,9,False,False,10,9.0,9.0,True,2.0,0.1340782122905028
11,Brandy,5,27.0,9.0,3,True,Maksim Chmerkoskiy,Singer/Rapper,Mississippi,United States,31,Eliminated Week 9,4,9,False,False,10,9.0,9.0,True,1.0,0.14835164835164835
11,Brandy,6,35.9999,11.999966666666666,3,True,Maksim Chmerkoskiy,Singer/Rapper,Mississippi,United States,31,Eliminated Week 9,4,9,False,False,10,9.0,9.0,True,1.0,0.1739131484985698
11,Brandy,7,36.5,9.125,4,True,Maksim Chmerkoskiy,Singer/Rapper,Mississippi,United States,31,Eliminated Week 9,4,9,False,False,10,9.0,9.0,True,1.5,0.1750599520383693
11,Brandy,8,28.5,9.5,3,True,Maksim Chmerkoskiy,Singer/Rapper,Mississippi,United States,31,Eliminated Week 9,4,9,False,False,10,9.0,9.0,True,1.5,0.21509433962264152
11,Brandy,9,28.5,9.5,3,True,Maksim Chmerkoskiy,Singer/Rapper,Mississippi,United States,31,Eliminated Week 9,4,9,False,False,10,9.0,9.0,True,3.0,0.25
11,Brandy,10,,,0,False,Maksim Chmerkoskiy,Singer/Rapper,Mississippi,United States,31,Eliminated Week 9,4,9,False,False,10,9.0,9.0,False,,
11,Bristol Palin,1,18.0,6.0,3,True,Mark Ballas,TV Personality,Alaska,United States,19,3rd Place,3,,False,True,10,10.0,10.0,True,7.5,0.07929515418502203
11,Bristol Palin,2,22.0,7.333333333333333,3,True,Mark Ballas,TV Personality,Alaska,United States,19,3rd Place,3,,False,True,10,10.0,10.0,True,3.5,0.09954751131221719
11,Bristol Palin,3,19.0,6.333333333333333,3,True,Mark Ballas,TV Personality,Alaska,United States,19,3rd Place,3,,False,True,10,10.0,10.0,True,9.0,0.08597285067873303
11,Bristol Palin,4,16.0,5.333333333333333,3,True,Mark Ballas,TV Personality,Alaska,United States,19,3rd Place,3,,False,True,10,10.0,10.0,True,8.0,0.0893854748603352
11,Bristol Palin,5,18.0,6.0,3,True,Mark Ballas,TV Personality,Alaska,United States,19,3rd Place,3,,False,True,10,10.0,10.0,True,8.0,0.0989010989010989
11,Bristol Palin,6,27.9998,9.333266666666667,3,True,Mark Ballas,TV Personality,Alaska,United States,19,3rd Place,3,,False,True,10,10.0,10.0,True,6.0,0.13526519171803963
11,Bristol Palin,7,32.5,8.125,4,True,Mark Ballas,TV Personality,Alaska,United States,19,3rd Place,3,,False,True,10,10.0,10.0,True,6.0,0.15587529976019185
11,Bristol Palin,8,23.5,7.833333333333333,3,True,Mark Ballas,TV Personality,Alaska,United States,19,3rd Place,3,,False,True,10,10.0,10.0,True,5.0,0.17735849056603772
11,Bristol Palin,9,26.5,8.833333333333334,3,True,Mark Ballas,TV Personality,Alaska,United States,19,3rd Place,3,,False,True,10,10.0,10.0,True,4.0,0.2324561403508772
11,Bristol Palin,10,25.6666,8.555533333333333,3,True,Mark Ballas,TV Personality,Alaska,United States,19,3rd Place,3,,False,True,10,10.0,10.0,True,3.0,0.3092368897274451
11,David Hasselhoff,1,15.0,5.0,3,True,Kym Johnson,Actor/Actress,Maryland,United States,58,Eliminated Week 1,12,1,False,False,10,1.0,1.0,True,11.0,0.06607929515418502
11,David Hasselhoff,2,,,0,False,Kym Johnson,Actor/Actress,Maryland,United States,58,Eliminated Week 1,12,1,False,False,10,1.0,1.0,False,,
11,David Hasselhoff,3,,,0,False,Kym Johnson,Actor/Actress,Maryland,United States,58,Eliminated Week 1,12,1,False,False,10,1.0,1.0,False,,
11,David Hasselhoff,4,,,0,False,Kym Johnson,Actor/Actress,Maryland,United States,58,Eliminated Week 1,12,1,False,False,10,1.0,1.0,False,,
11,David Hasselhoff,5,,,0,False,Kym Johnson,Actor/Actress,Maryland,United States,58,Eliminated Week 1,12,1,False,False,10,1.0,1.0,False,,
11,David Hasselhoff,6,,,0,False,Kym Johnson,Actor/Actress,Maryland,United States,58,Eliminated Week 1,12,1,False,False,10,1.0,1.0,False,,
11,David Hasselhoff,7,,,0,False,Kym Johnson,Actor/Actress,Maryland,United States,58,Eliminated Week 1,12,1,False,False,10,1.0,1.0,False,,
11,David Hasselhoff,8,,,0,False,Kym Johnson,Actor/Actress,Maryland,United States,58,Eliminated Week 1,12,1,False,False,10,1.0,1.0,False,,
11,David Hasselhoff,9,,,0,False,Kym Johnson,Actor/Actress,Maryland,United States,58,Eliminated Week 1,12,1,False,False,10,1.0,1.0,False,,
11,David Hasselhoff,10,,,0,False,Kym Johnson,Actor/Actress,Maryland,United States,58,Eliminated Week 1,12,1,False,False,10,1.0,1.0,False,,
11,Florence Henderson,1,18.0,6.0,3,True,Corky Ballas,Actor/Actress,Indiana,United States,76,Eliminated Week 5,8,5,False,False,10,5.0,5.0,True,7.5,0.07929515418502203
11,Florence Henderson,2,19.0,6.333333333333333,3,True,Corky Ballas,Actor/Actress,Indiana,United States,76,Eliminated Week 5,8,5,False,False,10,5.0,5.0,True,8.0,0.08597285067873303
11,Florence Henderson,3,20.0,6.666666666666667,3,True,Corky Ballas,Actor/Actress,Indiana,United States,76,Eliminated Week 5,8,5,False,False,10,5.0,5.0,True,7.5,0.09049773755656108
11,Florence Henderson,4,17.5,5.833333333333333,3,True,Corky Ballas,Actor/Actress,Indiana,United States,76,Eliminated Week 5,8,5,False,False,10,5.0,5.0,True,6.0,0.09776536312849161
11,Florence Henderson,5,21.0,7.0,3,True,Corky Ballas,Actor/Actress,Indiana,United States,76,Eliminated Week 5,8,5,False,False,10,5.0,5.0,True,6.0,0.11538461538461539
11,Florence Henderson,6,,,0,False,Corky Ballas,Actor/Actress,Indiana,United States,76,Eliminated Week 5,8,5,False,False,10,5.0,5.0,False,,
11,Florence Henderson,7,,,0,False,Corky Ballas,Actor/Actress,Indiana,United States,76,Eliminated Week 5,8,5,False,False,10,5.0,5.0,False,,
11,Florence Henderson,8,,,0,False,Corky Ballas,Actor/Actress,Indiana,United States,76,Eliminated Week 5,8,5,False,False,10,5.0,5.0,False,,
11,Florence Henderson,9,,,0,False,Corky Ballas,Actor/Actress,Indiana,United States,76,Eliminated Week 5,8,5,False,False,10,5.0,5.0,False,,
11,Florence Henderson,10,,,0,False,Corky Ballas,Actor/Actress,Indiana,United States,76,Eliminated Week 5,8,5,False,False,10,5.0,5.0,False,,
11,Jennifer Grey,1,24.0,8.0,3,True,Derek Hough,Actor/Actress,New York,United States,50,1st Place,1,,False,True,10,10.0,10.0,True,1.0,0.10572687224669604
11,Jennifer Grey,2,24.0,8.0,3,True,Derek Hough,Actor/Actress,New York,United States,50,1st Place,1,,False,True,10,10.0,10.0,True,1.0,0.1085972850678733
11,Jennifer Grey,3,24.0,8.0,3,True,Derek Hough,Actor/Actress,New York,United States,50,1st Place,1,,False,True,10,10.0,10.0,True,3.0,0.1085972850678733
11,Jennifer Grey,4,28.0,9.333333333333334,3,True,Derek Hough,Actor/Actress,New York,United States,50,1st Place,1,,False,True,10,10.0,10.0,True,1.0,0.1564245810055866
11,Jennifer Grey,5,25.0,8.333333333333334,3,True,Derek Hough,Actor/Actress,New York,United States,50,1st Place,1,,False,True,10,10.0,10.0,True,2.0,0.13736263736263737
11,Jennifer Grey,6,29.0,9.666666666666666,3,True,Derek Hough,Actor/Actress,New York,United States,50,1st Place,1,,False,True,10,10.0,10.0,True,5.0,0.14009709211577043
11,Jennifer Grey,7,36.5,9.125,4,True,Derek Hough,Actor/Actress,New York,United States,50,1st Place,1,,False,True,10,10.0,10.0,True,1.5,0.1750599520383693
11,Jennifer Grey,8,28.5,9.5,3,True,Derek Hough,Actor/Actress,New York,United States,50,1st Place,1,,False,True,10,10.0,10.0,True,1.5,0.21509433962264152
11,Jennifer Grey,9,30.0,10.0,3,True,Derek Hough,Actor/Actress,New York,United States,50,1st Place,1,,False,True,10,10.0,10.0,True,1.0,0.2631578947368421
11,Jennifer Grey,10,30.0,10.0,3,True,Derek Hough,Actor/Actress,New York,United States,50,1st Place,1,,False,True,10,10.0,10.0,True,1.0,0.36144665408832316
11,Kurt Warner,1,19.0,6.333333333333333,3,True,Anna Trebunskaya,Athlete,Iowa,United States,39,Eliminated Week 8,5,8,False,False,10,8.0,8.0,True,5.5,0.08370044052863436
11,Kurt Warner,2,21.0,7.0,3,True,Anna Trebunskaya,Athlete,Iowa,United States,39,Eliminated Week 8,5,8,False,False,10,8.0,8.0,True,6.0,0.09502262443438914
11,Kurt Warner,3,23.0,7.666666666666667,3,True,Anna Trebunskaya,Athlete,Iowa,United States,39,Eliminated Week 8,5,8,False,False,10,8.0,8.0,True,5.5,0.10407239819004525
11,Kurt Warner,4,17.0,5.666666666666667,3,True,Anna Trebunskaya,Athlete,Iowa,United States,39,Eliminated Week 8,5,8,False,False,10,8.0,8.0,True,7.0,0.09497206703910614
11,Kurt Warner,5,24.0,8.0,3,True,Anna Trebunskaya,Athlete,Iowa,United States,39,Eliminated Week 8,5,8,False,False,10,8.0,8.0,True,3.5,0.13186813186813187
11,Kurt Warner,6,21.9999,7.3333,3,True,Anna Trebunskaya,Athlete,Iowa,United States,39,Eliminated Week 8,5,8,False,False,10,8.0,8.0,True,7.0,0.1062800695461289
11,Kurt Warner,7,35.0,8.75,4,True,Anna Trebunskaya,Athlete,Iowa,United States,39,Eliminated Week 8,5,8,False,False,10,8.0,8.0,True,3.0,0.16786570743405277
11,Kurt Warner,8,24.0,8.0,3,True,Anna Trebunskaya,Athlete,Iowa,United States,39,Eliminated Week 8,5,8,False,False,10,8.0,8.0,True,4.0,0.1811320754716981
11,Kurt Warner,9,,,0,False,Anna Trebunskaya,Athlete,Iowa,United States,39,Eliminated Week 8,5,8,False,False,10,8.0,8.0,False,,
11,Kurt Warner,10,,,0,False,Anna Trebunskaya,Athlete,Iowa,United States,39,Eliminated Week 8,5,8,False,False,10,8.0,8.0,False,,
11,Kyle Massey,1,23.0,7.666666666666667,3,True,Lacey Schwimmer,Actor/Actress,Georgia,United States,19,2nd Place,2,,False,True,10,10.0,10.0,True,2.5,0.1013215859030837
11,Kyle Massey,2,22.0,7.333333333333333,3,True,Lacey Schwimmer,Actor/Actress,Georgia,United States,19,2nd Place,2,,False,True,10,10.0,10.0,True,3.5,0.09954751131221719
11,Kyle Massey,3,23.0,7.666666666666667,3,True,Lacey Schwimmer,Actor/Actress,Georgia,United States,19,2nd Place,2,,False,True,10,10.0,10.0,True,5.5,0.10407239819004525
11,Kyle Massey,4,20.0,6.666666666666667,3,True,Lacey Schwimmer,Actor/Actress,Georgia,United States,19,2nd Place,2,,False,True,10,10.0,10.0,True,4.0,0.11173184357541899
11,Kyle Massey,5,20.0,6.666666666666667,3,True,Lacey Schwimmer,Actor/Actress,Georgia,United States,19,2nd Place,2,,False,True,10,10.0,10.0,True,7.0,0.10989010989010989
11,Kyle Massey,6,29.999899999999997,9.999966666666666,3,True,Lacey Schwimmer,Actor/Actress,Georgia,United States,19,2nd Place,2,,False,True,10,10.0,10.0,True,4.0,0.14492754323323798
11,Kyle Massey,7,33.5,8.375,4,True,Lacey Schwimmer,Actor/Actress,Georgia,United States,19,2nd Place,2,,False,True,10,10.0,10.0,True,5.0,0.1606714628297362
11,Kyle Massey,8,28.0,9.333333333333334,3,True,Lacey Schwimmer,Actor/Actress,Georgia,United States,19,2nd Place,2,,False,True,10,10.0,10.0,True,3.0,0.21132075471698114
11,Kyle Massey,9,29.0,9.666666666666666,3,True,Lacey Schwimmer,Actor/Actress,Georgia,United States,19,2nd Place,2,,False,True,10,10.0,10.0,True,2.0,0.2543859649122807
11,Kyle Massey,10,27.333199999999998,9.111066666666666,3,True,Lacey Schwimmer,Actor/Actress,Georgia,United States,19,2nd Place,2,,False,True,10,10.0,10.0,True,2.0,0.3293164561842318
11,Margaret Cho,1,15.0,5.0,3,True,Louis van Amstel,Comedian,California,United States,41,Eliminated Week 3,10,3,False,False,10,3.0,3.0,True,11.0,0.06607929515418502
11,Margaret Cho,2,18.0,6.0,3,True,Louis van Amstel,Comedian,California,United States,41,Eliminated Week 3,10,3,False,False,10,3.0,3.0,True,9.5,0.08144796380090498
11,Margaret Cho,3,18.0,6.0,3,True,Louis van Amstel,Comedian,California,United States,41,Eliminated Week 3,10,3,False,False,10,3.0,3.0,True,10.0,0.08144796380090498
11,Margaret Cho,4,,,0,False,Louis van Amstel,Comedian,California,United States,41,Eliminated Week 3,10,3,False,False,10,3.0,3.0,False,,
11,Margaret Cho,5,,,0,False,Louis van Amstel,Comedian,California,United States,41,Eliminated Week 3,10,3,False,False,10,3.0,3.0,False,,
11,Margaret Cho,6,,,0,False,Louis van Amstel,Comedian,California,United States,41,Eliminated Week 3,10,3,False,False,10,3.0,3.0,False,,
11,Margaret Cho,7,,,0,False,Louis van Amstel,Comedian,California,United States,41,Eliminated Week 3,10,3,False,False,10,3.0,3.0,False,,
11,Margaret Cho,8,,,0,False,Louis van Amstel,Comedian,California,United States,41,Eliminated Week 3,10,3,False,False,10,3.0,3.0,False,,
11,Margaret Cho,9,,,0,False,Louis van Amstel,Comedian,California,United States,41,Eliminated Week 3,10,3,False,False,10,3.0,3.0,False,,
11,Margaret Cho,10,,,0,False,Louis van Amstel,Comedian,California,United States,41,Eliminated Week 3,10,3,False,False,10,3.0,3.0,False,,
11,Michael Bolton,1,16.0,5.333333333333333,3,True,Chelsie Hightower,Singer/Rapper,Connecticut,United States,57,Eliminated Week 2,11,2,False,False,10,2.0,2.0,True,9.0,0.07048458149779736
11,Michael Bolton,2,12.0,4.0,3,True,Chelsie Hightower,Singer/Rapper,Connecticut,United States,57,Eliminated Week 2,11,2,False,False,10,2.0,2.0,True,11.0,0.05429864253393665
11,Michael Bolton,3,,,0,False,Chelsie Hightower,Singer/Rapper,Connecticut,United States,57,Eliminated Week 2,11,2,False,False,10,2.0,2.0,False,,
11,Michael Bolton,4,,,0,False,Chelsie Hightower,Singer/Rapper,Connecticut,United States,57,Eliminated Week 2,11,2,False,False,10,2.0,2.0,False,,
11,Michael Bolton,5,,,0,False,Chelsie Hightower,Singer/Rapper,Connecticut,United States,57,Eliminated Week 2,11,2,False,False,10,2.0,2.0,False,,
11,Michael Bolton,6,,,0,False,Chelsie Hightower,Singer/Rapper,Connecticut,United States,57,Eliminated Week 2,11,2,False,False,10,2.0,2.0,False,,
11,Michael Bolton,7,,,0,False,Chelsie Hightower,Singer/Rapper,Connecticut,United States,57,Eliminated Week 2,11,2,False,False,10,2.0,2.0,False,,
11,Michael Bolton,8,,,0,False,Chelsie Hightower,Singer/Rapper,Connecticut,United States,57,Eliminated Week 2,11,2,False,False,10,2.0,2.0,False,,
11,Michael Bolton,9,,,0,False,Chelsie Hightower,Singer/Rapper,Connecticut,United States,57,Eliminated Week 2,11,2,False,False,10,2.0,2.0,False,,
11,Michael Bolton,10,,,0,False,Chelsie Hightower,Singer/Rapper,Connecticut,United States,57,Eliminated Week 2,11,2,False,False,10,2.0,2.0,False,,
11,Rick Fox,1,22.0,7.333333333333333,3,True,Cheryl Burke,Athlete,,Canada,41,Eliminated Week 7,6,7,False,False,10,7.0,7.0,True,4.0,0.09691629955947137
11,Rick Fox,2,21.0,7.0,3,True,Cheryl Burke,Athlete,,Canada,41,Eliminated Week 7,6,7,False,False,10,7.0,7.0,True,6.0,0.09502262443438914
11,Rick Fox,3,24.0,8.0,3,True,Cheryl Burke,Athlete,,Canada,41,Eliminated Week 7,6,7,False,False,10,7.0,7.0,True,3.0,0.1085972850678733
11,Rick Fox,4,19.5,6.5,3,True,Cheryl Burke,Athlete,,Canada,41,Eliminated Week 7,6,7,False,False,10,7.0,7.0,True,5.0,0.10893854748603352
11,Rick Fox,5,24.0,8.0,3,True,Cheryl Burke,Athlete,,Canada,41,Eliminated Week 7,6,7,False,False,10,7.0,7.0,True,3.5,0.13186813186813187
11,Rick Fox,6,30.0,10.0,3,True,Cheryl Burke,Athlete,,Canada,41,Eliminated Week 7,6,7,False,False,10,7.0,7.0,True,3.0,0.14492802632665908
11,Rick Fox,7,34.5,8.625,4,True,Cheryl Burke,Athlete,,Canada,41,Eliminated Week 7,6,7,False,False,10,7.0,7.0,True,4.0,0.16546762589928057
11,Rick Fox,8,,,0,False,Cheryl Burke,Athlete,,Canada,41,Eliminated Week 7,6,7,False,False,10,7.0,7.0,False,,
11,Rick Fox,9,,,0,False,Cheryl Burke,Athlete,,Canada,41,Eliminated Week 7,6,7,False,False,10,7.0,7.0,False,,
11,Rick Fox,10,,,0,False,Cheryl Burke,Athlete,,Canada,41,Eliminated Week 7,6,7,False,False,10,7.0,7.0,False,,
11,The Situation,1,15.0,5.0,3,True,Karina Smirnoff,TV Personality,New York,United States,28,Eliminated Week 4,9,4,False,False,10,4.0,4.0,True,11.0,0.06607929515418502
11,The Situation,2,18.0,6.0,3,True,Karina Smirnoff,TV Personality,New York,United States,28,Eliminated Week 4,9,4,False,False,10,4.0,4.0,True,9.5,0.08144796380090498
11,The Situation,3,20.0,6.666666666666667,3,True,Karina Smirnoff,TV Personality,New York,United States,28,Eliminated Week 4,9,4,False,False,10,4.0,4.0,True,7.5,0.09049773755656108
11,The Situation,4,14.0,4.666666666666667,3,True,Karina Smirnoff,TV Personality,New York,United States,28,Eliminated Week 4,9,4,False,False,10,4.0,4.0,True,9.0,0.0782122905027933
11,The Situation,5,,,0,False,Karina Smirnoff,TV Personality,New York,United States,28,Eliminated Week 4,9,4,False,False,10,4.0,4.0,False,,
11,The Situation,6,,,0,False,Karina Smirnoff,TV Personality,New York,United States,28,Eliminated Week 4,9,4,False,False,10,4.0,4.0,False,,
11,The Situation,7,,,0,False,Karina Smirnoff,TV Personality,New York,United States,28,Eliminated Week 4,9,4,False,False,10,4.0,4.0,False,,
11,The Situation,8,,,0,False,Karina Smirnoff,TV Personality,New York,United States,28,Eliminated Week 4,9,4,False,False,10,4.0,4.0,False,,
11,The Situation,9,,,0,False,Karina Smirnoff,TV Personality,New York,United States,28,Eliminated Week 4,9,4,False,False,10,4.0,4.0,False,,
11,The Situation,10,,,0,False,Karina Smirnoff,TV Personality,New York,United States,28,Eliminated Week 4,9,4,False,False,10,4.0,4.0,False,,
12,Chelsea Kane,1,21.0,7.0,3,True,Mark Ballas,Actor/Actress,Arizona,United States,22,3rd Place,3,,False,True,10,10.0,10.0,True,3.5,0.10144927536231885
12,Chelsea Kane,2,18.0,6.0,3,True,Mark Ballas,Actor/Actress,Arizona,United States,22,3rd Place,3,,False,True,10,10.0,10.0,True,7.5,0.08333333333333333
12,Chelsea Kane,3,23.0,7.666666666666667,3,True,Mark Ballas,Actor/Actress,Arizona,United States,22,3rd Place,3,,False,True,10,10.0,10.0,True,3.5,0.10747663551401869
12,Chelsea Kane,4,26.0,8.666666666666666,3,True,Mark Ballas,Actor/Actress,Arizona,United States,22,3rd Place,3,,False,True,10,10.0,10.0,True,1.0,0.1262135922330097
12,Chelsea Kane,5,26.0,8.666666666666666,3,True,Mark Ballas,Actor/Actress,Arizona,United States,22,3rd Place,3,,False,True,10,10.0,10.0,True,3.0,0.13402061855670103
12,Chelsea Kane,6,28.0,9.333333333333334,3,True,Mark Ballas,Actor/Actress,Arizona,United States,22,3rd Place,3,,False,True,10,10.0,10.0,True,1.5,0.15555555555555556
12,Chelsea Kane,7,32.0,8.0,4,True,Mark Ballas,Actor/Actress,Arizona,United States,22,3rd Place,3,,False,True,10,10.0,10.0,True,3.0,0.16976127320954906
12,Chelsea Kane,8,27.5,9.166666666666666,3,True,Mark Ballas,Actor/Actress,Arizona,United States,22,3rd Place,3,,False,True,10,10.0,10.0,True,1.0,0.21153846153846154
12,Chelsea Kane,9,36.5,12.166666666666666,3,True,Mark Ballas,Actor/Actress,Arizona,United States,22,3rd Place,3,,False,True,10,10.0,10.0,True,1.0,0.31063829787234043
12,Chelsea Kane,10,29.666600000000003,9.888866666666667,3,True,Mark Ballas,Actor/Actress,Arizona,United States,22,3rd Place,3,,False,True,10,10.0,10.0,True,1.5,0.33969480071129965
12,Chris Jericho,1,19.0,6.333333333333333,3,True,Cheryl Burke,Athlete,New York,United States,40,Eliminated Week 6,7,6,False,False,10,6.0,6.0,True,5.5,0.09178743961352658
12,Chris Jericho,2,23.0,7.666666666666667,3,True,Cheryl Burke,Athlete,New York,United States,40,Eliminated Week 6,7,6,False,False,10,6.0,6.0,True,2.0,0.10648148148148148
12,Chris Jericho,3,21.0,7.0,3,True,Cheryl Burke,Athlete,New York,United States,40,Eliminated Week 6,7,6,False,False,10,6.0,6.0,True,6.0,0.09813084112149532
12,Chris Jericho,4,23.0,7.666666666666667,3,True,Cheryl Burke,Athlete,New York,United States,40,Eliminated Week 6,7,6,False,False,10,6.0,6.0,True,5.0,0.11165048543689321
12,Chris Jericho,5,26.0,8.666666666666666,3,True,Cheryl Burke,Athlete,New York,United States,40,Eliminated Week 6,7,6,False,False,10,6.0,6.0,True,3.0,0.13402061855670103
12,Chris Jericho,6,22.0,7.333333333333333,3,True,Cheryl Burke,Athlete,New York,United States,40,Eliminated Week 6,7,6,False,False,10,6.0,6.0,True,7.0,0.12222222222222222
12,Chris Jericho,7,,,0,False,Cheryl Burke,Athlete,New York,United States,40,Eliminated Week 6,7,6,False,False,10,6.0,6.0,False,,
12,Chris Jericho,8,,,0,False,Cheryl Burke,Athlete,New York,United States,40,Eliminated Week 6,7,6,False,False,10,6.0,6.0,False,,
12,Chris Jericho,9,,,0,False,Cheryl Burke,Athlete,New York,United States,40,Eliminated Week 6,7,6,False,False,10,6.0,6.0,False,,
12,Chris Jericho,10,,,0,False,Cheryl Burke,Athlete,New York,United States,40,Eliminated Week 6,7,6,False,False,10,6.0,6.0,False,,
12,Hines Ward,1,21.0,7.0,3,True,Kym Johnson,Athlete,,South Korea,35,1st Place,1,,False,True,10,10.0,10.0,True,3.5,0.10144927536231885
12,Hines Ward,2,23.0,7.666666666666667,3,True,Kym Johnson,Athlete,,South Korea,35,1st Place,1,,False,True,10,10.0,10.0,True,2.0,0.10648148148148148
12,Hines Ward,3,25.0,8.333333333333334,3,True,Kym Johnson,Athlete,,South Korea,35,1st Place,1,,False,True,10,10.0,10.0,True,1.5,0.11682242990654206
12,Hines Ward,4,25.0,8.333333333333334,3,True,Kym Johnson,Athlete,,South Korea,35,1st Place,1,,False,True,10,10.0,10.0,True,2.5,0.12135922330097088
12,Hines Ward,5,27.0,9.0,3,True,Kym Johnson,Athlete,,South Korea,35,1st Place,1,,False,True,10,10.0,10.0,True,1.0,0.13917525773195877
12,Hines Ward,6,27.0,9.0,3,True,Kym Johnson,Athlete,,South Korea,35,1st Place,1,,False,True,10,10.0,10.0,True,3.0,0.15
12,Hines Ward,7,33.0,8.25,4,True,Kym Johnson,Athlete,,South Korea,35,1st Place,1,,False,True,10,10.0,10.0,True,1.5,0.17506631299734748
12,Hines Ward,8,27.0,9.0,3,True,Kym Johnson,Athlete,,South Korea,35,1st Place,1,,False,True,10,10.0,10.0,True,2.0,0.2076923076923077
12,Hines Ward,9,30.0,10.0,3,True,Kym Johnson,Athlete,,South Korea,35,1st Place,1,,False,True,10,10.0,10.0,True,2.0,0.2553191489361702
12,Hines Ward,10,29.666600000000003,9.888866666666667,3,True,Kym Johnson,Athlete,,South Korea,35,1st Place,1,,False,True,10,10.0,10.0,True,1.5,0.33969480071129965
12,Kendra Wilkinson,1,18.0,6.0,3,True,Louis van Amstel,TV Personality,California,United States,25,Eliminated Week 7,6,7,False,False,10,7.0,7.0,True,7.5,0.08695652173913043
12,Kendra Wilkinson,2,19.0,6.333333333333333,3,True,Louis van Amstel,TV Personality,California,United States,25,Eliminated Week 7,6,7,False,False,10,7.0,7.0,True,6.0,0.08796296296296297
12,Kendra Wilkinson,3,23.0,7.666666666666667,3,True,Louis van Amstel,TV Personality,California,United States,25,Eliminated Week 7,6,7,False,False,10,7.0,7.0,True,3.5,0.10747663551401869
12,Kendra Wilkinson,4,18.0,6.0,3,True,Louis van Amstel,TV Personality,California,United States,25,Eliminated Week 7,6,7,False,False,10,7.0,7.0,True,9.0,0.08737864077669903
12,Kendra Wilkinson,5,22.0,7.333333333333333,3,True,Louis van Amstel,TV Personality,California,United States,25,Eliminated Week 7,6,7,False,False,10,7.0,7.0,True,7.0,0.1134020618556701
12,Kendra Wilkinson,6,25.0,8.333333333333334,3,True,Louis van Amstel,TV Personality,California,United States,25,Eliminated Week 7,6,7,False,False,10,7.0,7.0,True,5.0,0.1388888888888889
12,Kendra Wilkinson,7,30.5,7.625,4,True,Louis van Amstel,TV Personality,California,United States,25,Eliminated Week 7,6,7,False,False,10,7.0,7.0,True,4.0,0.16180371352785147
12,Kendra Wilkinson,8,,,0,False,Louis van Amstel,TV Personality,California,United States,25,Eliminated Week 7,6,7,False,False,10,7.0,7.0,False,,
12,Kendra Wilkinson,9,,,0,False,Louis van Amstel,TV Personality,California,United States,25,Eliminated Week 7,6,7,False,False,10,7.0,7.0,False,,
12,Kendra Wilkinson,10,,,0,False,Louis van Amstel,TV Personality,California,United States,25,Eliminated Week 7,6,7,False,False,10,7.0,7.0,False,,
12,Kirstie Alley,1,23.0,7.666666666666667,3,True,Maksim Chmerkoskiy,Actor/Actress,Kansas,United States,60,2nd Place,2,,False,True,10,10.0,10.0,True,2.0,0.1111111111111111
12,Kirstie Alley,2,20.0,6.666666666666667,3,True,Maksim Chmerkoskiy,Actor/Actress,Kansas,United States,60,2nd Place,2,,False,True,10,10.0,10.0,True,5.0,0.09259259259259259
12,Kirstie Alley,3,21.0,7.0,3,True,Maksim Chmerkoskiy,Actor/Actress,Kansas,United States,60,2nd Place,2,,False,True,10,10.0,10.0,True,6.0,0.09813084112149532
12,Kirstie Alley,4,22.0,7.333333333333333,3,True,Maksim Chmerkoskiy,Actor/Actress,Kansas,United States,60,2nd Place,2,,False,True,10,10.0,10.0,True,7.0,0.10679611650485436
12,Kirstie Alley,5,23.0,7.666666666666667,3,True,Maksim Chmerkoskiy,Actor/Actress,Kansas,United States,60,2nd Place,2,,False,True,10,10.0,10.0,True,5.0,0.11855670103092783
12,Kirstie Alley,6,26.0,8.666666666666666,3,True,Maksim Chmerkoskiy,Actor/Actress,Kansas,United States,60,2nd Place,2,,False,True,10,10.0,10.0,True,4.0,0.14444444444444443
12,Kirstie Alley,7,30.0,7.5,4,True,Maksim Chmerkoskiy,Actor/Actress,Kansas,United States,60,2nd Place,2,,False,True,10,10.0,10.0,True,5.5,0.15915119363395225
12,Kirstie Alley,8,26.5,8.833333333333334,3,True,Maksim Chmerkoskiy,Actor/Actress,Kansas,United States,60,2nd Place,2,,False,True,10,10.0,10.0,True,3.0,0.20384615384615384
12,Kirstie Alley,9,27.0,9.0,3,True,Maksim Chmerkoskiy,Actor/Actress,Kansas,United States,60,2nd Place,2,,False,True,10,10.0,10.0,True,3.0,0.2297872340425532
12,Kirstie Alley,10,27.999899999999997,9.3333,3,True,Maksim Chmerkoskiy,Actor/Actress,Kansas,United States,60,2nd Place,2,,False,True,10,10.0,10.0,True,3.0,0.32061039857740076
12,Mike Catherwood,1,13.0,4.333333333333333,3,True,Lacey Schwimmer,Radio Personality,California,United States,32,Eliminated Week 2,11,2,False,False,10,2.0,2.0,True,11.0,0.06280193236714976
12,Mike Catherwood,2,17.0,5.666666666666667,3,True,Lacey Schwimmer,Radio Personality,California,United States,32,Eliminated Week 2,11,2,False,False,10,2.0,2.0,True,10.0,0.0787037037037037
12,Mike Catherwood,3,,,0,False,Lacey Schwimmer,Radio Personality,California,United States,32,Eliminated Week 2,11,2,False,False,10,2.0,2.0,False,,
12,Mike Catherwood,4,,,0,False,Lacey Schwimmer,Radio Personality,California,United States,32,Eliminated Week 2,11,2,False,False,10,2.0,2.0,False,,
12,Mike Catherwood,5,,,0,False,Lacey Schwimmer,Radio Personality,California,United States,32,Eliminated Week 2,11,2,False,False,10,2.0,2.0,False,,
12,Mike Catherwood,6,,,0,False,Lacey Schwimmer,Radio Personality,California,United States,32,Eliminated Week 2,11,2,False,False,10,2.0,2.0,False,,
12,Mike Catherwood,7,,,0,False,Lacey Schwimmer,Radio Personality,California,United States,32,Eliminated Week 2,11,2,False,False,10,2.0,2.0,False,,
12,Mike Catherwood,8,,,0,False,Lacey Schwimmer,Radio Personality,California,United States,32,Eliminated Week 2,11,2,False,False,10,2.0,2.0,False,,
12,Mike Catherwood,9,,,0,False,Lacey Schwimmer,Radio Personality,California,United States,32,Eliminated Week 2,11,2,False,False,10,2.0,2.0,False,,
12,Mike Catherwood,10,,,0,False,Lacey Schwimmer,Radio Personality,California,United States,32,Eliminated Week 2,11,2,False,False,10,2.0,2.0,False,,
12,Petra Nemcova,1,18.0,6.0,3,True,Dmitry Chaplin,Model,,Czechoslovakia,31,Eliminated Week 5,8,5,False,False,10,5.0,5.0,True,7.5,0.08695652173913043
12,Petra Nemcova,2,18.0,6.0,3,True,Dmitry Chaplin,Model,,Czechoslovakia,31,Eliminated Week 5,8,5,False,False,10,5.0,5.0,True,7.5,0.08333333333333333
12,Petra Nemcova,3,25.0,8.333333333333334,3,True,Dmitry Chaplin,Model,,Czechoslovakia,31,Eliminated Week 5,8,5,False,False,10,5.0,5.0,True,1.5,0.11682242990654206
12,Petra Nemcova,4,23.0,7.666666666666667,3,True,Dmitry Chaplin,Model,,Czechoslovakia,31,Eliminated Week 5,8,5,False,False,10,5.0,5.0,True,5.0,0.11165048543689321
12,Petra Nemcova,5,22.0,7.333333333333333,3,True,Dmitry Chaplin,Model,,Czechoslovakia,31,Eliminated Week 5,8,5,False,False,10,5.0,5.0,True,7.0,0.1134020618556701
12,Petra Nemcova,6,,,0,False,Dmitry Chaplin,Model,,Czechoslovakia,31,Eliminated Week 5,8,5,False,False,10,5.0,5.0,False,,
12,Petra Nemcova,7,,,0,False,Dmitry Chaplin,Model,,Czechoslovakia,31,Eliminated Week 5,8,5,False,False,10,5.0,5.0,False,,
12,Petra Nemcova,8,,,0,False,Dmitry Chaplin,Model,,Czechoslovakia,31,Eliminated Week 5,8,5,False,False,10,5.0,5.0,False,,
12,Petra Nemcova,9,,,0,False,Dmitry Chaplin,Model,,Czechoslovakia,31,Eliminated Week 5,8,5,False,False,10,5.0,5.0,False,,
12,Petra Nemcova,10,,,0,False,Dmitry Chaplin,Model,,Czechoslovakia,31,Eliminated Week 5,8,5,False,False,10,5.0,5.0,False,,
12,Ralph Macchio,1,24.0,8.0,3,True,Karina Smirnoff,Actor/Actress,New York,United States,49,Eliminated Week 9,4,9,False,False,10,9.0,9.0,True,1.0,0.11594202898550725
12,Ralph Macchio,2,21.0,7.0,3,True,Karina Smirnoff,Actor/Actress,New York,United States,49,Eliminated Week 9,4,9,False,False,10,9.0,9.0,True,4.0,0.09722222222222222
12,Ralph Macchio,3,21.0,7.0,3,True,Karina Smirnoff,Actor/Actress,New York,United States,49,Eliminated Week 9,4,9,False,False,10,9.0,9.0,True,6.0,0.09813084112149532
12,Ralph Macchio,4,25.0,8.333333333333334,3,True,Karina Smirnoff,Actor/Actress,New York,United States,49,Eliminated Week 9,4,9,False,False,10,9.0,9.0,True,2.5,0.12135922330097088
12,Ralph Macchio,5,22.0,7.333333333333333,3,True,Karina Smirnoff,Actor/Actress,New York,United States,49,Eliminated Week 9,4,9,False,False,10,9.0,9.0,True,7.0,0.1134020618556701
12,Ralph Macchio,6,24.0,8.0,3,True,Karina Smirnoff,Actor/Actress,New York,United States,49,Eliminated Week 9,4,9,False,False,10,9.0,9.0,True,6.0,0.13333333333333333
12,Ralph Macchio,7,33.0,8.25,4,True,Karina Smirnoff,Actor/Actress,New York,United States,49,Eliminated Week 9,4,9,False,False,10,9.0,9.0,True,1.5,0.17506631299734748
12,Ralph Macchio,8,23.0,7.666666666666667,3,True,Karina Smirnoff,Actor/Actress,New York,United States,49,Eliminated Week 9,4,9,False,False,10,9.0,9.0,True,5.0,0.17692307692307693
12,Ralph Macchio,9,24.0,8.0,3,True,Karina Smirnoff,Actor/Actress,New York,United States,49,Eliminated Week 9,4,9,False,False,10,9.0,9.0,True,4.0,0.20425531914893616
12,Ralph Macchio,10,,,0,False,Karina Smirnoff,Actor/Actress,New York,United States,49,Eliminated Week 9,4,9,False,False,10,9.0,9.0,False,,
12,Romeo,1,19.0,6.333333333333333,3,True,Chelsie Hightower,Singer/Rapper,Louisiana,United States,21,Eliminated Week 8,5,8,False,False,10,8.0,8.0,True,5.5,0.09178743961352658
12,Romeo,2,23.0,7.666666666666667,3,True,Chelsie Hightower,Singer/Rapper,Louisiana,United States,21,Eliminated Week 8,5,8,False,False,10,8.0,8.0,True,2.0,0.10648148148148148
12,Romeo,3,20.0,6.666666666666667,3,True,Chelsie Hightower,Singer/Rapper,Louisiana,United States,21,Eliminated Week 8,5,8,False,False,10,8.0,8.0,True,8.5,0.09345794392523364
12,Romeo,4,23.0,7.666666666666667,3,True,Chelsie Hightower,Singer/Rapper,Louisiana,United States,21,Eliminated Week 8,5,8,False,False,10,8.0,8.0,True,5.0,0.11165048543689321
12,Romeo,5,26.0,8.666666666666666,3,True,Chelsie Hightower,Singer/Rapper,Louisiana,United States,21,Eliminated Week 8,5,8,False,False,10,8.0,8.0,True,3.0,0.13402061855670103
12,Romeo,6,28.0,9.333333333333334,3,True,Chelsie Hightower,Singer/Rapper,Louisiana,United States,21,Eliminated Week 8,5,8,False,False,10,8.0,8.0,True,1.5,0.15555555555555556
12,Romeo,7,30.0,7.5,4,True,Chelsie Hightower,Singer/Rapper,Louisiana,United States,21,Eliminated Week 8,5,8,False,False,10,8.0,8.0,True,5.5,0.15915119363395225
12,Romeo,8,26.0,8.666666666666666,3,True,Chelsie Hightower,Singer/Rapper,Louisiana,United States,21,Eliminated Week 8,5,8,False,False,10,8.0,8.0,True,4.0,0.2
12,Romeo,9,,,0,False,Chelsie Hightower,Singer/Rapper,Louisiana,United States,21,Eliminated Week 8,5,8,False,False,10,8.0,8.0,False,,
12,Romeo,10,,,0,False,Chelsie Hightower,Singer/Rapper,Louisiana,United States,21,Eliminated Week 8,5,8,False,False,10,8.0,8.0,False,,
12,Sugar Ray Leonard,1,17.0,5.666666666666667,3,True,Anna Trebunskaya,Athlete,North Carolina,United States,54,Eliminated Week 4,9,4,False,False,10,4.0,4.0,True,9.0,0.0821256038647343
12,Sugar Ray Leonard,2,17.0,5.666666666666667,3,True,Anna Trebunskaya,Athlete,North Carolina,United States,54,Eliminated Week 4,9,4,False,False,10,4.0,4.0,True,10.0,0.0787037037037037
12,Sugar Ray Leonard,3,20.0,6.666666666666667,3,True,Anna Trebunskaya,Athlete,North Carolina,United States,54,Eliminated Week 4,9,4,False,False,10,4.0,4.0,True,8.5,0.09345794392523364
12,Sugar Ray Leonard,4,21.0,7.0,3,True,Anna Trebunskaya,Athlete,North Carolina,United States,54,Eliminated Week 4,9,4,False,False,10,4.0,4.0,True,8.0,0.10194174757281553
12,Sugar Ray Leonard,5,,,0,False,Anna Trebunskaya,Athlete,North Carolina,United States,54,Eliminated Week 4,9,4,False,False,10,4.0,4.0,False,,
12,Sugar Ray Leonard,6,,,0,False,Anna Trebunskaya,Athlete,North Carolina,United States,54,Eliminated Week 4,9,4,False,False,10,4.0,4.0,False,,
12,Sugar Ray Leonard,7,,,0,False,Anna Trebunskaya,Athlete,North Carolina,United States,54,Eliminated Week 4,9,4,False,False,10,4.0,4.0,False,,
12,Sugar Ray Leonard,8,,,0,False,Anna Trebunskaya,Athlete,North Carolina,United States,54,Eliminated Week 4,9,4,False,False,10,4.0,4.0,False,,
12,Sugar Ray Leonard,9,,,0,False,Anna Trebunskaya,Athlete,North Carolina,United States,54,Eliminated Week 4,9,4,False,False,10,4.0,4.0,False,,
12,Sugar Ray Leonard,10,,,0,False,Anna Trebunskaya,Athlete,North Carolina,United States,54,Eliminated Week 4,9,4,False,False,10,4.0,4.0,False,,
12,Wendy Williams,1,14.0,4.666666666666667,3,True,Tony Dovolani,TV Personality,New Jersey,United States,46,Eliminated Week 3,10,3,False,False,10,3.0,3.0,True,10.0,0.06763285024154589
12,Wendy Williams,2,17.0,5.666666666666667,3,True,Tony Dovolani,TV Personality,New Jersey,United States,46,Eliminated Week 3,10,3,False,False,10,3.0,3.0,True,10.0,0.0787037037037037
12,Wendy Williams,3,15.0,5.0,3,True,Tony Dovolani,TV Personality,New Jersey,United States,46,Eliminated Week 3,10,3,False,False,10,3.0,3.0,True,10.0,0.07009345794392523
12,Wendy Williams,4,,,0,False,Tony Dovolani,TV Personality,New Jersey,United States,46,Eliminated Week 3,10,3,False,False,10,3.0,3.0,False,,
12,Wendy Williams,5,,,0,False,Tony Dovolani,TV Personality,New Jersey,United States,46,Eliminated Week 3,10,3,False,False,10,3.0,3.0,False,,
12,Wendy Williams,6,,,0,False,Tony Dovolani,TV Personality,New Jersey,United States,46,Eliminated Week 3,10,3,False,False,10,3.0,3.0,False,,
12,Wendy Williams,7,,,0,False,Tony Dovolani,TV Personality,New Jersey,United States,46,Eliminated Week 3,10,3,False,False,10,3.0,3.0,False,,
12,Wendy Williams,8,,,0,False,Tony Dovolani,TV Personality,New Jersey,United States,46,Eliminated Week 3,10,3,False,False,10,3.0,3.0,False,,
12,Wendy Williams,9,,,0,False,Tony Dovolani,TV Personality,New Jersey,United States,46,Eliminated Week 3,10,3,False,False,10,3.0,3.0,False,,
12,Wendy Williams,10,,,0,False,Tony Dovolani,TV Personality,New Jersey,United States,46,Eliminated Week 3,10,3,False,False,10,3.0,3.0,False,,
13,Carson Kressley,1,17.0,5.666666666666667,3,True,Anna Trebunskaya,TV Personality,Pennsylvania,United States,41,Eliminated Week 5,8,5,False,False,10,5.0,5.0,True,7.5,0.07834101382488479
13,Carson Kressley,2,18.0,6.0,3,True,Anna Trebunskaya,TV Personality,Pennsylvania,United States,41,Eliminated Week 5,8,5,False,False,10,5.0,5.0,True,9.5,0.08071748878923767
13,Carson Kressley,3,23.0,7.666666666666667,3,True,Anna Trebunskaya,TV Personality,Pennsylvania,United States,41,Eliminated Week 5,8,5,False,False,10,5.0,5.0,True,8.0,0.0970464135021097
13,Carson Kressley,4,20.0,6.666666666666667,3,True,Anna Trebunskaya,TV Personality,Pennsylvania,United States,41,Eliminated Week 5,8,5,False,False,10,5.0,5.0,True,9.0,0.09569377990430622
13,Carson Kressley,5,19.0,6.333333333333333,3,True,Anna Trebunskaya,TV Personality,Pennsylvania,United States,41,Eliminated Week 5,8,5,False,False,10,5.0,5.0,True,8.0,0.10106382978723404
13,Carson Kressley,6,,,0,False,Anna Trebunskaya,TV Personality,Pennsylvania,United States,41,Eliminated Week 5,8,5,False,False,10,5.0,5.0,False,,
13,Carson Kressley,7,,,0,False,Anna Trebunskaya,TV Personality,Pennsylvania,United States,41,Eliminated Week 5,8,5,False,False,10,5.0,5.0,False,,
13,Carson Kressley,8,,,0,False,Anna Trebunskaya,TV Personality,Pennsylvania,United States,41,Eliminated Week 5,8,5,False,False,10,5.0,5.0,False,,
13,Carson Kressley,9,,,0,False,Anna Trebunskaya,TV Personality,Pennsylvania,United States,41,Eliminated Week 5,8,5,False,False,10,5.0,5.0,False,,
13,Carson Kressley,10,,,0,False,Anna Trebunskaya,TV Personality,Pennsylvania,United States,41,Eliminated Week 5,8,5,False,False,10,5.0,5.0,False,,
13,Chaz Bono,1,17.0,5.666666666666667,3,True,Lacey Schwimmer,TV Personality,California,United States,42,Eliminated Week 6,7,6,False,False,10,6.0,6.0,True,7.5,0.07834101382488479
13,Chaz Bono,2,17.0,5.666666666666667,3,True,Lacey Schwimmer,TV Personality,California,United States,42,Eliminated Week 6,7,6,False,False,10,6.0,6.0,True,11.0,0.07623318385650224
13,Chaz Bono,3,18.0,6.0,3,True,Lacey Schwimmer,TV Personality,California,United States,42,Eliminated Week 6,7,6,False,False,10,6.0,6.0,True,10.0,0.0759493670886076
13,Chaz Bono,4,21.0,7.0,3,True,Lacey Schwimmer,TV Personality,California,United States,42,Eliminated Week 6,7,6,False,False,10,6.0,6.0,True,7.0,0.10047846889952153
13,Chaz Bono,5,21.0,7.0,3,True,Lacey Schwimmer,TV Personality,California,United States,42,Eliminated Week 6,7,6,False,False,10,6.0,6.0,True,7.0,0.11170212765957446
13,Chaz Bono,6,19.0,6.333333333333333,3,True,Lacey Schwimmer,TV Personality,California,United States,42,Eliminated Week 6,7,6,False,False,10,6.0,6.0,True,7.0,0.1144578313253012
13,Chaz Bono,7,,,0,False,Lacey Schwimmer,TV Personality,California,United States,42,Eliminated Week 6,7,6,False,False,10,6.0,6.0,False,,
13,Chaz Bono,8,,,0,False,Lacey Schwimmer,TV Personality,California,United States,42,Eliminated Week 6,7,6,False,False,10,6.0,6.0,False,,
13,Chaz Bono,9,,,0,False,Lacey Schwimmer,TV Personality,California,United States,42,Eliminated Week 6,7,6,False,False,10,6.0,6.0,False,,
13,Chaz Bono,10,,,0,False,Lacey Schwimmer,TV Personality,California,United States,42,Eliminated Week 6,7,6,False,False,10,6.0,6.0,False,,
13,Chynna Phillips,1,22.0,7.333333333333333,3,True,Tony Dovolani,Singer/Rapper,California,United States,43,Eliminated Week 4,9,4,False,False,10,4.0,4.0,True,1.5,0.10138248847926268
13,Chynna Phillips,2,21.0,7.0,3,True,Tony Dovolani,Singer/Rapper,California,United States,43,Eliminated Week 4,9,4,False,False,10,4.0,4.0,True,5.5,0.09417040358744394
13,Chynna Phillips,3,26.0,8.666666666666666,3,True,Tony Dovolani,Singer/Rapper,California,United States,43,Eliminated Week 4,9,4,False,False,10,4.0,4.0,True,2.5,0.10970464135021098
13,Chynna Phillips,4,21.0,7.0,3,True,Tony Dovolani,Singer/Rapper,California,United States,43,Eliminated Week 4,9,4,False,False,10,4.0,4.0,True,7.0,0.10047846889952153
13,Chynna Phillips,5,,,0,False,Tony Dovolani,Singer/Rapper,California,United States,43,Eliminated Week 4,9,4,False,False,10,4.0,4.0,False,,
13,Chynna Phillips,6,,,0,False,Tony Dovolani,Singer/Rapper,California,United States,43,Eliminated Week 4,9,4,False,False,10,4.0,4.0,False,,
13,Chynna Phillips,7,,,0,False,Tony Dovolani,Singer/Rapper,California,United States,43,Eliminated Week 4,9,4,False,False,10,4.0,4.0,False,,
13,Chynna Phillips,8,,,0,False,Tony Dovolani,Singer/Rapper,California,United States,43,Eliminated Week 4,9,4,False,False,10,4.0,4.0,False,,
13,Chynna Phillips,9,,,0,False,Tony Dovolani,Singer/Rapper,California,United States,43,Eliminated Week 4,9,4,False,False,10,4.0,4.0,False,,
13,Chynna Phillips,10,,,0,False,Tony Dovolani,Singer/Rapper,California,United States,43,Eliminated Week 4,9,4,False,False,10,4.0,4.0,False,,
13,David Arquette,1,18.0,6.0,3,True,Kym Johnson,Actor/Actress,Virginia,United States,40,Eliminated Week 7,6,7,False,False,10,7.0,7.0,True,6.0,0.08294930875576037
13,David Arquette,2,18.0,6.0,3,True,Kym Johnson,Actor/Actress,Virginia,United States,40,Eliminated Week 7,6,7,False,False,10,7.0,7.0,True,9.5,0.08071748878923767
13,David Arquette,3,24.0,8.0,3,True,Kym Johnson,Actor/Actress,Virginia,United States,40,Eliminated Week 7,6,7,False,False,10,7.0,7.0,True,5.5,0.10126582278481013
13,David Arquette,4,23.0,7.666666666666667,3,True,Kym Johnson,Actor/Actress,Virginia,United States,40,Eliminated Week 7,6,7,False,False,10,7.0,7.0,True,5.0,0.11004784688995216
13,David Arquette,5,25.0,8.333333333333334,3,True,Kym Johnson,Actor/Actress,Virginia,United States,40,Eliminated Week 7,6,7,False,False,10,7.0,7.0,True,2.5,0.13297872340425532
13,David Arquette,6,23.0,7.666666666666667,3,True,Kym Johnson,Actor/Actress,Virginia,United States,40,Eliminated Week 7,6,7,False,False,10,7.0,7.0,True,4.0,0.13855421686746988
13,David Arquette,7,23.5,7.833333333333333,3,True,Kym Johnson,Actor/Actress,Virginia,United States,40,Eliminated Week 7,6,7,False,False,10,7.0,7.0,True,5.0,0.16040955631399317
13,David Arquette,8,,,0,False,Kym Johnson,Actor/Actress,Virginia,United States,40,Eliminated Week 7,6,7,False,False,10,7.0,7.0,False,,
13,David Arquette,9,,,0,False,Kym Johnson,Actor/Actress,Virginia,United States,40,Eliminated Week 7,6,7,False,False,10,7.0,7.0,False,,
13,David Arquette,10,,,0,False,Kym Johnson,Actor/Actress,Virginia,United States,40,Eliminated Week 7,6,7,False,False,10,7.0,7.0,False,,
13,Elisabetta Canalis,1,15.0,5.0,3,True,Valentin Chmerkovskiy,Actor/Actress,,Italy,33,Eliminated Week 2,11,2,False,False,10,2.0,2.0,True,11.0,0.06912442396313365
13,Elisabetta Canalis,2,21.0,7.0,3,True,Valentin Chmerkovskiy,Actor/Actress,,Italy,33,Eliminated Week 2,11,2,False,False,10,2.0,2.0,True,5.5,0.09417040358744394
13,Elisabetta Canalis,3,,,0,False,Valentin Chmerkovskiy,Actor/Actress,,Italy,33,Eliminated Week 2,11,2,False,False,10,2.0,2.0,False,,
13,Elisabetta Canalis,4,,,0,False,Valentin Chmerkovskiy,Actor/Actress,,Italy,33,Eliminated Week 2,11,2,False,False,10,2.0,2.0,False,,
13,Elisabetta Canalis,5,,,0,False,Valentin Chmerkovskiy,Actor/Actress,,Italy,33,Eliminated Week 2,11,2,False,False,10,2.0,2.0,False,,
13,Elisabetta Canalis,6,,,0,False,Valentin Chmerkovskiy,Actor/Actress,,Italy,33,Eliminated Week 2,11,2,False,False,10,2.0,2.0,False,,
13,Elisabetta Canalis,7,,,0,False,Valentin Chmerkovskiy,Actor/Actress,,Italy,33,Eliminated Week 2,11,2,False,False,10,2.0,2.0,False,,
13,Elisabetta Canalis,8,,,0,False,Valentin Chmerkovskiy,Actor/Actress,,Italy,33,Eliminated Week 2,11,2,False,False,10,2.0,2.0,False,,
13,Elisabetta Canalis,9,,,0,False,Valentin Chmerkovskiy,Actor/Actress,,Italy,33,Eliminated Week 2,11,2,False,False,10,2.0,2.0,False,,
13,Elisabetta Canalis,10,,,0,False,Valentin Chmerkovskiy,Actor/Actress,,Italy,33,Eliminated Week 2,11,2,False,False,10,2.0,2.0,False,,
13,Hope Solo,1,21.0,7.0,3,True,Maksim Chmerkoskiy,Athlete,Washington,United States,30,Eliminated Week 9,4,9,False,False,10,9.0,9.0,True,3.0,0.0967741935483871
13,Hope Solo,2,19.0,6.333333333333333,3,True,Maksim Chmerkoskiy,Athlete,Washington,United States,30,Eliminated Week 9,4,9,False,False,10,9.0,9.0,True,8.0,0.08520179372197309
13,Hope Solo,3,24.0,8.0,3,True,Maksim Chmerkoskiy,Athlete,Washington,United States,30,Eliminated Week 9,4,9,False,False,10,9.0,9.0,True,5.5,0.10126582278481013
13,Hope Solo,4,24.0,8.0,3,True,Maksim Chmerkoskiy,Athlete,Washington,United States,30,Eliminated Week 9,4,9,False,False,10,9.0,9.0,True,3.5,0.11483253588516747
13,Hope Solo,5,24.0,8.0,3,True,Maksim Chmerkoskiy,Athlete,Washington,United States,30,Eliminated Week 9,4,9,False,False,10,9.0,9.0,True,4.5,0.1276595744680851
13,Hope Solo,6,20.0,6.666666666666667,3,True,Maksim Chmerkoskiy,Athlete,Washington,United States,30,Eliminated Week 9,4,9,False,False,10,9.0,9.0,True,6.0,0.12048192771084337
13,Hope Solo,7,25.0,8.333333333333334,3,True,Maksim Chmerkoskiy,Athlete,Washington,United States,30,Eliminated Week 9,4,9,False,False,10,9.0,9.0,True,3.0,0.17064846416382254
13,Hope Solo,8,26.0,8.666666666666666,3,True,Maksim Chmerkoskiy,Athlete,Washington,United States,30,Eliminated Week 9,4,9,False,False,10,9.0,9.0,True,2.5,0.20077220077220076
13,Hope Solo,9,24.4998,8.1666,3,True,Maksim Chmerkoskiy,Athlete,Washington,United States,30,Eliminated Week 9,4,9,False,False,10,9.0,9.0,True,4.0,0.20675023945248716
13,Hope Solo,10,,,0,False,Maksim Chmerkoskiy,Athlete,Washington,United States,30,Eliminated Week 9,4,9,False,False,10,9.0,9.0,False,,
13,J.R. Martinez,1,22.0,7.333333333333333,3,True,Karina Smirnoff,Actor/Actress,Louisiana,United States,28,1st Place,1,,False,True,10,10.0,10.0,True,1.5,0.10138248847926268
13,J.R. Martinez,2,22.0,7.333333333333333,3,True,Karina Smirnoff,Actor/Actress,Louisiana,United States,28,1st Place,1,,False,True,10,10.0,10.0,True,2.5,0.09865470852017937
13,J.R. Martinez,3,26.0,8.666666666666666,3,True,Karina Smirnoff,Actor/Actress,Louisiana,United States,28,1st Place,1,,False,True,10,10.0,10.0,True,2.5,0.10970464135021098
13,J.R. Martinez,4,26.0,8.666666666666666,3,True,Karina Smirnoff,Actor/Actress,Louisiana,United States,28,1st Place,1,,False,True,10,10.0,10.0,True,2.0,0.12440191387559808
13,J.R. Martinez,5,28.0,9.333333333333334,3,True,Karina Smirnoff,Actor/Actress,Louisiana,United States,28,1st Place,1,,False,True,10,10.0,10.0,True,1.0,0.14893617021276595
13,J.R. Martinez,6,29.0,9.666666666666666,3,True,Karina Smirnoff,Actor/Actress,Louisiana,United States,28,1st Place,1,,False,True,10,10.0,10.0,True,1.5,0.1746987951807229
13,J.R. Martinez,7,24.0,8.0,3,True,Karina Smirnoff,Actor/Actress,Louisiana,United States,28,1st Place,1,,False,True,10,10.0,10.0,True,4.0,0.16382252559726962
13,J.R. Martinez,8,30.0,10.0,3,True,Karina Smirnoff,Actor/Actress,Louisiana,United States,28,1st Place,1,,False,True,10,10.0,10.0,True,1.0,0.23166023166023167
13,J.R. Martinez,9,28.0,9.333333333333334,3,True,Karina Smirnoff,Actor/Actress,Louisiana,United States,28,1st Place,1,,False,True,10,10.0,10.0,True,3.0,0.2362879168266533
13,J.R. Martinez,10,28.1665,9.388833333333332,3,True,Karina Smirnoff,Actor/Actress,Louisiana,United States,28,1st Place,1,,False,True,10,10.0,10.0,True,2.0,0.33333293885414844
13,Kristin Cavallari,1,19.0,6.333333333333333,3,True,Mark Ballas,TV Personality,Colorado,United States,24,Eliminated Week 3,10,3,False,False,10,3.0,3.0,True,5.0,0.08755760368663594
13,Kristin Cavallari,2,22.0,7.333333333333333,3,True,Mark Ballas,TV Personality,Colorado,United States,24,Eliminated Week 3,10,3,False,False,10,3.0,3.0,True,2.5,0.09865470852017937
13,Kristin Cavallari,3,24.0,8.0,3,True,Mark Ballas,TV Personality,Colorado,United States,24,Eliminated Week 3,10,3,False,False,10,3.0,3.0,True,5.5,0.10126582278481013
13,Kristin Cavallari,4,,,0,False,Mark Ballas,TV Personality,Colorado,United States,24,Eliminated Week 3,10,3,False,False,10,3.0,3.0,False,,
13,Kristin Cavallari,5,,,0,False,Mark Ballas,TV Personality,Colorado,United States,24,Eliminated Week 3,10,3,False,False,10,3.0,3.0,False,,
13,Kristin Cavallari,6,,,0,False,Mark Ballas,TV Personality,Colorado,United States,24,Eliminated Week 3,10,3,False,False,10,3.0,3.0,False,,
13,Kristin Cavallari,7,,,0,False,Mark Ballas,TV Personality,Colorado,United States,24,Eliminated Week 3,10,3,False,False,10,3.0,3.0,False,,
13,Kristin Cavallari,8,,,0,False,Mark Ballas,TV Personality,Colorado,United States,24,Eliminated Week 3,10,3,False,False,10,3.0,3.0,False,,
13,Kristin Cavallari,9,,,0,False,Mark Ballas,TV Personality,Colorado,United States,24,Eliminated Week 3,10,3,False,False,10,3.0,3.0,False,,
13,Kristin Cavallari,10,,,0,False,Mark Ballas,TV Personality,Colorado,United States,24,Eliminated Week 3,10,3,False,False,10,3.0,3.0,False,,
13,Metta World Peace (Ron),1,14.0,4.666666666666667,3,True,Peta Murgatroyd,Athlete,New York,United States,31,Eliminated Week 1,12,1,False,False,10,1.0,1.0,True,12.0,0.06451612903225806
13,Metta World Peace (Ron),2,,,0,False,Peta Murgatroyd,Athlete,New York,United States,31,Eliminated Week 1,12,1,False,False,10,1.0,1.0,False,,
13,Metta World Peace (Ron),3,,,0,False,Peta Murgatroyd,Athlete,New York,United States,31,Eliminated Week 1,12,1,False,False,10,1.0,1.0,False,,
13,Metta World Peace (Ron),4,,,0,False,Peta Murgatroyd,Athlete,New York,United States,31,Eliminated Week 1,12,1,False,False,10,1.0,1.0,False,,
13,Metta World Peace (Ron),5,,,0,False,Peta Murgatroyd,Athlete,New York,United States,31,Eliminated Week 1,12,1,False,False,10,1.0,1.0,False,,
13,Metta World Peace (Ron),6,,,0,False,Peta Murgatroyd,Athlete,New York,United States,31,Eliminated Week 1,12,1,False,False,10,1.0,1.0,False,,
13,Metta World Peace (Ron),7,,,0,False,Peta Murgatroyd,Athlete,New York,United States,31,Eliminated Week 1,12,1,False,False,10,1.0,1.0,False,,
13,Metta World Peace (Ron),8,,,0,False,Peta Murgatroyd,Athlete,New York,United States,31,Eliminated Week 1,12,1,False,False,10,1.0,1.0,False,,
13,Metta World Peace (Ron),9,,,0,False,Peta Murgatroyd,Athlete,New York,United States,31,Eliminated Week 1,12,1,False,False,10,1.0,1.0,False,,
13,Metta World Peace (Ron),10,,,0,False,Peta Murgatroyd,Athlete,New York,United States,31,Eliminated Week 1,12,1,False,False,10,1.0,1.0,False,,
13,Nancy Grace,1,16.0,5.333333333333333,3,True,Tristan MacManus,TV Personality,Georgia,United States,51,Eliminated Week 8,5,8,False,False,10,8.0,8.0,True,9.5,0.07373271889400922
13,Nancy Grace,2,21.0,7.0,3,True,Tristan MacManus,TV Personality,Georgia,United States,51,Eliminated Week 8,5,8,False,False,10,8.0,8.0,True,5.5,0.09417040358744394
13,Nancy Grace,3,21.0,7.0,3,True,Tristan MacManus,TV Personality,Georgia,United States,51,Eliminated Week 8,5,8,False,False,10,8.0,8.0,True,9.0,0.08860759493670886
13,Nancy Grace,4,21.0,7.0,3,True,Tristan MacManus,TV Personality,Georgia,United States,51,Eliminated Week 8,5,8,False,False,10,8.0,8.0,True,7.0,0.10047846889952153
13,Nancy Grace,5,22.0,7.333333333333333,3,True,Tristan MacManus,TV Personality,Georgia,United States,51,Eliminated Week 8,5,8,False,False,10,8.0,8.0,True,6.0,0.11702127659574468
13,Nancy Grace,6,24.0,8.0,3,True,Tristan MacManus,TV Personality,Georgia,United States,51,Eliminated Week 8,5,8,False,False,10,8.0,8.0,True,3.0,0.14457831325301204
13,Nancy Grace,7,22.0,7.333333333333333,3,True,Tristan MacManus,TV Personality,Georgia,United States,51,Eliminated Week 8,5,8,False,False,10,8.0,8.0,True,6.0,0.15017064846416384
13,Nancy Grace,8,22.0,7.333333333333333,3,True,Tristan MacManus,TV Personality,Georgia,United States,51,Eliminated Week 8,5,8,False,False,10,8.0,8.0,True,5.0,0.16988416988416988
13,Nancy Grace,9,,,0,False,Tristan MacManus,TV Personality,Georgia,United States,51,Eliminated Week 8,5,8,False,False,10,8.0,8.0,False,,
13,Nancy Grace,10,,,0,False,Tristan MacManus,TV Personality,Georgia,United States,51,Eliminated Week 8,5,8,False,False,10,8.0,8.0,False,,
13,Ricki Lake,1,20.0,6.666666666666667,3,True,Derek Hough,Actor/Actress,New York,United States,42,3rd Place,3,,False,True,10,10.0,10.0,True,4.0,0.09216589861751152
13,Ricki Lake,2,23.0,7.666666666666667,3,True,Derek Hough,Actor/Actress,New York,United States,42,3rd Place,3,,False,True,10,10.0,10.0,True,1.0,0.1031390134529148
13,Ricki Lake,3,27.0,9.0,3,True,Derek Hough,Actor/Actress,New York,United States,42,3rd Place,3,,False,True,10,10.0,10.0,True,1.0,0.11392405063291139
13,Ricki Lake,4,29.0,9.666666666666666,3,True,Derek Hough,Actor/Actress,New York,United States,42,3rd Place,3,,False,True,10,10.0,10.0,True,1.0,0.13875598086124402
13,Ricki Lake,5,24.0,8.0,3,True,Derek Hough,Actor/Actress,New York,United States,42,3rd Place,3,,False,True,10,10.0,10.0,True,4.5,0.1276595744680851
13,Ricki Lake,6,29.0,9.666666666666666,3,True,Derek Hough,Actor/Actress,New York,United States,42,3rd Place,3,,False,True,10,10.0,10.0,True,1.5,0.1746987951807229
13,Ricki Lake,7,26.5,8.833333333333334,3,True,Derek Hough,Actor/Actress,New York,United States,42,3rd Place,3,,False,True,10,10.0,10.0,True,1.0,0.18088737201365188
13,Ricki Lake,8,26.0,8.666666666666666,3,True,Derek Hough,Actor/Actress,New York,United States,42,3rd Place,3,,False,True,10,10.0,10.0,True,2.5,0.20077220077220076
13,Ricki Lake,9,33.4999,11.166633333333332,3,True,Derek Hough,Actor/Actress,New York,United States,42,3rd Place,3,,False,True,10,10.0,10.0,True,1.0,0.2827007708893286
13,Ricki Lake,10,27.999899999999997,9.3333,3,True,Derek Hough,Actor/Actress,New York,United States,42,3rd Place,3,,False,True,10,10.0,10.0,True,3.0,0.33136133188796163
13,Rob Kardashian,1,16.0,5.333333333333333,3,True,Cheryl Burke,TV Personality,California,United States,24,2nd Place,2,,False,True,10,10.0,10.0,True,9.5,0.07373271889400922
13,Rob Kardashian,2,21.0,7.0,3,True,Cheryl Burke,TV Personality,California,United States,24,2nd Place,2,,False,True,10,10.0,10.0,True,5.5,0.09417040358744394
13,Rob Kardashian,3,24.0,8.0,3,True,Cheryl Burke,TV Personality,California,United States,24,2nd Place,2,,False,True,10,10.0,10.0,True,5.5,0.10126582278481013
13,Rob Kardashian,4,24.0,8.0,3,True,Cheryl Burke,TV Personality,California,United States,24,2nd Place,2,,False,True,10,10.0,10.0,True,3.5,0.11483253588516747
13,Rob Kardashian,5,25.0,8.333333333333334,3,True,Cheryl Burke,TV Personality,California,United States,24,2nd Place,2,,False,True,10,10.0,10.0,True,2.5,0.13297872340425532
13,Rob Kardashian,6,22.0,7.333333333333333,3,True,Cheryl Burke,TV Personality,California,United States,24,2nd Place,2,,False,True,10,10.0,10.0,True,5.0,0.13253012048192772
13,Rob Kardashian,7,25.5,8.5,3,True,Cheryl Burke,TV Personality,California,United States,24,2nd Place,2,,False,True,10,10.0,10.0,True,2.0,0.17406143344709898
13,Rob Kardashian,8,25.5,8.5,3,True,Cheryl Burke,TV Personality,California,United States,24,2nd Place,2,,False,True,10,10.0,10.0,True,4.0,0.1969111969111969
13,Rob Kardashian,9,32.4998,10.833266666666667,3,True,Cheryl Burke,TV Personality,California,United States,24,2nd Place,2,,False,True,10,10.0,10.0,True,2.0,0.27426107283153095
13,Rob Kardashian,10,28.333199999999998,9.4444,3,True,Cheryl Burke,TV Personality,California,United States,24,2nd Place,2,,False,True,10,10.0,10.0,True,1.0,0.33530572925789
14,Donald Driver,1,21.0,7.0,3,True,Peta Murgatroyd,Athlete,Texas,United States,37,1st Place,1,,False,True,10,10.0,10.0,True,8.5,0.07777777777777778
14,Donald Driver,2,24.0,8.0,3,True,Peta Murgatroyd,Athlete,Texas,United States,37,1st Place,1,,False,True,10,10.0,10.0,True,5.0,0.08921933085501858
14,Donald Driver,3,26.0,8.666666666666666,3,True,Peta Murgatroyd,Athlete,Texas,United States,37,1st Place,1,,False,True,10,10.0,10.0,True,4.0,0.09285714285714286
14,Donald Driver,4,27.0,9.0,3,True,Peta Murgatroyd,Athlete,Texas,United States,37,1st Place,1,,False,True,10,10.0,10.0,True,1.0,0.11587982832618025
14,Donald Driver,5,27.0,9.0,3,True,Peta Murgatroyd,Athlete,Texas,United States,37,1st Place,1,,False,True,10,10.0,10.0,True,3.5,0.12053571428571429
14,Donald Driver,6,33.9999,11.3333,3,True,Peta Murgatroyd,Athlete,Texas,United States,37,1st Place,1,,False,True,10,10.0,10.0,True,4.0,0.13178291569008133
14,Donald Driver,7,26.5,8.833333333333334,3,True,Peta Murgatroyd,Athlete,Texas,United States,37,1st Place,1,,False,True,10,10.0,10.0,True,3.5,0.1444141689373297
14,Donald Driver,8,27.5,9.166666666666666,3,True,Peta Murgatroyd,Athlete,Texas,United States,37,1st Place,1,,False,True,10,10.0,10.0,True,3.5,0.16819571865443425
14,Donald Driver,9,28.5,9.5,3,True,Peta Murgatroyd,Athlete,Texas,United States,37,1st Place,1,,False,True,10,10.0,10.0,True,3.0,0.24782608695652175
14,Donald Driver,10,29.666600000000003,9.888866666666667,3,True,Peta Murgatroyd,Athlete,Texas,United States,37,1st Place,1,,False,True,10,10.0,10.0,True,2.5,0.33208930162582334
14,Gavin DeGraw,1,20.0,6.666666666666667,3,True,Karina Smirnoff,Singer/Rapper,New York,United States,35,Eliminated Week 5,9,5,False,False,10,5.0,5.0,True,11.0,0.07407407407407407
14,Gavin DeGraw,2,21.0,7.0,3,True,Karina Smirnoff,Singer/Rapper,New York,United States,35,Eliminated Week 5,9,5,False,False,10,5.0,5.0,True,8.5,0.07806691449814127
14,Gavin DeGraw,3,24.0,8.0,3,True,Karina Smirnoff,Singer/Rapper,New York,United States,35,Eliminated Week 5,9,5,False,False,10,5.0,5.0,True,9.0,0.08571428571428572
14,Gavin DeGraw,4,23.0,7.666666666666667,3,True,Karina Smirnoff,Singer/Rapper,New York,United States,35,Eliminated Week 5,9,5,False,False,10,5.0,5.0,True,5.0,0.09871244635193133
14,Gavin DeGraw,5,19.0,6.333333333333333,3,True,Karina Smirnoff,Singer/Rapper,New York,United States,35,Eliminated Week 5,9,5,False,False,10,5.0,5.0,True,9.0,0.08482142857142858
14,Gavin DeGraw,6,,,0,False,Karina Smirnoff,Singer/Rapper,New York,United States,35,Eliminated Week 5,9,5,False,False,10,5.0,5.0,False,,
14,Gavin DeGraw,7,,,0,False,Karina Smirnoff,Singer/Rapper,New York,United States,35,Eliminated Week 5,9,5,False,False,10,5.0,5.0,False,,
14,Gavin DeGraw,8,,,0,False,Karina Smirnoff,Singer/Rapper,New York,United States,35,Eliminated Week 5,9,5,False,False,10,5.0,5.0,False,,
14,Gavin DeGraw,9,,,0,False,Karina Smirnoff,Singer/Rapper,New York,United States,35,Eliminated Week 5,9,5,False,False,10,5.0,5.0,False,,
14,Gavin DeGraw,10,,,0,False,Karina Smirnoff,Singer/Rapper,New York,United States,35,Eliminated Week 5,9,5,False,False,10,5.0,5.0,False,,
14,Gladys Knight,1,23.0,7.666666666666667,3,True,Tristan MacManus,Singer/Rapper,Georgia,United States,67,Eliminated Week 6,8,6,False,False,10,6.0,6.0,True,5.5,0.08518518518518518
14,Gladys Knight,2,19.0,6.333333333333333,3,True,Tristan MacManus,Singer/Rapper,Georgia,United States,67,Eliminated Week 6,8,6,False,False,10,6.0,6.0,True,11.0,0.07063197026022305
14,Gladys Knight,3,24.0,8.0,3,True,Tristan MacManus,Singer/Rapper,Georgia,United States,67,Eliminated Week 6,8,6,False,False,10,6.0,6.0,True,9.0,0.08571428571428572
14,Gladys Knight,4,20.0,6.666666666666667,3,True,Tristan MacManus,Singer/Rapper,Georgia,United States,67,Eliminated Week 6,8,6,False,False,10,6.0,6.0,True,10.0,0.08583690987124463
14,Gladys Knight,5,22.0,7.333333333333333,3,True,Tristan MacManus,Singer/Rapper,Georgia,United States,67,Eliminated Week 6,8,6,False,False,10,6.0,6.0,True,7.0,0.09821428571428571
14,Gladys Knight,6,24.0,8.0,3,True,Tristan MacManus,Singer/Rapper,Georgia,United States,67,Eliminated Week 6,8,6,False,False,10,6.0,6.0,True,8.0,0.09302350820331683
14,Gladys Knight,7,,,0,False,Tristan MacManus,Singer/Rapper,Georgia,United States,67,Eliminated Week 6,8,6,False,False,10,6.0,6.0,False,,
14,Gladys Knight,8,,,0,False,Tristan MacManus,Singer/Rapper,Georgia,United States,67,Eliminated Week 6,8,6,False,False,10,6.0,6.0,False,,
14,Gladys Knight,9,,,0,False,Tristan MacManus,Singer/Rapper,Georgia,United States,67,Eliminated Week 6,8,6,False,False,10,6.0,6.0,False,,
14,Gladys Knight,10,,,0,False,Tristan MacManus,Singer/Rapper,Georgia,United States,67,Eliminated Week 6,8,6,False,False,10,6.0,6.0,False,,
14,Jack Wagner,1,23.0,7.666666666666667,3,True,Anna Trebunskaya,Actor/Actress,Missouri,United States,52,Eliminated Week 3,11,3,False,False,10,3.0,3.0,True,5.5,0.08518518518518518
14,Jack Wagner,2,21.0,7.0,3,True,Anna Trebunskaya,Actor/Actress,Missouri,United States,52,Eliminated Week 3,11,3,False,False,10,3.0,3.0,True,8.5,0.07806691449814127
14,Jack Wagner,3,24.0,8.0,3,True,Anna Trebunskaya,Actor/Actress,Missouri,United States,52,Eliminated Week 3,11,3,False,False,10,3.0,3.0,True,9.0,0.08571428571428572
14,Jack Wagner,4,,,0,False,Anna Trebunskaya,Actor/Actress,Missouri,United States,52,Eliminated Week 3,11,3,False,False,10,3.0,3.0,False,,
14,Jack Wagner,5,,,0,False,Anna Trebunskaya,Actor/Actress,Missouri,United States,52,Eliminated Week 3,11,3,False,False,10,3.0,3.0,False,,
14,Jack Wagner,6,,,0,False,Anna Trebunskaya,Actor/Actress,Missouri,United States,52,Eliminated Week 3,11,3,False,False,10,3.0,3.0,False,,
14,Jack Wagner,7,,,0,False,Anna Trebunskaya,Actor/Actress,Missouri,United States,52,Eliminated Week 3,11,3,False,False,10,3.0,3.0,False,,
14,Jack Wagner,8,,,0,False,Anna Trebunskaya,Actor/Actress,Missouri,United States,52,Eliminated Week 3,11,3,False,False,10,3.0,3.0,False,,
14,Jack Wagner,9,,,0,False,Anna Trebunskaya,Actor/Actress,Missouri,United States,52,Eliminated Week 3,11,3,False,False,10,3.0,3.0,False,,
14,Jack Wagner,10,,,0,False,Anna Trebunskaya,Actor/Actress,Missouri,United States,52,Eliminated Week 3,11,3,False,False,10,3.0,3.0,False,,
14,Jaleel White,1,26.0,8.666666666666666,3,True,Kym Johnson,Actor/Actress,California,United States,35,Eliminated Week 7,7,7,False,False,10,7.0,7.0,True,1.5,0.0962962962962963
14,Jaleel White,2,22.0,7.333333333333333,3,True,Kym Johnson,Actor/Actress,California,United States,35,Eliminated Week 7,7,7,False,False,10,7.0,7.0,True,7.0,0.08178438661710037
14,Jaleel White,3,25.0,8.333333333333334,3,True,Kym Johnson,Actor/Actress,California,United States,35,Eliminated Week 7,7,7,False,False,10,7.0,7.0,True,5.5,0.08928571428571429
14,Jaleel White,4,22.0,7.333333333333333,3,True,Kym Johnson,Actor/Actress,California,United States,35,Eliminated Week 7,7,7,False,False,10,7.0,7.0,True,7.0,0.0944206008583691
14,Jaleel White,5,24.0,8.0,3,True,Kym Johnson,Actor/Actress,California,United States,35,Eliminated Week 7,7,7,False,False,10,7.0,7.0,True,6.0,0.10714285714285714
14,Jaleel White,6,36.9998,12.333266666666667,3,True,Kym Johnson,Actor/Actress,California,United States,35,Eliminated Week 7,7,7,False,False,10,7.0,7.0,True,2.0,0.14341046661754508
14,Jaleel White,7,25.5,8.5,3,True,Kym Johnson,Actor/Actress,California,United States,35,Eliminated Week 7,7,7,False,False,10,7.0,7.0,True,6.0,0.13896457765667575
14,Jaleel White,8,,,0,False,Kym Johnson,Actor/Actress,California,United States,35,Eliminated Week 7,7,7,False,False,10,7.0,7.0,False,,
14,Jaleel White,9,,,0,False,Kym Johnson,Actor/Actress,California,United States,35,Eliminated Week 7,7,7,False,False,10,7.0,7.0,False,,
14,Jaleel White,10,,,0,False,Kym Johnson,Actor/Actress,California,United States,35,Eliminated Week 7,7,7,False,False,10,7.0,7.0,False,,
14,Katherine Jenkins,1,26.0,8.666666666666666,3,True,Mark Ballas,Singer/Rapper,,Wales,31,2nd Place,2,,False,True,10,10.0,10.0,True,1.5,0.0962962962962963
14,Katherine Jenkins,2,26.0,8.666666666666666,3,True,Mark Ballas,Singer/Rapper,,Wales,31,2nd Place,2,,False,True,10,10.0,10.0,True,1.5,0.09665427509293681
14,Katherine Jenkins,3,29.0,9.666666666666666,3,True,Mark Ballas,Singer/Rapper,,Wales,31,2nd Place,2,,False,True,10,10.0,10.0,True,1.0,0.10357142857142858
14,Katherine Jenkins,4,24.0,8.0,3,True,Mark Ballas,Singer/Rapper,,Wales,31,2nd Place,2,,False,True,10,10.0,10.0,True,4.0,0.10300429184549356
14,Katherine Jenkins,5,29.0,9.666666666666666,3,True,Mark Ballas,Singer/Rapper,,Wales,31,2nd Place,2,,False,True,10,10.0,10.0,True,1.5,0.12946428571428573
14,Katherine Jenkins,6,38.9999,12.999966666666666,3,True,Mark Ballas,Singer/Rapper,,Wales,31,2nd Place,2,,False,True,10,10.0,10.0,True,1.0,0.151162813232439
14,Katherine Jenkins,7,27.0,9.0,3,True,Mark Ballas,Singer/Rapper,,Wales,31,2nd Place,2,,False,True,10,10.0,10.0,True,2.0,0.14713896457765668
14,Katherine Jenkins,8,27.5,9.166666666666666,3,True,Mark Ballas,Singer/Rapper,,Wales,31,2nd Place,2,,False,True,10,10.0,10.0,True,3.5,0.16819571865443425
14,Katherine Jenkins,9,28.0,9.333333333333334,3,True,Mark Ballas,Singer/Rapper,,Wales,31,2nd Place,2,,False,True,10,10.0,10.0,True,4.0,0.24347826086956523
14,Katherine Jenkins,10,30.0,10.0,3,True,Mark Ballas,Singer/Rapper,,Wales,31,2nd Place,2,,False,True,10,10.0,10.0,True,1.0,0.3358213967483533
14,Maria Menounos,1,21.0,7.0,3,True,Derek Hough,TV Personality,Massachusetts,United States,33,Eliminated Week 9,4,9,False,False,10,9.0,9.0,True,8.5,0.07777777777777778
14,Maria Menounos,2,25.0,8.333333333333334,3,True,Derek Hough,TV Personality,Massachusetts,United States,33,Eliminated Week 9,4,9,False,False,10,9.0,9.0,True,3.5,0.09293680297397769
14,Maria Menounos,3,27.0,9.0,3,True,Derek Hough,TV Personality,Massachusetts,United States,33,Eliminated Week 9,4,9,False,False,10,9.0,9.0,True,3.0,0.09642857142857143
14,Maria Menounos,4,26.0,8.666666666666666,3,True,Derek Hough,TV Personality,Massachusetts,United States,33,Eliminated Week 9,4,9,False,False,10,9.0,9.0,True,2.5,0.11158798283261803
14,Maria Menounos,5,27.0,9.0,3,True,Derek Hough,TV Personality,Massachusetts,United States,33,Eliminated Week 9,4,9,False,False,10,9.0,9.0,True,3.5,0.12053571428571429
14,Maria Menounos,6,29.999899999999997,9.999966666666666,3,True,Derek Hough,TV Personality,Massachusetts,United States,33,Eliminated Week 9,4,9,False,False,10,9.0,9.0,True,6.0,0.11627899765619518
14,Maria Menounos,7,28.5,9.5,3,True,Derek Hough,TV Personality,Massachusetts,United States,33,Eliminated Week 9,4,9,False,False,10,9.0,9.0,True,1.0,0.1553133514986376
14,Maria Menounos,8,26.5,8.833333333333334,3,True,Derek Hough,TV Personality,Massachusetts,United States,33,Eliminated Week 9,4,9,False,False,10,9.0,9.0,True,5.0,0.1620795107033639
14,Maria Menounos,9,29.5,9.833333333333334,3,True,Derek Hough,TV Personality,Massachusetts,United States,33,Eliminated Week 9,4,9,False,False,10,9.0,9.0,True,1.0,0.2565217391304348
14,Maria Menounos,10,,,0,False,Derek Hough,TV Personality,Massachusetts,United States,33,Eliminated Week 9,4,9,False,False,10,9.0,9.0,False,,
14,Martina Navratilova,1,20.0,6.666666666666667,3,True,Tony Dovolani,Athlete,,Czechoslovakia,55,Eliminated Week 2,12,2,False,False,10,2.0,2.0,True,11.0,0.07407407407407407
14,Martina Navratilova,2,17.0,5.666666666666667,3,True,Tony Dovolani,Athlete,,Czechoslovakia,55,Eliminated Week 2,12,2,False,False,10,2.0,2.0,True,12.0,0.06319702602230483
14,Martina Navratilova,3,,,0,False,Tony Dovolani,Athlete,,Czechoslovakia,55,Eliminated Week 2,12,2,False,False,10,2.0,2.0,False,,
14,Martina Navratilova,4,,,0,False,Tony Dovolani,Athlete,,Czechoslovakia,55,Eliminated Week 2,12,2,False,False,10,2.0,2.0,False,,
14,Martina Navratilova,5,,,0,False,Tony Dovolani,Athlete,,Czechoslovakia,55,Eliminated Week 2,12,2,False,False,10,2.0,2.0,False,,
14,Martina Navratilova,6,,,0,False,Tony Dovolani,Athlete,,Czechoslovakia,55,Eliminated Week 2,12,2,False,False,10,2.0,2.0,False,,
14,Martina Navratilova,7,,,0,False,Tony Dovolani,Athlete,,Czechoslovakia,55,Eliminated Week 2,12,2,False,False,10,2.0,2.0,False,,
14,Martina Navratilova,8,,,0,False,Tony Dovolani,Athlete,,Czechoslovakia,55,Eliminated Week 2,12,2,False,False,10,2.0,2.0,False,,
14,Martina Navratilova,9,,,0,False,Tony Dovolani,Athlete,,Czechoslovakia,55,Eliminated Week 2,12,2,False,False,10,2.0,2.0,False,,
14,Martina Navratilova,10,,,0,False,Tony Dovolani,Athlete,,Czechoslovakia,55,Eliminated Week 2,12,2,False,False,10,2.0,2.0,False,,
14,Melissa Gilbert,1,20.0,6.666666666666667,3,True,Maksim Chmerkoskiy,Actor/Actress,California,United States,47,Eliminated Week 8,5,8,False,False,10,8.0,8.0,True,11.0,0.07407407407407407
14,Melissa Gilbert,2,20.0,6.666666666666667,3,True,Maksim Chmerkoskiy,Actor/Actress,California,United States,47,Eliminated Week 8,5,8,False,False,10,8.0,8.0,True,10.0,0.07434944237918216
14,Melissa Gilbert,3,24.0,8.0,3,True,Maksim Chmerkoskiy,Actor/Actress,California,United States,47,Eliminated Week 8,5,8,False,False,10,8.0,8.0,True,9.0,0.08571428571428572
14,Melissa Gilbert,4,22.0,7.333333333333333,3,True,Maksim Chmerkoskiy,Actor/Actress,California,United States,47,Eliminated Week 8,5,8,False,False,10,8.0,8.0,True,7.0,0.0944206008583691
14,Melissa Gilbert,5,21.0,7.0,3,True,Maksim Chmerkoskiy,Actor/Actress,California,United States,47,Eliminated Week 8,5,8,False,False,10,8.0,8.0,True,8.0,0.09375
14,Melissa Gilbert,6,30.0,10.0,3,True,Maksim Chmerkoskiy,Actor/Actress,California,United States,47,Eliminated Week 8,5,8,False,False,10,8.0,8.0,True,5.0,0.11627938525414604
14,Melissa Gilbert,7,23.5,7.833333333333333,3,True,Maksim Chmerkoskiy,Actor/Actress,California,United States,47,Eliminated Week 8,5,8,False,False,10,8.0,8.0,True,7.0,0.12806539509536785
14,Melissa Gilbert,8,25.5,8.5,3,True,Maksim Chmerkoskiy,Actor/Actress,California,United States,47,Eliminated Week 8,5,8,False,False,10,8.0,8.0,True,6.0,0.1559633027522936
14,Melissa Gilbert,9,,,0,False,Maksim Chmerkoskiy,Actor/Actress,California,United States,47,Eliminated Week 8,5,8,False,False,10,8.0,8.0,False,,
14,Melissa Gilbert,10,,,0,False,Maksim Chmerkoskiy,Actor/Actress,California,United States,47,Eliminated Week 8,5,8,False,False,10,8.0,8.0,False,,
14,Roshon Fegan,1,23.0,7.666666666666667,3,True,Chelsie Hightower,Actor/Actress,California,United States,20,Eliminated Week 8,6,8,False,False,10,8.0,8.0,True,5.5,0.08518518518518518
14,Roshon Fegan,2,26.0,8.666666666666666,3,True,Chelsie Hightower,Actor/Actress,California,United States,20,Eliminated Week 8,6,8,False,False,10,8.0,8.0,True,1.5,0.09665427509293681
14,Roshon Fegan,3,25.0,8.333333333333334,3,True,Chelsie Hightower,Actor/Actress,California,United States,20,Eliminated Week 8,6,8,False,False,10,8.0,8.0,True,5.5,0.08928571428571429
14,Roshon Fegan,4,26.0,8.666666666666666,3,True,Chelsie Hightower,Actor/Actress,California,United States,20,Eliminated Week 8,6,8,False,False,10,8.0,8.0,True,2.5,0.11158798283261803
14,Roshon Fegan,5,26.0,8.666666666666666,3,True,Chelsie Hightower,Actor/Actress,California,United States,20,Eliminated Week 8,6,8,False,False,10,8.0,8.0,True,5.0,0.11607142857142858
14,Roshon Fegan,6,27.9998,9.333266666666667,3,True,Chelsie Hightower,Actor/Actress,California,United States,20,Eliminated Week 8,6,8,False,False,10,8.0,8.0,True,7.0,0.10852665104130127
14,Roshon Fegan,7,26.0,8.666666666666666,3,True,Chelsie Hightower,Actor/Actress,California,United States,20,Eliminated Week 8,6,8,False,False,10,8.0,8.0,True,5.0,0.14168937329700274
14,Roshon Fegan,8,28.0,9.333333333333334,3,True,Chelsie Hightower,Actor/Actress,California,United States,20,Eliminated Week 8,6,8,False,False,10,8.0,8.0,True,2.0,0.1712538226299694
14,Roshon Fegan,9,,,0,False,Chelsie Hightower,Actor/Actress,California,United States,20,Eliminated Week 8,6,8,False,False,10,8.0,8.0,False,,
14,Roshon Fegan,10,,,0,False,Chelsie Hightower,Actor/Actress,California,United States,20,Eliminated Week 8,6,8,False,False,10,8.0,8.0,False,,
14,Sherri Sheperd,1,23.0,7.666666666666667,3,True,Valentin Chmerkovskiy,Actor/Actress,Illinois,United States,44,Eliminated Week 4,10,4,False,False,10,4.0,4.0,True,5.5,0.08518518518518518
14,Sherri Sheperd,2,23.0,7.666666666666667,3,True,Valentin Chmerkovskiy,Actor/Actress,Illinois,United States,44,Eliminated Week 4,10,4,False,False,10,4.0,4.0,True,6.0,0.08550185873605948
14,Sherri Sheperd,3,24.0,8.0,3,True,Valentin Chmerkovskiy,Actor/Actress,Illinois,United States,44,Eliminated Week 4,10,4,False,False,10,4.0,4.0,True,9.0,0.08571428571428572
14,Sherri Sheperd,4,21.0,7.0,3,True,Valentin Chmerkovskiy,Actor/Actress,Illinois,United States,44,Eliminated Week 4,10,4,False,False,10,4.0,4.0,True,9.0,0.09012875536480687
14,Sherri Sheperd,5,,,0,False,Valentin Chmerkovskiy,Actor/Actress,Illinois,United States,44,Eliminated Week 4,10,4,False,False,10,4.0,4.0,False,,
14,Sherri Sheperd,6,,,0,False,Valentin Chmerkovskiy,Actor/Actress,Illinois,United States,44,Eliminated Week 4,10,4,False,False,10,4.0,4.0,False,,
14,Sherri Sheperd,7,,,0,False,Valentin Chmerkovskiy,Actor/Actress,Illinois,United States,44,Eliminated Week 4,10,4,False,False,10,4.0,4.0,False,,
14,Sherri Sheperd,8,,,0,False,Valentin Chmerkovskiy,Actor/Actress,Illinois,United States,44,Eliminated Week 4,10,4,False,False,10,4.0,4.0,False,,
14,Sherri Sheperd,9,,,0,False,Valentin Chmerkovskiy,Actor/Actress,Illinois,United States,44,Eliminated Week 4,10,4,False,False,10,4.0,4.0,False,,
14,Sherri Sheperd,10,,,0,False,Valentin Chmerkovskiy,Actor/Actress,Illinois,United States,44,Eliminated Week 4,10,4,False,False,10,4.0,4.0,False,,
14,William Levy,1,24.0,8.0,3,True,Cheryl Burke,Actor/Actress,,Cuba,31,3rd Place,3,,False,True,10,10.0,10.0,True,3.0,0.08888888888888889
14,William Levy,2,25.0,8.333333333333334,3,True,Cheryl Burke,Actor/Actress,,Cuba,31,3rd Place,3,,False,True,10,10.0,10.0,True,3.5,0.09293680297397769
14,William Levy,3,28.0,9.333333333333334,3,True,Cheryl Burke,Actor/Actress,,Cuba,31,3rd Place,3,,False,True,10,10.0,10.0,True,2.0,0.1
14,William Levy,4,22.0,7.333333333333333,3,True,Cheryl Burke,Actor/Actress,,Cuba,31,3rd Place,3,,False,True,10,10.0,10.0,True,7.0,0.0944206008583691
14,William Levy,5,29.0,9.666666666666666,3,True,Cheryl Burke,Actor/Actress,,Cuba,31,3rd Place,3,,False,True,10,10.0,10.0,True,1.5,0.12946428571428573
14,William Levy,6,36.0,12.0,3,True,Cheryl Burke,Actor/Actress,,Cuba,31,3rd Place,3,,False,True,10,10.0,10.0,True,3.0,0.13953526230497523
14,William Levy,7,26.5,8.833333333333334,3,True,Cheryl Burke,Actor/Actress,,Cuba,31,3rd Place,3,,False,True,10,10.0,10.0,True,3.5,0.1444141689373297
14,William Levy,8,28.5,9.5,3,True,Cheryl Burke,Actor/Actress,,Cuba,31,3rd Place,3,,False,True,10,10.0,10.0,True,1.0,0.1743119266055046
14,William Levy,9,29.0,9.666666666666666,3,True,Cheryl Burke,Actor/Actress,,Cuba,31,3rd Place,3,,False,True,10,10.0,10.0,True,2.0,0.25217391304347825
14,William Levy,10,29.666600000000003,9.888866666666667,3,True,Cheryl Burke,Actor/Actress,,Cuba,31,3rd Place,3,,False,True,10,10.0,10.0,True,2.5,0.33208930162582334
15,Apolo Anton Ohno,1,22.0,7.333333333333333,3,True,Karina Smirnoff,Athlete,Washington,United States,30,Eliminated Week 9,5,9,False,False,10,9.0,9.0,True,4.5,0.07956600361663653
15,Apolo Anton Ohno,2,24.5,8.166666666666666,3,True,Karina Smirnoff,Athlete,Washington,United States,30,Eliminated Week 9,5,9,False,False,10,9.0,9.0,True,4.0,0.08876811594202899
15,Apolo Anton Ohno,3,25.5,8.5,3,True,Karina Smirnoff,Athlete,Washington,United States,30,Eliminated Week 9,5,9,False,False,10,9.0,9.0,True,5.5,0.09172661870503597
15,Apolo Anton Ohno,4,34.5,8.625,4,True,Karina Smirnoff,Athlete,Washington,United States,30,Eliminated Week 9,5,9,False,False,10,9.0,9.0,True,7.0,0.10730948678071539
15,Apolo Anton Ohno,5,28.25,9.416666666666666,3,True,Karina Smirnoff,Athlete,Washington,United States,30,Eliminated Week 9,5,9,False,False,10,9.0,9.0,True,3.5,0.12710911136107986
15,Apolo Anton Ohno,6,30.0,10.0,3,True,Karina Smirnoff,Athlete,Washington,United States,30,Eliminated Week 9,5,9,False,False,10,9.0,9.0,True,1.5,0.13274336283185842
15,Apolo Anton Ohno,7,33.0,11.0,3,True,Karina Smirnoff,Athlete,Washington,United States,30,Eliminated Week 9,5,9,False,False,10,9.0,9.0,True,6.0,0.13636403080504778
15,Apolo Anton Ohno,8,29.2777,9.759233333333333,3,True,Karina Smirnoff,Athlete,Washington,United States,30,Eliminated Week 9,5,9,False,False,10,9.0,9.0,True,2.5,0.1469193195013584
15,Apolo Anton Ohno,9,28.610999999999997,9.536999999999999,3,True,Karina Smirnoff,Athlete,Washington,United States,30,Eliminated Week 9,5,9,False,False,10,9.0,9.0,True,3.0,0.20291532535175605
15,Apolo Anton Ohno,10,,,0,False,Karina Smirnoff,Athlete,Washington,United States,30,Eliminated Week 9,5,9,False,False,10,9.0,9.0,False,,
15,Bristol Palin,1,19.5,6.5,3,True,Mark Ballas,TV Personality,Alaska,United States,21,Eliminated Week 4,9,4,False,False,10,4.0,4.0,True,11.0,0.0705244122965642
15,Bristol Palin,2,18.0,6.0,3,True,Mark Ballas,TV Personality,Alaska,United States,21,Eliminated Week 4,9,4,False,False,10,4.0,4.0,True,12.0,0.06521739130434782
15,Bristol Palin,3,22.5,7.5,3,True,Mark Ballas,TV Personality,Alaska,United States,21,Eliminated Week 4,9,4,False,False,10,4.0,4.0,True,11.0,0.08093525179856115
15,Bristol Palin,4,32.0,8.0,4,True,Mark Ballas,TV Personality,Alaska,United States,21,Eliminated Week 4,9,4,False,False,10,4.0,4.0,True,8.0,0.09953343701399689
15,Bristol Palin,5,,,0,False,Mark Ballas,TV Personality,Alaska,United States,21,Eliminated Week 4,9,4,False,False,10,4.0,4.0,False,,
15,Bristol Palin,6,,,0,False,Mark Ballas,TV Personality,Alaska,United States,21,Eliminated Week 4,9,4,False,False,10,4.0,4.0,False,,
15,Bristol Palin,7,,,0,False,Mark Ballas,TV Personality,Alaska,United States,21,Eliminated Week 4,9,4,False,False,10,4.0,4.0,False,,
15,Bristol Palin,8,,,0,False,Mark Ballas,TV Personality,Alaska,United States,21,Eliminated Week 4,9,4,False,False,10,4.0,4.0,False,,
15,Bristol Palin,9,,,0,False,Mark Ballas,TV Personality,Alaska,United States,21,Eliminated Week 4,9,4,False,False,10,4.0,4.0,False,,
15,Bristol Palin,10,,,0,False,Mark Ballas,TV Personality,Alaska,United States,21,Eliminated Week 4,9,4,False,False,10,4.0,4.0,False,,
15,Drew Lachey,1,21.5,7.166666666666667,3,True,Anna Trebunskaya,Singer/Rapper,Ohio,United States,36,Eliminated Week 3,11,3,False,False,10,3.0,3.0,True,7.0,0.07775768535262206
15,Drew Lachey,2,22.5,7.5,3,True,Anna Trebunskaya,Singer/Rapper,Ohio,United States,36,Eliminated Week 3,11,3,False,False,10,3.0,3.0,True,8.0,0.08152173913043478
15,Drew Lachey,3,24.0,8.0,3,True,Anna Trebunskaya,Singer/Rapper,Ohio,United States,36,Eliminated Week 3,11,3,False,False,10,3.0,3.0,True,9.5,0.08633093525179857
15,Drew Lachey,4,,,0,False,Anna Trebunskaya,Singer/Rapper,Ohio,United States,36,Eliminated Week 3,11,3,False,False,10,3.0,3.0,False,,
15,Drew Lachey,5,,,0,False,Anna Trebunskaya,Singer/Rapper,Ohio,United States,36,Eliminated Week 3,11,3,False,False,10,3.0,3.0,False,,
15,Drew Lachey,6,,,0,False,Anna Trebunskaya,Singer/Rapper,Ohio,United States,36,Eliminated Week 3,11,3,False,False,10,3.0,3.0,False,,
15,Drew Lachey,7,,,0,False,Anna Trebunskaya,Singer/Rapper,Ohio,United States,36,Eliminated Week 3,11,3,False,False,10,3.0,3.0,False,,
15,Drew Lachey,8,,,0,False,Anna Trebunskaya,Singer/Rapper,Ohio,United States,36,Eliminated Week 3,11,3,False,False,10,3.0,3.0,False,,
15,Drew Lachey,9,,,0,False,Anna Trebunskaya,Singer/Rapper,Ohio,United States,36,Eliminated Week 3,11,3,False,False,10,3.0,3.0,False,,
15,Drew Lachey,10,,,0,False,Anna Trebunskaya,Singer/Rapper,Ohio,United States,36,Eliminated Week 3,11,3,False,False,10,3.0,3.0,False,,
15,Emmitt Smith,1,24.5,8.166666666666666,3,True,Cheryl Burke,Athlete,Florida,United States,43,Eliminated Week 9,4,9,False,False,10,9.0,9.0,True,1.0,0.08860759493670886
15,Emmitt Smith,2,22.5,7.5,3,True,Cheryl Burke,Athlete,Florida,United States,43,Eliminated Week 9,4,9,False,False,10,9.0,9.0,True,8.0,0.08152173913043478
15,Emmitt Smith,3,25.0,8.333333333333334,3,True,Cheryl Burke,Athlete,Florida,United States,43,Eliminated Week 9,4,9,False,False,10,9.0,9.0,True,8.0,0.08992805755395683
15,Emmitt Smith,4,36.0,9.0,4,True,Cheryl Burke,Athlete,Florida,United States,43,Eliminated Week 9,4,9,False,False,10,9.0,9.0,True,5.0,0.1119751166407465
15,Emmitt Smith,5,28.0,9.333333333333334,3,True,Cheryl Burke,Athlete,Florida,United States,43,Eliminated Week 9,4,9,False,False,10,9.0,9.0,True,6.0,0.12598425196850394
15,Emmitt Smith,6,26.5,8.833333333333334,3,True,Cheryl Burke,Athlete,Florida,United States,43,Eliminated Week 9,4,9,False,False,10,9.0,9.0,True,8.0,0.1172566371681416
15,Emmitt Smith,7,34.4999,11.499966666666666,3,True,Cheryl Burke,Athlete,Florida,United States,43,Eliminated Week 9,4,9,False,False,10,9.0,9.0,True,4.0,0.14256198261730507
15,Emmitt Smith,8,29.0554,9.685133333333333,3,True,Cheryl Burke,Athlete,Florida,United States,43,Eliminated Week 9,4,9,False,False,10,9.0,9.0,True,4.0,0.1458037890899821
15,Emmitt Smith,9,27.0,9.0,3,True,Cheryl Burke,Athlete,Florida,United States,43,Eliminated Week 9,4,9,False,False,10,9.0,9.0,True,5.0,0.19148976912716836
15,Emmitt Smith,10,,,0,False,Cheryl Burke,Athlete,Florida,United States,43,Eliminated Week 9,4,9,False,False,10,9.0,9.0,False,,
15,Gilles Marini,1,24.0,8.0,3,True,Peta Murgatroyd,Actor/Actress,,France,36,Eliminated Week 8,6,8,False,False,10,8.0,8.0,True,2.0,0.0867992766726944
15,Gilles Marini,2,25.5,8.5,3,True,Peta Murgatroyd,Actor/Actress,,France,36,Eliminated Week 8,6,8,False,False,10,8.0,8.0,True,2.0,0.09239130434782608
15,Gilles Marini,3,25.5,8.5,3,True,Peta Murgatroyd,Actor/Actress,,France,36,Eliminated Week 8,6,8,False,False,10,8.0,8.0,True,5.5,0.09172661870503597
15,Gilles Marini,4,39.5,9.875,4,True,Peta Murgatroyd,Actor/Actress,,France,36,Eliminated Week 8,6,8,False,False,10,8.0,8.0,True,1.5,0.12286158631415241
15,Gilles Marini,5,28.25,9.416666666666666,3,True,Peta Murgatroyd,Actor/Actress,,France,36,Eliminated Week 8,6,8,False,False,10,8.0,8.0,True,3.5,0.12710911136107986
15,Gilles Marini,6,27.5,9.166666666666666,3,True,Peta Murgatroyd,Actor/Actress,,France,36,Eliminated Week 8,6,8,False,False,10,8.0,8.0,True,5.5,0.12168141592920353
15,Gilles Marini,7,33.4998,11.1666,3,True,Peta Murgatroyd,Actor/Actress,,France,36,Eliminated Week 8,6,8,False,False,10,8.0,8.0,True,5.0,0.1384293260352406
15,Gilles Marini,8,29.2777,9.759233333333333,3,True,Peta Murgatroyd,Actor/Actress,,France,36,Eliminated Week 8,6,8,False,False,10,8.0,8.0,True,2.5,0.1469193195013584
15,Gilles Marini,9,,,0,False,Peta Murgatroyd,Actor/Actress,,France,36,Eliminated Week 8,6,8,False,False,10,8.0,8.0,False,,
15,Gilles Marini,10,,,0,False,Peta Murgatroyd,Actor/Actress,,France,36,Eliminated Week 8,6,8,False,False,10,8.0,8.0,False,,
15,Helio Castroneves,1,21.5,7.166666666666667,3,True,Chelsie Hightower,Racing Driver,,Brazil,37,Eliminated Week 3,10,3,False,False,10,3.0,3.0,True,7.0,0.07775768535262206
15,Helio Castroneves,2,23.0,7.666666666666667,3,True,Chelsie Hightower,Racing Driver,,Brazil,37,Eliminated Week 3,10,3,False,False,10,3.0,3.0,True,6.0,0.08333333333333333
15,Helio Castroneves,3,25.5,8.5,3,True,Chelsie Hightower,Racing Driver,,Brazil,37,Eliminated Week 3,10,3,False,False,10,3.0,3.0,True,5.5,0.09172661870503597
15,Helio Castroneves,4,,,0,False,Chelsie Hightower,Racing Driver,,Brazil,37,Eliminated Week 3,10,3,False,False,10,3.0,3.0,False,,
15,Helio Castroneves,5,,,0,False,Chelsie Hightower,Racing Driver,,Brazil,37,Eliminated Week 3,10,3,False,False,10,3.0,3.0,False,,
15,Helio Castroneves,6,,,0,False,Chelsie Hightower,Racing Driver,,Brazil,37,Eliminated Week 3,10,3,False,False,10,3.0,3.0,False,,
15,Helio Castroneves,7,,,0,False,Chelsie Hightower,Racing Driver,,Brazil,37,Eliminated Week 3,10,3,False,False,10,3.0,3.0,False,,
15,Helio Castroneves,8,,,0,False,Chelsie Hightower,Racing Driver,,Brazil,37,Eliminated Week 3,10,3,False,False,10,3.0,3.0,False,,
15,Helio Castroneves,9,,,0,False,Chelsie Hightower,Racing Driver,,Brazil,37,Eliminated Week 3,10,3,False,False,10,3.0,3.0,False,,
15,Helio Castroneves,10,,,0,False,Chelsie Hightower,Racing Driver,,Brazil,37,Eliminated Week 3,10,3,False,False,10,3.0,3.0,False,,
15,Joey Fatone,1,20.5,6.833333333333333,3,True,Kym Johnson,Singer/Rapper,New York,United States,35,Eliminated Week 2,12,2,False,False,10,2.0,2.0,True,10.0,0.07414104882459313
15,Joey Fatone,2,22.5,7.5,3,True,Kym Johnson,Singer/Rapper,New York,United States,35,Eliminated Week 2,12,2,False,False,10,2.0,2.0,True,8.0,0.08152173913043478
15,Joey Fatone,3,,,0,False,Kym Johnson,Singer/Rapper,New York,United States,35,Eliminated Week 2,12,2,False,False,10,2.0,2.0,False,,
15,Joey Fatone,4,,,0,False,Kym Johnson,Singer/Rapper,New York,United States,35,Eliminated Week 2,12,2,False,False,10,2.0,2.0,False,,
15,Joey Fatone,5,,,0,False,Kym Johnson,Singer/Rapper,New York,United States,35,Eliminated Week 2,12,2,False,False,10,2.0,2.0,False,,
15,Joey Fatone,6,,,0,False,Kym Johnson,Singer/Rapper,New York,United States,35,Eliminated Week 2,12,2,False,False,10,2.0,2.0,False,,
15,Joey Fatone,7,,,0,False,Kym Johnson,Singer/Rapper,New York,United States,35,Eliminated Week 2,12,2,False,False,10,2.0,2.0,False,,
15,Joey Fatone,8,,,0,False,Kym Johnson,Singer/Rapper,New York,United States,35,Eliminated Week 2,12,2,False,False,10,2.0,2.0,False,,
15,Joey Fatone,9,,,0,False,Kym Johnson,Singer/Rapper,New York,United States,35,Eliminated Week 2,12,2,False,False,10,2.0,2.0,False,,
15,Joey Fatone,10,,,0,False,Kym Johnson,Singer/Rapper,New York,United States,35,Eliminated Week 2,12,2,False,False,10,2.0,2.0,False,,
15,Kelly Monaco,1,21.5,7.166666666666667,3,True,Valentin Chmerkovskiy,Actor/Actress,Pennsylvania,United States,36,3rd Place,3,,False,True,10,10.0,10.0,True,7.0,0.07775768535262206
15,Kelly Monaco,2,22.0,7.333333333333333,3,True,Valentin Chmerkovskiy,Actor/Actress,Pennsylvania,United States,36,3rd Place,3,,False,True,10,10.0,10.0,True,10.0,0.07971014492753623
15,Kelly Monaco,3,27.0,9.0,3,True,Valentin Chmerkovskiy,Actor/Actress,Pennsylvania,United States,36,3rd Place,3,,False,True,10,10.0,10.0,True,1.5,0.09712230215827339
15,Kelly Monaco,4,37.5,9.375,4,True,Valentin Chmerkovskiy,Actor/Actress,Pennsylvania,United States,36,3rd Place,3,,False,True,10,10.0,10.0,True,3.0,0.1166407465007776
15,Kelly Monaco,5,25.75,8.583333333333334,3,True,Valentin Chmerkovskiy,Actor/Actress,Pennsylvania,United States,36,3rd Place,3,,False,True,10,10.0,10.0,True,8.0,0.11586051743532058
15,Kelly Monaco,6,27.0,9.0,3,True,Valentin Chmerkovskiy,Actor/Actress,Pennsylvania,United States,36,3rd Place,3,,False,True,10,10.0,10.0,True,7.0,0.11946902654867257
15,Kelly Monaco,7,36.0,12.0,3,True,Valentin Chmerkovskiy,Actor/Actress,Pennsylvania,United States,36,3rd Place,3,,False,True,10,10.0,10.0,True,3.0,0.14876076087823395
15,Kelly Monaco,8,28.3333,9.444433333333334,3,True,Valentin Chmerkovskiy,Actor/Actress,Pennsylvania,United States,36,3rd Place,3,,False,True,10,10.0,10.0,True,5.0,0.1421801970519487
15,Kelly Monaco,9,27.110999999999997,9.036999999999999,3,True,Valentin Chmerkovskiy,Actor/Actress,Pennsylvania,United States,36,3rd Place,3,,False,True,10,10.0,10.0,True,4.0,0.19227700484469115
15,Kelly Monaco,10,29.1109,9.703633333333334,3,True,Valentin Chmerkovskiy,Actor/Actress,Pennsylvania,United States,36,3rd Place,3,,False,True,10,10.0,10.0,True,2.0,0.3331212530739241
15,Kirstie Alley,1,19.0,6.333333333333333,3,True,Maksim Chmerkoskiy,Actor/Actress,Kansas,United States,61,Eliminated Week 8,7,8,False,False,10,8.0,8.0,True,12.0,0.06871609403254973
15,Kirstie Alley,2,21.0,7.0,3,True,Maksim Chmerkoskiy,Actor/Actress,Kansas,United States,61,Eliminated Week 8,7,8,False,False,10,8.0,8.0,True,11.0,0.07608695652173914
15,Kirstie Alley,3,24.0,8.0,3,True,Maksim Chmerkoskiy,Actor/Actress,Kansas,United States,61,Eliminated Week 8,7,8,False,False,10,8.0,8.0,True,9.5,0.08633093525179857
15,Kirstie Alley,4,30.0,7.5,4,True,Maksim Chmerkoskiy,Actor/Actress,Kansas,United States,61,Eliminated Week 8,7,8,False,False,10,8.0,8.0,True,9.0,0.09331259720062209
15,Kirstie Alley,5,26.25,8.75,3,True,Maksim Chmerkoskiy,Actor/Actress,Kansas,United States,61,Eliminated Week 8,7,8,False,False,10,8.0,8.0,True,7.0,0.11811023622047244
15,Kirstie Alley,6,27.5,9.166666666666666,3,True,Maksim Chmerkoskiy,Actor/Actress,Kansas,United States,61,Eliminated Week 8,7,8,False,False,10,8.0,8.0,True,5.5,0.12168141592920353
15,Kirstie Alley,7,27.999899999999997,9.3333,3,True,Maksim Chmerkoskiy,Actor/Actress,Kansas,United States,61,Eliminated Week 8,7,8,False,False,10,8.0,8.0,True,7.0,0.1157024007920684
15,Kirstie Alley,8,25.5,8.5,3,True,Maksim Chmerkoskiy,Actor/Actress,Kansas,United States,61,Eliminated Week 8,7,8,False,False,10,8.0,8.0,True,7.0,0.127962327890669
15,Kirstie Alley,9,,,0,False,Maksim Chmerkoskiy,Actor/Actress,Kansas,United States,61,Eliminated Week 8,7,8,False,False,10,8.0,8.0,False,,
15,Kirstie Alley,10,,,0,False,Maksim Chmerkoskiy,Actor/Actress,Kansas,United States,61,Eliminated Week 8,7,8,False,False,10,8.0,8.0,False,,
15,Melissa Rycroft,1,21.0,7.0,3,True,Tony Dovolani,TV Personality,Texas,United States,29,1st Place,1,,False,True,10,10.0,10.0,True,9.0,0.0759493670886076
15,Melissa Rycroft,2,23.5,7.833333333333333,3,True,Tony Dovolani,TV Personality,Texas,United States,29,1st Place,1,,False,True,10,10.0,10.0,True,5.0,0.08514492753623189
15,Melissa Rycroft,3,27.0,9.0,3,True,Tony Dovolani,TV Personality,Texas,United States,29,1st Place,1,,False,True,10,10.0,10.0,True,1.5,0.09712230215827339
15,Melissa Rycroft,4,37.0,9.25,4,True,Tony Dovolani,TV Personality,Texas,United States,29,1st Place,1,,False,True,10,10.0,10.0,True,4.0,0.1150855365474339
15,Melissa Rycroft,5,28.25,9.416666666666666,3,True,Tony Dovolani,TV Personality,Texas,United States,29,1st Place,1,,False,True,10,10.0,10.0,True,3.5,0.12710911136107986
15,Melissa Rycroft,6,29.5,9.833333333333334,3,True,Tony Dovolani,TV Personality,Texas,United States,29,1st Place,1,,False,True,10,10.0,10.0,True,3.0,0.13053097345132744
15,Melissa Rycroft,7,38.9999,12.999966666666666,3,True,Tony Dovolani,TV Personality,Texas,United States,29,1st Place,1,,False,True,10,10.0,10.0,True,1.0,0.16115707772708432
15,Melissa Rycroft,8,30.0,10.0,3,True,Tony Dovolani,TV Personality,Texas,United States,29,1st Place,1,,False,True,10,10.0,10.0,True,1.0,0.15054391516549293
15,Melissa Rycroft,9,28.7777,9.592566666666666,3,True,Tony Dovolani,TV Personality,Texas,United States,29,1st Place,1,,False,True,10,10.0,10.0,True,2.0,0.20409759737077457
15,Melissa Rycroft,10,29.333099999999998,9.7777,3,True,Tony Dovolani,TV Personality,Texas,United States,29,1st Place,1,,False,True,10,10.0,10.0,True,1.0,0.33566392755094215
15,Pamela Anderson,1,17.0,5.666666666666667,3,True,Tristan MacManus,Model,,Canada,45,Eliminated Week 1,13,1,False,False,10,1.0,1.0,True,13.0,0.06148282097649186
15,Pamela Anderson,2,,,0,False,Tristan MacManus,Model,,Canada,45,Eliminated Week 1,13,1,False,False,10,1.0,1.0,False,,
15,Pamela Anderson,3,,,0,False,Tristan MacManus,Model,,Canada,45,Eliminated Week 1,13,1,False,False,10,1.0,1.0,False,,
15,Pamela Anderson,4,,,0,False,Tristan MacManus,Model,,Canada,45,Eliminated Week 1,13,1,False,False,10,1.0,1.0,False,,
15,Pamela Anderson,5,,,0,False,Tristan MacManus,Model,,Canada,45,Eliminated Week 1,13,1,False,False,10,1.0,1.0,False,,
15,Pamela Anderson,6,,,0,False,Tristan MacManus,Model,,Canada,45,Eliminated Week 1,13,1,False,False,10,1.0,1.0,False,,
15,Pamela Anderson,7,,,0,False,Tristan MacManus,Model,,Canada,45,Eliminated Week 1,13,1,False,False,10,1.0,1.0,False,,
15,Pamela Anderson,8,,,0,False,Tristan MacManus,Model,,Canada,45,Eliminated Week 1,13,1,False,False,10,1.0,1.0,False,,
15,Pamela Anderson,9,,,0,False,Tristan MacManus,Model,,Canada,45,Eliminated Week 1,13,1,False,False,10,1.0,1.0,False,,
15,Pamela Anderson,10,,,0,False,Tristan MacManus,Model,,Canada,45,Eliminated Week 1,13,1,False,False,10,1.0,1.0,False,,
15,Sabrina Bryan,1,22.5,7.5,3,True,Louis van Amstel,Actor/Actress,California,United States,28,Eliminated Week 6,8,6,False,False,10,6.0,6.0,True,3.0,0.081374321880651
15,Sabrina Bryan,2,26.0,8.666666666666666,3,True,Louis van Amstel,Actor/Actress,California,United States,28,Eliminated Week 6,8,6,False,False,10,6.0,6.0,True,1.0,0.09420289855072464
15,Sabrina Bryan,3,25.5,8.5,3,True,Louis van Amstel,Actor/Actress,California,United States,28,Eliminated Week 6,8,6,False,False,10,6.0,6.0,True,5.5,0.09172661870503597
15,Sabrina Bryan,4,35.5,8.875,4,True,Louis van Amstel,Actor/Actress,California,United States,28,Eliminated Week 6,8,6,False,False,10,6.0,6.0,True,6.0,0.1104199066874028
15,Sabrina Bryan,5,29.25,9.75,3,True,Louis van Amstel,Actor/Actress,California,United States,28,Eliminated Week 6,8,6,False,False,10,6.0,6.0,True,1.0,0.13160854893138357
15,Sabrina Bryan,6,30.0,10.0,3,True,Louis van Amstel,Actor/Actress,California,United States,28,Eliminated Week 6,8,6,False,False,10,6.0,6.0,True,1.5,0.13274336283185842
15,Sabrina Bryan,7,,,0,False,Louis van Amstel,Actor/Actress,California,United States,28,Eliminated Week 6,8,6,False,False,10,6.0,6.0,False,,
15,Sabrina Bryan,8,,,0,False,Louis van Amstel,Actor/Actress,California,United States,28,Eliminated Week 6,8,6,False,False,10,6.0,6.0,False,,
15,Sabrina Bryan,9,,,0,False,Louis van Amstel,Actor/Actress,California,United States,28,Eliminated Week 6,8,6,False,False,10,6.0,6.0,False,,
15,Sabrina Bryan,10,,,0,False,Louis van Amstel,Actor/Actress,California,United States,28,Eliminated Week 6,8,6,False,False,10,6.0,6.0,False,,
15,Shawn Johnson,1,22.0,7.333333333333333,3,True,Derek Hough,Athlete,Iowa,United States,20,2nd Place,2,,False,True,10,10.0,10.0,True,4.5,0.07956600361663653
15,Shawn Johnson,2,25.0,8.333333333333334,3,True,Derek Hough,Athlete,Iowa,United States,20,2nd Place,2,,False,True,10,10.0,10.0,True,3.0,0.09057971014492754
15,Shawn Johnson,3,26.5,8.833333333333334,3,True,Derek Hough,Athlete,Iowa,United States,20,2nd Place,2,,False,True,10,10.0,10.0,True,3.0,0.09532374100719425
15,Shawn Johnson,4,39.5,9.875,4,True,Derek Hough,Athlete,Iowa,United States,20,2nd Place,2,,False,True,10,10.0,10.0,True,1.5,0.12286158631415241
15,Shawn Johnson,5,28.25,9.416666666666666,3,True,Derek Hough,Athlete,Iowa,United States,20,2nd Place,2,,False,True,10,10.0,10.0,True,3.5,0.12710911136107986
15,Shawn Johnson,6,28.0,9.333333333333334,3,True,Derek Hough,Athlete,Iowa,United States,20,2nd Place,2,,False,True,10,10.0,10.0,True,4.0,0.12389380530973451
15,Shawn Johnson,7,37.9998,12.6666,3,True,Derek Hough,Athlete,Iowa,United States,20,2nd Place,2,,False,True,10,10.0,10.0,True,2.0,0.15702442114501983
15,Shawn Johnson,8,27.8333,9.277766666666666,3,True,Derek Hough,Athlete,Iowa,United States,20,2nd Place,2,,False,True,10,10.0,10.0,True,6.0,0.13967113179919047
15,Shawn Johnson,9,29.5,9.833333333333334,3,True,Derek Hough,Athlete,Iowa,United States,20,2nd Place,2,,False,True,10,10.0,10.0,True,1.0,0.2092203033056099
15,Shawn Johnson,10,28.9443,9.6481,3,True,Derek Hough,Athlete,Iowa,United States,20,2nd Place,2,,False,True,10,10.0,10.0,True,3.0,0.3312148193751337
16,Alexandra Raisman,1,21.0,7.0,3,True,Mark Ballas,Athlete,Massachusetts,United States,18,Eliminated Week 10,4,10,False,False,10,10.0,10.0,True,3.0,0.09170305676855896
16,Alexandra Raisman,2,24.0,8.0,3,True,Mark Ballas,Athlete,Massachusetts,United States,18,Eliminated Week 10,4,10,False,False,10,10.0,10.0,True,3.0,0.09836065573770492
16,Alexandra Raisman,3,23.0,7.666666666666667,3,True,Mark Ballas,Athlete,Massachusetts,United States,18,Eliminated Week 10,4,10,False,False,10,10.0,10.0,True,4.5,0.09787250701703322
16,Alexandra Raisman,4,27.0,9.0,3,True,Mark Ballas,Athlete,Massachusetts,United States,18,Eliminated Week 10,4,10,False,False,10,10.0,10.0,True,1.0,0.12053571428571429
16,Alexandra Raisman,5,25.0,8.333333333333334,3,True,Mark Ballas,Athlete,Massachusetts,United States,18,Eliminated Week 10,4,10,False,False,10,10.0,10.0,True,4.0,0.11961722488038277
16,Alexandra Raisman,6,26.0,8.666666666666666,3,True,Mark Ballas,Athlete,Massachusetts,United States,18,Eliminated Week 10,4,10,False,False,10,10.0,10.0,True,2.0,0.13793103448275862
16,Alexandra Raisman,7,32.0,10.666666666666666,3,True,Mark Ballas,Athlete,Massachusetts,United States,18,Eliminated Week 10,4,10,False,False,10,10.0,10.0,True,1.0,0.17391304347826086
16,Alexandra Raisman,8,28.0,9.333333333333334,3,True,Mark Ballas,Athlete,Massachusetts,United States,18,Eliminated Week 10,4,10,False,False,10,10.0,10.0,True,2.0,0.18006430868167203
16,Alexandra Raisman,9,29.5,9.833333333333334,3,True,Mark Ballas,Athlete,Massachusetts,United States,18,Eliminated Week 10,4,10,False,False,10,10.0,10.0,True,1.5,0.20921985815602837
16,Alexandra Raisman,10,29.0,9.666666666666666,3,True,Mark Ballas,Athlete,Massachusetts,United States,18,Eliminated Week 10,4,10,False,False,10,10.0,10.0,True,3.0,0.24786345971235874
16,Andy Dick,1,17.0,5.666666666666667,3,True,Sharna Burgess,Comedian,South Carolina,United States,47,Eliminated Week 7,7,7,False,False,10,7.0,7.0,True,11.0,0.07423580786026202
16,Andy Dick,2,20.0,6.666666666666667,3,True,Sharna Burgess,Comedian,South Carolina,United States,47,Eliminated Week 7,7,7,False,False,10,7.0,7.0,True,6.0,0.08196721311475409
16,Andy Dick,3,18.0,6.0,3,True,Sharna Burgess,Comedian,South Carolina,United States,47,Eliminated Week 7,7,7,False,False,10,7.0,7.0,True,9.0,0.07659587505680861
16,Andy Dick,4,21.0,7.0,3,True,Sharna Burgess,Comedian,South Carolina,United States,47,Eliminated Week 7,7,7,False,False,10,7.0,7.0,True,6.5,0.09375
16,Andy Dick,5,18.0,6.0,3,True,Sharna Burgess,Comedian,South Carolina,United States,47,Eliminated Week 7,7,7,False,False,10,7.0,7.0,True,8.5,0.0861244019138756
16,Andy Dick,6,21.5,7.166666666666667,3,True,Sharna Burgess,Comedian,South Carolina,United States,47,Eliminated Week 7,7,7,False,False,10,7.0,7.0,True,7.0,0.11405835543766578
16,Andy Dick,7,17.0,5.666666666666667,3,True,Sharna Burgess,Comedian,South Carolina,United States,47,Eliminated Week 7,7,7,False,False,10,7.0,7.0,True,7.0,0.09239130434782608
16,Andy Dick,8,,,0,False,Sharna Burgess,Comedian,South Carolina,United States,47,Eliminated Week 7,7,7,False,False,10,7.0,7.0,False,,
16,Andy Dick,9,,,0,False,Sharna Burgess,Comedian,South Carolina,United States,47,Eliminated Week 7,7,7,False,False,10,7.0,7.0,False,,
16,Andy Dick,10,,,0,False,Sharna Burgess,Comedian,South Carolina,United States,47,Eliminated Week 7,7,7,False,False,10,7.0,7.0,False,,
16,D. L. Hughley,1,12.0,4.0,3,True,Cheryl Burke,Comedian,Virginia,United States,50,Eliminated Week 5,9,5,False,False,10,5.0,5.0,True,12.0,0.05240174672489083
16,D. L. Hughley,2,16.0,5.333333333333333,3,True,Cheryl Burke,Comedian,Virginia,United States,50,Eliminated Week 5,9,5,False,False,10,5.0,5.0,True,11.0,0.06557377049180328
16,D. L. Hughley,3,16.0,5.333333333333333,3,True,Cheryl Burke,Comedian,Virginia,United States,50,Eliminated Week 5,9,5,False,False,10,5.0,5.0,True,10.0,0.06808522227271877
16,D. L. Hughley,4,21.0,7.0,3,True,Cheryl Burke,Comedian,Virginia,United States,50,Eliminated Week 5,9,5,False,False,10,5.0,5.0,True,6.5,0.09375
16,D. L. Hughley,5,18.0,6.0,3,True,Cheryl Burke,Comedian,Virginia,United States,50,Eliminated Week 5,9,5,False,False,10,5.0,5.0,True,8.5,0.0861244019138756
16,D. L. Hughley,6,,,0,False,Cheryl Burke,Comedian,Virginia,United States,50,Eliminated Week 5,9,5,False,False,10,5.0,5.0,False,,
16,D. L. Hughley,7,,,0,False,Cheryl Burke,Comedian,Virginia,United States,50,Eliminated Week 5,9,5,False,False,10,5.0,5.0,False,,
16,D. L. Hughley,8,,,0,False,Cheryl Burke,Comedian,Virginia,United States,50,Eliminated Week 5,9,5,False,False,10,5.0,5.0,False,,
16,D. L. Hughley,9,,,0,False,Cheryl Burke,Comedian,Virginia,United States,50,Eliminated Week 5,9,5,False,False,10,5.0,5.0,False,,
16,D. L. Hughley,10,,,0,False,Cheryl Burke,Comedian,Virginia,United States,50,Eliminated Week 5,9,5,False,False,10,5.0,5.0,False,,
16,Dorothy Hamill,1,21.0,7.0,3,True,Tristan MacManus,Athlete,Illinois,United States,56,Withdrew,12,,True,False,10,2.0,2.0,True,3.0,0.09170305676855896
16,Dorothy Hamill,2,15.0,5.0,3,True,Tristan MacManus,Athlete,Illinois,United States,56,Withdrew,12,,True,False,10,2.0,2.0,True,12.0,0.06147540983606557
16,Dorothy Hamill,3,,,0,False,Tristan MacManus,Athlete,Illinois,United States,56,Withdrew,12,,True,False,10,2.0,2.0,False,,
16,Dorothy Hamill,4,,,0,False,Tristan MacManus,Athlete,Illinois,United States,56,Withdrew,12,,True,False,10,2.0,2.0,False,,
16,Dorothy Hamill,5,,,0,False,Tristan MacManus,Athlete,Illinois,United States,56,Withdrew,12,,True,False,10,2.0,2.0,False,,
16,Dorothy Hamill,6,,,0,False,Tristan MacManus,Athlete,Illinois,United States,56,Withdrew,12,,True,False,10,2.0,2.0,False,,
16,Dorothy Hamill,7,,,0,False,Tristan MacManus,Athlete,Illinois,United States,56,Withdrew,12,,True,False,10,2.0,2.0,False,,
16,Dorothy Hamill,8,,,0,False,Tristan MacManus,Athlete,Illinois,United States,56,Withdrew,12,,True,False,10,2.0,2.0,False,,
16,Dorothy Hamill,9,,,0,False,Tristan MacManus,Athlete,Illinois,United States,56,Withdrew,12,,True,False,10,2.0,2.0,False,,
16,Dorothy Hamill,10,,,0,False,Tristan MacManus,Athlete,Illinois,United States,56,Withdrew,12,,True,False,10,2.0,2.0,False,,
16,Ingo Rademacher,1,20.0,6.666666666666667,3,True,Kym Johnson,Actor/Actress,,Germany,41,Eliminated Week 9,5,9,False,False,10,9.0,9.0,True,5.5,0.08733624454148471
16,Ingo Rademacher,2,20.0,6.666666666666667,3,True,Kym Johnson,Actor/Actress,,Germany,41,Eliminated Week 9,5,9,False,False,10,9.0,9.0,True,6.0,0.08196721311475409
16,Ingo Rademacher,3,21.0,7.0,3,True,Kym Johnson,Actor/Actress,,Germany,41,Eliminated Week 9,5,9,False,False,10,9.0,9.0,True,7.0,0.08936185423294338
16,Ingo Rademacher,4,23.0,7.666666666666667,3,True,Kym Johnson,Actor/Actress,,Germany,41,Eliminated Week 9,5,9,False,False,10,9.0,9.0,True,5.0,0.10267857142857142
16,Ingo Rademacher,5,21.0,7.0,3,True,Kym Johnson,Actor/Actress,,Germany,41,Eliminated Week 9,5,9,False,False,10,9.0,9.0,True,6.5,0.10047846889952153
16,Ingo Rademacher,6,23.0,7.666666666666667,3,True,Kym Johnson,Actor/Actress,,Germany,41,Eliminated Week 9,5,9,False,False,10,9.0,9.0,True,4.5,0.1220159151193634
16,Ingo Rademacher,7,25.0,8.333333333333334,3,True,Kym Johnson,Actor/Actress,,Germany,41,Eliminated Week 9,5,9,False,False,10,9.0,9.0,True,5.0,0.1358695652173913
16,Ingo Rademacher,8,24.0,8.0,3,True,Kym Johnson,Actor/Actress,,Germany,41,Eliminated Week 9,5,9,False,False,10,9.0,9.0,True,5.0,0.15434083601286175
16,Ingo Rademacher,9,25.5,8.5,3,True,Kym Johnson,Actor/Actress,,Germany,41,Eliminated Week 9,5,9,False,False,10,9.0,9.0,True,5.0,0.18085106382978725
16,Ingo Rademacher,10,,,0,False,Kym Johnson,Actor/Actress,,Germany,41,Eliminated Week 9,5,9,False,False,10,9.0,9.0,False,,
16,Jacoby Jones,1,20.0,6.666666666666667,3,True,Karina Smirnoff,Athlete,Louisiana,United States,28,3rd Place,3,,False,True,10,10.0,10.0,True,5.5,0.08733624454148471
16,Jacoby Jones,2,23.0,7.666666666666667,3,True,Karina Smirnoff,Athlete,Louisiana,United States,28,3rd Place,3,,False,True,10,10.0,10.0,True,4.0,0.0942622950819672
16,Jacoby Jones,3,25.9998,8.6666,3,True,Karina Smirnoff,Athlete,Louisiana,United States,28,3rd Place,3,,False,True,10,10.0,10.0,True,1.5,0.11063763512788959
16,Jacoby Jones,4,24.0,8.0,3,True,Karina Smirnoff,Athlete,Louisiana,United States,28,3rd Place,3,,False,True,10,10.0,10.0,True,4.0,0.10714285714285714
16,Jacoby Jones,5,26.0,8.666666666666666,3,True,Karina Smirnoff,Athlete,Louisiana,United States,28,3rd Place,3,,False,True,10,10.0,10.0,True,3.0,0.12440191387559808
16,Jacoby Jones,6,22.5,7.5,3,True,Karina Smirnoff,Athlete,Louisiana,United States,28,3rd Place,3,,False,True,10,10.0,10.0,True,6.0,0.11936339522546419
16,Jacoby Jones,7,27.0,9.0,3,True,Karina Smirnoff,Athlete,Louisiana,United States,28,3rd Place,3,,False,True,10,10.0,10.0,True,4.0,0.14673913043478262
16,Jacoby Jones,8,26.0,8.666666666666666,3,True,Karina Smirnoff,Athlete,Louisiana,United States,28,3rd Place,3,,False,True,10,10.0,10.0,True,4.0,0.16720257234726688
16,Jacoby Jones,9,29.5,9.833333333333334,3,True,Karina Smirnoff,Athlete,Louisiana,United States,28,3rd Place,3,,False,True,10,10.0,10.0,True,1.5,0.20921985815602837
16,Jacoby Jones,10,27.999899999999997,9.3333,3,True,Karina Smirnoff,Athlete,Louisiana,United States,28,3rd Place,3,,False,True,10,10.0,10.0,True,4.0,0.2393155891586232
16,Kellie Pickler,1,21.0,7.0,3,True,Derek Hough,Singer/Rapper,North Carolina,United States,26,1st Place,1,,False,True,10,10.0,10.0,True,3.0,0.09170305676855896
16,Kellie Pickler,2,26.0,8.666666666666666,3,True,Derek Hough,Singer/Rapper,North Carolina,United States,26,1st Place,1,,False,True,10,10.0,10.0,True,1.5,0.10655737704918032
16,Kellie Pickler,3,25.0,8.333333333333334,3,True,Derek Hough,Singer/Rapper,North Carolina,United States,26,1st Place,1,,False,True,10,10.0,10.0,True,3.0,0.10638315980112308
16,Kellie Pickler,4,26.0,8.666666666666666,3,True,Derek Hough,Singer/Rapper,North Carolina,United States,26,1st Place,1,,False,True,10,10.0,10.0,True,2.5,0.11607142857142858
16,Kellie Pickler,5,27.0,9.0,3,True,Derek Hough,Singer/Rapper,North Carolina,United States,26,1st Place,1,,False,True,10,10.0,10.0,True,2.0,0.1291866028708134
16,Kellie Pickler,6,27.0,9.0,3,True,Derek Hough,Singer/Rapper,North Carolina,United States,26,1st Place,1,,False,True,10,10.0,10.0,True,1.0,0.14323607427055704
16,Kellie Pickler,7,29.0,9.666666666666666,3,True,Derek Hough,Singer/Rapper,North Carolina,United States,26,1st Place,1,,False,True,10,10.0,10.0,True,3.0,0.15760869565217392
16,Kellie Pickler,8,27.5,9.166666666666666,3,True,Derek Hough,Singer/Rapper,North Carolina,United States,26,1st Place,1,,False,True,10,10.0,10.0,True,3.0,0.17684887459807075
16,Kellie Pickler,9,29.0,9.666666666666666,3,True,Derek Hough,Singer/Rapper,North Carolina,United States,26,1st Place,1,,False,True,10,10.0,10.0,True,3.0,0.20567375886524822
16,Kellie Pickler,10,30.0,10.0,3,True,Derek Hough,Singer/Rapper,North Carolina,United States,26,1st Place,1,,False,True,10,10.0,10.0,True,1.5,0.256410475564509
16,Lisa Vanderpump,1,18.0,6.0,3,True,Gleb Savchenko,TV Personality,,England,52,Eliminated Week 4,10,4,False,False,10,4.0,4.0,True,9.0,0.07860262008733625
16,Lisa Vanderpump,2,18.0,6.0,3,True,Gleb Savchenko,TV Personality,,England,52,Eliminated Week 4,10,4,False,False,10,4.0,4.0,True,9.0,0.07377049180327869
16,Lisa Vanderpump,3,21.0,7.0,3,True,Gleb Savchenko,TV Personality,,England,52,Eliminated Week 4,10,4,False,False,10,4.0,4.0,True,7.0,0.08936185423294338
16,Lisa Vanderpump,4,18.0,6.0,3,True,Gleb Savchenko,TV Personality,,England,52,Eliminated Week 4,10,4,False,False,10,4.0,4.0,True,9.5,0.08035714285714286
16,Lisa Vanderpump,5,,,0,False,Gleb Savchenko,TV Personality,,England,52,Eliminated Week 4,10,4,False,False,10,4.0,4.0,False,,
16,Lisa Vanderpump,6,,,0,False,Gleb Savchenko,TV Personality,,England,52,Eliminated Week 4,10,4,False,False,10,4.0,4.0,False,,
16,Lisa Vanderpump,7,,,0,False,Gleb Savchenko,TV Personality,,England,52,Eliminated Week 4,10,4,False,False,10,4.0,4.0,False,,
16,Lisa Vanderpump,8,,,0,False,Gleb Savchenko,TV Personality,,England,52,Eliminated Week 4,10,4,False,False,10,4.0,4.0,False,,
16,Lisa Vanderpump,9,,,0,False,Gleb Savchenko,TV Personality,,England,52,Eliminated Week 4,10,4,False,False,10,4.0,4.0,False,,
16,Lisa Vanderpump,10,,,0,False,Gleb Savchenko,TV Personality,,England,52,Eliminated Week 4,10,4,False,False,10,4.0,4.0,False,,
16,Sean Lowe,1,19.0,6.333333333333333,3,True,Peta Murgatroyd,TV Personality,Texas,United States,29,Eliminated Week 8,6,8,False,False,10,8.0,8.0,True,7.0,0.08296943231441048
16,Sean Lowe,2,20.0,6.666666666666667,3,True,Peta Murgatroyd,TV Personality,Texas,United States,29,Eliminated Week 8,6,8,False,False,10,8.0,8.0,True,6.0,0.08196721311475409
16,Sean Lowe,3,21.0,7.0,3,True,Peta Murgatroyd,TV Personality,Texas,United States,29,Eliminated Week 8,6,8,False,False,10,8.0,8.0,True,7.0,0.08936185423294338
16,Sean Lowe,4,20.0,6.666666666666667,3,True,Peta Murgatroyd,TV Personality,Texas,United States,29,Eliminated Week 8,6,8,False,False,10,8.0,8.0,True,8.0,0.08928571428571429
16,Sean Lowe,5,24.0,8.0,3,True,Peta Murgatroyd,TV Personality,Texas,United States,29,Eliminated Week 8,6,8,False,False,10,8.0,8.0,True,5.0,0.11483253588516747
16,Sean Lowe,6,23.0,7.666666666666667,3,True,Peta Murgatroyd,TV Personality,Texas,United States,29,Eliminated Week 8,6,8,False,False,10,8.0,8.0,True,4.5,0.1220159151193634
16,Sean Lowe,7,24.0,8.0,3,True,Peta Murgatroyd,TV Personality,Texas,United States,29,Eliminated Week 8,6,8,False,False,10,8.0,8.0,True,6.0,0.13043478260869565
16,Sean Lowe,8,21.0,7.0,3,True,Peta Murgatroyd,TV Personality,Texas,United States,29,Eliminated Week 8,6,8,False,False,10,8.0,8.0,True,6.0,0.13504823151125403
16,Sean Lowe,9,,,0,False,Peta Murgatroyd,TV Personality,Texas,United States,29,Eliminated Week 8,6,8,False,False,10,8.0,8.0,False,,
16,Sean Lowe,10,,,0,False,Peta Murgatroyd,TV Personality,Texas,United States,29,Eliminated Week 8,6,8,False,False,10,8.0,8.0,False,,
16,Victor Ortiz,1,18.0,6.0,3,True,Lindsay Arnold,Athlete,Kansas,United States,26,Eliminated Week 6,8,6,False,False,10,6.0,6.0,True,9.0,0.07860262008733625
16,Victor Ortiz,2,18.0,6.0,3,True,Lindsay Arnold,Athlete,Kansas,United States,26,Eliminated Week 6,8,6,False,False,10,6.0,6.0,True,9.0,0.07377049180327869
16,Victor Ortiz,3,23.0,7.666666666666667,3,True,Lindsay Arnold,Athlete,Kansas,United States,26,Eliminated Week 6,8,6,False,False,10,6.0,6.0,True,4.5,0.09787250701703322
16,Victor Ortiz,4,18.0,6.0,3,True,Lindsay Arnold,Athlete,Kansas,United States,26,Eliminated Week 6,8,6,False,False,10,6.0,6.0,True,9.5,0.08035714285714286
16,Victor Ortiz,5,21.0,7.0,3,True,Lindsay Arnold,Athlete,Kansas,United States,26,Eliminated Week 6,8,6,False,False,10,6.0,6.0,True,6.5,0.10047846889952153
16,Victor Ortiz,6,20.0,6.666666666666667,3,True,Lindsay Arnold,Athlete,Kansas,United States,26,Eliminated Week 6,8,6,False,False,10,6.0,6.0,True,8.0,0.10610079575596817
16,Victor Ortiz,7,,,0,False,Lindsay Arnold,Athlete,Kansas,United States,26,Eliminated Week 6,8,6,False,False,10,6.0,6.0,False,,
16,Victor Ortiz,8,,,0,False,Lindsay Arnold,Athlete,Kansas,United States,26,Eliminated Week 6,8,6,False,False,10,6.0,6.0,False,,
16,Victor Ortiz,9,,,0,False,Lindsay Arnold,Athlete,Kansas,United States,26,Eliminated Week 6,8,6,False,False,10,6.0,6.0,False,,
16,Victor Ortiz,10,,,0,False,Lindsay Arnold,Athlete,Kansas,United States,26,Eliminated Week 6,8,6,False,False,10,6.0,6.0,False,,
16,Wynonna Judd,1,18.0,6.0,3,True,Tony Dovolani,Singer/Rapper,Kentucky,United States,48,Eliminated Week 3,11,3,False,False,10,3.0,3.0,True,9.0,0.07860262008733625
16,Wynonna Judd,2,18.0,6.0,3,True,Tony Dovolani,Singer/Rapper,Kentucky,United States,48,Eliminated Week 3,11,3,False,False,10,3.0,3.0,True,9.0,0.07377049180327869
16,Wynonna Judd,3,15.0,5.0,3,True,Tony Dovolani,Singer/Rapper,Kentucky,United States,48,Eliminated Week 3,11,3,False,False,10,3.0,3.0,True,11.0,0.06382989588067384
16,Wynonna Judd,4,,,0,False,Tony Dovolani,Singer/Rapper,Kentucky,United States,48,Eliminated Week 3,11,3,False,False,10,3.0,3.0,False,,
16,Wynonna Judd,5,,,0,False,Tony Dovolani,Singer/Rapper,Kentucky,United States,48,Eliminated Week 3,11,3,False,False,10,3.0,3.0,False,,
16,Wynonna Judd,6,,,0,False,Tony Dovolani,Singer/Rapper,Kentucky,United States,48,Eliminated Week 3,11,3,False,False,10,3.0,3.0,False,,
16,Wynonna Judd,7,,,0,False,Tony Dovolani,Singer/Rapper,Kentucky,United States,48,Eliminated Week 3,11,3,False,False,10,3.0,3.0,False,,
16,Wynonna Judd,8,,,0,False,Tony Dovolani,Singer/Rapper,Kentucky,United States,48,Eliminated Week 3,11,3,False,False,10,3.0,3.0,False,,
16,Wynonna Judd,9,,,0,False,Tony Dovolani,Singer/Rapper,Kentucky,United States,48,Eliminated Week 3,11,3,False,False,10,3.0,3.0,False,,
16,Wynonna Judd,10,,,0,False,Tony Dovolani,Singer/Rapper,Kentucky,United States,48,Eliminated Week 3,11,3,False,False,10,3.0,3.0,False,,
16,Zendaya,1,24.0,8.0,3,True,Valentin Chmerkovskiy,Actor/Actress,California,United States,16,2nd Place,2,,False,True,10,10.0,10.0,True,1.0,0.10480349344978165
16,Zendaya,2,26.0,8.666666666666666,3,True,Valentin Chmerkovskiy,Actor/Actress,California,United States,16,2nd Place,2,,False,True,10,10.0,10.0,True,1.5,0.10655737704918032
16,Zendaya,3,25.9998,8.6666,3,True,Valentin Chmerkovskiy,Actor/Actress,California,United States,16,2nd Place,2,,False,True,10,10.0,10.0,True,1.5,0.11063763512788959
16,Zendaya,4,26.0,8.666666666666666,3,True,Valentin Chmerkovskiy,Actor/Actress,California,United States,16,2nd Place,2,,False,True,10,10.0,10.0,True,2.5,0.11607142857142858
16,Zendaya,5,29.0,9.666666666666666,3,True,Valentin Chmerkovskiy,Actor/Actress,California,United States,16,2nd Place,2,,False,True,10,10.0,10.0,True,1.0,0.13875598086124402
16,Zendaya,6,25.5,8.5,3,True,Valentin Chmerkovskiy,Actor/Actress,California,United States,16,2nd Place,2,,False,True,10,10.0,10.0,True,3.0,0.13527851458885942
16,Zendaya,7,30.0,10.0,3,True,Valentin Chmerkovskiy,Actor/Actress,California,United States,16,2nd Place,2,,False,True,10,10.0,10.0,True,2.0,0.16304347826086957
16,Zendaya,8,29.0,9.666666666666666,3,True,Valentin Chmerkovskiy,Actor/Actress,California,United States,16,2nd Place,2,,False,True,10,10.0,10.0,True,1.0,0.1864951768488746
16,Zendaya,9,27.5,9.166666666666666,3,True,Valentin Chmerkovskiy,Actor/Actress,California,United States,16,2nd Place,2,,False,True,10,10.0,10.0,True,4.0,0.1950354609929078
16,Zendaya,10,30.0,10.0,3,True,Valentin Chmerkovskiy,Actor/Actress,California,United States,16,2nd Place,2,,False,True,10,10.0,10.0,True,1.5,0.256410475564509
17,Amber Riley,1,27.0,9.0,3,True,Derek Hough,Actor/Actress,California,United States,27,1st Place,1,,False,True,11,11.0,11.0,True,1.0,0.10546875
17,Amber Riley,2,24.0,8.0,3,True,Derek Hough,Actor/Actress,California,United States,27,1st Place,1,,False,True,11,11.0,11.0,True,5.0,0.09022556390977443
17,Amber Riley,3,24.0,8.0,3,True,Derek Hough,Actor/Actress,California,United States,27,1st Place,1,,False,True,11,11.0,11.0,True,7.0,0.09411764705882353
17,Amber Riley,4,27.0,9.0,3,True,Derek Hough,Actor/Actress,California,United States,27,1st Place,1,,False,True,11,11.0,11.0,True,2.0,0.11392405063291139
17,Amber Riley,5,26.0,8.666666666666666,3,True,Derek Hough,Actor/Actress,California,United States,27,1st Place,1,,False,True,11,11.0,11.0,True,6.5,0.11063829787234042
17,Amber Riley,6,31.999899999999997,10.666633333333332,3,True,Derek Hough,Actor/Actress,California,United States,27,1st Place,1,,False,True,11,11.0,11.0,True,1.0,0.13852818537899697
17,Amber Riley,7,29.5,9.833333333333334,3,True,Derek Hough,Actor/Actress,California,United States,27,1st Place,1,,False,True,11,11.0,11.0,True,1.5,0.13318284424379231
17,Amber Riley,8,28.0,9.333333333333334,3,True,Derek Hough,Actor/Actress,California,United States,27,1st Place,1,,False,True,11,11.0,11.0,True,3.5,0.14583333333333334
17,Amber Riley,9,25.5,8.5,3,True,Derek Hough,Actor/Actress,California,United States,27,1st Place,1,,False,True,11,11.0,11.0,True,5.0,0.1619047619047619
17,Amber Riley,10,39.5,9.875,4,True,Derek Hough,Actor/Actress,California,United States,27,1st Place,1,,False,True,11,11.0,11.0,True,1.0,0.2257142857142857
17,Amber Riley,11,31.333199999999998,10.4444,3,True,Derek Hough,Actor/Actress,California,United States,27,1st Place,1,,False,True,11,11.0,11.0,True,1.0,0.27365383574062396
17,Bill Engvall,1,18.0,6.0,3,True,Emma Slater,Comedian,Texas,United States,56,Eliminated Week 11,4,11,False,False,11,11.0,11.0,True,10.0,0.0703125
17,Bill Engvall,2,21.0,7.0,3,True,Emma Slater,Comedian,Texas,United States,56,Eliminated Week 11,4,11,False,False,11,11.0,11.0,True,8.0,0.07894736842105263
17,Bill Engvall,3,24.0,8.0,3,True,Emma Slater,Comedian,Texas,United States,56,Eliminated Week 11,4,11,False,False,11,11.0,11.0,True,7.0,0.09411764705882353
17,Bill Engvall,4,21.0,7.0,3,True,Emma Slater,Comedian,Texas,United States,56,Eliminated Week 11,4,11,False,False,11,11.0,11.0,True,8.5,0.08860759493670886
17,Bill Engvall,5,24.0,8.0,3,True,Emma Slater,Comedian,Texas,United States,56,Eliminated Week 11,4,11,False,False,11,11.0,11.0,True,8.0,0.10212765957446808
17,Bill Engvall,6,23.9999,7.9999666666666664,3,True,Emma Slater,Comedian,Texas,United States,56,Eliminated Week 11,4,11,False,False,11,11.0,11.0,True,8.0,0.10389603080876471
17,Bill Engvall,7,25.0,8.333333333333334,3,True,Emma Slater,Comedian,Texas,United States,56,Eliminated Week 11,4,11,False,False,11,11.0,11.0,True,8.0,0.11286681715575621
17,Bill Engvall,8,24.0,8.0,3,True,Emma Slater,Comedian,Texas,United States,56,Eliminated Week 11,4,11,False,False,11,11.0,11.0,True,7.0,0.125
17,Bill Engvall,9,21.0,7.0,3,True,Emma Slater,Comedian,Texas,United States,56,Eliminated Week 11,4,11,False,False,11,11.0,11.0,True,6.0,0.13333333333333333
17,Bill Engvall,10,30.0,7.5,4,True,Emma Slater,Comedian,Texas,United States,56,Eliminated Week 11,4,11,False,False,11,11.0,11.0,True,5.0,0.17142857142857143
17,Bill Engvall,11,25.499899999999997,8.499966666666666,3,True,Emma Slater,Comedian,Texas,United States,56,Eliminated Week 11,4,11,False,False,11,11.0,11.0,True,4.0,0.22270771724567986
17,Bill Nye,1,14.0,4.666666666666667,3,True,Tyne Stecklein,TV Personality,Washington D.C.,United States,57,Eliminated Week 3,11,3,False,False,11,3.0,3.0,True,12.0,0.0546875
17,Bill Nye,2,17.0,5.666666666666667,3,True,Tyne Stecklein,TV Personality,Washington D.C.,United States,57,Eliminated Week 3,11,3,False,False,11,3.0,3.0,True,12.0,0.06390977443609022
17,Bill Nye,3,16.0,5.333333333333333,3,True,Tyne Stecklein,TV Personality,Washington D.C.,United States,57,Eliminated Week 3,11,3,False,False,11,3.0,3.0,True,10.5,0.06274509803921569
17,Bill Nye,4,,,0,False,Tyne Stecklein,TV Personality,Washington D.C.,United States,57,Eliminated Week 3,11,3,False,False,11,3.0,3.0,False,,
17,Bill Nye,5,,,0,False,Tyne Stecklein,TV Personality,Washington D.C.,United States,57,Eliminated Week 3,11,3,False,False,11,3.0,3.0,False,,
17,Bill Nye,6,,,0,False,Tyne Stecklein,TV Personality,Washington D.C.,United States,57,Eliminated Week 3,11,3,False,False,11,3.0,3.0,False,,
17,Bill Nye,7,,,0,False,Tyne Stecklein,TV Personality,Washington D.C.,United States,57,Eliminated Week 3,11,3,False,False,11,3.0,3.0,False,,
17,Bill Nye,8,,,0,False,Tyne Stecklein,TV Personality,Washington D.C.,United States,57,Eliminated Week 3,11,3,False,False,11,3.0,3.0,False,,
17,Bill Nye,9,,,0,False,Tyne Stecklein,TV Personality,Washington D.C.,United States,57,Eliminated Week 3,11,3,False,False,11,3.0,3.0,False,,
17,Bill Nye,10,,,0,False,Tyne Stecklein,TV Personality,Washington D.C.,United States,57,Eliminated Week 3,11,3,False,False,11,3.0,3.0,False,,
17,Bill Nye,11,,,0,False,Tyne Stecklein,TV Personality,Washington D.C.,United States,57,Eliminated Week 3,11,3,False,False,11,3.0,3.0,False,,
17,Brant Daugherty,1,22.0,7.333333333333333,3,True,Peta Murgatroyd,Actor/Actress,Ohio,United States,28,Eliminated Week 8,7,8,False,False,11,8.0,8.0,True,6.5,0.0859375
17,Brant Daugherty,2,23.0,7.666666666666667,3,True,Peta Murgatroyd,Actor/Actress,Ohio,United States,28,Eliminated Week 8,7,8,False,False,11,8.0,8.0,True,7.0,0.08646616541353383
17,Brant Daugherty,3,27.0,9.0,3,True,Peta Murgatroyd,Actor/Actress,Ohio,United States,28,Eliminated Week 8,7,8,False,False,11,8.0,8.0,True,1.0,0.10588235294117647
17,Brant Daugherty,4,21.0,7.0,3,True,Peta Murgatroyd,Actor/Actress,Ohio,United States,28,Eliminated Week 8,7,8,False,False,11,8.0,8.0,True,8.5,0.08860759493670886
17,Brant Daugherty,5,27.0,9.0,3,True,Peta Murgatroyd,Actor/Actress,Ohio,United States,28,Eliminated Week 8,7,8,False,False,11,8.0,8.0,True,4.0,0.1148936170212766
17,Brant Daugherty,6,31.0,10.333333333333334,3,True,Peta Murgatroyd,Actor/Actress,Ohio,United States,28,Eliminated Week 8,7,8,False,False,11,8.0,8.0,True,3.0,0.13419959895965008
17,Brant Daugherty,7,28.5,9.5,3,True,Peta Murgatroyd,Actor/Actress,Ohio,United States,28,Eliminated Week 8,7,8,False,False,11,8.0,8.0,True,3.5,0.12866817155756208
17,Brant Daugherty,8,27.0,9.0,3,True,Peta Murgatroyd,Actor/Actress,Ohio,United States,28,Eliminated Week 8,7,8,False,False,11,8.0,8.0,True,5.0,0.140625
17,Brant Daugherty,9,,,0,False,Peta Murgatroyd,Actor/Actress,Ohio,United States,28,Eliminated Week 8,7,8,False,False,11,8.0,8.0,False,,
17,Brant Daugherty,10,,,0,False,Peta Murgatroyd,Actor/Actress,Ohio,United States,28,Eliminated Week 8,7,8,False,False,11,8.0,8.0,False,,
17,Brant Daugherty,11,,,0,False,Peta Murgatroyd,Actor/Actress,Ohio,United States,28,Eliminated Week 8,7,8,False,False,11,8.0,8.0,False,,
17,Christina Milian,1,22.0,7.333333333333333,3,True,Mark Ballas,Singer/Rapper,New Jersey,United States,31,Eliminated Week 5,9,5,False,False,11,5.0,5.0,True,6.5,0.0859375
17,Christina Milian,2,25.0,8.333333333333334,3,True,Mark Ballas,Singer/Rapper,New Jersey,United States,31,Eliminated Week 5,9,5,False,False,11,5.0,5.0,True,2.5,0.09398496240601503
17,Christina Milian,3,26.0,8.666666666666666,3,True,Mark Ballas,Singer/Rapper,New Jersey,United States,31,Eliminated Week 5,9,5,False,False,11,5.0,5.0,True,2.5,0.10196078431372549
17,Christina Milian,4,24.0,8.0,3,True,Mark Ballas,Singer/Rapper,New Jersey,United States,31,Eliminated Week 5,9,5,False,False,11,5.0,5.0,True,5.5,0.10126582278481013
17,Christina Milian,5,28.0,9.333333333333334,3,True,Mark Ballas,Singer/Rapper,New Jersey,United States,31,Eliminated Week 5,9,5,False,False,11,5.0,5.0,True,1.5,0.11914893617021277
17,Christina Milian,6,,,0,False,Mark Ballas,Singer/Rapper,New Jersey,United States,31,Eliminated Week 5,9,5,False,False,11,5.0,5.0,False,,
17,Christina Milian,7,,,0,False,Mark Ballas,Singer/Rapper,New Jersey,United States,31,Eliminated Week 5,9,5,False,False,11,5.0,5.0,False,,
17,Christina Milian,8,,,0,False,Mark Ballas,Singer/Rapper,New Jersey,United States,31,Eliminated Week 5,9,5,False,False,11,5.0,5.0,False,,
17,Christina Milian,9,,,0,False,Mark Ballas,Singer/Rapper,New Jersey,United States,31,Eliminated Week 5,9,5,False,False,11,5.0,5.0,False,,
17,Christina Milian,10,,,0,False,Mark Ballas,Singer/Rapper,New Jersey,United States,31,Eliminated Week 5,9,5,False,False,11,5.0,5.0,False,,
17,Christina Milian,11,,,0,False,Mark Ballas,Singer/Rapper,New Jersey,United States,31,Eliminated Week 5,9,5,False,False,11,5.0,5.0,False,,
17,Corbin Bleu,1,24.0,8.0,3,True,Karina Smirnoff,Actor/Actress,New York,United States,24,2nd Place,2,,False,True,11,11.0,11.0,True,2.5,0.09375
17,Corbin Bleu,2,26.0,8.666666666666666,3,True,Karina Smirnoff,Actor/Actress,New York,United States,24,2nd Place,2,,False,True,11,11.0,11.0,True,1.0,0.09774436090225563
17,Corbin Bleu,3,26.0,8.666666666666666,3,True,Karina Smirnoff,Actor/Actress,New York,United States,24,2nd Place,2,,False,True,11,11.0,11.0,True,2.5,0.10196078431372549
17,Corbin Bleu,4,27.0,9.0,3,True,Karina Smirnoff,Actor/Actress,New York,United States,24,2nd Place,2,,False,True,11,11.0,11.0,True,2.0,0.11392405063291139
17,Corbin Bleu,5,28.0,9.333333333333334,3,True,Karina Smirnoff,Actor/Actress,New York,United States,24,2nd Place,2,,False,True,11,11.0,11.0,True,1.5,0.11914893617021277
17,Corbin Bleu,6,26.999899999999997,8.999966666666666,3,True,Karina Smirnoff,Actor/Actress,New York,United States,24,2nd Place,2,,False,True,11,11.0,11.0,True,6.0,0.1168830887726018
17,Corbin Bleu,7,29.5,9.833333333333334,3,True,Karina Smirnoff,Actor/Actress,New York,United States,24,2nd Place,2,,False,True,11,11.0,11.0,True,1.5,0.13318284424379231
17,Corbin Bleu,8,30.0,10.0,3,True,Karina Smirnoff,Actor/Actress,New York,United States,24,2nd Place,2,,False,True,11,11.0,11.0,True,1.5,0.15625
17,Corbin Bleu,9,29.0,9.666666666666666,3,True,Karina Smirnoff,Actor/Actress,New York,United States,24,2nd Place,2,,False,True,11,11.0,11.0,True,1.0,0.18412698412698414
17,Corbin Bleu,10,37.5,9.375,4,True,Karina Smirnoff,Actor/Actress,New York,United States,24,2nd Place,2,,False,True,11,11.0,11.0,True,2.0,0.21428571428571427
17,Corbin Bleu,11,29.6664,9.8888,3,True,Karina Smirnoff,Actor/Actress,New York,United States,24,2nd Place,2,,False,True,11,11.0,11.0,True,2.0,0.25909655421775135
17,Elizabeth Berkley Lauren,1,24.0,8.0,3,True,Valentin Chmerkovskiy,Actor/Actress,Michigan,United States,39,Eliminated Week 9,6,9,False,False,11,9.0,9.0,True,2.5,0.09375
17,Elizabeth Berkley Lauren,2,25.0,8.333333333333334,3,True,Valentin Chmerkovskiy,Actor/Actress,Michigan,United States,39,Eliminated Week 9,6,9,False,False,11,9.0,9.0,True,2.5,0.09398496240601503
17,Elizabeth Berkley Lauren,3,25.0,8.333333333333334,3,True,Valentin Chmerkovskiy,Actor/Actress,Michigan,United States,39,Eliminated Week 9,6,9,False,False,11,9.0,9.0,True,4.5,0.09803921568627451
17,Elizabeth Berkley Lauren,4,27.0,9.0,3,True,Valentin Chmerkovskiy,Actor/Actress,Michigan,United States,39,Eliminated Week 9,6,9,False,False,11,9.0,9.0,True,2.0,0.11392405063291139
17,Elizabeth Berkley Lauren,5,26.0,8.666666666666666,3,True,Valentin Chmerkovskiy,Actor/Actress,Michigan,United States,39,Eliminated Week 9,6,9,False,False,11,9.0,9.0,True,6.5,0.11063829787234042
17,Elizabeth Berkley Lauren,6,31.9998,10.6666,3,True,Valentin Chmerkovskiy,Actor/Actress,Michigan,United States,39,Eliminated Week 9,6,9,False,False,11,9.0,9.0,True,2.0,0.13852775247706486
17,Elizabeth Berkley Lauren,7,27.0,9.0,3,True,Valentin Chmerkovskiy,Actor/Actress,Michigan,United States,39,Eliminated Week 9,6,9,False,False,11,9.0,9.0,True,5.5,0.12189616252821671
17,Elizabeth Berkley Lauren,8,25.0,8.333333333333334,3,True,Valentin Chmerkovskiy,Actor/Actress,Michigan,United States,39,Eliminated Week 9,6,9,False,False,11,9.0,9.0,True,6.0,0.13020833333333334
17,Elizabeth Berkley Lauren,9,28.0,9.333333333333334,3,True,Valentin Chmerkovskiy,Actor/Actress,Michigan,United States,39,Eliminated Week 9,6,9,False,False,11,9.0,9.0,True,2.0,0.17777777777777778
17,Elizabeth Berkley Lauren,10,,,0,False,Valentin Chmerkovskiy,Actor/Actress,Michigan,United States,39,Eliminated Week 9,6,9,False,False,11,9.0,9.0,False,,
17,Elizabeth Berkley Lauren,11,,,0,False,Valentin Chmerkovskiy,Actor/Actress,Michigan,United States,39,Eliminated Week 9,6,9,False,False,11,9.0,9.0,False,,
17,Jack Osbourne,1,23.0,7.666666666666667,3,True,Cheryl Burke,TV Personality,,England,27,3rd Place,3,,False,True,11,11.0,11.0,True,4.5,0.08984375
17,Jack Osbourne,2,24.0,8.0,3,True,Cheryl Burke,TV Personality,,England,27,3rd Place,3,,False,True,11,11.0,11.0,True,5.0,0.09022556390977443
17,Jack Osbourne,3,22.0,7.333333333333333,3,True,Cheryl Burke,TV Personality,,England,27,3rd Place,3,,False,True,11,11.0,11.0,True,9.0,0.08627450980392157
17,Jack Osbourne,4,24.0,8.0,3,True,Cheryl Burke,TV Personality,,England,27,3rd Place,3,,False,True,11,11.0,11.0,True,5.5,0.10126582278481013
17,Jack Osbourne,5,27.0,9.0,3,True,Cheryl Burke,TV Personality,,England,27,3rd Place,3,,False,True,11,11.0,11.0,True,4.0,0.1148936170212766
17,Jack Osbourne,6,26.9998,8.999933333333333,3,True,Cheryl Burke,TV Personality,,England,27,3rd Place,3,,False,True,11,11.0,11.0,True,7.0,0.11688265587066968
17,Jack Osbourne,7,28.5,9.5,3,True,Cheryl Burke,TV Personality,,England,27,3rd Place,3,,False,True,11,11.0,11.0,True,3.5,0.12866817155756208
17,Jack Osbourne,8,30.0,10.0,3,True,Cheryl Burke,TV Personality,,England,27,3rd Place,3,,False,True,11,11.0,11.0,True,1.5,0.15625
17,Jack Osbourne,9,27.0,9.0,3,True,Cheryl Burke,TV Personality,,England,27,3rd Place,3,,False,True,11,11.0,11.0,True,3.5,0.17142857142857143
17,Jack Osbourne,10,35.5,8.875,4,True,Cheryl Burke,TV Personality,,England,27,3rd Place,3,,False,True,11,11.0,11.0,True,3.0,0.20285714285714285
17,Jack Osbourne,11,27.999899999999997,9.3333,3,True,Cheryl Burke,TV Personality,,England,27,3rd Place,3,,False,True,11,11.0,11.0,True,3.0,0.24454189279594477
17,Keyshawn Johnson,1,17.0,5.666666666666667,3,True,Sharna Burgess,Athlete,California,United States,41,Eliminated Week 2,12,2,False,False,11,2.0,2.0,True,11.0,0.06640625
17,Keyshawn Johnson,2,18.0,6.0,3,True,Sharna Burgess,Athlete,California,United States,41,Eliminated Week 2,12,2,False,False,11,2.0,2.0,True,11.0,0.06766917293233082
17,Keyshawn Johnson,3,,,0,False,Sharna Burgess,Athlete,California,United States,41,Eliminated Week 2,12,2,False,False,11,2.0,2.0,False,,
17,Keyshawn Johnson,4,,,0,False,Sharna Burgess,Athlete,California,United States,41,Eliminated Week 2,12,2,False,False,11,2.0,2.0,False,,
17,Keyshawn Johnson,5,,,0,False,Sharna Burgess,Athlete,California,United States,41,Eliminated Week 2,12,2,False,False,11,2.0,2.0,False,,
17,Keyshawn Johnson,6,,,0,False,Sharna Burgess,Athlete,California,United States,41,Eliminated Week 2,12,2,False,False,11,2.0,2.0,False,,
17,Keyshawn Johnson,7,,,0,False,Sharna Burgess,Athlete,California,United States,41,Eliminated Week 2,12,2,False,False,11,2.0,2.0,False,,
17,Keyshawn Johnson,8,,,0,False,Sharna Burgess,Athlete,California,United States,41,Eliminated Week 2,12,2,False,False,11,2.0,2.0,False,,
17,Keyshawn Johnson,9,,,0,False,Sharna Burgess,Athlete,California,United States,41,Eliminated Week 2,12,2,False,False,11,2.0,2.0,False,,
17,Keyshawn Johnson,10,,,0,False,Sharna Burgess,Athlete,California,United States,41,Eliminated Week 2,12,2,False,False,11,2.0,2.0,False,,
17,Keyshawn Johnson,11,,,0,False,Sharna Burgess,Athlete,California,United States,41,Eliminated Week 2,12,2,False,False,11,2.0,2.0,False,,
17,Leah Remini,1,21.0,7.0,3,True,Tony Dovolani,Actor/Actress,New York,United States,43,Eliminated Week 10,5,10,False,False,11,10.0,10.0,True,8.5,0.08203125
17,Leah Remini,2,24.0,8.0,3,True,Tony Dovolani,Actor/Actress,New York,United States,43,Eliminated Week 10,5,10,False,False,11,10.0,10.0,True,5.0,0.09022556390977443
17,Leah Remini,3,24.0,8.0,3,True,Tony Dovolani,Actor/Actress,New York,United States,43,Eliminated Week 10,5,10,False,False,11,10.0,10.0,True,7.0,0.09411764705882353
17,Leah Remini,4,24.0,8.0,3,True,Tony Dovolani,Actor/Actress,New York,United States,43,Eliminated Week 10,5,10,False,False,11,10.0,10.0,True,5.5,0.10126582278481013
17,Leah Remini,5,22.0,7.333333333333333,3,True,Tony Dovolani,Actor/Actress,New York,United States,43,Eliminated Week 10,5,10,False,False,11,10.0,10.0,True,9.0,0.09361702127659574
17,Leah Remini,6,27.999899999999997,9.3333,3,True,Tony Dovolani,Actor/Actress,New York,United States,43,Eliminated Week 10,5,10,False,False,11,10.0,10.0,True,5.0,0.12121210809388083
17,Leah Remini,7,26.5,8.833333333333334,3,True,Tony Dovolani,Actor/Actress,New York,United States,43,Eliminated Week 10,5,10,False,False,11,10.0,10.0,True,7.0,0.11963882618510158
17,Leah Remini,8,28.0,9.333333333333334,3,True,Tony Dovolani,Actor/Actress,New York,United States,43,Eliminated Week 10,5,10,False,False,11,10.0,10.0,True,3.5,0.14583333333333334
17,Leah Remini,9,27.0,9.0,3,True,Tony Dovolani,Actor/Actress,New York,United States,43,Eliminated Week 10,5,10,False,False,11,10.0,10.0,True,3.5,0.17142857142857143
17,Leah Remini,10,32.5,8.125,4,True,Tony Dovolani,Actor/Actress,New York,United States,43,Eliminated Week 10,5,10,False,False,11,10.0,10.0,True,4.0,0.18571428571428572
17,Leah Remini,11,,,0,False,Tony Dovolani,Actor/Actress,New York,United States,43,Eliminated Week 10,5,10,False,False,11,10.0,10.0,False,,
17,"Nicole ""Snooki"" Polizzi",1,23.0,7.666666666666667,3,True,Sasha Farber,TV Personality,,Chile,25,Eliminated Week 7,8,7,False,False,11,7.0,7.0,True,4.5,0.08984375
17,"Nicole ""Snooki"" Polizzi",2,20.0,6.666666666666667,3,True,Sasha Farber,TV Personality,,Chile,25,Eliminated Week 7,8,7,False,False,11,7.0,7.0,True,9.0,0.07518796992481203
17,"Nicole ""Snooki"" Polizzi",3,25.0,8.333333333333334,3,True,Sasha Farber,TV Personality,,Chile,25,Eliminated Week 7,8,7,False,False,11,7.0,7.0,True,4.5,0.09803921568627451
17,"Nicole ""Snooki"" Polizzi",4,24.0,8.0,3,True,Sasha Farber,TV Personality,,Chile,25,Eliminated Week 7,8,7,False,False,11,7.0,7.0,True,5.5,0.10126582278481013
17,"Nicole ""Snooki"" Polizzi",5,27.0,9.0,3,True,Sasha Farber,TV Personality,,Chile,25,Eliminated Week 7,8,7,False,False,11,7.0,7.0,True,4.0,0.1148936170212766
17,"Nicole ""Snooki"" Polizzi",6,30.0,10.0,3,True,Sasha Farber,TV Personality,,Chile,25,Eliminated Week 7,8,7,False,False,11,7.0,7.0,True,4.0,0.12987057963837104
17,"Nicole ""Snooki"" Polizzi",7,27.0,9.0,3,True,Sasha Farber,TV Personality,,Chile,25,Eliminated Week 7,8,7,False,False,11,7.0,7.0,True,5.5,0.12189616252821671
17,"Nicole ""Snooki"" Polizzi",8,,,0,False,Sasha Farber,TV Personality,,Chile,25,Eliminated Week 7,8,7,False,False,11,7.0,7.0,False,,
17,"Nicole ""Snooki"" Polizzi",9,,,0,False,Sasha Farber,TV Personality,,Chile,25,Eliminated Week 7,8,7,False,False,11,7.0,7.0,False,,
17,"Nicole ""Snooki"" Polizzi",10,,,0,False,Sasha Farber,TV Personality,,Chile,25,Eliminated Week 7,8,7,False,False,11,7.0,7.0,False,,
17,"Nicole ""Snooki"" Polizzi",11,,,0,False,Sasha Farber,TV Personality,,Chile,25,Eliminated Week 7,8,7,False,False,11,7.0,7.0,False,,
17,Valerie Harper,1,21.0,7.0,3,True,Tristan MacManus,Actor/Actress,New York,United States,74,Eliminated Week 4,10,4,False,False,11,4.0,4.0,True,8.5,0.08203125
17,Valerie Harper,2,19.0,6.333333333333333,3,True,Tristan MacManus,Actor/Actress,New York,United States,74,Eliminated Week 4,10,4,False,False,11,4.0,4.0,True,10.0,0.07142857142857142
17,Valerie Harper,3,16.0,5.333333333333333,3,True,Tristan MacManus,Actor/Actress,New York,United States,74,Eliminated Week 4,10,4,False,False,11,4.0,4.0,True,10.5,0.06274509803921569
17,Valerie Harper,4,18.0,6.0,3,True,Tristan MacManus,Actor/Actress,New York,United States,74,Eliminated Week 4,10,4,False,False,11,4.0,4.0,True,10.0,0.0759493670886076
17,Valerie Harper,5,,,0,False,Tristan MacManus,Actor/Actress,New York,United States,74,Eliminated Week 4,10,4,False,False,11,4.0,4.0,False,,
17,Valerie Harper,6,,,0,False,Tristan MacManus,Actor/Actress,New York,United States,74,Eliminated Week 4,10,4,False,False,11,4.0,4.0,False,,
17,Valerie Harper,7,,,0,False,Tristan MacManus,Actor/Actress,New York,United States,74,Eliminated Week 4,10,4,False,False,11,4.0,4.0,False,,
17,Valerie Harper,8,,,0,False,Tristan MacManus,Actor/Actress,New York,United States,74,Eliminated Week 4,10,4,False,False,11,4.0,4.0,False,,
17,Valerie Harper,9,,,0,False,Tristan MacManus,Actor/Actress,New York,United States,74,Eliminated Week 4,10,4,False,False,11,4.0,4.0,False,,
17,Valerie Harper,10,,,0,False,Tristan MacManus,Actor/Actress,New York,United States,74,Eliminated Week 4,10,4,False,False,11,4.0,4.0,False,,
17,Valerie Harper,11,,,0,False,Tristan MacManus,Actor/Actress,New York,United States,74,Eliminated Week 4,10,4,False,False,11,4.0,4.0,False,,
18,Amy Purdy,1,24.0,8.0,3,True,Derek Hough,Athlete,Nevada,United States,34,2nd Place,2,,False,True,10,10.0,10.0,True,4.0,0.0916030534351145
18,Amy Purdy,2,24.0,8.0,3,True,Derek Hough,Athlete,Nevada,United States,34,2nd Place,2,,False,True,10,10.0,10.0,True,4.5,0.09836065573770492
18,Amy Purdy,3,36.0,9.0,4,True,Derek Hough,Athlete,Nevada,United States,34,2nd Place,2,,False,True,10,10.0,10.0,True,3.5,0.1157556270096463
18,Amy Purdy,4,34.0,8.5,4,True,Derek Hough,Athlete,Nevada,United States,34,2nd Place,2,,False,True,10,10.0,10.0,True,3.0,0.11447811447811448
18,Amy Purdy,5,37.0,9.25,4,True,Derek Hough,Athlete,Nevada,United States,34,2nd Place,2,,False,True,10,10.0,10.0,True,3.5,0.11490683229813664
18,Amy Purdy,6,38.0,9.5,4,True,Derek Hough,Athlete,Nevada,United States,34,2nd Place,2,,False,True,10,10.0,10.0,True,2.0,0.1347517730496454
18,Amy Purdy,7,37.5,9.375,4,True,Derek Hough,Athlete,Nevada,United States,34,2nd Place,2,,False,True,10,10.0,10.0,True,2.0,0.1482213438735178
18,Amy Purdy,8,40.0,10.0,4,True,Derek Hough,Athlete,Nevada,United States,34,2nd Place,2,,False,True,10,10.0,10.0,True,1.5,0.17699115044247787
18,Amy Purdy,9,39.0,9.75,4,True,Derek Hough,Athlete,Nevada,United States,34,2nd Place,2,,False,True,10,10.0,10.0,True,2.0,0.20418848167539266
18,Amy Purdy,10,29.666600000000003,9.888866666666667,3,True,Derek Hough,Athlete,Nevada,United States,34,2nd Place,2,,False,True,10,10.0,10.0,True,2.0,0.2587209505138384
18,Billy Dee Williams,1,15.0,5.0,3,True,Emma Slater,Actor/Actress,New York,United States,76,Withdrew,10,,True,False,10,2.0,2.0,True,12.0,0.05725190839694656
18,Billy Dee Williams,2,15.0,5.0,3,True,Emma Slater,Actor/Actress,New York,United States,76,Withdrew,10,,True,False,10,2.0,2.0,True,11.0,0.06147540983606557
18,Billy Dee Williams,3,,,0,False,Emma Slater,Actor/Actress,New York,United States,76,Withdrew,10,,True,False,10,2.0,2.0,False,,
18,Billy Dee Williams,4,,,0,False,Emma Slater,Actor/Actress,New York,United States,76,Withdrew,10,,True,False,10,2.0,2.0,False,,
18,Billy Dee Williams,5,,,0,False,Emma Slater,Actor/Actress,New York,United States,76,Withdrew,10,,True,False,10,2.0,2.0,False,,
18,Billy Dee Williams,6,,,0,False,Emma Slater,Actor/Actress,New York,United States,76,Withdrew,10,,True,False,10,2.0,2.0,False,,
18,Billy Dee Williams,7,,,0,False,Emma Slater,Actor/Actress,New York,United States,76,Withdrew,10,,True,False,10,2.0,2.0,False,,
18,Billy Dee Williams,8,,,0,False,Emma Slater,Actor/Actress,New York,United States,76,Withdrew,10,,True,False,10,2.0,2.0,False,,
18,Billy Dee Williams,9,,,0,False,Emma Slater,Actor/Actress,New York,United States,76,Withdrew,10,,True,False,10,2.0,2.0,False,,
18,Billy Dee Williams,10,,,0,False,Emma Slater,Actor/Actress,New York,United States,76,Withdrew,10,,True,False,10,2.0,2.0,False,,
18,Candace Cameron Bure,1,25.0,8.333333333333334,3,True,Mark Ballas,Actor/Actress,California,United States,37,3rd Place,3,,False,True,10,10.0,10.0,True,2.0,0.09541984732824428
18,Candace Cameron Bure,2,21.0,7.0,3,True,Mark Ballas,Actor/Actress,California,United States,37,3rd Place,3,,False,True,10,10.0,10.0,True,8.5,0.0860655737704918
18,Candace Cameron Bure,3,32.0,8.0,4,True,Mark Ballas,Actor/Actress,California,United States,37,3rd Place,3,,False,True,10,10.0,10.0,True,7.0,0.10289389067524116
18,Candace Cameron Bure,4,28.0,7.0,4,True,Mark Ballas,Actor/Actress,California,United States,37,3rd Place,3,,False,True,10,10.0,10.0,True,9.0,0.09427609427609428
18,Candace Cameron Bure,5,35.0,8.75,4,True,Mark Ballas,Actor/Actress,California,United States,37,3rd Place,3,,False,True,10,10.0,10.0,True,7.0,0.10869565217391304
18,Candace Cameron Bure,6,32.0,8.0,4,True,Mark Ballas,Actor/Actress,California,United States,37,3rd Place,3,,False,True,10,10.0,10.0,True,7.5,0.11347517730496454
18,Candace Cameron Bure,7,37.0,9.25,4,True,Mark Ballas,Actor/Actress,California,United States,37,3rd Place,3,,False,True,10,10.0,10.0,True,3.0,0.14624505928853754
18,Candace Cameron Bure,8,36.0,9.0,4,True,Mark Ballas,Actor/Actress,California,United States,37,3rd Place,3,,False,True,10,10.0,10.0,True,5.0,0.1592920353982301
18,Candace Cameron Bure,9,36.0,9.0,4,True,Mark Ballas,Actor/Actress,California,United States,37,3rd Place,3,,False,True,10,10.0,10.0,True,5.0,0.18848167539267016
18,Candace Cameron Bure,10,25.9998,8.6666,3,True,Mark Ballas,Actor/Actress,California,United States,37,3rd Place,3,,False,True,10,10.0,10.0,True,4.0,0.22674296916969572
18,Charlie White,1,27.0,9.0,3,True,Sharna Burgess,Athlete,Michigan,United States,26,Eliminated Week 9,5,9,False,False,10,9.0,9.0,True,1.0,0.10305343511450382
18,Charlie White,2,25.0,8.333333333333334,3,True,Sharna Burgess,Athlete,Michigan,United States,26,Eliminated Week 9,5,9,False,False,10,9.0,9.0,True,2.0,0.10245901639344263
18,Charlie White,3,36.0,9.0,4,True,Sharna Burgess,Athlete,Michigan,United States,26,Eliminated Week 9,5,9,False,False,10,9.0,9.0,True,3.5,0.1157556270096463
18,Charlie White,4,33.0,8.25,4,True,Sharna Burgess,Athlete,Michigan,United States,26,Eliminated Week 9,5,9,False,False,10,9.0,9.0,True,4.5,0.1111111111111111
18,Charlie White,5,37.0,9.25,4,True,Sharna Burgess,Athlete,Michigan,United States,26,Eliminated Week 9,5,9,False,False,10,9.0,9.0,True,3.5,0.11490683229813664
18,Charlie White,6,36.0,9.0,4,True,Sharna Burgess,Athlete,Michigan,United States,26,Eliminated Week 9,5,9,False,False,10,9.0,9.0,True,3.5,0.1276595744680851
18,Charlie White,7,35.5,8.875,4,True,Sharna Burgess,Athlete,Michigan,United States,26,Eliminated Week 9,5,9,False,False,10,9.0,9.0,True,5.0,0.14031620553359683
18,Charlie White,8,40.0,10.0,4,True,Sharna Burgess,Athlete,Michigan,United States,26,Eliminated Week 9,5,9,False,False,10,9.0,9.0,True,1.5,0.17699115044247787
18,Charlie White,9,38.0,9.5,4,True,Sharna Burgess,Athlete,Michigan,United States,26,Eliminated Week 9,5,9,False,False,10,9.0,9.0,True,3.5,0.19895287958115182
18,Charlie White,10,,,0,False,Sharna Burgess,Athlete,Michigan,United States,26,Eliminated Week 9,5,9,False,False,10,9.0,9.0,False,,
18,Cody Simpson,1,22.0,7.333333333333333,3,True,Witney Carson,Singer/Rapper,,Australia,17,Eliminated Week 5,9,5,False,False,10,5.0,5.0,True,6.0,0.08396946564885496
18,Cody Simpson,2,22.0,7.333333333333333,3,True,Witney Carson,Singer/Rapper,,Australia,17,Eliminated Week 5,9,5,False,False,10,5.0,5.0,True,6.0,0.09016393442622951
18,Cody Simpson,3,35.0,8.75,4,True,Witney Carson,Singer/Rapper,,Australia,17,Eliminated Week 5,9,5,False,False,10,5.0,5.0,True,6.0,0.11254019292604502
18,Cody Simpson,4,31.0,7.75,4,True,Witney Carson,Singer/Rapper,,Australia,17,Eliminated Week 5,9,5,False,False,10,5.0,5.0,True,8.0,0.10437710437710437
18,Cody Simpson,5,34.0,8.5,4,True,Witney Carson,Singer/Rapper,,Australia,17,Eliminated Week 5,9,5,False,False,10,5.0,5.0,True,8.0,0.10559006211180125
18,Cody Simpson,6,,,0,False,Witney Carson,Singer/Rapper,,Australia,17,Eliminated Week 5,9,5,False,False,10,5.0,5.0,False,,
18,Cody Simpson,7,,,0,False,Witney Carson,Singer/Rapper,,Australia,17,Eliminated Week 5,9,5,False,False,10,5.0,5.0,False,,
18,Cody Simpson,8,,,0,False,Witney Carson,Singer/Rapper,,Australia,17,Eliminated Week 5,9,5,False,False,10,5.0,5.0,False,,
18,Cody Simpson,9,,,0,False,Witney Carson,Singer/Rapper,,Australia,17,Eliminated Week 5,9,5,False,False,10,5.0,5.0,False,,
18,Cody Simpson,10,,,0,False,Witney Carson,Singer/Rapper,,Australia,17,Eliminated Week 5,9,5,False,False,10,5.0,5.0,False,,
18,Danica McKellar,1,24.0,8.0,3,True,Valentin Chmerkovskiy,Actor/Actress,California,United States,39,Eliminated Week 8,6,8,False,False,10,8.0,8.0,True,4.0,0.0916030534351145
18,Danica McKellar,2,24.0,8.0,3,True,Valentin Chmerkovskiy,Actor/Actress,California,United States,39,Eliminated Week 8,6,8,False,False,10,8.0,8.0,True,4.5,0.09836065573770492
18,Danica McKellar,3,36.0,9.0,4,True,Valentin Chmerkovskiy,Actor/Actress,California,United States,39,Eliminated Week 8,6,8,False,False,10,8.0,8.0,True,3.5,0.1157556270096463
18,Danica McKellar,4,32.0,8.0,4,True,Valentin Chmerkovskiy,Actor/Actress,California,United States,39,Eliminated Week 8,6,8,False,False,10,8.0,8.0,True,6.5,0.10774410774410774
18,Danica McKellar,5,39.0,9.75,4,True,Valentin Chmerkovskiy,Actor/Actress,California,United States,39,Eliminated Week 8,6,8,False,False,10,8.0,8.0,True,2.0,0.12111801242236025
18,Danica McKellar,6,36.0,9.0,4,True,Valentin Chmerkovskiy,Actor/Actress,California,United States,39,Eliminated Week 8,6,8,False,False,10,8.0,8.0,True,3.5,0.1276595744680851
18,Danica McKellar,7,36.0,9.0,4,True,Valentin Chmerkovskiy,Actor/Actress,California,United States,39,Eliminated Week 8,6,8,False,False,10,8.0,8.0,True,4.0,0.1422924901185771
18,Danica McKellar,8,38.0,9.5,4,True,Valentin Chmerkovskiy,Actor/Actress,California,United States,39,Eliminated Week 8,6,8,False,False,10,8.0,8.0,True,3.0,0.168141592920354
18,Danica McKellar,9,,,0,False,Valentin Chmerkovskiy,Actor/Actress,California,United States,39,Eliminated Week 8,6,8,False,False,10,8.0,8.0,False,,
18,Danica McKellar,10,,,0,False,Valentin Chmerkovskiy,Actor/Actress,California,United States,39,Eliminated Week 8,6,8,False,False,10,8.0,8.0,False,,
18,Diana Nyad,1,18.0,6.0,3,True,Henry Byalikov,Athlete,New York,United States,64,Eliminated Week 2,12,2,False,False,10,2.0,1.0,True,11.0,0.06870229007633588
18,Diana Nyad,2,,,0,False,Henry Byalikov,Athlete,New York,United States,64,Eliminated Week 2,12,2,False,False,10,2.0,1.0,True,,
18,Diana Nyad,3,,,0,False,Henry Byalikov,Athlete,New York,United States,64,Eliminated Week 2,12,2,False,False,10,2.0,1.0,False,,
18,Diana Nyad,4,,,0,False,Henry Byalikov,Athlete,New York,United States,64,Eliminated Week 2,12,2,False,False,10,2.0,1.0,False,,
18,Diana Nyad,5,,,0,False,Henry Byalikov,Athlete,New York,United States,64,Eliminated Week 2,12,2,False,False,10,2.0,1.0,False,,
18,Diana Nyad,6,,,0,False,Henry Byalikov,Athlete,New York,United States,64,Eliminated Week 2,12,2,False,False,10,2.0,1.0,False,,
18,Diana Nyad,7,,,0,False,Henry Byalikov,Athlete,New York,United States,64,Eliminated Week 2,12,2,False,False,10,2.0,1.0,False,,
18,Diana Nyad,8,,,0,False,Henry Byalikov,Athlete,New York,United States,64,Eliminated Week 2,12,2,False,False,10,2.0,1.0,False,,
18,Diana Nyad,9,,,0,False,Henry Byalikov,Athlete,New York,United States,64,Eliminated Week 2,12,2,False,False,10,2.0,1.0,False,,
18,Diana Nyad,10,,,0,False,Henry Byalikov,Athlete,New York,United States,64,Eliminated Week 2,12,2,False,False,10,2.0,1.0,False,,
18,Drew Carey,1,21.0,7.0,3,True,Cheryl Burke,Comedian,Ohio,United States,55,Eliminated Week 6,8,6,False,False,10,6.0,6.0,True,8.0,0.08015267175572519
18,Drew Carey,2,21.0,7.0,3,True,Cheryl Burke,Comedian,Ohio,United States,55,Eliminated Week 6,8,6,False,False,10,6.0,6.0,True,8.5,0.0860655737704918
18,Drew Carey,3,30.0,7.5,4,True,Cheryl Burke,Comedian,Ohio,United States,55,Eliminated Week 6,8,6,False,False,10,6.0,6.0,True,9.0,0.09646302250803858
18,Drew Carey,4,33.0,8.25,4,True,Cheryl Burke,Comedian,Ohio,United States,55,Eliminated Week 6,8,6,False,False,10,6.0,6.0,True,4.5,0.1111111111111111
18,Drew Carey,5,28.0,7.0,4,True,Cheryl Burke,Comedian,Ohio,United States,55,Eliminated Week 6,8,6,False,False,10,6.0,6.0,True,9.0,0.08695652173913043
18,Drew Carey,6,32.0,8.0,4,True,Cheryl Burke,Comedian,Ohio,United States,55,Eliminated Week 6,8,6,False,False,10,6.0,6.0,True,7.5,0.11347517730496454
18,Drew Carey,7,,,0,False,Cheryl Burke,Comedian,Ohio,United States,55,Eliminated Week 6,8,6,False,False,10,6.0,6.0,False,,
18,Drew Carey,8,,,0,False,Cheryl Burke,Comedian,Ohio,United States,55,Eliminated Week 6,8,6,False,False,10,6.0,6.0,False,,
18,Drew Carey,9,,,0,False,Cheryl Burke,Comedian,Ohio,United States,55,Eliminated Week 6,8,6,False,False,10,6.0,6.0,False,,
18,Drew Carey,10,,,0,False,Cheryl Burke,Comedian,Ohio,United States,55,Eliminated Week 6,8,6,False,False,10,6.0,6.0,False,,
18,James Maslow,1,21.0,7.0,3,True,Peta Murgatroyd,Actor/Actress,New York,United States,23,Eliminated Week 10,4,10,False,False,10,10.0,10.0,True,8.0,0.08015267175572519
18,James Maslow,2,25.0,8.333333333333334,3,True,Peta Murgatroyd,Actor/Actress,New York,United States,23,Eliminated Week 10,4,10,False,False,10,10.0,10.0,True,2.0,0.10245901639344263
18,James Maslow,3,36.0,9.0,4,True,Peta Murgatroyd,Actor/Actress,New York,United States,23,Eliminated Week 10,4,10,False,False,10,10.0,10.0,True,3.5,0.1157556270096463
18,James Maslow,4,35.0,8.75,4,True,Peta Murgatroyd,Actor/Actress,New York,United States,23,Eliminated Week 10,4,10,False,False,10,10.0,10.0,True,2.0,0.11784511784511785
18,James Maslow,5,40.0,10.0,4,True,Peta Murgatroyd,Actor/Actress,New York,United States,23,Eliminated Week 10,4,10,False,False,10,10.0,10.0,True,1.0,0.12422360248447205
18,James Maslow,6,35.0,8.75,4,True,Peta Murgatroyd,Actor/Actress,New York,United States,23,Eliminated Week 10,4,10,False,False,10,10.0,10.0,True,5.0,0.12411347517730496
18,James Maslow,7,35.0,8.75,4,True,Peta Murgatroyd,Actor/Actress,New York,United States,23,Eliminated Week 10,4,10,False,False,10,10.0,10.0,True,6.0,0.1383399209486166
18,James Maslow,8,36.0,9.0,4,True,Peta Murgatroyd,Actor/Actress,New York,United States,23,Eliminated Week 10,4,10,False,False,10,10.0,10.0,True,5.0,0.1592920353982301
18,James Maslow,9,38.0,9.5,4,True,Peta Murgatroyd,Actor/Actress,New York,United States,23,Eliminated Week 10,4,10,False,False,10,10.0,10.0,True,3.5,0.19895287958115182
18,James Maslow,10,29.0,9.666666666666666,3,True,Peta Murgatroyd,Actor/Actress,New York,United States,23,Eliminated Week 10,4,10,False,False,10,10.0,10.0,True,3.0,0.2529075649013137
18,Meryl Davis,1,24.0,8.0,3,True,Maksim Chmerkoskiy,Athlete,Michigan,United States,27,1st Place,1,,False,True,10,10.0,10.0,True,4.0,0.0916030534351145
18,Meryl Davis,2,25.0,8.333333333333334,3,True,Maksim Chmerkoskiy,Athlete,Michigan,United States,27,1st Place,1,,False,True,10,10.0,10.0,True,2.0,0.10245901639344263
18,Meryl Davis,3,39.0,9.75,4,True,Maksim Chmerkoskiy,Athlete,Michigan,United States,27,1st Place,1,,False,True,10,10.0,10.0,True,1.0,0.12540192926045016
18,Meryl Davis,4,39.0,9.75,4,True,Maksim Chmerkoskiy,Athlete,Michigan,United States,27,1st Place,1,,False,True,10,10.0,10.0,True,1.0,0.13131313131313133
18,Meryl Davis,5,36.0,9.0,4,True,Maksim Chmerkoskiy,Athlete,Michigan,United States,27,1st Place,1,,False,True,10,10.0,10.0,True,5.5,0.11180124223602485
18,Meryl Davis,6,40.0,10.0,4,True,Maksim Chmerkoskiy,Athlete,Michigan,United States,27,1st Place,1,,False,True,10,10.0,10.0,True,1.0,0.14184397163120568
18,Meryl Davis,7,39.0,9.75,4,True,Maksim Chmerkoskiy,Athlete,Michigan,United States,27,1st Place,1,,False,True,10,10.0,10.0,True,1.0,0.1541501976284585
18,Meryl Davis,8,36.0,9.0,4,True,Maksim Chmerkoskiy,Athlete,Michigan,United States,27,1st Place,1,,False,True,10,10.0,10.0,True,5.0,0.1592920353982301
18,Meryl Davis,9,40.0,10.0,4,True,Maksim Chmerkoskiy,Athlete,Michigan,United States,27,1st Place,1,,False,True,10,10.0,10.0,True,1.0,0.2094240837696335
18,Meryl Davis,10,30.0,10.0,3,True,Maksim Chmerkoskiy,Athlete,Michigan,United States,27,1st Place,1,,False,True,10,10.0,10.0,True,1.0,0.2616285154151521
18,NeNe Leakes,1,21.0,7.0,3,True,Tony Dovolani,TV Personality,New York,United States,46,Eliminated Week 7,7,7,False,False,10,7.0,7.0,True,8.0,0.08015267175572519
18,NeNe Leakes,2,21.0,7.0,3,True,Tony Dovolani,TV Personality,New York,United States,46,Eliminated Week 7,7,7,False,False,10,7.0,7.0,True,8.5,0.0860655737704918
18,NeNe Leakes,3,31.0,7.75,4,True,Tony Dovolani,TV Personality,New York,United States,46,Eliminated Week 7,7,7,False,False,10,7.0,7.0,True,8.0,0.09967845659163987
18,NeNe Leakes,4,32.0,8.0,4,True,Tony Dovolani,TV Personality,New York,United States,46,Eliminated Week 7,7,7,False,False,10,7.0,7.0,True,6.5,0.10774410774410774
18,NeNe Leakes,5,36.0,9.0,4,True,Tony Dovolani,TV Personality,New York,United States,46,Eliminated Week 7,7,7,False,False,10,7.0,7.0,True,5.5,0.11180124223602485
18,NeNe Leakes,6,33.0,8.25,4,True,Tony Dovolani,TV Personality,New York,United States,46,Eliminated Week 7,7,7,False,False,10,7.0,7.0,True,6.0,0.11702127659574468
18,NeNe Leakes,7,33.0,8.25,4,True,Tony Dovolani,TV Personality,New York,United States,46,Eliminated Week 7,7,7,False,False,10,7.0,7.0,True,7.0,0.13043478260869565
18,NeNe Leakes,8,,,0,False,Tony Dovolani,TV Personality,New York,United States,46,Eliminated Week 7,7,7,False,False,10,7.0,7.0,False,,
18,NeNe Leakes,9,,,0,False,Tony Dovolani,TV Personality,New York,United States,46,Eliminated Week 7,7,7,False,False,10,7.0,7.0,False,,
18,NeNe Leakes,10,,,0,False,Tony Dovolani,TV Personality,New York,United States,46,Eliminated Week 7,7,7,False,False,10,7.0,7.0,False,,
18,Sean Avery,1,20.0,6.666666666666667,3,True,Karina Smirnoff,Athlete,,Canada,33,Eliminated Week 2,11,2,False,False,10,2.0,2.0,True,10.0,0.07633587786259542
18,Sean Avery,2,21.0,7.0,3,True,Karina Smirnoff,Athlete,,Canada,33,Eliminated Week 2,11,2,False,False,10,2.0,2.0,True,8.5,0.0860655737704918
18,Sean Avery,3,,,0,False,Karina Smirnoff,Athlete,,Canada,33,Eliminated Week 2,11,2,False,False,10,2.0,2.0,False,,
18,Sean Avery,4,,,0,False,Karina Smirnoff,Athlete,,Canada,33,Eliminated Week 2,11,2,False,False,10,2.0,2.0,False,,
18,Sean Avery,5,,,0,False,Karina Smirnoff,Athlete,,Canada,33,Eliminated Week 2,11,2,False,False,10,2.0,2.0,False,,
18,Sean Avery,6,,,0,False,Karina Smirnoff,Athlete,,Canada,33,Eliminated Week 2,11,2,False,False,10,2.0,2.0,False,,
18,Sean Avery,7,,,0,False,Karina Smirnoff,Athlete,,Canada,33,Eliminated Week 2,11,2,False,False,10,2.0,2.0,False,,
18,Sean Avery,8,,,0,False,Karina Smirnoff,Athlete,,Canada,33,Eliminated Week 2,11,2,False,False,10,2.0,2.0,False,,
18,Sean Avery,9,,,0,False,Karina Smirnoff,Athlete,,Canada,33,Eliminated Week 2,11,2,False,False,10,2.0,2.0,False,,
18,Sean Avery,10,,,0,False,Karina Smirnoff,Athlete,,Canada,33,Eliminated Week 2,11,2,False,False,10,2.0,2.0,False,,
19,Alfonso Ribeiro,1,36.0,9.0,4,True,Witney Carson,Actor/Actress,New York,United States,42,1st Place,1,,False,True,11,11.0,11.0,True,1.0,0.0967741935483871
19,Alfonso Ribeiro,2,32.0,8.0,4,True,Witney Carson,Actor/Actress,New York,United States,42,1st Place,1,,False,True,11,11.0,11.0,True,4.0,0.08839779005524862
19,Alfonso Ribeiro,3,32.0,8.0,4,True,Witney Carson,Actor/Actress,New York,United States,42,1st Place,1,,False,True,11,11.0,11.0,True,5.0,0.0906515580736544
19,Alfonso Ribeiro,4,40.0,10.0,4,True,Witney Carson,Actor/Actress,New York,United States,42,1st Place,1,,False,True,11,11.0,11.0,True,1.0,0.125
19,Alfonso Ribeiro,5,34.0,8.5,4,True,Witney Carson,Actor/Actress,New York,United States,42,1st Place,1,,False,True,11,11.0,11.0,True,2.5,0.12878787878787878
19,Alfonso Ribeiro,6,39.0,9.75,4,True,Witney Carson,Actor/Actress,New York,United States,42,1st Place,1,,False,True,11,11.0,11.0,True,1.0,0.13310580204778158
19,Alfonso Ribeiro,7,34.0,8.5,4,True,Witney Carson,Actor/Actress,New York,United States,42,1st Place,1,,False,True,11,11.0,11.0,True,3.0,0.13152804642166344
19,Alfonso Ribeiro,8,41.0,10.25,4,True,Witney Carson,Actor/Actress,New York,United States,42,1st Place,1,,False,True,11,11.0,11.0,True,2.0,0.16532258064516128
19,Alfonso Ribeiro,9,38.5,9.625,4,True,Witney Carson,Actor/Actress,New York,United States,42,1st Place,1,,False,True,11,11.0,11.0,True,1.5,0.17990654205607476
19,Alfonso Ribeiro,10,37.5,9.375,4,True,Witney Carson,Actor/Actress,New York,United States,42,1st Place,1,,False,True,11,11.0,11.0,True,3.0,0.2054794520547945
19,Alfonso Ribeiro,11,40.0,10.0,4,True,Witney Carson,Actor/Actress,New York,United States,42,1st Place,1,,False,True,11,11.0,11.0,True,1.0,0.255864084998049
19,Antonio Sabato Jr.,1,25.0,6.25,4,True,Cheryl Burke,Actor/Actress,,Italy,42,Eliminated Week 7,8,7,False,False,11,7.0,7.0,True,10.5,0.06720430107526881
19,Antonio Sabato Jr.,2,31.0,7.75,4,True,Cheryl Burke,Actor/Actress,,Italy,42,Eliminated Week 7,8,7,False,False,11,7.0,7.0,True,5.5,0.0856353591160221
19,Antonio Sabato Jr.,3,29.0,7.25,4,True,Cheryl Burke,Actor/Actress,,Italy,42,Eliminated Week 7,8,7,False,False,11,7.0,7.0,True,8.5,0.0821529745042493
19,Antonio Sabato Jr.,4,29.0,7.25,4,True,Cheryl Burke,Actor/Actress,,Italy,42,Eliminated Week 7,8,7,False,False,11,7.0,7.0,True,6.5,0.090625
19,Antonio Sabato Jr.,5,28.0,7.0,4,True,Cheryl Burke,Actor/Actress,,Italy,42,Eliminated Week 7,8,7,False,False,11,7.0,7.0,True,6.0,0.10606060606060606
19,Antonio Sabato Jr.,6,28.0,7.0,4,True,Cheryl Burke,Actor/Actress,,Italy,42,Eliminated Week 7,8,7,False,False,11,7.0,7.0,True,8.5,0.09556313993174062
19,Antonio Sabato Jr.,7,29.5,7.375,4,True,Cheryl Burke,Actor/Actress,,Italy,42,Eliminated Week 7,8,7,False,False,11,7.0,7.0,True,7.0,0.11411992263056092
19,Antonio Sabato Jr.,8,,,0,False,Cheryl Burke,Actor/Actress,,Italy,42,Eliminated Week 7,8,7,False,False,11,7.0,7.0,False,,
19,Antonio Sabato Jr.,9,,,0,False,Cheryl Burke,Actor/Actress,,Italy,42,Eliminated Week 7,8,7,False,False,11,7.0,7.0,False,,
19,Antonio Sabato Jr.,10,,,0,False,Cheryl Burke,Actor/Actress,,Italy,42,Eliminated Week 7,8,7,False,False,11,7.0,7.0,False,,
19,Antonio Sabato Jr.,11,,,0,False,Cheryl Burke,Actor/Actress,,Italy,42,Eliminated Week 7,8,7,False,False,11,7.0,7.0,False,,
19,Bethany Mota,1,32.0,8.0,4,True,Derek Hough,Social Media Personality,California,United States,18,Eliminated Week 11,4,11,False,False,11,11.0,11.0,True,3.5,0.08602150537634409
19,Bethany Mota,2,33.0,8.25,4,True,Derek Hough,Social Media Personality,California,United States,18,Eliminated Week 11,4,11,False,False,11,11.0,11.0,True,3.0,0.09116022099447514
19,Bethany Mota,3,40.0,10.0,4,True,Derek Hough,Social Media Personality,California,United States,18,Eliminated Week 11,4,11,False,False,11,11.0,11.0,True,1.5,0.11331444759206799
19,Bethany Mota,4,33.0,8.25,4,True,Derek Hough,Social Media Personality,California,United States,18,Eliminated Week 11,4,11,False,False,11,11.0,11.0,True,5.0,0.103125
19,Bethany Mota,5,32.0,8.0,4,True,Derek Hough,Social Media Personality,California,United States,18,Eliminated Week 11,4,11,False,False,11,11.0,11.0,True,5.0,0.12121212121212122
19,Bethany Mota,6,36.0,9.0,4,True,Derek Hough,Social Media Personality,California,United States,18,Eliminated Week 11,4,11,False,False,11,11.0,11.0,True,2.0,0.12286689419795221
19,Bethany Mota,7,37.5,9.375,4,True,Derek Hough,Social Media Personality,California,United States,18,Eliminated Week 11,4,11,False,False,11,11.0,11.0,True,1.0,0.1450676982591876
19,Bethany Mota,8,40.0,10.0,4,True,Derek Hough,Social Media Personality,California,United States,18,Eliminated Week 11,4,11,False,False,11,11.0,11.0,True,3.0,0.16129032258064516
19,Bethany Mota,9,37.0,9.25,4,True,Derek Hough,Social Media Personality,California,United States,18,Eliminated Week 11,4,11,False,False,11,11.0,11.0,True,3.0,0.17289719626168223
19,Bethany Mota,10,38.0,9.5,4,True,Derek Hough,Social Media Personality,California,United States,18,Eliminated Week 11,4,11,False,False,11,11.0,11.0,True,2.0,0.20821917808219179
19,Bethany Mota,11,38.0,9.5,4,True,Derek Hough,Social Media Personality,California,United States,18,Eliminated Week 11,4,11,False,False,11,11.0,11.0,True,4.0,0.2430708807481466
19,Betsey Johnson,1,20.0,5.0,4,True,Tony Dovolani,Fashion Designer,Connecticut,United States,72,Eliminated Week 4,10,4,False,False,11,4.0,4.0,True,13.0,0.053763440860215055
19,Betsey Johnson,2,28.0,7.0,4,True,Tony Dovolani,Fashion Designer,Connecticut,United States,72,Eliminated Week 4,10,4,False,False,11,4.0,4.0,True,9.5,0.07734806629834254
19,Betsey Johnson,3,29.0,7.25,4,True,Tony Dovolani,Fashion Designer,Connecticut,United States,72,Eliminated Week 4,10,4,False,False,11,4.0,4.0,True,8.5,0.0821529745042493
19,Betsey Johnson,4,29.0,7.25,4,True,Tony Dovolani,Fashion Designer,Connecticut,United States,72,Eliminated Week 4,10,4,False,False,11,4.0,4.0,True,6.5,0.090625
19,Betsey Johnson,5,,,0,False,Tony Dovolani,Fashion Designer,Connecticut,United States,72,Eliminated Week 4,10,4,False,False,11,4.0,4.0,False,,
19,Betsey Johnson,6,,,0,False,Tony Dovolani,Fashion Designer,Connecticut,United States,72,Eliminated Week 4,10,4,False,False,11,4.0,4.0,False,,
19,Betsey Johnson,7,,,0,False,Tony Dovolani,Fashion Designer,Connecticut,United States,72,Eliminated Week 4,10,4,False,False,11,4.0,4.0,False,,
19,Betsey Johnson,8,,,0,False,Tony Dovolani,Fashion Designer,Connecticut,United States,72,Eliminated Week 4,10,4,False,False,11,4.0,4.0,False,,
19,Betsey Johnson,9,,,0,False,Tony Dovolani,Fashion Designer,Connecticut,United States,72,Eliminated Week 4,10,4,False,False,11,4.0,4.0,False,,
19,Betsey Johnson,10,,,0,False,Tony Dovolani,Fashion Designer,Connecticut,United States,72,Eliminated Week 4,10,4,False,False,11,4.0,4.0,False,,
19,Betsey Johnson,11,,,0,False,Tony Dovolani,Fashion Designer,Connecticut,United States,72,Eliminated Week 4,10,4,False,False,11,4.0,4.0,False,,
19,Janel Parrish,1,29.0,7.25,4,True,Valentin Chmerkovskiy,Actor/Actress,Hawaii,United States,25,3rd Place,3,,False,True,11,11.0,11.0,True,7.5,0.07795698924731183
19,Janel Parrish,2,34.0,8.5,4,True,Valentin Chmerkovskiy,Actor/Actress,Hawaii,United States,25,3rd Place,3,,False,True,11,11.0,11.0,True,2.0,0.09392265193370165
19,Janel Parrish,3,40.0,10.0,4,True,Valentin Chmerkovskiy,Actor/Actress,Hawaii,United States,25,3rd Place,3,,False,True,11,11.0,11.0,True,1.5,0.11331444759206799
19,Janel Parrish,4,36.0,9.0,4,True,Valentin Chmerkovskiy,Actor/Actress,Hawaii,United States,25,3rd Place,3,,False,True,11,11.0,11.0,True,4.0,0.1125
19,Janel Parrish,5,33.0,8.25,4,True,Valentin Chmerkovskiy,Actor/Actress,Hawaii,United States,25,3rd Place,3,,False,True,11,11.0,11.0,True,4.0,0.125
19,Janel Parrish,6,33.0,8.25,4,True,Valentin Chmerkovskiy,Actor/Actress,Hawaii,United States,25,3rd Place,3,,False,True,11,11.0,11.0,True,4.0,0.11262798634812286
19,Janel Parrish,7,33.5,8.375,4,True,Valentin Chmerkovskiy,Actor/Actress,Hawaii,United States,25,3rd Place,3,,False,True,11,11.0,11.0,True,4.0,0.12959381044487428
19,Janel Parrish,8,43.0,10.75,4,True,Valentin Chmerkovskiy,Actor/Actress,Hawaii,United States,25,3rd Place,3,,False,True,11,11.0,11.0,True,1.0,0.17338709677419356
19,Janel Parrish,9,38.5,9.625,4,True,Valentin Chmerkovskiy,Actor/Actress,Hawaii,United States,25,3rd Place,3,,False,True,11,11.0,11.0,True,1.5,0.17990654205607476
19,Janel Parrish,10,39.0,9.75,4,True,Valentin Chmerkovskiy,Actor/Actress,Hawaii,United States,25,3rd Place,3,,False,True,11,11.0,11.0,True,1.0,0.2136986301369863
19,Janel Parrish,11,38.9998,9.74995,4,True,Valentin Chmerkovskiy,Actor/Actress,Hawaii,United States,25,3rd Place,3,,False,True,11,11.0,11.0,True,3.0,0.24946620355267282
19,Jonathan Bennett,1,30.0,7.5,4,True,Allison Holker,Actor/Actress,Ohio,United States,33,Eliminated Week 6,9,6,False,False,11,6.0,6.0,True,6.0,0.08064516129032258
19,Jonathan Bennett,2,30.0,7.5,4,True,Allison Holker,Actor/Actress,Ohio,United States,33,Eliminated Week 6,9,6,False,False,11,6.0,6.0,True,7.0,0.08287292817679558
19,Jonathan Bennett,3,32.0,8.0,4,True,Allison Holker,Actor/Actress,Ohio,United States,33,Eliminated Week 6,9,6,False,False,11,6.0,6.0,True,5.0,0.0906515580736544
19,Jonathan Bennett,4,24.0,6.0,4,True,Allison Holker,Actor/Actress,Ohio,United States,33,Eliminated Week 6,9,6,False,False,11,6.0,6.0,True,10.0,0.075
19,Jonathan Bennett,5,24.0,6.0,4,True,Allison Holker,Actor/Actress,Ohio,United States,33,Eliminated Week 6,9,6,False,False,11,6.0,6.0,True,7.0,0.09090909090909091
19,Jonathan Bennett,6,32.0,8.0,4,True,Allison Holker,Actor/Actress,Ohio,United States,33,Eliminated Week 6,9,6,False,False,11,6.0,6.0,True,5.5,0.10921501706484642
19,Jonathan Bennett,7,,,0,False,Allison Holker,Actor/Actress,Ohio,United States,33,Eliminated Week 6,9,6,False,False,11,6.0,6.0,False,,
19,Jonathan Bennett,8,,,0,False,Allison Holker,Actor/Actress,Ohio,United States,33,Eliminated Week 6,9,6,False,False,11,6.0,6.0,False,,
19,Jonathan Bennett,9,,,0,False,Allison Holker,Actor/Actress,Ohio,United States,33,Eliminated Week 6,9,6,False,False,11,6.0,6.0,False,,
19,Jonathan Bennett,10,,,0,False,Allison Holker,Actor/Actress,Ohio,United States,33,Eliminated Week 6,9,6,False,False,11,6.0,6.0,False,,
19,Jonathan Bennett,11,,,0,False,Allison Holker,Actor/Actress,Ohio,United States,33,Eliminated Week 6,9,6,False,False,11,6.0,6.0,False,,
19,Lea Thompson,1,32.0,8.0,4,True,Artem Chigvintsev,Actor/Actress,Minnesota,United States,53,Eliminated Week 9,6,9,False,False,11,9.0,9.0,True,3.5,0.08602150537634409
19,Lea Thompson,2,35.0,8.75,4,True,Artem Chigvintsev,Actor/Actress,Minnesota,United States,53,Eliminated Week 9,6,9,False,False,11,9.0,9.0,True,1.0,0.09668508287292818
19,Lea Thompson,3,31.0,7.75,4,True,Artem Chigvintsev,Actor/Actress,Minnesota,United States,53,Eliminated Week 9,6,9,False,False,11,9.0,9.0,True,7.0,0.08781869688385269
19,Lea Thompson,4,39.0,9.75,4,True,Artem Chigvintsev,Actor/Actress,Minnesota,United States,53,Eliminated Week 9,6,9,False,False,11,9.0,9.0,True,2.0,0.121875
19,Lea Thompson,5,34.0,8.5,4,True,Artem Chigvintsev,Actor/Actress,Minnesota,United States,53,Eliminated Week 9,6,9,False,False,11,9.0,9.0,True,2.5,0.12878787878787878
19,Lea Thompson,6,32.0,8.0,4,True,Artem Chigvintsev,Actor/Actress,Minnesota,United States,53,Eliminated Week 9,6,9,False,False,11,9.0,9.0,True,5.5,0.10921501706484642
19,Lea Thompson,7,35.0,8.75,4,True,Artem Chigvintsev,Actor/Actress,Minnesota,United States,53,Eliminated Week 9,6,9,False,False,11,9.0,9.0,True,2.0,0.13539651837524178
19,Lea Thompson,8,32.0,8.0,4,True,Artem Chigvintsev,Actor/Actress,Minnesota,United States,53,Eliminated Week 9,6,9,False,False,11,9.0,9.0,True,5.0,0.12903225806451613
19,Lea Thompson,9,35.0,8.75,4,True,Artem Chigvintsev,Actor/Actress,Minnesota,United States,53,Eliminated Week 9,6,9,False,False,11,9.0,9.0,True,5.0,0.16355140186915887
19,Lea Thompson,10,,,0,False,Artem Chigvintsev,Actor/Actress,Minnesota,United States,53,Eliminated Week 9,6,9,False,False,11,9.0,9.0,False,,
19,Lea Thompson,11,,,0,False,Artem Chigvintsev,Actor/Actress,Minnesota,United States,53,Eliminated Week 9,6,9,False,False,11,9.0,9.0,False,,
19,Lolo Jones,1,22.0,5.5,4,True,Keo Motsepe,Athlete,Iowa,United States,32,Eliminated Week 1,13,1,False,False,11,1.0,1.0,True,12.0,0.05913978494623656
19,Lolo Jones,2,,,0,False,Keo Motsepe,Athlete,Iowa,United States,32,Eliminated Week 1,13,1,False,False,11,1.0,1.0,False,,
19,Lolo Jones,3,,,0,False,Keo Motsepe,Athlete,Iowa,United States,32,Eliminated Week 1,13,1,False,False,11,1.0,1.0,False,,
19,Lolo Jones,4,,,0,False,Keo Motsepe,Athlete,Iowa,United States,32,Eliminated Week 1,13,1,False,False,11,1.0,1.0,False,,
19,Lolo Jones,5,,,0,False,Keo Motsepe,Athlete,Iowa,United States,32,Eliminated Week 1,13,1,False,False,11,1.0,1.0,False,,
19,Lolo Jones,6,,,0,False,Keo Motsepe,Athlete,Iowa,United States,32,Eliminated Week 1,13,1,False,False,11,1.0,1.0,False,,
19,Lolo Jones,7,,,0,False,Keo Motsepe,Athlete,Iowa,United States,32,Eliminated Week 1,13,1,False,False,11,1.0,1.0,False,,
19,Lolo Jones,8,,,0,False,Keo Motsepe,Athlete,Iowa,United States,32,Eliminated Week 1,13,1,False,False,11,1.0,1.0,False,,
19,Lolo Jones,9,,,0,False,Keo Motsepe,Athlete,Iowa,United States,32,Eliminated Week 1,13,1,False,False,11,1.0,1.0,False,,
19,Lolo Jones,10,,,0,False,Keo Motsepe,Athlete,Iowa,United States,32,Eliminated Week 1,13,1,False,False,11,1.0,1.0,False,,
19,Lolo Jones,11,,,0,False,Keo Motsepe,Athlete,Iowa,United States,32,Eliminated Week 1,13,1,False,False,11,1.0,1.0,False,,
19,Michael Waltrip,1,25.0,6.25,4,True,Emma Slater,Racing Driver,Kentucky,United States,51,Eliminated Week 8,7,8,False,False,11,8.0,8.0,True,10.5,0.06720430107526881
19,Michael Waltrip,2,24.0,6.0,4,True,Emma Slater,Racing Driver,Kentucky,United States,51,Eliminated Week 8,7,8,False,False,11,8.0,8.0,True,12.0,0.06629834254143646
19,Michael Waltrip,3,28.0,7.0,4,True,Emma Slater,Racing Driver,Kentucky,United States,51,Eliminated Week 8,7,8,False,False,11,8.0,8.0,True,10.0,0.07932011331444759
19,Michael Waltrip,4,25.0,6.25,4,True,Emma Slater,Racing Driver,Kentucky,United States,51,Eliminated Week 8,7,8,False,False,11,8.0,8.0,True,9.0,0.078125
19,Michael Waltrip,5,20.0,5.0,4,True,Emma Slater,Racing Driver,Kentucky,United States,51,Eliminated Week 8,7,8,False,False,11,8.0,8.0,True,9.0,0.07575757575757576
19,Michael Waltrip,6,30.0,7.5,4,True,Emma Slater,Racing Driver,Kentucky,United States,51,Eliminated Week 8,7,8,False,False,11,8.0,8.0,True,7.0,0.10238907849829351
19,Michael Waltrip,7,28.0,7.0,4,True,Emma Slater,Racing Driver,Kentucky,United States,51,Eliminated Week 8,7,8,False,False,11,8.0,8.0,True,8.0,0.10831721470019343
19,Michael Waltrip,8,25.0,6.25,4,True,Emma Slater,Racing Driver,Kentucky,United States,51,Eliminated Week 8,7,8,False,False,11,8.0,8.0,True,7.0,0.10080645161290322
19,Michael Waltrip,9,,,0,False,Emma Slater,Racing Driver,Kentucky,United States,51,Eliminated Week 8,7,8,False,False,11,8.0,8.0,False,,
19,Michael Waltrip,10,,,0,False,Emma Slater,Racing Driver,Kentucky,United States,51,Eliminated Week 8,7,8,False,False,11,8.0,8.0,False,,
19,Michael Waltrip,11,,,0,False,Emma Slater,Racing Driver,Kentucky,United States,51,Eliminated Week 8,7,8,False,False,11,8.0,8.0,False,,
19,Randy Couture,1,31.0,7.75,4,True,Karina Smirnoff,Athlete,Washington,United States,51,Eliminated Week 3,11,3,False,False,11,3.0,3.0,True,5.0,0.08333333333333333
19,Randy Couture,2,28.0,7.0,4,True,Karina Smirnoff,Athlete,Washington,United States,51,Eliminated Week 3,11,3,False,False,11,3.0,3.0,True,9.5,0.07734806629834254
19,Randy Couture,3,26.0,6.5,4,True,Karina Smirnoff,Athlete,Washington,United States,51,Eliminated Week 3,11,3,False,False,11,3.0,3.0,True,11.0,0.07365439093484419
19,Randy Couture,4,,,0,False,Karina Smirnoff,Athlete,Washington,United States,51,Eliminated Week 3,11,3,False,False,11,3.0,3.0,False,,
19,Randy Couture,5,,,0,False,Karina Smirnoff,Athlete,Washington,United States,51,Eliminated Week 3,11,3,False,False,11,3.0,3.0,False,,
19,Randy Couture,6,,,0,False,Karina Smirnoff,Athlete,Washington,United States,51,Eliminated Week 3,11,3,False,False,11,3.0,3.0,False,,
19,Randy Couture,7,,,0,False,Karina Smirnoff,Athlete,Washington,United States,51,Eliminated Week 3,11,3,False,False,11,3.0,3.0,False,,
19,Randy Couture,8,,,0,False,Karina Smirnoff,Athlete,Washington,United States,51,Eliminated Week 3,11,3,False,False,11,3.0,3.0,False,,
19,Randy Couture,9,,,0,False,Karina Smirnoff,Athlete,Washington,United States,51,Eliminated Week 3,11,3,False,False,11,3.0,3.0,False,,
19,Randy Couture,10,,,0,False,Karina Smirnoff,Athlete,Washington,United States,51,Eliminated Week 3,11,3,False,False,11,3.0,3.0,False,,
19,Randy Couture,11,,,0,False,Karina Smirnoff,Athlete,Washington,United States,51,Eliminated Week 3,11,3,False,False,11,3.0,3.0,False,,
19,Sadie Robertson,1,34.0,8.5,4,True,Mark Ballas,TV Personality,Louisiana,United States,17,2nd Place,2,,False,True,11,11.0,11.0,True,2.0,0.0913978494623656
19,Sadie Robertson,2,31.0,7.75,4,True,Mark Ballas,TV Personality,Louisiana,United States,17,2nd Place,2,,False,True,11,11.0,11.0,True,5.5,0.0856353591160221
19,Sadie Robertson,3,32.0,8.0,4,True,Mark Ballas,TV Personality,Louisiana,United States,17,2nd Place,2,,False,True,11,11.0,11.0,True,5.0,0.0906515580736544
19,Sadie Robertson,4,37.0,9.25,4,True,Mark Ballas,TV Personality,Louisiana,United States,17,2nd Place,2,,False,True,11,11.0,11.0,True,3.0,0.115625
19,Sadie Robertson,5,36.0,9.0,4,True,Mark Ballas,TV Personality,Louisiana,United States,17,2nd Place,2,,False,True,11,11.0,11.0,True,1.0,0.13636363636363635
19,Sadie Robertson,6,35.0,8.75,4,True,Mark Ballas,TV Personality,Louisiana,United States,17,2nd Place,2,,False,True,11,11.0,11.0,True,3.0,0.11945392491467577
19,Sadie Robertson,7,31.0,7.75,4,True,Mark Ballas,TV Personality,Louisiana,United States,17,2nd Place,2,,False,True,11,11.0,11.0,True,5.0,0.11992263056092843
19,Sadie Robertson,8,38.0,9.5,4,True,Mark Ballas,TV Personality,Louisiana,United States,17,2nd Place,2,,False,True,11,11.0,11.0,True,4.0,0.1532258064516129
19,Sadie Robertson,9,36.5,9.125,4,True,Mark Ballas,TV Personality,Louisiana,United States,17,2nd Place,2,,False,True,11,11.0,11.0,True,4.0,0.1705607476635514
19,Sadie Robertson,10,37.0,9.25,4,True,Mark Ballas,TV Personality,Louisiana,United States,17,2nd Place,2,,False,True,11,11.0,11.0,True,4.0,0.20273972602739726
19,Sadie Robertson,11,39.333200000000005,9.833300000000001,4,True,Mark Ballas,TV Personality,Louisiana,United States,17,2nd Place,2,,False,True,11,11.0,11.0,True,2.0,0.2515988307011316
19,Tavis Smiley,1,29.0,7.25,4,True,Sharna Burgess,Radio Personality,Mississippi,United States,50,Eliminated Week 2,12,2,False,False,11,2.0,2.0,True,7.5,0.07795698924731183
19,Tavis Smiley,2,28.0,7.0,4,True,Sharna Burgess,Radio Personality,Mississippi,United States,50,Eliminated Week 2,12,2,False,False,11,2.0,2.0,True,9.5,0.07734806629834254
19,Tavis Smiley,3,,,0,False,Sharna Burgess,Radio Personality,Mississippi,United States,50,Eliminated Week 2,12,2,False,False,11,2.0,2.0,False,,
19,Tavis Smiley,4,,,0,False,Sharna Burgess,Radio Personality,Mississippi,United States,50,Eliminated Week 2,12,2,False,False,11,2.0,2.0,False,,
19,Tavis Smiley,5,,,0,False,Sharna Burgess,Radio Personality,Mississippi,United States,50,Eliminated Week 2,12,2,False,False,11,2.0,2.0,False,,
19,Tavis Smiley,6,,,0,False,Sharna Burgess,Radio Personality,Mississippi,United States,50,Eliminated Week 2,12,2,False,False,11,2.0,2.0,False,,
19,Tavis Smiley,7,,,0,False,Sharna Burgess,Radio Personality,Mississippi,United States,50,Eliminated Week 2,12,2,False,False,11,2.0,2.0,False,,
19,Tavis Smiley,8,,,0,False,Sharna Burgess,Radio Personality,Mississippi,United States,50,Eliminated Week 2,12,2,False,False,11,2.0,2.0,False,,
19,Tavis Smiley,9,,,0,False,Sharna Burgess,Radio Personality,Mississippi,United States,50,Eliminated Week 2,12,2,False,False,11,2.0,2.0,False,,
19,Tavis Smiley,10,,,0,False,Sharna Burgess,Radio Personality,Mississippi,United States,50,Eliminated Week 2,12,2,False,False,11,2.0,2.0,False,,
19,Tavis Smiley,11,,,0,False,Sharna Burgess,Radio Personality,Mississippi,United States,50,Eliminated Week 2,12,2,False,False,11,2.0,2.0,False,,
19,Tommy Chong,1,27.0,6.75,4,True,Peta Murgatroyd,Comedian,,Canada,76,Eliminated Week 10,5,10,False,False,11,10.0,10.0,True,9.0,0.07258064516129033
19,Tommy Chong,2,28.0,7.0,4,True,Peta Murgatroyd,Comedian,,Canada,76,Eliminated Week 10,5,10,False,False,11,10.0,10.0,True,9.5,0.07734806629834254
19,Tommy Chong,3,34.0,8.5,4,True,Peta Murgatroyd,Comedian,,Canada,76,Eliminated Week 10,5,10,False,False,11,10.0,10.0,True,3.0,0.09631728045325778
19,Tommy Chong,4,28.0,7.0,4,True,Peta Murgatroyd,Comedian,,Canada,76,Eliminated Week 10,5,10,False,False,11,10.0,10.0,True,8.0,0.0875
19,Tommy Chong,5,23.0,5.75,4,True,Peta Murgatroyd,Comedian,,Canada,76,Eliminated Week 10,5,10,False,False,11,10.0,10.0,True,8.0,0.08712121212121213
19,Tommy Chong,6,28.0,7.0,4,True,Peta Murgatroyd,Comedian,,Canada,76,Eliminated Week 10,5,10,False,False,11,10.0,10.0,True,8.5,0.09556313993174062
19,Tommy Chong,7,30.0,7.5,4,True,Peta Murgatroyd,Comedian,,Canada,76,Eliminated Week 10,5,10,False,False,11,10.0,10.0,True,6.0,0.11605415860735009
19,Tommy Chong,8,29.0,7.25,4,True,Peta Murgatroyd,Comedian,,Canada,76,Eliminated Week 10,5,10,False,False,11,10.0,10.0,True,6.0,0.11693548387096774
19,Tommy Chong,9,28.5,7.125,4,True,Peta Murgatroyd,Comedian,,Canada,76,Eliminated Week 10,5,10,False,False,11,10.0,10.0,True,6.0,0.13317757009345793
19,Tommy Chong,10,31.0,7.75,4,True,Peta Murgatroyd,Comedian,,Canada,76,Eliminated Week 10,5,10,False,False,11,10.0,10.0,True,5.0,0.16986301369863013
19,Tommy Chong,11,,,0,False,Peta Murgatroyd,Comedian,,Canada,76,Eliminated Week 10,5,10,False,False,11,10.0,10.0,False,,
20,Charlotte McKinney,1,22.0,5.5,4,True,Keo Motsepe,Model,Florida,United States,21,Eliminated Week 3,11,3,False,False,10,3.0,3.0,True,11.5,0.06918238993710692
20,Charlotte McKinney,2,26.0,6.5,4,True,Keo Motsepe,Model,Florida,United States,21,Eliminated Week 3,11,3,False,False,10,3.0,3.0,True,11.0,0.07492795389048991
20,Charlotte McKinney,3,22.0,5.5,4,True,Keo Motsepe,Model,Florida,United States,21,Eliminated Week 3,11,3,False,False,10,3.0,3.0,True,10.5,0.07028753993610223
20,Charlotte McKinney,4,,,0,False,Keo Motsepe,Model,Florida,United States,21,Eliminated Week 3,11,3,False,False,10,3.0,3.0,False,,
20,Charlotte McKinney,5,,,0,False,Keo Motsepe,Model,Florida,United States,21,Eliminated Week 3,11,3,False,False,10,3.0,3.0,False,,
20,Charlotte McKinney,6,,,0,False,Keo Motsepe,Model,Florida,United States,21,Eliminated Week 3,11,3,False,False,10,3.0,3.0,False,,
20,Charlotte McKinney,7,,,0,False,Keo Motsepe,Model,Florida,United States,21,Eliminated Week 3,11,3,False,False,10,3.0,3.0,False,,
20,Charlotte McKinney,8,,,0,False,Keo Motsepe,Model,Florida,United States,21,Eliminated Week 3,11,3,False,False,10,3.0,3.0,False,,
20,Charlotte McKinney,9,,,0,False,Keo Motsepe,Model,Florida,United States,21,Eliminated Week 3,11,3,False,False,10,3.0,3.0,False,,
20,Charlotte McKinney,10,,,0,False,Keo Motsepe,Model,Florida,United States,21,Eliminated Week 3,11,3,False,False,10,3.0,3.0,False,,
20,Chris Soules,1,26.0,6.5,4,True,Witney Carson,TV Personality,Iowa,United States,33,Eliminated Week 8,5,8,False,False,10,8.0,8.0,True,6.0,0.08176100628930817
20,Chris Soules,2,21.0,5.25,4,True,Witney Carson,TV Personality,Iowa,United States,33,Eliminated Week 8,5,8,False,False,10,8.0,8.0,True,12.0,0.06051873198847262
20,Chris Soules,3,28.0,7.0,4,True,Witney Carson,TV Personality,Iowa,United States,33,Eliminated Week 8,5,8,False,False,10,8.0,8.0,True,7.0,0.08945686900958466
20,Chris Soules,4,27.0,6.75,4,True,Witney Carson,TV Personality,Iowa,United States,33,Eliminated Week 8,5,8,False,False,10,8.0,8.0,True,10.0,0.08307692307692308
20,Chris Soules,5,27.0,6.75,4,True,Witney Carson,TV Personality,Iowa,United States,33,Eliminated Week 8,5,8,False,False,10,8.0,8.0,True,7.5,0.09540636042402827
20,Chris Soules,6,35.0,8.75,4,True,Witney Carson,TV Personality,Iowa,United States,33,Eliminated Week 8,5,8,False,False,10,8.0,8.0,True,5.0,0.12367491166077739
20,Chris Soules,7,31.0,7.75,4,True,Witney Carson,TV Personality,Iowa,United States,33,Eliminated Week 8,5,8,False,False,10,8.0,8.0,True,6.5,0.1220472440944882
20,Chris Soules,8,32.0,8.0,4,True,Witney Carson,TV Personality,Iowa,United States,33,Eliminated Week 8,5,8,False,False,10,8.0,8.0,True,4.0,0.15130023640661938
20,Chris Soules,9,,,0,False,Witney Carson,TV Personality,Iowa,United States,33,Eliminated Week 8,5,8,False,False,10,8.0,8.0,False,,
20,Chris Soules,10,,,0,False,Witney Carson,TV Personality,Iowa,United States,33,Eliminated Week 8,5,8,False,False,10,8.0,8.0,False,,
20,Michael Sam,1,26.0,6.5,4,True,Peta Murgatroyd,Athlete,Texas,United States,25,Eliminated Week 4,10,4,False,False,10,4.0,4.0,True,6.0,0.08176100628930817
20,Michael Sam,2,28.0,7.0,4,True,Peta Murgatroyd,Athlete,Texas,United States,25,Eliminated Week 4,10,4,False,False,10,4.0,4.0,True,7.5,0.08069164265129683
20,Michael Sam,3,24.0,6.0,4,True,Peta Murgatroyd,Athlete,Texas,United States,25,Eliminated Week 4,10,4,False,False,10,4.0,4.0,True,9.0,0.07667731629392971
20,Michael Sam,4,30.0,7.5,4,True,Peta Murgatroyd,Athlete,Texas,United States,25,Eliminated Week 4,10,4,False,False,10,4.0,4.0,True,7.5,0.09230769230769231
20,Michael Sam,5,,,0,False,Peta Murgatroyd,Athlete,Texas,United States,25,Eliminated Week 4,10,4,False,False,10,4.0,4.0,False,,
20,Michael Sam,6,,,0,False,Peta Murgatroyd,Athlete,Texas,United States,25,Eliminated Week 4,10,4,False,False,10,4.0,4.0,False,,
20,Michael Sam,7,,,0,False,Peta Murgatroyd,Athlete,Texas,United States,25,Eliminated Week 4,10,4,False,False,10,4.0,4.0,False,,
20,Michael Sam,8,,,0,False,Peta Murgatroyd,Athlete,Texas,United States,25,Eliminated Week 4,10,4,False,False,10,4.0,4.0,False,,
20,Michael Sam,9,,,0,False,Peta Murgatroyd,Athlete,Texas,United States,25,Eliminated Week 4,10,4,False,False,10,4.0,4.0,False,,
20,Michael Sam,10,,,0,False,Peta Murgatroyd,Athlete,Texas,United States,25,Eliminated Week 4,10,4,False,False,10,4.0,4.0,False,,
20,Nastia Liukin,1,30.0,7.5,4,True,Derek Hough,Athlete,,Russia,25,Eliminated Week 9,4,9,False,False,10,9.0,9.0,True,3.0,0.09433962264150944
20,Nastia Liukin,2,34.0,8.5,4,True,Derek Hough,Athlete,,Russia,25,Eliminated Week 9,4,9,False,False,10,9.0,9.0,True,1.0,0.09798270893371758
20,Nastia Liukin,3,34.0,8.5,4,True,Derek Hough,Athlete,,Russia,25,Eliminated Week 9,4,9,False,False,10,9.0,9.0,True,1.5,0.10862619808306709
20,Nastia Liukin,4,36.0,9.0,4,True,Derek Hough,Athlete,,Russia,25,Eliminated Week 9,4,9,False,False,10,9.0,9.0,True,2.0,0.11076923076923077
20,Nastia Liukin,5,38.0,9.5,4,True,Derek Hough,Athlete,,Russia,25,Eliminated Week 9,4,9,False,False,10,9.0,9.0,True,2.5,0.13427561837455831
20,Nastia Liukin,6,36.5,9.125,4,True,Derek Hough,Athlete,,Russia,25,Eliminated Week 9,4,9,False,False,10,9.0,9.0,True,2.5,0.12897526501766785
20,Nastia Liukin,7,41.0,10.25,4,True,Derek Hough,Athlete,,Russia,25,Eliminated Week 9,4,9,False,False,10,9.0,9.0,True,1.0,0.16141732283464566
20,Nastia Liukin,8,38.0,9.5,4,True,Derek Hough,Athlete,,Russia,25,Eliminated Week 9,4,9,False,False,10,9.0,9.0,True,3.0,0.17966903073286053
20,Nastia Liukin,9,40.0,10.0,4,True,Derek Hough,Athlete,,Russia,25,Eliminated Week 9,4,9,False,False,10,9.0,9.0,True,1.5,0.25477707006369427
20,Nastia Liukin,10,,,0,False,Derek Hough,Athlete,,Russia,25,Eliminated Week 9,4,9,False,False,10,9.0,9.0,False,,
20,Noah Galloway,1,26.0,6.5,4,True,Sharna Burgess,Motivational Speaker,Alabama,United States,33,3rd Place,3,,False,True,10,10.0,10.0,True,6.0,0.08176100628930817
20,Noah Galloway,2,27.0,6.75,4,True,Sharna Burgess,Motivational Speaker,Alabama,United States,33,3rd Place,3,,False,True,10,10.0,10.0,True,10.0,0.07780979827089338
20,Noah Galloway,3,30.0,7.5,4,True,Sharna Burgess,Motivational Speaker,Alabama,United States,33,3rd Place,3,,False,True,10,10.0,10.0,True,5.0,0.09584664536741214
20,Noah Galloway,4,32.0,8.0,4,True,Sharna Burgess,Motivational Speaker,Alabama,United States,33,3rd Place,3,,False,True,10,10.0,10.0,True,6.0,0.09846153846153846
20,Noah Galloway,5,28.0,7.0,4,True,Sharna Burgess,Motivational Speaker,Alabama,United States,33,3rd Place,3,,False,True,10,10.0,10.0,True,5.5,0.0989399293286219
20,Noah Galloway,6,34.0,8.5,4,True,Sharna Burgess,Motivational Speaker,Alabama,United States,33,3rd Place,3,,False,True,10,10.0,10.0,True,6.5,0.12014134275618374
20,Noah Galloway,7,38.0,9.5,4,True,Sharna Burgess,Motivational Speaker,Alabama,United States,33,3rd Place,3,,False,True,10,10.0,10.0,True,3.0,0.14960629921259844
20,Noah Galloway,8,31.5,7.875,4,True,Sharna Burgess,Motivational Speaker,Alabama,United States,33,3rd Place,3,,False,True,10,10.0,10.0,True,5.0,0.14893617021276595
20,Noah Galloway,9,38.0,9.5,4,True,Sharna Burgess,Motivational Speaker,Alabama,United States,33,3rd Place,3,,False,True,10,10.0,10.0,True,4.0,0.24203821656050956
20,Noah Galloway,10,36.0,9.0,4,True,Sharna Burgess,Motivational Speaker,Alabama,United States,33,3rd Place,3,,False,True,10,10.0,10.0,True,3.0,0.3103448275862069
20,Patti LaBelle,1,25.0,6.25,4,True,Artem Chigvintsev,Singer/Rapper,Pennsylvania,United States,70,Eliminated Week 6,8,6,False,False,10,6.0,6.0,True,9.0,0.07861635220125786
20,Patti LaBelle,2,28.0,7.0,4,True,Artem Chigvintsev,Singer/Rapper,Pennsylvania,United States,70,Eliminated Week 6,8,6,False,False,10,6.0,6.0,True,7.5,0.08069164265129683
20,Patti LaBelle,3,22.0,5.5,4,True,Artem Chigvintsev,Singer/Rapper,Pennsylvania,United States,70,Eliminated Week 6,8,6,False,False,10,6.0,6.0,True,10.5,0.07028753993610223
20,Patti LaBelle,4,30.0,7.5,4,True,Artem Chigvintsev,Singer/Rapper,Pennsylvania,United States,70,Eliminated Week 6,8,6,False,False,10,6.0,6.0,True,7.5,0.09230769230769231
20,Patti LaBelle,5,27.0,6.75,4,True,Artem Chigvintsev,Singer/Rapper,Pennsylvania,United States,70,Eliminated Week 6,8,6,False,False,10,6.0,6.0,True,7.5,0.09540636042402827
20,Patti LaBelle,6,34.0,8.5,4,True,Artem Chigvintsev,Singer/Rapper,Pennsylvania,United States,70,Eliminated Week 6,8,6,False,False,10,6.0,6.0,True,6.5,0.12014134275618374
20,Patti LaBelle,7,,,0,False,Artem Chigvintsev,Singer/Rapper,Pennsylvania,United States,70,Eliminated Week 6,8,6,False,False,10,6.0,6.0,False,,
20,Patti LaBelle,8,,,0,False,Artem Chigvintsev,Singer/Rapper,Pennsylvania,United States,70,Eliminated Week 6,8,6,False,False,10,6.0,6.0,False,,
20,Patti LaBelle,9,,,0,False,Artem Chigvintsev,Singer/Rapper,Pennsylvania,United States,70,Eliminated Week 6,8,6,False,False,10,6.0,6.0,False,,
20,Patti LaBelle,10,,,0,False,Artem Chigvintsev,Singer/Rapper,Pennsylvania,United States,70,Eliminated Week 6,8,6,False,False,10,6.0,6.0,False,,
20,Redfoo,1,22.0,5.5,4,True,Emma Slater,Singer/Rapper,California,United States,39,Eliminated Week 2,12,2,False,False,10,2.0,2.0,True,11.5,0.06918238993710692
20,Redfoo,2,31.0,7.75,4,True,Emma Slater,Singer/Rapper,California,United States,39,Eliminated Week 2,12,2,False,False,10,2.0,2.0,True,5.0,0.0893371757925072
20,Redfoo,3,,,0,False,Emma Slater,Singer/Rapper,California,United States,39,Eliminated Week 2,12,2,False,False,10,2.0,2.0,False,,
20,Redfoo,4,,,0,False,Emma Slater,Singer/Rapper,California,United States,39,Eliminated Week 2,12,2,False,False,10,2.0,2.0,False,,
20,Redfoo,5,,,0,False,Emma Slater,Singer/Rapper,California,United States,39,Eliminated Week 2,12,2,False,False,10,2.0,2.0,False,,
20,Redfoo,6,,,0,False,Emma Slater,Singer/Rapper,California,United States,39,Eliminated Week 2,12,2,False,False,10,2.0,2.0,False,,
20,Redfoo,7,,,0,False,Emma Slater,Singer/Rapper,California,United States,39,Eliminated Week 2,12,2,False,False,10,2.0,2.0,False,,
20,Redfoo,8,,,0,False,Emma Slater,Singer/Rapper,California,United States,39,Eliminated Week 2,12,2,False,False,10,2.0,2.0,False,,
20,Redfoo,9,,,0,False,Emma Slater,Singer/Rapper,California,United States,39,Eliminated Week 2,12,2,False,False,10,2.0,2.0,False,,
20,Redfoo,10,,,0,False,Emma Slater,Singer/Rapper,California,United States,39,Eliminated Week 2,12,2,False,False,10,2.0,2.0,False,,
20,Riker Lynch,1,31.0,7.75,4,True,Allison Holker,Actor/Actress,Colorado,United States,23,2nd Place,2,,False,True,10,10.0,10.0,True,2.0,0.09748427672955975
20,Riker Lynch,2,32.0,8.0,4,True,Allison Holker,Actor/Actress,Colorado,United States,23,2nd Place,2,,False,True,10,10.0,10.0,True,3.0,0.09221902017291066
20,Riker Lynch,3,34.0,8.5,4,True,Allison Holker,Actor/Actress,Colorado,United States,23,2nd Place,2,,False,True,10,10.0,10.0,True,1.5,0.10862619808306709
20,Riker Lynch,4,34.0,8.5,4,True,Allison Holker,Actor/Actress,Colorado,United States,23,2nd Place,2,,False,True,10,10.0,10.0,True,4.5,0.10461538461538461
20,Riker Lynch,5,38.0,9.5,4,True,Allison Holker,Actor/Actress,Colorado,United States,23,2nd Place,2,,False,True,10,10.0,10.0,True,2.5,0.13427561837455831
20,Riker Lynch,6,38.0,9.5,4,True,Allison Holker,Actor/Actress,Colorado,United States,23,2nd Place,2,,False,True,10,10.0,10.0,True,1.0,0.13427561837455831
20,Riker Lynch,7,37.0,9.25,4,True,Allison Holker,Actor/Actress,Colorado,United States,23,2nd Place,2,,False,True,10,10.0,10.0,True,4.5,0.14566929133858267
20,Riker Lynch,8,39.0,9.75,4,True,Allison Holker,Actor/Actress,Colorado,United States,23,2nd Place,2,,False,True,10,10.0,10.0,True,2.0,0.18439716312056736
20,Riker Lynch,9,40.0,10.0,4,True,Allison Holker,Actor/Actress,Colorado,United States,23,2nd Place,2,,False,True,10,10.0,10.0,True,1.5,0.25477707006369427
20,Riker Lynch,10,40.0,10.0,4,True,Allison Holker,Actor/Actress,Colorado,United States,23,2nd Place,2,,False,True,10,10.0,10.0,True,1.5,0.3448275862068966
20,Robert Herjavec,1,28.0,7.0,4,True,Kym Johnson,Entrepreneur,,Croatia,52,Eliminated Week 8,6,8,False,False,10,8.0,8.0,True,4.0,0.0880503144654088
20,Robert Herjavec,2,28.0,7.0,4,True,Kym Johnson,Entrepreneur,,Croatia,52,Eliminated Week 8,6,8,False,False,10,8.0,8.0,True,7.5,0.08069164265129683
20,Robert Herjavec,3,29.0,7.25,4,True,Kym Johnson,Entrepreneur,,Croatia,52,Eliminated Week 8,6,8,False,False,10,8.0,8.0,True,6.0,0.0926517571884984
20,Robert Herjavec,4,34.0,8.5,4,True,Kym Johnson,Entrepreneur,,Croatia,52,Eliminated Week 8,6,8,False,False,10,8.0,8.0,True,4.5,0.10461538461538461
20,Robert Herjavec,5,24.0,6.0,4,True,Kym Johnson,Entrepreneur,,Croatia,52,Eliminated Week 8,6,8,False,False,10,8.0,8.0,True,9.0,0.08480565371024736
20,Robert Herjavec,6,33.5,8.375,4,True,Kym Johnson,Entrepreneur,,Croatia,52,Eliminated Week 8,6,8,False,False,10,8.0,8.0,True,8.0,0.11837455830388692
20,Robert Herjavec,7,31.0,7.75,4,True,Kym Johnson,Entrepreneur,,Croatia,52,Eliminated Week 8,6,8,False,False,10,8.0,8.0,True,6.5,0.1220472440944882
20,Robert Herjavec,8,31.0,7.75,4,True,Kym Johnson,Entrepreneur,,Croatia,52,Eliminated Week 8,6,8,False,False,10,8.0,8.0,True,6.0,0.14657210401891252
20,Robert Herjavec,9,,,0,False,Kym Johnson,Entrepreneur,,Croatia,52,Eliminated Week 8,6,8,False,False,10,8.0,8.0,False,,
20,Robert Herjavec,10,,,0,False,Kym Johnson,Entrepreneur,,Croatia,52,Eliminated Week 8,6,8,False,False,10,8.0,8.0,False,,
20,Rumer Willis,1,32.0,8.0,4,True,Valentin Chmerkovskiy,Actor/Actress,Kentucky,United States,26,1st Place,1,,False,True,10,10.0,10.0,True,1.0,0.10062893081761007
20,Rumer Willis,2,32.0,8.0,4,True,Valentin Chmerkovskiy,Actor/Actress,Kentucky,United States,26,1st Place,1,,False,True,10,10.0,10.0,True,3.0,0.09221902017291066
20,Rumer Willis,3,33.0,8.25,4,True,Valentin Chmerkovskiy,Actor/Actress,Kentucky,United States,26,1st Place,1,,False,True,10,10.0,10.0,True,3.0,0.10543130990415335
20,Rumer Willis,4,35.0,8.75,4,True,Valentin Chmerkovskiy,Actor/Actress,Kentucky,United States,26,1st Place,1,,False,True,10,10.0,10.0,True,3.0,0.1076923076923077
20,Rumer Willis,5,39.0,9.75,4,True,Valentin Chmerkovskiy,Actor/Actress,Kentucky,United States,26,1st Place,1,,False,True,10,10.0,10.0,True,1.0,0.13780918727915195
20,Rumer Willis,6,35.5,8.875,4,True,Valentin Chmerkovskiy,Actor/Actress,Kentucky,United States,26,1st Place,1,,False,True,10,10.0,10.0,True,4.0,0.1254416961130742
20,Rumer Willis,7,37.0,9.25,4,True,Valentin Chmerkovskiy,Actor/Actress,Kentucky,United States,26,1st Place,1,,False,True,10,10.0,10.0,True,4.5,0.14566929133858267
20,Rumer Willis,8,40.0,10.0,4,True,Valentin Chmerkovskiy,Actor/Actress,Kentucky,United States,26,1st Place,1,,False,True,10,10.0,10.0,True,1.0,0.18912529550827423
20,Rumer Willis,9,39.0,9.75,4,True,Valentin Chmerkovskiy,Actor/Actress,Kentucky,United States,26,1st Place,1,,False,True,10,10.0,10.0,True,3.0,0.2484076433121019
20,Rumer Willis,10,40.0,10.0,4,True,Valentin Chmerkovskiy,Actor/Actress,Kentucky,United States,26,1st Place,1,,False,True,10,10.0,10.0,True,1.5,0.3448275862068966
20,Suzanne Somers,1,25.0,6.25,4,True,Tony Dovolani,Actor/Actress,California,United States,68,Eliminated Week 5,9,5,False,False,10,5.0,5.0,True,9.0,0.07861635220125786
20,Suzanne Somers,2,28.0,7.0,4,True,Tony Dovolani,Actor/Actress,California,United States,68,Eliminated Week 5,9,5,False,False,10,5.0,5.0,True,7.5,0.08069164265129683
20,Suzanne Somers,3,25.0,6.25,4,True,Tony Dovolani,Actor/Actress,California,United States,68,Eliminated Week 5,9,5,False,False,10,5.0,5.0,True,8.0,0.07987220447284345
20,Suzanne Somers,4,28.0,7.0,4,True,Tony Dovolani,Actor/Actress,California,United States,68,Eliminated Week 5,9,5,False,False,10,5.0,5.0,True,9.0,0.08615384615384615
20,Suzanne Somers,5,28.0,7.0,4,True,Tony Dovolani,Actor/Actress,California,United States,68,Eliminated Week 5,9,5,False,False,10,5.0,5.0,True,5.5,0.0989399293286219
20,Suzanne Somers,6,,,0,False,Tony Dovolani,Actor/Actress,California,United States,68,Eliminated Week 5,9,5,False,False,10,5.0,5.0,False,,
20,Suzanne Somers,7,,,0,False,Tony Dovolani,Actor/Actress,California,United States,68,Eliminated Week 5,9,5,False,False,10,5.0,5.0,False,,
20,Suzanne Somers,8,,,0,False,Tony Dovolani,Actor/Actress,California,United States,68,Eliminated Week 5,9,5,False,False,10,5.0,5.0,False,,
20,Suzanne Somers,9,,,0,False,Tony Dovolani,Actor/Actress,California,United States,68,Eliminated Week 5,9,5,False,False,10,5.0,5.0,False,,
20,Suzanne Somers,10,,,0,False,Tony Dovolani,Actor/Actress,California,United States,68,Eliminated Week 5,9,5,False,False,10,5.0,5.0,False,,
20,Willow Shields,1,25.0,6.25,4,True,Mark Ballas,Actor/Actress,New Mexico,United States,14,Eliminated Week 7,7,7,False,False,10,7.0,7.0,True,9.0,0.07861635220125786
20,Willow Shields,2,32.0,8.0,4,True,Mark Ballas,Actor/Actress,New Mexico,United States,14,Eliminated Week 7,7,7,False,False,10,7.0,7.0,True,3.0,0.09221902017291066
20,Willow Shields,3,32.0,8.0,4,True,Mark Ballas,Actor/Actress,New Mexico,United States,14,Eliminated Week 7,7,7,False,False,10,7.0,7.0,True,4.0,0.10223642172523961
20,Willow Shields,4,39.0,9.75,4,True,Mark Ballas,Actor/Actress,New Mexico,United States,14,Eliminated Week 7,7,7,False,False,10,7.0,7.0,True,1.0,0.12
20,Willow Shields,5,34.0,8.5,4,True,Mark Ballas,Actor/Actress,New Mexico,United States,14,Eliminated Week 7,7,7,False,False,10,7.0,7.0,True,4.0,0.12014134275618374
20,Willow Shields,6,36.5,9.125,4,True,Mark Ballas,Actor/Actress,New Mexico,United States,14,Eliminated Week 7,7,7,False,False,10,7.0,7.0,True,2.5,0.12897526501766785
20,Willow Shields,7,39.0,9.75,4,True,Mark Ballas,Actor/Actress,New Mexico,United States,14,Eliminated Week 7,7,7,False,False,10,7.0,7.0,True,2.0,0.15354330708661418
20,Willow Shields,8,,,0,False,Mark Ballas,Actor/Actress,New Mexico,United States,14,Eliminated Week 7,7,7,False,False,10,7.0,7.0,False,,
20,Willow Shields,9,,,0,False,Mark Ballas,Actor/Actress,New Mexico,United States,14,Eliminated Week 7,7,7,False,False,10,7.0,7.0,False,,
20,Willow Shields,10,,,0,False,Mark Ballas,Actor/Actress,New Mexico,United States,14,Eliminated Week 7,7,7,False,False,10,7.0,7.0,False,,
21,Alek Skarlatos,1,22.0,7.333333333333333,3,True,Lindsay Arnold,Military,California,United States,22,3rd Place,3,,False,True,11,11.0,11.0,True,5.5,0.088
21,Alek Skarlatos,2,22.5,7.5,3,True,Lindsay Arnold,Military,California,United States,22,3rd Place,3,,False,True,11,11.0,11.0,True,5.5,0.08317929759704251
21,Alek Skarlatos,3,33.0,8.25,4,True,Lindsay Arnold,Military,California,United States,22,3rd Place,3,,False,True,11,11.0,11.0,True,3.5,0.10819672131147541
21,Alek Skarlatos,4,24.0,8.0,3,True,Lindsay Arnold,Military,California,United States,22,3rd Place,3,,False,True,11,11.0,11.0,True,6.0,0.1016949152542373
21,Alek Skarlatos,5,29.0,7.25,4,True,Lindsay Arnold,Military,California,United States,22,3rd Place,3,,False,True,11,11.0,11.0,True,7.5,0.09634551495016612
21,Alek Skarlatos,6,30.0,7.5,4,True,Lindsay Arnold,Military,California,United States,22,3rd Place,3,,False,True,11,11.0,11.0,True,7.5,0.09584664536741214
21,Alek Skarlatos,7,26.5,8.833333333333334,3,True,Lindsay Arnold,Military,California,United States,22,3rd Place,3,,False,True,11,11.0,11.0,True,8.0,0.11990950226244344
21,Alek Skarlatos,8,25.0,8.333333333333334,3,True,Lindsay Arnold,Military,California,United States,22,3rd Place,3,,False,True,11,11.0,11.0,True,6.0,0.12886637793725134
21,Alek Skarlatos,9,25.5,8.5,3,True,Lindsay Arnold,Military,California,United States,22,3rd Place,3,,False,True,11,11.0,11.0,True,5.0,0.15501519756838905
21,Alek Skarlatos,10,28.5,9.5,3,True,Lindsay Arnold,Military,California,United States,22,3rd Place,3,,False,True,11,11.0,11.0,True,3.0,0.24050632911392406
21,Alek Skarlatos,11,27.999899999999997,9.3333,3,True,Lindsay Arnold,Military,California,United States,22,3rd Place,3,,False,True,11,11.0,11.0,True,4.0,0.23728748922668577
21,Alexa PenaVega,1,22.0,7.333333333333333,3,True,Mark Ballas,Actor/Actress,Florida,United States,27,Eliminated Week 9,6,9,False,False,11,9.0,9.0,True,5.5,0.088
21,Alexa PenaVega,2,23.0,7.666666666666667,3,True,Mark Ballas,Actor/Actress,Florida,United States,27,Eliminated Week 9,6,9,False,False,11,9.0,9.0,True,3.0,0.08502772643253234
21,Alexa PenaVega,3,36.0,9.0,4,True,Mark Ballas,Actor/Actress,Florida,United States,27,Eliminated Week 9,6,9,False,False,11,9.0,9.0,True,1.5,0.1180327868852459
21,Alexa PenaVega,4,21.0,7.0,3,True,Mark Ballas,Actor/Actress,Florida,United States,27,Eliminated Week 9,6,9,False,False,11,9.0,9.0,True,8.0,0.08898305084745763
21,Alexa PenaVega,5,40.0,10.0,4,True,Mark Ballas,Actor/Actress,Florida,United States,27,Eliminated Week 9,6,9,False,False,11,9.0,9.0,True,1.0,0.132890365448505
21,Alexa PenaVega,6,30.0,7.5,4,True,Mark Ballas,Actor/Actress,Florida,United States,27,Eliminated Week 9,6,9,False,False,11,9.0,9.0,True,7.5,0.09584664536741214
21,Alexa PenaVega,7,27.5,9.166666666666666,3,True,Mark Ballas,Actor/Actress,Florida,United States,27,Eliminated Week 9,6,9,False,False,11,9.0,9.0,True,5.0,0.1244343891402715
21,Alexa PenaVega,8,26.9998,8.999933333333333,3,True,Mark Ballas,Actor/Actress,Florida,United States,27,Eliminated Week 9,6,9,False,False,11,9.0,9.0,True,5.0,0.13917465724120795
21,Alexa PenaVega,9,30.0,10.0,3,True,Mark Ballas,Actor/Actress,Florida,United States,27,Eliminated Week 9,6,9,False,False,11,9.0,9.0,True,1.5,0.182370820668693
21,Alexa PenaVega,10,,,0,False,Mark Ballas,Actor/Actress,Florida,United States,27,Eliminated Week 9,6,9,False,False,11,9.0,9.0,False,,
21,Alexa PenaVega,11,,,0,False,Mark Ballas,Actor/Actress,Florida,United States,27,Eliminated Week 9,6,9,False,False,11,9.0,9.0,False,,
21,Andy Grammer,1,21.0,7.0,3,True,Allison Holker,Singer/Rapper,California,United States,31,Eliminated Week 8,7,8,False,False,11,8.0,8.0,True,7.5,0.084
21,Andy Grammer,2,22.0,7.333333333333333,3,True,Allison Holker,Singer/Rapper,California,United States,31,Eliminated Week 8,7,8,False,False,11,8.0,8.0,True,8.0,0.08133086876155268
21,Andy Grammer,3,29.0,7.25,4,True,Allison Holker,Singer/Rapper,California,United States,31,Eliminated Week 8,7,8,False,False,11,8.0,8.0,True,8.0,0.09508196721311475
21,Andy Grammer,4,23.0,7.666666666666667,3,True,Allison Holker,Singer/Rapper,California,United States,31,Eliminated Week 8,7,8,False,False,11,8.0,8.0,True,7.0,0.09745762711864407
21,Andy Grammer,5,36.0,9.0,4,True,Allison Holker,Singer/Rapper,California,United States,31,Eliminated Week 8,7,8,False,False,11,8.0,8.0,True,4.0,0.11960132890365449
21,Andy Grammer,6,40.0,10.0,4,True,Allison Holker,Singer/Rapper,California,United States,31,Eliminated Week 8,7,8,False,False,11,8.0,8.0,True,2.0,0.12779552715654952
21,Andy Grammer,7,28.0,9.333333333333334,3,True,Allison Holker,Singer/Rapper,California,United States,31,Eliminated Week 8,7,8,False,False,11,8.0,8.0,True,3.0,0.12669683257918551
21,Andy Grammer,8,23.9998,7.999933333333334,3,True,Allison Holker,Singer/Rapper,California,United States,31,Eliminated Week 8,7,8,False,False,11,8.0,8.0,True,7.0,0.1237106918887378
21,Andy Grammer,9,,,0,False,Allison Holker,Singer/Rapper,California,United States,31,Eliminated Week 8,7,8,False,False,11,8.0,8.0,False,,
21,Andy Grammer,10,,,0,False,Allison Holker,Singer/Rapper,California,United States,31,Eliminated Week 8,7,8,False,False,11,8.0,8.0,False,,
21,Andy Grammer,11,,,0,False,Allison Holker,Singer/Rapper,California,United States,31,Eliminated Week 8,7,8,False,False,11,8.0,8.0,False,,
21,Bindi Irwin,1,24.0,8.0,3,True,Derek Hough,TV Personality,,Australia,17,1st Place,1,,False,True,11,11.0,11.0,True,1.5,0.096
21,Bindi Irwin,2,24.0,8.0,3,True,Derek Hough,TV Personality,,Australia,17,1st Place,1,,False,True,11,11.0,11.0,True,2.0,0.08872458410351201
21,Bindi Irwin,3,32.0,8.0,4,True,Derek Hough,TV Personality,,Australia,17,1st Place,1,,False,True,11,11.0,11.0,True,5.0,0.10491803278688525
21,Bindi Irwin,4,28.0,9.333333333333334,3,True,Derek Hough,TV Personality,,Australia,17,1st Place,1,,False,True,11,11.0,11.0,True,1.0,0.11864406779661017
21,Bindi Irwin,5,37.0,9.25,4,True,Derek Hough,TV Personality,,Australia,17,1st Place,1,,False,True,11,11.0,11.0,True,3.0,0.12292358803986711
21,Bindi Irwin,6,40.0,10.0,4,True,Derek Hough,TV Personality,,Australia,17,1st Place,1,,False,True,11,11.0,11.0,True,2.0,0.12779552715654952
21,Bindi Irwin,7,29.0,9.666666666666666,3,True,Derek Hough,TV Personality,,Australia,17,1st Place,1,,False,True,11,11.0,11.0,True,1.0,0.13122171945701358
21,Bindi Irwin,8,28.0,9.333333333333334,3,True,Derek Hough,TV Personality,,Australia,17,1st Place,1,,False,True,11,11.0,11.0,True,3.5,0.1443303432897215
21,Bindi Irwin,9,30.0,10.0,3,True,Derek Hough,TV Personality,,Australia,17,1st Place,1,,False,True,11,11.0,11.0,True,1.5,0.182370820668693
21,Bindi Irwin,10,31.5,10.5,3,True,Derek Hough,TV Personality,,Australia,17,1st Place,1,,False,True,11,11.0,11.0,True,1.5,0.26582278481012656
21,Bindi Irwin,11,30.0,10.0,3,True,Derek Hough,TV Personality,,Australia,17,1st Place,1,,False,True,11,11.0,11.0,True,2.0,0.25423750359110475
21,Carlos PenaVega,1,23.0,7.666666666666667,3,True,Witney Carson,Actor/Actress,Missouri,United States,26,Eliminated Week 11,4,11,False,False,11,11.0,11.0,True,3.5,0.092
21,Carlos PenaVega,2,22.5,7.5,3,True,Witney Carson,Actor/Actress,Missouri,United States,26,Eliminated Week 11,4,11,False,False,11,11.0,11.0,True,5.5,0.08317929759704251
21,Carlos PenaVega,3,31.0,7.75,4,True,Witney Carson,Actor/Actress,Missouri,United States,26,Eliminated Week 11,4,11,False,False,11,11.0,11.0,True,6.0,0.10163934426229508
21,Carlos PenaVega,4,25.0,8.333333333333334,3,True,Witney Carson,Actor/Actress,Missouri,United States,26,Eliminated Week 11,4,11,False,False,11,11.0,11.0,True,5.0,0.1059322033898305
21,Carlos PenaVega,5,39.0,9.75,4,True,Witney Carson,Actor/Actress,Missouri,United States,26,Eliminated Week 11,4,11,False,False,11,11.0,11.0,True,2.0,0.12956810631229235
21,Carlos PenaVega,6,38.0,9.5,4,True,Witney Carson,Actor/Actress,Missouri,United States,26,Eliminated Week 11,4,11,False,False,11,11.0,11.0,True,5.0,0.12140575079872204
21,Carlos PenaVega,7,28.0,9.333333333333334,3,True,Witney Carson,Actor/Actress,Missouri,United States,26,Eliminated Week 11,4,11,False,False,11,11.0,11.0,True,3.0,0.12669683257918551
21,Carlos PenaVega,8,28.9998,9.6666,3,True,Witney Carson,Actor/Actress,Missouri,United States,26,Eliminated Week 11,4,11,False,False,11,11.0,11.0,True,2.0,0.14948396747618806
21,Carlos PenaVega,9,27.0,9.0,3,True,Witney Carson,Actor/Actress,Missouri,United States,26,Eliminated Week 11,4,11,False,False,11,11.0,11.0,True,4.0,0.1641337386018237
21,Carlos PenaVega,10,31.5,10.5,3,True,Witney Carson,Actor/Actress,Missouri,United States,26,Eliminated Week 11,4,11,False,False,11,11.0,11.0,True,1.5,0.26582278481012656
21,Carlos PenaVega,11,30.0,10.0,3,True,Witney Carson,Actor/Actress,Missouri,United States,26,Eliminated Week 11,4,11,False,False,11,11.0,11.0,True,2.0,0.25423750359110475
21,Chaka Khan,1,13.0,4.333333333333333,3,True,Keo Motsepe,Singer/Rapper,Illinois,United States,62,Eliminated Week 2,13,2,False,False,11,2.0,2.0,True,12.0,0.052
21,Chaka Khan,2,15.0,5.0,3,True,Keo Motsepe,Singer/Rapper,Illinois,United States,62,Eliminated Week 2,13,2,False,False,11,2.0,2.0,True,13.0,0.05545286506469501
21,Chaka Khan,3,,,0,False,Keo Motsepe,Singer/Rapper,Illinois,United States,62,Eliminated Week 2,13,2,False,False,11,2.0,2.0,False,,
21,Chaka Khan,4,,,0,False,Keo Motsepe,Singer/Rapper,Illinois,United States,62,Eliminated Week 2,13,2,False,False,11,2.0,2.0,False,,
21,Chaka Khan,5,,,0,False,Keo Motsepe,Singer/Rapper,Illinois,United States,62,Eliminated Week 2,13,2,False,False,11,2.0,2.0,False,,
21,Chaka Khan,6,,,0,False,Keo Motsepe,Singer/Rapper,Illinois,United States,62,Eliminated Week 2,13,2,False,False,11,2.0,2.0,False,,
21,Chaka Khan,7,,,0,False,Keo Motsepe,Singer/Rapper,Illinois,United States,62,Eliminated Week 2,13,2,False,False,11,2.0,2.0,False,,
21,Chaka Khan,8,,,0,False,Keo Motsepe,Singer/Rapper,Illinois,United States,62,Eliminated Week 2,13,2,False,False,11,2.0,2.0,False,,
21,Chaka Khan,9,,,0,False,Keo Motsepe,Singer/Rapper,Illinois,United States,62,Eliminated Week 2,13,2,False,False,11,2.0,2.0,False,,
21,Chaka Khan,10,,,0,False,Keo Motsepe,Singer/Rapper,Illinois,United States,62,Eliminated Week 2,13,2,False,False,11,2.0,2.0,False,,
21,Chaka Khan,11,,,0,False,Keo Motsepe,Singer/Rapper,Illinois,United States,62,Eliminated Week 2,13,2,False,False,11,2.0,2.0,False,,
21,Gary Busey,1,15.0,5.0,3,True,Anna Trebunskaya,Actor/Actress,Texas,United States,71,Eliminated Week 4,10,4,False,False,11,4.0,4.0,True,10.0,0.06
21,Gary Busey,2,16.5,5.5,3,True,Anna Trebunskaya,Actor/Actress,Texas,United States,71,Eliminated Week 4,10,4,False,False,11,4.0,4.0,True,12.0,0.06099815157116451
21,Gary Busey,3,25.0,6.25,4,True,Anna Trebunskaya,Actor/Actress,Texas,United States,71,Eliminated Week 4,10,4,False,False,11,4.0,4.0,True,9.0,0.08196721311475409
21,Gary Busey,4,16.0,5.333333333333333,3,True,Anna Trebunskaya,Actor/Actress,Texas,United States,71,Eliminated Week 4,10,4,False,False,11,4.0,4.0,True,10.0,0.06779661016949153
21,Gary Busey,5,,,0,False,Anna Trebunskaya,Actor/Actress,Texas,United States,71,Eliminated Week 4,10,4,False,False,11,4.0,4.0,False,,
21,Gary Busey,6,,,0,False,Anna Trebunskaya,Actor/Actress,Texas,United States,71,Eliminated Week 4,10,4,False,False,11,4.0,4.0,False,,
21,Gary Busey,7,,,0,False,Anna Trebunskaya,Actor/Actress,Texas,United States,71,Eliminated Week 4,10,4,False,False,11,4.0,4.0,False,,
21,Gary Busey,8,,,0,False,Anna Trebunskaya,Actor/Actress,Texas,United States,71,Eliminated Week 4,10,4,False,False,11,4.0,4.0,False,,
21,Gary Busey,9,,,0,False,Anna Trebunskaya,Actor/Actress,Texas,United States,71,Eliminated Week 4,10,4,False,False,11,4.0,4.0,False,,
21,Gary Busey,10,,,0,False,Anna Trebunskaya,Actor/Actress,Texas,United States,71,Eliminated Week 4,10,4,False,False,11,4.0,4.0,False,,
21,Gary Busey,11,,,0,False,Anna Trebunskaya,Actor/Actress,Texas,United States,71,Eliminated Week 4,10,4,False,False,11,4.0,4.0,False,,
21,Hayes Grier,1,21.0,7.0,3,True,Emma Slater,Social Media Personality,North Carolina,United States,15,Eliminated Week 7,8,7,False,False,11,7.0,7.0,True,7.5,0.084
21,Hayes Grier,2,22.5,7.5,3,True,Emma Slater,Social Media Personality,North Carolina,United States,15,Eliminated Week 7,8,7,False,False,11,7.0,7.0,True,5.5,0.08317929759704251
21,Hayes Grier,3,30.0,7.5,4,True,Emma Slater,Social Media Personality,North Carolina,United States,15,Eliminated Week 7,8,7,False,False,11,7.0,7.0,True,7.0,0.09836065573770492
21,Hayes Grier,4,27.0,9.0,3,True,Emma Slater,Social Media Personality,North Carolina,United States,15,Eliminated Week 7,8,7,False,False,11,7.0,7.0,True,3.0,0.11440677966101695
21,Hayes Grier,5,30.0,7.5,4,True,Emma Slater,Social Media Personality,North Carolina,United States,15,Eliminated Week 7,8,7,False,False,11,7.0,7.0,True,6.0,0.09966777408637874
21,Hayes Grier,6,32.0,8.0,4,True,Emma Slater,Social Media Personality,North Carolina,United States,15,Eliminated Week 7,8,7,False,False,11,7.0,7.0,True,6.0,0.10223642172523961
21,Hayes Grier,7,28.0,9.333333333333334,3,True,Emma Slater,Social Media Personality,North Carolina,United States,15,Eliminated Week 7,8,7,False,False,11,7.0,7.0,True,3.0,0.12669683257918551
21,Hayes Grier,8,,,0,False,Emma Slater,Social Media Personality,North Carolina,United States,15,Eliminated Week 7,8,7,False,False,11,7.0,7.0,False,,
21,Hayes Grier,9,,,0,False,Emma Slater,Social Media Personality,North Carolina,United States,15,Eliminated Week 7,8,7,False,False,11,7.0,7.0,False,,
21,Hayes Grier,10,,,0,False,Emma Slater,Social Media Personality,North Carolina,United States,15,Eliminated Week 7,8,7,False,False,11,7.0,7.0,False,,
21,Hayes Grier,11,,,0,False,Emma Slater,Social Media Personality,North Carolina,United States,15,Eliminated Week 7,8,7,False,False,11,7.0,7.0,False,,
21,Kim Zolciak-Biermann,1,12.0,4.0,3,True,Tony Dovolani,TV Personality,Florida,United States,37,Withdrew,11,,True,False,11,2.0,2.0,True,13.0,0.048
21,Kim Zolciak-Biermann,2,18.5,6.166666666666667,3,True,Tony Dovolani,TV Personality,Florida,United States,37,Withdrew,11,,True,False,11,2.0,2.0,True,10.0,0.06839186691312385
21,Kim Zolciak-Biermann,3,,,0,False,Tony Dovolani,TV Personality,Florida,United States,37,Withdrew,11,,True,False,11,2.0,2.0,False,,
21,Kim Zolciak-Biermann,4,,,0,False,Tony Dovolani,TV Personality,Florida,United States,37,Withdrew,11,,True,False,11,2.0,2.0,False,,
21,Kim Zolciak-Biermann,5,,,0,False,Tony Dovolani,TV Personality,Florida,United States,37,Withdrew,11,,True,False,11,2.0,2.0,False,,
21,Kim Zolciak-Biermann,6,,,0,False,Tony Dovolani,TV Personality,Florida,United States,37,Withdrew,11,,True,False,11,2.0,2.0,False,,
21,Kim Zolciak-Biermann,7,,,0,False,Tony Dovolani,TV Personality,Florida,United States,37,Withdrew,11,,True,False,11,2.0,2.0,False,,
21,Kim Zolciak-Biermann,8,,,0,False,Tony Dovolani,TV Personality,Florida,United States,37,Withdrew,11,,True,False,11,2.0,2.0,False,,
21,Kim Zolciak-Biermann,9,,,0,False,Tony Dovolani,TV Personality,Florida,United States,37,Withdrew,11,,True,False,11,2.0,2.0,False,,
21,Kim Zolciak-Biermann,10,,,0,False,Tony Dovolani,TV Personality,Florida,United States,37,Withdrew,11,,True,False,11,2.0,2.0,False,,
21,Kim Zolciak-Biermann,11,,,0,False,Tony Dovolani,TV Personality,Florida,United States,37,Withdrew,11,,True,False,11,2.0,2.0,False,,
21,Nick Carter,1,24.0,8.0,3,True,Sharna Burgess,Singer/Rapper,New York,United States,35,2nd Place,2,,False,True,11,11.0,11.0,True,1.5,0.096
21,Nick Carter,2,22.5,7.5,3,True,Sharna Burgess,Singer/Rapper,New York,United States,35,2nd Place,2,,False,True,11,11.0,11.0,True,5.5,0.08317929759704251
21,Nick Carter,3,36.0,9.0,4,True,Sharna Burgess,Singer/Rapper,New York,United States,35,2nd Place,2,,False,True,11,11.0,11.0,True,1.5,0.1180327868852459
21,Nick Carter,4,27.0,9.0,3,True,Sharna Burgess,Singer/Rapper,New York,United States,35,2nd Place,2,,False,True,11,11.0,11.0,True,3.0,0.11440677966101695
21,Nick Carter,5,35.0,8.75,4,True,Sharna Burgess,Singer/Rapper,New York,United States,35,2nd Place,2,,False,True,11,11.0,11.0,True,5.0,0.11627906976744186
21,Nick Carter,6,39.0,9.75,4,True,Sharna Burgess,Singer/Rapper,New York,United States,35,2nd Place,2,,False,True,11,11.0,11.0,True,4.0,0.12460063897763578
21,Nick Carter,7,27.0,9.0,3,True,Sharna Burgess,Singer/Rapper,New York,United States,35,2nd Place,2,,False,True,11,11.0,11.0,True,6.5,0.12217194570135746
21,Nick Carter,8,33.0,11.0,3,True,Sharna Burgess,Singer/Rapper,New York,United States,35,2nd Place,2,,False,True,11,11.0,11.0,True,1.0,0.17010361887717176
21,Nick Carter,9,27.5,9.166666666666666,3,True,Sharna Burgess,Singer/Rapper,New York,United States,35,2nd Place,2,,False,True,11,11.0,11.0,True,3.0,0.16717325227963525
21,Nick Carter,10,27.0,9.0,3,True,Sharna Burgess,Singer/Rapper,New York,United States,35,2nd Place,2,,False,True,11,11.0,11.0,True,4.0,0.22784810126582278
21,Nick Carter,11,30.0,10.0,3,True,Sharna Burgess,Singer/Rapper,New York,United States,35,2nd Place,2,,False,True,11,11.0,11.0,True,2.0,0.25423750359110475
21,Paula Deen,1,15.0,5.0,3,True,Louis van Amstel,TV Personality,Georgia,United States,68,Eliminated Week 6,9,6,False,False,11,6.0,6.0,True,10.0,0.06
21,Paula Deen,2,18.5,6.166666666666667,3,True,Louis van Amstel,TV Personality,Georgia,United States,68,Eliminated Week 6,9,6,False,False,11,6.0,6.0,True,10.0,0.06839186691312385
21,Paula Deen,3,20.0,5.0,4,True,Louis van Amstel,TV Personality,Georgia,United States,68,Eliminated Week 6,9,6,False,False,11,6.0,6.0,True,10.0,0.06557377049180328
21,Paula Deen,4,18.0,6.0,3,True,Louis van Amstel,TV Personality,Georgia,United States,68,Eliminated Week 6,9,6,False,False,11,6.0,6.0,True,9.0,0.07627118644067797
21,Paula Deen,5,26.0,6.5,4,True,Louis van Amstel,TV Personality,Georgia,United States,68,Eliminated Week 6,9,6,False,False,11,6.0,6.0,True,9.0,0.08637873754152824
21,Paula Deen,6,24.0,6.0,4,True,Louis van Amstel,TV Personality,Georgia,United States,68,Eliminated Week 6,9,6,False,False,11,6.0,6.0,True,9.0,0.07667731629392971
21,Paula Deen,7,,,0,False,Louis van Amstel,TV Personality,Georgia,United States,68,Eliminated Week 6,9,6,False,False,11,6.0,6.0,False,,
21,Paula Deen,8,,,0,False,Louis van Amstel,TV Personality,Georgia,United States,68,Eliminated Week 6,9,6,False,False,11,6.0,6.0,False,,
21,Paula Deen,9,,,0,False,Louis van Amstel,TV Personality,Georgia,United States,68,Eliminated Week 6,9,6,False,False,11,6.0,6.0,False,,
21,Paula Deen,10,,,0,False,Louis van Amstel,TV Personality,Georgia,United States,68,Eliminated Week 6,9,6,False,False,11,6.0,6.0,False,,
21,Paula Deen,11,,,0,False,Louis van Amstel,TV Personality,Georgia,United States,68,Eliminated Week 6,9,6,False,False,11,6.0,6.0,False,,
21,Tamar Braxton,1,23.0,7.666666666666667,3,True,Valentin Chmerkovskiy,Singer/Rapper,Maryland,United States,38,Withdrew,5,,True,False,11,9.0,9.0,True,3.5,0.092
21,Tamar Braxton,2,24.5,8.166666666666666,3,True,Valentin Chmerkovskiy,Singer/Rapper,Maryland,United States,38,Withdrew,5,,True,False,11,9.0,9.0,True,1.0,0.09057301293900184
21,Tamar Braxton,3,33.0,8.25,4,True,Valentin Chmerkovskiy,Singer/Rapper,Maryland,United States,38,Withdrew,5,,True,False,11,9.0,9.0,True,3.5,0.10819672131147541
21,Tamar Braxton,4,27.0,9.0,3,True,Valentin Chmerkovskiy,Singer/Rapper,Maryland,United States,38,Withdrew,5,,True,False,11,9.0,9.0,True,3.0,0.11440677966101695
21,Tamar Braxton,5,29.0,7.25,4,True,Valentin Chmerkovskiy,Singer/Rapper,Maryland,United States,38,Withdrew,5,,True,False,11,9.0,9.0,True,7.5,0.09634551495016612
21,Tamar Braxton,6,40.0,10.0,4,True,Valentin Chmerkovskiy,Singer/Rapper,Maryland,United States,38,Withdrew,5,,True,False,11,9.0,9.0,True,2.0,0.12779552715654952
21,Tamar Braxton,7,27.0,9.0,3,True,Valentin Chmerkovskiy,Singer/Rapper,Maryland,United States,38,Withdrew,5,,True,False,11,9.0,9.0,True,6.5,0.12217194570135746
21,Tamar Braxton,8,28.0,9.333333333333334,3,True,Valentin Chmerkovskiy,Singer/Rapper,Maryland,United States,38,Withdrew,5,,True,False,11,9.0,9.0,True,3.5,0.1443303432897215
21,Tamar Braxton,9,24.5,8.166666666666666,3,True,Valentin Chmerkovskiy,Singer/Rapper,Maryland,United States,38,Withdrew,5,,True,False,11,9.0,9.0,True,6.0,0.14893617021276595
21,Tamar Braxton,10,,,0,False,Valentin Chmerkovskiy,Singer/Rapper,Maryland,United States,38,Withdrew,5,,True,False,11,9.0,9.0,False,,
21,Tamar Braxton,11,,,0,False,Valentin Chmerkovskiy,Singer/Rapper,Maryland,United States,38,Withdrew,5,,True,False,11,9.0,9.0,False,,
21,Victor Espinoza,1,15.0,5.0,3,True,Karina Smirnoff,Athlete,,Mexico,43,Eliminated Week 2,12,2,False,False,11,2.0,2.0,True,10.0,0.06
21,Victor Espinoza,2,18.5,6.166666666666667,3,True,Karina Smirnoff,Athlete,,Mexico,43,Eliminated Week 2,12,2,False,False,11,2.0,2.0,True,10.0,0.06839186691312385
21,Victor Espinoza,3,,,0,False,Karina Smirnoff,Athlete,,Mexico,43,Eliminated Week 2,12,2,False,False,11,2.0,2.0,False,,
21,Victor Espinoza,4,,,0,False,Karina Smirnoff,Athlete,,Mexico,43,Eliminated Week 2,12,2,False,False,11,2.0,2.0,False,,
21,Victor Espinoza,5,,,0,False,Karina Smirnoff,Athlete,,Mexico,43,Eliminated Week 2,12,2,False,False,11,2.0,2.0,False,,
21,Victor Espinoza,6,,,0,False,Karina Smirnoff,Athlete,,Mexico,43,Eliminated Week 2,12,2,False,False,11,2.0,2.0,False,,
21,Victor Espinoza,7,,,0,False,Karina Smirnoff,Athlete,,Mexico,43,Eliminated Week 2,12,2,False,False,11,2.0,2.0,False,,
21,Victor Espinoza,8,,,0,False,Karina Smirnoff,Athlete,,Mexico,43,Eliminated Week 2,12,2,False,False,11,2.0,2.0,False,,
21,Victor Espinoza,9,,,0,False,Karina Smirnoff,Athlete,,Mexico,43,Eliminated Week 2,12,2,False,False,11,2.0,2.0,False,,
21,Victor Espinoza,10,,,0,False,Karina Smirnoff,Athlete,,Mexico,43,Eliminated Week 2,12,2,False,False,11,2.0,2.0,False,,
21,Victor Espinoza,11,,,0,False,Karina Smirnoff,Athlete,,Mexico,43,Eliminated Week 2,12,2,False,False,11,2.0,2.0,False,,
22,Antonio Brown,1,21.0,7.0,3,True,Sharna Burgess,Athlete,Florida,United States,27,Eliminated Week 9,5,9,False,False,10,9.0,9.0,True,5.5,0.08860759493670886
22,Antonio Brown,2,19.0,6.333333333333333,3,True,Sharna Burgess,Athlete,Florida,United States,27,Eliminated Week 9,5,9,False,False,10,9.0,9.0,True,9.5,0.08050847457627118
22,Antonio Brown,3,20.0,6.666666666666667,3,True,Sharna Burgess,Athlete,Florida,United States,27,Eliminated Week 9,5,9,False,False,10,9.0,9.0,True,9.0,0.08438818565400844
22,Antonio Brown,4,35.0,8.75,4,True,Sharna Burgess,Athlete,Florida,United States,27,Eliminated Week 9,5,9,False,False,10,9.0,9.0,True,3.5,0.109717868338558
22,Antonio Brown,5,26.0,6.5,4,True,Sharna Burgess,Athlete,Florida,United States,27,Eliminated Week 9,5,9,False,False,10,9.0,9.0,True,9.0,0.09420289855072464
22,Antonio Brown,6,27.0,9.0,3,True,Sharna Burgess,Athlete,Florida,United States,27,Eliminated Week 9,5,9,False,False,10,9.0,9.0,True,3.0,0.11894273127753303
22,Antonio Brown,7,26.0,8.666666666666666,3,True,Sharna Burgess,Athlete,Florida,United States,27,Eliminated Week 9,5,9,False,False,10,9.0,9.0,True,6.0,0.12149532710280374
22,Antonio Brown,8,27.0,9.0,3,True,Sharna Burgess,Athlete,Florida,United States,27,Eliminated Week 9,5,9,False,False,10,9.0,9.0,True,5.0,0.15976331360946747
22,Antonio Brown,9,27.5,9.166666666666666,3,True,Sharna Burgess,Athlete,Florida,United States,27,Eliminated Week 9,5,9,False,False,10,9.0,9.0,True,5.0,0.1916376306620209
22,Antonio Brown,10,,,0,False,Sharna Burgess,Athlete,Florida,United States,27,Eliminated Week 9,5,9,False,False,10,9.0,9.0,False,,
22,Doug Flutie,1,15.0,5.0,3,True,Karina Smirnoff,Athlete,Maryland,United States,53,Eliminated Week 6,9,6,False,False,10,6.0,6.0,True,11.0,0.06329113924050633
22,Doug Flutie,2,20.0,6.666666666666667,3,True,Karina Smirnoff,Athlete,Maryland,United States,53,Eliminated Week 6,9,6,False,False,10,6.0,6.0,True,6.5,0.0847457627118644
22,Doug Flutie,3,20.0,6.666666666666667,3,True,Karina Smirnoff,Athlete,Maryland,United States,53,Eliminated Week 6,9,6,False,False,10,6.0,6.0,True,9.0,0.08438818565400844
22,Doug Flutie,4,24.0,6.0,4,True,Karina Smirnoff,Athlete,Maryland,United States,53,Eliminated Week 6,9,6,False,False,10,6.0,6.0,True,10.0,0.07523510971786834
22,Doug Flutie,5,28.0,7.0,4,True,Karina Smirnoff,Athlete,Maryland,United States,53,Eliminated Week 6,9,6,False,False,10,6.0,6.0,True,7.5,0.10144927536231885
22,Doug Flutie,6,21.0,7.0,3,True,Karina Smirnoff,Athlete,Maryland,United States,53,Eliminated Week 6,9,6,False,False,10,6.0,6.0,True,9.0,0.09251101321585903
22,Doug Flutie,7,,,0,False,Karina Smirnoff,Athlete,Maryland,United States,53,Eliminated Week 6,9,6,False,False,10,6.0,6.0,False,,
22,Doug Flutie,8,,,0,False,Karina Smirnoff,Athlete,Maryland,United States,53,Eliminated Week 6,9,6,False,False,10,6.0,6.0,False,,
22,Doug Flutie,9,,,0,False,Karina Smirnoff,Athlete,Maryland,United States,53,Eliminated Week 6,9,6,False,False,10,6.0,6.0,False,,
22,Doug Flutie,10,,,0,False,Karina Smirnoff,Athlete,Maryland,United States,53,Eliminated Week 6,9,6,False,False,10,6.0,6.0,False,,
22,Geraldo Rivera,1,13.0,4.333333333333333,3,True,Edyta Sliwinska,Journalist,New York,United States,72,Eliminated Week 2,12,2,False,False,10,2.0,2.0,True,12.0,0.05485232067510549
22,Geraldo Rivera,2,13.0,4.333333333333333,3,True,Edyta Sliwinska,Journalist,New York,United States,72,Eliminated Week 2,12,2,False,False,10,2.0,2.0,True,12.0,0.05508474576271186
22,Geraldo Rivera,3,,,0,False,Edyta Sliwinska,Journalist,New York,United States,72,Eliminated Week 2,12,2,False,False,10,2.0,2.0,False,,
22,Geraldo Rivera,4,,,0,False,Edyta Sliwinska,Journalist,New York,United States,72,Eliminated Week 2,12,2,False,False,10,2.0,2.0,False,,
22,Geraldo Rivera,5,,,0,False,Edyta Sliwinska,Journalist,New York,United States,72,Eliminated Week 2,12,2,False,False,10,2.0,2.0,False,,
22,Geraldo Rivera,6,,,0,False,Edyta Sliwinska,Journalist,New York,United States,72,Eliminated Week 2,12,2,False,False,10,2.0,2.0,False,,
22,Geraldo Rivera,7,,,0,False,Edyta Sliwinska,Journalist,New York,United States,72,Eliminated Week 2,12,2,False,False,10,2.0,2.0,False,,
22,Geraldo Rivera,8,,,0,False,Edyta Sliwinska,Journalist,New York,United States,72,Eliminated Week 2,12,2,False,False,10,2.0,2.0,False,,
22,Geraldo Rivera,9,,,0,False,Edyta Sliwinska,Journalist,New York,United States,72,Eliminated Week 2,12,2,False,False,10,2.0,2.0,False,,
22,Geraldo Rivera,10,,,0,False,Edyta Sliwinska,Journalist,New York,United States,72,Eliminated Week 2,12,2,False,False,10,2.0,2.0,False,,
22,Ginger Zee,1,23.0,7.666666666666667,3,True,Valentin Chmerkovskiy,News Anchor,California,United States,35,3rd Place,3,,False,True,10,10.0,10.0,True,2.0,0.0970464135021097
22,Ginger Zee,2,21.0,7.0,3,True,Valentin Chmerkovskiy,News Anchor,California,United States,35,3rd Place,3,,False,True,10,10.0,10.0,True,3.5,0.08898305084745763
22,Ginger Zee,3,21.0,7.0,3,True,Valentin Chmerkovskiy,News Anchor,California,United States,35,3rd Place,3,,False,True,10,10.0,10.0,True,6.5,0.08860759493670886
22,Ginger Zee,4,36.0,9.0,4,True,Valentin Chmerkovskiy,News Anchor,California,United States,35,3rd Place,3,,False,True,10,10.0,10.0,True,1.5,0.11285266457680251
22,Ginger Zee,5,32.0,8.0,4,True,Valentin Chmerkovskiy,News Anchor,California,United States,35,3rd Place,3,,False,True,10,10.0,10.0,True,3.0,0.11594202898550725
22,Ginger Zee,6,24.0,8.0,3,True,Valentin Chmerkovskiy,News Anchor,California,United States,35,3rd Place,3,,False,True,10,10.0,10.0,True,7.0,0.10572687224669604
22,Ginger Zee,7,27.5,9.166666666666666,3,True,Valentin Chmerkovskiy,News Anchor,California,United States,35,3rd Place,3,,False,True,10,10.0,10.0,True,3.0,0.12850467289719625
22,Ginger Zee,8,30.0,10.0,3,True,Valentin Chmerkovskiy,News Anchor,California,United States,35,3rd Place,3,,False,True,10,10.0,10.0,True,1.5,0.17751479289940827
22,Ginger Zee,9,28.0,9.333333333333334,3,True,Valentin Chmerkovskiy,News Anchor,California,United States,35,3rd Place,3,,False,True,10,10.0,10.0,True,4.0,0.1951219512195122
22,Ginger Zee,10,28.333199999999998,9.4444,3,True,Valentin Chmerkovskiy,News Anchor,California,United States,35,3rd Place,3,,False,True,10,10.0,10.0,True,3.0,0.32567046285270274
22,Jodie Sweetin,1,20.0,6.666666666666667,3,True,Keo Motsepe,Actor/Actress,California,United States,34,Eliminated Week 8,6,8,False,False,10,8.0,8.0,True,8.5,0.08438818565400844
22,Jodie Sweetin,2,21.0,7.0,3,True,Keo Motsepe,Actor/Actress,California,United States,34,Eliminated Week 8,6,8,False,False,10,8.0,8.0,True,3.5,0.08898305084745763
22,Jodie Sweetin,3,23.0,7.666666666666667,3,True,Keo Motsepe,Actor/Actress,California,United States,34,Eliminated Week 8,6,8,False,False,10,8.0,8.0,True,3.5,0.0970464135021097
22,Jodie Sweetin,4,27.0,6.75,4,True,Keo Motsepe,Actor/Actress,California,United States,34,Eliminated Week 8,6,8,False,False,10,8.0,8.0,True,9.0,0.08463949843260188
22,Jodie Sweetin,5,35.0,8.75,4,True,Keo Motsepe,Actor/Actress,California,United States,34,Eliminated Week 8,6,8,False,False,10,8.0,8.0,True,2.0,0.12681159420289856
22,Jodie Sweetin,6,25.0,8.333333333333334,3,True,Keo Motsepe,Actor/Actress,California,United States,34,Eliminated Week 8,6,8,False,False,10,8.0,8.0,True,4.5,0.11013215859030837
22,Jodie Sweetin,7,25.5,8.5,3,True,Keo Motsepe,Actor/Actress,California,United States,34,Eliminated Week 8,6,8,False,False,10,8.0,8.0,True,8.0,0.1191588785046729
22,Jodie Sweetin,8,30.0,10.0,3,True,Keo Motsepe,Actor/Actress,California,United States,34,Eliminated Week 8,6,8,False,False,10,8.0,8.0,True,1.5,0.17751479289940827
22,Jodie Sweetin,9,,,0,False,Keo Motsepe,Actor/Actress,California,United States,34,Eliminated Week 8,6,8,False,False,10,8.0,8.0,False,,
22,Jodie Sweetin,10,,,0,False,Keo Motsepe,Actor/Actress,California,United States,34,Eliminated Week 8,6,8,False,False,10,8.0,8.0,False,,
22,Kim Fields,1,20.0,6.666666666666667,3,True,Sasha Farber,Actor/Actress,New York,United States,46,Eliminated Week 7,8,7,False,False,10,7.0,7.0,True,8.5,0.08438818565400844
22,Kim Fields,2,19.0,6.333333333333333,3,True,Sasha Farber,Actor/Actress,New York,United States,46,Eliminated Week 7,8,7,False,False,10,7.0,7.0,True,9.5,0.08050847457627118
22,Kim Fields,3,22.0,7.333333333333333,3,True,Sasha Farber,Actor/Actress,New York,United States,46,Eliminated Week 7,8,7,False,False,10,7.0,7.0,True,5.0,0.09282700421940929
22,Kim Fields,4,32.0,8.0,4,True,Sasha Farber,Actor/Actress,New York,United States,46,Eliminated Week 7,8,7,False,False,10,7.0,7.0,True,6.5,0.10031347962382445
22,Kim Fields,5,28.0,7.0,4,True,Sasha Farber,Actor/Actress,New York,United States,46,Eliminated Week 7,8,7,False,False,10,7.0,7.0,True,7.5,0.10144927536231885
22,Kim Fields,6,24.0,8.0,3,True,Sasha Farber,Actor/Actress,New York,United States,46,Eliminated Week 7,8,7,False,False,10,7.0,7.0,True,7.0,0.10572687224669604
22,Kim Fields,7,26.0,8.666666666666666,3,True,Sasha Farber,Actor/Actress,New York,United States,46,Eliminated Week 7,8,7,False,False,10,7.0,7.0,True,6.0,0.12149532710280374
22,Kim Fields,8,,,0,False,Sasha Farber,Actor/Actress,New York,United States,46,Eliminated Week 7,8,7,False,False,10,7.0,7.0,False,,
22,Kim Fields,9,,,0,False,Sasha Farber,Actor/Actress,New York,United States,46,Eliminated Week 7,8,7,False,False,10,7.0,7.0,False,,
22,Kim Fields,10,,,0,False,Sasha Farber,Actor/Actress,New York,United States,46,Eliminated Week 7,8,7,False,False,10,7.0,7.0,False,,
22,Marla Maples,1,21.0,7.0,3,True,Tony Dovolani,TV Personality,Georgia,United States,52,Eliminated Week 4,10,4,False,False,10,4.0,4.0,True,5.5,0.08860759493670886
22,Marla Maples,2,20.0,6.666666666666667,3,True,Tony Dovolani,TV Personality,Georgia,United States,52,Eliminated Week 4,10,4,False,False,10,4.0,4.0,True,6.5,0.0847457627118644
22,Marla Maples,3,21.0,7.0,3,True,Tony Dovolani,TV Personality,Georgia,United States,52,Eliminated Week 4,10,4,False,False,10,4.0,4.0,True,6.5,0.08860759493670886
22,Marla Maples,4,28.0,7.0,4,True,Tony Dovolani,TV Personality,Georgia,United States,52,Eliminated Week 4,10,4,False,False,10,4.0,4.0,True,8.0,0.0877742946708464
22,Marla Maples,5,,,0,False,Tony Dovolani,TV Personality,Georgia,United States,52,Eliminated Week 4,10,4,False,False,10,4.0,4.0,False,,
22,Marla Maples,6,,,0,False,Tony Dovolani,TV Personality,Georgia,United States,52,Eliminated Week 4,10,4,False,False,10,4.0,4.0,False,,
22,Marla Maples,7,,,0,False,Tony Dovolani,TV Personality,Georgia,United States,52,Eliminated Week 4,10,4,False,False,10,4.0,4.0,False,,
22,Marla Maples,8,,,0,False,Tony Dovolani,TV Personality,Georgia,United States,52,Eliminated Week 4,10,4,False,False,10,4.0,4.0,False,,
22,Marla Maples,9,,,0,False,Tony Dovolani,TV Personality,Georgia,United States,52,Eliminated Week 4,10,4,False,False,10,4.0,4.0,False,,
22,Marla Maples,10,,,0,False,Tony Dovolani,TV Personality,Georgia,United States,52,Eliminated Week 4,10,4,False,False,10,4.0,4.0,False,,
22,Mischa Barton,1,16.0,5.333333333333333,3,True,Artem Chigvintsev,Actor/Actress,,England,30,Eliminated Week 3,11,3,False,False,10,3.0,3.0,True,10.0,0.06751054852320675
22,Mischa Barton,2,15.0,5.0,3,True,Artem Chigvintsev,Actor/Actress,,England,30,Eliminated Week 3,11,3,False,False,10,3.0,3.0,True,11.0,0.0635593220338983
22,Mischa Barton,3,18.0,6.0,3,True,Artem Chigvintsev,Actor/Actress,,England,30,Eliminated Week 3,11,3,False,False,10,3.0,3.0,True,11.0,0.0759493670886076
22,Mischa Barton,4,,,0,False,Artem Chigvintsev,Actor/Actress,,England,30,Eliminated Week 3,11,3,False,False,10,3.0,3.0,False,,
22,Mischa Barton,5,,,0,False,Artem Chigvintsev,Actor/Actress,,England,30,Eliminated Week 3,11,3,False,False,10,3.0,3.0,False,,
22,Mischa Barton,6,,,0,False,Artem Chigvintsev,Actor/Actress,,England,30,Eliminated Week 3,11,3,False,False,10,3.0,3.0,False,,
22,Mischa Barton,7,,,0,False,Artem Chigvintsev,Actor/Actress,,England,30,Eliminated Week 3,11,3,False,False,10,3.0,3.0,False,,
22,Mischa Barton,8,,,0,False,Artem Chigvintsev,Actor/Actress,,England,30,Eliminated Week 3,11,3,False,False,10,3.0,3.0,False,,
22,Mischa Barton,9,,,0,False,Artem Chigvintsev,Actor/Actress,,England,30,Eliminated Week 3,11,3,False,False,10,3.0,3.0,False,,
22,Mischa Barton,10,,,0,False,Artem Chigvintsev,Actor/Actress,,England,30,Eliminated Week 3,11,3,False,False,10,3.0,3.0,False,,
22,Nyle DiMarco,1,23.0,7.666666666666667,3,True,Peta Murgatroyd,Model,New York,United States,26,1st Place,1,,False,True,10,10.0,10.0,True,2.0,0.0970464135021097
22,Nyle DiMarco,2,20.0,6.666666666666667,3,True,Peta Murgatroyd,Model,New York,United States,26,1st Place,1,,False,True,10,10.0,10.0,True,6.5,0.0847457627118644
22,Nyle DiMarco,3,25.0,8.333333333333334,3,True,Peta Murgatroyd,Model,New York,United States,26,1st Place,1,,False,True,10,10.0,10.0,True,1.0,0.10548523206751055
22,Nyle DiMarco,4,34.0,8.5,4,True,Peta Murgatroyd,Model,New York,United States,26,1st Place,1,,False,True,10,10.0,10.0,True,5.0,0.10658307210031348
22,Nyle DiMarco,5,37.0,9.25,4,True,Peta Murgatroyd,Model,New York,United States,26,1st Place,1,,False,True,10,10.0,10.0,True,1.0,0.13405797101449277
22,Nyle DiMarco,6,25.0,8.333333333333334,3,True,Peta Murgatroyd,Model,New York,United States,26,1st Place,1,,False,True,10,10.0,10.0,True,4.5,0.11013215859030837
22,Nyle DiMarco,7,28.0,9.333333333333334,3,True,Peta Murgatroyd,Model,New York,United States,26,1st Place,1,,False,True,10,10.0,10.0,True,1.0,0.1308411214953271
22,Nyle DiMarco,8,29.0,9.666666666666666,3,True,Peta Murgatroyd,Model,New York,United States,26,1st Place,1,,False,True,10,10.0,10.0,True,3.0,0.17159763313609466
22,Nyle DiMarco,9,28.5,9.5,3,True,Peta Murgatroyd,Model,New York,United States,26,1st Place,1,,False,True,10,10.0,10.0,True,3.0,0.1986062717770035
22,Nyle DiMarco,10,28.9998,9.6666,3,True,Peta Murgatroyd,Model,New York,United States,26,1st Place,1,,False,True,10,10.0,10.0,True,2.0,0.3333325670462853
22,Paige VanZant,1,21.0,7.0,3,True,Mark Ballas,Athlete,Oregon,United States,22,2nd Place,2,,False,True,10,10.0,10.0,True,5.5,0.08860759493670886
22,Paige VanZant,2,24.0,8.0,3,True,Mark Ballas,Athlete,Oregon,United States,22,2nd Place,2,,False,True,10,10.0,10.0,True,1.5,0.1016949152542373
22,Paige VanZant,3,23.0,7.666666666666667,3,True,Mark Ballas,Athlete,Oregon,United States,22,2nd Place,2,,False,True,10,10.0,10.0,True,3.5,0.0970464135021097
22,Paige VanZant,4,36.0,9.0,4,True,Mark Ballas,Athlete,Oregon,United States,22,2nd Place,2,,False,True,10,10.0,10.0,True,1.5,0.11285266457680251
22,Paige VanZant,5,31.0,7.75,4,True,Mark Ballas,Athlete,Oregon,United States,22,2nd Place,2,,False,True,10,10.0,10.0,True,4.0,0.11231884057971014
22,Paige VanZant,6,28.0,9.333333333333334,3,True,Mark Ballas,Athlete,Oregon,United States,22,2nd Place,2,,False,True,10,10.0,10.0,True,2.0,0.12334801762114538
22,Paige VanZant,7,27.5,9.166666666666666,3,True,Mark Ballas,Athlete,Oregon,United States,22,2nd Place,2,,False,True,10,10.0,10.0,True,3.0,0.12850467289719625
22,Paige VanZant,8,28.0,9.333333333333334,3,True,Mark Ballas,Athlete,Oregon,United States,22,2nd Place,2,,False,True,10,10.0,10.0,True,4.0,0.16568047337278108
22,Paige VanZant,9,29.5,9.833333333333334,3,True,Mark Ballas,Athlete,Oregon,United States,22,2nd Place,2,,False,True,10,10.0,10.0,True,2.0,0.20557491289198607
22,Paige VanZant,10,29.666600000000003,9.888866666666667,3,True,Mark Ballas,Athlete,Oregon,United States,22,2nd Place,2,,False,True,10,10.0,10.0,True,1.0,0.340996970101012
22,Von Miller,1,21.0,7.0,3,True,Witney Carson,Athlete,Texas,United States,27,Eliminated Week 7,7,7,False,False,10,7.0,7.0,True,5.5,0.08860759493670886
22,Von Miller,2,20.0,6.666666666666667,3,True,Witney Carson,Athlete,Texas,United States,27,Eliminated Week 7,7,7,False,False,10,7.0,7.0,True,6.5,0.0847457627118644
22,Von Miller,3,20.0,6.666666666666667,3,True,Witney Carson,Athlete,Texas,United States,27,Eliminated Week 7,7,7,False,False,10,7.0,7.0,True,9.0,0.08438818565400844
22,Von Miller,4,32.0,8.0,4,True,Witney Carson,Athlete,Texas,United States,27,Eliminated Week 7,7,7,False,False,10,7.0,7.0,True,6.5,0.10031347962382445
22,Von Miller,5,29.0,7.25,4,True,Witney Carson,Athlete,Texas,United States,27,Eliminated Week 7,7,7,False,False,10,7.0,7.0,True,6.0,0.10507246376811594
22,Von Miller,6,24.0,8.0,3,True,Witney Carson,Athlete,Texas,United States,27,Eliminated Week 7,7,7,False,False,10,7.0,7.0,True,7.0,0.10572687224669604
22,Von Miller,7,26.0,8.666666666666666,3,True,Witney Carson,Athlete,Texas,United States,27,Eliminated Week 7,7,7,False,False,10,7.0,7.0,True,6.0,0.12149532710280374
22,Von Miller,8,,,0,False,Witney Carson,Athlete,Texas,United States,27,Eliminated Week 7,7,7,False,False,10,7.0,7.0,False,,
22,Von Miller,9,,,0,False,Witney Carson,Athlete,Texas,United States,27,Eliminated Week 7,7,7,False,False,10,7.0,7.0,False,,
22,Von Miller,10,,,0,False,Witney Carson,Athlete,Texas,United States,27,Eliminated Week 7,7,7,False,False,10,7.0,7.0,False,,
22,Wanya Morris,1,23.0,7.666666666666667,3,True,Lindsay Arnold,Singer/Rapper,Pennsylvania,United States,42,Eliminated Week 9,4,9,False,False,10,9.0,9.0,True,2.0,0.0970464135021097
22,Wanya Morris,2,24.0,8.0,3,True,Lindsay Arnold,Singer/Rapper,Pennsylvania,United States,42,Eliminated Week 9,4,9,False,False,10,9.0,9.0,True,1.5,0.1016949152542373
22,Wanya Morris,3,24.0,8.0,3,True,Lindsay Arnold,Singer/Rapper,Pennsylvania,United States,42,Eliminated Week 9,4,9,False,False,10,9.0,9.0,True,2.0,0.10126582278481013
22,Wanya Morris,4,35.0,8.75,4,True,Lindsay Arnold,Singer/Rapper,Pennsylvania,United States,42,Eliminated Week 9,4,9,False,False,10,9.0,9.0,True,3.5,0.109717868338558
22,Wanya Morris,5,30.0,7.5,4,True,Lindsay Arnold,Singer/Rapper,Pennsylvania,United States,42,Eliminated Week 9,4,9,False,False,10,9.0,9.0,True,5.0,0.10869565217391304
22,Wanya Morris,6,29.0,9.666666666666666,3,True,Lindsay Arnold,Singer/Rapper,Pennsylvania,United States,42,Eliminated Week 9,4,9,False,False,10,9.0,9.0,True,1.0,0.1277533039647577
22,Wanya Morris,7,27.5,9.166666666666666,3,True,Lindsay Arnold,Singer/Rapper,Pennsylvania,United States,42,Eliminated Week 9,4,9,False,False,10,9.0,9.0,True,3.0,0.12850467289719625
22,Wanya Morris,8,25.0,8.333333333333334,3,True,Lindsay Arnold,Singer/Rapper,Pennsylvania,United States,42,Eliminated Week 9,4,9,False,False,10,9.0,9.0,True,6.0,0.14792899408284024
22,Wanya Morris,9,30.0,10.0,3,True,Lindsay Arnold,Singer/Rapper,Pennsylvania,United States,42,Eliminated Week 9,4,9,False,False,10,9.0,9.0,True,1.0,0.20905923344947736
22,Wanya Morris,10,,,0,False,Lindsay Arnold,Singer/Rapper,Pennsylvania,United States,42,Eliminated Week 9,4,9,False,False,10,9.0,9.0,False,,
23,Amber Rose,1,24.0,6.0,4,True,Maksim Chmerkoskiy,Model,Pennsylvania,United States,32,Eliminated Week 6,9,6,False,False,11,6.0,6.0,True,9.5,0.07272727272727272
23,Amber Rose,2,24.0,6.0,4,True,Maksim Chmerkoskiy,Model,Pennsylvania,United States,32,Eliminated Week 6,9,6,False,False,11,6.0,6.0,True,11.0,0.06818181818181818
23,Amber Rose,3,25.0,6.25,4,True,Maksim Chmerkoskiy,Model,Pennsylvania,United States,32,Eliminated Week 6,9,6,False,False,11,6.0,6.0,True,9.0,0.07692307692307693
23,Amber Rose,4,24.0,8.0,3,True,Maksim Chmerkoskiy,Model,Pennsylvania,United States,32,Eliminated Week 6,9,6,False,False,11,6.0,6.0,True,4.5,0.09195402298850575
23,Amber Rose,5,24.0,8.0,3,True,Maksim Chmerkoskiy,Model,Pennsylvania,United States,32,Eliminated Week 6,9,6,False,False,11,6.0,6.0,True,7.5,0.10434782608695652
23,Amber Rose,6,28.0,7.0,4,True,Maksim Chmerkoskiy,Model,Pennsylvania,United States,32,Eliminated Week 6,9,6,False,False,11,6.0,6.0,True,9.0,0.09180327868852459
23,Amber Rose,7,,,0,False,Maksim Chmerkoskiy,Model,Pennsylvania,United States,32,Eliminated Week 6,9,6,False,False,11,6.0,6.0,False,,
23,Amber Rose,8,,,0,False,Maksim Chmerkoskiy,Model,Pennsylvania,United States,32,Eliminated Week 6,9,6,False,False,11,6.0,6.0,False,,
23,Amber Rose,9,,,0,False,Maksim Chmerkoskiy,Model,Pennsylvania,United States,32,Eliminated Week 6,9,6,False,False,11,6.0,6.0,False,,
23,Amber Rose,10,,,0,False,Maksim Chmerkoskiy,Model,Pennsylvania,United States,32,Eliminated Week 6,9,6,False,False,11,6.0,6.0,False,,
23,Amber Rose,11,,,0,False,Maksim Chmerkoskiy,Model,Pennsylvania,United States,32,Eliminated Week 6,9,6,False,False,11,6.0,6.0,False,,
23,Babyface,1,26.0,6.5,4,True,Allison Holker,Singer/Rapper,Indiana,United States,57,Eliminated Week 4,11,4,False,False,11,4.0,4.0,True,5.5,0.07878787878787878
23,Babyface,2,30.0,7.5,4,True,Allison Holker,Singer/Rapper,Indiana,United States,57,Eliminated Week 4,11,4,False,False,11,4.0,4.0,True,3.0,0.08522727272727272
23,Babyface,3,25.0,6.25,4,True,Allison Holker,Singer/Rapper,Indiana,United States,57,Eliminated Week 4,11,4,False,False,11,4.0,4.0,True,9.0,0.07692307692307693
23,Babyface,4,18.0,6.0,3,True,Allison Holker,Singer/Rapper,Indiana,United States,57,Eliminated Week 4,11,4,False,False,11,4.0,4.0,True,11.0,0.06896551724137931
23,Babyface,5,,,0,False,Allison Holker,Singer/Rapper,Indiana,United States,57,Eliminated Week 4,11,4,False,False,11,4.0,4.0,False,,
23,Babyface,6,,,0,False,Allison Holker,Singer/Rapper,Indiana,United States,57,Eliminated Week 4,11,4,False,False,11,4.0,4.0,False,,
23,Babyface,7,,,0,False,Allison Holker,Singer/Rapper,Indiana,United States,57,Eliminated Week 4,11,4,False,False,11,4.0,4.0,False,,
23,Babyface,8,,,0,False,Allison Holker,Singer/Rapper,Indiana,United States,57,Eliminated Week 4,11,4,False,False,11,4.0,4.0,False,,
23,Babyface,9,,,0,False,Allison Holker,Singer/Rapper,Indiana,United States,57,Eliminated Week 4,11,4,False,False,11,4.0,4.0,False,,
23,Babyface,10,,,0,False,Allison Holker,Singer/Rapper,Indiana,United States,57,Eliminated Week 4,11,4,False,False,11,4.0,4.0,False,,
23,Babyface,11,,,0,False,Allison Holker,Singer/Rapper,Indiana,United States,57,Eliminated Week 4,11,4,False,False,11,4.0,4.0,False,,
23,Calvin Johnson Jr.,1,26.0,6.5,4,True,Lindsay Arnold,Athlete,Georgia,United States,30,3rd Place,3,,False,True,11,11.0,11.0,True,5.5,0.07878787878787878
23,Calvin Johnson Jr.,2,28.0,7.0,4,True,Lindsay Arnold,Athlete,Georgia,United States,30,3rd Place,3,,False,True,11,11.0,11.0,True,6.0,0.07954545454545454
23,Calvin Johnson Jr.,3,32.0,8.0,4,True,Lindsay Arnold,Athlete,Georgia,United States,30,3rd Place,3,,False,True,11,11.0,11.0,True,1.0,0.09846153846153846
23,Calvin Johnson Jr.,4,23.0,7.666666666666667,3,True,Lindsay Arnold,Athlete,Georgia,United States,30,3rd Place,3,,False,True,11,11.0,11.0,True,7.0,0.08812260536398467
23,Calvin Johnson Jr.,5,24.0,8.0,3,True,Lindsay Arnold,Athlete,Georgia,United States,30,3rd Place,3,,False,True,11,11.0,11.0,True,7.5,0.10434782608695652
23,Calvin Johnson Jr.,6,37.0,9.25,4,True,Lindsay Arnold,Athlete,Georgia,United States,30,3rd Place,3,,False,True,11,11.0,11.0,True,3.5,0.12131147540983607
23,Calvin Johnson Jr.,7,37.0,9.25,4,True,Lindsay Arnold,Athlete,Georgia,United States,30,3rd Place,3,,False,True,11,11.0,11.0,True,1.5,0.13430127041742287
23,Calvin Johnson Jr.,8,30.0,10.0,3,True,Lindsay Arnold,Athlete,Georgia,United States,30,3rd Place,3,,False,True,11,11.0,11.0,True,3.5,0.14925387985460684
23,Calvin Johnson Jr.,9,37.0,9.25,4,True,Lindsay Arnold,Athlete,Georgia,United States,30,3rd Place,3,,False,True,11,11.0,11.0,True,4.0,0.16299559471365638
23,Calvin Johnson Jr.,10,28.0,9.333333333333334,3,True,Lindsay Arnold,Athlete,Georgia,United States,30,3rd Place,3,,False,True,11,11.0,11.0,True,5.0,0.19112627986348124
23,Calvin Johnson Jr.,11,38.3331,9.583275,4,True,Lindsay Arnold,Athlete,Georgia,United States,30,3rd Place,3,,False,True,11,11.0,11.0,True,3.0,0.25191616266698036
23,Jake T. Austin,1,22.0,5.5,4,True,Jenna Johnson,Actor/Actress,New York,United States,21,Eliminated Week 2,13,2,False,False,11,2.0,2.0,True,11.5,0.06666666666666667
23,Jake T. Austin,2,24.0,6.0,4,True,Jenna Johnson,Actor/Actress,New York,United States,21,Eliminated Week 2,13,2,False,False,11,2.0,2.0,True,11.0,0.06818181818181818
23,Jake T. Austin,3,,,0,False,Jenna Johnson,Actor/Actress,New York,United States,21,Eliminated Week 2,13,2,False,False,11,2.0,2.0,False,,
23,Jake T. Austin,4,,,0,False,Jenna Johnson,Actor/Actress,New York,United States,21,Eliminated Week 2,13,2,False,False,11,2.0,2.0,False,,
23,Jake T. Austin,5,,,0,False,Jenna Johnson,Actor/Actress,New York,United States,21,Eliminated Week 2,13,2,False,False,11,2.0,2.0,False,,
23,Jake T. Austin,6,,,0,False,Jenna Johnson,Actor/Actress,New York,United States,21,Eliminated Week 2,13,2,False,False,11,2.0,2.0,False,,
23,Jake T. Austin,7,,,0,False,Jenna Johnson,Actor/Actress,New York,United States,21,Eliminated Week 2,13,2,False,False,11,2.0,2.0,False,,
23,Jake T. Austin,8,,,0,False,Jenna Johnson,Actor/Actress,New York,United States,21,Eliminated Week 2,13,2,False,False,11,2.0,2.0,False,,
23,Jake T. Austin,9,,,0,False,Jenna Johnson,Actor/Actress,New York,United States,21,Eliminated Week 2,13,2,False,False,11,2.0,2.0,False,,
23,Jake T. Austin,10,,,0,False,Jenna Johnson,Actor/Actress,New York,United States,21,Eliminated Week 2,13,2,False,False,11,2.0,2.0,False,,
23,Jake T. Austin,11,,,0,False,Jenna Johnson,Actor/Actress,New York,United States,21,Eliminated Week 2,13,2,False,False,11,2.0,2.0,False,,
23,James Hinchcliffe,1,31.0,7.75,4,True,Sharna Burgess,Racing Driver,,Canada,29,2nd Place,2,,False,True,11,11.0,11.0,True,1.5,0.09393939393939393
23,James Hinchcliffe,2,29.0,7.25,4,True,Sharna Burgess,Racing Driver,,Canada,29,2nd Place,2,,False,True,11,11.0,11.0,True,4.5,0.08238636363636363
23,James Hinchcliffe,3,29.0,7.25,4,True,Sharna Burgess,Racing Driver,,Canada,29,2nd Place,2,,False,True,11,11.0,11.0,True,4.0,0.08923076923076922
23,James Hinchcliffe,4,28.0,9.333333333333334,3,True,Sharna Burgess,Racing Driver,,Canada,29,2nd Place,2,,False,True,11,11.0,11.0,True,2.0,0.10727969348659004
23,James Hinchcliffe,5,29.0,9.666666666666666,3,True,Sharna Burgess,Racing Driver,,Canada,29,2nd Place,2,,False,True,11,11.0,11.0,True,1.0,0.12608695652173912
23,James Hinchcliffe,6,38.0,9.5,4,True,Sharna Burgess,Racing Driver,,Canada,29,2nd Place,2,,False,True,11,11.0,11.0,True,2.0,0.12459016393442623
23,James Hinchcliffe,7,37.0,9.25,4,True,Sharna Burgess,Racing Driver,,Canada,29,2nd Place,2,,False,True,11,11.0,11.0,True,1.5,0.13430127041742287
23,James Hinchcliffe,8,34.9998,11.6666,3,True,Sharna Burgess,Racing Driver,,Canada,29,2nd Place,2,,False,True,11,11.0,11.0,True,1.0,0.1741285314711756
23,James Hinchcliffe,9,36.0,9.0,4,True,Sharna Burgess,Racing Driver,,Canada,29,2nd Place,2,,False,True,11,11.0,11.0,True,5.5,0.15859030837004406
23,James Hinchcliffe,10,29.5,9.833333333333334,3,True,Sharna Burgess,Racing Driver,,Canada,29,2nd Place,2,,False,True,11,11.0,11.0,True,3.0,0.20136518771331058
23,James Hinchcliffe,11,38.9998,9.74995,4,True,Sharna Burgess,Racing Driver,,Canada,29,2nd Place,2,,False,True,11,11.0,11.0,True,2.0,0.25629755904896034
23,Jana Kramer,1,27.0,6.75,4,True,Gleb Savchenko,Singer/Rapper,Michigan,United States,32,Eliminated Week 11,4,11,False,False,11,11.0,11.0,True,3.5,0.08181818181818182
23,Jana Kramer,2,29.0,7.25,4,True,Gleb Savchenko,Singer/Rapper,Michigan,United States,32,Eliminated Week 11,4,11,False,False,11,11.0,11.0,True,4.5,0.08238636363636363
23,Jana Kramer,3,26.0,6.5,4,True,Gleb Savchenko,Singer/Rapper,Michigan,United States,32,Eliminated Week 11,4,11,False,False,11,11.0,11.0,True,7.0,0.08
23,Jana Kramer,4,23.0,7.666666666666667,3,True,Gleb Savchenko,Singer/Rapper,Michigan,United States,32,Eliminated Week 11,4,11,False,False,11,11.0,11.0,True,7.0,0.08812260536398467
23,Jana Kramer,5,26.0,8.666666666666666,3,True,Gleb Savchenko,Singer/Rapper,Michigan,United States,32,Eliminated Week 11,4,11,False,False,11,11.0,11.0,True,4.0,0.11304347826086956
23,Jana Kramer,6,40.0,10.0,4,True,Gleb Savchenko,Singer/Rapper,Michigan,United States,32,Eliminated Week 11,4,11,False,False,11,11.0,11.0,True,1.0,0.13114754098360656
23,Jana Kramer,7,34.5,8.625,4,True,Gleb Savchenko,Singer/Rapper,Michigan,United States,32,Eliminated Week 11,4,11,False,False,11,11.0,11.0,True,4.0,0.12522686025408347
23,Jana Kramer,8,30.0,10.0,3,True,Gleb Savchenko,Singer/Rapper,Michigan,United States,32,Eliminated Week 11,4,11,False,False,11,11.0,11.0,True,3.5,0.14925387985460684
23,Jana Kramer,9,40.0,10.0,4,True,Gleb Savchenko,Singer/Rapper,Michigan,United States,32,Eliminated Week 11,4,11,False,False,11,11.0,11.0,True,1.5,0.1762114537444934
23,Jana Kramer,10,29.0,9.666666666666666,3,True,Gleb Savchenko,Singer/Rapper,Michigan,United States,32,Eliminated Week 11,4,11,False,False,11,11.0,11.0,True,4.0,0.19795221843003413
23,Jana Kramer,11,35.5,8.875,4,True,Gleb Savchenko,Singer/Rapper,Michigan,United States,32,Eliminated Week 11,4,11,False,False,11,11.0,11.0,True,4.0,0.2332976924558098
23,Laurie Hernandez,1,31.0,7.75,4,True,Valentin Chmerkovskiy,Athlete,New Jersey,United States,16,1st Place,1,,False,True,11,11.0,11.0,True,1.5,0.09393939393939393
23,Laurie Hernandez,2,32.0,8.0,4,True,Valentin Chmerkovskiy,Athlete,New Jersey,United States,16,1st Place,1,,False,True,11,11.0,11.0,True,1.0,0.09090909090909091
23,Laurie Hernandez,3,31.0,7.75,4,True,Valentin Chmerkovskiy,Athlete,New Jersey,United States,16,1st Place,1,,False,True,11,11.0,11.0,True,2.0,0.09538461538461539
23,Laurie Hernandez,4,30.0,10.0,3,True,Valentin Chmerkovskiy,Athlete,New Jersey,United States,16,1st Place,1,,False,True,11,11.0,11.0,True,1.0,0.11494252873563218
23,Laurie Hernandez,5,25.0,8.333333333333334,3,True,Valentin Chmerkovskiy,Athlete,New Jersey,United States,16,1st Place,1,,False,True,11,11.0,11.0,True,5.0,0.10869565217391304
23,Laurie Hernandez,6,37.0,9.25,4,True,Valentin Chmerkovskiy,Athlete,New Jersey,United States,16,1st Place,1,,False,True,11,11.0,11.0,True,3.5,0.12131147540983607
23,Laurie Hernandez,7,34.5,8.625,4,True,Valentin Chmerkovskiy,Athlete,New Jersey,United States,16,1st Place,1,,False,True,11,11.0,11.0,True,4.0,0.12522686025408347
23,Laurie Hernandez,8,33.0,11.0,3,True,Valentin Chmerkovskiy,Athlete,New Jersey,United States,16,1st Place,1,,False,True,11,11.0,11.0,True,2.0,0.1641792678400675
23,Laurie Hernandez,9,40.0,10.0,4,True,Valentin Chmerkovskiy,Athlete,New Jersey,United States,16,1st Place,1,,False,True,11,11.0,11.0,True,1.5,0.1762114537444934
23,Laurie Hernandez,10,30.0,10.0,3,True,Valentin Chmerkovskiy,Athlete,New Jersey,United States,16,1st Place,1,,False,True,11,11.0,11.0,True,1.5,0.20477815699658702
23,Laurie Hernandez,11,39.333200000000005,9.833300000000001,4,True,Valentin Chmerkovskiy,Athlete,New Jersey,United States,16,1st Place,1,,False,True,11,11.0,11.0,True,1.0,0.2584885858282496
23,Marilu Henner,1,27.0,6.75,4,True,Derek Hough,Actor/Actress,Illinois,United States,64,Eliminated Week 9,6,9,False,False,11,9.0,9.0,True,3.5,0.08181818181818182
23,Marilu Henner,2,27.0,6.75,4,True,Derek Hough,Actor/Actress,Illinois,United States,64,Eliminated Week 9,6,9,False,False,11,9.0,9.0,True,7.0,0.07670454545454546
23,Marilu Henner,3,28.0,7.0,4,True,Derek Hough,Actor/Actress,Illinois,United States,64,Eliminated Week 9,6,9,False,False,11,9.0,9.0,True,5.5,0.08615384615384615
23,Marilu Henner,4,21.0,7.0,3,True,Derek Hough,Actor/Actress,Illinois,United States,64,Eliminated Week 9,6,9,False,False,11,9.0,9.0,True,10.0,0.08045977011494253
23,Marilu Henner,5,27.0,9.0,3,True,Derek Hough,Actor/Actress,Illinois,United States,64,Eliminated Week 9,6,9,False,False,11,9.0,9.0,True,2.5,0.11739130434782609
23,Marilu Henner,6,34.0,8.5,4,True,Derek Hough,Actor/Actress,Illinois,United States,64,Eliminated Week 9,6,9,False,False,11,9.0,9.0,True,5.0,0.11147540983606558
23,Marilu Henner,7,32.0,8.0,4,True,Derek Hough,Actor/Actress,Illinois,United States,64,Eliminated Week 9,6,9,False,False,11,9.0,9.0,True,8.0,0.1161524500907441
23,Marilu Henner,8,23.0,7.666666666666667,3,True,Derek Hough,Actor/Actress,Illinois,United States,64,Eliminated Week 9,6,9,False,False,11,9.0,9.0,True,7.0,0.11442797455519857
23,Marilu Henner,9,36.0,9.0,4,True,Derek Hough,Actor/Actress,Illinois,United States,64,Eliminated Week 9,6,9,False,False,11,9.0,9.0,True,5.5,0.15859030837004406
23,Marilu Henner,10,,,0,False,Derek Hough,Actor/Actress,Illinois,United States,64,Eliminated Week 9,6,9,False,False,11,9.0,9.0,False,,
23,Marilu Henner,11,,,0,False,Derek Hough,Actor/Actress,Illinois,United States,64,Eliminated Week 9,6,9,False,False,11,9.0,9.0,False,,
23,Maureen McCormick,1,22.0,5.5,4,True,Artem Chigvintsev,Actor/Actress,California,United States,60,Eliminated Week 7,8,7,False,False,11,7.0,7.0,True,11.5,0.06666666666666667
23,Maureen McCormick,2,26.0,6.5,4,True,Artem Chigvintsev,Actor/Actress,California,United States,60,Eliminated Week 7,8,7,False,False,11,7.0,7.0,True,8.5,0.07386363636363637
23,Maureen McCormick,3,28.0,7.0,4,True,Artem Chigvintsev,Actor/Actress,California,United States,60,Eliminated Week 7,8,7,False,False,11,7.0,7.0,True,5.5,0.08615384615384615
23,Maureen McCormick,4,24.0,8.0,3,True,Artem Chigvintsev,Actor/Actress,California,United States,60,Eliminated Week 7,8,7,False,False,11,7.0,7.0,True,4.5,0.09195402298850575
23,Maureen McCormick,5,24.0,8.0,3,True,Artem Chigvintsev,Actor/Actress,California,United States,60,Eliminated Week 7,8,7,False,False,11,7.0,7.0,True,7.5,0.10434782608695652
23,Maureen McCormick,6,31.0,7.75,4,True,Artem Chigvintsev,Actor/Actress,California,United States,60,Eliminated Week 7,8,7,False,False,11,7.0,7.0,True,6.0,0.10163934426229508
23,Maureen McCormick,7,33.0,8.25,4,True,Artem Chigvintsev,Actor/Actress,California,United States,60,Eliminated Week 7,8,7,False,False,11,7.0,7.0,True,6.5,0.11978221415607986
23,Maureen McCormick,8,,,0,False,Artem Chigvintsev,Actor/Actress,California,United States,60,Eliminated Week 7,8,7,False,False,11,7.0,7.0,False,,
23,Maureen McCormick,9,,,0,False,Artem Chigvintsev,Actor/Actress,California,United States,60,Eliminated Week 7,8,7,False,False,11,7.0,7.0,False,,
23,Maureen McCormick,10,,,0,False,Artem Chigvintsev,Actor/Actress,California,United States,60,Eliminated Week 7,8,7,False,False,11,7.0,7.0,False,,
23,Maureen McCormick,11,,,0,False,Artem Chigvintsev,Actor/Actress,California,United States,60,Eliminated Week 7,8,7,False,False,11,7.0,7.0,False,,
23,Rick Perry,1,20.0,5.0,4,True,Emma Slater,Politician,Texas,United States,66,Eliminated Week 3,12,3,False,False,11,3.0,3.0,True,13.0,0.06060606060606061
23,Rick Perry,2,22.0,5.5,4,True,Emma Slater,Politician,Texas,United States,66,Eliminated Week 3,12,3,False,False,11,3.0,3.0,True,13.0,0.0625
23,Rick Perry,3,23.0,5.75,4,True,Emma Slater,Politician,Texas,United States,66,Eliminated Week 3,12,3,False,False,11,3.0,3.0,True,11.5,0.07076923076923076
23,Rick Perry,4,,,0,False,Emma Slater,Politician,Texas,United States,66,Eliminated Week 3,12,3,False,False,11,3.0,3.0,False,,
23,Rick Perry,5,,,0,False,Emma Slater,Politician,Texas,United States,66,Eliminated Week 3,12,3,False,False,11,3.0,3.0,False,,
23,Rick Perry,6,,,0,False,Emma Slater,Politician,Texas,United States,66,Eliminated Week 3,12,3,False,False,11,3.0,3.0,False,,
23,Rick Perry,7,,,0,False,Emma Slater,Politician,Texas,United States,66,Eliminated Week 3,12,3,False,False,11,3.0,3.0,False,,
23,Rick Perry,8,,,0,False,Emma Slater,Politician,Texas,United States,66,Eliminated Week 3,12,3,False,False,11,3.0,3.0,False,,
23,Rick Perry,9,,,0,False,Emma Slater,Politician,Texas,United States,66,Eliminated Week 3,12,3,False,False,11,3.0,3.0,False,,
23,Rick Perry,10,,,0,False,Emma Slater,Politician,Texas,United States,66,Eliminated Week 3,12,3,False,False,11,3.0,3.0,False,,
23,Rick Perry,11,,,0,False,Emma Slater,Politician,Texas,United States,66,Eliminated Week 3,12,3,False,False,11,3.0,3.0,False,,
23,Ryan Lochte,1,24.0,6.0,4,True,Cheryl Burke,Athlete,New York,United States,32,Eliminated Week 8,7,8,False,False,11,8.0,8.0,True,9.5,0.07272727272727272
23,Ryan Lochte,2,24.0,6.0,4,True,Cheryl Burke,Athlete,New York,United States,32,Eliminated Week 8,7,8,False,False,11,8.0,8.0,True,11.0,0.06818181818181818
23,Ryan Lochte,3,25.0,6.25,4,True,Cheryl Burke,Athlete,New York,United States,32,Eliminated Week 8,7,8,False,False,11,8.0,8.0,True,9.0,0.07692307692307693
23,Ryan Lochte,4,22.0,7.333333333333333,3,True,Cheryl Burke,Athlete,New York,United States,32,Eliminated Week 8,7,8,False,False,11,8.0,8.0,True,9.0,0.0842911877394636
23,Ryan Lochte,5,24.0,8.0,3,True,Cheryl Burke,Athlete,New York,United States,32,Eliminated Week 8,7,8,False,False,11,8.0,8.0,True,7.5,0.10434782608695652
23,Ryan Lochte,6,30.0,7.5,4,True,Cheryl Burke,Athlete,New York,United States,32,Eliminated Week 8,7,8,False,False,11,8.0,8.0,True,7.5,0.09836065573770492
23,Ryan Lochte,7,33.0,8.25,4,True,Cheryl Burke,Athlete,New York,United States,32,Eliminated Week 8,7,8,False,False,11,8.0,8.0,True,6.5,0.11978221415607986
23,Ryan Lochte,8,26.0,8.666666666666666,3,True,Cheryl Burke,Athlete,New York,United States,32,Eliminated Week 8,7,8,False,False,11,8.0,8.0,True,5.0,0.12935336254065924
23,Ryan Lochte,9,,,0,False,Cheryl Burke,Athlete,New York,United States,32,Eliminated Week 8,7,8,False,False,11,8.0,8.0,False,,
23,Ryan Lochte,10,,,0,False,Cheryl Burke,Athlete,New York,United States,32,Eliminated Week 8,7,8,False,False,11,8.0,8.0,False,,
23,Ryan Lochte,11,,,0,False,Cheryl Burke,Athlete,New York,United States,32,Eliminated Week 8,7,8,False,False,11,8.0,8.0,False,,
23,Terra Jole,1,25.0,6.25,4,True,Sasha Farber,TV Personality,Texas,United States,36,Eliminated Week 10,5,10,False,False,11,10.0,10.0,True,7.5,0.07575757575757576
23,Terra Jole,2,31.0,7.75,4,True,Sasha Farber,TV Personality,Texas,United States,36,Eliminated Week 10,5,10,False,False,11,10.0,10.0,True,2.0,0.08806818181818182
23,Terra Jole,3,30.0,7.5,4,True,Sasha Farber,TV Personality,Texas,United States,36,Eliminated Week 10,5,10,False,False,11,10.0,10.0,True,3.0,0.09230769230769231
23,Terra Jole,4,25.0,8.333333333333334,3,True,Sasha Farber,TV Personality,Texas,United States,36,Eliminated Week 10,5,10,False,False,11,10.0,10.0,True,3.0,0.09578544061302682
23,Terra Jole,5,27.0,9.0,3,True,Sasha Farber,TV Personality,Texas,United States,36,Eliminated Week 10,5,10,False,False,11,10.0,10.0,True,2.5,0.11739130434782609
23,Terra Jole,6,30.0,7.5,4,True,Sasha Farber,TV Personality,Texas,United States,36,Eliminated Week 10,5,10,False,False,11,10.0,10.0,True,7.5,0.09836065573770492
23,Terra Jole,7,34.5,8.625,4,True,Sasha Farber,TV Personality,Texas,United States,36,Eliminated Week 10,5,10,False,False,11,10.0,10.0,True,4.0,0.12522686025408347
23,Terra Jole,8,24.0,8.0,3,True,Sasha Farber,TV Personality,Texas,United States,36,Eliminated Week 10,5,10,False,False,11,10.0,10.0,True,6.0,0.11940310388368545
23,Terra Jole,9,38.0,9.5,4,True,Sasha Farber,TV Personality,Texas,United States,36,Eliminated Week 10,5,10,False,False,11,10.0,10.0,True,3.0,0.16740088105726872
23,Terra Jole,10,30.0,10.0,3,True,Sasha Farber,TV Personality,Texas,United States,36,Eliminated Week 10,5,10,False,False,11,10.0,10.0,True,1.5,0.20477815699658702
23,Terra Jole,11,,,0,False,Sasha Farber,TV Personality,Texas,United States,36,Eliminated Week 10,5,10,False,False,11,10.0,10.0,False,,
23,Vanilla Ice,1,25.0,6.25,4,True,Witney Carson,Singer/Rapper,Texas,United States,48,Eliminated Week 4,10,4,False,False,11,4.0,4.0,True,7.5,0.07575757575757576
23,Vanilla Ice,2,26.0,6.5,4,True,Witney Carson,Singer/Rapper,Texas,United States,48,Eliminated Week 4,10,4,False,False,11,4.0,4.0,True,8.5,0.07386363636363637
23,Vanilla Ice,3,23.0,5.75,4,True,Witney Carson,Singer/Rapper,Texas,United States,48,Eliminated Week 4,10,4,False,False,11,4.0,4.0,True,11.5,0.07076923076923076
23,Vanilla Ice,4,23.0,7.666666666666667,3,True,Witney Carson,Singer/Rapper,Texas,United States,48,Eliminated Week 4,10,4,False,False,11,4.0,4.0,True,7.0,0.08812260536398467
23,Vanilla Ice,5,,,0,False,Witney Carson,Singer/Rapper,Texas,United States,48,Eliminated Week 4,10,4,False,False,11,4.0,4.0,False,,
23,Vanilla Ice,6,,,0,False,Witney Carson,Singer/Rapper,Texas,United States,48,Eliminated Week 4,10,4,False,False,11,4.0,4.0,False,,
23,Vanilla Ice,7,,,0,False,Witney Carson,Singer/Rapper,Texas,United States,48,Eliminated Week 4,10,4,False,False,11,4.0,4.0,False,,
23,Vanilla Ice,8,,,0,False,Witney Carson,Singer/Rapper,Texas,United States,48,Eliminated Week 4,10,4,False,False,11,4.0,4.0,False,,
23,Vanilla Ice,9,,,0,False,Witney Carson,Singer/Rapper,Texas,United States,48,Eliminated Week 4,10,4,False,False,11,4.0,4.0,False,,
23,Vanilla Ice,10,,,0,False,Witney Carson,Singer/Rapper,Texas,United States,48,Eliminated Week 4,10,4,False,False,11,4.0,4.0,False,,
23,Vanilla Ice,11,,,0,False,Witney Carson,Singer/Rapper,Texas,United States,48,Eliminated Week 4,10,4,False,False,11,4.0,4.0,False,,
24,Bonner Bolton,1,22.0,5.5,4,True,Sharna Burgess,Athlete,Texas,United States,29,Eliminated Week 8,5,8,False,False,10,8.0,8.0,True,9.0,0.0728476821192053
24,Bonner Bolton,2,28.0,7.0,4,True,Sharna Burgess,Athlete,Texas,United States,29,Eliminated Week 8,5,8,False,False,10,8.0,8.0,True,6.0,0.08536585365853659
24,Bonner Bolton,3,24.0,6.0,4,True,Sharna Burgess,Athlete,Texas,United States,29,Eliminated Week 8,5,8,False,False,10,8.0,8.0,True,10.0,0.0761904761904762
24,Bonner Bolton,4,32.0,8.0,4,True,Sharna Burgess,Athlete,Texas,United States,29,Eliminated Week 8,5,8,False,False,10,8.0,8.0,True,5.5,0.09815950920245399
24,Bonner Bolton,5,30.0,7.5,4,True,Sharna Burgess,Athlete,Texas,United States,29,Eliminated Week 8,5,8,False,False,10,8.0,8.0,True,8.0,0.09868421052631579
24,Bonner Bolton,6,31.5,7.875,4,True,Sharna Burgess,Athlete,Texas,United States,29,Eliminated Week 8,5,8,False,False,10,8.0,8.0,True,6.0,0.1171003717472119
24,Bonner Bolton,7,31.0,7.75,4,True,Sharna Burgess,Athlete,Texas,United States,29,Eliminated Week 8,5,8,False,False,10,8.0,8.0,True,7.0,0.1225296442687747
24,Bonner Bolton,8,29.0,7.25,4,True,Sharna Burgess,Athlete,Texas,United States,29,Eliminated Week 8,5,8,False,False,10,8.0,8.0,True,5.0,0.166189111747851
24,Bonner Bolton,9,,,0,False,Sharna Burgess,Athlete,Texas,United States,29,Eliminated Week 8,5,8,False,False,10,8.0,8.0,False,,
24,Bonner Bolton,10,,,0,False,Sharna Burgess,Athlete,Texas,United States,29,Eliminated Week 8,5,8,False,False,10,8.0,8.0,False,,
24,Charo,1,21.0,5.25,4,True,Keo Motsepe,Actor/Actress,,Spain,66,Eliminated Week 3,11,3,False,False,10,3.0,3.0,True,10.0,0.0695364238410596
24,Charo,2,25.0,6.25,4,True,Keo Motsepe,Actor/Actress,,Spain,66,Eliminated Week 3,11,3,False,False,10,3.0,3.0,True,9.5,0.07621951219512195
24,Charo,3,24.0,6.0,4,True,Keo Motsepe,Actor/Actress,,Spain,66,Eliminated Week 3,11,3,False,False,10,3.0,3.0,True,10.0,0.0761904761904762
24,Charo,4,,,0,False,Keo Motsepe,Actor/Actress,,Spain,66,Eliminated Week 3,11,3,False,False,10,3.0,3.0,False,,
24,Charo,5,,,0,False,Keo Motsepe,Actor/Actress,,Spain,66,Eliminated Week 3,11,3,False,False,10,3.0,3.0,False,,
24,Charo,6,,,0,False,Keo Motsepe,Actor/Actress,,Spain,66,Eliminated Week 3,11,3,False,False,10,3.0,3.0,False,,
24,Charo,7,,,0,False,Keo Motsepe,Actor/Actress,,Spain,66,Eliminated Week 3,11,3,False,False,10,3.0,3.0,False,,
24,Charo,8,,,0,False,Keo Motsepe,Actor/Actress,,Spain,66,Eliminated Week 3,11,3,False,False,10,3.0,3.0,False,,
24,Charo,9,,,0,False,Keo Motsepe,Actor/Actress,,Spain,66,Eliminated Week 3,11,3,False,False,10,3.0,3.0,False,,
24,Charo,10,,,0,False,Keo Motsepe,Actor/Actress,,Spain,66,Eliminated Week 3,11,3,False,False,10,3.0,3.0,False,,
24,Chris Kattan,1,17.0,4.25,4,True,Witney Carson,Comedian,California,United States,46,Eliminated Week 2,12,2,False,False,10,2.0,2.0,True,12.0,0.056291390728476824
24,Chris Kattan,2,22.0,5.5,4,True,Witney Carson,Comedian,California,United States,46,Eliminated Week 2,12,2,False,False,10,2.0,2.0,True,11.5,0.06707317073170732
24,Chris Kattan,3,,,0,False,Witney Carson,Comedian,California,United States,46,Eliminated Week 2,12,2,False,False,10,2.0,2.0,False,,
24,Chris Kattan,4,,,0,False,Witney Carson,Comedian,California,United States,46,Eliminated Week 2,12,2,False,False,10,2.0,2.0,False,,
24,Chris Kattan,5,,,0,False,Witney Carson,Comedian,California,United States,46,Eliminated Week 2,12,2,False,False,10,2.0,2.0,False,,
24,Chris Kattan,6,,,0,False,Witney Carson,Comedian,California,United States,46,Eliminated Week 2,12,2,False,False,10,2.0,2.0,False,,
24,Chris Kattan,7,,,0,False,Witney Carson,Comedian,California,United States,46,Eliminated Week 2,12,2,False,False,10,2.0,2.0,False,,
24,Chris Kattan,8,,,0,False,Witney Carson,Comedian,California,United States,46,Eliminated Week 2,12,2,False,False,10,2.0,2.0,False,,
24,Chris Kattan,9,,,0,False,Witney Carson,Comedian,California,United States,46,Eliminated Week 2,12,2,False,False,10,2.0,2.0,False,,
24,Chris Kattan,10,,,0,False,Witney Carson,Comedian,California,United States,46,Eliminated Week 2,12,2,False,False,10,2.0,2.0,False,,
24,David Ross,1,28.0,7.0,4,True,Lindsay Arnold,Athlete,Georgia,United States,40,2nd Place,2,,False,True,10,10.0,10.0,True,4.0,0.09271523178807947
24,David Ross,2,27.0,6.75,4,True,Lindsay Arnold,Athlete,Georgia,United States,40,2nd Place,2,,False,True,10,10.0,10.0,True,8.0,0.08231707317073171
24,David Ross,3,31.0,7.75,4,True,Lindsay Arnold,Athlete,Georgia,United States,40,2nd Place,2,,False,True,10,10.0,10.0,True,5.0,0.09841269841269841
24,David Ross,4,31.0,7.75,4,True,Lindsay Arnold,Athlete,Georgia,United States,40,2nd Place,2,,False,True,10,10.0,10.0,True,7.0,0.0950920245398773
24,David Ross,5,29.0,7.25,4,True,Lindsay Arnold,Athlete,Georgia,United States,40,2nd Place,2,,False,True,10,10.0,10.0,True,9.0,0.09539473684210527
24,David Ross,6,31.0,7.75,4,True,Lindsay Arnold,Athlete,Georgia,United States,40,2nd Place,2,,False,True,10,10.0,10.0,True,7.0,0.11524163568773234
24,David Ross,7,32.0,8.0,4,True,Lindsay Arnold,Athlete,Georgia,United States,40,2nd Place,2,,False,True,10,10.0,10.0,True,6.0,0.12648221343873517
24,David Ross,8,32.5,8.125,4,True,Lindsay Arnold,Athlete,Georgia,United States,40,2nd Place,2,,False,True,10,10.0,10.0,True,4.0,0.18624641833810887
24,David Ross,9,35.0,8.75,4,True,Lindsay Arnold,Athlete,Georgia,United States,40,2nd Place,2,,False,True,10,10.0,10.0,True,4.0,0.23102310231023102
24,David Ross,10,36.3333,9.083325,4,True,Lindsay Arnold,Athlete,Georgia,United States,40,2nd Place,2,,False,True,10,10.0,10.0,True,3.0,0.3150292500591764
24,Erika Jayne,1,24.0,6.0,4,True,Gleb Savchenko,Singer/Rapper,Georgia,United States,45,Eliminated Week 5,9,5,False,False,10,5.0,5.0,True,7.5,0.07947019867549669
24,Erika Jayne,2,28.0,7.0,4,True,Gleb Savchenko,Singer/Rapper,Georgia,United States,45,Eliminated Week 5,9,5,False,False,10,5.0,5.0,True,6.0,0.08536585365853659
24,Erika Jayne,3,26.0,6.5,4,True,Gleb Savchenko,Singer/Rapper,Georgia,United States,45,Eliminated Week 5,9,5,False,False,10,5.0,5.0,True,7.5,0.08253968253968254
24,Erika Jayne,4,30.0,7.5,4,True,Gleb Savchenko,Singer/Rapper,Georgia,United States,45,Eliminated Week 5,9,5,False,False,10,5.0,5.0,True,8.5,0.09202453987730061
24,Erika Jayne,5,32.0,8.0,4,True,Gleb Savchenko,Singer/Rapper,Georgia,United States,45,Eliminated Week 5,9,5,False,False,10,5.0,5.0,True,6.5,0.10526315789473684
24,Erika Jayne,6,,,0,False,Gleb Savchenko,Singer/Rapper,Georgia,United States,45,Eliminated Week 5,9,5,False,False,10,5.0,5.0,False,,
24,Erika Jayne,7,,,0,False,Gleb Savchenko,Singer/Rapper,Georgia,United States,45,Eliminated Week 5,9,5,False,False,10,5.0,5.0,False,,
24,Erika Jayne,8,,,0,False,Gleb Savchenko,Singer/Rapper,Georgia,United States,45,Eliminated Week 5,9,5,False,False,10,5.0,5.0,False,,
24,Erika Jayne,9,,,0,False,Gleb Savchenko,Singer/Rapper,Georgia,United States,45,Eliminated Week 5,9,5,False,False,10,5.0,5.0,False,,
24,Erika Jayne,10,,,0,False,Gleb Savchenko,Singer/Rapper,Georgia,United States,45,Eliminated Week 5,9,5,False,False,10,5.0,5.0,False,,
24,Heather Morris,1,28.0,7.0,4,True,Maksim Chmerkoskiy,Actor/Actress,California,United States,30,Eliminated Week 6,8,6,False,False,10,6.0,6.0,True,4.0,0.09271523178807947
24,Heather Morris,2,30.0,7.5,4,True,Maksim Chmerkoskiy,Actor/Actress,California,United States,30,Eliminated Week 6,8,6,False,False,10,6.0,6.0,True,3.0,0.09146341463414634
24,Heather Morris,3,33.0,8.25,4,True,Maksim Chmerkoskiy,Actor/Actress,California,United States,30,Eliminated Week 6,8,6,False,False,10,6.0,6.0,True,2.5,0.10476190476190476
24,Heather Morris,4,35.0,8.75,4,True,Maksim Chmerkoskiy,Actor/Actress,California,United States,30,Eliminated Week 6,8,6,False,False,10,6.0,6.0,True,3.0,0.10736196319018405
24,Heather Morris,5,34.0,8.5,4,True,Maksim Chmerkoskiy,Actor/Actress,California,United States,30,Eliminated Week 6,8,6,False,False,10,6.0,6.0,True,4.5,0.1118421052631579
24,Heather Morris,6,37.0,9.25,4,True,Maksim Chmerkoskiy,Actor/Actress,California,United States,30,Eliminated Week 6,8,6,False,False,10,6.0,6.0,True,1.0,0.137546468401487
24,Heather Morris,7,,,0,False,Maksim Chmerkoskiy,Actor/Actress,California,United States,30,Eliminated Week 6,8,6,False,False,10,6.0,6.0,False,,
24,Heather Morris,8,,,0,False,Maksim Chmerkoskiy,Actor/Actress,California,United States,30,Eliminated Week 6,8,6,False,False,10,6.0,6.0,False,,
24,Heather Morris,9,,,0,False,Maksim Chmerkoskiy,Actor/Actress,California,United States,30,Eliminated Week 6,8,6,False,False,10,6.0,6.0,False,,
24,Heather Morris,10,,,0,False,Maksim Chmerkoskiy,Actor/Actress,California,United States,30,Eliminated Week 6,8,6,False,False,10,6.0,6.0,False,,
24,Mr. T,1,20.0,5.0,4,True,Kym Herjavec,Actor/Actress,Illinois,United States,64,Eliminated Week 4,10,4,False,False,10,4.0,4.0,True,11.0,0.06622516556291391
24,Mr. T,2,22.0,5.5,4,True,Kym Herjavec,Actor/Actress,Illinois,United States,64,Eliminated Week 4,10,4,False,False,10,4.0,4.0,True,11.5,0.06707317073170732
24,Mr. T,3,24.0,6.0,4,True,Kym Herjavec,Actor/Actress,Illinois,United States,64,Eliminated Week 4,10,4,False,False,10,4.0,4.0,True,10.0,0.0761904761904762
24,Mr. T,4,28.0,7.0,4,True,Kym Herjavec,Actor/Actress,Illinois,United States,64,Eliminated Week 4,10,4,False,False,10,4.0,4.0,True,10.0,0.08588957055214724
24,Mr. T,5,,,0,False,Kym Herjavec,Actor/Actress,Illinois,United States,64,Eliminated Week 4,10,4,False,False,10,4.0,4.0,False,,
24,Mr. T,6,,,0,False,Kym Herjavec,Actor/Actress,Illinois,United States,64,Eliminated Week 4,10,4,False,False,10,4.0,4.0,False,,
24,Mr. T,7,,,0,False,Kym Herjavec,Actor/Actress,Illinois,United States,64,Eliminated Week 4,10,4,False,False,10,4.0,4.0,False,,
24,Mr. T,8,,,0,False,Kym Herjavec,Actor/Actress,Illinois,United States,64,Eliminated Week 4,10,4,False,False,10,4.0,4.0,False,,
24,Mr. T,9,,,0,False,Kym Herjavec,Actor/Actress,Illinois,United States,64,Eliminated Week 4,10,4,False,False,10,4.0,4.0,False,,
24,Mr. T,10,,,0,False,Kym Herjavec,Actor/Actress,Illinois,United States,64,Eliminated Week 4,10,4,False,False,10,4.0,4.0,False,,
24,Nancy Kerrigan,1,28.0,7.0,4,True,Artem Chigvintsev,Athlete,Massachusetts,United States,47,Eliminated Week 7,7,7,False,False,10,7.0,7.0,True,4.0,0.09271523178807947
24,Nancy Kerrigan,2,28.0,7.0,4,True,Artem Chigvintsev,Athlete,Massachusetts,United States,47,Eliminated Week 7,7,7,False,False,10,7.0,7.0,True,6.0,0.08536585365853659
24,Nancy Kerrigan,3,33.0,8.25,4,True,Artem Chigvintsev,Athlete,Massachusetts,United States,47,Eliminated Week 7,7,7,False,False,10,7.0,7.0,True,2.5,0.10476190476190476
24,Nancy Kerrigan,4,33.0,8.25,4,True,Artem Chigvintsev,Athlete,Massachusetts,United States,47,Eliminated Week 7,7,7,False,False,10,7.0,7.0,True,4.0,0.10122699386503067
24,Nancy Kerrigan,5,36.0,9.0,4,True,Artem Chigvintsev,Athlete,Massachusetts,United States,47,Eliminated Week 7,7,7,False,False,10,7.0,7.0,True,3.0,0.11842105263157894
24,Nancy Kerrigan,6,33.5,8.375,4,True,Artem Chigvintsev,Athlete,Massachusetts,United States,47,Eliminated Week 7,7,7,False,False,10,7.0,7.0,True,5.0,0.12453531598513011
24,Nancy Kerrigan,7,36.0,9.0,4,True,Artem Chigvintsev,Athlete,Massachusetts,United States,47,Eliminated Week 7,7,7,False,False,10,7.0,7.0,True,4.0,0.1422924901185771
24,Nancy Kerrigan,8,,,0,False,Artem Chigvintsev,Athlete,Massachusetts,United States,47,Eliminated Week 7,7,7,False,False,10,7.0,7.0,False,,
24,Nancy Kerrigan,9,,,0,False,Artem Chigvintsev,Athlete,Massachusetts,United States,47,Eliminated Week 7,7,7,False,False,10,7.0,7.0,False,,
24,Nancy Kerrigan,10,,,0,False,Artem Chigvintsev,Athlete,Massachusetts,United States,47,Eliminated Week 7,7,7,False,False,10,7.0,7.0,False,,
24,Nick Viall,1,24.0,6.0,4,True,Peta Murgatroyd,TV Personality,Wisconsin,United States,36,Eliminated Week 7,6,7,False,False,10,7.0,7.0,True,7.5,0.07947019867549669
24,Nick Viall,2,25.0,6.25,4,True,Peta Murgatroyd,TV Personality,Wisconsin,United States,36,Eliminated Week 7,6,7,False,False,10,7.0,7.0,True,9.5,0.07621951219512195
24,Nick Viall,3,26.0,6.5,4,True,Peta Murgatroyd,TV Personality,Wisconsin,United States,36,Eliminated Week 7,6,7,False,False,10,7.0,7.0,True,7.5,0.08253968253968254
24,Nick Viall,4,30.0,7.5,4,True,Peta Murgatroyd,TV Personality,Wisconsin,United States,36,Eliminated Week 7,6,7,False,False,10,7.0,7.0,True,8.5,0.09202453987730061
24,Nick Viall,5,34.0,8.5,4,True,Peta Murgatroyd,TV Personality,Wisconsin,United States,36,Eliminated Week 7,6,7,False,False,10,7.0,7.0,True,4.5,0.1118421052631579
24,Nick Viall,6,30.5,7.625,4,True,Peta Murgatroyd,TV Personality,Wisconsin,United States,36,Eliminated Week 7,6,7,False,False,10,7.0,7.0,True,8.0,0.11338289962825279
24,Nick Viall,7,34.0,8.5,4,True,Peta Murgatroyd,TV Personality,Wisconsin,United States,36,Eliminated Week 7,6,7,False,False,10,7.0,7.0,True,5.0,0.13438735177865613
24,Nick Viall,8,,,0,False,Peta Murgatroyd,TV Personality,Wisconsin,United States,36,Eliminated Week 7,6,7,False,False,10,7.0,7.0,False,,
24,Nick Viall,9,,,0,False,Peta Murgatroyd,TV Personality,Wisconsin,United States,36,Eliminated Week 7,6,7,False,False,10,7.0,7.0,False,,
24,Nick Viall,10,,,0,False,Peta Murgatroyd,TV Personality,Wisconsin,United States,36,Eliminated Week 7,6,7,False,False,10,7.0,7.0,False,,
24,Normani,1,27.0,6.75,4,True,Valentin Chmerkovskiy,Singer/Rapper,Georgia,United States,20,3rd Place,3,,False,True,10,10.0,10.0,True,6.0,0.08940397350993377
24,Normani,2,32.0,8.0,4,True,Valentin Chmerkovskiy,Singer/Rapper,Georgia,United States,20,3rd Place,3,,False,True,10,10.0,10.0,True,1.5,0.0975609756097561
24,Normani,3,34.0,8.5,4,True,Valentin Chmerkovskiy,Singer/Rapper,Georgia,United States,20,3rd Place,3,,False,True,10,10.0,10.0,True,1.0,0.10793650793650794
24,Normani,4,32.0,8.0,4,True,Valentin Chmerkovskiy,Singer/Rapper,Georgia,United States,20,3rd Place,3,,False,True,10,10.0,10.0,True,5.5,0.09815950920245399
24,Normani,5,39.0,9.75,4,True,Valentin Chmerkovskiy,Singer/Rapper,Georgia,United States,20,3rd Place,3,,False,True,10,10.0,10.0,True,1.0,0.12828947368421054
24,Normani,6,36.0,9.0,4,True,Valentin Chmerkovskiy,Singer/Rapper,Georgia,United States,20,3rd Place,3,,False,True,10,10.0,10.0,True,2.0,0.13382899628252787
24,Normani,7,42.0,10.5,4,True,Valentin Chmerkovskiy,Singer/Rapper,Georgia,United States,20,3rd Place,3,,False,True,10,10.0,10.0,True,1.0,0.16600790513833993
24,Normani,8,39.5,9.875,4,True,Valentin Chmerkovskiy,Singer/Rapper,Georgia,United States,20,3rd Place,3,,False,True,10,10.0,10.0,True,1.0,0.22636103151862463
24,Normani,9,38.0,9.5,4,True,Valentin Chmerkovskiy,Singer/Rapper,Georgia,United States,20,3rd Place,3,,False,True,10,10.0,10.0,True,3.0,0.2508250825082508
24,Normani,10,39.333200000000005,9.833300000000001,4,True,Valentin Chmerkovskiy,Singer/Rapper,Georgia,United States,20,3rd Place,3,,False,True,10,10.0,10.0,True,2.0,0.34103999632369203
24,Rashad Jennings,1,31.0,7.75,4,True,Emma Slater,Athlete,Virginia,United States,32,1st Place,1,,False,True,10,10.0,10.0,True,2.0,0.10264900662251655
24,Rashad Jennings,2,32.0,8.0,4,True,Emma Slater,Athlete,Virginia,United States,32,1st Place,1,,False,True,10,10.0,10.0,True,1.5,0.0975609756097561
24,Rashad Jennings,3,28.0,7.0,4,True,Emma Slater,Athlete,Virginia,United States,32,1st Place,1,,False,True,10,10.0,10.0,True,6.0,0.08888888888888889
24,Rashad Jennings,4,39.0,9.75,4,True,Emma Slater,Athlete,Virginia,United States,32,1st Place,1,,False,True,10,10.0,10.0,True,1.0,0.1196319018404908
24,Rashad Jennings,5,32.0,8.0,4,True,Emma Slater,Athlete,Virginia,United States,32,1st Place,1,,False,True,10,10.0,10.0,True,6.5,0.10526315789473684
24,Rashad Jennings,6,35.0,8.75,4,True,Emma Slater,Athlete,Virginia,United States,32,1st Place,1,,False,True,10,10.0,10.0,True,3.0,0.13011152416356878
24,Rashad Jennings,7,39.0,9.75,4,True,Emma Slater,Athlete,Virginia,United States,32,1st Place,1,,False,True,10,10.0,10.0,True,2.5,0.1541501976284585
24,Rashad Jennings,8,37.5,9.375,4,True,Emma Slater,Athlete,Virginia,United States,32,1st Place,1,,False,True,10,10.0,10.0,True,2.0,0.2148997134670487
24,Rashad Jennings,9,38.5,9.625,4,True,Emma Slater,Athlete,Virginia,United States,32,1st Place,1,,False,True,10,10.0,10.0,True,2.0,0.25412541254125415
24,Rashad Jennings,10,39.6666,9.91665,4,True,Emma Slater,Athlete,Virginia,United States,32,1st Place,1,,False,True,10,10.0,10.0,True,1.0,0.3439307536171316
24,Simone Biles,1,32.0,8.0,4,True,Sasha Farber,Athlete,Ohio,United States,20,Eliminated Week 9,4,9,False,False,10,9.0,9.0,True,1.0,0.10596026490066225
24,Simone Biles,2,29.0,7.25,4,True,Sasha Farber,Athlete,Ohio,United States,20,Eliminated Week 9,4,9,False,False,10,9.0,9.0,True,4.0,0.08841463414634146
24,Simone Biles,3,32.0,8.0,4,True,Sasha Farber,Athlete,Ohio,United States,20,Eliminated Week 9,4,9,False,False,10,9.0,9.0,True,4.0,0.10158730158730159
24,Simone Biles,4,36.0,9.0,4,True,Sasha Farber,Athlete,Ohio,United States,20,Eliminated Week 9,4,9,False,False,10,9.0,9.0,True,2.0,0.11042944785276074
24,Simone Biles,5,38.0,9.5,4,True,Sasha Farber,Athlete,Ohio,United States,20,Eliminated Week 9,4,9,False,False,10,9.0,9.0,True,2.0,0.125
24,Simone Biles,6,34.5,8.625,4,True,Sasha Farber,Athlete,Ohio,United States,20,Eliminated Week 9,4,9,False,False,10,9.0,9.0,True,4.0,0.12825278810408922
24,Simone Biles,7,39.0,9.75,4,True,Sasha Farber,Athlete,Ohio,United States,20,Eliminated Week 9,4,9,False,False,10,9.0,9.0,True,2.5,0.1541501976284585
24,Simone Biles,8,36.0,9.0,4,True,Sasha Farber,Athlete,Ohio,United States,20,Eliminated Week 9,4,9,False,False,10,9.0,9.0,True,3.0,0.20630372492836677
24,Simone Biles,9,40.0,10.0,4,True,Sasha Farber,Athlete,Ohio,United States,20,Eliminated Week 9,4,9,False,False,10,9.0,9.0,True,1.0,0.264026402640264
24,Simone Biles,10,,,0,False,Sasha Farber,Athlete,Ohio,United States,20,Eliminated Week 9,4,9,False,False,10,9.0,9.0,False,,
25,Barbara Corcoran,1,14.0,4.666666666666667,3,True,Keo Motsepe,Entrepreneur,New Jersey,United States,68,Eliminated Week 2,13,2,False,False,10,2.0,2.0,True,13.0,0.058577405857740586
25,Barbara Corcoran,2,17.0,5.666666666666667,3,True,Keo Motsepe,Entrepreneur,New Jersey,United States,68,Eliminated Week 2,13,2,False,False,10,2.0,2.0,True,13.0,0.062157221206581355
25,Barbara Corcoran,3,,,0,False,Keo Motsepe,Entrepreneur,New Jersey,United States,68,Eliminated Week 2,13,2,False,False,10,2.0,2.0,False,,
25,Barbara Corcoran,4,,,0,False,Keo Motsepe,Entrepreneur,New Jersey,United States,68,Eliminated Week 2,13,2,False,False,10,2.0,2.0,False,,
25,Barbara Corcoran,5,,,0,False,Keo Motsepe,Entrepreneur,New Jersey,United States,68,Eliminated Week 2,13,2,False,False,10,2.0,2.0,False,,
25,Barbara Corcoran,6,,,0,False,Keo Motsepe,Entrepreneur,New Jersey,United States,68,Eliminated Week 2,13,2,False,False,10,2.0,2.0,False,,
25,Barbara Corcoran,7,,,0,False,Keo Motsepe,Entrepreneur,New Jersey,United States,68,Eliminated Week 2,13,2,False,False,10,2.0,2.0,False,,
25,Barbara Corcoran,8,,,0,False,Keo Motsepe,Entrepreneur,New Jersey,United States,68,Eliminated Week 2,13,2,False,False,10,2.0,2.0,False,,
25,Barbara Corcoran,9,,,0,False,Keo Motsepe,Entrepreneur,New Jersey,United States,68,Eliminated Week 2,13,2,False,False,10,2.0,2.0,False,,
25,Barbara Corcoran,10,,,0,False,Keo Motsepe,Entrepreneur,New Jersey,United States,68,Eliminated Week 2,13,2,False,False,10,2.0,2.0,False,,
25,Debbie Gibson,1,17.0,5.666666666666667,3,True,Alan Bersten,Singer/Rapper,New York,United States,47,Eliminated Week 2,12,2,False,False,10,2.0,2.0,True,10.0,0.07112970711297072
25,Debbie Gibson,2,20.5,6.833333333333333,3,True,Alan Bersten,Singer/Rapper,New York,United States,47,Eliminated Week 2,12,2,False,False,10,2.0,2.0,True,7.5,0.07495429616087751
25,Debbie Gibson,3,,,0,False,Alan Bersten,Singer/Rapper,New York,United States,47,Eliminated Week 2,12,2,False,False,10,2.0,2.0,False,,
25,Debbie Gibson,4,,,0,False,Alan Bersten,Singer/Rapper,New York,United States,47,Eliminated Week 2,12,2,False,False,10,2.0,2.0,False,,
25,Debbie Gibson,5,,,0,False,Alan Bersten,Singer/Rapper,New York,United States,47,Eliminated Week 2,12,2,False,False,10,2.0,2.0,False,,
25,Debbie Gibson,6,,,0,False,Alan Bersten,Singer/Rapper,New York,United States,47,Eliminated Week 2,12,2,False,False,10,2.0,2.0,False,,
25,Debbie Gibson,7,,,0,False,Alan Bersten,Singer/Rapper,New York,United States,47,Eliminated Week 2,12,2,False,False,10,2.0,2.0,False,,
25,Debbie Gibson,8,,,0,False,Alan Bersten,Singer/Rapper,New York,United States,47,Eliminated Week 2,12,2,False,False,10,2.0,2.0,False,,
25,Debbie Gibson,9,,,0,False,Alan Bersten,Singer/Rapper,New York,United States,47,Eliminated Week 2,12,2,False,False,10,2.0,2.0,False,,
25,Debbie Gibson,10,,,0,False,Alan Bersten,Singer/Rapper,New York,United States,47,Eliminated Week 2,12,2,False,False,10,2.0,2.0,False,,
25,Derek Fisher,1,18.0,6.0,3,True,Sharna Burgess,Athlete,Arkansas,United States,43,Eliminated Week 4,11,4,False,False,10,4.0,4.0,True,8.0,0.07531380753138076
25,Derek Fisher,2,19.0,6.333333333333333,3,True,Sharna Burgess,Athlete,Arkansas,United States,43,Eliminated Week 4,11,4,False,False,10,4.0,4.0,True,11.5,0.06946983546617916
25,Derek Fisher,3,21.0,7.0,3,True,Sharna Burgess,Athlete,Arkansas,United States,43,Eliminated Week 4,11,4,False,False,10,4.0,4.0,True,8.0,0.0860655737704918
25,Derek Fisher,4,23.0,7.666666666666667,3,True,Sharna Burgess,Athlete,Arkansas,United States,43,Eliminated Week 4,11,4,False,False,10,4.0,4.0,True,10.0,0.08487084870848709
25,Derek Fisher,5,,,0,False,Sharna Burgess,Athlete,Arkansas,United States,43,Eliminated Week 4,11,4,False,False,10,4.0,4.0,False,,
25,Derek Fisher,6,,,0,False,Sharna Burgess,Athlete,Arkansas,United States,43,Eliminated Week 4,11,4,False,False,10,4.0,4.0,False,,
25,Derek Fisher,7,,,0,False,Sharna Burgess,Athlete,Arkansas,United States,43,Eliminated Week 4,11,4,False,False,10,4.0,4.0,False,,
25,Derek Fisher,8,,,0,False,Sharna Burgess,Athlete,Arkansas,United States,43,Eliminated Week 4,11,4,False,False,10,4.0,4.0,False,,
25,Derek Fisher,9,,,0,False,Sharna Burgess,Athlete,Arkansas,United States,43,Eliminated Week 4,11,4,False,False,10,4.0,4.0,False,,
25,Derek Fisher,10,,,0,False,Sharna Burgess,Athlete,Arkansas,United States,43,Eliminated Week 4,11,4,False,False,10,4.0,4.0,False,,
25,Drew Scott,1,16.0,5.333333333333333,3,True,Emma Slater,TV Personality,,Canada,39,Eliminated Week 10,4,10,False,False,10,10.0,10.0,True,11.0,0.06694560669456066
25,Drew Scott,2,20.5,6.833333333333333,3,True,Emma Slater,TV Personality,,Canada,39,Eliminated Week 10,4,10,False,False,10,10.0,10.0,True,7.5,0.07495429616087751
25,Drew Scott,3,23.0,7.666666666666667,3,True,Emma Slater,TV Personality,,Canada,39,Eliminated Week 10,4,10,False,False,10,10.0,10.0,True,3.5,0.0942622950819672
25,Drew Scott,4,24.0,8.0,3,True,Emma Slater,TV Personality,,Canada,39,Eliminated Week 10,4,10,False,False,10,10.0,10.0,True,6.5,0.08856088560885608
25,Drew Scott,5,25.0,8.333333333333334,3,True,Emma Slater,TV Personality,,Canada,39,Eliminated Week 10,4,10,False,False,10,10.0,10.0,True,6.5,0.09578544061302682
25,Drew Scott,6,30.0,7.5,4,True,Emma Slater,TV Personality,,Canada,39,Eliminated Week 10,4,10,False,False,10,10.0,10.0,True,8.0,0.09803921568627451
25,Drew Scott,7,28.5,9.5,3,True,Emma Slater,TV Personality,,Canada,39,Eliminated Week 10,4,10,False,False,10,10.0,10.0,True,2.5,0.1325581395348837
25,Drew Scott,8,23.5,7.833333333333333,3,True,Emma Slater,TV Personality,,Canada,39,Eliminated Week 10,4,10,False,False,10,10.0,10.0,True,6.0,0.1501597444089457
25,Drew Scott,9,24.0,8.0,3,True,Emma Slater,TV Personality,,Canada,39,Eliminated Week 10,4,10,False,False,10,10.0,10.0,True,5.0,0.17777777777777778
25,Drew Scott,10,37.5,9.375,4,True,Emma Slater,TV Personality,,Canada,39,Eliminated Week 10,4,10,False,False,10,10.0,10.0,True,4.0,0.2397871457464638
25,Frankie Muniz,1,19.0,6.333333333333333,3,True,Witney Carson,Actor/Actress,New Jersey,United States,31,3rd Place,3,,False,True,10,10.0,10.0,True,5.5,0.0794979079497908
25,Frankie Muniz,2,24.0,8.0,3,True,Witney Carson,Actor/Actress,New Jersey,United States,31,3rd Place,3,,False,True,10,10.0,10.0,True,1.5,0.08775137111517367
25,Frankie Muniz,3,21.0,7.0,3,True,Witney Carson,Actor/Actress,New Jersey,United States,31,3rd Place,3,,False,True,10,10.0,10.0,True,8.0,0.0860655737704918
25,Frankie Muniz,4,24.0,8.0,3,True,Witney Carson,Actor/Actress,New Jersey,United States,31,3rd Place,3,,False,True,10,10.0,10.0,True,6.5,0.08856088560885608
25,Frankie Muniz,5,29.0,9.666666666666666,3,True,Witney Carson,Actor/Actress,New Jersey,United States,31,3rd Place,3,,False,True,10,10.0,10.0,True,2.0,0.1111111111111111
25,Frankie Muniz,6,31.0,7.75,4,True,Witney Carson,Actor/Actress,New Jersey,United States,31,3rd Place,3,,False,True,10,10.0,10.0,True,6.5,0.10130718954248366
25,Frankie Muniz,7,30.0,10.0,3,True,Witney Carson,Actor/Actress,New Jersey,United States,31,3rd Place,3,,False,True,10,10.0,10.0,True,1.0,0.13953488372093023
25,Frankie Muniz,8,26.5,8.833333333333334,3,True,Witney Carson,Actor/Actress,New Jersey,United States,31,3rd Place,3,,False,True,10,10.0,10.0,True,3.0,0.16932907348242812
25,Frankie Muniz,9,25.5,8.5,3,True,Witney Carson,Actor/Actress,New Jersey,United States,31,3rd Place,3,,False,True,10,10.0,10.0,True,4.0,0.18888888888888888
25,Frankie Muniz,10,38.8887,9.722175,4,True,Witney Carson,Actor/Actress,New Jersey,United States,31,3rd Place,3,,False,True,10,10.0,10.0,True,3.0,0.24866694332774683
25,Jordan Fisher,1,22.0,7.333333333333333,3,True,Lindsay Arnold,Actor/Actress,Alabama,United States,23,1st Place,1,,False,True,10,10.0,10.0,True,1.5,0.09205020920502092
25,Jordan Fisher,2,24.0,8.0,3,True,Lindsay Arnold,Actor/Actress,Alabama,United States,23,1st Place,1,,False,True,10,10.0,10.0,True,1.5,0.08775137111517367
25,Jordan Fisher,3,25.0,8.333333333333334,3,True,Lindsay Arnold,Actor/Actress,Alabama,United States,23,1st Place,1,,False,True,10,10.0,10.0,True,2.0,0.10245901639344263
25,Jordan Fisher,4,29.0,9.666666666666666,3,True,Lindsay Arnold,Actor/Actress,Alabama,United States,23,1st Place,1,,False,True,10,10.0,10.0,True,1.0,0.1070110701107011
25,Jordan Fisher,5,30.0,10.0,3,True,Lindsay Arnold,Actor/Actress,Alabama,United States,23,1st Place,1,,False,True,10,10.0,10.0,True,1.0,0.11494252873563218
25,Jordan Fisher,6,39.0,9.75,4,True,Lindsay Arnold,Actor/Actress,Alabama,United States,23,1st Place,1,,False,True,10,10.0,10.0,True,2.0,0.12745098039215685
25,Jordan Fisher,7,27.0,9.0,3,True,Lindsay Arnold,Actor/Actress,Alabama,United States,23,1st Place,1,,False,True,10,10.0,10.0,True,4.5,0.12558139534883722
25,Jordan Fisher,8,30.0,10.0,3,True,Lindsay Arnold,Actor/Actress,Alabama,United States,23,1st Place,1,,False,True,10,10.0,10.0,True,1.0,0.19169329073482427
25,Jordan Fisher,9,29.0,9.666666666666666,3,True,Lindsay Arnold,Actor/Actress,Alabama,United States,23,1st Place,1,,False,True,10,10.0,10.0,True,1.0,0.21481481481481482
25,Jordan Fisher,10,40.0,10.0,4,True,Lindsay Arnold,Actor/Actress,Alabama,United States,23,1st Place,1,,False,True,10,10.0,10.0,True,1.5,0.2557729554628947
25,Lindsey Stirling,1,22.0,7.333333333333333,3,True,Mark Ballas,Musician,California,United States,31,2nd Place,2,,False,True,10,10.0,10.0,True,1.5,0.09205020920502092
25,Lindsey Stirling,2,22.5,7.5,3,True,Mark Ballas,Musician,California,United States,31,2nd Place,2,,False,True,10,10.0,10.0,True,4.5,0.08226691042047532
25,Lindsey Stirling,3,27.0,9.0,3,True,Mark Ballas,Musician,California,United States,31,2nd Place,2,,False,True,10,10.0,10.0,True,1.0,0.11065573770491803
25,Lindsey Stirling,4,26.0,8.666666666666666,3,True,Mark Ballas,Musician,California,United States,31,2nd Place,2,,False,True,10,10.0,10.0,True,3.0,0.0959409594095941
25,Lindsey Stirling,5,28.0,9.333333333333334,3,True,Mark Ballas,Musician,California,United States,31,2nd Place,2,,False,True,10,10.0,10.0,True,3.0,0.10727969348659004
25,Lindsey Stirling,6,40.0,10.0,4,True,Mark Ballas,Musician,California,United States,31,2nd Place,2,,False,True,10,10.0,10.0,True,1.0,0.13071895424836602
25,Lindsey Stirling,7,25.5,8.5,3,True,Mark Ballas,Musician,California,United States,31,2nd Place,2,,False,True,10,10.0,10.0,True,6.0,0.1186046511627907
25,Lindsey Stirling,8,27.0,9.0,3,True,Mark Ballas,Musician,California,United States,31,2nd Place,2,,False,True,10,10.0,10.0,True,2.0,0.17252396166134185
25,Lindsey Stirling,9,28.5,9.5,3,True,Mark Ballas,Musician,California,United States,31,2nd Place,2,,False,True,10,10.0,10.0,True,2.0,0.2111111111111111
25,Lindsey Stirling,10,40.0,10.0,4,True,Mark Ballas,Musician,California,United States,31,2nd Place,2,,False,True,10,10.0,10.0,True,1.5,0.2557729554628947
25,Nick Lachey,1,18.0,6.0,3,True,Peta Murgatroyd,Singer/Rapper,Kentucky,United States,43,Eliminated Week 6,9,6,False,False,10,6.0,6.0,True,8.0,0.07531380753138076
25,Nick Lachey,2,19.0,6.333333333333333,3,True,Peta Murgatroyd,Singer/Rapper,Kentucky,United States,43,Eliminated Week 6,9,6,False,False,10,6.0,6.0,True,11.5,0.06946983546617916
25,Nick Lachey,3,21.0,7.0,3,True,Peta Murgatroyd,Singer/Rapper,Kentucky,United States,43,Eliminated Week 6,9,6,False,False,10,6.0,6.0,True,8.0,0.0860655737704918
25,Nick Lachey,4,22.0,7.333333333333333,3,True,Peta Murgatroyd,Singer/Rapper,Kentucky,United States,43,Eliminated Week 6,9,6,False,False,10,6.0,6.0,True,11.0,0.08118081180811808
25,Nick Lachey,5,22.0,7.333333333333333,3,True,Peta Murgatroyd,Singer/Rapper,Kentucky,United States,43,Eliminated Week 6,9,6,False,False,10,6.0,6.0,True,10.0,0.0842911877394636
25,Nick Lachey,6,26.0,6.5,4,True,Peta Murgatroyd,Singer/Rapper,Kentucky,United States,43,Eliminated Week 6,9,6,False,False,10,6.0,6.0,True,9.0,0.08496732026143791
25,Nick Lachey,7,,,0,False,Peta Murgatroyd,Singer/Rapper,Kentucky,United States,43,Eliminated Week 6,9,6,False,False,10,6.0,6.0,False,,
25,Nick Lachey,8,,,0,False,Peta Murgatroyd,Singer/Rapper,Kentucky,United States,43,Eliminated Week 6,9,6,False,False,10,6.0,6.0,False,,
25,Nick Lachey,9,,,0,False,Peta Murgatroyd,Singer/Rapper,Kentucky,United States,43,Eliminated Week 6,9,6,False,False,10,6.0,6.0,False,,
25,Nick Lachey,10,,,0,False,Peta Murgatroyd,Singer/Rapper,Kentucky,United States,43,Eliminated Week 6,9,6,False,False,10,6.0,6.0,False,,
25,Nikki Bella,1,20.0,6.666666666666667,3,True,Artem Chigvintsev,Athlete,California,United States,33,Eliminated Week 7,8,7,False,False,10,7.0,7.0,True,4.0,0.08368200836820083
25,Nikki Bella,2,19.5,6.5,3,True,Artem Chigvintsev,Athlete,California,United States,33,Eliminated Week 7,8,7,False,False,10,7.0,7.0,True,9.5,0.0712979890310786
25,Nikki Bella,3,21.0,7.0,3,True,Artem Chigvintsev,Athlete,California,United States,33,Eliminated Week 7,8,7,False,False,10,7.0,7.0,True,8.0,0.0860655737704918
25,Nikki Bella,4,24.0,8.0,3,True,Artem Chigvintsev,Athlete,California,United States,33,Eliminated Week 7,8,7,False,False,10,7.0,7.0,True,6.5,0.08856088560885608
25,Nikki Bella,5,27.0,9.0,3,True,Artem Chigvintsev,Athlete,California,United States,33,Eliminated Week 7,8,7,False,False,10,7.0,7.0,True,4.5,0.10344827586206896
25,Nikki Bella,6,36.0,9.0,4,True,Artem Chigvintsev,Athlete,California,United States,33,Eliminated Week 7,8,7,False,False,10,7.0,7.0,True,4.5,0.11764705882352941
25,Nikki Bella,7,24.0,8.0,3,True,Artem Chigvintsev,Athlete,California,United States,33,Eliminated Week 7,8,7,False,False,10,7.0,7.0,True,8.0,0.11162790697674418
25,Nikki Bella,8,,,0,False,Artem Chigvintsev,Athlete,California,United States,33,Eliminated Week 7,8,7,False,False,10,7.0,7.0,False,,
25,Nikki Bella,9,,,0,False,Artem Chigvintsev,Athlete,California,United States,33,Eliminated Week 7,8,7,False,False,10,7.0,7.0,False,,
25,Nikki Bella,10,,,0,False,Artem Chigvintsev,Athlete,California,United States,33,Eliminated Week 7,8,7,False,False,10,7.0,7.0,False,,
25,Sasha Pieterse,1,18.0,6.0,3,True,Gleb Savchenko,Actor/Actress,,South Africa,21,Eliminated Week 5,10,5,False,False,10,5.0,5.0,True,8.0,0.07531380753138076
25,Sasha Pieterse,2,22.5,7.5,3,True,Gleb Savchenko,Actor/Actress,,South Africa,21,Eliminated Week 5,10,5,False,False,10,5.0,5.0,True,4.5,0.08226691042047532
25,Sasha Pieterse,3,19.0,6.333333333333333,3,True,Gleb Savchenko,Actor/Actress,,South Africa,21,Eliminated Week 5,10,5,False,False,10,5.0,5.0,True,11.0,0.0778688524590164
25,Sasha Pieterse,4,24.0,8.0,3,True,Gleb Savchenko,Actor/Actress,,South Africa,21,Eliminated Week 5,10,5,False,False,10,5.0,5.0,True,6.5,0.08856088560885608
25,Sasha Pieterse,5,24.0,8.0,3,True,Gleb Savchenko,Actor/Actress,,South Africa,21,Eliminated Week 5,10,5,False,False,10,5.0,5.0,True,8.5,0.09195402298850575
25,Sasha Pieterse,6,,,0,False,Gleb Savchenko,Actor/Actress,,South Africa,21,Eliminated Week 5,10,5,False,False,10,5.0,5.0,False,,
25,Sasha Pieterse,7,,,0,False,Gleb Savchenko,Actor/Actress,,South Africa,21,Eliminated Week 5,10,5,False,False,10,5.0,5.0,False,,
25,Sasha Pieterse,8,,,0,False,Gleb Savchenko,Actor/Actress,,South Africa,21,Eliminated Week 5,10,5,False,False,10,5.0,5.0,False,,
25,Sasha Pieterse,9,,,0,False,Gleb Savchenko,Actor/Actress,,South Africa,21,Eliminated Week 5,10,5,False,False,10,5.0,5.0,False,,
25,Sasha Pieterse,10,,,0,False,Gleb Savchenko,Actor/Actress,,South Africa,21,Eliminated Week 5,10,5,False,False,10,5.0,5.0,False,,
25,Terrell Owens,1,15.0,5.0,3,True,Cheryl Burke,Athlete,Alabama,United States,43,Eliminated Week 8,6,8,False,False,10,8.0,8.0,True,12.0,0.06276150627615062
25,Terrell Owens,2,19.5,6.5,3,True,Cheryl Burke,Athlete,Alabama,United States,43,Eliminated Week 8,6,8,False,False,10,8.0,8.0,True,9.5,0.0712979890310786
25,Terrell Owens,3,21.0,7.0,3,True,Cheryl Burke,Athlete,Alabama,United States,43,Eliminated Week 8,6,8,False,False,10,8.0,8.0,True,8.0,0.0860655737704918
25,Terrell Owens,4,24.0,8.0,3,True,Cheryl Burke,Athlete,Alabama,United States,43,Eliminated Week 8,6,8,False,False,10,8.0,8.0,True,6.5,0.08856088560885608
25,Terrell Owens,5,25.0,8.333333333333334,3,True,Cheryl Burke,Athlete,Alabama,United States,43,Eliminated Week 8,6,8,False,False,10,8.0,8.0,True,6.5,0.09578544061302682
25,Terrell Owens,6,37.0,9.25,4,True,Cheryl Burke,Athlete,Alabama,United States,43,Eliminated Week 8,6,8,False,False,10,8.0,8.0,True,3.0,0.12091503267973856
25,Terrell Owens,7,24.5,8.166666666666666,3,True,Cheryl Burke,Athlete,Alabama,United States,43,Eliminated Week 8,6,8,False,False,10,8.0,8.0,True,7.0,0.11395348837209303
25,Terrell Owens,8,25.5,8.5,3,True,Cheryl Burke,Athlete,Alabama,United States,43,Eliminated Week 8,6,8,False,False,10,8.0,8.0,True,4.0,0.16293929712460065
25,Terrell Owens,9,,,0,False,Cheryl Burke,Athlete,Alabama,United States,43,Eliminated Week 8,6,8,False,False,10,8.0,8.0,False,,
25,Terrell Owens,10,,,0,False,Cheryl Burke,Athlete,Alabama,United States,43,Eliminated Week 8,6,8,False,False,10,8.0,8.0,False,,
25,Vanessa Lachey,1,21.0,7.0,3,True,Maksim Chmerkoskiy,TV Personality,,Philippines,36,Eliminated Week 7,7,7,False,False,10,7.0,7.0,True,3.0,0.08786610878661087
25,Vanessa Lachey,2,23.5,7.833333333333333,3,True,Maksim Chmerkoskiy,TV Personality,,Philippines,36,Eliminated Week 7,7,7,False,False,10,7.0,7.0,True,3.0,0.08592321755027423
25,Vanessa Lachey,3,23.0,7.666666666666667,3,True,Maksim Chmerkoskiy,TV Personality,,Philippines,36,Eliminated Week 7,7,7,False,False,10,7.0,7.0,True,3.5,0.0942622950819672
25,Vanessa Lachey,4,24.0,8.0,3,True,Maksim Chmerkoskiy,TV Personality,,Philippines,36,Eliminated Week 7,7,7,False,False,10,7.0,7.0,True,6.5,0.08856088560885608
25,Vanessa Lachey,5,24.0,8.0,3,True,Maksim Chmerkoskiy,TV Personality,,Philippines,36,Eliminated Week 7,7,7,False,False,10,7.0,7.0,True,8.5,0.09195402298850575
25,Vanessa Lachey,6,36.0,9.0,4,True,Maksim Chmerkoskiy,TV Personality,,Philippines,36,Eliminated Week 7,7,7,False,False,10,7.0,7.0,True,4.5,0.11764705882352941
25,Vanessa Lachey,7,27.0,9.0,3,True,Maksim Chmerkoskiy,TV Personality,,Philippines,36,Eliminated Week 7,7,7,False,False,10,7.0,7.0,True,4.5,0.12558139534883722
25,Vanessa Lachey,8,,,0,False,Maksim Chmerkoskiy,TV Personality,,Philippines,36,Eliminated Week 7,7,7,False,False,10,7.0,7.0,False,,
25,Vanessa Lachey,9,,,0,False,Maksim Chmerkoskiy,TV Personality,,Philippines,36,Eliminated Week 7,7,7,False,False,10,7.0,7.0,False,,
25,Vanessa Lachey,10,,,0,False,Maksim Chmerkoskiy,TV Personality,,Philippines,36,Eliminated Week 7,7,7,False,False,10,7.0,7.0,False,,
25,Victoria Arlen,1,19.0,6.333333333333333,3,True,Valentin Chmerkovskiy,Athlete,New Hamshire,United States,22,Eliminated Week 9,5,9,False,False,10,9.0,9.0,True,5.5,0.0794979079497908
25,Victoria Arlen,2,22.0,7.333333333333333,3,True,Valentin Chmerkovskiy,Athlete,New Hamshire,United States,22,Eliminated Week 9,5,9,False,False,10,9.0,9.0,True,6.0,0.08043875685557587
25,Victoria Arlen,3,22.0,7.333333333333333,3,True,Valentin Chmerkovskiy,Athlete,New Hamshire,United States,22,Eliminated Week 9,5,9,False,False,10,9.0,9.0,True,5.0,0.09016393442622951
25,Victoria Arlen,4,27.0,9.0,3,True,Valentin Chmerkovskiy,Athlete,New Hamshire,United States,22,Eliminated Week 9,5,9,False,False,10,9.0,9.0,True,2.0,0.0996309963099631
25,Victoria Arlen,5,27.0,9.0,3,True,Valentin Chmerkovskiy,Athlete,New Hamshire,United States,22,Eliminated Week 9,5,9,False,False,10,9.0,9.0,True,4.5,0.10344827586206896
25,Victoria Arlen,6,31.0,7.75,4,True,Valentin Chmerkovskiy,Athlete,New Hamshire,United States,22,Eliminated Week 9,5,9,False,False,10,9.0,9.0,True,6.5,0.10130718954248366
25,Victoria Arlen,7,28.5,9.5,3,True,Valentin Chmerkovskiy,Athlete,New Hamshire,United States,22,Eliminated Week 9,5,9,False,False,10,9.0,9.0,True,2.5,0.1325581395348837
25,Victoria Arlen,8,24.0,8.0,3,True,Valentin Chmerkovskiy,Athlete,New Hamshire,United States,22,Eliminated Week 9,5,9,False,False,10,9.0,9.0,True,5.0,0.15335463258785942
25,Victoria Arlen,9,28.0,9.333333333333334,3,True,Valentin Chmerkovskiy,Athlete,New Hamshire,United States,22,Eliminated Week 9,5,9,False,False,10,9.0,9.0,True,3.0,0.2074074074074074
25,Victoria Arlen,10,,,0,False,Valentin Chmerkovskiy,Athlete,New Hamshire,United States,22,Eliminated Week 9,5,9,False,False,10,9.0,9.0,False,,
26,Adam Rippon,1,24.0,8.0,3,True,Jenna Johnson,Athlete,Pennsylvania,United States,28,1st Place,1,,False,True,4,4.0,4.0,True,1.5,0.11428571428571428
26,Adam Rippon,2,37.0,9.25,4,True,Jenna Johnson,Athlete,Pennsylvania,United States,28,1st Place,1,,False,True,4,4.0,4.0,True,1.5,0.1383177570093458
26,Adam Rippon,3,41.0,10.25,4,True,Jenna Johnson,Athlete,Pennsylvania,United States,28,1st Place,1,,False,True,4,4.0,4.0,True,1.0,0.1943127962085308
26,Adam Rippon,4,29.0,9.666666666666666,3,True,Jenna Johnson,Athlete,Pennsylvania,United States,28,1st Place,1,,False,True,4,4.0,4.0,True,1.0,0.3391812865497076
26,Arike Ogunbowale,1,20.0,6.666666666666667,3,True,Gleb Savchenko,Athlete,Wisconsin,United States,21,Eliminated Week 2,7,2,False,False,4,2.0,2.0,True,7.0,0.09523809523809523
26,Arike Ogunbowale,2,35.0,8.75,4,True,Gleb Savchenko,Athlete,Wisconsin,United States,21,Eliminated Week 2,7,2,False,False,4,2.0,2.0,True,3.0,0.1308411214953271
26,Arike Ogunbowale,3,,,0,False,Gleb Savchenko,Athlete,Wisconsin,United States,21,Eliminated Week 2,7,2,False,False,4,2.0,2.0,False,,
26,Arike Ogunbowale,4,,,0,False,Gleb Savchenko,Athlete,Wisconsin,United States,21,Eliminated Week 2,7,2,False,False,4,2.0,2.0,False,,
26,Chris Mazdzer,1,21.0,7.0,3,True,Witney Carson,Athlete,Massachusetts,United States,29,Eliminated Week 3,5,3,False,False,4,3.0,3.0,True,5.5,0.1
26,Chris Mazdzer,2,33.0,8.25,4,True,Witney Carson,Athlete,Massachusetts,United States,29,Eliminated Week 3,5,3,False,False,4,3.0,3.0,True,4.5,0.1233644859813084
26,Chris Mazdzer,3,33.0,8.25,4,True,Witney Carson,Athlete,Massachusetts,United States,29,Eliminated Week 3,5,3,False,False,4,3.0,3.0,True,5.0,0.15639810426540285
26,Chris Mazdzer,4,,,0,False,Witney Carson,Athlete,Massachusetts,United States,29,Eliminated Week 3,5,3,False,False,4,3.0,3.0,False,,
26,Jamie Anderson,1,19.0,6.333333333333333,3,True,Artem Chigvintsev,Athlete,California,United States,27,Eliminated Week 1,10,1,False,False,4,1.0,1.0,True,8.0,0.09047619047619047
26,Jamie Anderson,2,,,0,False,Artem Chigvintsev,Athlete,California,United States,27,Eliminated Week 1,10,1,False,False,4,1.0,1.0,False,,
26,Jamie Anderson,3,,,0,False,Artem Chigvintsev,Athlete,California,United States,27,Eliminated Week 1,10,1,False,False,4,1.0,1.0,False,,
26,Jamie Anderson,4,,,0,False,Artem Chigvintsev,Athlete,California,United States,27,Eliminated Week 1,10,1,False,False,4,1.0,1.0,False,,
26,Jennie Finch Daigle,1,21.0,7.0,3,True,Keo Motsepe,Athlete,California,United States,37,Eliminated Week 3,6,3,False,False,4,3.0,3.0,True,5.5,0.1
26,Jennie Finch Daigle,2,31.5,7.875,4,True,Keo Motsepe,Athlete,California,United States,37,Eliminated Week 3,6,3,False,False,4,3.0,3.0,True,6.5,0.11775700934579439
26,Jennie Finch Daigle,3,29.0,7.25,4,True,Keo Motsepe,Athlete,California,United States,37,Eliminated Week 3,6,3,False,False,4,3.0,3.0,True,6.0,0.13744075829383887
26,Jennie Finch Daigle,4,,,0,False,Keo Motsepe,Athlete,California,United States,37,Eliminated Week 3,6,3,False,False,4,3.0,3.0,False,,
26,Johnny Damon,1,18.0,6.0,3,True,Emma Slater,Athlete,Kansas,United States,44,Eliminated Week 1,9,1,False,False,4,1.0,1.0,True,9.0,0.08571428571428572
26,Johnny Damon,2,,,0,False,Emma Slater,Athlete,Kansas,United States,44,Eliminated Week 1,9,1,False,False,4,1.0,1.0,False,,
26,Johnny Damon,3,,,0,False,Emma Slater,Athlete,Kansas,United States,44,Eliminated Week 1,9,1,False,False,4,1.0,1.0,False,,
26,Johnny Damon,4,,,0,False,Emma Slater,Athlete,Kansas,United States,44,Eliminated Week 1,9,1,False,False,4,1.0,1.0,False,,
26,Josh Norman,1,24.0,8.0,3,True,Sharna Burgess,Athlete,South Carolina,United States,30,2nd Place,2,,False,True,4,4.0,4.0,True,1.5,0.11428571428571428
26,Josh Norman,2,31.5,7.875,4,True,Sharna Burgess,Athlete,South Carolina,United States,30,2nd Place,2,,False,True,4,4.0,4.0,True,6.5,0.11775700934579439
26,Josh Norman,3,38.0,9.5,4,True,Sharna Burgess,Athlete,South Carolina,United States,30,2nd Place,2,,False,True,4,4.0,4.0,True,2.0,0.18009478672985782
26,Josh Norman,4,28.5,9.5,3,True,Sharna Burgess,Athlete,South Carolina,United States,30,2nd Place,2,,False,True,4,4.0,4.0,True,2.0,0.3333333333333333
26,Kareem Abdul-Jabbar,1,17.0,5.666666666666667,3,True,Lindsay Arnold,Athlete,New York,United States,71,Eliminated Week 2,8,2,False,False,4,2.0,2.0,True,10.0,0.08095238095238096
26,Kareem Abdul-Jabbar,2,29.5,7.375,4,True,Lindsay Arnold,Athlete,New York,United States,71,Eliminated Week 2,8,2,False,False,4,2.0,2.0,True,8.0,0.1102803738317757
26,Kareem Abdul-Jabbar,3,,,0,False,Lindsay Arnold,Athlete,New York,United States,71,Eliminated Week 2,8,2,False,False,4,2.0,2.0,False,,
26,Kareem Abdul-Jabbar,4,,,0,False,Lindsay Arnold,Athlete,New York,United States,71,Eliminated Week 2,8,2,False,False,4,2.0,2.0,False,,
26,Mirai Nagasu,1,23.0,7.666666666666667,3,True,Alan Bersten,Athlete,California,United States,25,Eliminated Week 3,4,3,False,False,4,3.0,3.0,True,3.5,0.10952380952380952
26,Mirai Nagasu,2,37.0,9.25,4,True,Alan Bersten,Athlete,California,United States,25,Eliminated Week 3,4,3,False,False,4,3.0,3.0,True,1.5,0.1383177570093458
26,Mirai Nagasu,3,35.0,8.75,4,True,Alan Bersten,Athlete,California,United States,25,Eliminated Week 3,4,3,False,False,4,3.0,3.0,True,3.5,0.16587677725118483
26,Mirai Nagasu,4,,,0,False,Alan Bersten,Athlete,California,United States,25,Eliminated Week 3,4,3,False,False,4,3.0,3.0,False,,
26,Tonya Harding,1,23.0,7.666666666666667,3,True,Sasha Farber,Athlete,Oregon,United States,47,3rd Place,3,,False,True,4,4.0,4.0,True,3.5,0.10952380952380952
26,Tonya Harding,2,33.0,8.25,4,True,Sasha Farber,Athlete,Oregon,United States,47,3rd Place,3,,False,True,4,4.0,4.0,True,4.5,0.1233644859813084
26,Tonya Harding,3,35.0,8.75,4,True,Sasha Farber,Athlete,Oregon,United States,47,3rd Place,3,,False,True,4,4.0,4.0,True,3.5,0.16587677725118483
26,Tonya Harding,4,28.0,9.333333333333334,3,True,Sasha Farber,Athlete,Oregon,United States,47,3rd Place,3,,False,True,4,4.0,4.0,True,3.0,0.32748538011695905
27,Alexis Ren,1,22.0,7.333333333333333,3,True,Alan Bersten,Social Media Personality,California,United States,21,4th Place,4,,False,True,9,9.0,9.0,True,3.5,0.08627450980392157
27,Alexis Ren,2,24.5,8.166666666666666,3,True,Alan Bersten,Social Media Personality,California,United States,21,4th Place,4,,False,True,9,9.0,9.0,True,4.0,0.09057301293900184
27,Alexis Ren,3,26.0,8.666666666666666,3,True,Alan Bersten,Social Media Personality,California,United States,21,4th Place,4,,False,True,9,9.0,9.0,True,5.5,0.0959409594095941
27,Alexis Ren,4,25.0,8.333333333333334,3,True,Alan Bersten,Social Media Personality,California,United States,21,4th Place,4,,False,True,9,9.0,9.0,True,4.0,0.10775862068965517
27,Alexis Ren,5,29.0,9.666666666666666,3,True,Alan Bersten,Social Media Personality,California,United States,21,4th Place,4,,False,True,9,9.0,9.0,True,1.5,0.13063063063063063
27,Alexis Ren,6,27.0,9.0,3,True,Alan Bersten,Social Media Personality,California,United States,21,4th Place,4,,False,True,9,9.0,9.0,True,4.0,0.11790393013100436
27,Alexis Ren,7,27.5,9.166666666666666,3,True,Alan Bersten,Social Media Personality,California,United States,21,4th Place,4,,False,True,9,9.0,9.0,True,4.0,0.12643678160919541
27,Alexis Ren,8,29.0,9.666666666666666,3,True,Alan Bersten,Social Media Personality,California,United States,21,4th Place,4,,False,True,9,9.0,9.0,True,2.5,0.18012422360248448
27,Alexis Ren,9,28.5,9.5,3,True,Alan Bersten,Social Media Personality,California,United States,21,4th Place,4,,False,True,9,9.0,9.0,True,3.0,0.24675324675324675
27,Bobby Bones,1,20.0,6.666666666666667,3,True,Sharna Burgess,Radio Personality,Arkansas,United States,38,1st Place,1,,False,True,9,9.0,9.0,True,6.0,0.0784313725490196
27,Bobby Bones,2,19.5,6.5,3,True,Sharna Burgess,Radio Personality,Arkansas,United States,38,1st Place,1,,False,True,9,9.0,9.0,True,10.0,0.07208872458410351
27,Bobby Bones,3,23.0,7.666666666666667,3,True,Sharna Burgess,Radio Personality,Arkansas,United States,38,1st Place,1,,False,True,9,9.0,9.0,True,8.0,0.08487084870848709
27,Bobby Bones,4,20.0,6.666666666666667,3,True,Sharna Burgess,Radio Personality,Arkansas,United States,38,1st Place,1,,False,True,9,9.0,9.0,True,9.0,0.08620689655172414
27,Bobby Bones,5,21.0,7.0,3,True,Sharna Burgess,Radio Personality,Arkansas,United States,38,1st Place,1,,False,True,9,9.0,9.0,True,8.0,0.0945945945945946
27,Bobby Bones,6,22.0,7.333333333333333,3,True,Sharna Burgess,Radio Personality,Arkansas,United States,38,1st Place,1,,False,True,9,9.0,9.0,True,7.5,0.09606986899563319
27,Bobby Bones,7,26.5,8.833333333333334,3,True,Sharna Burgess,Radio Personality,Arkansas,United States,38,1st Place,1,,False,True,9,9.0,9.0,True,6.5,0.12183908045977011
27,Bobby Bones,8,22.5,7.5,3,True,Sharna Burgess,Radio Personality,Arkansas,United States,38,1st Place,1,,False,True,9,9.0,9.0,True,6.0,0.13975155279503104
27,Bobby Bones,9,27.0,9.0,3,True,Sharna Burgess,Radio Personality,Arkansas,United States,38,1st Place,1,,False,True,9,9.0,9.0,True,4.0,0.23376623376623376
27,Danelle Umstead,1,18.0,6.0,3,True,Artem Chigvintsev,Athlete,New Mexico,United States,46,Eliminated Week 2,12,2,False,False,9,2.0,2.0,True,10.0,0.07058823529411765
27,Danelle Umstead,2,18.5,6.166666666666667,3,True,Artem Chigvintsev,Athlete,New Mexico,United States,46,Eliminated Week 2,12,2,False,False,9,2.0,2.0,True,11.0,0.06839186691312385
27,Danelle Umstead,3,,,0,False,Artem Chigvintsev,Athlete,New Mexico,United States,46,Eliminated Week 2,12,2,False,False,9,2.0,2.0,False,,
27,Danelle Umstead,4,,,0,False,Artem Chigvintsev,Athlete,New Mexico,United States,46,Eliminated Week 2,12,2,False,False,9,2.0,2.0,False,,
27,Danelle Umstead,5,,,0,False,Artem Chigvintsev,Athlete,New Mexico,United States,46,Eliminated Week 2,12,2,False,False,9,2.0,2.0,False,,
27,Danelle Umstead,6,,,0,False,Artem Chigvintsev,Athlete,New Mexico,United States,46,Eliminated Week 2,12,2,False,False,9,2.0,2.0,False,,
27,Danelle Umstead,7,,,0,False,Artem Chigvintsev,Athlete,New Mexico,United States,46,Eliminated Week 2,12,2,False,False,9,2.0,2.0,False,,
27,Danelle Umstead,8,,,0,False,Artem Chigvintsev,Athlete,New Mexico,United States,46,Eliminated Week 2,12,2,False,False,9,2.0,2.0,False,,
27,Danelle Umstead,9,,,0,False,Artem Chigvintsev,Athlete,New Mexico,United States,46,Eliminated Week 2,12,2,False,False,9,2.0,2.0,False,,
27,DeMarcus Ware,1,23.0,7.666666666666667,3,True,Lindsay Arnold,Athlete,Alabama,United States,36,Eliminated Week 7,7,7,False,False,9,7.0,7.0,True,1.5,0.09019607843137255
27,DeMarcus Ware,2,23.5,7.833333333333333,3,True,Lindsay Arnold,Athlete,Alabama,United States,36,Eliminated Week 7,7,7,False,False,9,7.0,7.0,True,6.0,0.08687615526802218
27,DeMarcus Ware,3,26.0,8.666666666666666,3,True,Lindsay Arnold,Athlete,Alabama,United States,36,Eliminated Week 7,7,7,False,False,9,7.0,7.0,True,5.5,0.0959409594095941
27,DeMarcus Ware,4,22.0,7.333333333333333,3,True,Lindsay Arnold,Athlete,Alabama,United States,36,Eliminated Week 7,7,7,False,False,9,7.0,7.0,True,7.0,0.09482758620689655
27,DeMarcus Ware,5,26.0,8.666666666666666,3,True,Lindsay Arnold,Athlete,Alabama,United States,36,Eliminated Week 7,7,7,False,False,9,7.0,7.0,True,4.0,0.11711711711711711
27,DeMarcus Ware,6,26.0,8.666666666666666,3,True,Lindsay Arnold,Athlete,Alabama,United States,36,Eliminated Week 7,7,7,False,False,9,7.0,7.0,True,5.0,0.11353711790393013
27,DeMarcus Ware,7,26.5,8.833333333333334,3,True,Lindsay Arnold,Athlete,Alabama,United States,36,Eliminated Week 7,7,7,False,False,9,7.0,7.0,True,6.5,0.12183908045977011
27,DeMarcus Ware,8,,,0,False,Lindsay Arnold,Athlete,Alabama,United States,36,Eliminated Week 7,7,7,False,False,9,7.0,7.0,False,,
27,DeMarcus Ware,9,,,0,False,Lindsay Arnold,Athlete,Alabama,United States,36,Eliminated Week 7,7,7,False,False,9,7.0,7.0,False,,
27,Evanna Lynch,1,18.0,6.0,3,True,Keo Motsepe,Actor/Actress,,Ireland,27,3rd Place,3,,False,True,9,9.0,9.0,True,10.0,0.07058823529411765
27,Evanna Lynch,2,24.0,8.0,3,True,Keo Motsepe,Actor/Actress,,Ireland,27,3rd Place,3,,False,True,9,9.0,9.0,True,5.0,0.08872458410351201
27,Evanna Lynch,3,27.0,9.0,3,True,Keo Motsepe,Actor/Actress,,Ireland,27,3rd Place,3,,False,True,9,9.0,9.0,True,3.0,0.0996309963099631
27,Evanna Lynch,4,24.0,8.0,3,True,Keo Motsepe,Actor/Actress,,Ireland,27,3rd Place,3,,False,True,9,9.0,9.0,True,5.5,0.10344827586206896
27,Evanna Lynch,5,24.0,8.0,3,True,Keo Motsepe,Actor/Actress,,Ireland,27,3rd Place,3,,False,True,9,9.0,9.0,True,6.5,0.10810810810810811
27,Evanna Lynch,6,29.0,9.666666666666666,3,True,Keo Motsepe,Actor/Actress,,Ireland,27,3rd Place,3,,False,True,9,9.0,9.0,True,3.0,0.12663755458515283
27,Evanna Lynch,7,29.5,9.833333333333334,3,True,Keo Motsepe,Actor/Actress,,Ireland,27,3rd Place,3,,False,True,9,9.0,9.0,True,1.0,0.135632183908046
27,Evanna Lynch,8,29.0,9.666666666666666,3,True,Keo Motsepe,Actor/Actress,,Ireland,27,3rd Place,3,,False,True,9,9.0,9.0,True,2.5,0.18012422360248448
27,Evanna Lynch,9,30.0,10.0,3,True,Keo Motsepe,Actor/Actress,,Ireland,27,3rd Place,3,,False,True,9,9.0,9.0,True,1.5,0.2597402597402597
27,Joe Amabile,1,14.0,4.666666666666667,3,True,Jenna Johnson,TV Personality,Illinois,United States,32,Eliminated Week 8,6,8,False,False,9,8.0,8.0,True,13.0,0.054901960784313725
27,Joe Amabile,2,17.5,5.833333333333333,3,True,Jenna Johnson,TV Personality,Illinois,United States,32,Eliminated Week 8,6,8,False,False,9,8.0,8.0,True,12.0,0.06469500924214418
27,Joe Amabile,3,18.0,6.0,3,True,Jenna Johnson,TV Personality,Illinois,United States,32,Eliminated Week 8,6,8,False,False,9,8.0,8.0,True,11.0,0.06642066420664207
27,Joe Amabile,4,15.0,5.0,3,True,Jenna Johnson,TV Personality,Illinois,United States,32,Eliminated Week 8,6,8,False,False,9,8.0,8.0,True,10.0,0.06465517241379311
27,Joe Amabile,5,17.0,5.666666666666667,3,True,Jenna Johnson,TV Personality,Illinois,United States,32,Eliminated Week 8,6,8,False,False,9,8.0,8.0,True,9.0,0.07657657657657657
27,Joe Amabile,6,22.0,7.333333333333333,3,True,Jenna Johnson,TV Personality,Illinois,United States,32,Eliminated Week 8,6,8,False,False,9,8.0,8.0,True,7.5,0.09606986899563319
27,Joe Amabile,7,23.5,7.833333333333333,3,True,Jenna Johnson,TV Personality,Illinois,United States,32,Eliminated Week 8,6,8,False,False,9,8.0,8.0,True,8.0,0.10804597701149425
27,Joe Amabile,8,23.0,7.666666666666667,3,True,Jenna Johnson,TV Personality,Illinois,United States,32,Eliminated Week 8,6,8,False,False,9,8.0,8.0,True,5.0,0.14285714285714285
27,Joe Amabile,9,,,0,False,Jenna Johnson,TV Personality,Illinois,United States,32,Eliminated Week 8,6,8,False,False,9,8.0,8.0,False,,
27,John Schneider,1,18.0,6.0,3,True,Emma Slater,Actor/Actress,New York,United States,58,Eliminated Week 7,8,7,False,False,9,7.0,7.0,True,10.0,0.07058823529411765
27,John Schneider,2,21.5,7.166666666666667,3,True,Emma Slater,Actor/Actress,New York,United States,58,Eliminated Week 7,8,7,False,False,9,7.0,7.0,True,8.0,0.07948243992606285
27,John Schneider,3,21.0,7.0,3,True,Emma Slater,Actor/Actress,New York,United States,58,Eliminated Week 7,8,7,False,False,9,7.0,7.0,True,10.0,0.07749077490774908
27,John Schneider,4,21.0,7.0,3,True,Emma Slater,Actor/Actress,New York,United States,58,Eliminated Week 7,8,7,False,False,9,7.0,7.0,True,8.0,0.09051724137931035
27,John Schneider,5,24.0,8.0,3,True,Emma Slater,Actor/Actress,New York,United States,58,Eliminated Week 7,8,7,False,False,9,7.0,7.0,True,6.5,0.10810810810810811
27,John Schneider,6,19.0,6.333333333333333,3,True,Emma Slater,Actor/Actress,New York,United States,58,Eliminated Week 7,8,7,False,False,9,7.0,7.0,True,9.0,0.08296943231441048
27,John Schneider,7,27.0,9.0,3,True,Emma Slater,Actor/Actress,New York,United States,58,Eliminated Week 7,8,7,False,False,9,7.0,7.0,True,5.0,0.12413793103448276
27,John Schneider,8,,,0,False,Emma Slater,Actor/Actress,New York,United States,58,Eliminated Week 7,8,7,False,False,9,7.0,7.0,False,,
27,John Schneider,9,,,0,False,Emma Slater,Actor/Actress,New York,United States,58,Eliminated Week 7,8,7,False,False,9,7.0,7.0,False,,
27,Juan Pablo Di Pace,1,22.0,7.333333333333333,3,True,Cheryl Burke,Actor/Actress,,Argentina,39,Eliminated Week 8,5,8,False,False,9,8.0,8.0,True,3.5,0.08627450980392157
27,Juan Pablo Di Pace,2,26.0,8.666666666666666,3,True,Cheryl Burke,Actor/Actress,,Argentina,39,Eliminated Week 8,5,8,False,False,9,8.0,8.0,True,2.0,0.09611829944547134
27,Juan Pablo Di Pace,3,30.0,10.0,3,True,Cheryl Burke,Actor/Actress,,Argentina,39,Eliminated Week 8,5,8,False,False,9,8.0,8.0,True,1.0,0.11070110701107011
27,Juan Pablo Di Pace,4,24.0,8.0,3,True,Cheryl Burke,Actor/Actress,,Argentina,39,Eliminated Week 8,5,8,False,False,9,8.0,8.0,True,5.5,0.10344827586206896
27,Juan Pablo Di Pace,5,29.0,9.666666666666666,3,True,Cheryl Burke,Actor/Actress,,Argentina,39,Eliminated Week 8,5,8,False,False,9,8.0,8.0,True,1.5,0.13063063063063063
27,Juan Pablo Di Pace,6,30.0,10.0,3,True,Cheryl Burke,Actor/Actress,,Argentina,39,Eliminated Week 8,5,8,False,False,9,8.0,8.0,True,1.5,0.13100436681222707
27,Juan Pablo Di Pace,7,28.0,9.333333333333334,3,True,Cheryl Burke,Actor/Actress,,Argentina,39,Eliminated Week 8,5,8,False,False,9,8.0,8.0,True,3.0,0.12873563218390804
27,Juan Pablo Di Pace,8,30.0,10.0,3,True,Cheryl Burke,Actor/Actress,,Argentina,39,Eliminated Week 8,5,8,False,False,9,8.0,8.0,True,1.0,0.18633540372670807
27,Juan Pablo Di Pace,9,,,0,False,Cheryl Burke,Actor/Actress,,Argentina,39,Eliminated Week 8,5,8,False,False,9,8.0,8.0,False,,
27,Mary Lou Retton,1,20.0,6.666666666666667,3,True,Sasha Farber,Athlete,West Virginia,United States,50,Eliminated Week 6,9,6,False,False,9,6.0,6.0,True,6.0,0.0784313725490196
27,Mary Lou Retton,2,23.0,7.666666666666667,3,True,Sasha Farber,Athlete,West Virginia,United States,50,Eliminated Week 6,9,6,False,False,9,6.0,6.0,True,7.0,0.08502772643253234
27,Mary Lou Retton,3,24.0,8.0,3,True,Sasha Farber,Athlete,West Virginia,United States,50,Eliminated Week 6,9,6,False,False,9,6.0,6.0,True,7.0,0.08856088560885608
27,Mary Lou Retton,4,26.0,8.666666666666666,3,True,Sasha Farber,Athlete,West Virginia,United States,50,Eliminated Week 6,9,6,False,False,9,6.0,6.0,True,2.5,0.11206896551724138
27,Mary Lou Retton,5,25.0,8.333333333333334,3,True,Sasha Farber,Athlete,West Virginia,United States,50,Eliminated Week 6,9,6,False,False,9,6.0,6.0,True,5.0,0.11261261261261261
27,Mary Lou Retton,6,24.0,8.0,3,True,Sasha Farber,Athlete,West Virginia,United States,50,Eliminated Week 6,9,6,False,False,9,6.0,6.0,True,6.0,0.10480349344978165
27,Mary Lou Retton,7,,,0,False,Sasha Farber,Athlete,West Virginia,United States,50,Eliminated Week 6,9,6,False,False,9,6.0,6.0,False,,
27,Mary Lou Retton,8,,,0,False,Sasha Farber,Athlete,West Virginia,United States,50,Eliminated Week 6,9,6,False,False,9,6.0,6.0,False,,
27,Mary Lou Retton,9,,,0,False,Sasha Farber,Athlete,West Virginia,United States,50,Eliminated Week 6,9,6,False,False,9,6.0,6.0,False,,
27,Milo Manheim,1,20.0,6.666666666666667,3,True,Witney Carson,Actor/Actress,California,United States,17,2nd Place,2,,False,True,9,9.0,9.0,True,6.0,0.0784313725490196
27,Milo Manheim,2,26.0,8.666666666666666,3,True,Witney Carson,Actor/Actress,California,United States,17,2nd Place,2,,False,True,9,9.0,9.0,True,2.0,0.09611829944547134
27,Milo Manheim,3,27.0,9.0,3,True,Witney Carson,Actor/Actress,California,United States,17,2nd Place,2,,False,True,9,9.0,9.0,True,3.0,0.0996309963099631
27,Milo Manheim,4,29.0,9.666666666666666,3,True,Witney Carson,Actor/Actress,California,United States,17,2nd Place,2,,False,True,9,9.0,9.0,True,1.0,0.125
27,Milo Manheim,5,27.0,9.0,3,True,Witney Carson,Actor/Actress,California,United States,17,2nd Place,2,,False,True,9,9.0,9.0,True,3.0,0.12162162162162163
27,Milo Manheim,6,30.0,10.0,3,True,Witney Carson,Actor/Actress,California,United States,17,2nd Place,2,,False,True,9,9.0,9.0,True,1.5,0.13100436681222707
27,Milo Manheim,7,29.0,9.666666666666666,3,True,Witney Carson,Actor/Actress,California,United States,17,2nd Place,2,,False,True,9,9.0,9.0,True,2.0,0.13333333333333333
27,Milo Manheim,8,27.5,9.166666666666666,3,True,Witney Carson,Actor/Actress,California,United States,17,2nd Place,2,,False,True,9,9.0,9.0,True,4.0,0.17080745341614906
27,Milo Manheim,9,30.0,10.0,3,True,Witney Carson,Actor/Actress,California,United States,17,2nd Place,2,,False,True,9,9.0,9.0,True,1.5,0.2597402597402597
27,Nancy McKeon,1,19.5,6.5,3,True,Valentin Chmerkovskiy,Actor/Actress,New York,United States,52,Eliminated Week 3,11,3,False,False,9,3.0,3.0,True,8.0,0.07647058823529412
27,Nancy McKeon,2,20.5,6.833333333333333,3,True,Valentin Chmerkovskiy,Actor/Actress,New York,United States,52,Eliminated Week 3,11,3,False,False,9,3.0,3.0,True,9.0,0.07578558225508318
27,Nancy McKeon,3,22.0,7.333333333333333,3,True,Valentin Chmerkovskiy,Actor/Actress,New York,United States,52,Eliminated Week 3,11,3,False,False,9,3.0,3.0,True,9.0,0.08118081180811808
27,Nancy McKeon,4,,,0,False,Valentin Chmerkovskiy,Actor/Actress,New York,United States,52,Eliminated Week 3,11,3,False,False,9,3.0,3.0,False,,
27,Nancy McKeon,5,,,0,False,Valentin Chmerkovskiy,Actor/Actress,New York,United States,52,Eliminated Week 3,11,3,False,False,9,3.0,3.0,False,,
27,Nancy McKeon,6,,,0,False,Valentin Chmerkovskiy,Actor/Actress,New York,United States,52,Eliminated Week 3,11,3,False,False,9,3.0,3.0,False,,
27,Nancy McKeon,7,,,0,False,Valentin Chmerkovskiy,Actor/Actress,New York,United States,52,Eliminated Week 3,11,3,False,False,9,3.0,3.0,False,,
27,Nancy McKeon,8,,,0,False,Valentin Chmerkovskiy,Actor/Actress,New York,United States,52,Eliminated Week 3,11,3,False,False,9,3.0,3.0,False,,
27,Nancy McKeon,9,,,0,False,Valentin Chmerkovskiy,Actor/Actress,New York,United States,52,Eliminated Week 3,11,3,False,False,9,3.0,3.0,False,,
27,Nikki Glaser,1,17.5,5.833333333333333,3,True,Gleb Savchenko,Comedian,Ohio,United States,34,Eliminated Week 1,13,1,False,False,9,1.0,1.0,True,12.0,0.06862745098039216
27,Nikki Glaser,2,,,0,False,Gleb Savchenko,Comedian,Ohio,United States,34,Eliminated Week 1,13,1,False,False,9,1.0,1.0,False,,
27,Nikki Glaser,3,,,0,False,Gleb Savchenko,Comedian,Ohio,United States,34,Eliminated Week 1,13,1,False,False,9,1.0,1.0,False,,
27,Nikki Glaser,4,,,0,False,Gleb Savchenko,Comedian,Ohio,United States,34,Eliminated Week 1,13,1,False,False,9,1.0,1.0,False,,
27,Nikki Glaser,5,,,0,False,Gleb Savchenko,Comedian,Ohio,United States,34,Eliminated Week 1,13,1,False,False,9,1.0,1.0,False,,
27,Nikki Glaser,6,,,0,False,Gleb Savchenko,Comedian,Ohio,United States,34,Eliminated Week 1,13,1,False,False,9,1.0,1.0,False,,
27,Nikki Glaser,7,,,0,False,Gleb Savchenko,Comedian,Ohio,United States,34,Eliminated Week 1,13,1,False,False,9,1.0,1.0,False,,
27,Nikki Glaser,8,,,0,False,Gleb Savchenko,Comedian,Ohio,United States,34,Eliminated Week 1,13,1,False,False,9,1.0,1.0,False,,
27,Nikki Glaser,9,,,0,False,Gleb Savchenko,Comedian,Ohio,United States,34,Eliminated Week 1,13,1,False,False,9,1.0,1.0,False,,
27,Tinashe,1,23.0,7.666666666666667,3,True,Brandon Armstrong,Singer/Rapper,Kentucky,United States,25,Eliminated Week 4,10,4,False,False,9,4.0,4.0,True,1.5,0.09019607843137255
27,Tinashe,2,26.0,8.666666666666666,3,True,Brandon Armstrong,Singer/Rapper,Kentucky,United States,25,Eliminated Week 4,10,4,False,False,9,4.0,4.0,True,2.0,0.09611829944547134
27,Tinashe,3,27.0,9.0,3,True,Brandon Armstrong,Singer/Rapper,Kentucky,United States,25,Eliminated Week 4,10,4,False,False,9,4.0,4.0,True,3.0,0.0996309963099631
27,Tinashe,4,26.0,8.666666666666666,3,True,Brandon Armstrong,Singer/Rapper,Kentucky,United States,25,Eliminated Week 4,10,4,False,False,9,4.0,4.0,True,2.5,0.11206896551724138
27,Tinashe,5,,,0,False,Brandon Armstrong,Singer/Rapper,Kentucky,United States,25,Eliminated Week 4,10,4,False,False,9,4.0,4.0,False,,
27,Tinashe,6,,,0,False,Brandon Armstrong,Singer/Rapper,Kentucky,United States,25,Eliminated Week 4,10,4,False,False,9,4.0,4.0,False,,
27,Tinashe,7,,,0,False,Brandon Armstrong,Singer/Rapper,Kentucky,United States,25,Eliminated Week 4,10,4,False,False,9,4.0,4.0,False,,
27,Tinashe,8,,,0,False,Brandon Armstrong,Singer/Rapper,Kentucky,United States,25,Eliminated Week 4,10,4,False,False,9,4.0,4.0,False,,
27,Tinashe,9,,,0,False,Brandon Armstrong,Singer/Rapper,Kentucky,United States,25,Eliminated Week 4,10,4,False,False,9,4.0,4.0,False,,
28,Ally Brooke,1,16.0,5.333333333333333,3,True,Sasha Farber,Singer/Rapper,Texas,United States,26,3rd Place,3,,False,True,11,11.0,11.0,True,7.5,0.08121827411167512
28,Ally Brooke,2,20.0,6.666666666666667,3,True,Sasha Farber,Singer/Rapper,Texas,United States,26,3rd Place,3,,False,True,11,11.0,11.0,True,4.0,0.091324200913242
28,Ally Brooke,3,24.0,8.0,3,True,Sasha Farber,Singer/Rapper,Texas,United States,26,3rd Place,3,,False,True,11,11.0,11.0,True,1.5,0.12121212121212122
28,Ally Brooke,4,32.0,8.0,4,True,Sasha Farber,Singer/Rapper,Texas,United States,26,3rd Place,3,,False,True,11,11.0,11.0,True,2.5,0.11347517730496454
28,Ally Brooke,5,27.0,9.0,3,True,Sasha Farber,Singer/Rapper,Texas,United States,26,3rd Place,3,,False,True,11,11.0,11.0,True,1.0,0.12558139534883722
28,Ally Brooke,6,25.0,8.333333333333334,3,True,Sasha Farber,Singer/Rapper,Texas,United States,26,3rd Place,3,,False,True,11,11.0,11.0,True,6.5,0.10964912280701754
28,Ally Brooke,7,27.0,9.0,3,True,Sasha Farber,Singer/Rapper,Texas,United States,26,3rd Place,3,,False,True,11,11.0,11.0,True,2.0,0.13366336633663367
28,Ally Brooke,8,30.0,10.0,3,True,Sasha Farber,Singer/Rapper,Texas,United States,26,3rd Place,3,,False,True,11,11.0,11.0,True,3.0,0.15544105882304174
28,Ally Brooke,9,40.0,10.0,4,True,Sasha Farber,Singer/Rapper,Texas,United States,26,3rd Place,3,,False,True,11,11.0,11.0,True,1.0,0.19184652278177458
28,Ally Brooke,10,29.5,9.833333333333334,3,True,Sasha Farber,Singer/Rapper,Texas,United States,26,3rd Place,3,,False,True,11,11.0,11.0,True,1.0,0.21454545454545454
28,Ally Brooke,11,30.0,10.0,3,True,Sasha Farber,Singer/Rapper,Texas,United States,26,3rd Place,3,,False,True,11,11.0,11.0,True,1.0,0.2564102564102564
28,Hannah Brown,1,20.0,6.666666666666667,3,True,Alan Bersten,TV Personality,Alabama,United States,24,1st Place,1,,False,True,11,11.0,11.0,True,2.0,0.10152284263959391
28,Hannah Brown,2,24.0,8.0,3,True,Alan Bersten,TV Personality,Alabama,United States,24,1st Place,1,,False,True,11,11.0,11.0,True,1.0,0.1095890410958904
28,Hannah Brown,3,21.0,7.0,3,True,Alan Bersten,TV Personality,Alabama,United States,24,1st Place,1,,False,True,11,11.0,11.0,True,5.0,0.10606060606060606
28,Hannah Brown,4,32.0,8.0,4,True,Alan Bersten,TV Personality,Alabama,United States,24,1st Place,1,,False,True,11,11.0,11.0,True,2.5,0.11347517730496454
28,Hannah Brown,5,25.0,8.333333333333334,3,True,Alan Bersten,TV Personality,Alabama,United States,24,1st Place,1,,False,True,11,11.0,11.0,True,4.0,0.11627906976744186
28,Hannah Brown,6,24.0,8.0,3,True,Alan Bersten,TV Personality,Alabama,United States,24,1st Place,1,,False,True,11,11.0,11.0,True,8.0,0.10526315789473684
28,Hannah Brown,7,26.0,8.666666666666666,3,True,Alan Bersten,TV Personality,Alabama,United States,24,1st Place,1,,False,True,11,11.0,11.0,True,4.0,0.12871287128712872
28,Hannah Brown,8,30.9998,10.333266666666667,3,True,Alan Bersten,TV Personality,Alabama,United States,24,1st Place,1,,False,True,11,11.0,11.0,True,2.0,0.160621391176751
28,Hannah Brown,9,35.5,8.875,4,True,Alan Bersten,TV Personality,Alabama,United States,24,1st Place,1,,False,True,11,11.0,11.0,True,4.0,0.17026378896882494
28,Hannah Brown,10,27.0,9.0,3,True,Alan Bersten,TV Personality,Alabama,United States,24,1st Place,1,,False,True,11,11.0,11.0,True,3.5,0.19636363636363635
28,Hannah Brown,11,29.0,9.666666666666666,3,True,Alan Bersten,TV Personality,Alabama,United States,24,1st Place,1,,False,True,11,11.0,11.0,True,3.0,0.24786324786324787
28,James Van Der Beek,1,21.0,7.0,3,True,Emma Slater,Actor/Actress,Connecticut,United States,42,Eliminated Week 10,5,10,False,False,11,10.0,10.0,True,1.0,0.1065989847715736
28,James Van Der Beek,2,20.0,6.666666666666667,3,True,Emma Slater,Actor/Actress,Connecticut,United States,42,Eliminated Week 10,5,10,False,False,11,10.0,10.0,True,4.0,0.091324200913242
28,James Van Der Beek,3,23.0,7.666666666666667,3,True,Emma Slater,Actor/Actress,Connecticut,United States,42,Eliminated Week 10,5,10,False,False,11,10.0,10.0,True,3.5,0.11616161616161616
28,James Van Der Beek,4,28.0,7.0,4,True,Emma Slater,Actor/Actress,Connecticut,United States,42,Eliminated Week 10,5,10,False,False,11,10.0,10.0,True,6.5,0.09929078014184398
28,James Van Der Beek,5,26.0,8.666666666666666,3,True,Emma Slater,Actor/Actress,Connecticut,United States,42,Eliminated Week 10,5,10,False,False,11,10.0,10.0,True,2.5,0.12093023255813953
28,James Van Der Beek,6,27.0,9.0,3,True,Emma Slater,Actor/Actress,Connecticut,United States,42,Eliminated Week 10,5,10,False,False,11,10.0,10.0,True,2.0,0.11842105263157894
28,James Van Der Beek,7,27.0,9.0,3,True,Emma Slater,Actor/Actress,Connecticut,United States,42,Eliminated Week 10,5,10,False,False,11,10.0,10.0,True,2.0,0.13366336633663367
28,James Van Der Beek,8,31.9998,10.6666,3,True,Emma Slater,Actor/Actress,Connecticut,United States,42,Eliminated Week 10,5,10,False,False,11,10.0,10.0,True,1.0,0.1658027598041857
28,James Van Der Beek,9,36.0,9.0,4,True,Emma Slater,Actor/Actress,Connecticut,United States,42,Eliminated Week 10,5,10,False,False,11,10.0,10.0,True,3.0,0.17266187050359713
28,James Van Der Beek,10,25.5,8.5,3,True,Emma Slater,Actor/Actress,Connecticut,United States,42,Eliminated Week 10,5,10,False,False,11,10.0,10.0,True,5.0,0.18545454545454546
28,James Van Der Beek,11,,,0,False,Emma Slater,Actor/Actress,Connecticut,United States,42,Eliminated Week 10,5,10,False,False,11,10.0,10.0,False,,
28,Karamo Brown,1,17.0,5.666666666666667,3,True,Jenna Johnson,TV Personality,Texas,United States,38,Eliminated Week 7,8,7,False,False,11,7.0,7.0,True,5.5,0.08629441624365482
28,Karamo Brown,2,19.0,6.333333333333333,3,True,Jenna Johnson,TV Personality,Texas,United States,38,Eliminated Week 7,8,7,False,False,11,7.0,7.0,True,6.5,0.0867579908675799
28,Karamo Brown,3,16.0,5.333333333333333,3,True,Jenna Johnson,TV Personality,Texas,United States,38,Eliminated Week 7,8,7,False,False,11,7.0,7.0,True,8.0,0.08080808080808081
28,Karamo Brown,4,28.0,7.0,4,True,Jenna Johnson,TV Personality,Texas,United States,38,Eliminated Week 7,8,7,False,False,11,7.0,7.0,True,6.5,0.09929078014184398
28,Karamo Brown,5,21.0,7.0,3,True,Jenna Johnson,TV Personality,Texas,United States,38,Eliminated Week 7,8,7,False,False,11,7.0,7.0,True,8.0,0.09767441860465116
28,Karamo Brown,6,25.0,8.333333333333334,3,True,Jenna Johnson,TV Personality,Texas,United States,38,Eliminated Week 7,8,7,False,False,11,7.0,7.0,True,6.5,0.10964912280701754
28,Karamo Brown,7,24.5,8.166666666666666,3,True,Jenna Johnson,TV Personality,Texas,United States,38,Eliminated Week 7,8,7,False,False,11,7.0,7.0,True,6.0,0.12128712871287128
28,Karamo Brown,8,,,0,False,Jenna Johnson,TV Personality,Texas,United States,38,Eliminated Week 7,8,7,False,False,11,7.0,7.0,False,,
28,Karamo Brown,9,,,0,False,Jenna Johnson,TV Personality,Texas,United States,38,Eliminated Week 7,8,7,False,False,11,7.0,7.0,False,,
28,Karamo Brown,10,,,0,False,Jenna Johnson,TV Personality,Texas,United States,38,Eliminated Week 7,8,7,False,False,11,7.0,7.0,False,,
28,Karamo Brown,11,,,0,False,Jenna Johnson,TV Personality,Texas,United States,38,Eliminated Week 7,8,7,False,False,11,7.0,7.0,False,,
28,Kate Flannery,1,15.0,5.0,3,True,Pasha Pashkov,Actor/Actress,Pennsylvania,United States,55,Eliminated Week 8,7,8,False,False,11,8.0,8.0,True,9.5,0.07614213197969544
28,Kate Flannery,2,21.0,7.0,3,True,Pasha Pashkov,Actor/Actress,Pennsylvania,United States,55,Eliminated Week 8,7,8,False,False,11,8.0,8.0,True,2.0,0.0958904109589041
28,Kate Flannery,3,24.0,8.0,3,True,Pasha Pashkov,Actor/Actress,Pennsylvania,United States,55,Eliminated Week 8,7,8,False,False,11,8.0,8.0,True,1.5,0.12121212121212122
28,Kate Flannery,4,26.0,6.5,4,True,Pasha Pashkov,Actor/Actress,Pennsylvania,United States,55,Eliminated Week 8,7,8,False,False,11,8.0,8.0,True,8.0,0.09219858156028368
28,Kate Flannery,5,24.0,8.0,3,True,Pasha Pashkov,Actor/Actress,Pennsylvania,United States,55,Eliminated Week 8,7,8,False,False,11,8.0,8.0,True,5.5,0.11162790697674418
28,Kate Flannery,6,27.0,9.0,3,True,Pasha Pashkov,Actor/Actress,Pennsylvania,United States,55,Eliminated Week 8,7,8,False,False,11,8.0,8.0,True,2.0,0.11842105263157894
28,Kate Flannery,7,24.0,8.0,3,True,Pasha Pashkov,Actor/Actress,Pennsylvania,United States,55,Eliminated Week 8,7,8,False,False,11,8.0,8.0,True,7.0,0.1188118811881188
28,Kate Flannery,8,25.9998,8.6666,3,True,Pasha Pashkov,Actor/Actress,Pennsylvania,United States,55,Eliminated Week 8,7,8,False,False,11,8.0,8.0,True,5.0,0.13471454803957736
28,Kate Flannery,9,,,0,False,Pasha Pashkov,Actor/Actress,Pennsylvania,United States,55,Eliminated Week 8,7,8,False,False,11,8.0,8.0,False,,
28,Kate Flannery,10,,,0,False,Pasha Pashkov,Actor/Actress,Pennsylvania,United States,55,Eliminated Week 8,7,8,False,False,11,8.0,8.0,False,,
28,Kate Flannery,11,,,0,False,Pasha Pashkov,Actor/Actress,Pennsylvania,United States,55,Eliminated Week 8,7,8,False,False,11,8.0,8.0,False,,
28,Kel Mitchell,1,16.0,5.333333333333333,3,True,Witney Carson,Actor/Actress,Illinois,United States,41,2nd Place,2,,False,True,11,11.0,11.0,True,7.5,0.08121827411167512
28,Kel Mitchell,2,20.0,6.666666666666667,3,True,Witney Carson,Actor/Actress,Illinois,United States,41,2nd Place,2,,False,True,11,11.0,11.0,True,4.0,0.091324200913242
28,Kel Mitchell,3,20.0,6.666666666666667,3,True,Witney Carson,Actor/Actress,Illinois,United States,41,2nd Place,2,,False,True,11,11.0,11.0,True,6.5,0.10101010101010101
28,Kel Mitchell,4,32.0,8.0,4,True,Witney Carson,Actor/Actress,Illinois,United States,41,2nd Place,2,,False,True,11,11.0,11.0,True,2.5,0.11347517730496454
28,Kel Mitchell,5,26.0,8.666666666666666,3,True,Witney Carson,Actor/Actress,Illinois,United States,41,2nd Place,2,,False,True,11,11.0,11.0,True,2.5,0.12093023255813953
28,Kel Mitchell,6,26.0,8.666666666666666,3,True,Witney Carson,Actor/Actress,Illinois,United States,41,2nd Place,2,,False,True,11,11.0,11.0,True,4.5,0.11403508771929824
28,Kel Mitchell,7,25.5,8.5,3,True,Witney Carson,Actor/Actress,Illinois,United States,41,2nd Place,2,,False,True,11,11.0,11.0,True,5.0,0.12623762376237624
28,Kel Mitchell,8,29.9998,9.999933333333333,3,True,Witney Carson,Actor/Actress,Illinois,United States,41,2nd Place,2,,False,True,11,11.0,11.0,True,4.0,0.15544002254931627
28,Kel Mitchell,9,37.0,9.25,4,True,Witney Carson,Actor/Actress,Illinois,United States,41,2nd Place,2,,False,True,11,11.0,11.0,True,2.0,0.1774580335731415
28,Kel Mitchell,10,28.5,9.5,3,True,Witney Carson,Actor/Actress,Illinois,United States,41,2nd Place,2,,False,True,11,11.0,11.0,True,2.0,0.20727272727272728
28,Kel Mitchell,11,29.5,9.833333333333334,3,True,Witney Carson,Actor/Actress,Illinois,United States,41,2nd Place,2,,False,True,11,11.0,11.0,True,2.0,0.25213675213675213
28,Lamar Odom,1,11.0,3.6666666666666665,3,True,Peta Murgatroyd,Athlete,New York,United States,39,Eliminated Week 4,10,4,False,False,11,4.0,4.0,True,12.0,0.05583756345177665
28,Lamar Odom,2,12.0,4.0,3,True,Peta Murgatroyd,Athlete,New York,United States,39,Eliminated Week 4,10,4,False,False,11,4.0,4.0,True,12.0,0.0547945205479452
28,Lamar Odom,3,12.0,4.0,3,True,Peta Murgatroyd,Athlete,New York,United States,39,Eliminated Week 4,10,4,False,False,11,4.0,4.0,True,10.0,0.06060606060606061
28,Lamar Odom,4,20.0,5.0,4,True,Peta Murgatroyd,Athlete,New York,United States,39,Eliminated Week 4,10,4,False,False,11,4.0,4.0,True,10.0,0.07092198581560284
28,Lamar Odom,5,,,0,False,Peta Murgatroyd,Athlete,New York,United States,39,Eliminated Week 4,10,4,False,False,11,4.0,4.0,False,,
28,Lamar Odom,6,,,0,False,Peta Murgatroyd,Athlete,New York,United States,39,Eliminated Week 4,10,4,False,False,11,4.0,4.0,False,,
28,Lamar Odom,7,,,0,False,Peta Murgatroyd,Athlete,New York,United States,39,Eliminated Week 4,10,4,False,False,11,4.0,4.0,False,,
28,Lamar Odom,8,,,0,False,Peta Murgatroyd,Athlete,New York,United States,39,Eliminated Week 4,10,4,False,False,11,4.0,4.0,False,,
28,Lamar Odom,9,,,0,False,Peta Murgatroyd,Athlete,New York,United States,39,Eliminated Week 4,10,4,False,False,11,4.0,4.0,False,,
28,Lamar Odom,10,,,0,False,Peta Murgatroyd,Athlete,New York,United States,39,Eliminated Week 4,10,4,False,False,11,4.0,4.0,False,,
28,Lamar Odom,11,,,0,False,Peta Murgatroyd,Athlete,New York,United States,39,Eliminated Week 4,10,4,False,False,11,4.0,4.0,False,,
28,Lauren Alaina,1,19.0,6.333333333333333,3,True,Gleb Savchenko,Singer/Rapper,Georgia,United States,24,4th Place,4,,False,True,11,11.0,11.0,True,3.0,0.09644670050761421
28,Lauren Alaina,2,19.0,6.333333333333333,3,True,Gleb Savchenko,Singer/Rapper,Georgia,United States,24,4th Place,4,,False,True,11,11.0,11.0,True,6.5,0.0867579908675799
28,Lauren Alaina,3,20.0,6.666666666666667,3,True,Gleb Savchenko,Singer/Rapper,Georgia,United States,24,4th Place,4,,False,True,11,11.0,11.0,True,6.5,0.10101010101010101
28,Lauren Alaina,4,32.0,8.0,4,True,Gleb Savchenko,Singer/Rapper,Georgia,United States,24,4th Place,4,,False,True,11,11.0,11.0,True,2.5,0.11347517730496454
28,Lauren Alaina,5,23.0,7.666666666666667,3,True,Gleb Savchenko,Singer/Rapper,Georgia,United States,24,4th Place,4,,False,True,11,11.0,11.0,True,7.0,0.10697674418604651
28,Lauren Alaina,6,26.0,8.666666666666666,3,True,Gleb Savchenko,Singer/Rapper,Georgia,United States,24,4th Place,4,,False,True,11,11.0,11.0,True,4.5,0.11403508771929824
28,Lauren Alaina,7,27.0,9.0,3,True,Gleb Savchenko,Singer/Rapper,Georgia,United States,24,4th Place,4,,False,True,11,11.0,11.0,True,2.0,0.13366336633663367
28,Lauren Alaina,8,24.0,8.0,3,True,Gleb Savchenko,Singer/Rapper,Georgia,United States,24,4th Place,4,,False,True,11,11.0,11.0,True,6.0,0.1243528470584334
28,Lauren Alaina,9,35.0,8.75,4,True,Gleb Savchenko,Singer/Rapper,Georgia,United States,24,4th Place,4,,False,True,11,11.0,11.0,True,5.0,0.16786570743405277
28,Lauren Alaina,10,27.0,9.0,3,True,Gleb Savchenko,Singer/Rapper,Georgia,United States,24,4th Place,4,,False,True,11,11.0,11.0,True,3.5,0.19636363636363635
28,Lauren Alaina,11,28.5,9.5,3,True,Gleb Savchenko,Singer/Rapper,Georgia,United States,24,4th Place,4,,False,True,11,11.0,11.0,True,4.0,0.24358974358974358
28,Mary Wilson,1,17.0,5.666666666666667,3,True,Brandon Armstrong,Singer/Rapper,Nevada,United States,75,Eliminated Week 2,12,2,False,False,11,2.0,2.0,True,5.5,0.08629441624365482
28,Mary Wilson,2,15.0,5.0,3,True,Brandon Armstrong,Singer/Rapper,Nevada,United States,75,Eliminated Week 2,12,2,False,False,11,2.0,2.0,True,10.5,0.0684931506849315
28,Mary Wilson,3,,,0,False,Brandon Armstrong,Singer/Rapper,Nevada,United States,75,Eliminated Week 2,12,2,False,False,11,2.0,2.0,False,,
28,Mary Wilson,4,,,0,False,Brandon Armstrong,Singer/Rapper,Nevada,United States,75,Eliminated Week 2,12,2,False,False,11,2.0,2.0,False,,
28,Mary Wilson,5,,,0,False,Brandon Armstrong,Singer/Rapper,Nevada,United States,75,Eliminated Week 2,12,2,False,False,11,2.0,2.0,False,,
28,Mary Wilson,6,,,0,False,Brandon Armstrong,Singer/Rapper,Nevada,United States,75,Eliminated Week 2,12,2,False,False,11,2.0,2.0,False,,
28,Mary Wilson,7,,,0,False,Brandon Armstrong,Singer/Rapper,Nevada,United States,75,Eliminated Week 2,12,2,False,False,11,2.0,2.0,False,,
28,Mary Wilson,8,,,0,False,Brandon Armstrong,Singer/Rapper,Nevada,United States,75,Eliminated Week 2,12,2,False,False,11,2.0,2.0,False,,
28,Mary Wilson,9,,,0,False,Brandon Armstrong,Singer/Rapper,Nevada,United States,75,Eliminated Week 2,12,2,False,False,11,2.0,2.0,False,,
28,Mary Wilson,10,,,0,False,Brandon Armstrong,Singer/Rapper,Nevada,United States,75,Eliminated Week 2,12,2,False,False,11,2.0,2.0,False,,
28,Mary Wilson,11,,,0,False,Brandon Armstrong,Singer/Rapper,Nevada,United States,75,Eliminated Week 2,12,2,False,False,11,2.0,2.0,False,,
28,Ray Lewis,1,15.0,5.0,3,True,Cheryl Burke,Athlete,Florida,United States,44,Withdrew,11,,True,False,11,2.0,2.0,True,9.5,0.07614213197969544
28,Ray Lewis,2,15.0,5.0,3,True,Cheryl Burke,Athlete,Florida,United States,44,Withdrew,11,,True,False,11,2.0,2.0,True,10.5,0.0684931506849315
28,Ray Lewis,3,,,0,False,Cheryl Burke,Athlete,Florida,United States,44,Withdrew,11,,True,False,11,2.0,2.0,False,,
28,Ray Lewis,4,,,0,False,Cheryl Burke,Athlete,Florida,United States,44,Withdrew,11,,True,False,11,2.0,2.0,False,,
28,Ray Lewis,5,,,0,False,Cheryl Burke,Athlete,Florida,United States,44,Withdrew,11,,True,False,11,2.0,2.0,False,,
28,Ray Lewis,6,,,0,False,Cheryl Burke,Athlete,Florida,United States,44,Withdrew,11,,True,False,11,2.0,2.0,False,,
28,Ray Lewis,7,,,0,False,Cheryl Burke,Athlete,Florida,United States,44,Withdrew,11,,True,False,11,2.0,2.0,False,,
28,Ray Lewis,8,,,0,False,Cheryl Burke,Athlete,Florida,United States,44,Withdrew,11,,True,False,11,2.0,2.0,False,,
28,Ray Lewis,9,,,0,False,Cheryl Burke,Athlete,Florida,United States,44,Withdrew,11,,True,False,11,2.0,2.0,False,,
28,Ray Lewis,10,,,0,False,Cheryl Burke,Athlete,Florida,United States,44,Withdrew,11,,True,False,11,2.0,2.0,False,,
28,Ray Lewis,11,,,0,False,Cheryl Burke,Athlete,Florida,United States,44,Withdrew,11,,True,False,11,2.0,2.0,False,,
28,Sailor Brinkley-Cook,1,18.0,6.0,3,True,Valentin Chmerkovskiy,Model,New York,United States,21,Eliminated Week 6,9,6,False,False,11,6.0,6.0,True,4.0,0.09137055837563451
28,Sailor Brinkley-Cook,2,18.0,6.0,3,True,Valentin Chmerkovskiy,Model,New York,United States,21,Eliminated Week 6,9,6,False,False,11,6.0,6.0,True,8.0,0.0821917808219178
28,Sailor Brinkley-Cook,3,23.0,7.666666666666667,3,True,Valentin Chmerkovskiy,Model,New York,United States,21,Eliminated Week 6,9,6,False,False,11,6.0,6.0,True,3.5,0.11616161616161616
28,Sailor Brinkley-Cook,4,31.0,7.75,4,True,Valentin Chmerkovskiy,Model,New York,United States,21,Eliminated Week 6,9,6,False,False,11,6.0,6.0,True,5.0,0.1099290780141844
28,Sailor Brinkley-Cook,5,24.0,8.0,3,True,Valentin Chmerkovskiy,Model,New York,United States,21,Eliminated Week 6,9,6,False,False,11,6.0,6.0,True,5.5,0.11162790697674418
28,Sailor Brinkley-Cook,6,27.0,9.0,3,True,Valentin Chmerkovskiy,Model,New York,United States,21,Eliminated Week 6,9,6,False,False,11,6.0,6.0,True,2.0,0.11842105263157894
28,Sailor Brinkley-Cook,7,,,0,False,Valentin Chmerkovskiy,Model,New York,United States,21,Eliminated Week 6,9,6,False,False,11,6.0,6.0,False,,
28,Sailor Brinkley-Cook,8,,,0,False,Valentin Chmerkovskiy,Model,New York,United States,21,Eliminated Week 6,9,6,False,False,11,6.0,6.0,False,,
28,Sailor Brinkley-Cook,9,,,0,False,Valentin Chmerkovskiy,Model,New York,United States,21,Eliminated Week 6,9,6,False,False,11,6.0,6.0,False,,
28,Sailor Brinkley-Cook,10,,,0,False,Valentin Chmerkovskiy,Model,New York,United States,21,Eliminated Week 6,9,6,False,False,11,6.0,6.0,False,,
28,Sailor Brinkley-Cook,11,,,0,False,Valentin Chmerkovskiy,Model,New York,United States,21,Eliminated Week 6,9,6,False,False,11,6.0,6.0,False,,
28,Sean Spicer,1,12.0,4.0,3,True,Lindsay Arnold,Politician,New York,United States,48,Eliminated Week 9,6,9,False,False,11,9.0,9.0,True,11.0,0.06091370558375635
28,Sean Spicer,2,16.0,5.333333333333333,3,True,Lindsay Arnold,Politician,New York,United States,48,Eliminated Week 9,6,9,False,False,11,9.0,9.0,True,9.0,0.0730593607305936
28,Sean Spicer,3,15.0,5.0,3,True,Lindsay Arnold,Politician,New York,United States,48,Eliminated Week 9,6,9,False,False,11,9.0,9.0,True,9.0,0.07575757575757576
28,Sean Spicer,4,21.0,5.25,4,True,Lindsay Arnold,Politician,New York,United States,48,Eliminated Week 9,6,9,False,False,11,9.0,9.0,True,9.0,0.07446808510638298
28,Sean Spicer,5,19.0,6.333333333333333,3,True,Lindsay Arnold,Politician,New York,United States,48,Eliminated Week 9,6,9,False,False,11,9.0,9.0,True,9.0,0.08837209302325581
28,Sean Spicer,6,21.0,7.0,3,True,Lindsay Arnold,Politician,New York,United States,48,Eliminated Week 9,6,9,False,False,11,9.0,9.0,True,9.0,0.09210526315789473
28,Sean Spicer,7,21.0,7.0,3,True,Lindsay Arnold,Politician,New York,United States,48,Eliminated Week 9,6,9,False,False,11,9.0,9.0,True,8.0,0.10396039603960396
28,Sean Spicer,8,20.0,6.666666666666667,3,True,Lindsay Arnold,Politician,New York,United States,48,Eliminated Week 9,6,9,False,False,11,9.0,9.0,True,7.0,0.1036273725486945
28,Sean Spicer,9,25.0,6.25,4,True,Lindsay Arnold,Politician,New York,United States,48,Eliminated Week 9,6,9,False,False,11,9.0,9.0,True,6.0,0.11990407673860912
28,Sean Spicer,10,,,0,False,Lindsay Arnold,Politician,New York,United States,48,Eliminated Week 9,6,9,False,False,11,9.0,9.0,False,,
28,Sean Spicer,11,,,0,False,Lindsay Arnold,Politician,New York,United States,48,Eliminated Week 9,6,9,False,False,11,9.0,9.0,False,,
29,AJ McLean,1,18.0,6.0,3,True,Cheryl Burke,Singer/Rapper,Florida,United States,42,Eliminated Week 9,7,9,False,False,11,9.0,9.0,True,8.0,0.06923076923076923
29,AJ McLean,2,19.0,6.333333333333333,3,True,Cheryl Burke,Singer/Rapper,Florida,United States,42,Eliminated Week 9,7,9,False,False,11,9.0,9.0,True,5.0,0.0695970695970696
29,AJ McLean,3,21.0,7.0,3,True,Cheryl Burke,Singer/Rapper,Florida,United States,42,Eliminated Week 9,7,9,False,False,11,9.0,9.0,True,7.5,0.07473309608540925
29,AJ McLean,4,24.0,8.0,3,True,Cheryl Burke,Singer/Rapper,Florida,United States,42,Eliminated Week 9,7,9,False,False,11,9.0,9.0,True,5.0,0.07973421926910298
29,AJ McLean,5,24.0,8.0,3,True,Cheryl Burke,Singer/Rapper,Florida,United States,42,Eliminated Week 9,7,9,False,False,11,9.0,9.0,True,7.0,0.08362369337979095
29,AJ McLean,6,27.0,9.0,3,True,Cheryl Burke,Singer/Rapper,Florida,United States,42,Eliminated Week 9,7,9,False,False,11,9.0,9.0,True,2.5,0.10074626865671642
29,AJ McLean,7,26.0,8.666666666666666,3,True,Cheryl Burke,Singer/Rapper,Florida,United States,42,Eliminated Week 9,7,9,False,False,11,9.0,9.0,True,6.0,0.1
29,AJ McLean,8,27.0,9.0,3,True,Cheryl Burke,Singer/Rapper,Florida,United States,42,Eliminated Week 9,7,9,False,False,11,9.0,9.0,True,5.5,0.12162184076007344
29,AJ McLean,9,24.9998,8.333266666666667,3,True,Cheryl Burke,Singer/Rapper,Florida,United States,42,Eliminated Week 9,7,9,False,False,11,9.0,9.0,True,6.0,0.12953317941214265
29,AJ McLean,10,,,0,False,Cheryl Burke,Singer/Rapper,Florida,United States,42,Eliminated Week 9,7,9,False,False,11,9.0,9.0,False,,
29,AJ McLean,11,,,0,False,Cheryl Burke,Singer/Rapper,Florida,United States,42,Eliminated Week 9,7,9,False,False,11,9.0,9.0,False,,
29,Anne Heche,1,18.0,6.0,3,True,Keo Motsepe,Actor/Actress,Ohio,United States,51,Eliminated Week 4,13,4,False,False,11,4.0,4.0,True,8.0,0.06923076923076923
29,Anne Heche,2,18.0,6.0,3,True,Keo Motsepe,Actor/Actress,Ohio,United States,51,Eliminated Week 4,13,4,False,False,11,4.0,4.0,True,8.5,0.06593406593406594
29,Anne Heche,3,15.0,5.0,3,True,Keo Motsepe,Actor/Actress,Ohio,United States,51,Eliminated Week 4,13,4,False,False,11,4.0,4.0,True,13.0,0.05338078291814947
29,Anne Heche,4,21.0,7.0,3,True,Keo Motsepe,Actor/Actress,Ohio,United States,51,Eliminated Week 4,13,4,False,False,11,4.0,4.0,True,11.5,0.06976744186046512
29,Anne Heche,5,,,0,False,Keo Motsepe,Actor/Actress,Ohio,United States,51,Eliminated Week 4,13,4,False,False,11,4.0,4.0,False,,
29,Anne Heche,6,,,0,False,Keo Motsepe,Actor/Actress,Ohio,United States,51,Eliminated Week 4,13,4,False,False,11,4.0,4.0,False,,
29,Anne Heche,7,,,0,False,Keo Motsepe,Actor/Actress,Ohio,United States,51,Eliminated Week 4,13,4,False,False,11,4.0,4.0,False,,
29,Anne Heche,8,,,0,False,Keo Motsepe,Actor/Actress,Ohio,United States,51,Eliminated Week 4,13,4,False,False,11,4.0,4.0,False,,
29,Anne Heche,9,,,0,False,Keo Motsepe,Actor/Actress,Ohio,United States,51,Eliminated Week 4,13,4,False,False,11,4.0,4.0,False,,
29,Anne Heche,10,,,0,False,Keo Motsepe,Actor/Actress,Ohio,United States,51,Eliminated Week 4,13,4,False,False,11,4.0,4.0,False,,
29,Anne Heche,11,,,0,False,Keo Motsepe,Actor/Actress,Ohio,United States,51,Eliminated Week 4,13,4,False,False,11,4.0,4.0,False,,
29,Carole Baskin,1,11.0,3.6666666666666665,3,True,Pasha Pashkov,TV Personality,Texas,United States,59,Eliminated Week 3,14,3,False,False,11,3.0,3.0,True,15.0,0.04230769230769231
29,Carole Baskin,2,16.0,5.333333333333333,3,True,Pasha Pashkov,TV Personality,Texas,United States,59,Eliminated Week 3,14,3,False,False,11,3.0,3.0,True,12.5,0.05860805860805861
29,Carole Baskin,3,12.0,4.0,3,True,Pasha Pashkov,TV Personality,Texas,United States,59,Eliminated Week 3,14,3,False,False,11,3.0,3.0,True,14.0,0.042704626334519574
29,Carole Baskin,4,,,0,False,Pasha Pashkov,TV Personality,Texas,United States,59,Eliminated Week 3,14,3,False,False,11,3.0,3.0,False,,
29,Carole Baskin,5,,,0,False,Pasha Pashkov,TV Personality,Texas,United States,59,Eliminated Week 3,14,3,False,False,11,3.0,3.0,False,,
29,Carole Baskin,6,,,0,False,Pasha Pashkov,TV Personality,Texas,United States,59,Eliminated Week 3,14,3,False,False,11,3.0,3.0,False,,
29,Carole Baskin,7,,,0,False,Pasha Pashkov,TV Personality,Texas,United States,59,Eliminated Week 3,14,3,False,False,11,3.0,3.0,False,,
29,Carole Baskin,8,,,0,False,Pasha Pashkov,TV Personality,Texas,United States,59,Eliminated Week 3,14,3,False,False,11,3.0,3.0,False,,
29,Carole Baskin,9,,,0,False,Pasha Pashkov,TV Personality,Texas,United States,59,Eliminated Week 3,14,3,False,False,11,3.0,3.0,False,,
29,Carole Baskin,10,,,0,False,Pasha Pashkov,TV Personality,Texas,United States,59,Eliminated Week 3,14,3,False,False,11,3.0,3.0,False,,
29,Carole Baskin,11,,,0,False,Pasha Pashkov,TV Personality,Texas,United States,59,Eliminated Week 3,14,3,False,False,11,3.0,3.0,False,,
29,Charles Oakley,1,12.0,4.0,3,True,Emma Slater,Athlete,Ohio,United States,56,Eliminated Week 2,15,2,False,False,11,2.0,2.0,True,14.0,0.046153846153846156
29,Charles Oakley,2,15.0,5.0,3,True,Emma Slater,Athlete,Ohio,United States,56,Eliminated Week 2,15,2,False,False,11,2.0,2.0,True,14.5,0.054945054945054944
29,Charles Oakley,3,,,0,False,Emma Slater,Athlete,Ohio,United States,56,Eliminated Week 2,15,2,False,False,11,2.0,2.0,False,,
29,Charles Oakley,4,,,0,False,Emma Slater,Athlete,Ohio,United States,56,Eliminated Week 2,15,2,False,False,11,2.0,2.0,False,,
29,Charles Oakley,5,,,0,False,Emma Slater,Athlete,Ohio,United States,56,Eliminated Week 2,15,2,False,False,11,2.0,2.0,False,,
29,Charles Oakley,6,,,0,False,Emma Slater,Athlete,Ohio,United States,56,Eliminated Week 2,15,2,False,False,11,2.0,2.0,False,,
29,Charles Oakley,7,,,0,False,Emma Slater,Athlete,Ohio,United States,56,Eliminated Week 2,15,2,False,False,11,2.0,2.0,False,,
29,Charles Oakley,8,,,0,False,Emma Slater,Athlete,Ohio,United States,56,Eliminated Week 2,15,2,False,False,11,2.0,2.0,False,,
29,Charles Oakley,9,,,0,False,Emma Slater,Athlete,Ohio,United States,56,Eliminated Week 2,15,2,False,False,11,2.0,2.0,False,,
29,Charles Oakley,10,,,0,False,Emma Slater,Athlete,Ohio,United States,56,Eliminated Week 2,15,2,False,False,11,2.0,2.0,False,,
29,Charles Oakley,11,,,0,False,Emma Slater,Athlete,Ohio,United States,56,Eliminated Week 2,15,2,False,False,11,2.0,2.0,False,,
29,Chrishell Stause,1,13.0,4.333333333333333,3,True,Gleb Savchenko,Actor/Actress,Kentucky,United States,39,Eliminated Week 8,8,8,False,False,11,8.0,8.0,True,13.0,0.05
29,Chrishell Stause,2,18.0,6.0,3,True,Gleb Savchenko,Actor/Actress,Kentucky,United States,39,Eliminated Week 8,8,8,False,False,11,8.0,8.0,True,8.5,0.06593406593406594
29,Chrishell Stause,3,22.0,7.333333333333333,3,True,Gleb Savchenko,Actor/Actress,Kentucky,United States,39,Eliminated Week 8,8,8,False,False,11,8.0,8.0,True,5.0,0.07829181494661921
29,Chrishell Stause,4,22.0,7.333333333333333,3,True,Gleb Savchenko,Actor/Actress,Kentucky,United States,39,Eliminated Week 8,8,8,False,False,11,8.0,8.0,True,8.5,0.07308970099667775
29,Chrishell Stause,5,19.0,6.333333333333333,3,True,Gleb Savchenko,Actor/Actress,Kentucky,United States,39,Eliminated Week 8,8,8,False,False,11,8.0,8.0,True,11.5,0.06620209059233449
29,Chrishell Stause,6,24.0,8.0,3,True,Gleb Savchenko,Actor/Actress,Kentucky,United States,39,Eliminated Week 8,8,8,False,False,11,8.0,8.0,True,7.5,0.08955223880597014
29,Chrishell Stause,7,26.0,8.666666666666666,3,True,Gleb Savchenko,Actor/Actress,Kentucky,United States,39,Eliminated Week 8,8,8,False,False,11,8.0,8.0,True,6.0,0.1
29,Chrishell Stause,8,27.0,9.0,3,True,Gleb Savchenko,Actor/Actress,Kentucky,United States,39,Eliminated Week 8,8,8,False,False,11,8.0,8.0,True,5.5,0.12162184076007344
29,Chrishell Stause,9,,,0,False,Gleb Savchenko,Actor/Actress,Kentucky,United States,39,Eliminated Week 8,8,8,False,False,11,8.0,8.0,False,,
29,Chrishell Stause,10,,,0,False,Gleb Savchenko,Actor/Actress,Kentucky,United States,39,Eliminated Week 8,8,8,False,False,11,8.0,8.0,False,,
29,Chrishell Stause,11,,,0,False,Gleb Savchenko,Actor/Actress,Kentucky,United States,39,Eliminated Week 8,8,8,False,False,11,8.0,8.0,False,,
29,Jeannie Mai,1,18.0,6.0,3,True,Brandon Armstrong,TV Personality,California,United States,41,Withdrew,9,,True,False,11,7.0,7.0,True,8.0,0.06923076923076923
29,Jeannie Mai,2,18.0,6.0,3,True,Brandon Armstrong,TV Personality,California,United States,41,Withdrew,9,,True,False,11,7.0,7.0,True,8.5,0.06593406593406594
29,Jeannie Mai,3,22.0,7.333333333333333,3,True,Brandon Armstrong,TV Personality,California,United States,41,Withdrew,9,,True,False,11,7.0,7.0,True,5.0,0.07829181494661921
29,Jeannie Mai,4,21.0,7.0,3,True,Brandon Armstrong,TV Personality,California,United States,41,Withdrew,9,,True,False,11,7.0,7.0,True,11.5,0.06976744186046512
29,Jeannie Mai,5,24.0,8.0,3,True,Brandon Armstrong,TV Personality,California,United States,41,Withdrew,9,,True,False,11,7.0,7.0,True,7.0,0.08362369337979095
29,Jeannie Mai,6,25.0,8.333333333333334,3,True,Brandon Armstrong,TV Personality,California,United States,41,Withdrew,9,,True,False,11,7.0,7.0,True,6.0,0.09328358208955224
29,Jeannie Mai,7,25.0,8.333333333333334,3,True,Brandon Armstrong,TV Personality,California,United States,41,Withdrew,9,,True,False,11,7.0,7.0,True,8.0,0.09615384615384616
29,Jeannie Mai,8,,,0,False,Brandon Armstrong,TV Personality,California,United States,41,Withdrew,9,,True,False,11,7.0,7.0,False,,
29,Jeannie Mai,9,,,0,False,Brandon Armstrong,TV Personality,California,United States,41,Withdrew,9,,True,False,11,7.0,7.0,False,,
29,Jeannie Mai,10,,,0,False,Brandon Armstrong,TV Personality,California,United States,41,Withdrew,9,,True,False,11,7.0,7.0,False,,
29,Jeannie Mai,11,,,0,False,Brandon Armstrong,TV Personality,California,United States,41,Withdrew,9,,True,False,11,7.0,7.0,False,,
29,Jesse Metcalfe,1,18.0,6.0,3,True,Sharna Burgess,Actor/Actress,California,United States,41,Eliminated Week 5,12,5,False,False,11,5.0,5.0,True,8.0,0.06923076923076923
29,Jesse Metcalfe,2,20.0,6.666666666666667,3,True,Sharna Burgess,Actor/Actress,California,United States,41,Eliminated Week 5,12,5,False,False,11,5.0,5.0,True,4.0,0.07326007326007326
29,Jesse Metcalfe,3,20.0,6.666666666666667,3,True,Sharna Burgess,Actor/Actress,California,United States,41,Eliminated Week 5,12,5,False,False,11,5.0,5.0,True,9.0,0.0711743772241993
29,Jesse Metcalfe,4,21.0,7.0,3,True,Sharna Burgess,Actor/Actress,California,United States,41,Eliminated Week 5,12,5,False,False,11,5.0,5.0,True,11.5,0.06976744186046512
29,Jesse Metcalfe,5,19.0,6.333333333333333,3,True,Sharna Burgess,Actor/Actress,California,United States,41,Eliminated Week 5,12,5,False,False,11,5.0,5.0,True,11.5,0.06620209059233449
29,Jesse Metcalfe,6,,,0,False,Sharna Burgess,Actor/Actress,California,United States,41,Eliminated Week 5,12,5,False,False,11,5.0,5.0,False,,
29,Jesse Metcalfe,7,,,0,False,Sharna Burgess,Actor/Actress,California,United States,41,Eliminated Week 5,12,5,False,False,11,5.0,5.0,False,,
29,Jesse Metcalfe,8,,,0,False,Sharna Burgess,Actor/Actress,California,United States,41,Eliminated Week 5,12,5,False,False,11,5.0,5.0,False,,
29,Jesse Metcalfe,9,,,0,False,Sharna Burgess,Actor/Actress,California,United States,41,Eliminated Week 5,12,5,False,False,11,5.0,5.0,False,,
29,Jesse Metcalfe,10,,,0,False,Sharna Burgess,Actor/Actress,California,United States,41,Eliminated Week 5,12,5,False,False,11,5.0,5.0,False,,
29,Jesse Metcalfe,11,,,0,False,Sharna Burgess,Actor/Actress,California,United States,41,Eliminated Week 5,12,5,False,False,11,5.0,5.0,False,,
29,Johnny Weir,1,18.0,6.0,3,True,Britt Stewart,Athlete,Pennsylvania,United States,36,Eliminated Week 10,6,10,False,False,11,10.0,10.0,True,8.0,0.06923076923076923
29,Johnny Weir,2,18.0,6.0,3,True,Britt Stewart,Athlete,Pennsylvania,United States,36,Eliminated Week 10,6,10,False,False,11,10.0,10.0,True,8.5,0.06593406593406594
29,Johnny Weir,3,24.0,8.0,3,True,Britt Stewart,Athlete,Pennsylvania,United States,36,Eliminated Week 10,6,10,False,False,11,10.0,10.0,True,1.5,0.08540925266903915
29,Johnny Weir,4,24.0,8.0,3,True,Britt Stewart,Athlete,Pennsylvania,United States,36,Eliminated Week 10,6,10,False,False,11,10.0,10.0,True,5.0,0.07973421926910298
29,Johnny Weir,5,29.0,9.666666666666666,3,True,Britt Stewart,Athlete,Pennsylvania,United States,36,Eliminated Week 10,6,10,False,False,11,10.0,10.0,True,1.0,0.10104529616724739
29,Johnny Weir,6,22.0,7.333333333333333,3,True,Britt Stewart,Athlete,Pennsylvania,United States,36,Eliminated Week 10,6,10,False,False,11,10.0,10.0,True,9.0,0.08208955223880597
29,Johnny Weir,7,27.0,9.0,3,True,Britt Stewart,Athlete,Pennsylvania,United States,36,Eliminated Week 10,6,10,False,False,11,10.0,10.0,True,3.0,0.10384615384615385
29,Johnny Weir,8,30.0,10.0,3,True,Britt Stewart,Athlete,Pennsylvania,United States,36,Eliminated Week 10,6,10,False,False,11,10.0,10.0,True,1.5,0.13513537862230382
29,Johnny Weir,9,30.0,10.0,3,True,Britt Stewart,Athlete,Pennsylvania,United States,36,Eliminated Week 10,6,10,False,False,11,10.0,10.0,True,1.5,0.15544105882304174
29,Johnny Weir,10,28.5,9.5,3,True,Britt Stewart,Athlete,Pennsylvania,United States,36,Eliminated Week 10,6,10,False,False,11,10.0,10.0,True,4.5,0.16379310344827586
29,Johnny Weir,11,,,0,False,Britt Stewart,Athlete,Pennsylvania,United States,36,Eliminated Week 10,6,10,False,False,11,10.0,10.0,False,,
29,Justina Machado,1,21.0,7.0,3,True,Sasha Farber,Actor/Actress,Illinois,United States,48,4th Place,4,,False,True,11,11.0,11.0,True,1.5,0.08076923076923077
29,Justina Machado,2,21.0,7.0,3,True,Sasha Farber,Actor/Actress,Illinois,United States,48,4th Place,4,,False,True,11,11.0,11.0,True,2.5,0.07692307692307693
29,Justina Machado,3,19.0,6.333333333333333,3,True,Sasha Farber,Actor/Actress,Illinois,United States,48,4th Place,4,,False,True,11,11.0,11.0,True,10.0,0.06761565836298933
29,Justina Machado,4,24.0,8.0,3,True,Sasha Farber,Actor/Actress,Illinois,United States,48,4th Place,4,,False,True,11,11.0,11.0,True,5.0,0.07973421926910298
29,Justina Machado,5,24.0,8.0,3,True,Sasha Farber,Actor/Actress,Illinois,United States,48,4th Place,4,,False,True,11,11.0,11.0,True,7.0,0.08362369337979095
29,Justina Machado,6,27.0,9.0,3,True,Sasha Farber,Actor/Actress,Illinois,United States,48,4th Place,4,,False,True,11,11.0,11.0,True,2.5,0.10074626865671642
29,Justina Machado,7,26.0,8.666666666666666,3,True,Sasha Farber,Actor/Actress,Illinois,United States,48,4th Place,4,,False,True,11,11.0,11.0,True,6.0,0.1
29,Justina Machado,8,28.9998,9.6666,3,True,Sasha Farber,Actor/Actress,Illinois,United States,48,4th Place,4,,False,True,11,11.0,11.0,True,3.0,0.13062996509903624
29,Justina Machado,9,25.9998,8.6666,3,True,Sasha Farber,Actor/Actress,Illinois,United States,48,4th Place,4,,False,True,11,11.0,11.0,True,5.0,0.13471454803957736
29,Justina Machado,10,29.0,9.666666666666666,3,True,Sasha Farber,Actor/Actress,Illinois,United States,48,4th Place,4,,False,True,11,11.0,11.0,True,3.0,0.16666666666666666
29,Justina Machado,11,30.0,10.0,3,True,Sasha Farber,Actor/Actress,Illinois,United States,48,4th Place,4,,False,True,11,11.0,11.0,True,2.0,0.25316455696202533
29,Kaitlyn Bristowe,1,20.0,6.666666666666667,3,True,Artem Chigvintsev,TV Personality,,Canada,35,1st Place,1,,False,True,11,11.0,11.0,True,3.5,0.07692307692307693
29,Kaitlyn Bristowe,2,22.0,7.333333333333333,3,True,Artem Chigvintsev,TV Personality,,Canada,35,1st Place,1,,False,True,11,11.0,11.0,True,1.0,0.08058608058608059
29,Kaitlyn Bristowe,3,23.0,7.666666666666667,3,True,Artem Chigvintsev,TV Personality,,Canada,35,1st Place,1,,False,True,11,11.0,11.0,True,3.0,0.08185053380782918
29,Kaitlyn Bristowe,4,25.0,8.333333333333334,3,True,Artem Chigvintsev,TV Personality,,Canada,35,1st Place,1,,False,True,11,11.0,11.0,True,2.0,0.08305647840531562
29,Kaitlyn Bristowe,5,27.0,9.0,3,True,Artem Chigvintsev,TV Personality,,Canada,35,1st Place,1,,False,True,11,11.0,11.0,True,2.0,0.09407665505226481
29,Kaitlyn Bristowe,6,27.0,9.0,3,True,Artem Chigvintsev,TV Personality,,Canada,35,1st Place,1,,False,True,11,11.0,11.0,True,2.5,0.10074626865671642
29,Kaitlyn Bristowe,7,24.0,8.0,3,True,Artem Chigvintsev,TV Personality,,Canada,35,1st Place,1,,False,True,11,11.0,11.0,True,9.0,0.09230769230769231
29,Kaitlyn Bristowe,8,28.0,9.333333333333334,3,True,Artem Chigvintsev,TV Personality,,Canada,35,1st Place,1,,False,True,11,11.0,11.0,True,4.0,0.1261263533808169
29,Kaitlyn Bristowe,9,30.0,10.0,3,True,Artem Chigvintsev,TV Personality,,Canada,35,1st Place,1,,False,True,11,11.0,11.0,True,1.5,0.15544105882304174
29,Kaitlyn Bristowe,10,30.0,10.0,3,True,Artem Chigvintsev,TV Personality,,Canada,35,1st Place,1,,False,True,11,11.0,11.0,True,1.5,0.1724137931034483
29,Kaitlyn Bristowe,11,30.0,10.0,3,True,Artem Chigvintsev,TV Personality,,Canada,35,1st Place,1,,False,True,11,11.0,11.0,True,2.0,0.25316455696202533
29,Monica Aldama,1,19.0,6.333333333333333,3,True,Valentin Chmerkovskiy,TV Personality,Alabama,United States,48,Eliminated Week 7,10,7,False,False,11,7.0,7.0,True,5.0,0.07307692307692308
29,Monica Aldama,2,16.0,5.333333333333333,3,True,Valentin Chmerkovskiy,TV Personality,Alabama,United States,48,Eliminated Week 7,10,7,False,False,11,7.0,7.0,True,12.5,0.05860805860805861
29,Monica Aldama,3,21.0,7.0,3,True,Valentin Chmerkovskiy,TV Personality,Alabama,United States,48,Eliminated Week 7,10,7,False,False,11,7.0,7.0,True,7.5,0.07473309608540925
29,Monica Aldama,4,24.0,8.0,3,True,Valentin Chmerkovskiy,TV Personality,Alabama,United States,48,Eliminated Week 7,10,7,False,False,11,7.0,7.0,True,5.0,0.07973421926910298
29,Monica Aldama,5,26.0,8.666666666666666,3,True,Valentin Chmerkovskiy,TV Personality,Alabama,United States,48,Eliminated Week 7,10,7,False,False,11,7.0,7.0,True,3.5,0.09059233449477352
29,Monica Aldama,6,27.0,9.0,3,True,Valentin Chmerkovskiy,TV Personality,Alabama,United States,48,Eliminated Week 7,10,7,False,False,11,7.0,7.0,True,2.5,0.10074626865671642
29,Monica Aldama,7,22.0,7.333333333333333,3,True,Valentin Chmerkovskiy,TV Personality,Alabama,United States,48,Eliminated Week 7,10,7,False,False,11,7.0,7.0,True,10.0,0.08461538461538462
29,Monica Aldama,8,,,0,False,Valentin Chmerkovskiy,TV Personality,Alabama,United States,48,Eliminated Week 7,10,7,False,False,11,7.0,7.0,False,,
29,Monica Aldama,9,,,0,False,Valentin Chmerkovskiy,TV Personality,Alabama,United States,48,Eliminated Week 7,10,7,False,False,11,7.0,7.0,False,,
29,Monica Aldama,10,,,0,False,Valentin Chmerkovskiy,TV Personality,Alabama,United States,48,Eliminated Week 7,10,7,False,False,11,7.0,7.0,False,,
29,Monica Aldama,11,,,0,False,Valentin Chmerkovskiy,TV Personality,Alabama,United States,48,Eliminated Week 7,10,7,False,False,11,7.0,7.0,False,,
29,Nelly,1,16.0,5.333333333333333,3,True,Daniella Karagach,Singer/Rapper,Texas,United States,45,3rd Place,3,,False,True,11,11.0,11.0,True,12.0,0.06153846153846154
29,Nelly,2,18.0,6.0,3,True,Daniella Karagach,Singer/Rapper,Texas,United States,45,3rd Place,3,,False,True,11,11.0,11.0,True,8.5,0.06593406593406594
29,Nelly,3,18.0,6.0,3,True,Daniella Karagach,Singer/Rapper,Texas,United States,45,3rd Place,3,,False,True,11,11.0,11.0,True,11.5,0.06405693950177936
29,Nelly,4,21.0,7.0,3,True,Daniella Karagach,Singer/Rapper,Texas,United States,45,3rd Place,3,,False,True,11,11.0,11.0,True,11.5,0.06976744186046512
29,Nelly,5,24.0,8.0,3,True,Daniella Karagach,Singer/Rapper,Texas,United States,45,3rd Place,3,,False,True,11,11.0,11.0,True,7.0,0.08362369337979095
29,Nelly,6,24.0,8.0,3,True,Daniella Karagach,Singer/Rapper,Texas,United States,45,3rd Place,3,,False,True,11,11.0,11.0,True,7.5,0.08955223880597014
29,Nelly,7,27.0,9.0,3,True,Daniella Karagach,Singer/Rapper,Texas,United States,45,3rd Place,3,,False,True,11,11.0,11.0,True,3.0,0.10384615384615385
29,Nelly,8,24.0,8.0,3,True,Daniella Karagach,Singer/Rapper,Texas,United States,45,3rd Place,3,,False,True,11,11.0,11.0,True,8.0,0.10810830289784307
29,Nelly,9,24.0,8.0,3,True,Daniella Karagach,Singer/Rapper,Texas,United States,45,3rd Place,3,,False,True,11,11.0,11.0,True,7.0,0.1243528470584334
29,Nelly,10,28.0,9.333333333333334,3,True,Daniella Karagach,Singer/Rapper,Texas,United States,45,3rd Place,3,,False,True,11,11.0,11.0,True,6.0,0.16091954022988506
29,Nelly,11,28.5,9.5,3,True,Daniella Karagach,Singer/Rapper,Texas,United States,45,3rd Place,3,,False,True,11,11.0,11.0,True,4.0,0.24050632911392406
29,Nev Schulman,1,20.0,6.666666666666667,3,True,Jenna Johnson,Producer,New York,United States,35,2nd Place,2,,False,True,11,11.0,11.0,True,3.5,0.07692307692307693
29,Nev Schulman,2,21.0,7.0,3,True,Jenna Johnson,Producer,New York,United States,35,2nd Place,2,,False,True,11,11.0,11.0,True,2.5,0.07692307692307693
29,Nev Schulman,3,24.0,8.0,3,True,Jenna Johnson,Producer,New York,United States,35,2nd Place,2,,False,True,11,11.0,11.0,True,1.5,0.08540925266903915
29,Nev Schulman,4,24.0,8.0,3,True,Jenna Johnson,Producer,New York,United States,35,2nd Place,2,,False,True,11,11.0,11.0,True,5.0,0.07973421926910298
29,Nev Schulman,5,26.0,8.666666666666666,3,True,Jenna Johnson,Producer,New York,United States,35,2nd Place,2,,False,True,11,11.0,11.0,True,3.5,0.09059233449477352
29,Nev Schulman,6,26.0,8.666666666666666,3,True,Jenna Johnson,Producer,New York,United States,35,2nd Place,2,,False,True,11,11.0,11.0,True,5.0,0.09701492537313433
29,Nev Schulman,7,30.0,10.0,3,True,Jenna Johnson,Producer,New York,United States,35,2nd Place,2,,False,True,11,11.0,11.0,True,1.0,0.11538461538461539
29,Nev Schulman,8,30.0,10.0,3,True,Jenna Johnson,Producer,New York,United States,35,2nd Place,2,,False,True,11,11.0,11.0,True,1.5,0.13513537862230382
29,Nev Schulman,9,28.9998,9.6666,3,True,Jenna Johnson,Producer,New York,United States,35,2nd Place,2,,False,True,11,11.0,11.0,True,3.5,0.15025865392188154
29,Nev Schulman,10,30.0,10.0,3,True,Jenna Johnson,Producer,New York,United States,35,2nd Place,2,,False,True,11,11.0,11.0,True,1.5,0.1724137931034483
29,Nev Schulman,11,30.0,10.0,3,True,Jenna Johnson,Producer,New York,United States,35,2nd Place,2,,False,True,11,11.0,11.0,True,2.0,0.25316455696202533
29,Skai Jackson,1,21.0,7.0,3,True,Alan Bersten,Actor/Actress,New York,United States,18,Eliminated Week 10,5,10,False,False,11,10.0,10.0,True,1.5,0.08076923076923077
29,Skai Jackson,2,15.0,5.0,3,True,Alan Bersten,Actor/Actress,New York,United States,18,Eliminated Week 10,5,10,False,False,11,10.0,10.0,True,14.5,0.054945054945054944
29,Skai Jackson,3,18.0,6.0,3,True,Alan Bersten,Actor/Actress,New York,United States,18,Eliminated Week 10,5,10,False,False,11,10.0,10.0,True,11.5,0.06405693950177936
29,Skai Jackson,4,28.0,9.333333333333334,3,True,Alan Bersten,Actor/Actress,New York,United States,18,Eliminated Week 10,5,10,False,False,11,10.0,10.0,True,1.0,0.09302325581395349
29,Skai Jackson,5,24.0,8.0,3,True,Alan Bersten,Actor/Actress,New York,United States,18,Eliminated Week 10,5,10,False,False,11,10.0,10.0,True,7.0,0.08362369337979095
29,Skai Jackson,6,18.0,6.0,3,True,Alan Bersten,Actor/Actress,New York,United States,18,Eliminated Week 10,5,10,False,False,11,10.0,10.0,True,11.0,0.06716417910447761
29,Skai Jackson,7,27.0,9.0,3,True,Alan Bersten,Actor/Actress,New York,United States,18,Eliminated Week 10,5,10,False,False,11,10.0,10.0,True,3.0,0.10384615384615385
29,Skai Jackson,8,26.9998,8.999933333333333,3,True,Alan Bersten,Actor/Actress,New York,United States,18,Eliminated Week 10,5,10,False,False,11,10.0,10.0,True,7.0,0.1216209398575493
29,Skai Jackson,9,28.9998,9.6666,3,True,Alan Bersten,Actor/Actress,New York,United States,18,Eliminated Week 10,5,10,False,False,11,10.0,10.0,True,3.5,0.15025865392188154
29,Skai Jackson,10,28.5,9.5,3,True,Alan Bersten,Actor/Actress,New York,United States,18,Eliminated Week 10,5,10,False,False,11,10.0,10.0,True,4.5,0.16379310344827586
29,Skai Jackson,11,,,0,False,Alan Bersten,Actor/Actress,New York,United States,18,Eliminated Week 10,5,10,False,False,11,10.0,10.0,False,,
29,Veron Davis,1,17.0,5.666666666666667,3,True,Peta Murgatroyd,Athlete,Washington D.C.,United States,36,Eliminated Week 6,11,6,False,False,11,6.0,6.0,True,11.0,0.06538461538461539
29,Veron Davis,2,18.0,6.0,3,True,Peta Murgatroyd,Athlete,Washington D.C.,United States,36,Eliminated Week 6,11,6,False,False,11,6.0,6.0,True,8.5,0.06593406593406594
29,Veron Davis,3,22.0,7.333333333333333,3,True,Peta Murgatroyd,Athlete,Washington D.C.,United States,36,Eliminated Week 6,11,6,False,False,11,6.0,6.0,True,5.0,0.07829181494661921
29,Veron Davis,4,22.0,7.333333333333333,3,True,Peta Murgatroyd,Athlete,Washington D.C.,United States,36,Eliminated Week 6,11,6,False,False,11,6.0,6.0,True,8.5,0.07308970099667775
29,Veron Davis,5,21.0,7.0,3,True,Peta Murgatroyd,Athlete,Washington D.C.,United States,36,Eliminated Week 6,11,6,False,False,11,6.0,6.0,True,10.0,0.07317073170731707
29,Veron Davis,6,21.0,7.0,3,True,Peta Murgatroyd,Athlete,Washington D.C.,United States,36,Eliminated Week 6,11,6,False,False,11,6.0,6.0,True,10.0,0.07835820895522388
29,Veron Davis,7,,,0,False,Peta Murgatroyd,Athlete,Washington D.C.,United States,36,Eliminated Week 6,11,6,False,False,11,6.0,6.0,False,,
29,Veron Davis,8,,,0,False,Peta Murgatroyd,Athlete,Washington D.C.,United States,36,Eliminated Week 6,11,6,False,False,11,6.0,6.0,False,,
29,Veron Davis,9,,,0,False,Peta Murgatroyd,Athlete,Washington D.C.,United States,36,Eliminated Week 6,11,6,False,False,11,6.0,6.0,False,,
29,Veron Davis,10,,,0,False,Peta Murgatroyd,Athlete,Washington D.C.,United States,36,Eliminated Week 6,11,6,False,False,11,6.0,6.0,False,,
29,Veron Davis,11,,,0,False,Peta Murgatroyd,Athlete,Washington D.C.,United States,36,Eliminated Week 6,11,6,False,False,11,6.0,6.0,False,,
30,Amanda Kloots,1,28.0,7.0,4,True,Alan Bersten,TV Personality,Ohio,United States,39,4th Place,4,,False,True,10,10.0,10.0,True,2.5,0.07650273224043716
30,Amanda Kloots,2,32.0,8.0,4,True,Alan Bersten,TV Personality,Ohio,United States,39,4th Place,4,,False,True,10,10.0,10.0,True,1.0,0.08311688311688312
30,Amanda Kloots,3,24.0,8.0,3,True,Alan Bersten,TV Personality,Ohio,United States,39,4th Place,4,,False,True,10,10.0,10.0,True,2.0,0.08053691275167785
30,Amanda Kloots,4,34.0,8.5,4,True,Alan Bersten,TV Personality,Ohio,United States,39,4th Place,4,,False,True,10,10.0,10.0,True,4.5,0.0815347721822542
30,Amanda Kloots,5,39.0,9.75,4,True,Alan Bersten,TV Personality,Ohio,United States,39,4th Place,4,,False,True,10,10.0,10.0,True,2.0,0.1012987012987013
30,Amanda Kloots,6,38.0,9.5,4,True,Alan Bersten,TV Personality,Ohio,United States,39,4th Place,4,,False,True,10,10.0,10.0,True,3.5,0.1043956043956044
30,Amanda Kloots,7,34.0,8.5,4,True,Alan Bersten,TV Personality,Ohio,United States,39,4th Place,4,,False,True,10,10.0,10.0,True,7.0,0.10397553516819572
30,Amanda Kloots,8,42.0,10.5,4,True,Alan Bersten,TV Personality,Ohio,United States,39,4th Place,4,,False,True,10,10.0,10.0,True,2.0,0.13636363636363635
30,Amanda Kloots,9,39.5,9.875,4,True,Alan Bersten,TV Personality,Ohio,United States,39,4th Place,4,,False,True,10,10.0,10.0,True,2.0,0.1747787610619469
30,Amanda Kloots,10,39.0,9.75,4,True,Alan Bersten,TV Personality,Ohio,United States,39,4th Place,4,,False,True,10,10.0,10.0,True,3.0,0.2484076433121019
30,Brian Austin Green,1,24.0,6.0,4,True,Sharna Burgess,Actor/Actress,California,United States,48,Eliminated Week 4,13,4,False,False,10,4.0,4.0,True,10.5,0.06557377049180328
30,Brian Austin Green,2,23.0,5.75,4,True,Sharna Burgess,Actor/Actress,California,United States,48,Eliminated Week 4,13,4,False,False,10,4.0,4.0,True,13.0,0.05974025974025974
30,Brian Austin Green,3,19.0,6.333333333333333,3,True,Sharna Burgess,Actor/Actress,California,United States,48,Eliminated Week 4,13,4,False,False,10,4.0,4.0,True,12.5,0.06375838926174497
30,Brian Austin Green,4,26.0,6.5,4,True,Sharna Burgess,Actor/Actress,California,United States,48,Eliminated Week 4,13,4,False,False,10,4.0,4.0,True,13.0,0.06235011990407674
30,Brian Austin Green,5,,,0,False,Sharna Burgess,Actor/Actress,California,United States,48,Eliminated Week 4,13,4,False,False,10,4.0,4.0,False,,
30,Brian Austin Green,6,,,0,False,Sharna Burgess,Actor/Actress,California,United States,48,Eliminated Week 4,13,4,False,False,10,4.0,4.0,False,,
30,Brian Austin Green,7,,,0,False,Sharna Burgess,Actor/Actress,California,United States,48,Eliminated Week 4,13,4,False,False,10,4.0,4.0,False,,
30,Brian Austin Green,8,,,0,False,Sharna Burgess,Actor/Actress,California,United States,48,Eliminated Week 4,13,4,False,False,10,4.0,4.0,False,,
30,Brian Austin Green,9,,,0,False,Sharna Burgess,Actor/Actress,California,United States,48,Eliminated Week 4,13,4,False,False,10,4.0,4.0,False,,
30,Brian Austin Green,10,,,0,False,Sharna Burgess,Actor/Actress,California,United States,48,Eliminated Week 4,13,4,False,False,10,4.0,4.0,False,,
30,Christine Chiu,1,25.0,6.25,4,True,Pasha Pashkov,TV Personality,,Taiwan China,38,Eliminated Week 3,14,3,False,False,10,3.0,3.0,True,7.5,0.06830601092896176
30,Christine Chiu,2,24.0,6.0,4,True,Pasha Pashkov,TV Personality,,Taiwan China,38,Eliminated Week 3,14,3,False,False,10,3.0,3.0,True,11.0,0.06233766233766234
30,Christine Chiu,3,21.0,7.0,3,True,Pasha Pashkov,TV Personality,,Taiwan China,38,Eliminated Week 3,14,3,False,False,10,3.0,3.0,True,8.0,0.07046979865771812
30,Christine Chiu,4,,,0,False,Pasha Pashkov,TV Personality,,Taiwan China,38,Eliminated Week 3,14,3,False,False,10,3.0,3.0,False,,
30,Christine Chiu,5,,,0,False,Pasha Pashkov,TV Personality,,Taiwan China,38,Eliminated Week 3,14,3,False,False,10,3.0,3.0,False,,
30,Christine Chiu,6,,,0,False,Pasha Pashkov,TV Personality,,Taiwan China,38,Eliminated Week 3,14,3,False,False,10,3.0,3.0,False,,
30,Christine Chiu,7,,,0,False,Pasha Pashkov,TV Personality,,Taiwan China,38,Eliminated Week 3,14,3,False,False,10,3.0,3.0,False,,
30,Christine Chiu,8,,,0,False,Pasha Pashkov,TV Personality,,Taiwan China,38,Eliminated Week 3,14,3,False,False,10,3.0,3.0,False,,
30,Christine Chiu,9,,,0,False,Pasha Pashkov,TV Personality,,Taiwan China,38,Eliminated Week 3,14,3,False,False,10,3.0,3.0,False,,
30,Christine Chiu,10,,,0,False,Pasha Pashkov,TV Personality,,Taiwan China,38,Eliminated Week 3,14,3,False,False,10,3.0,3.0,False,,
30,Cody Rigsby,1,24.0,6.0,4,True,Cheryl Burke,Fitness Instructor,California,United States,34,3rd Place,3,,False,True,10,10.0,10.0,True,10.5,0.06557377049180328
30,Cody Rigsby,2,24.0,6.0,4,True,Cheryl Burke,Fitness Instructor,California,United States,34,3rd Place,3,,False,True,10,10.0,10.0,True,11.0,0.06233766233766234
30,Cody Rigsby,3,18.0,6.0,3,True,Cheryl Burke,Fitness Instructor,California,United States,34,3rd Place,3,,False,True,10,10.0,10.0,True,14.0,0.06040268456375839
30,Cody Rigsby,4,29.0,7.25,4,True,Cheryl Burke,Fitness Instructor,California,United States,34,3rd Place,3,,False,True,10,10.0,10.0,True,11.0,0.06954436450839328
30,Cody Rigsby,5,32.0,8.0,4,True,Cheryl Burke,Fitness Instructor,California,United States,34,3rd Place,3,,False,True,10,10.0,10.0,True,9.5,0.08311688311688312
30,Cody Rigsby,6,36.0,9.0,4,True,Cheryl Burke,Fitness Instructor,California,United States,34,3rd Place,3,,False,True,10,10.0,10.0,True,6.0,0.0989010989010989
30,Cody Rigsby,7,36.0,9.0,4,True,Cheryl Burke,Fitness Instructor,California,United States,34,3rd Place,3,,False,True,10,10.0,10.0,True,5.0,0.11009174311926606
30,Cody Rigsby,8,38.0,9.5,4,True,Cheryl Burke,Fitness Instructor,California,United States,34,3rd Place,3,,False,True,10,10.0,10.0,True,5.0,0.12337662337662338
30,Cody Rigsby,9,35.5,8.875,4,True,Cheryl Burke,Fitness Instructor,California,United States,34,3rd Place,3,,False,True,10,10.0,10.0,True,6.0,0.1570796460176991
30,Cody Rigsby,10,38.0,9.5,4,True,Cheryl Burke,Fitness Instructor,California,United States,34,3rd Place,3,,False,True,10,10.0,10.0,True,4.0,0.24203821656050956
30,Iman Shumpert,1,21.0,5.25,4,True,Daniella Karagach,Athlete,Illinois,United States,31,1st Place,1,,False,True,10,10.0,10.0,True,14.0,0.05737704918032787
30,Iman Shumpert,2,25.0,6.25,4,True,Daniella Karagach,Athlete,Illinois,United States,31,1st Place,1,,False,True,10,10.0,10.0,True,9.0,0.06493506493506493
30,Iman Shumpert,3,19.0,6.333333333333333,3,True,Daniella Karagach,Athlete,Illinois,United States,31,1st Place,1,,False,True,10,10.0,10.0,True,12.5,0.06375838926174497
30,Iman Shumpert,4,31.5,7.875,4,True,Daniella Karagach,Athlete,Illinois,United States,31,1st Place,1,,False,True,10,10.0,10.0,True,9.0,0.07553956834532374
30,Iman Shumpert,5,28.0,7.0,4,True,Daniella Karagach,Athlete,Illinois,United States,31,1st Place,1,,False,True,10,10.0,10.0,True,11.0,0.07272727272727272
30,Iman Shumpert,6,40.0,10.0,4,True,Daniella Karagach,Athlete,Illinois,United States,31,1st Place,1,,False,True,10,10.0,10.0,True,1.5,0.10989010989010989
30,Iman Shumpert,7,34.0,8.5,4,True,Daniella Karagach,Athlete,Illinois,United States,31,1st Place,1,,False,True,10,10.0,10.0,True,7.0,0.10397553516819572
30,Iman Shumpert,8,35.0,8.75,4,True,Daniella Karagach,Athlete,Illinois,United States,31,1st Place,1,,False,True,10,10.0,10.0,True,7.0,0.11363636363636363
30,Iman Shumpert,9,37.5,9.375,4,True,Daniella Karagach,Athlete,Illinois,United States,31,1st Place,1,,False,True,10,10.0,10.0,True,3.5,0.16592920353982302
30,Iman Shumpert,10,40.0,10.0,4,True,Daniella Karagach,Athlete,Illinois,United States,31,1st Place,1,,False,True,10,10.0,10.0,True,1.5,0.25477707006369427
30,Jimmie Allen,1,22.0,5.5,4,True,Emma Slater,Singer/Rapper,Delaware,United States,36,Eliminated Week 8,7,8,False,False,10,8.0,8.0,True,13.0,0.060109289617486336
30,Jimmie Allen,2,27.0,6.75,4,True,Emma Slater,Singer/Rapper,Delaware,United States,36,Eliminated Week 8,7,8,False,False,10,8.0,8.0,True,6.0,0.07012987012987013
30,Jimmie Allen,3,20.0,6.666666666666667,3,True,Emma Slater,Singer/Rapper,Delaware,United States,36,Eliminated Week 8,7,8,False,False,10,8.0,8.0,True,10.5,0.06711409395973154
30,Jimmie Allen,4,32.5,8.125,4,True,Emma Slater,Singer/Rapper,Delaware,United States,36,Eliminated Week 8,7,8,False,False,10,8.0,8.0,True,7.5,0.07793764988009592
30,Jimmie Allen,5,34.0,8.5,4,True,Emma Slater,Singer/Rapper,Delaware,United States,36,Eliminated Week 8,7,8,False,False,10,8.0,8.0,True,8.0,0.08831168831168831
30,Jimmie Allen,6,38.0,9.5,4,True,Emma Slater,Singer/Rapper,Delaware,United States,36,Eliminated Week 8,7,8,False,False,10,8.0,8.0,True,3.5,0.1043956043956044
30,Jimmie Allen,7,38.0,9.5,4,True,Emma Slater,Singer/Rapper,Delaware,United States,36,Eliminated Week 8,7,8,False,False,10,8.0,8.0,True,3.5,0.1162079510703364
30,Jimmie Allen,8,32.0,8.0,4,True,Emma Slater,Singer/Rapper,Delaware,United States,36,Eliminated Week 8,7,8,False,False,10,8.0,8.0,True,8.0,0.1038961038961039
30,Jimmie Allen,9,,,0,False,Emma Slater,Singer/Rapper,Delaware,United States,36,Eliminated Week 8,7,8,False,False,10,8.0,8.0,False,,
30,Jimmie Allen,10,,,0,False,Emma Slater,Singer/Rapper,Delaware,United States,36,Eliminated Week 8,7,8,False,False,10,8.0,8.0,False,,
30,JoJo Siwa,1,29.0,7.25,4,True,Jenna Johnson,Social Media Personality,Nebraska,United States,18,2nd Place,2,,False,True,10,10.0,10.0,True,1.0,0.07923497267759563
30,JoJo Siwa,2,31.0,7.75,4,True,Jenna Johnson,Social Media Personality,Nebraska,United States,18,2nd Place,2,,False,True,10,10.0,10.0,True,2.0,0.08051948051948052
30,JoJo Siwa,3,24.0,8.0,3,True,Jenna Johnson,Social Media Personality,Nebraska,United States,18,2nd Place,2,,False,True,10,10.0,10.0,True,2.0,0.08053691275167785
30,JoJo Siwa,4,35.0,8.75,4,True,Jenna Johnson,Social Media Personality,Nebraska,United States,18,2nd Place,2,,False,True,10,10.0,10.0,True,2.5,0.08393285371702638
30,JoJo Siwa,5,40.0,10.0,4,True,Jenna Johnson,Social Media Personality,Nebraska,United States,18,2nd Place,2,,False,True,10,10.0,10.0,True,1.0,0.1038961038961039
30,JoJo Siwa,6,40.0,10.0,4,True,Jenna Johnson,Social Media Personality,Nebraska,United States,18,2nd Place,2,,False,True,10,10.0,10.0,True,1.5,0.10989010989010989
30,JoJo Siwa,7,39.0,9.75,4,True,Jenna Johnson,Social Media Personality,Nebraska,United States,18,2nd Place,2,,False,True,10,10.0,10.0,True,2.0,0.11926605504587157
30,JoJo Siwa,8,41.0,10.25,4,True,Jenna Johnson,Social Media Personality,Nebraska,United States,18,2nd Place,2,,False,True,10,10.0,10.0,True,4.0,0.1331168831168831
30,JoJo Siwa,9,40.0,10.0,4,True,Jenna Johnson,Social Media Personality,Nebraska,United States,18,2nd Place,2,,False,True,10,10.0,10.0,True,1.0,0.17699115044247787
30,JoJo Siwa,10,40.0,10.0,4,True,Jenna Johnson,Social Media Personality,Nebraska,United States,18,2nd Place,2,,False,True,10,10.0,10.0,True,1.5,0.25477707006369427
30,Kenya Moore,1,26.0,6.5,4,True,Brandon Armstrong,TV Personality,Michigan,United States,50,Eliminated Week 6,10,6,False,False,10,6.0,6.0,True,5.5,0.07103825136612021
30,Kenya Moore,2,24.0,6.0,4,True,Brandon Armstrong,TV Personality,Michigan,United States,50,Eliminated Week 6,10,6,False,False,10,6.0,6.0,True,11.0,0.06233766233766234
30,Kenya Moore,3,21.0,7.0,3,True,Brandon Armstrong,TV Personality,Michigan,United States,50,Eliminated Week 6,10,6,False,False,10,6.0,6.0,True,8.0,0.07046979865771812
30,Kenya Moore,4,29.5,7.375,4,True,Brandon Armstrong,TV Personality,Michigan,United States,50,Eliminated Week 6,10,6,False,False,10,6.0,6.0,True,10.0,0.07074340527577938
30,Kenya Moore,5,36.0,9.0,4,True,Brandon Armstrong,TV Personality,Michigan,United States,50,Eliminated Week 6,10,6,False,False,10,6.0,6.0,True,5.0,0.09350649350649351
30,Kenya Moore,6,32.0,8.0,4,True,Brandon Armstrong,TV Personality,Michigan,United States,50,Eliminated Week 6,10,6,False,False,10,6.0,6.0,True,10.0,0.08791208791208792
30,Kenya Moore,7,,,0,False,Brandon Armstrong,TV Personality,Michigan,United States,50,Eliminated Week 6,10,6,False,False,10,6.0,6.0,False,,
30,Kenya Moore,8,,,0,False,Brandon Armstrong,TV Personality,Michigan,United States,50,Eliminated Week 6,10,6,False,False,10,6.0,6.0,False,,
30,Kenya Moore,9,,,0,False,Brandon Armstrong,TV Personality,Michigan,United States,50,Eliminated Week 6,10,6,False,False,10,6.0,6.0,False,,
30,Kenya Moore,10,,,0,False,Brandon Armstrong,TV Personality,Michigan,United States,50,Eliminated Week 6,10,6,False,False,10,6.0,6.0,False,,
30,Martin Kove,1,13.0,3.25,4,True,Britt Stewart,Actor/Actress,New York,United States,75,Eliminated Week 2,15,2,False,False,10,2.0,2.0,True,15.0,0.03551912568306011
30,Martin Kove,2,15.0,3.75,4,True,Britt Stewart,Actor/Actress,New York,United States,75,Eliminated Week 2,15,2,False,False,10,2.0,2.0,True,15.0,0.03896103896103896
30,Martin Kove,3,,,0,False,Britt Stewart,Actor/Actress,New York,United States,75,Eliminated Week 2,15,2,False,False,10,2.0,2.0,False,,
30,Martin Kove,4,,,0,False,Britt Stewart,Actor/Actress,New York,United States,75,Eliminated Week 2,15,2,False,False,10,2.0,2.0,False,,
30,Martin Kove,5,,,0,False,Britt Stewart,Actor/Actress,New York,United States,75,Eliminated Week 2,15,2,False,False,10,2.0,2.0,False,,
30,Martin Kove,6,,,0,False,Britt Stewart,Actor/Actress,New York,United States,75,Eliminated Week 2,15,2,False,False,10,2.0,2.0,False,,
30,Martin Kove,7,,,0,False,Britt Stewart,Actor/Actress,New York,United States,75,Eliminated Week 2,15,2,False,False,10,2.0,2.0,False,,
30,Martin Kove,8,,,0,False,Britt Stewart,Actor/Actress,New York,United States,75,Eliminated Week 2,15,2,False,False,10,2.0,2.0,False,,
30,Martin Kove,9,,,0,False,Britt Stewart,Actor/Actress,New York,United States,75,Eliminated Week 2,15,2,False,False,10,2.0,2.0,False,,
30,Martin Kove,10,,,0,False,Britt Stewart,Actor/Actress,New York,United States,75,Eliminated Week 2,15,2,False,False,10,2.0,2.0,False,,
30,Matt James,1,24.0,6.0,4,True,Lindsay Arnold,Athlete,North Carolina,United States,29,Eliminated Week 4,12,4,False,False,10,4.0,4.0,True,10.5,0.06557377049180328
30,Matt James,2,22.0,5.5,4,True,Lindsay Arnold,Athlete,North Carolina,United States,29,Eliminated Week 4,12,4,False,False,10,4.0,4.0,True,14.0,0.05714285714285714
30,Matt James,3,20.0,6.666666666666667,3,True,Lindsay Arnold,Athlete,North Carolina,United States,29,Eliminated Week 4,12,4,False,False,10,4.0,4.0,True,10.5,0.06711409395973154
30,Matt James,4,28.5,7.125,4,True,Lindsay Arnold,Athlete,North Carolina,United States,29,Eliminated Week 4,12,4,False,False,10,4.0,4.0,True,12.0,0.0683453237410072
30,Matt James,5,,,0,False,Lindsay Arnold,Athlete,North Carolina,United States,29,Eliminated Week 4,12,4,False,False,10,4.0,4.0,False,,
30,Matt James,6,,,0,False,Lindsay Arnold,Athlete,North Carolina,United States,29,Eliminated Week 4,12,4,False,False,10,4.0,4.0,False,,
30,Matt James,7,,,0,False,Lindsay Arnold,Athlete,North Carolina,United States,29,Eliminated Week 4,12,4,False,False,10,4.0,4.0,False,,
30,Matt James,8,,,0,False,Lindsay Arnold,Athlete,North Carolina,United States,29,Eliminated Week 4,12,4,False,False,10,4.0,4.0,False,,
30,Matt James,9,,,0,False,Lindsay Arnold,Athlete,North Carolina,United States,29,Eliminated Week 4,12,4,False,False,10,4.0,4.0,False,,
30,Matt James,10,,,0,False,Lindsay Arnold,Athlete,North Carolina,United States,29,Eliminated Week 4,12,4,False,False,10,4.0,4.0,False,,
30,Melanie C,1,27.0,6.75,4,True,Gleb Savchenko,Singer/Rapper,,England,47,Eliminated Week 5,11,5,False,False,10,5.0,5.0,True,4.0,0.07377049180327869
30,Melanie C,2,30.0,7.5,4,True,Gleb Savchenko,Singer/Rapper,,England,47,Eliminated Week 5,11,5,False,False,10,5.0,5.0,True,3.0,0.07792207792207792
30,Melanie C,3,22.0,7.333333333333333,3,True,Gleb Savchenko,Singer/Rapper,,England,47,Eliminated Week 5,11,5,False,False,10,5.0,5.0,True,5.5,0.0738255033557047
30,Melanie C,4,33.0,8.25,4,True,Gleb Savchenko,Singer/Rapper,,England,47,Eliminated Week 5,11,5,False,False,10,5.0,5.0,True,6.0,0.07913669064748201
30,Melanie C,5,36.0,9.0,4,True,Gleb Savchenko,Singer/Rapper,,England,47,Eliminated Week 5,11,5,False,False,10,5.0,5.0,True,5.0,0.09350649350649351
30,Melanie C,6,,,0,False,Gleb Savchenko,Singer/Rapper,,England,47,Eliminated Week 5,11,5,False,False,10,5.0,5.0,False,,
30,Melanie C,7,,,0,False,Gleb Savchenko,Singer/Rapper,,England,47,Eliminated Week 5,11,5,False,False,10,5.0,5.0,False,,
30,Melanie C,8,,,0,False,Gleb Savchenko,Singer/Rapper,,England,47,Eliminated Week 5,11,5,False,False,10,5.0,5.0,False,,
30,Melanie C,9,,,0,False,Gleb Savchenko,Singer/Rapper,,England,47,Eliminated Week 5,11,5,False,False,10,5.0,5.0,False,,
30,Melanie C,10,,,0,False,Gleb Savchenko,Singer/Rapper,,England,47,Eliminated Week 5,11,5,False,False,10,5.0,5.0,False,,
30,Melora Hardin,1,26.0,6.5,4,True,Artem Chigvintsev,Actor/Actress,Texas,United States,54,Eliminated Week 9,6,9,False,False,10,9.0,9.0,True,5.5,0.07103825136612021
30,Melora Hardin,2,27.0,6.75,4,True,Artem Chigvintsev,Actor/Actress,Texas,United States,54,Eliminated Week 9,6,9,False,False,10,9.0,9.0,True,6.0,0.07012987012987013
30,Melora Hardin,3,23.0,7.666666666666667,3,True,Artem Chigvintsev,Actor/Actress,Texas,United States,54,Eliminated Week 9,6,9,False,False,10,9.0,9.0,True,4.0,0.07718120805369127
30,Melora Hardin,4,36.5,9.125,4,True,Artem Chigvintsev,Actor/Actress,Texas,United States,54,Eliminated Week 9,6,9,False,False,10,9.0,9.0,True,1.0,0.08752997601918465
30,Melora Hardin,5,36.0,9.0,4,True,Artem Chigvintsev,Actor/Actress,Texas,United States,54,Eliminated Week 9,6,9,False,False,10,9.0,9.0,True,5.0,0.09350649350649351
30,Melora Hardin,6,34.0,8.5,4,True,Artem Chigvintsev,Actor/Actress,Texas,United States,54,Eliminated Week 9,6,9,False,False,10,9.0,9.0,True,8.5,0.09340659340659341
30,Melora Hardin,7,38.0,9.5,4,True,Artem Chigvintsev,Actor/Actress,Texas,United States,54,Eliminated Week 9,6,9,False,False,10,9.0,9.0,True,3.5,0.1162079510703364
30,Melora Hardin,8,42.0,10.5,4,True,Artem Chigvintsev,Actor/Actress,Texas,United States,54,Eliminated Week 9,6,9,False,False,10,9.0,9.0,True,2.0,0.13636363636363635
30,Melora Hardin,9,36.0,9.0,4,True,Artem Chigvintsev,Actor/Actress,Texas,United States,54,Eliminated Week 9,6,9,False,False,10,9.0,9.0,True,5.0,0.1592920353982301
30,Melora Hardin,10,,,0,False,Artem Chigvintsev,Actor/Actress,Texas,United States,54,Eliminated Week 9,6,9,False,False,10,9.0,9.0,False,,
30,"Mike ""The Miz"" Mizanin",1,24.0,6.0,4,True,Witney Carson,Athlete,Ohio,United States,40,Eliminated Week 7,9,7,False,False,10,7.0,7.0,True,10.5,0.06557377049180328
30,"Mike ""The Miz"" Mizanin",2,26.0,6.5,4,True,Witney Carson,Athlete,Ohio,United States,40,Eliminated Week 7,9,7,False,False,10,7.0,7.0,True,8.0,0.06753246753246753
30,"Mike ""The Miz"" Mizanin",3,22.0,7.333333333333333,3,True,Witney Carson,Athlete,Ohio,United States,40,Eliminated Week 7,9,7,False,False,10,7.0,7.0,True,5.5,0.0738255033557047
30,"Mike ""The Miz"" Mizanin",4,32.5,8.125,4,True,Witney Carson,Athlete,Ohio,United States,40,Eliminated Week 7,9,7,False,False,10,7.0,7.0,True,7.5,0.07793764988009592
30,"Mike ""The Miz"" Mizanin",5,32.0,8.0,4,True,Witney Carson,Athlete,Ohio,United States,40,Eliminated Week 7,9,7,False,False,10,7.0,7.0,True,9.5,0.08311688311688312
30,"Mike ""The Miz"" Mizanin",6,34.0,8.5,4,True,Witney Carson,Athlete,Ohio,United States,40,Eliminated Week 7,9,7,False,False,10,7.0,7.0,True,8.5,0.09340659340659341
30,"Mike ""The Miz"" Mizanin",7,32.0,8.0,4,True,Witney Carson,Athlete,Ohio,United States,40,Eliminated Week 7,9,7,False,False,10,7.0,7.0,True,9.0,0.09785932721712538
30,"Mike ""The Miz"" Mizanin",8,,,0,False,Witney Carson,Athlete,Ohio,United States,40,Eliminated Week 7,9,7,False,False,10,7.0,7.0,False,,
30,"Mike ""The Miz"" Mizanin",9,,,0,False,Witney Carson,Athlete,Ohio,United States,40,Eliminated Week 7,9,7,False,False,10,7.0,7.0,False,,
30,"Mike ""The Miz"" Mizanin",10,,,0,False,Witney Carson,Athlete,Ohio,United States,40,Eliminated Week 7,9,7,False,False,10,7.0,7.0,False,,
30,Olivia Jade,1,25.0,6.25,4,True,Valentin Chmerkovskiy,Social Media Personality,California,United States,21,Eliminated Week 8,8,8,False,False,10,8.0,8.0,True,7.5,0.06830601092896176
30,Olivia Jade,2,27.0,6.75,4,True,Valentin Chmerkovskiy,Social Media Personality,California,United States,21,Eliminated Week 8,8,8,False,False,10,8.0,8.0,True,6.0,0.07012987012987013
30,Olivia Jade,3,24.0,8.0,3,True,Valentin Chmerkovskiy,Social Media Personality,California,United States,21,Eliminated Week 8,8,8,False,False,10,8.0,8.0,True,2.0,0.08053691275167785
30,Olivia Jade,4,35.0,8.75,4,True,Valentin Chmerkovskiy,Social Media Personality,California,United States,21,Eliminated Week 8,8,8,False,False,10,8.0,8.0,True,2.5,0.08393285371702638
30,Olivia Jade,5,36.0,9.0,4,True,Valentin Chmerkovskiy,Social Media Personality,California,United States,21,Eliminated Week 8,8,8,False,False,10,8.0,8.0,True,5.0,0.09350649350649351
30,Olivia Jade,6,36.0,9.0,4,True,Valentin Chmerkovskiy,Social Media Personality,California,United States,21,Eliminated Week 8,8,8,False,False,10,8.0,8.0,True,6.0,0.0989010989010989
30,Olivia Jade,7,42.0,10.5,4,True,Valentin Chmerkovskiy,Social Media Personality,California,United States,21,Eliminated Week 8,8,8,False,False,10,8.0,8.0,True,1.0,0.12844036697247707
30,Olivia Jade,8,36.0,9.0,4,True,Valentin Chmerkovskiy,Social Media Personality,California,United States,21,Eliminated Week 8,8,8,False,False,10,8.0,8.0,True,6.0,0.11688311688311688
30,Olivia Jade,9,,,0,False,Valentin Chmerkovskiy,Social Media Personality,California,United States,21,Eliminated Week 8,8,8,False,False,10,8.0,8.0,False,,
30,Olivia Jade,10,,,0,False,Valentin Chmerkovskiy,Social Media Personality,California,United States,21,Eliminated Week 8,8,8,False,False,10,8.0,8.0,False,,
30,Suni Lee,1,28.0,7.0,4,True,Sasha Farber,Athlete,Minnesota,United States,18,Eliminated Week 9,5,9,False,False,10,9.0,9.0,True,2.5,0.07650273224043716
30,Suni Lee,2,28.0,7.0,4,True,Sasha Farber,Athlete,Minnesota,United States,18,Eliminated Week 9,5,9,False,False,10,9.0,9.0,True,4.0,0.07272727272727272
30,Suni Lee,3,21.0,7.0,3,True,Sasha Farber,Athlete,Minnesota,United States,18,Eliminated Week 9,5,9,False,False,10,9.0,9.0,True,8.0,0.07046979865771812
30,Suni Lee,4,34.0,8.5,4,True,Sasha Farber,Athlete,Minnesota,United States,18,Eliminated Week 9,5,9,False,False,10,9.0,9.0,True,4.5,0.0815347721822542
30,Suni Lee,5,36.0,9.0,4,True,Sasha Farber,Athlete,Minnesota,United States,18,Eliminated Week 9,5,9,False,False,10,9.0,9.0,True,5.0,0.09350649350649351
30,Suni Lee,6,36.0,9.0,4,True,Sasha Farber,Athlete,Minnesota,United States,18,Eliminated Week 9,5,9,False,False,10,9.0,9.0,True,6.0,0.0989010989010989
30,Suni Lee,7,34.0,8.5,4,True,Sasha Farber,Athlete,Minnesota,United States,18,Eliminated Week 9,5,9,False,False,10,9.0,9.0,True,7.0,0.10397553516819572
30,Suni Lee,8,42.0,10.5,4,True,Sasha Farber,Athlete,Minnesota,United States,18,Eliminated Week 9,5,9,False,False,10,9.0,9.0,True,2.0,0.13636363636363635
30,Suni Lee,9,37.5,9.375,4,True,Sasha Farber,Athlete,Minnesota,United States,18,Eliminated Week 9,5,9,False,False,10,9.0,9.0,True,3.5,0.16592920353982302
30,Suni Lee,10,,,0,False,Sasha Farber,Athlete,Minnesota,United States,18,Eliminated Week 9,5,9,False,False,10,9.0,9.0,False,,
31,Charli D'Amelio,1,32.0,8.0,4,True,Mark Ballas,Social Media Personality,Connecticut,United States,18,1st Place,1,,False,True,10,10.0,10.0,True,1.0,0.08376963350785341
31,Charli D'Amelio,2,32.0,8.0,4,True,Mark Ballas,Social Media Personality,Connecticut,United States,18,1st Place,1,,False,True,10,10.0,10.0,True,2.0,0.07766990291262135
31,Charli D'Amelio,3,33.0,8.25,4,True,Mark Ballas,Social Media Personality,Connecticut,United States,18,1st Place,1,,False,True,10,10.0,10.0,True,2.0,0.08188585607940446
31,Charli D'Amelio,4,36.0,9.0,4,True,Mark Ballas,Social Media Personality,Connecticut,United States,18,1st Place,1,,False,True,10,10.0,10.0,True,2.0,0.08780487804878048
31,Charli D'Amelio,5,42.0,10.5,4,True,Mark Ballas,Social Media Personality,Connecticut,United States,18,1st Place,1,,False,True,10,10.0,10.0,True,1.0,0.09364548494983277
31,Charli D'Amelio,6,40.0,10.0,4,True,Mark Ballas,Social Media Personality,Connecticut,United States,18,1st Place,1,,False,True,10,10.0,10.0,True,1.0,0.11594202898550725
31,Charli D'Amelio,7,39.0,9.75,4,True,Mark Ballas,Social Media Personality,Connecticut,United States,18,1st Place,1,,False,True,10,10.0,10.0,True,1.5,0.11981566820276497
31,Charli D'Amelio,8,45.0,11.25,4,True,Mark Ballas,Social Media Personality,Connecticut,United States,18,1st Place,1,,False,True,10,10.0,10.0,True,1.5,0.14331210191082802
31,Charli D'Amelio,9,40.0,10.0,4,True,Mark Ballas,Social Media Personality,Connecticut,United States,18,1st Place,1,,False,True,10,10.0,10.0,True,1.5,0.18181818181818182
31,Charli D'Amelio,10,40.0,10.0,4,True,Mark Ballas,Social Media Personality,Connecticut,United States,18,1st Place,1,,False,True,10,10.0,10.0,True,1.5,0.2564102564102564
31,Cheryl Ladd,1,21.0,5.25,4,True,Louis van Amstel,Actor/Actress,South Dakota,United States,71,Eliminated Week 3,14,3,False,False,10,3.0,3.0,True,10.5,0.0549738219895288
31,Cheryl Ladd,2,21.0,5.25,4,True,Louis van Amstel,Actor/Actress,South Dakota,United States,71,Eliminated Week 3,14,3,False,False,10,3.0,3.0,True,15.0,0.050970873786407765
31,Cheryl Ladd,3,24.0,6.0,4,True,Louis van Amstel,Actor/Actress,South Dakota,United States,71,Eliminated Week 3,14,3,False,False,10,3.0,3.0,True,13.0,0.05955334987593052
31,Cheryl Ladd,4,,,0,False,Louis van Amstel,Actor/Actress,South Dakota,United States,71,Eliminated Week 3,14,3,False,False,10,3.0,3.0,False,,
31,Cheryl Ladd,5,,,0,False,Louis van Amstel,Actor/Actress,South Dakota,United States,71,Eliminated Week 3,14,3,False,False,10,3.0,3.0,False,,
31,Cheryl Ladd,6,,,0,False,Louis van Amstel,Actor/Actress,South Dakota,United States,71,Eliminated Week 3,14,3,False,False,10,3.0,3.0,False,,
31,Cheryl Ladd,7,,,0,False,Louis van Amstel,Actor/Actress,South Dakota,United States,71,Eliminated Week 3,14,3,False,False,10,3.0,3.0,False,,
31,Cheryl Ladd,8,,,0,False,Louis van Amstel,Actor/Actress,South Dakota,United States,71,Eliminated Week 3,14,3,False,False,10,3.0,3.0,False,,
31,Cheryl Ladd,9,,,0,False,Louis van Amstel,Actor/Actress,South Dakota,United States,71,Eliminated Week 3,14,3,False,False,10,3.0,3.0,False,,
31,Cheryl Ladd,10,,,0,False,Louis van Amstel,Actor/Actress,South Dakota,United States,71,Eliminated Week 3,14,3,False,False,10,3.0,3.0,False,,
31,Daniel Durant,1,27.0,6.75,4,True,Britt Stewart,Actor/Actress,Michigan,United States,32,Eliminated Week 9,5,9,False,False,10,9.0,9.0,True,6.0,0.07068062827225131
31,Daniel Durant,2,29.0,7.25,4,True,Britt Stewart,Actor/Actress,Michigan,United States,32,Eliminated Week 9,5,9,False,False,10,9.0,9.0,True,5.0,0.0703883495145631
31,Daniel Durant,3,31.0,7.75,4,True,Britt Stewart,Actor/Actress,Michigan,United States,32,Eliminated Week 9,5,9,False,False,10,9.0,9.0,True,5.0,0.07692307692307693
31,Daniel Durant,4,29.0,7.25,4,True,Britt Stewart,Actor/Actress,Michigan,United States,32,Eliminated Week 9,5,9,False,False,10,9.0,9.0,True,9.5,0.07073170731707316
31,Daniel Durant,5,33.5,8.375,4,True,Britt Stewart,Actor/Actress,Michigan,United States,32,Eliminated Week 9,5,9,False,False,10,9.0,9.0,True,11.0,0.07469342251950947
31,Daniel Durant,6,34.0,8.5,4,True,Britt Stewart,Actor/Actress,Michigan,United States,32,Eliminated Week 9,5,9,False,False,10,9.0,9.0,True,6.5,0.09855072463768116
31,Daniel Durant,7,36.5,9.125,4,True,Britt Stewart,Actor/Actress,Michigan,United States,32,Eliminated Week 9,5,9,False,False,10,9.0,9.0,True,4.5,0.11213517665130568
31,Daniel Durant,8,39.0,9.75,4,True,Britt Stewart,Actor/Actress,Michigan,United States,32,Eliminated Week 9,5,9,False,False,10,9.0,9.0,True,5.5,0.12420382165605096
31,Daniel Durant,9,34.5,8.625,4,True,Britt Stewart,Actor/Actress,Michigan,United States,32,Eliminated Week 9,5,9,False,False,10,9.0,9.0,True,5.0,0.15681818181818183
31,Daniel Durant,10,,,0,False,Britt Stewart,Actor/Actress,Michigan,United States,32,Eliminated Week 9,5,9,False,False,10,9.0,9.0,False,,
31,Gabby Windey,1,28.0,7.0,4,True,Valentin Chmerkovskiy,TV Personality,Illinois,United States,31,2nd Place,2,,False,True,10,10.0,10.0,True,4.0,0.07329842931937172
31,Gabby Windey,2,32.0,8.0,4,True,Valentin Chmerkovskiy,TV Personality,Illinois,United States,31,2nd Place,2,,False,True,10,10.0,10.0,True,2.0,0.07766990291262135
31,Gabby Windey,3,33.0,8.25,4,True,Valentin Chmerkovskiy,TV Personality,Illinois,United States,31,2nd Place,2,,False,True,10,10.0,10.0,True,2.0,0.08188585607940446
31,Gabby Windey,4,36.0,9.0,4,True,Valentin Chmerkovskiy,TV Personality,Illinois,United States,31,2nd Place,2,,False,True,10,10.0,10.0,True,2.0,0.08780487804878048
31,Gabby Windey,5,41.0,10.25,4,True,Valentin Chmerkovskiy,TV Personality,Illinois,United States,31,2nd Place,2,,False,True,10,10.0,10.0,True,2.5,0.09141583054626533
31,Gabby Windey,6,37.0,9.25,4,True,Valentin Chmerkovskiy,TV Personality,Illinois,United States,31,2nd Place,2,,False,True,10,10.0,10.0,True,2.0,0.1072463768115942
31,Gabby Windey,7,35.5,8.875,4,True,Valentin Chmerkovskiy,TV Personality,Illinois,United States,31,2nd Place,2,,False,True,10,10.0,10.0,True,6.0,0.10906298003072197
31,Gabby Windey,8,40.0,10.0,4,True,Valentin Chmerkovskiy,TV Personality,Illinois,United States,31,2nd Place,2,,False,True,10,10.0,10.0,True,4.0,0.12738853503184713
31,Gabby Windey,9,40.0,10.0,4,True,Valentin Chmerkovskiy,TV Personality,Illinois,United States,31,2nd Place,2,,False,True,10,10.0,10.0,True,1.5,0.18181818181818182
31,Gabby Windey,10,40.0,10.0,4,True,Valentin Chmerkovskiy,TV Personality,Illinois,United States,31,2nd Place,2,,False,True,10,10.0,10.0,True,1.5,0.2564102564102564
31,Heidi D'Amelio,1,24.0,6.0,4,True,Artem Chigvintsev,Social Media Personality,Louisiana,United States,50,Eliminated Week 8,8,8,False,False,10,8.0,8.0,True,8.0,0.06282722513089005
31,Heidi D'Amelio,2,28.0,7.0,4,True,Artem Chigvintsev,Social Media Personality,Louisiana,United States,50,Eliminated Week 8,8,8,False,False,10,8.0,8.0,True,7.0,0.06796116504854369
31,Heidi D'Amelio,3,32.0,8.0,4,True,Artem Chigvintsev,Social Media Personality,Louisiana,United States,50,Eliminated Week 8,8,8,False,False,10,8.0,8.0,True,4.0,0.0794044665012407
31,Heidi D'Amelio,4,34.0,8.5,4,True,Artem Chigvintsev,Social Media Personality,Louisiana,United States,50,Eliminated Week 8,8,8,False,False,10,8.0,8.0,True,4.5,0.08292682926829269
31,Heidi D'Amelio,5,39.0,9.75,4,True,Artem Chigvintsev,Social Media Personality,Louisiana,United States,50,Eliminated Week 8,8,8,False,False,10,8.0,8.0,True,5.0,0.08695652173913043
31,Heidi D'Amelio,6,36.0,9.0,4,True,Artem Chigvintsev,Social Media Personality,Louisiana,United States,50,Eliminated Week 8,8,8,False,False,10,8.0,8.0,True,3.5,0.10434782608695652
31,Heidi D'Amelio,7,35.0,8.75,4,True,Artem Chigvintsev,Social Media Personality,Louisiana,United States,50,Eliminated Week 8,8,8,False,False,10,8.0,8.0,True,7.0,0.10752688172043011
31,Heidi D'Amelio,8,35.0,8.75,4,True,Artem Chigvintsev,Social Media Personality,Louisiana,United States,50,Eliminated Week 8,8,8,False,False,10,8.0,8.0,True,7.0,0.11146496815286625
31,Heidi D'Amelio,9,,,0,False,Artem Chigvintsev,Social Media Personality,Louisiana,United States,50,Eliminated Week 8,8,8,False,False,10,8.0,8.0,False,,
31,Heidi D'Amelio,10,,,0,False,Artem Chigvintsev,Social Media Personality,Louisiana,United States,50,Eliminated Week 8,8,8,False,False,10,8.0,8.0,False,,
31,Jason Lewis,1,18.0,4.5,4,True,Peta Murgatroyd,Actor/Actress,California,United States,51,Eliminated Week 1,16,1,False,False,10,1.0,1.0,True,15.0,0.04712041884816754
31,Jason Lewis,2,,,0,False,Peta Murgatroyd,Actor/Actress,California,United States,51,Eliminated Week 1,16,1,False,False,10,1.0,1.0,False,,
31,Jason Lewis,3,,,0,False,Peta Murgatroyd,Actor/Actress,California,United States,51,Eliminated Week 1,16,1,False,False,10,1.0,1.0,False,,
31,Jason Lewis,4,,,0,False,Peta Murgatroyd,Actor/Actress,California,United States,51,Eliminated Week 1,16,1,False,False,10,1.0,1.0,False,,
31,Jason Lewis,5,,,0,False,Peta Murgatroyd,Actor/Actress,California,United States,51,Eliminated Week 1,16,1,False,False,10,1.0,1.0,False,,
31,Jason Lewis,6,,,0,False,Peta Murgatroyd,Actor/Actress,California,United States,51,Eliminated Week 1,16,1,False,False,10,1.0,1.0,False,,
31,Jason Lewis,7,,,0,False,Peta Murgatroyd,Actor/Actress,California,United States,51,Eliminated Week 1,16,1,False,False,10,1.0,1.0,False,,
31,Jason Lewis,8,,,0,False,Peta Murgatroyd,Actor/Actress,California,United States,51,Eliminated Week 1,16,1,False,False,10,1.0,1.0,False,,
31,Jason Lewis,9,,,0,False,Peta Murgatroyd,Actor/Actress,California,United States,51,Eliminated Week 1,16,1,False,False,10,1.0,1.0,False,,
31,Jason Lewis,10,,,0,False,Peta Murgatroyd,Actor/Actress,California,United States,51,Eliminated Week 1,16,1,False,False,10,1.0,1.0,False,,
31,Jessie James Decker,1,20.0,5.0,4,True,Alan Bersten,Singer/Rapper,,Italy,34,Eliminated Week 6,10,6,False,False,10,6.0,6.0,True,13.0,0.05235602094240838
31,Jessie James Decker,2,25.0,6.25,4,True,Alan Bersten,Singer/Rapper,,Italy,34,Eliminated Week 6,10,6,False,False,10,6.0,6.0,True,12.0,0.06067961165048544
31,Jessie James Decker,3,26.0,6.5,4,True,Alan Bersten,Singer/Rapper,,Italy,34,Eliminated Week 6,10,6,False,False,10,6.0,6.0,True,11.0,0.06451612903225806
31,Jessie James Decker,4,31.0,7.75,4,True,Alan Bersten,Singer/Rapper,,Italy,34,Eliminated Week 6,10,6,False,False,10,6.0,6.0,True,8.0,0.07560975609756097
31,Jessie James Decker,5,36.0,9.0,4,True,Alan Bersten,Singer/Rapper,,Italy,34,Eliminated Week 6,10,6,False,False,10,6.0,6.0,True,7.5,0.0802675585284281
31,Jessie James Decker,6,32.0,8.0,4,True,Alan Bersten,Singer/Rapper,,Italy,34,Eliminated Week 6,10,6,False,False,10,6.0,6.0,True,9.0,0.0927536231884058
31,Jessie James Decker,7,,,0,False,Alan Bersten,Singer/Rapper,,Italy,34,Eliminated Week 6,10,6,False,False,10,6.0,6.0,False,,
31,Jessie James Decker,8,,,0,False,Alan Bersten,Singer/Rapper,,Italy,34,Eliminated Week 6,10,6,False,False,10,6.0,6.0,False,,
31,Jessie James Decker,9,,,0,False,Alan Bersten,Singer/Rapper,,Italy,34,Eliminated Week 6,10,6,False,False,10,6.0,6.0,False,,
31,Jessie James Decker,10,,,0,False,Alan Bersten,Singer/Rapper,,Italy,34,Eliminated Week 6,10,6,False,False,10,6.0,6.0,False,,
31,Jordin Sparks,1,26.0,6.5,4,True,Brandon Armstrong,Singer/Rapper,Arizona,United States,32,Eliminated Week 7,9,7,False,False,10,7.0,7.0,True,7.0,0.06806282722513089
31,Jordin Sparks,2,27.0,6.75,4,True,Brandon Armstrong,Singer/Rapper,Arizona,United States,32,Eliminated Week 7,9,7,False,False,10,7.0,7.0,True,9.5,0.06553398058252427
31,Jordin Sparks,3,29.0,7.25,4,True,Brandon Armstrong,Singer/Rapper,Arizona,United States,32,Eliminated Week 7,9,7,False,False,10,7.0,7.0,True,7.5,0.07196029776674938
31,Jordin Sparks,4,34.0,8.5,4,True,Brandon Armstrong,Singer/Rapper,Arizona,United States,32,Eliminated Week 7,9,7,False,False,10,7.0,7.0,True,4.5,0.08292682926829269
31,Jordin Sparks,5,35.5,8.875,4,True,Brandon Armstrong,Singer/Rapper,Arizona,United States,32,Eliminated Week 7,9,7,False,False,10,7.0,7.0,True,9.0,0.07915273132664437
31,Jordin Sparks,6,34.0,8.5,4,True,Brandon Armstrong,Singer/Rapper,Arizona,United States,32,Eliminated Week 7,9,7,False,False,10,7.0,7.0,True,6.5,0.09855072463768116
31,Jordin Sparks,7,34.5,8.625,4,True,Brandon Armstrong,Singer/Rapper,Arizona,United States,32,Eliminated Week 7,9,7,False,False,10,7.0,7.0,True,8.0,0.10599078341013825
31,Jordin Sparks,8,,,0,False,Brandon Armstrong,Singer/Rapper,Arizona,United States,32,Eliminated Week 7,9,7,False,False,10,7.0,7.0,False,,
31,Jordin Sparks,9,,,0,False,Brandon Armstrong,Singer/Rapper,Arizona,United States,32,Eliminated Week 7,9,7,False,False,10,7.0,7.0,False,,
31,Jordin Sparks,10,,,0,False,Brandon Armstrong,Singer/Rapper,Arizona,United States,32,Eliminated Week 7,9,7,False,False,10,7.0,7.0,False,,
31,Joseph Baena,1,23.0,5.75,4,True,Daniella Karagach,Actor/Actress,California,United States,24,Eliminated Week 5,11,5,False,False,10,5.0,5.0,True,9.0,0.060209424083769635
31,Joseph Baena,2,24.0,6.0,4,True,Daniella Karagach,Actor/Actress,California,United States,24,Eliminated Week 5,11,5,False,False,10,5.0,5.0,True,13.0,0.05825242718446602
31,Joseph Baena,3,29.0,7.25,4,True,Daniella Karagach,Actor/Actress,California,United States,24,Eliminated Week 5,11,5,False,False,10,5.0,5.0,True,7.5,0.07196029776674938
31,Joseph Baena,4,28.0,7.0,4,True,Daniella Karagach,Actor/Actress,California,United States,24,Eliminated Week 5,11,5,False,False,10,5.0,5.0,True,11.5,0.06829268292682927
31,Joseph Baena,5,35.0,8.75,4,True,Daniella Karagach,Actor/Actress,California,United States,24,Eliminated Week 5,11,5,False,False,10,5.0,5.0,True,10.0,0.07803790412486064
31,Joseph Baena,6,,,0,False,Daniella Karagach,Actor/Actress,California,United States,24,Eliminated Week 5,11,5,False,False,10,5.0,5.0,False,,
31,Joseph Baena,7,,,0,False,Daniella Karagach,Actor/Actress,California,United States,24,Eliminated Week 5,11,5,False,False,10,5.0,5.0,False,,
31,Joseph Baena,8,,,0,False,Daniella Karagach,Actor/Actress,California,United States,24,Eliminated Week 5,11,5,False,False,10,5.0,5.0,False,,
31,Joseph Baena,9,,,0,False,Daniella Karagach,Actor/Actress,California,United States,24,Eliminated Week 5,11,5,False,False,10,5.0,5.0,False,,
31,Joseph Baena,10,,,0,False,Daniella Karagach,Actor/Actress,California,United States,24,Eliminated Week 5,11,5,False,False,10,5.0,5.0,False,,
31,Sam Champion,1,20.0,5.0,4,True,Cheryl Burke,News Anchor,Kentucky,United States,61,Eliminated Week 4,13,4,False,False,10,4.0,4.0,True,13.0,0.05235602094240838
31,Sam Champion,2,26.0,6.5,4,True,Cheryl Burke,News Anchor,Kentucky,United States,61,Eliminated Week 4,13,4,False,False,10,4.0,4.0,True,11.0,0.06310679611650485
31,Sam Champion,3,25.0,6.25,4,True,Cheryl Burke,News Anchor,Kentucky,United States,61,Eliminated Week 4,13,4,False,False,10,4.0,4.0,True,12.0,0.062034739454094295
31,Sam Champion,4,25.0,6.25,4,True,Cheryl Burke,News Anchor,Kentucky,United States,61,Eliminated Week 4,13,4,False,False,10,4.0,4.0,True,13.0,0.06097560975609756
31,Sam Champion,5,,,0,False,Cheryl Burke,News Anchor,Kentucky,United States,61,Eliminated Week 4,13,4,False,False,10,4.0,4.0,False,,
31,Sam Champion,6,,,0,False,Cheryl Burke,News Anchor,Kentucky,United States,61,Eliminated Week 4,13,4,False,False,10,4.0,4.0,False,,
31,Sam Champion,7,,,0,False,Cheryl Burke,News Anchor,Kentucky,United States,61,Eliminated Week 4,13,4,False,False,10,4.0,4.0,False,,
31,Sam Champion,8,,,0,False,Cheryl Burke,News Anchor,Kentucky,United States,61,Eliminated Week 4,13,4,False,False,10,4.0,4.0,False,,
31,Sam Champion,9,,,0,False,Cheryl Burke,News Anchor,Kentucky,United States,61,Eliminated Week 4,13,4,False,False,10,4.0,4.0,False,,
31,Sam Champion,10,,,0,False,Cheryl Burke,News Anchor,Kentucky,United States,61,Eliminated Week 4,13,4,False,False,10,4.0,4.0,False,,
31,Selma Blair,1,28.0,7.0,4,True,Sasha Farber,Actor/Actress,Michigan,United States,50,Withdrew,12,,True,False,10,5.0,5.0,True,4.0,0.07329842931937172
31,Selma Blair,2,28.0,7.0,4,True,Sasha Farber,Actor/Actress,Michigan,United States,50,Withdrew,12,,True,False,10,5.0,5.0,True,7.0,0.06796116504854369
31,Selma Blair,3,28.0,7.0,4,True,Sasha Farber,Actor/Actress,Michigan,United States,50,Withdrew,12,,True,False,10,5.0,5.0,True,9.0,0.06947890818858561
31,Selma Blair,4,32.0,8.0,4,True,Sasha Farber,Actor/Actress,Michigan,United States,50,Withdrew,12,,True,False,10,5.0,5.0,True,6.5,0.07804878048780488
31,Selma Blair,5,40.0,10.0,4,True,Sasha Farber,Actor/Actress,Michigan,United States,50,Withdrew,12,,True,False,10,5.0,5.0,True,4.0,0.08918617614269789
31,Selma Blair,6,,,0,False,Sasha Farber,Actor/Actress,Michigan,United States,50,Withdrew,12,,True,False,10,5.0,5.0,False,,
31,Selma Blair,7,,,0,False,Sasha Farber,Actor/Actress,Michigan,United States,50,Withdrew,12,,True,False,10,5.0,5.0,False,,
31,Selma Blair,8,,,0,False,Sasha Farber,Actor/Actress,Michigan,United States,50,Withdrew,12,,True,False,10,5.0,5.0,False,,
31,Selma Blair,9,,,0,False,Sasha Farber,Actor/Actress,Michigan,United States,50,Withdrew,12,,True,False,10,5.0,5.0,False,,
31,Selma Blair,10,,,0,False,Sasha Farber,Actor/Actress,Michigan,United States,50,Withdrew,12,,True,False,10,5.0,5.0,False,,
31,Shangela,1,28.0,7.0,4,True,Gleb Savchenko,TV Personality,Texas,United States,40,4th Place,4,,False,True,10,10.0,10.0,True,4.0,0.07329842931937172
31,Shangela,2,28.0,7.0,4,True,Gleb Savchenko,TV Personality,Texas,United States,40,4th Place,4,,False,True,10,10.0,10.0,True,7.0,0.06796116504854369
31,Shangela,3,30.0,7.5,4,True,Gleb Savchenko,TV Personality,Texas,United States,40,4th Place,4,,False,True,10,10.0,10.0,True,6.0,0.07444168734491315
31,Shangela,4,32.0,8.0,4,True,Gleb Savchenko,TV Personality,Texas,United States,40,4th Place,4,,False,True,10,10.0,10.0,True,6.5,0.07804878048780488
31,Shangela,5,38.5,9.625,4,True,Gleb Savchenko,TV Personality,Texas,United States,40,4th Place,4,,False,True,10,10.0,10.0,True,6.0,0.0858416945373467
31,Shangela,6,36.0,9.0,4,True,Gleb Savchenko,TV Personality,Texas,United States,40,4th Place,4,,False,True,10,10.0,10.0,True,3.5,0.10434782608695652
31,Shangela,7,36.5,9.125,4,True,Gleb Savchenko,TV Personality,Texas,United States,40,4th Place,4,,False,True,10,10.0,10.0,True,4.5,0.11213517665130568
31,Shangela,8,42.0,10.5,4,True,Gleb Savchenko,TV Personality,Texas,United States,40,4th Place,4,,False,True,10,10.0,10.0,True,3.0,0.1337579617834395
31,Shangela,9,36.5,9.125,4,True,Gleb Savchenko,TV Personality,Texas,United States,40,4th Place,4,,False,True,10,10.0,10.0,True,3.5,0.16590909090909092
31,Shangela,10,38.0,9.5,4,True,Gleb Savchenko,TV Personality,Texas,United States,40,4th Place,4,,False,True,10,10.0,10.0,True,3.5,0.24358974358974358
31,Teresa Giudice,1,20.0,5.0,4,True,Pasha Pashkov,TV Personality,New Jersey,United States,50,Eliminated Week 2,15,2,False,False,10,2.0,2.0,True,13.0,0.05235602094240838
31,Teresa Giudice,2,23.0,5.75,4,True,Pasha Pashkov,TV Personality,New Jersey,United States,50,Eliminated Week 2,15,2,False,False,10,2.0,2.0,True,14.0,0.055825242718446605
31,Teresa Giudice,3,,,0,False,Pasha Pashkov,TV Personality,New Jersey,United States,50,Eliminated Week 2,15,2,False,False,10,2.0,2.0,False,,
31,Teresa Giudice,4,,,0,False,Pasha Pashkov,TV Personality,New Jersey,United States,50,Eliminated Week 2,15,2,False,False,10,2.0,2.0,False,,
31,Teresa Giudice,5,,,0,False,Pasha Pashkov,TV Personality,New Jersey,United States,50,Eliminated Week 2,15,2,False,False,10,2.0,2.0,False,,
31,Teresa Giudice,6,,,0,False,Pasha Pashkov,TV Personality,New Jersey,United States,50,Eliminated Week 2,15,2,False,False,10,2.0,2.0,False,,
31,Teresa Giudice,7,,,0,False,Pasha Pashkov,TV Personality,New Jersey,United States,50,Eliminated Week 2,15,2,False,False,10,2.0,2.0,False,,
31,Teresa Giudice,8,,,0,False,Pasha Pashkov,TV Personality,New Jersey,United States,50,Eliminated Week 2,15,2,False,False,10,2.0,2.0,False,,
31,Teresa Giudice,9,,,0,False,Pasha Pashkov,TV Personality,New Jersey,United States,50,Eliminated Week 2,15,2,False,False,10,2.0,2.0,False,,
31,Teresa Giudice,10,,,0,False,Pasha Pashkov,TV Personality,New Jersey,United States,50,Eliminated Week 2,15,2,False,False,10,2.0,2.0,False,,
31,Trevor Donovan,1,21.0,5.25,4,True,Emma Slater,Actor/Actress,California,United States,39,Eliminated Week 9,6,9,False,False,10,9.0,9.0,True,10.5,0.0549738219895288
31,Trevor Donovan,2,30.0,7.5,4,True,Emma Slater,Actor/Actress,California,United States,39,Eliminated Week 9,6,9,False,False,10,9.0,9.0,True,4.0,0.07281553398058252
31,Trevor Donovan,3,27.0,6.75,4,True,Emma Slater,Actor/Actress,California,United States,39,Eliminated Week 9,6,9,False,False,10,9.0,9.0,True,10.0,0.06699751861042183
31,Trevor Donovan,4,28.0,7.0,4,True,Emma Slater,Actor/Actress,California,United States,39,Eliminated Week 9,6,9,False,False,10,9.0,9.0,True,11.5,0.06829268292682927
31,Trevor Donovan,5,36.0,9.0,4,True,Emma Slater,Actor/Actress,California,United States,39,Eliminated Week 9,6,9,False,False,10,9.0,9.0,True,7.5,0.0802675585284281
31,Trevor Donovan,6,34.0,8.5,4,True,Emma Slater,Actor/Actress,California,United States,39,Eliminated Week 9,6,9,False,False,10,9.0,9.0,True,6.5,0.09855072463768116
31,Trevor Donovan,7,39.0,9.75,4,True,Emma Slater,Actor/Actress,California,United States,39,Eliminated Week 9,6,9,False,False,10,9.0,9.0,True,1.5,0.11981566820276497
31,Trevor Donovan,8,39.0,9.75,4,True,Emma Slater,Actor/Actress,California,United States,39,Eliminated Week 9,6,9,False,False,10,9.0,9.0,True,5.5,0.12420382165605096
31,Trevor Donovan,9,32.5,8.125,4,True,Emma Slater,Actor/Actress,California,United States,39,Eliminated Week 9,6,9,False,False,10,9.0,9.0,True,6.0,0.14772727272727273
31,Trevor Donovan,10,,,0,False,Emma Slater,Actor/Actress,California,United States,39,Eliminated Week 9,6,9,False,False,10,9.0,9.0,False,,
31,Vinny Guadagnino,1,17.0,4.25,4,True,Koko Iwasaki,TV Personality,New York,United States,34,Eliminated Week 8,7,8,False,False,10,8.0,8.0,True,16.0,0.04450261780104712
31,Vinny Guadagnino,2,27.0,6.75,4,True,Koko Iwasaki,TV Personality,New York,United States,34,Eliminated Week 8,7,8,False,False,10,8.0,8.0,True,9.5,0.06553398058252427
31,Vinny Guadagnino,3,23.0,5.75,4,True,Koko Iwasaki,TV Personality,New York,United States,34,Eliminated Week 8,7,8,False,False,10,8.0,8.0,True,14.0,0.05707196029776675
31,Vinny Guadagnino,4,29.0,7.25,4,True,Koko Iwasaki,TV Personality,New York,United States,34,Eliminated Week 8,7,8,False,False,10,8.0,8.0,True,9.5,0.07073170731707316
31,Vinny Guadagnino,5,31.0,7.75,4,True,Koko Iwasaki,TV Personality,New York,United States,34,Eliminated Week 8,7,8,False,False,10,8.0,8.0,True,12.0,0.06911928651059086
31,Vinny Guadagnino,6,28.0,7.0,4,True,Koko Iwasaki,TV Personality,New York,United States,34,Eliminated Week 8,7,8,False,False,10,8.0,8.0,True,10.0,0.08115942028985507
31,Vinny Guadagnino,7,31.5,7.875,4,True,Koko Iwasaki,TV Personality,New York,United States,34,Eliminated Week 8,7,8,False,False,10,8.0,8.0,True,9.0,0.0967741935483871
31,Vinny Guadagnino,8,29.0,7.25,4,True,Koko Iwasaki,TV Personality,New York,United States,34,Eliminated Week 8,7,8,False,False,10,8.0,8.0,True,8.0,0.09235668789808917
31,Vinny Guadagnino,9,,,0,False,Koko Iwasaki,TV Personality,New York,United States,34,Eliminated Week 8,7,8,False,False,10,8.0,8.0,False,,
31,Vinny Guadagnino,10,,,0,False,Koko Iwasaki,TV Personality,New York,United States,34,Eliminated Week 8,7,8,False,False,10,8.0,8.0,False,,
31,Wayne Brady,1,29.0,7.25,4,True,Witney Carson,Comedian,Georgia,United States,50,3rd Place,3,,False,True,10,10.0,10.0,True,2.0,0.07591623036649214
31,Wayne Brady,2,32.0,8.0,4,True,Witney Carson,Comedian,Georgia,United States,50,3rd Place,3,,False,True,10,10.0,10.0,True,2.0,0.07766990291262135
31,Wayne Brady,3,33.0,8.25,4,True,Witney Carson,Comedian,Georgia,United States,50,3rd Place,3,,False,True,10,10.0,10.0,True,2.0,0.08188585607940446
31,Wayne Brady,4,36.0,9.0,4,True,Witney Carson,Comedian,Georgia,United States,50,3rd Place,3,,False,True,10,10.0,10.0,True,2.0,0.08780487804878048
31,Wayne Brady,5,41.0,10.25,4,True,Witney Carson,Comedian,Georgia,United States,50,3rd Place,3,,False,True,10,10.0,10.0,True,2.5,0.09141583054626533
31,Wayne Brady,6,34.0,8.5,4,True,Witney Carson,Comedian,Georgia,United States,50,3rd Place,3,,False,True,10,10.0,10.0,True,6.5,0.09855072463768116
31,Wayne Brady,7,38.0,9.5,4,True,Witney Carson,Comedian,Georgia,United States,50,3rd Place,3,,False,True,10,10.0,10.0,True,3.0,0.11674347158218126
31,Wayne Brady,8,45.0,11.25,4,True,Witney Carson,Comedian,Georgia,United States,50,3rd Place,3,,False,True,10,10.0,10.0,True,1.5,0.14331210191082802
31,Wayne Brady,9,36.5,9.125,4,True,Witney Carson,Comedian,Georgia,United States,50,3rd Place,3,,False,True,10,10.0,10.0,True,3.5,0.16590909090909092
31,Wayne Brady,10,38.0,9.5,4,True,Witney Carson,Comedian,Georgia,United States,50,3rd Place,3,,False,True,10,10.0,10.0,True,3.5,0.24358974358974358
32,Adrian Peterson,1,18.0,6.0,3,True,Britt Stewart,Athlete,Texas,United States,38,Eliminated Week 4,11,4,False,False,11,4.0,4.0,True,5.5,0.07792207792207792
32,Adrian Peterson,2,15.0,5.0,3,True,Britt Stewart,Athlete,Texas,United States,38,Eliminated Week 4,11,4,False,False,11,4.0,4.0,True,11.0,0.06302521008403361
32,Adrian Peterson,3,22.0,5.5,4,True,Britt Stewart,Athlete,Texas,United States,38,Eliminated Week 4,11,4,False,False,11,4.0,4.0,True,11.0,0.06811145510835913
32,Adrian Peterson,4,21.0,7.0,3,True,Britt Stewart,Athlete,Texas,United States,38,Eliminated Week 4,11,4,False,False,11,4.0,4.0,True,7.0,0.0875
32,Adrian Peterson,5,,,0,False,Britt Stewart,Athlete,Texas,United States,38,Eliminated Week 4,11,4,False,False,11,4.0,4.0,False,,
32,Adrian Peterson,6,,,0,False,Britt Stewart,Athlete,Texas,United States,38,Eliminated Week 4,11,4,False,False,11,4.0,4.0,False,,
32,Adrian Peterson,7,,,0,False,Britt Stewart,Athlete,Texas,United States,38,Eliminated Week 4,11,4,False,False,11,4.0,4.0,False,,
32,Adrian Peterson,8,,,0,False,Britt Stewart,Athlete,Texas,United States,38,Eliminated Week 4,11,4,False,False,11,4.0,4.0,False,,
32,Adrian Peterson,9,,,0,False,Britt Stewart,Athlete,Texas,United States,38,Eliminated Week 4,11,4,False,False,11,4.0,4.0,False,,
32,Adrian Peterson,10,,,0,False,Britt Stewart,Athlete,Texas,United States,38,Eliminated Week 4,11,4,False,False,11,4.0,4.0,False,,
32,Adrian Peterson,11,,,0,False,Britt Stewart,Athlete,Texas,United States,38,Eliminated Week 4,11,4,False,False,11,4.0,4.0,False,,
32,Alyson Hannigan,1,13.0,4.333333333333333,3,True,Sasha Farber,Actor/Actress,Washington D.C.,United States,49,5th Place,5,,False,True,11,11.0,11.0,True,11.0,0.05627705627705628
32,Alyson Hannigan,2,19.0,6.333333333333333,3,True,Sasha Farber,Actor/Actress,Washington D.C.,United States,49,5th Place,5,,False,True,11,11.0,11.0,True,6.0,0.07983193277310924
32,Alyson Hannigan,3,24.0,6.0,4,True,Sasha Farber,Actor/Actress,Washington D.C.,United States,49,5th Place,5,,False,True,11,11.0,11.0,True,8.5,0.07430340557275542
32,Alyson Hannigan,4,18.0,6.0,3,True,Sasha Farber,Actor/Actress,Washington D.C.,United States,49,5th Place,5,,False,True,11,11.0,11.0,True,10.5,0.075
32,Alyson Hannigan,5,21.0,7.0,3,True,Sasha Farber,Actor/Actress,Washington D.C.,United States,49,5th Place,5,,False,True,11,11.0,11.0,True,9.0,0.0875
32,Alyson Hannigan,6,31.0,7.75,4,True,Sasha Farber,Actor/Actress,Washington D.C.,United States,49,5th Place,5,,False,True,11,11.0,11.0,True,8.0,0.09627329192546584
32,Alyson Hannigan,7,35.0,8.75,4,True,Sasha Farber,Actor/Actress,Washington D.C.,United States,49,5th Place,5,,False,True,11,11.0,11.0,True,6.0,0.12411347517730496
32,Alyson Hannigan,8,36.0,9.0,4,True,Sasha Farber,Actor/Actress,Washington D.C.,United States,49,5th Place,5,,False,True,11,11.0,11.0,True,4.0,0.1422924901185771
32,Alyson Hannigan,9,32.0,8.0,4,True,Sasha Farber,Actor/Actress,Washington D.C.,United States,49,5th Place,5,,False,True,11,11.0,11.0,True,5.0,0.14479638009049775
32,Alyson Hannigan,10,25.5,8.5,3,True,Sasha Farber,Actor/Actress,Washington D.C.,United States,49,5th Place,5,,False,True,11,11.0,11.0,True,5.0,0.17894736842105263
32,Alyson Hannigan,11,26.5,8.833333333333334,3,True,Sasha Farber,Actor/Actress,Washington D.C.,United States,49,5th Place,5,,False,True,11,11.0,11.0,True,5.0,0.18213058419243985
32,Ariana Madix,1,21.0,7.0,3,True,Pasha Pashkov,TV Personality,Florida,United States,38,3rd Place,3,,False,True,11,11.0,11.0,True,2.5,0.09090909090909091
32,Ariana Madix,2,20.0,6.666666666666667,3,True,Pasha Pashkov,TV Personality,Florida,United States,38,3rd Place,3,,False,True,11,11.0,11.0,True,5.0,0.08403361344537816
32,Ariana Madix,3,34.0,8.5,4,True,Pasha Pashkov,TV Personality,Florida,United States,38,3rd Place,3,,False,True,11,11.0,11.0,True,1.5,0.10526315789473684
32,Ariana Madix,4,25.0,8.333333333333334,3,True,Pasha Pashkov,TV Personality,Florida,United States,38,3rd Place,3,,False,True,11,11.0,11.0,True,2.0,0.10416666666666667
32,Ariana Madix,5,24.0,8.0,3,True,Pasha Pashkov,TV Personality,Florida,United States,38,3rd Place,3,,False,True,11,11.0,11.0,True,5.5,0.1
32,Ariana Madix,6,41.0,10.25,4,True,Pasha Pashkov,TV Personality,Florida,United States,38,3rd Place,3,,False,True,11,11.0,11.0,True,2.0,0.12732919254658384
32,Ariana Madix,7,37.0,9.25,4,True,Pasha Pashkov,TV Personality,Florida,United States,38,3rd Place,3,,False,True,11,11.0,11.0,True,1.5,0.13120567375886524
32,Ariana Madix,8,42.0,10.5,4,True,Pasha Pashkov,TV Personality,Florida,United States,38,3rd Place,3,,False,True,11,11.0,11.0,True,1.0,0.16600790513833993
32,Ariana Madix,9,37.0,9.25,4,True,Pasha Pashkov,TV Personality,Florida,United States,38,3rd Place,3,,False,True,11,11.0,11.0,True,4.0,0.167420814479638
32,Ariana Madix,10,29.0,9.666666666666666,3,True,Pasha Pashkov,TV Personality,Florida,United States,38,3rd Place,3,,False,True,11,11.0,11.0,True,3.0,0.20350877192982456
32,Ariana Madix,11,29.5,9.833333333333334,3,True,Pasha Pashkov,TV Personality,Florida,United States,38,3rd Place,3,,False,True,11,11.0,11.0,True,3.5,0.2027491408934708
32,Barry Williams,1,16.0,5.333333333333333,3,True,Peta Murgatroyd,Actor/Actress,California,United States,68,Eliminated Week 8,7,8,False,False,11,8.0,8.0,True,8.0,0.06926406926406926
32,Barry Williams,2,15.0,5.0,3,True,Peta Murgatroyd,Actor/Actress,California,United States,68,Eliminated Week 8,7,8,False,False,11,8.0,8.0,True,11.0,0.06302521008403361
32,Barry Williams,3,25.0,6.25,4,True,Peta Murgatroyd,Actor/Actress,California,United States,68,Eliminated Week 8,7,8,False,False,11,8.0,8.0,True,7.0,0.07739938080495357
32,Barry Williams,4,18.0,6.0,3,True,Peta Murgatroyd,Actor/Actress,California,United States,68,Eliminated Week 8,7,8,False,False,11,8.0,8.0,True,10.5,0.075
32,Barry Williams,5,24.0,8.0,3,True,Peta Murgatroyd,Actor/Actress,California,United States,68,Eliminated Week 8,7,8,False,False,11,8.0,8.0,True,5.5,0.1
32,Barry Williams,6,32.0,8.0,4,True,Peta Murgatroyd,Actor/Actress,California,United States,68,Eliminated Week 8,7,8,False,False,11,8.0,8.0,True,7.0,0.09937888198757763
32,Barry Williams,7,32.5,8.125,4,True,Peta Murgatroyd,Actor/Actress,California,United States,68,Eliminated Week 8,7,8,False,False,11,8.0,8.0,True,7.0,0.11524822695035461
32,Barry Williams,8,35.0,8.75,4,True,Peta Murgatroyd,Actor/Actress,California,United States,68,Eliminated Week 8,7,8,False,False,11,8.0,8.0,True,5.0,0.1383399209486166
32,Barry Williams,9,,,0,False,Peta Murgatroyd,Actor/Actress,California,United States,68,Eliminated Week 8,7,8,False,False,11,8.0,8.0,False,,
32,Barry Williams,10,,,0,False,Peta Murgatroyd,Actor/Actress,California,United States,68,Eliminated Week 8,7,8,False,False,11,8.0,8.0,False,,
32,Barry Williams,11,,,0,False,Peta Murgatroyd,Actor/Actress,California,United States,68,Eliminated Week 8,7,8,False,False,11,8.0,8.0,False,,
32,Charity Lawson,1,22.0,7.333333333333333,3,True,Artem Chigvintsev,TV Personality,Georgia,United States,27,4th Place,4,,False,True,11,11.0,11.0,True,1.0,0.09523809523809523
32,Charity Lawson,2,21.0,7.0,3,True,Artem Chigvintsev,TV Personality,Georgia,United States,27,4th Place,4,,False,True,11,11.0,11.0,True,3.5,0.08823529411764706
32,Charity Lawson,3,32.0,8.0,4,True,Artem Chigvintsev,TV Personality,Georgia,United States,27,4th Place,4,,False,True,11,11.0,11.0,True,3.5,0.09907120743034056
32,Charity Lawson,4,24.0,8.0,3,True,Artem Chigvintsev,TV Personality,Georgia,United States,27,4th Place,4,,False,True,11,11.0,11.0,True,3.5,0.1
32,Charity Lawson,5,28.0,9.333333333333334,3,True,Artem Chigvintsev,TV Personality,Georgia,United States,27,4th Place,4,,False,True,11,11.0,11.0,True,1.5,0.11666666666666667
32,Charity Lawson,6,38.0,9.5,4,True,Artem Chigvintsev,TV Personality,Georgia,United States,27,4th Place,4,,False,True,11,11.0,11.0,True,4.0,0.11801242236024845
32,Charity Lawson,7,36.0,9.0,4,True,Artem Chigvintsev,TV Personality,Georgia,United States,27,4th Place,4,,False,True,11,11.0,11.0,True,4.5,0.1276595744680851
32,Charity Lawson,8,39.0,9.75,4,True,Artem Chigvintsev,TV Personality,Georgia,United States,27,4th Place,4,,False,True,11,11.0,11.0,True,3.0,0.1541501976284585
32,Charity Lawson,9,38.0,9.5,4,True,Artem Chigvintsev,TV Personality,Georgia,United States,27,4th Place,4,,False,True,11,11.0,11.0,True,3.0,0.17194570135746606
32,Charity Lawson,10,29.5,9.833333333333334,3,True,Artem Chigvintsev,TV Personality,Georgia,United States,27,4th Place,4,,False,True,11,11.0,11.0,True,2.0,0.20701754385964913
32,Charity Lawson,11,29.5,9.833333333333334,3,True,Artem Chigvintsev,TV Personality,Georgia,United States,27,4th Place,4,,False,True,11,11.0,11.0,True,3.5,0.2027491408934708
32,Harry Jowsey,1,12.0,4.0,3,True,Rylee Arnold,TV Personality,,Australia,26,Eliminated Week 9,6,9,False,False,11,9.0,9.0,True,13.0,0.05194805194805195
32,Harry Jowsey,2,15.0,5.0,3,True,Rylee Arnold,TV Personality,,Australia,26,Eliminated Week 9,6,9,False,False,11,9.0,9.0,True,11.0,0.06302521008403361
32,Harry Jowsey,3,24.0,6.0,4,True,Rylee Arnold,TV Personality,,Australia,26,Eliminated Week 9,6,9,False,False,11,9.0,9.0,True,8.5,0.07430340557275542
32,Harry Jowsey,4,21.0,7.0,3,True,Rylee Arnold,TV Personality,,Australia,26,Eliminated Week 9,6,9,False,False,11,9.0,9.0,True,7.0,0.0875
32,Harry Jowsey,5,18.0,6.0,3,True,Rylee Arnold,TV Personality,,Australia,26,Eliminated Week 9,6,9,False,False,11,9.0,9.0,True,10.0,0.075
32,Harry Jowsey,6,29.0,7.25,4,True,Rylee Arnold,TV Personality,,Australia,26,Eliminated Week 9,6,9,False,False,11,9.0,9.0,True,9.0,0.09006211180124224
32,Harry Jowsey,7,32.0,8.0,4,True,Rylee Arnold,TV Personality,,Australia,26,Eliminated Week 9,6,9,False,False,11,9.0,9.0,True,8.0,0.11347517730496454
32,Harry Jowsey,8,28.0,7.0,4,True,Rylee Arnold,TV Personality,,Australia,26,Eliminated Week 9,6,9,False,False,11,9.0,9.0,True,7.0,0.11067193675889328
32,Harry Jowsey,9,30.0,7.5,4,True,Rylee Arnold,TV Personality,,Australia,26,Eliminated Week 9,6,9,False,False,11,9.0,9.0,True,6.0,0.13574660633484162
32,Harry Jowsey,10,,,0,False,Rylee Arnold,TV Personality,,Australia,26,Eliminated Week 9,6,9,False,False,11,9.0,9.0,False,,
32,Harry Jowsey,11,,,0,False,Rylee Arnold,TV Personality,,Australia,26,Eliminated Week 9,6,9,False,False,11,9.0,9.0,False,,
32,Jamie Lynn Spears,1,15.0,5.0,3,True,Alan Bersten,Actor/Actress,Mississippi,United States,32,Eliminated Week 2,13,2,False,False,11,2.0,2.0,True,9.5,0.06493506493506493
32,Jamie Lynn Spears,2,16.0,5.333333333333333,3,True,Alan Bersten,Actor/Actress,Mississippi,United States,32,Eliminated Week 2,13,2,False,False,11,2.0,2.0,True,9.0,0.06722689075630252
32,Jamie Lynn Spears,3,,,0,False,Alan Bersten,Actor/Actress,Mississippi,United States,32,Eliminated Week 2,13,2,False,False,11,2.0,2.0,False,,
32,Jamie Lynn Spears,4,,,0,False,Alan Bersten,Actor/Actress,Mississippi,United States,32,Eliminated Week 2,13,2,False,False,11,2.0,2.0,False,,
32,Jamie Lynn Spears,5,,,0,False,Alan Bersten,Actor/Actress,Mississippi,United States,32,Eliminated Week 2,13,2,False,False,11,2.0,2.0,False,,
32,Jamie Lynn Spears,6,,,0,False,Alan Bersten,Actor/Actress,Mississippi,United States,32,Eliminated Week 2,13,2,False,False,11,2.0,2.0,False,,
32,Jamie Lynn Spears,7,,,0,False,Alan Bersten,Actor/Actress,Mississippi,United States,32,Eliminated Week 2,13,2,False,False,11,2.0,2.0,False,,
32,Jamie Lynn Spears,8,,,0,False,Alan Bersten,Actor/Actress,Mississippi,United States,32,Eliminated Week 2,13,2,False,False,11,2.0,2.0,False,,
32,Jamie Lynn Spears,9,,,0,False,Alan Bersten,Actor/Actress,Mississippi,United States,32,Eliminated Week 2,13,2,False,False,11,2.0,2.0,False,,
32,Jamie Lynn Spears,10,,,0,False,Alan Bersten,Actor/Actress,Mississippi,United States,32,Eliminated Week 2,13,2,False,False,11,2.0,2.0,False,,
32,Jamie Lynn Spears,11,,,0,False,Alan Bersten,Actor/Actress,Mississippi,United States,32,Eliminated Week 2,13,2,False,False,11,2.0,2.0,False,,
32,Jason Mraz,1,21.0,7.0,3,True,Daniella Karagach,Singer/Rapper,Virginia,United States,46,2nd Place,2,,False,True,11,11.0,11.0,True,2.5,0.09090909090909091
32,Jason Mraz,2,24.0,8.0,3,True,Daniella Karagach,Singer/Rapper,Virginia,United States,46,2nd Place,2,,False,True,11,11.0,11.0,True,1.5,0.10084033613445378
32,Jason Mraz,3,34.0,8.5,4,True,Daniella Karagach,Singer/Rapper,Virginia,United States,46,2nd Place,2,,False,True,11,11.0,11.0,True,1.5,0.10526315789473684
32,Jason Mraz,4,24.0,8.0,3,True,Daniella Karagach,Singer/Rapper,Virginia,United States,46,2nd Place,2,,False,True,11,11.0,11.0,True,3.5,0.1
32,Jason Mraz,5,27.0,9.0,3,True,Daniella Karagach,Singer/Rapper,Virginia,United States,46,2nd Place,2,,False,True,11,11.0,11.0,True,3.0,0.1125
32,Jason Mraz,6,39.0,9.75,4,True,Daniella Karagach,Singer/Rapper,Virginia,United States,46,2nd Place,2,,False,True,11,11.0,11.0,True,3.0,0.12111801242236025
32,Jason Mraz,7,36.0,9.0,4,True,Daniella Karagach,Singer/Rapper,Virginia,United States,46,2nd Place,2,,False,True,11,11.0,11.0,True,4.5,0.1276595744680851
32,Jason Mraz,8,33.0,8.25,4,True,Daniella Karagach,Singer/Rapper,Virginia,United States,46,2nd Place,2,,False,True,11,11.0,11.0,True,6.0,0.13043478260869565
32,Jason Mraz,9,43.0,10.75,4,True,Daniella Karagach,Singer/Rapper,Virginia,United States,46,2nd Place,2,,False,True,11,11.0,11.0,True,1.0,0.19457013574660634
32,Jason Mraz,10,28.5,9.5,3,True,Daniella Karagach,Singer/Rapper,Virginia,United States,46,2nd Place,2,,False,True,11,11.0,11.0,True,4.0,0.2
32,Jason Mraz,11,30.0,10.0,3,True,Daniella Karagach,Singer/Rapper,Virginia,United States,46,2nd Place,2,,False,True,11,11.0,11.0,True,1.5,0.20618556701030927
32,Lele Pons,1,19.0,6.333333333333333,3,True,Brandon Armstrong,Social Media Personality,,Venezuela,27,Eliminated Week 7,8,7,False,False,11,7.0,7.0,True,4.0,0.08225108225108226
32,Lele Pons,2,21.0,7.0,3,True,Brandon Armstrong,Social Media Personality,,Venezuela,27,Eliminated Week 7,8,7,False,False,11,7.0,7.0,True,3.5,0.08823529411764706
32,Lele Pons,3,27.0,6.75,4,True,Brandon Armstrong,Social Media Personality,,Venezuela,27,Eliminated Week 7,8,7,False,False,11,7.0,7.0,True,5.0,0.08359133126934984
32,Lele Pons,4,22.0,7.333333333333333,3,True,Brandon Armstrong,Social Media Personality,,Venezuela,27,Eliminated Week 7,8,7,False,False,11,7.0,7.0,True,5.0,0.09166666666666666
32,Lele Pons,5,24.0,8.0,3,True,Brandon Armstrong,Social Media Personality,,Venezuela,27,Eliminated Week 7,8,7,False,False,11,7.0,7.0,True,5.5,0.1
32,Lele Pons,6,37.0,9.25,4,True,Brandon Armstrong,Social Media Personality,,Venezuela,27,Eliminated Week 7,8,7,False,False,11,7.0,7.0,True,5.0,0.11490683229813664
32,Lele Pons,7,36.5,9.125,4,True,Brandon Armstrong,Social Media Personality,,Venezuela,27,Eliminated Week 7,8,7,False,False,11,7.0,7.0,True,3.0,0.12943262411347517
32,Lele Pons,8,,,0,False,Brandon Armstrong,Social Media Personality,,Venezuela,27,Eliminated Week 7,8,7,False,False,11,7.0,7.0,False,,
32,Lele Pons,9,,,0,False,Brandon Armstrong,Social Media Personality,,Venezuela,27,Eliminated Week 7,8,7,False,False,11,7.0,7.0,False,,
32,Lele Pons,10,,,0,False,Brandon Armstrong,Social Media Personality,,Venezuela,27,Eliminated Week 7,8,7,False,False,11,7.0,7.0,False,,
32,Lele Pons,11,,,0,False,Brandon Armstrong,Social Media Personality,,Venezuela,27,Eliminated Week 7,8,7,False,False,11,7.0,7.0,False,,
32,Matt Walsh,1,12.0,4.0,3,True,Koko Iwasaki,Comedian,Illinois,United States,58,Eliminated Week 1,14,1,False,False,11,1.0,1.0,True,13.0,0.05194805194805195
32,Matt Walsh,2,,,0,False,Koko Iwasaki,Comedian,Illinois,United States,58,Eliminated Week 1,14,1,False,False,11,1.0,1.0,False,,
32,Matt Walsh,3,,,0,False,Koko Iwasaki,Comedian,Illinois,United States,58,Eliminated Week 1,14,1,False,False,11,1.0,1.0,False,,
32,Matt Walsh,4,,,0,False,Koko Iwasaki,Comedian,Illinois,United States,58,Eliminated Week 1,14,1,False,False,11,1.0,1.0,False,,
32,Matt Walsh,5,,,0,False,Koko Iwasaki,Comedian,Illinois,United States,58,Eliminated Week 1,14,1,False,False,11,1.0,1.0,False,,
32,Matt Walsh,6,,,0,False,Koko Iwasaki,Comedian,Illinois,United States,58,Eliminated Week 1,14,1,False,False,11,1.0,1.0,False,,
32,Matt Walsh,7,,,0,False,Koko Iwasaki,Comedian,Illinois,United States,58,Eliminated Week 1,14,1,False,False,11,1.0,1.0,False,,
32,Matt Walsh,8,,,0,False,Koko Iwasaki,Comedian,Illinois,United States,58,Eliminated Week 1,14,1,False,False,11,1.0,1.0,False,,
32,Matt Walsh,9,,,0,False,Koko Iwasaki,Comedian,Illinois,United States,58,Eliminated Week 1,14,1,False,False,11,1.0,1.0,False,,
32,Matt Walsh,10,,,0,False,Koko Iwasaki,Comedian,Illinois,United States,58,Eliminated Week 1,14,1,False,False,11,1.0,1.0,False,,
32,Matt Walsh,11,,,0,False,Koko Iwasaki,Comedian,Illinois,United States,58,Eliminated Week 1,14,1,False,False,11,1.0,1.0,False,,
32,Mauricio Umansky,1,15.0,5.0,3,True,Emma Slater,TV Personality,,Mexico,53,Eliminated Week 6,9,6,False,False,11,6.0,6.0,True,9.5,0.06493506493506493
32,Mauricio Umansky,2,12.0,4.0,3,True,Emma Slater,TV Personality,,Mexico,53,Eliminated Week 6,9,6,False,False,11,6.0,6.0,True,13.0,0.05042016806722689
32,Mauricio Umansky,3,23.0,5.75,4,True,Emma Slater,TV Personality,,Mexico,53,Eliminated Week 6,9,6,False,False,11,6.0,6.0,True,10.0,0.07120743034055728
32,Mauricio Umansky,4,19.0,6.333333333333333,3,True,Emma Slater,TV Personality,,Mexico,53,Eliminated Week 6,9,6,False,False,11,6.0,6.0,True,9.0,0.07916666666666666
32,Mauricio Umansky,5,24.0,8.0,3,True,Emma Slater,TV Personality,,Mexico,53,Eliminated Week 6,9,6,False,False,11,6.0,6.0,True,5.5,0.1
32,Mauricio Umansky,6,33.0,8.25,4,True,Emma Slater,TV Personality,,Mexico,53,Eliminated Week 6,9,6,False,False,11,6.0,6.0,True,6.0,0.10248447204968944
32,Mauricio Umansky,7,,,0,False,Emma Slater,TV Personality,,Mexico,53,Eliminated Week 6,9,6,False,False,11,6.0,6.0,False,,
32,Mauricio Umansky,8,,,0,False,Emma Slater,TV Personality,,Mexico,53,Eliminated Week 6,9,6,False,False,11,6.0,6.0,False,,
32,Mauricio Umansky,9,,,0,False,Emma Slater,TV Personality,,Mexico,53,Eliminated Week 6,9,6,False,False,11,6.0,6.0,False,,
32,Mauricio Umansky,10,,,0,False,Emma Slater,TV Personality,,Mexico,53,Eliminated Week 6,9,6,False,False,11,6.0,6.0,False,,
32,Mauricio Umansky,11,,,0,False,Emma Slater,TV Personality,,Mexico,53,Eliminated Week 6,9,6,False,False,11,6.0,6.0,False,,
32,Mira Sorvino,1,17.0,5.666666666666667,3,True,Gleb Savchenko,Actor/Actress,New York,United States,55,Eliminated Week 5,10,5,False,False,11,5.0,5.0,True,7.0,0.0735930735930736
32,Mira Sorvino,2,18.0,6.0,3,True,Gleb Savchenko,Actor/Actress,New York,United States,55,Eliminated Week 5,10,5,False,False,11,5.0,5.0,True,7.5,0.07563025210084033
32,Mira Sorvino,3,26.0,6.5,4,True,Gleb Savchenko,Actor/Actress,New York,United States,55,Eliminated Week 5,10,5,False,False,11,5.0,5.0,True,6.0,0.0804953560371517
32,Mira Sorvino,4,21.0,7.0,3,True,Gleb Savchenko,Actor/Actress,New York,United States,55,Eliminated Week 5,10,5,False,False,11,5.0,5.0,True,7.0,0.0875
32,Mira Sorvino,5,22.0,7.333333333333333,3,True,Gleb Savchenko,Actor/Actress,New York,United States,55,Eliminated Week 5,10,5,False,False,11,5.0,5.0,True,8.0,0.09166666666666666
32,Mira Sorvino,6,,,0,False,Gleb Savchenko,Actor/Actress,New York,United States,55,Eliminated Week 5,10,5,False,False,11,5.0,5.0,False,,
32,Mira Sorvino,7,,,0,False,Gleb Savchenko,Actor/Actress,New York,United States,55,Eliminated Week 5,10,5,False,False,11,5.0,5.0,False,,
32,Mira Sorvino,8,,,0,False,Gleb Savchenko,Actor/Actress,New York,United States,55,Eliminated Week 5,10,5,False,False,11,5.0,5.0,False,,
32,Mira Sorvino,9,,,0,False,Gleb Savchenko,Actor/Actress,New York,United States,55,Eliminated Week 5,10,5,False,False,11,5.0,5.0,False,,
32,Mira Sorvino,10,,,0,False,Gleb Savchenko,Actor/Actress,New York,United States,55,Eliminated Week 5,10,5,False,False,11,5.0,5.0,False,,
32,Mira Sorvino,11,,,0,False,Gleb Savchenko,Actor/Actress,New York,United States,55,Eliminated Week 5,10,5,False,False,11,5.0,5.0,False,,
32,Tyson Beckford,1,12.0,4.0,3,True,Jenna Johnson,Model,New York,United States,52,Eliminated Week 3,12,3,False,False,11,3.0,3.0,True,13.0,0.05194805194805195
32,Tyson Beckford,2,18.0,6.0,3,True,Jenna Johnson,Model,New York,United States,52,Eliminated Week 3,12,3,False,False,11,3.0,3.0,True,7.5,0.07563025210084033
32,Tyson Beckford,3,20.0,5.0,4,True,Jenna Johnson,Model,New York,United States,52,Eliminated Week 3,12,3,False,False,11,3.0,3.0,True,12.0,0.06191950464396285
32,Tyson Beckford,4,,,0,False,Jenna Johnson,Model,New York,United States,52,Eliminated Week 3,12,3,False,False,11,3.0,3.0,False,,
32,Tyson Beckford,5,,,0,False,Jenna Johnson,Model,New York,United States,52,Eliminated Week 3,12,3,False,False,11,3.0,3.0,False,,
32,Tyson Beckford,6,,,0,False,Jenna Johnson,Model,New York,United States,52,Eliminated Week 3,12,3,False,False,11,3.0,3.0,False,,
32,Tyson Beckford,7,,,0,False,Jenna Johnson,Model,New York,United States,52,Eliminated Week 3,12,3,False,False,11,3.0,3.0,False,,
32,Tyson Beckford,8,,,0,False,Jenna Johnson,Model,New York,United States,52,Eliminated Week 3,12,3,False,False,11,3.0,3.0,False,,
32,Tyson Beckford,9,,,0,False,Jenna Johnson,Model,New York,United States,52,Eliminated Week 3,12,3,False,False,11,3.0,3.0,False,,
32,Tyson Beckford,10,,,0,False,Jenna Johnson,Model,New York,United States,52,Eliminated Week 3,12,3,False,False,11,3.0,3.0,False,,
32,Tyson Beckford,11,,,0,False,Jenna Johnson,Model,New York,United States,52,Eliminated Week 3,12,3,False,False,11,3.0,3.0,False,,
32,Xochitl Gomez,1,18.0,6.0,3,True,Valentin Chmerkovskiy,Actor/Actress,California,United States,17,1st Place,1,,False,True,11,11.0,11.0,True,5.5,0.07792207792207792
32,Xochitl Gomez,2,24.0,8.0,3,True,Valentin Chmerkovskiy,Actor/Actress,California,United States,17,1st Place,1,,False,True,11,11.0,11.0,True,1.5,0.10084033613445378
32,Xochitl Gomez,3,32.0,8.0,4,True,Valentin Chmerkovskiy,Actor/Actress,California,United States,17,1st Place,1,,False,True,11,11.0,11.0,True,3.5,0.09907120743034056
32,Xochitl Gomez,4,27.0,9.0,3,True,Valentin Chmerkovskiy,Actor/Actress,California,United States,17,1st Place,1,,False,True,11,11.0,11.0,True,1.0,0.1125
32,Xochitl Gomez,5,28.0,9.333333333333334,3,True,Valentin Chmerkovskiy,Actor/Actress,California,United States,17,1st Place,1,,False,True,11,11.0,11.0,True,1.5,0.11666666666666667
32,Xochitl Gomez,6,42.0,10.5,4,True,Valentin Chmerkovskiy,Actor/Actress,California,United States,17,1st Place,1,,False,True,11,11.0,11.0,True,1.0,0.13043478260869565
32,Xochitl Gomez,7,37.0,9.25,4,True,Valentin Chmerkovskiy,Actor/Actress,California,United States,17,1st Place,1,,False,True,11,11.0,11.0,True,1.5,0.13120567375886524
32,Xochitl Gomez,8,40.0,10.0,4,True,Valentin Chmerkovskiy,Actor/Actress,California,United States,17,1st Place,1,,False,True,11,11.0,11.0,True,2.0,0.15810276679841898
32,Xochitl Gomez,9,41.0,10.25,4,True,Valentin Chmerkovskiy,Actor/Actress,California,United States,17,1st Place,1,,False,True,11,11.0,11.0,True,2.0,0.18552036199095023
32,Xochitl Gomez,10,30.0,10.0,3,True,Valentin Chmerkovskiy,Actor/Actress,California,United States,17,1st Place,1,,False,True,11,11.0,11.0,True,1.0,0.21052631578947367
32,Xochitl Gomez,11,30.0,10.0,3,True,Valentin Chmerkovskiy,Actor/Actress,California,United States,17,1st Place,1,,False,True,11,11.0,11.0,True,1.5,0.20618556701030927
33,Anna Delvey,1,18.0,6.0,3,True,Ezra Sosa,Con artist,,Russia,33,Eliminated Week 2,12,2,False,False,9,2.0,2.0,True,9.0,0.0728744939271255
33,Anna Delvey,2,17.0,5.666666666666667,3,True,Ezra Sosa,Con artist,,Russia,33,Eliminated Week 2,12,2,False,False,9,2.0,2.0,True,11.0,0.06589147286821706
33,Anna Delvey,3,,,0,False,Ezra Sosa,Con artist,,Russia,33,Eliminated Week 2,12,2,False,False,9,2.0,2.0,False,,
33,Anna Delvey,4,,,0,False,Ezra Sosa,Con artist,,Russia,33,Eliminated Week 2,12,2,False,False,9,2.0,2.0,False,,
33,Anna Delvey,5,,,0,False,Ezra Sosa,Con artist,,Russia,33,Eliminated Week 2,12,2,False,False,9,2.0,2.0,False,,
33,Anna Delvey,6,,,0,False,Ezra Sosa,Con artist,,Russia,33,Eliminated Week 2,12,2,False,False,9,2.0,2.0,False,,
33,Anna Delvey,7,,,0,False,Ezra Sosa,Con artist,,Russia,33,Eliminated Week 2,12,2,False,False,9,2.0,2.0,False,,
33,Anna Delvey,8,,,0,False,Ezra Sosa,Con artist,,Russia,33,Eliminated Week 2,12,2,False,False,9,2.0,2.0,False,,
33,Anna Delvey,9,,,0,False,Ezra Sosa,Con artist,,Russia,33,Eliminated Week 2,12,2,False,False,9,2.0,2.0,False,,
33,Brooks Nader,1,18.0,6.0,3,True,Gleb Savchenko,Model,New York,United States,27,Eliminated Week 4,9,4,False,False,9,4.0,4.0,True,9.0,0.0728744939271255
33,Brooks Nader,2,20.0,6.666666666666667,3,True,Gleb Savchenko,Model,New York,United States,27,Eliminated Week 4,9,4,False,False,9,4.0,4.0,True,8.0,0.07751937984496124
33,Brooks Nader,3,30.5,7.625,4,True,Gleb Savchenko,Model,New York,United States,27,Eliminated Week 4,9,4,False,False,9,4.0,4.0,True,5.0,0.0959119496855346
33,Brooks Nader,4,32.0,8.0,4,True,Gleb Savchenko,Model,New York,United States,27,Eliminated Week 4,9,4,False,False,9,4.0,4.0,True,6.0,0.10884353741496598
33,Brooks Nader,5,,,0,False,Gleb Savchenko,Model,New York,United States,27,Eliminated Week 4,9,4,False,False,9,4.0,4.0,False,,
33,Brooks Nader,6,,,0,False,Gleb Savchenko,Model,New York,United States,27,Eliminated Week 4,9,4,False,False,9,4.0,4.0,False,,
33,Brooks Nader,7,,,0,False,Gleb Savchenko,Model,New York,United States,27,Eliminated Week 4,9,4,False,False,9,4.0,4.0,False,,
33,Brooks Nader,8,,,0,False,Gleb Savchenko,Model,New York,United States,27,Eliminated Week 4,9,4,False,False,9,4.0,4.0,False,,
33,Brooks Nader,9,,,0,False,Gleb Savchenko,Model,New York,United States,27,Eliminated Week 4,9,4,False,False,9,4.0,4.0,False,,
33,Chandler Kinney,1,23.0,7.666666666666667,3,True,Brandon Armstrong,Actor/Actress,California,United States,24,3rd Place,3,,False,True,9,9.0,9.0,True,1.0,0.0931174089068826
33,Chandler Kinney,2,24.0,8.0,3,True,Brandon Armstrong,Actor/Actress,California,United States,24,3rd Place,3,,False,True,9,9.0,9.0,True,1.0,0.09302325581395349
33,Chandler Kinney,3,34.5,8.625,4,True,Brandon Armstrong,Actor/Actress,California,United States,24,3rd Place,3,,False,True,9,9.0,9.0,True,2.0,0.10849056603773585
33,Chandler Kinney,4,32.0,8.0,4,True,Brandon Armstrong,Actor/Actress,California,United States,24,3rd Place,3,,False,True,9,9.0,9.0,True,6.0,0.10884353741496598
33,Chandler Kinney,5,27.0,9.0,3,True,Brandon Armstrong,Actor/Actress,California,United States,24,3rd Place,3,,False,True,9,9.0,9.0,True,1.0,0.13366336633663367
33,Chandler Kinney,6,32.0,10.666666666666666,3,True,Brandon Armstrong,Actor/Actress,California,United States,24,3rd Place,3,,False,True,9,9.0,9.0,True,1.5,0.1553398058252427
33,Chandler Kinney,7,30.0,10.0,3,True,Brandon Armstrong,Actor/Actress,California,United States,24,3rd Place,3,,False,True,9,9.0,9.0,True,1.0,0.1875
33,Chandler Kinney,8,29.0,9.666666666666666,3,True,Brandon Armstrong,Actor/Actress,California,United States,24,3rd Place,3,,False,True,9,9.0,9.0,True,1.5,0.20714285714285716
33,Chandler Kinney,9,30.0,10.0,3,True,Brandon Armstrong,Actor/Actress,California,United States,24,3rd Place,3,,False,True,9,9.0,9.0,True,1.0,0.20618556701030927
33,Danny Amendola,1,20.0,6.666666666666667,3,True,Witney Carson,Athlete,Texas,United States,39,5th Place,5,,False,True,9,9.0,9.0,True,5.0,0.08097165991902834
33,Danny Amendola,2,21.0,7.0,3,True,Witney Carson,Athlete,Texas,United States,39,5th Place,5,,False,True,9,9.0,9.0,True,6.0,0.08139534883720931
33,Danny Amendola,3,30.0,7.5,4,True,Witney Carson,Athlete,Texas,United States,39,5th Place,5,,False,True,9,9.0,9.0,True,6.0,0.09433962264150944
33,Danny Amendola,4,36.0,9.0,4,True,Witney Carson,Athlete,Texas,United States,39,5th Place,5,,False,True,9,9.0,9.0,True,1.5,0.12244897959183673
33,Danny Amendola,5,25.5,8.5,3,True,Witney Carson,Athlete,Texas,United States,39,5th Place,5,,False,True,9,9.0,9.0,True,4.5,0.12623762376237624
33,Danny Amendola,6,28.0,9.333333333333334,3,True,Witney Carson,Athlete,Texas,United States,39,5th Place,5,,False,True,9,9.0,9.0,True,5.5,0.13592233009708737
33,Danny Amendola,7,25.5,8.5,3,True,Witney Carson,Athlete,Texas,United States,39,5th Place,5,,False,True,9,9.0,9.0,True,5.0,0.159375
33,Danny Amendola,8,27.0,9.0,3,True,Witney Carson,Athlete,Texas,United States,39,5th Place,5,,False,True,9,9.0,9.0,True,4.0,0.19285714285714287
33,Danny Amendola,9,28.0,9.333333333333334,3,True,Witney Carson,Athlete,Texas,United States,39,5th Place,5,,False,True,9,9.0,9.0,True,5.0,0.19243986254295534
33,Dwight Howard,1,22.0,7.333333333333333,3,True,Daniella Karagach,Athlete,Georgia,United States,38,Eliminated Week 7,6,7,False,False,9,7.0,7.0,True,2.0,0.08906882591093117
33,Dwight Howard,2,22.0,7.333333333333333,3,True,Daniella Karagach,Athlete,Georgia,United States,38,Eliminated Week 7,6,7,False,False,9,7.0,7.0,True,3.0,0.08527131782945736
33,Dwight Howard,3,26.0,6.5,4,True,Daniella Karagach,Athlete,Georgia,United States,38,Eliminated Week 7,6,7,False,False,9,7.0,7.0,True,9.0,0.08176100628930817
33,Dwight Howard,4,29.0,7.25,4,True,Daniella Karagach,Athlete,Georgia,United States,38,Eliminated Week 7,6,7,False,False,9,7.0,7.0,True,9.0,0.09863945578231292
33,Dwight Howard,5,24.0,8.0,3,True,Daniella Karagach,Athlete,Georgia,United States,38,Eliminated Week 7,6,7,False,False,9,7.0,7.0,True,7.0,0.1188118811881188
33,Dwight Howard,6,31.0,10.333333333333334,3,True,Daniella Karagach,Athlete,Georgia,United States,38,Eliminated Week 7,6,7,False,False,9,7.0,7.0,True,3.5,0.15048543689320387
33,Dwight Howard,7,24.0,8.0,3,True,Daniella Karagach,Athlete,Georgia,United States,38,Eliminated Week 7,6,7,False,False,9,7.0,7.0,True,6.0,0.15
33,Dwight Howard,8,,,0,False,Daniella Karagach,Athlete,Georgia,United States,38,Eliminated Week 7,6,7,False,False,9,7.0,7.0,False,,
33,Dwight Howard,9,,,0,False,Daniella Karagach,Athlete,Georgia,United States,38,Eliminated Week 7,6,7,False,False,9,7.0,7.0,False,,
33,Eric Roberts,1,15.0,5.0,3,True,Britt Stewart,Actor/Actress,California,United States,68,Eliminated Week 3,10,3,False,False,9,3.0,3.0,True,13.0,0.06072874493927125
33,Eric Roberts,2,15.0,5.0,3,True,Britt Stewart,Actor/Actress,California,United States,68,Eliminated Week 3,10,3,False,False,9,3.0,3.0,True,12.5,0.05813953488372093
33,Eric Roberts,3,23.0,5.75,4,True,Britt Stewart,Actor/Actress,California,United States,68,Eliminated Week 3,10,3,False,False,9,3.0,3.0,True,10.0,0.07232704402515723
33,Eric Roberts,4,,,0,False,Britt Stewart,Actor/Actress,California,United States,68,Eliminated Week 3,10,3,False,False,9,3.0,3.0,False,,
33,Eric Roberts,5,,,0,False,Britt Stewart,Actor/Actress,California,United States,68,Eliminated Week 3,10,3,False,False,9,3.0,3.0,False,,
33,Eric Roberts,6,,,0,False,Britt Stewart,Actor/Actress,California,United States,68,Eliminated Week 3,10,3,False,False,9,3.0,3.0,False,,
33,Eric Roberts,7,,,0,False,Britt Stewart,Actor/Actress,California,United States,68,Eliminated Week 3,10,3,False,False,9,3.0,3.0,False,,
33,Eric Roberts,8,,,0,False,Britt Stewart,Actor/Actress,California,United States,68,Eliminated Week 3,10,3,False,False,9,3.0,3.0,False,,
33,Eric Roberts,9,,,0,False,Britt Stewart,Actor/Actress,California,United States,68,Eliminated Week 3,10,3,False,False,9,3.0,3.0,False,,
33,Ilona Maher,1,18.0,6.0,3,True,Alan Bersten,Athlete,California,United States,28,2nd Place,2,,False,True,9,9.0,9.0,True,9.0,0.0728744939271255
33,Ilona Maher,2,21.0,7.0,3,True,Alan Bersten,Athlete,California,United States,28,2nd Place,2,,False,True,9,9.0,9.0,True,6.0,0.08139534883720931
33,Ilona Maher,3,28.0,7.0,4,True,Alan Bersten,Athlete,California,United States,28,2nd Place,2,,False,True,9,9.0,9.0,True,7.5,0.0880503144654088
33,Ilona Maher,4,32.0,8.0,4,True,Alan Bersten,Athlete,California,United States,28,2nd Place,2,,False,True,9,9.0,9.0,True,6.0,0.10884353741496598
33,Ilona Maher,5,26.0,8.666666666666666,3,True,Alan Bersten,Athlete,California,United States,28,2nd Place,2,,False,True,9,9.0,9.0,True,2.5,0.12871287128712872
33,Ilona Maher,6,24.0,8.0,3,True,Alan Bersten,Athlete,California,United States,28,2nd Place,2,,False,True,9,9.0,9.0,True,7.0,0.11650485436893204
33,Ilona Maher,7,26.0,8.666666666666666,3,True,Alan Bersten,Athlete,California,United States,28,2nd Place,2,,False,True,9,9.0,9.0,True,4.0,0.1625
33,Ilona Maher,8,28.5,9.5,3,True,Alan Bersten,Athlete,California,United States,28,2nd Place,2,,False,True,9,9.0,9.0,True,3.0,0.20357142857142857
33,Ilona Maher,9,28.5,9.5,3,True,Alan Bersten,Athlete,California,United States,28,2nd Place,2,,False,True,9,9.0,9.0,True,4.0,0.1958762886597938
33,Jenn Tran,1,19.0,6.333333333333333,3,True,Sasha Farber,TV Personality,Florida,United States,26,Eliminated Week 6,7,6,False,False,9,6.0,6.0,True,6.5,0.07692307692307693
33,Jenn Tran,2,19.0,6.333333333333333,3,True,Sasha Farber,TV Personality,Florida,United States,26,Eliminated Week 6,7,6,False,False,9,6.0,6.0,True,9.5,0.07364341085271318
33,Jenn Tran,3,31.0,7.75,4,True,Sasha Farber,TV Personality,Florida,United States,26,Eliminated Week 6,7,6,False,False,9,6.0,6.0,True,3.5,0.09748427672955975
33,Jenn Tran,4,32.0,8.0,4,True,Sasha Farber,TV Personality,Florida,United States,26,Eliminated Week 6,7,6,False,False,9,6.0,6.0,True,6.0,0.10884353741496598
33,Jenn Tran,5,25.5,8.5,3,True,Sasha Farber,TV Personality,Florida,United States,26,Eliminated Week 6,7,6,False,False,9,6.0,6.0,True,4.5,0.12623762376237624
33,Jenn Tran,6,31.0,10.333333333333334,3,True,Sasha Farber,TV Personality,Florida,United States,26,Eliminated Week 6,7,6,False,False,9,6.0,6.0,True,3.5,0.15048543689320387
33,Jenn Tran,7,,,0,False,Sasha Farber,TV Personality,Florida,United States,26,Eliminated Week 6,7,6,False,False,9,6.0,6.0,False,,
33,Jenn Tran,8,,,0,False,Sasha Farber,TV Personality,Florida,United States,26,Eliminated Week 6,7,6,False,False,9,6.0,6.0,False,,
33,Jenn Tran,9,,,0,False,Sasha Farber,TV Personality,Florida,United States,26,Eliminated Week 6,7,6,False,False,9,6.0,6.0,False,,
33,Joey Graziadei,1,21.0,7.0,3,True,Jenna Johnson,TV Personality,Louisiana,United States,29,1st Place,1,,False,True,9,9.0,9.0,True,3.5,0.08502024291497975
33,Joey Graziadei,2,22.0,7.333333333333333,3,True,Jenna Johnson,TV Personality,Louisiana,United States,29,1st Place,1,,False,True,9,9.0,9.0,True,3.0,0.08527131782945736
33,Joey Graziadei,3,35.0,8.75,4,True,Jenna Johnson,TV Personality,Louisiana,United States,29,1st Place,1,,False,True,9,9.0,9.0,True,1.0,0.11006289308176101
33,Joey Graziadei,4,36.0,9.0,4,True,Jenna Johnson,TV Personality,Louisiana,United States,29,1st Place,1,,False,True,9,9.0,9.0,True,1.5,0.12244897959183673
33,Joey Graziadei,5,26.0,8.666666666666666,3,True,Jenna Johnson,TV Personality,Louisiana,United States,29,1st Place,1,,False,True,9,9.0,9.0,True,2.5,0.12871287128712872
33,Joey Graziadei,6,32.0,10.666666666666666,3,True,Jenna Johnson,TV Personality,Louisiana,United States,29,1st Place,1,,False,True,9,9.0,9.0,True,1.5,0.1553398058252427
33,Joey Graziadei,7,27.5,9.166666666666666,3,True,Jenna Johnson,TV Personality,Louisiana,United States,29,1st Place,1,,False,True,9,9.0,9.0,True,2.0,0.171875
33,Joey Graziadei,8,29.0,9.666666666666666,3,True,Jenna Johnson,TV Personality,Louisiana,United States,29,1st Place,1,,False,True,9,9.0,9.0,True,1.5,0.20714285714285716
33,Joey Graziadei,9,29.5,9.833333333333334,3,True,Jenna Johnson,TV Personality,Louisiana,United States,29,1st Place,1,,False,True,9,9.0,9.0,True,2.5,0.2027491408934708
33,Phaedra Parks,1,19.0,6.333333333333333,3,True,Val Chmerkovskiy,TV Personality,Georgia,United States,51,Eliminated Week 5,8,5,False,False,9,5.0,5.0,True,6.5,0.07692307692307693
33,Phaedra Parks,2,21.0,7.0,3,True,Val Chmerkovskiy,TV Personality,Georgia,United States,51,Eliminated Week 5,8,5,False,False,9,5.0,5.0,True,6.0,0.08139534883720931
33,Phaedra Parks,3,28.0,7.0,4,True,Val Chmerkovskiy,TV Personality,Georgia,United States,51,Eliminated Week 5,8,5,False,False,9,5.0,5.0,True,7.5,0.0880503144654088
33,Phaedra Parks,4,32.0,8.0,4,True,Val Chmerkovskiy,TV Personality,Georgia,United States,51,Eliminated Week 5,8,5,False,False,9,5.0,5.0,True,6.0,0.10884353741496598
33,Phaedra Parks,5,24.0,8.0,3,True,Val Chmerkovskiy,TV Personality,Georgia,United States,51,Eliminated Week 5,8,5,False,False,9,5.0,5.0,True,7.0,0.1188118811881188
33,Phaedra Parks,6,,,0,False,Val Chmerkovskiy,TV Personality,Georgia,United States,51,Eliminated Week 5,8,5,False,False,9,5.0,5.0,False,,
33,Phaedra Parks,7,,,0,False,Val Chmerkovskiy,TV Personality,Georgia,United States,51,Eliminated Week 5,8,5,False,False,9,5.0,5.0,False,,
33,Phaedra Parks,8,,,0,False,Val Chmerkovskiy,TV Personality,Georgia,United States,51,Eliminated Week 5,8,5,False,False,9,5.0,5.0,False,,
33,Phaedra Parks,9,,,0,False,Val Chmerkovskiy,TV Personality,Georgia,United States,51,Eliminated Week 5,8,5,False,False,9,5.0,5.0,False,,
33,Reginald VelJohnson,1,16.0,5.333333333333333,3,True,Emma Slater,Actor/Actress,New York,United States,74,Eliminated Week 3,10,3,False,False,9,3.0,3.0,True,12.0,0.06477732793522267
33,Reginald VelJohnson,2,15.0,5.0,3,True,Emma Slater,Actor/Actress,New York,United States,74,Eliminated Week 3,10,3,False,False,9,3.0,3.0,True,12.5,0.05813953488372093
33,Reginald VelJohnson,3,21.0,5.25,4,True,Emma Slater,Actor/Actress,New York,United States,74,Eliminated Week 3,10,3,False,False,9,3.0,3.0,True,11.0,0.0660377358490566
33,Reginald VelJohnson,4,,,0,False,Emma Slater,Actor/Actress,New York,United States,74,Eliminated Week 3,10,3,False,False,9,3.0,3.0,False,,
33,Reginald VelJohnson,5,,,0,False,Emma Slater,Actor/Actress,New York,United States,74,Eliminated Week 3,10,3,False,False,9,3.0,3.0,False,,
33,Reginald VelJohnson,6,,,0,False,Emma Slater,Actor/Actress,New York,United States,74,Eliminated Week 3,10,3,False,False,9,3.0,3.0,False,,
33,Reginald VelJohnson,7,,,0,False,Emma Slater,Actor/Actress,New York,United States,74,Eliminated Week 3,10,3,False,False,9,3.0,3.0,False,,
33,Reginald VelJohnson,8,,,0,False,Emma Slater,Actor/Actress,New York,United States,74,Eliminated Week 3,10,3,False,False,9,3.0,3.0,False,,
33,Reginald VelJohnson,9,,,0,False,Emma Slater,Actor/Actress,New York,United States,74,Eliminated Week 3,10,3,False,False,9,3.0,3.0,False,,
33,Stephen Nedoroscik,1,21.0,7.0,3,True,Rylee Arnold,Athlete,Florida,United States,26,4th Place,4,,False,True,9,9.0,9.0,True,3.5,0.08502024291497975
33,Stephen Nedoroscik,2,22.0,7.333333333333333,3,True,Rylee Arnold,Athlete,Florida,United States,26,4th Place,4,,False,True,9,9.0,9.0,True,3.0,0.08527131782945736
33,Stephen Nedoroscik,3,31.0,7.75,4,True,Rylee Arnold,Athlete,Florida,United States,26,4th Place,4,,False,True,9,9.0,9.0,True,3.5,0.09748427672955975
33,Stephen Nedoroscik,4,33.0,8.25,4,True,Rylee Arnold,Athlete,Florida,United States,26,4th Place,4,,False,True,9,9.0,9.0,True,3.0,0.11224489795918367
33,Stephen Nedoroscik,5,24.0,8.0,3,True,Rylee Arnold,Athlete,Florida,United States,26,4th Place,4,,False,True,9,9.0,9.0,True,7.0,0.1188118811881188
33,Stephen Nedoroscik,6,28.0,9.333333333333334,3,True,Rylee Arnold,Athlete,Florida,United States,26,4th Place,4,,False,True,9,9.0,9.0,True,5.5,0.13592233009708737
33,Stephen Nedoroscik,7,27.0,9.0,3,True,Rylee Arnold,Athlete,Florida,United States,26,4th Place,4,,False,True,9,9.0,9.0,True,3.0,0.16875
33,Stephen Nedoroscik,8,26.5,8.833333333333334,3,True,Rylee Arnold,Athlete,Florida,United States,26,4th Place,4,,False,True,9,9.0,9.0,True,5.0,0.18928571428571428
33,Stephen Nedoroscik,9,29.5,9.833333333333334,3,True,Rylee Arnold,Athlete,Florida,United States,26,4th Place,4,,False,True,9,9.0,9.0,True,2.5,0.2027491408934708
33,Tori Spelling,1,17.0,5.666666666666667,3,True,Pasha Pashkov,Actor/Actress,California,United States,51,Eliminated Week 2,12,2,False,False,9,2.0,2.0,True,11.0,0.06882591093117409
33,Tori Spelling,2,19.0,6.333333333333333,3,True,Pasha Pashkov,Actor/Actress,California,United States,51,Eliminated Week 2,12,2,False,False,9,2.0,2.0,True,9.5,0.07364341085271318
33,Tori Spelling,3,,,0,False,Pasha Pashkov,Actor/Actress,California,United States,51,Eliminated Week 2,12,2,False,False,9,2.0,2.0,False,,
33,Tori Spelling,4,,,0,False,Pasha Pashkov,Actor/Actress,California,United States,51,Eliminated Week 2,12,2,False,False,9,2.0,2.0,False,,
33,Tori Spelling,5,,,0,False,Pasha Pashkov,Actor/Actress,California,United States,51,Eliminated Week 2,12,2,False,False,9,2.0,2.0,False,,
33,Tori Spelling,6,,,0,False,Pasha Pashkov,Actor/Actress,California,United States,51,Eliminated Week 2,12,2,False,False,9,2.0,2.0,False,,
33,Tori Spelling,7,,,0,False,Pasha Pashkov,Actor/Actress,California,United States,51,Eliminated Week 2,12,2,False,False,9,2.0,2.0,False,,
33,Tori Spelling,8,,,0,False,Pasha Pashkov,Actor/Actress,California,United States,51,Eliminated Week 2,12,2,False,False,9,2.0,2.0,False,,
33,Tori Spelling,9,,,0,False,Pasha Pashkov,Actor/Actress,California,United States,51,Eliminated Week 2,12,2,False,False,9,2.0,2.0,False,,
34,Alix Earle,1,13.0,6.5,2,True,Val Chmerkovskiy (Joey Graziadei week 9),Social media personality,Florida,United States,24,2nd Place,2,,False,True,11,11.0,11.0,True,4.5,0.07926829268292683
34,Alix Earle,2,21.0,7.0,3,True,Val Chmerkovskiy (Joey Graziadei week 9),Social media personality,Florida,United States,24,2nd Place,2,,False,True,11,11.0,11.0,True,6.5,0.07553956834532374
34,Alix Earle,3,23.0,7.666666666666667,3,True,Val Chmerkovskiy (Joey Graziadei week 9),Social media personality,Florida,United States,24,2nd Place,2,,False,True,11,11.0,11.0,True,3.5,0.08949416342412451
34,Alix Earle,4,24.0,8.0,3,True,Val Chmerkovskiy (Joey Graziadei week 9),Social media personality,Florida,United States,24,2nd Place,2,,False,True,11,11.0,11.0,True,3.0,0.0967741935483871
34,Alix Earle,5,35.0,8.75,4,True,Val Chmerkovskiy (Joey Graziadei week 9),Social media personality,Florida,United States,24,2nd Place,2,,False,True,11,11.0,11.0,True,2.5,0.11182108626198083
34,Alix Earle,6,35.0,8.75,4,True,Val Chmerkovskiy (Joey Graziadei week 9),Social media personality,Florida,United States,24,2nd Place,2,,False,True,11,11.0,11.0,True,6.0,0.10294117647058823
34,Alix Earle,7,43.0,10.75,4,True,Val Chmerkovskiy (Joey Graziadei week 9),Social media personality,Florida,United States,24,2nd Place,2,,False,True,11,11.0,11.0,True,1.0,0.12951807228915663
34,Alix Earle,8,38.5,9.625,4,True,Val Chmerkovskiy (Joey Graziadei week 9),Social media personality,Florida,United States,24,2nd Place,2,,False,True,11,11.0,11.0,True,3.0,0.12769485903814262
34,Alix Earle,9,40.0,10.0,4,True,Val Chmerkovskiy (Joey Graziadei week 9),Social media personality,Florida,United States,24,2nd Place,2,,False,True,11,11.0,11.0,True,4.0,0.14814814814814814
34,Alix Earle,10,29.0,9.666666666666666,3,True,Val Chmerkovskiy (Joey Graziadei week 9),Social media personality,Florida,United States,24,2nd Place,2,,False,True,11,11.0,11.0,True,2.5,0.1686046511627907
34,Alix Earle,11,30.0,10.0,3,True,Val Chmerkovskiy (Joey Graziadei week 9),Social media personality,Florida,United States,24,2nd Place,2,,False,True,11,11.0,11.0,True,1.0,0.2031609129238783
34,Andy Richter,1,9.0,4.5,2,True,Emma Slater/Kaitlyn Bristowe (week 9),Comedian,California,United States,59,Eliminated Week 9,7,9,False,False,11,9.0,9.0,True,13.5,0.054878048780487805
34,Andy Richter,2,16.0,5.333333333333333,3,True,Emma Slater/Kaitlyn Bristowe (week 9),Comedian,California,United States,59,Eliminated Week 9,7,9,False,False,11,9.0,9.0,True,13.0,0.05755395683453238
34,Andy Richter,3,18.0,6.0,3,True,Emma Slater/Kaitlyn Bristowe (week 9),Comedian,California,United States,59,Eliminated Week 9,7,9,False,False,11,9.0,9.0,True,11.5,0.07003891050583658
34,Andy Richter,4,18.0,6.0,3,True,Emma Slater/Kaitlyn Bristowe (week 9),Comedian,California,United States,59,Eliminated Week 9,7,9,False,False,11,9.0,9.0,True,11.0,0.07258064516129033
34,Andy Richter,5,24.0,6.0,4,True,Emma Slater/Kaitlyn Bristowe (week 9),Comedian,California,United States,59,Eliminated Week 9,7,9,False,False,11,9.0,9.0,True,10.0,0.07667731629392971
34,Andy Richter,6,27.0,6.75,4,True,Emma Slater/Kaitlyn Bristowe (week 9),Comedian,California,United States,59,Eliminated Week 9,7,9,False,False,11,9.0,9.0,True,10.0,0.07941176470588235
34,Andy Richter,7,29.0,7.25,4,True,Emma Slater/Kaitlyn Bristowe (week 9),Comedian,California,United States,59,Eliminated Week 9,7,9,False,False,11,9.0,9.0,True,9.0,0.08734939759036145
34,Andy Richter,8,34.0,8.5,4,True,Emma Slater/Kaitlyn Bristowe (week 9),Comedian,California,United States,59,Eliminated Week 9,7,9,False,False,11,9.0,9.0,True,8.0,0.11276948590381426
34,Andy Richter,9,29.0,7.25,4,True,Emma Slater/Kaitlyn Bristowe (week 9),Comedian,California,United States,59,Eliminated Week 9,7,9,False,False,11,9.0,9.0,True,7.0,0.10740740740740741
34,Andy Richter,10,,,0,False,Emma Slater/Kaitlyn Bristowe (week 9),Comedian,California,United States,59,Eliminated Week 9,7,9,False,False,11,9.0,9.0,False,,
34,Andy Richter,11,,,0,False,Emma Slater/Kaitlyn Bristowe (week 9),Comedian,California,United States,59,Eliminated Week 9,7,9,False,False,11,9.0,9.0,False,,
34,Baron Davis,1,10.0,5.0,2,True,Britt Stewart,Athlete,California,United States,46,Eliminated Week 2,13,2,False,False,11,2.0,2.0,True,10.5,0.06097560975609756
34,Baron Davis,2,18.0,6.0,3,True,Britt Stewart,Athlete,California,United States,46,Eliminated Week 2,13,2,False,False,11,2.0,2.0,True,11.5,0.06474820143884892
34,Baron Davis,3,,,0,False,Britt Stewart,Athlete,California,United States,46,Eliminated Week 2,13,2,False,False,11,2.0,2.0,False,,
34,Baron Davis,4,,,0,False,Britt Stewart,Athlete,California,United States,46,Eliminated Week 2,13,2,False,False,11,2.0,2.0,False,,
34,Baron Davis,5,,,0,False,Britt Stewart,Athlete,California,United States,46,Eliminated Week 2,13,2,False,False,11,2.0,2.0,False,,
34,Baron Davis,6,,,0,False,Britt Stewart,Athlete,California,United States,46,Eliminated Week 2,13,2,False,False,11,2.0,2.0,False,,
34,Baron Davis,7,,,0,False,Britt Stewart,Athlete,California,United States,46,Eliminated Week 2,13,2,False,False,11,2.0,2.0,False,,
34,Baron Davis,8,,,0,False,Britt Stewart,Athlete,California,United States,46,Eliminated Week 2,13,2,False,False,11,2.0,2.0,False,,
34,Baron Davis,9,,,0,False,Britt Stewart,Athlete,California,United States,46,Eliminated Week 2,13,2,False,False,11,2.0,2.0,False,,
34,Baron Davis,10,,,0,False,Britt Stewart,Athlete,California,United States,46,Eliminated Week 2,13,2,False,False,11,2.0,2.0,False,,
34,Baron Davis,11,,,0,False,Britt Stewart,Athlete,California,United States,46,Eliminated Week 2,13,2,False,False,11,2.0,2.0,False,,
34,Corey Feldman,1,9.0,4.5,2,True,Jenna Johnson,Actor/Actress,California,United States,54,Eliminated Week 2,13,2,False,False,11,2.0,2.0,True,13.5,0.054878048780487805
34,Corey Feldman,2,15.0,5.0,3,True,Jenna Johnson,Actor/Actress,California,United States,54,Eliminated Week 2,13,2,False,False,11,2.0,2.0,True,14.0,0.0539568345323741
34,Corey Feldman,3,,,0,False,Jenna Johnson,Actor/Actress,California,United States,54,Eliminated Week 2,13,2,False,False,11,2.0,2.0,False,,
34,Corey Feldman,4,,,0,False,Jenna Johnson,Actor/Actress,California,United States,54,Eliminated Week 2,13,2,False,False,11,2.0,2.0,False,,
34,Corey Feldman,5,,,0,False,Jenna Johnson,Actor/Actress,California,United States,54,Eliminated Week 2,13,2,False,False,11,2.0,2.0,False,,
34,Corey Feldman,6,,,0,False,Jenna Johnson,Actor/Actress,California,United States,54,Eliminated Week 2,13,2,False,False,11,2.0,2.0,False,,
34,Corey Feldman,7,,,0,False,Jenna Johnson,Actor/Actress,California,United States,54,Eliminated Week 2,13,2,False,False,11,2.0,2.0,False,,
34,Corey Feldman,8,,,0,False,Jenna Johnson,Actor/Actress,California,United States,54,Eliminated Week 2,13,2,False,False,11,2.0,2.0,False,,
34,Corey Feldman,9,,,0,False,Jenna Johnson,Actor/Actress,California,United States,54,Eliminated Week 2,13,2,False,False,11,2.0,2.0,False,,
34,Corey Feldman,10,,,0,False,Jenna Johnson,Actor/Actress,California,United States,54,Eliminated Week 2,13,2,False,False,11,2.0,2.0,False,,
34,Corey Feldman,11,,,0,False,Jenna Johnson,Actor/Actress,California,United States,54,Eliminated Week 2,13,2,False,False,11,2.0,2.0,False,,
34,Danielle Fishel,1,12.0,6.0,2,True,Pasha Pashkov,Actor/Actress,California,United States,44,Eliminated Week 8,8,8,False,False,11,8.0,8.0,True,7.0,0.07317073170731707
34,Danielle Fishel,2,19.0,6.333333333333333,3,True,Pasha Pashkov,Actor/Actress,California,United States,44,Eliminated Week 8,8,8,False,False,11,8.0,8.0,True,10.0,0.0683453237410072
34,Danielle Fishel,3,21.0,7.0,3,True,Pasha Pashkov,Actor/Actress,California,United States,44,Eliminated Week 8,8,8,False,False,11,8.0,8.0,True,8.5,0.08171206225680934
34,Danielle Fishel,4,21.0,7.0,3,True,Pasha Pashkov,Actor/Actress,California,United States,44,Eliminated Week 8,8,8,False,False,11,8.0,8.0,True,9.5,0.0846774193548387
34,Danielle Fishel,5,29.0,7.25,4,True,Pasha Pashkov,Actor/Actress,California,United States,44,Eliminated Week 8,8,8,False,False,11,8.0,8.0,True,8.5,0.0926517571884984
34,Danielle Fishel,6,36.0,9.0,4,True,Pasha Pashkov,Actor/Actress,California,United States,44,Eliminated Week 8,8,8,False,False,11,8.0,8.0,True,4.0,0.10588235294117647
34,Danielle Fishel,7,35.0,8.75,4,True,Pasha Pashkov,Actor/Actress,California,United States,44,Eliminated Week 8,8,8,False,False,11,8.0,8.0,True,6.0,0.10542168674698796
34,Danielle Fishel,8,37.0,9.25,4,True,Pasha Pashkov,Actor/Actress,California,United States,44,Eliminated Week 8,8,8,False,False,11,8.0,8.0,True,7.0,0.12271973466003316
34,Danielle Fishel,9,,,0,False,Pasha Pashkov,Actor/Actress,California,United States,44,Eliminated Week 8,8,8,False,False,11,8.0,8.0,False,,
34,Danielle Fishel,10,,,0,False,Pasha Pashkov,Actor/Actress,California,United States,44,Eliminated Week 8,8,8,False,False,11,8.0,8.0,False,,
34,Danielle Fishel,11,,,0,False,Pasha Pashkov,Actor/Actress,California,United States,44,Eliminated Week 8,8,8,False,False,11,8.0,8.0,False,,
34,Dylan Efron,1,10.0,5.0,2,True,Daniella Karagach (Rumer Willis week 9),TV Personality,California,United States,33,4th Place,4,,False,True,11,11.0,11.0,True,10.5,0.06097560975609756
34,Dylan Efron,2,20.0,6.666666666666667,3,True,Daniella Karagach (Rumer Willis week 9),TV Personality,California,United States,33,4th Place,4,,False,True,11,11.0,11.0,True,9.0,0.07194244604316546
34,Dylan Efron,3,23.0,7.666666666666667,3,True,Daniella Karagach (Rumer Willis week 9),TV Personality,California,United States,33,4th Place,4,,False,True,11,11.0,11.0,True,3.5,0.08949416342412451
34,Dylan Efron,4,23.0,7.666666666666667,3,True,Daniella Karagach (Rumer Willis week 9),TV Personality,California,United States,33,4th Place,4,,False,True,11,11.0,11.0,True,6.0,0.09274193548387097
34,Dylan Efron,5,36.0,9.0,4,True,Daniella Karagach (Rumer Willis week 9),TV Personality,California,United States,33,4th Place,4,,False,True,11,11.0,11.0,True,1.0,0.11501597444089456
34,Dylan Efron,6,32.0,8.0,4,True,Daniella Karagach (Rumer Willis week 9),TV Personality,California,United States,33,4th Place,4,,False,True,11,11.0,11.0,True,7.5,0.09411764705882353
34,Dylan Efron,7,38.0,9.5,4,True,Daniella Karagach (Rumer Willis week 9),TV Personality,California,United States,33,4th Place,4,,False,True,11,11.0,11.0,True,4.5,0.1144578313253012
34,Dylan Efron,8,38.0,9.5,4,True,Daniella Karagach (Rumer Willis week 9),TV Personality,California,United States,33,4th Place,4,,False,True,11,11.0,11.0,True,4.5,0.12603648424543948
34,Dylan Efron,9,42.0,10.5,4,True,Daniella Karagach (Rumer Willis week 9),TV Personality,California,United States,33,4th Place,4,,False,True,11,11.0,11.0,True,2.0,0.15555555555555556
34,Dylan Efron,10,27.5,9.166666666666666,3,True,Daniella Karagach (Rumer Willis week 9),TV Personality,California,United States,33,4th Place,4,,False,True,11,11.0,11.0,True,6.0,0.15988372093023256
34,Dylan Efron,11,29.3332,9.777733333333334,3,True,Daniella Karagach (Rumer Willis week 9),TV Personality,California,United States,33,4th Place,4,,False,True,11,11.0,11.0,True,4.0,0.19864532303262358
34,Elaine Hendrix,1,12.0,6.0,2,True,Alan Bersten (Rashad Jennings week 9),Actor/Actress,Georgia,United States,55,5th Place,5,,False,True,11,11.0,11.0,True,7.0,0.07317073170731707
34,Elaine Hendrix,2,21.0,7.0,3,True,Alan Bersten (Rashad Jennings week 9),Actor/Actress,Georgia,United States,55,5th Place,5,,False,True,11,11.0,11.0,True,6.5,0.07553956834532374
34,Elaine Hendrix,3,21.0,7.0,3,True,Alan Bersten (Rashad Jennings week 9),Actor/Actress,Georgia,United States,55,5th Place,5,,False,True,11,11.0,11.0,True,8.5,0.08171206225680934
34,Elaine Hendrix,4,24.0,8.0,3,True,Alan Bersten (Rashad Jennings week 9),Actor/Actress,Georgia,United States,55,5th Place,5,,False,True,11,11.0,11.0,True,3.0,0.0967741935483871
34,Elaine Hendrix,5,30.0,7.5,4,True,Alan Bersten (Rashad Jennings week 9),Actor/Actress,Georgia,United States,55,5th Place,5,,False,True,11,11.0,11.0,True,6.5,0.09584664536741214
34,Elaine Hendrix,6,36.0,9.0,4,True,Alan Bersten (Rashad Jennings week 9),Actor/Actress,Georgia,United States,55,5th Place,5,,False,True,11,11.0,11.0,True,4.0,0.10588235294117647
34,Elaine Hendrix,7,32.0,8.0,4,True,Alan Bersten (Rashad Jennings week 9),Actor/Actress,Georgia,United States,55,5th Place,5,,False,True,11,11.0,11.0,True,8.0,0.0963855421686747
34,Elaine Hendrix,8,37.5,9.375,4,True,Alan Bersten (Rashad Jennings week 9),Actor/Actress,Georgia,United States,55,5th Place,5,,False,True,11,11.0,11.0,True,6.0,0.12437810945273632
34,Elaine Hendrix,9,36.0,9.0,4,True,Alan Bersten (Rashad Jennings week 9),Actor/Actress,Georgia,United States,55,5th Place,5,,False,True,11,11.0,11.0,True,6.0,0.13333333333333333
34,Elaine Hendrix,10,28.5,9.5,3,True,Alan Bersten (Rashad Jennings week 9),Actor/Actress,Georgia,United States,55,5th Place,5,,False,True,11,11.0,11.0,True,4.5,0.16569767441860464
34,Elaine Hendrix,11,28.9998,9.6666,3,True,Alan Bersten (Rashad Jennings week 9),Actor/Actress,Georgia,United States,55,5th Place,5,,False,True,11,11.0,11.0,True,5.0,0.19638752808699622
34,Hilaria Baldwin,1,14.0,7.0,2,True,Gleb Savchenko,Entrepreneur,New York,United States,41,Eliminated Week 4,11,4,False,False,11,4.0,4.0,True,3.0,0.08536585365853659
34,Hilaria Baldwin,2,21.0,7.0,3,True,Gleb Savchenko,Entrepreneur,New York,United States,41,Eliminated Week 4,11,4,False,False,11,4.0,4.0,True,6.5,0.07553956834532374
34,Hilaria Baldwin,3,22.0,7.333333333333333,3,True,Gleb Savchenko,Entrepreneur,New York,United States,41,Eliminated Week 4,11,4,False,False,11,4.0,4.0,True,6.0,0.08560311284046693
34,Hilaria Baldwin,4,23.0,7.666666666666667,3,True,Gleb Savchenko,Entrepreneur,New York,United States,41,Eliminated Week 4,11,4,False,False,11,4.0,4.0,True,6.0,0.09274193548387097
34,Hilaria Baldwin,5,,,0,False,Gleb Savchenko,Entrepreneur,New York,United States,41,Eliminated Week 4,11,4,False,False,11,4.0,4.0,False,,
34,Hilaria Baldwin,6,,,0,False,Gleb Savchenko,Entrepreneur,New York,United States,41,Eliminated Week 4,11,4,False,False,11,4.0,4.0,False,,
34,Hilaria Baldwin,7,,,0,False,Gleb Savchenko,Entrepreneur,New York,United States,41,Eliminated Week 4,11,4,False,False,11,4.0,4.0,False,,
34,Hilaria Baldwin,8,,,0,False,Gleb Savchenko,Entrepreneur,New York,United States,41,Eliminated Week 4,11,4,False,False,11,4.0,4.0,False,,
34,Hilaria Baldwin,9,,,0,False,Gleb Savchenko,Entrepreneur,New York,United States,41,Eliminated Week 4,11,4,False,False,11,4.0,4.0,False,,
34,Hilaria Baldwin,10,,,0,False,Gleb Savchenko,Entrepreneur,New York,United States,41,Eliminated Week 4,11,4,False,False,11,4.0,4.0,False,,
34,Hilaria Baldwin,11,,,0,False,Gleb Savchenko,Entrepreneur,New York,United States,41,Eliminated Week 4,11,4,False,False,11,4.0,4.0,False,,
34,Jen Affleck,1,12.0,6.0,2,True,Jan Ravnik,TV Personality,Utah,United States,26,Eliminated Week 7,9,7,False,False,11,7.0,7.0,True,7.0,0.07317073170731707
34,Jen Affleck,2,22.0,7.333333333333333,3,True,Jan Ravnik,TV Personality,Utah,United States,26,Eliminated Week 7,9,7,False,False,11,7.0,7.0,True,2.5,0.07913669064748201
34,Jen Affleck,3,19.0,6.333333333333333,3,True,Jan Ravnik,TV Personality,Utah,United States,26,Eliminated Week 7,9,7,False,False,11,7.0,7.0,True,10.0,0.07392996108949416
34,Jen Affleck,4,23.0,7.666666666666667,3,True,Jan Ravnik,TV Personality,Utah,United States,26,Eliminated Week 7,9,7,False,False,11,7.0,7.0,True,6.0,0.09274193548387097
34,Jen Affleck,5,29.0,7.25,4,True,Jan Ravnik,TV Personality,Utah,United States,26,Eliminated Week 7,9,7,False,False,11,7.0,7.0,True,8.5,0.0926517571884984
34,Jen Affleck,6,32.0,8.0,4,True,Jan Ravnik,TV Personality,Utah,United States,26,Eliminated Week 7,9,7,False,False,11,7.0,7.0,True,7.5,0.09411764705882353
34,Jen Affleck,7,34.0,8.5,4,True,Jan Ravnik,TV Personality,Utah,United States,26,Eliminated Week 7,9,7,False,False,11,7.0,7.0,True,7.0,0.10240963855421686
34,Jen Affleck,8,,,0,False,Jan Ravnik,TV Personality,Utah,United States,26,Eliminated Week 7,9,7,False,False,11,7.0,7.0,False,,
34,Jen Affleck,9,,,0,False,Jan Ravnik,TV Personality,Utah,United States,26,Eliminated Week 7,9,7,False,False,11,7.0,7.0,False,,
34,Jen Affleck,10,,,0,False,Jan Ravnik,TV Personality,Utah,United States,26,Eliminated Week 7,9,7,False,False,11,7.0,7.0,False,,
34,Jen Affleck,11,,,0,False,Jan Ravnik,TV Personality,Utah,United States,26,Eliminated Week 7,9,7,False,False,11,7.0,7.0,False,,
34,Jordan Chiles,1,10.0,5.0,2,True,Ezra Sosa (Apolo Anton Ohno week 9),Athlete,Texas,United States,24,3rd Place,3,,False,True,11,11.0,11.0,True,10.5,0.06097560975609756
34,Jordan Chiles,2,22.0,7.333333333333333,3,True,Ezra Sosa (Apolo Anton Ohno week 9),Athlete,Texas,United States,24,3rd Place,3,,False,True,11,11.0,11.0,True,2.5,0.07913669064748201
34,Jordan Chiles,3,24.0,8.0,3,True,Ezra Sosa (Apolo Anton Ohno week 9),Athlete,Texas,United States,24,3rd Place,3,,False,True,11,11.0,11.0,True,1.5,0.0933852140077821
34,Jordan Chiles,4,24.0,8.0,3,True,Ezra Sosa (Apolo Anton Ohno week 9),Athlete,Texas,United States,24,3rd Place,3,,False,True,11,11.0,11.0,True,3.0,0.0967741935483871
34,Jordan Chiles,5,32.0,8.0,4,True,Ezra Sosa (Apolo Anton Ohno week 9),Athlete,Texas,United States,24,3rd Place,3,,False,True,11,11.0,11.0,True,5.0,0.10223642172523961
34,Jordan Chiles,6,39.0,9.75,4,True,Ezra Sosa (Apolo Anton Ohno week 9),Athlete,Texas,United States,24,3rd Place,3,,False,True,11,11.0,11.0,True,1.5,0.11470588235294117
34,Jordan Chiles,7,38.0,9.5,4,True,Ezra Sosa (Apolo Anton Ohno week 9),Athlete,Texas,United States,24,3rd Place,3,,False,True,11,11.0,11.0,True,4.5,0.1144578313253012
34,Jordan Chiles,8,39.0,9.75,4,True,Ezra Sosa (Apolo Anton Ohno week 9),Athlete,Texas,United States,24,3rd Place,3,,False,True,11,11.0,11.0,True,2.0,0.12935323383084577
34,Jordan Chiles,9,39.0,9.75,4,True,Ezra Sosa (Apolo Anton Ohno week 9),Athlete,Texas,United States,24,3rd Place,3,,False,True,11,11.0,11.0,True,5.0,0.14444444444444443
34,Jordan Chiles,10,28.5,9.5,3,True,Ezra Sosa (Apolo Anton Ohno week 9),Athlete,Texas,United States,24,3rd Place,3,,False,True,11,11.0,11.0,True,4.5,0.16569767441860464
34,Jordan Chiles,11,29.666600000000003,9.888866666666667,3,True,Ezra Sosa (Apolo Anton Ohno week 9),Athlete,Texas,United States,24,3rd Place,3,,False,True,11,11.0,11.0,True,2.5,0.20090311797825097
34,Lauren Jauregui,1,13.0,6.5,2,True,Brandon Armstrong,Singer/Rapper,Florida,United States,29,Eliminated Week 3,12,3,False,False,11,3.0,3.0,True,4.5,0.07926829268292683
34,Lauren Jauregui,2,21.0,7.0,3,True,Brandon Armstrong,Singer/Rapper,Florida,United States,29,Eliminated Week 3,12,3,False,False,11,3.0,3.0,True,6.5,0.07553956834532374
34,Lauren Jauregui,3,18.0,6.0,3,True,Brandon Armstrong,Singer/Rapper,Florida,United States,29,Eliminated Week 3,12,3,False,False,11,3.0,3.0,True,11.5,0.07003891050583658
34,Lauren Jauregui,4,,,0,False,Brandon Armstrong,Singer/Rapper,Florida,United States,29,Eliminated Week 3,12,3,False,False,11,3.0,3.0,False,,
34,Lauren Jauregui,5,,,0,False,Brandon Armstrong,Singer/Rapper,Florida,United States,29,Eliminated Week 3,12,3,False,False,11,3.0,3.0,False,,
34,Lauren Jauregui,6,,,0,False,Brandon Armstrong,Singer/Rapper,Florida,United States,29,Eliminated Week 3,12,3,False,False,11,3.0,3.0,False,,
34,Lauren Jauregui,7,,,0,False,Brandon Armstrong,Singer/Rapper,Florida,United States,29,Eliminated Week 3,12,3,False,False,11,3.0,3.0,False,,
34,Lauren Jauregui,8,,,0,False,Brandon Armstrong,Singer/Rapper,Florida,United States,29,Eliminated Week 3,12,3,False,False,11,3.0,3.0,False,,
34,Lauren Jauregui,9,,,0,False,Brandon Armstrong,Singer/Rapper,Florida,United States,29,Eliminated Week 3,12,3,False,False,11,3.0,3.0,False,,
34,Lauren Jauregui,10,,,0,False,Brandon Armstrong,Singer/Rapper,Florida,United States,29,Eliminated Week 3,12,3,False,False,11,3.0,3.0,False,,
34,Lauren Jauregui,11,,,0,False,Brandon Armstrong,Singer/Rapper,Florida,United States,29,Eliminated Week 3,12,3,False,False,11,3.0,3.0,False,,
34,Robert Irwin,1,15.0,7.5,2,True,Witney Carson (Xoshitl Gomez week 9),Conservationist,,Australia,22,1st Place,1,,False,True,11,11.0,11.0,True,1.5,0.09146341463414634
34,Robert Irwin,2,22.0,7.333333333333333,3,True,Witney Carson (Xoshitl Gomez week 9),Conservationist,,Australia,22,1st Place,1,,False,True,11,11.0,11.0,True,2.5,0.07913669064748201
34,Robert Irwin,3,22.0,7.333333333333333,3,True,Witney Carson (Xoshitl Gomez week 9),Conservationist,,Australia,22,1st Place,1,,False,True,11,11.0,11.0,True,6.0,0.08560311284046693
34,Robert Irwin,4,22.0,7.333333333333333,3,True,Witney Carson (Xoshitl Gomez week 9),Conservationist,,Australia,22,1st Place,1,,False,True,11,11.0,11.0,True,8.0,0.08870967741935484
34,Robert Irwin,5,35.0,8.75,4,True,Witney Carson (Xoshitl Gomez week 9),Conservationist,,Australia,22,1st Place,1,,False,True,11,11.0,11.0,True,2.5,0.11182108626198083
34,Robert Irwin,6,36.0,9.0,4,True,Witney Carson (Xoshitl Gomez week 9),Conservationist,,Australia,22,1st Place,1,,False,True,11,11.0,11.0,True,4.0,0.10588235294117647
34,Robert Irwin,7,41.0,10.25,4,True,Witney Carson (Xoshitl Gomez week 9),Conservationist,,Australia,22,1st Place,1,,False,True,11,11.0,11.0,True,3.0,0.12349397590361445
34,Robert Irwin,8,38.0,9.5,4,True,Witney Carson (Xoshitl Gomez week 9),Conservationist,,Australia,22,1st Place,1,,False,True,11,11.0,11.0,True,4.5,0.12603648424543948
34,Robert Irwin,9,42.0,10.5,4,True,Witney Carson (Xoshitl Gomez week 9),Conservationist,,Australia,22,1st Place,1,,False,True,11,11.0,11.0,True,2.0,0.15555555555555556
34,Robert Irwin,10,29.5,9.833333333333334,3,True,Witney Carson (Xoshitl Gomez week 9),Conservationist,,Australia,22,1st Place,1,,False,True,11,11.0,11.0,True,1.0,0.17151162790697674
34,Robert Irwin,11,29.666600000000003,9.888866666666667,3,True,Witney Carson (Xoshitl Gomez week 9),Conservationist,,Australia,22,1st Place,1,,False,True,11,11.0,11.0,True,2.5,0.20090311797825097
34,Scott Hoying,1,10.0,5.0,2,True,Rylee Arnold,Singer/Rapper,California,United States,34,Eliminated Week 6,10,6,False,False,11,6.0,6.0,True,10.5,0.06097560975609756
34,Scott Hoying,2,18.0,6.0,3,True,Rylee Arnold,Singer/Rapper,California,United States,34,Eliminated Week 6,10,6,False,False,11,6.0,6.0,True,11.5,0.06474820143884892
34,Scott Hoying,3,22.0,7.333333333333333,3,True,Rylee Arnold,Singer/Rapper,California,United States,34,Eliminated Week 6,10,6,False,False,11,6.0,6.0,True,6.0,0.08560311284046693
34,Scott Hoying,4,21.0,7.0,3,True,Rylee Arnold,Singer/Rapper,California,United States,34,Eliminated Week 6,10,6,False,False,11,6.0,6.0,True,9.5,0.0846774193548387
34,Scott Hoying,5,30.0,7.5,4,True,Rylee Arnold,Singer/Rapper,California,United States,34,Eliminated Week 6,10,6,False,False,11,6.0,6.0,True,6.5,0.09584664536741214
34,Scott Hoying,6,28.0,7.0,4,True,Rylee Arnold,Singer/Rapper,California,United States,34,Eliminated Week 6,10,6,False,False,11,6.0,6.0,True,9.0,0.08235294117647059
34,Scott Hoying,7,,,0,False,Rylee Arnold,Singer/Rapper,California,United States,34,Eliminated Week 6,10,6,False,False,11,6.0,6.0,False,,
34,Scott Hoying,8,,,0,False,Rylee Arnold,Singer/Rapper,California,United States,34,Eliminated Week 6,10,6,False,False,11,6.0,6.0,False,,
34,Scott Hoying,9,,,0,False,Rylee Arnold,Singer/Rapper,California,United States,34,Eliminated Week 6,10,6,False,False,11,6.0,6.0,False,,
34,Scott Hoying,10,,,0,False,Rylee Arnold,Singer/Rapper,California,United States,34,Eliminated Week 6,10,6,False,False,11,6.0,6.0,False,,
34,Scott Hoying,11,,,0,False,Rylee Arnold,Singer/Rapper,California,United States,34,Eliminated Week 6,10,6,False,False,11,6.0,6.0,False,,
34,Whitney Leavitt,1,15.0,7.5,2,True,Mark Ballas,TV Personality,Utah,United States,32,Eliminated Week 10,6,10,False,False,11,10.0,10.0,True,1.5,0.09146341463414634
34,Whitney Leavitt,2,22.0,7.333333333333333,3,True,Mark Ballas,TV Personality,Utah,United States,32,Eliminated Week 10,6,10,False,False,11,10.0,10.0,True,2.5,0.07913669064748201
34,Whitney Leavitt,3,24.0,8.0,3,True,Mark Ballas,TV Personality,Utah,United States,32,Eliminated Week 10,6,10,False,False,11,10.0,10.0,True,1.5,0.0933852140077821
34,Whitney Leavitt,4,25.0,8.333333333333334,3,True,Mark Ballas,TV Personality,Utah,United States,32,Eliminated Week 10,6,10,False,False,11,10.0,10.0,True,1.0,0.10080645161290322
34,Whitney Leavitt,5,33.0,8.25,4,True,Mark Ballas,TV Personality,Utah,United States,32,Eliminated Week 10,6,10,False,False,11,10.0,10.0,True,4.0,0.10543130990415335
34,Whitney Leavitt,6,39.0,9.75,4,True,Mark Ballas,TV Personality,Utah,United States,32,Eliminated Week 10,6,10,False,False,11,10.0,10.0,True,1.5,0.11470588235294117
34,Whitney Leavitt,7,42.0,10.5,4,True,Mark Ballas,TV Personality,Utah,United States,32,Eliminated Week 10,6,10,False,False,11,10.0,10.0,True,2.0,0.12650602409638553
34,Whitney Leavitt,8,39.5,9.875,4,True,Mark Ballas,TV Personality,Utah,United States,32,Eliminated Week 10,6,10,False,False,11,10.0,10.0,True,1.0,0.1310116086235489
34,Whitney Leavitt,9,42.0,10.5,4,True,Mark Ballas,TV Personality,Utah,United States,32,Eliminated Week 10,6,10,False,False,11,10.0,10.0,True,2.0,0.15555555555555556
34,Whitney Leavitt,10,29.0,9.666666666666666,3,True,Mark Ballas,TV Personality,Utah,United States,32,Eliminated Week 10,6,10,False,False,11,10.0,10.0,True,2.5,0.1686046511627907
34,Whitney Leavitt,11,,,0,False,Mark Ballas,TV Personality,Utah,United States,32,Eliminated Week 10,6,10,False,False,11,10.0,10.0,False,,
