Unnamed: 0,celebrity_name,ballroom_partner,celebrity_industry,celebrity_homestate,celebrity_homecountry_region,celebrity_age_during_season,season,results,placement,week1_judge1_score,week1_judge2_score,week1_judge3_score,week1_judge4_score,week2_judge1_score,week2_judge2_score,week2_judge3_score,week2_judge4_score,week3_judge1_score,week3_judge2_score,week3_judge3_score,week3_judge4_score,week4_judge1_score,week4_judge2_score,week4_judge3_score,week4_judge4_score,week5_judge1_score,week5_judge2_score,week5_judge3_score,week5_judge4_score,week6_judge1_score,week6_judge2_score,week6_judge3_score,week6_judge4_score,week7_judge1_score,week7_judge2_score,week7_judge3_score,week7_judge4_score,week8_judge1_score,week8_judge2_score,week8_judge3_score,week8_judge4_score,week9_judge1_score,week9_judge2_score,week9_judge3_score,week9_judge4_score,week10_judge1_score,week10_judge2_score,week10_judge3_score,week10_judge4_score,week11_judge1_score,week11_judge2_score,week11_judge3_score,week11_judge4_score,elim_week_result,is_withdrew,is_place,season_max_week,last_week_positive,active_until,week1_q_hat,week2_q_hat,week3_q_hat,week4_q_hat,week5_q_hat,week6_q_hat,week7_q_hat,week8_q_hat,week9_q_hat,week10_q_hat,week11_q_hat,week1_p_mean,week2_p_mean,week3_p_mean,week4_p_mean,week5_p_mean,week6_p_mean,week7_p_mean,week8_p_mean,week9_p_mean,week10_p_mean,week11_p_mean
0,John O'Hurley,Charlotte Jorgensen,Actor/Actress,Maine,United States,50,1,2nd Place,2,7.0,7.0,6.0,,8.0,9.0,9.0,,9.0,8.0,7.0,,7.0,8.0,6.0,,9.0,9.0,9.0,,9.0,9.0,9.0,,,,,,,,,,,,,,,,,,,,,,,False,True,6,6,6.0,0.07682956755161285,0.002134134294465184,0.22018547356128693,0.4050159156322479,0.0019137582276016474,,,,,,,0.07506445158456015,0.0015409405949545706,0.2301141570017328,0.41832357263112974,0.002608966347662975,,,,,,
1,Kelly Monaco,Alec Mazo,Actor/Actress,Pennsylvania,United States,29,1,1st Place,1,5.0,4.0,4.0,,5.0,6.0,6.0,,6.0,7.0,8.0,,9.0,9.0,8.0,,8.5,7.5,7.5,,8.5,9.5,9.5,,,,,,,,,,,,,,,,,,,,,,,False,True,6,6,6.0,0.4961692690849304,0.3117809295654297,0.28308868408203125,0.006594775710254908,0.39355260133743286,,,,,,,0.49702274518262785,0.31642792321074925,0.2968409200570149,0.006629450167066531,0.39161011250326044,,,,,,
2,Evander Holyfield,Edyta Sliwinska,Athlete,Alabama,United States,42,1,Eliminated Week 3,5,5.0,7.0,6.0,,5.0,4.0,5.0,,5.0,4.0,4.0,,,,,,,,,,,,,,,,,,,,,,,,,,,,,,,,,,3.0,False,False,6,3,3.0,0.2074931412935257,0.13796478509902954,0.12690888345241547,,,,,,,,,0.20808996283621717,0.148990866315532,0.09127148205508806,,,,,,,,
3,Rachel Hunter,Jonathan Roberts,Model,,New Zealand,35,1,Eliminated Week 4,4,7.0,6.0,7.0,,8.0,8.0,8.0,,8.0,9.0,9.0,,7.0,9.0,9.0,,,,,,,,,,,,,,,,,,,,,,,,,,,,,,4.0,False,False,6,4,4.0,0.04506247118115425,0.09353668242692947,0.0007895195158198476,0.052642010152339935,,,,,,,,0.04499234256796353,0.09813945552900687,0.0006368719653454971,0.037145690974916296,,,,,,,
4,Joey McIntyre,Ashly DelGrosso,Singer/Rapper,Massachusetts,United States,32,1,3rd Place,3,7.0,7.0,6.0,,8.0,7.0,6.0,,7.0,7.0,8.0,,7.0,6.0,7.0,,8.5,7.0,7.0,,,,,,,,,,,,,,,,,,,,,,,,,,,False,True,6,5,6.0,0.10221309959888458,0.40836676955223083,0.36902737617492676,0.5357471704483032,0.6045336127281189,,,,,,,0.10315778356482547,0.4037176161063535,0.381136568920818,0.5379012862268872,0.605780921149076,,,,,,
5,Trista Sutter,Louis van Amstel,TV Personality,Indiana,United States,32,1,Eliminated Week 2,6,6.0,6.0,6.0,,6.0,7.0,6.0,,,,,,,,,,,,,,,,,,,,,,,,,,,,,,,,,,,,,,2.0,False,False,6,2,2.0,0.07223246991634369,0.046216681599617004,,,,,,,,,,0.0716727142638069,0.031183198243403515,,,,,,,,,
6,Tatum O'Neal,Nick Kosovich,Actor/Actress,California,United States,42,2,Eliminated Week 2,9,7.0,8.0,8.0,,5.0,6.0,6.0,,,,,,,,,,,,,,,,,,,,,,,,,,,,,,,,,,,,,,2.0,False,False,8,2,2.0,0.013237593695521355,0.01725025288760662,,,,,,,,,,0.011534728002849862,0.011793948971670163,,,,,,,,,
7,Tia Carrere,Maksim Chmerkoskiy,Actor/Actress,Hawaii,United States,39,2,Eliminated Week 5,6,6.0,7.0,7.0,,7.0,8.0,7.0,,9.0,8.0,9.0,,9.0,8.0,8.0,,7.0,7.0,8.0,,,,,,,,,,,,,,,,,,,,,,,,,,5.0,False,False,8,5,5.0,0.08082209527492523,0.08153916150331497,0.08081163465976715,0.09063225984573364,0.08131207525730133,,,,,,,0.08161457789152267,0.08429249062298311,0.08606668892966392,0.09693054172770192,0.05395509918573083,,,,,,
8,George Hamilton,Edyta Sliwinska,Actor/Actress,Tennessee,United States,66,2,Eliminated Week 6,5,7.0,5.0,6.0,,8.0,7.0,7.0,,7.0,7.0,8.0,,7.0,7.0,7.0,,8.0,8.0,8.0,,8.0,7.0,8.0,,,,,,,,,,,,,,,,,,,,,,6.0,False,False,8,6,6.0,0.11581795662641525,0.11684339493513107,0.14468909800052643,0.13268093764781952,0.11643951386213303,0.19001099467277527,,,,,,0.1189916452455318,0.11618595981973265,0.14938670562540593,0.1431312172366058,0.12824839270525293,0.13950202932174108,,,,,
9,Lisa Rinna,Louis van Amstel,Actor/Actress,California,United States,42,2,Eliminated Week 7,4,5.0,7.0,7.0,,6.0,7.0,7.0,,8.0,8.0,9.0,,9.0,9.0,8.0,,7.0,9.0,9.0,,9.0,9.0,9.0,,8.5,9.0,9.0,,,,,,,,,,,,,,,,,,7.0,False,False,8,7,7.0,0.18919596076011658,0.19087649881839752,0.22935187816619873,0.16698616743087769,0.18933449685573578,0.30100563168525696,0.30295076966285706,,,,,0.18990332354088713,0.19115568892390886,0.23156957341926454,0.1735437944923722,0.19722561975026837,0.32736030434674385,0.23511731072694847,,,,
10,Stacy Keibler,Tony Dovolani,Athlete,Maryland,United States,26,2,3rd Place,3,8.0,6.0,8.0,,9.0,10.0,10.0,,9.0,9.0,9.0,,8.0,9.0,9.0,,10.0,10.0,10.0,,10.0,10.0,10.0,,9.0,9.0,9.5,,9.3333,9.6666,9.6666,,,,,,,,,,,,,,,False,True,8,8,8.0,0.19249145686626434,0.0013455391163006425,0.016499582678079605,0.19600270688533783,0.0007635449874214828,0.019409576430916786,0.014663763344287872,0.1372179239988327,,,,0.19553545516837229,0.001376358345440948,0.014576439666398731,0.2017229039301224,0.0010853614676737788,0.01749180280217778,0.015483367991700046,0.1371203572878105,,,
11,Jerry Rice,Anna Trebunskaya,Athlete,Mississippi,United States,43,2,2nd Place,2,7.0,7.0,7.0,,7.0,8.0,8.0,,7.0,6.0,6.0,,8.0,8.0,8.0,,7.0,8.0,8.0,,8.0,7.0,8.0,,7.0,7.0,6.5,,9.0,9.0,8.6666,,,,,,,,,,,,,,,False,True,8,8,8.0,0.2764059901237488,0.27886083722114563,0.3454556465148926,0.31621918082237244,0.27809596061706543,0.45364612340927124,0.5817055106163025,0.8442584872245789,,,,0.2731578705640975,0.2763836277386911,0.35146008514227406,0.32060989672176293,0.28541183868732284,0.48013329902958335,0.6295258831275997,0.8446354023318803,,,
12,Giselle Fernandez,Jonathan Roberts,News Anchor,,Mexico,44,2,Eliminated Week 3,8,7.0,8.0,8.0,,8.0,8.0,8.0,,7.0,8.0,7.0,,,,,,,,,,,,,,,,,,,,,,,,,,,,,,,,,,3.0,False,False,8,3,3.0,0.030240081250667572,0.039297670125961304,0.04877876490354538,,,,,,,,,0.03219874497013444,0.04100724252428918,0.03199549387764404,,,,,,,,
13,Master P,Ashly DelGrosso,Singer/Rapper,Louisiana,United States,35,2,Eliminated Week 4,7,4.0,4.0,4.0,,6.0,5.0,5.0,,6.0,4.0,4.0,,4.0,2.0,2.0,,,,,,,,,,,,,,,,,,,,,,,,,,,,,,4.0,False,False,8,4,4.0,0.0831415057182312,0.08387906849384308,0.10387160629034042,0.09524774551391602,,,,,,,,0.0839898256114304,0.0867047831652823,0.10545400247594917,0.061968403985722204,,,,,,,
14,Drew Lachey,Cheryl Burke,Singer/Rapper,Ohio,United States,29,2,1st Place,1,8.0,8.0,8.0,,9.0,9.0,9.0,,9.0,9.0,9.0,,9.0,9.0,10.0,,9.0,9.0,9.0,,10.0,10.0,10.0,,9.5,9.0,9.0,,9.6666,9.6666,9.6666,,,,,,,,,,,,,,,False,True,8,8,8.0,0.0021722703240811825,0.1901075392961502,0.030541861429810524,0.0022310095373541117,0.3340544104576111,0.03592763841152191,0.10067997127771378,0.018523650243878365,,,,0.0023716106105010795,0.1910998998880007,0.029491010863398826,0.00209324190571358,0.3340736882037513,0.035512564499754706,0.11987343815375133,0.018244240380308883,,,
15,Kenny Mayne,Andrea Hale,Sports Broadcaster,Washington,United States,46,2,Eliminated Week 1,10,4.0,5.0,4.0,,,,,,,,,,,,,,,,,,,,,,,,,,,,,,,,,,,,,,,,,,1.0,False,False,8,1,1.0,0.016475100070238113,,,,,,,,,,,0.010702218394672582,,,,,,,,,,
16,Harry Hamlin,Ashly DelGrosso,Actor/Actress,California,United States,54,3,Eliminated Week 3,9,5.0,6.0,6.0,,7.0,7.0,7.0,,7.0,8.0,7.0,,,,,,,,,,,,,,,,,,,,,,,,,,,,,,,,,,3.0,False,False,10,3,3.0,0.02454274520277977,0.02421264350414276,0.02343353070318699,,,,,,,,,0.024904773551272866,0.02526471990189428,0.014964730115162953,,,,,,,,
17,Vivica A. Fox,Nick Kosovich,Actor/Actress,Indiana,United States,42,3,Eliminated Week 4,8,6.0,8.0,8.0,,8.0,8.0,8.0,,9.0,9.0,9.0,,8.0,8.0,8.0,,,,,,,,,,,,,,,,,,,,,,,,,,,,,,4.0,False,False,10,4,4.0,0.029620926827192307,0.02928978018462658,0.0016662596026435494,0.0352039597928524,,,,,,,,0.0317963184540636,0.02976674083914644,0.0020911466648890703,0.02199099334775658,,,,,,,
18,Monique Coleman,Louis van Amstel,Actor/Actress,South Carolina,United States,25,3,Eliminated Week 8,4,6.0,6.0,7.0,,9.0,8.0,9.0,,9.0,9.0,9.0,,8.0,8.0,8.0,,9.0,9.0,9.0,,9.0,7.0,7.0,,9.0,9.0,9.0,,8.5,9.0,9.0,,,,,,,,,,,,,,8.0,False,False,10,8,8.0,0.11528238654136658,0.10684433579444885,0.006465612910687923,0.1366126984357834,0.04577171057462692,0.19196204841136932,0.3233073949813843,0.23507541418075562,,,,0.11808382217574817,0.10712190566516891,0.008384166314716794,0.1444112195327695,0.044684438998693614,0.18663051777180134,0.3622526344120515,0.17931893425198103,,,
19,Joey Lawrence,Edyta Sliwinska,Actor/Actress,Pennsylvania,United States,30,3,3rd Place,3,7.0,7.0,7.0,,10.0,9.0,10.0,,8.0,6.0,8.0,,9.0,9.0,9.0,,8.0,8.0,9.0,,8.0,8.0,8.0,,9.5,9.0,10.0,,9.5,8.5,9.0,,9.5,10.0,10.0,,,,,,,,,,,False,True,10,9,10.0,0.19190174341201782,0.0006838992121629417,0.18326883018016815,0.18333159387111664,0.3138231337070465,0.3168470859527588,0.13812226057052612,0.39141085743904114,0.3275028467178345,,,0.2013350915490591,0.00047013793041694046,0.18501490475646487,0.1783992600499593,0.31502150705854526,0.3293376638776042,0.14173745824580816,0.4177698824891866,0.31789252815136854,,
20,Mario Lopez,Karina Smirnoff,Actor/Actress,California,United States,32,3,2nd Place,2,9.0,8.0,9.0,,7.0,6.0,8.0,,8.0,6.0,8.0,,10.0,9.0,10.0,,9.0,9.0,9.0,,9.0,9.0,10.0,,9.5,9.0,9.5,,9.5,9.0,10.0,,10.0,9.5,10.0,,10.0,10.0,9.6666,,,,,,,False,True,10,10,10.0,0.0007682664436288178,0.169808492064476,0.16331683099269867,0.0023227015044540167,0.06727069616317749,0.0010858922032639384,0.29386940598487854,0.001848146435804665,0.28973835706710815,,,0.000580014638663978,0.1731422536663425,0.16141222519710305,0.002522261064863282,0.06430175713335609,0.0011791878509958718,0.310019640795004,0.0022973438688186415,0.2935415814650782,,
21,Emmitt Smith,Cheryl Burke,Athlete,Florida,United States,37,3,1st Place,1,8.0,8.0,8.0,,8.0,8.0,8.0,,7.0,6.0,6.0,,8.0,8.0,8.0,,9.0,9.0,9.0,,8.0,8.0,9.0,,10.0,9.5,9.0,,8.5,9.0,9.5,,9.5,10.0,10.0,,10.0,9.6666,10.0,,,,,,,False,True,10,10,10.0,0.17098429799079895,0.22069360315799713,0.21367445588111877,0.2650929391384125,0.08853453397750854,0.3550020158290863,0.01495147030800581,0.3716655969619751,0.382758766412735,,,0.16600780952920857,0.22028640461298588,0.20893865267834752,0.2710749610966913,0.08748776462887316,0.3530733047783345,0.015281732406307603,0.40061383939001394,0.3885658903835536,,
22,Shanna Moakler,Jesse DeSoto,Model,Rhode Island,United States,31,3,Eliminated Week 2,10,7.0,5.0,6.0,,8.0,7.0,7.0,,,,,,,,,,,,,,,,,,,,,,,,,,,,,,,,,,,,,,2.0,False,False,10,2,2.0,0.025089174509048462,0.024751704186201096,,,,,,,,,,0.025153777596458555,0.016037123752386244,,,,,,,,,
23,Willa Ford,Maksim Chmerkoskiy,Singer/Rapper,Florida,United States,25,3,Eliminated Week 5,7,7.0,7.0,8.0,,7.0,8.0,8.0,,7.0,7.0,8.0,,9.0,9.0,10.0,,9.0,9.0,9.0,,,,,,,,,,,,,,,,,,,,,,,,,,5.0,False,False,10,5,5.0,0.17549066245555878,0.17364703118801117,0.1680596023797989,0.07705826312303543,0.06965646892786026,,,,,,,0.17706097347047262,0.1736755097345956,0.1714034742762552,0.07375800216927422,0.06892791820856509,,,,,,
24,Sara Evans,Tony Dovolani,Singer/Rapper,Missouri,United States,35,3,Withdrew,6,5.0,5.0,5.0,,7.0,7.0,7.0,,8.0,9.0,8.0,,6.0,7.0,7.0,,8.0,8.0,8.0,,,,,,,,,,,,,,,,,,,,,,,,,,,True,False,10,5,5.0,0.17345230281352997,0.1711193025112152,0.1637059599161148,0.20554552972316742,0.283942848443985,,,,,,,0.16832451808473115,0.17499900635747484,0.16919499308774139,0.20577683335928962,0.2835469254468414,,,,,,
25,Jerry Springer,Kym Johnson,TV Personality,,England,62,3,Eliminated Week 7,5,5.0,5.0,6.0,,7.0,6.0,6.0,,7.0,7.0,7.0,,7.0,7.0,8.0,,8.0,8.0,8.0,,7.0,6.0,5.0,,7.5,8.0,7.5,,,,,,,,,,,,,,,,,,7.0,False,False,10,7,7.0,0.0800255686044693,0.07894919812679291,0.07640892267227173,0.09483232349157333,0.13100072741508484,0.13510291278362274,0.2297494262456894,,,,,0.0780082679581663,0.079236197539589,0.07859570690931922,0.1020664693793964,0.1360296885251251,0.12977932572126427,0.17070853414082857,,,,
26,Tucker Carlson,Elena Grinenko,TV Personality,California,United States,37,3,Eliminated Week 1,11,5.0,4.0,3.0,,,,,,,,,,,,,,,,,,,,,,,,,,,,,,,,,,,,,,,,,,1.0,False,False,10,1,1.0,0.01284201443195343,,,,,,,,,,,0.008744632992155154,,,,,,,,,,
27,John Ratzenberger,Edyta Sliwinska,Actor/Actress,Connecticut,United States,59,4,Eliminated Week 7,6,6.0,5.0,6.0,,7.0,7.0,7.0,,7.0,6.0,7.0,,6.0,5.0,5.0,,6.0,6.0,6.0,,7.0,6.0,6.0,,7.5,7.5,7.5,,,,,,,,,,,,,,,,,,7.0,False,False,10,7,7.0,0.07853412628173828,0.0838964432477951,0.0829104334115982,0.08138629049062729,0.09656714648008347,0.1321886032819748,0.1093219593167305,,,,,0.08443365735068889,0.08901328061531258,0.08942654285160317,0.08185710808176135,0.09881664508431691,0.14716201006887572,0.07644752276704267,,,,
28,Ian Ziering,Cheryl Burke,Actor/Actress,New Jersey,United States,42,4,Eliminated Week 9,4,7.0,7.0,7.0,,7.0,8.0,7.0,,8.0,8.0,8.0,,7.0,9.0,8.0,,8.0,8.0,8.0,,8.0,8.0,8.0,,9.0,9.0,9.0,,8.0,7.5,8.0,,9.5,10.0,9.5,,,,,,,,,,9.0,False,False,10,9,9.0,0.12243974953889847,0.1313975304365158,0.03150364011526108,0.12468928843736649,0.15105083584785461,0.20674365758895874,0.170032799243927,0.21299581229686737,0.28414034843444824,,,0.12409208049258995,0.1328856951109826,0.03386012356871701,0.12605732696491265,0.15502053347984324,0.2222665572493048,0.1849408148472288,0.23919942438841574,0.23133445152628113,,
29,Clyde Drexler,Elena Grinenko,Athlete,Louisiana,United States,44,4,Eliminated Week 5,8,6.0,5.0,5.0,,6.0,6.0,6.0,,6.0,5.0,5.0,,6.0,4.0,5.0,,4.0,5.0,4.0,,,,,,,,,,,,,,,,,,,,,,,,,,5.0,False,False,10,5,5.0,0.039210960268974304,0.041888292878866196,0.04139600321650505,0.04063500463962555,0.048214636743068695,,,,,,,0.03724349298015224,0.0446091795614413,0.04092856553571234,0.03913885546580712,0.03156957614295961,,,,,,
30,Laila Ali,Maksim Chmerkoskiy,Athlete,Florida,United States,29,4,3rd Place,3,7.0,8.0,8.0,,9.0,9.0,9.0,,7.0,7.0,7.0,,7.0,7.0,7.0,,9.0,10.0,9.0,,9.0,9.0,10.0,,10.0,9.5,10.0,,9.0,8.5,9.0,,10.0,10.0,10.0,,9.6666,9.0,9.6666,,,,,,,False,True,10,10,10.0,0.10146284848451614,0.001442412962205708,0.21061143279075623,0.2077622413635254,0.15948937833309174,0.02607698366045952,0.0163289625197649,0.3346131443977356,0.0346766822040081,0.5358167886734009,,0.09893109330780281,0.0013053796318356478,0.21630175928595394,0.20613698243342946,0.16540086977038973,0.0229525497975247,0.016554694019852028,0.3518043536276939,0.03436897432711085,0.5246531002389805,
31,Apolo Anton Ohno,Julianne Hough,Athlete,Washington,United States,24,4,1st Place,1,7.0,7.0,7.0,,8.0,9.0,9.0,,7.0,8.0,8.0,,9.0,8.0,9.0,,10.0,10.0,10.0,,9.0,9.0,10.0,,9.0,8.5,9.5,,10.0,9.0,10.0,,10.0,9.5,10.0,,9.6666,9.6666,10.0,,,,,,,False,True,10,10,10.0,0.37707120180130005,0.20579251646995544,0.39365845918655396,0.3004271984100342,0.002480427036061883,0.04956766590476036,0.5268163084983826,0.0035737468861043453,0.6426540017127991,0.007232046686112881,,0.36528093573235193,0.19756005505590174,0.3859843310933714,0.3027233467488246,0.002826080019563503,0.051113252257336615,0.5283000687958121,0.004092946844375925,0.690817126753577,0.005353612711202645,
32,Shandi Finnessey,Brian Fortuna,Beauty Pagent,Missouri,United States,28,4,Eliminated Week 3,10,6.0,6.0,7.0,,6.0,7.0,7.0,,7.0,7.0,7.0,,,,,,,,,,,,,,,,,,,,,,,,,,,,,,,,,,3.0,False,False,10,3,3.0,0.029295241460204124,0.031295742839574814,0.03092784993350506,,,,,,,,,0.03128075111610315,0.03021016486103742,0.019994474177924503,,,,,,,,
33,Paulina Porizkova,Alec Mazo,Model,,Czechoslovakia,41,4,Eliminated Week 2,11,6.0,6.0,7.0,,7.0,7.0,7.0,,,,,,,,,,,,,,,,,,,,,,,,,,,,,,,,,,,,,,2.0,False,False,10,2,2.0,0.014656106941401958,0.015656935051083565,,,,,,,,,,0.015237116590049376,0.009581901962410513,,,,,,,,,
34,Heather Mills,Jonathan Roberts,Model,,England,39,4,Eliminated Week 6,7,6.0,6.0,6.0,,8.0,8.0,8.0,,8.0,8.0,8.0,,7.0,8.0,8.0,,7.0,7.0,7.0,,7.0,8.0,8.0,,,,,,,,,,,,,,,,,,,,,,6.0,False,False,10,6,6.0,0.1073138639330864,0.11378338932991028,0.027486268430948257,0.11088135838508606,0.1321645826101303,0.18059705197811127,,,,,,0.10737204378765888,0.11906632875883381,0.02684433007058217,0.11407179117594488,0.12810030497841385,0.11808716585943066,,,,,
35,Billy Ray Cyrus,Karina Smirnoff,Singer/Rapper,Kentucky,United States,45,4,Eliminated Week 8,5,5.0,4.0,4.0,,7.0,7.0,7.0,,7.0,7.0,7.0,,7.0,7.0,7.0,,6.0,6.0,5.0,,7.0,7.0,7.0,,6.0,6.5,6.5,,6.5,6.5,6.0,,,,,,,,,,,,,,8.0,False,False,10,8,8.0,0.11447573453187943,0.12229214608669281,0.12085455656051636,0.11862673610448837,0.14076176285743713,0.19268395006656647,0.15936562418937683,0.19843727350234985,,,,0.12100762027386368,0.12805985552045157,0.12860333058679024,0.11967281213964186,0.1453121115312808,0.21386030663107494,0.17526000659313878,0.13726857093224457,,,
36,Joey Fatone,Kym Johnson,Singer/Rapper,New York,United States,30,4,2nd Place,2,8.0,8.0,8.0,,8.0,8.0,8.0,,8.0,8.0,8.0,,10.0,9.0,9.0,,8.0,8.0,9.0,,9.0,9.0,9.0,,10.0,9.5,10.0,,9.5,9.0,9.0,,10.0,10.0,10.0,,9.6666,9.3333,9.6666,,,,,,,False,True,10,10,10.0,0.0015074290568009019,0.23756380379199982,0.057057179510593414,0.0010496248723939061,0.26927119493484497,0.21214202046394348,0.018134266138076782,0.2503799796104431,0.03852903097867966,0.45695120096206665,,0.00143103831632889,0.232092854291396,0.05447810539384312,0.0012674476371178432,0.27295387899323253,0.22455815813645227,0.01849689297692594,0.26763470420726954,0.04347944739303032,0.4699932870498161,
37,Leeza Gibbons,Tony Dovolani,TV Personality,South Carolina,United States,50,4,Eliminated Week 4,9,5.0,5.0,5.0,,7.0,7.0,7.0,,8.0,8.0,8.0,,6.0,5.0,5.0,,,,,,,,,,,,,,,,,,,,,,,,,,,,,,4.0,False,False,10,4,4.0,0.014032673090696335,0.014990825206041336,0.003594182664528489,0.01454230584204197,,,,,,,,0.013690170052410163,0.015615304630396634,0.0035784374355019824,0.009074329352560919,,,,,,,
38,Cameron Mathison,Edyta Sliwinska,Actor/Actress,,Canada,38,5,Eliminated Week 8,5,7.0,7.0,7.0,,7.0,7.0,7.0,,8.0,7.0,8.0,,9.0,9.0,9.0,,8.0,9.0,9.0,,9.0,8.0,8.0,,8.5,8.5,8.5,,8.5,8.5,8.5,,,,,,,,,,,,,,8.0,False,False,10,8,8.0,0.10984238982200623,0.11901576071977615,0.13595137000083923,0.10590197890996933,0.13201762735843658,0.14667418599128723,0.15115608274936676,0.20019179582595825,,,,0.11455332778611177,0.1220512625680988,0.1413251713190178,0.10871221122304243,0.1397943494073117,0.15411659323023222,0.16399634035577704,0.14543008350687886,,,
39,Jane Seymour,Tony Dovolani,Actor/Actress,,England,56,5,Eliminated Week 7,6,8.0,8.0,8.0,,7.0,7.0,7.0,,9.0,9.0,9.0,,8.0,9.0,9.0,,8.0,9.0,9.0,,8.0,7.0,7.0,,8.0,8.5,8.5,,,,,,,,,,,,,,,,,,7.0,False,False,10,7,7.0,0.06465823948383331,0.07657032459974289,0.013990337029099464,0.06819422543048859,0.08509784191846848,0.09438446164131165,0.09736952930688858,,,,,0.06357769029522568,0.08022090660154195,0.014670965029729612,0.06974287174569152,0.08655993214488057,0.09900939826232133,0.062313822240523405,,,,
40,Sabrina Bryan,Mark Ballas,Actor/Actress,California,United States,23,5,Eliminated Week 6,7,9.0,8.0,9.0,,9.0,8.0,9.0,,9.0,9.0,9.0,,10.0,10.0,10.0,,9.0,9.0,10.0,,9.0,8.0,8.0,,,,,,,,,,,,,,,,,,,,,,6.0,False,False,10,6,6.0,0.00019288799376226962,0.01362709142267704,0.004865554627031088,8.085764420684427e-05,0.006559000816196203,0.03284619003534317,,,,,,0.000158985677015761,0.014470140214328698,0.003951356359138208,9.183088669347519e-07,0.0058877849198056935,0.02271162336332985,,,,,
41,Jennie Garth,Derek Hough,Actor/Actress,Illinois,United States,35,5,Eliminated Week 9,4,7.0,7.0,7.0,,7.0,7.0,7.0,,9.0,8.0,9.0,,8.0,10.0,9.0,,8.0,9.0,8.0,,9.0,9.0,9.0,,8.5,8.5,9.5,,8.5,8.5,8.0,,9.5,10.0,9.5,,,,,,,,,,9.0,False,False,10,9,9.0,0.13992400467395782,0.1516095995903015,0.15808062255382538,0.1348034143447876,0.17066054046154022,0.18272438645362854,0.1813315600156784,0.25626152753829956,0.3192209303379059,,,0.15066604791452598,0.15573679973125307,0.16072851630825064,0.14016059341867995,0.17660758769208,0.18387607712193638,0.1901976231142297,0.2908694440264176,0.2545875570578778,,
42,Floyd Mayweather Jr.,Karina Smirnoff,Athlete,Michigan,United States,30,5,Eliminated Week 4,9,6.0,6.0,6.0,,7.0,7.0,7.0,,7.0,7.0,7.0,,7.0,8.0,8.0,,,,,,,,,,,,,,,,,,,,,,,,,,,,,,4.0,False,False,10,4,4.0,0.03989512473344803,0.04322691634297371,0.049378182739019394,0.03850839287042618,,,,,,,,0.040804152722363145,0.043798294334500096,0.050740187537836524,0.027263640612553947,,,,,,,
43,Josie Maran,Alec Mazo,Model,California,United States,29,5,Eliminated Week 1,12,6.0,5.0,5.0,,,,,,,,,,,,,,,,,,,,,,,,,,,,,,,,,,,,,,,,,,1.0,False,False,10,1,1.0,0.0193958543241024,,,,,,,,,,,0.012579426224620766,,,,,,,,,,
44,Albert Reed,Anna Trebunskaya,Model,Florida,United States,22,5,Eliminated Week 2,11,7.0,7.0,7.0,,7.0,7.0,7.0,,,,,,,,,,,,,,,,,,,,,,,,,,,,,,,,,,,,,,2.0,False,False,10,2,2.0,0.03185596689581871,0.03451639041304588,,,,,,,,,,0.028609837772264463,0.022595117801571397,,,,,,,,,
45,Helio Castroneves,Julianne Hough,Racing Driver,,Brazil,32,5,1st Place,1,8.0,9.0,8.0,,9.0,9.0,9.0,,8.0,8.0,8.0,,9.0,9.0,9.0,,8.0,7.0,8.0,,9.0,10.0,9.0,,9.0,8.5,8.5,,9.5,9.5,9.5,,10.0,10.0,10.0,,9.0,9.3333,9.6666,,,,,,,False,True,10,10,10.0,0.08752892911434174,0.0012434952659532428,0.2087545245885849,0.16344182193279266,0.2060135304927826,0.2033761888742447,0.22714242339134216,0.00488667469471693,0.02554020658135414,0.12910683453083038,,0.08511708064264109,0.001155543812145678,0.21742364356470387,0.1601639751183523,0.2210260429001984,0.2058090672373318,0.23612622437518613,0.005281707222697183,0.0251486015210854,0.13256282492601548,
46,Mel B,Maksim Chmerkoskiy,Singer/Rapper,,England,32,5,2nd Place,2,8.0,8.0,8.0,,7.0,8.0,8.0,,9.0,9.0,9.0,,8.0,9.0,9.0,,10.0,9.0,10.0,,10.0,10.0,10.0,,9.0,9.0,9.0,,9.0,9.5,9.5,,10.0,10.0,10.0,,9.3333,9.3333,9.6666,,,,,,,False,True,10,10,10.0,0.1672096848487854,0.19789312779903412,0.03617977350950241,0.1763540804386139,0.0036112586967647076,0.0009435204556211829,0.0009632747387513518,0.07333993911743164,0.02786478027701378,0.010236064903438091,,0.16310365637551666,0.1980306729193683,0.03389261172536063,0.18224338551986818,0.003479609259561338,0.0016505586027810344,0.0006140784001371449,0.0756700529129306,0.03231825923930878,0.008442576333727152,
47,Wayne Newton,Cheryl Burke,Singer/Rapper,Virginia,United States,65,5,Eliminated Week 3,10,6.0,7.0,6.0,,5.0,5.0,5.0,,6.0,6.0,6.0,,,,,,,,,,,,,,,,,,,,,,,,,,,,,,,,,,3.0,False,False,10,3,3.0,0.015517674386501312,0.0168136153370142,0.019206220284104347,,,,,,,,,0.015592415037269339,0.015946574553772172,0.013166353299940849,,,,,,,,
48,Marie Osmond,Jonathan Roberts,Singer/Rapper,Utah,United States,47,5,3rd Place,3,7.0,7.0,7.0,,8.0,8.0,8.0,,9.0,8.0,9.0,,9.0,9.0,8.0,,7.0,7.0,7.0,,8.0,8.0,7.0,,9.0,8.5,8.5,,8.0,8.5,8.0,,9.5,9.5,9.0,,8.0,7.5,7.5,,,,,,,False,True,10,10,10.0,0.25380632281303406,0.2694503962993622,0.2867404818534851,0.24498148262500763,0.3102662265300751,0.3390510380268097,0.3420371115207672,0.46532002091407776,0.6273741722106934,0.8606570959091187,,0.25105247128032576,0.26810075341911205,0.278303583784078,0.24306228334548713,0.3125448699493654,0.3328266821820669,0.34675191151414686,0.4827487123310754,0.6879455821817276,0.858994598740258,
49,Mark Cuban,Kym Johnson,TV Personality,Pennsylvania,United States,49,5,Eliminated Week 5,8,7.0,7.0,7.0,,6.0,6.0,6.0,,6.0,7.0,7.0,,7.0,8.0,7.0,,7.0,7.0,7.0,,,,,,,,,,,,,,,,,,,,,,,,,,5.0,False,False,10,5,5.0,0.07017286121845245,0.07603330165147781,0.08685296773910522,0.06773371994495392,0.08577395230531693,,,,,,,0.07418490827211967,0.07789393404430807,0.08579761107194338,0.06865012070745725,0.054099823726796115,,,,,,
50,Cristian de la Fuente,Cheryl Burke,Actor/Actress,,Chile,34,6,3rd Place,3,7.0,7.0,7.0,,7.0,6.0,7.0,,8.0,8.0,9.0,,9.0,8.0,9.0,,7.0,8.0,8.0,,9.0,9.0,9.0,,7.5,7.5,8.0,,10.0,9.0,9.5,,9.5,9.0,9.5,,9.0,8.0,9.0,,,,,,,False,True,10,10,10.0,0.23933732509613037,0.3295917510986328,0.258786678314209,0.3842441141605377,0.3087932765483856,0.2830980718135834,0.3612990379333496,0.002027978654950857,0.2025827020406723,0.5187768936157227,,0.24175272602619696,0.3284464537133123,0.25726047237550637,0.38182490195029367,0.31194688310126056,0.2883087051412784,0.3679332929742109,0.001716201319413981,0.24196062602161636,0.5231980326621258,
51,Steve Guttenberg,Anna Trebunskaya,Actor/Actress,New York,United States,49,6,Eliminated Week 3,10,6.0,6.0,6.0,,6.0,5.0,5.0,,7.0,7.0,7.0,,,,,,,,,,,,,,,,,,,,,,,,,,,,,,,,,,3.0,False,False,10,3,3.0,0.008086461573839188,0.011135848239064217,0.009262907318770885,,,,,,,,,0.007754224594443555,0.011659669968919435,0.0061772406895658095,,,,,,,,
52,Priscilla Presley,Louis van Amstel,Actor/Actress,New York,United States,62,6,Eliminated Week 5,8,8.0,8.0,8.0,,7.0,7.0,7.0,,8.0,9.0,9.0,,7.0,7.0,8.0,,7.0,7.0,7.0,,,,,,,,,,,,,,,,,,,,,,,,,,5.0,False,False,10,5,5.0,0.016555877402424812,0.023330774158239365,0.01267018262296915,0.02726680226624012,0.021866926923394203,,,,,,,0.016104833523342056,0.022844677310137295,0.013103129760027062,0.03204055905568914,0.013377462702807352,,,,,,
53,Marlee Matlin,Fabian Sanchez,Actor/Actress,Illinois,United States,42,6,Eliminated Week 6,7,7.0,7.0,8.0,,8.0,8.0,8.0,,7.0,7.0,7.0,,8.0,8.0,8.0,,7.0,7.0,8.0,,7.0,7.0,7.0,,,,,,,,,,,,,,,,,,,,,,6.0,False,False,10,6,6.0,0.037301287055015564,0.05129292979836464,0.04273043945431709,0.06003955379128456,0.04812607169151306,0.0451250821352005,,,,,,0.03557297458896594,0.05043090029869718,0.04363537220600172,0.05968165243855382,0.049976348612215345,0.02946452443639226,,,,,
54,Shannon Elizabeth,Derek Hough,Actor/Actress,Texas,United States,34,6,Eliminated Week 7,6,7.0,7.0,7.0,,8.0,8.0,8.0,,8.0,8.0,8.0,,9.0,10.0,9.0,,8.0,8.0,7.0,,8.0,8.0,8.0,,8.5,8.5,8.5,,,,,,,,,,,,,,,,,,7.0,False,False,10,7,7.0,0.05180967599153519,0.07123952358961105,0.05917704850435257,0.07264518737792969,0.06684065610170364,0.06268186122179031,0.07659143209457397,,,,,0.0504117144721333,0.07051613239337826,0.06152242837909185,0.07664436536040084,0.0699338414671437,0.06717912265951959,0.051469980862432575,,,,
55,Marissa Jaret Winokur,Tony Dovolani,Actor/Actress,New York,United States,35,6,Eliminated Week 9,4,6.0,6.0,6.0,,7.0,7.0,7.0,,6.0,7.0,6.0,,8.0,8.0,8.0,,8.0,8.0,8.0,,9.0,8.0,9.0,,9.0,8.5,8.5,,8.5,8.0,8.5,,8.5,9.0,8.5,,,,,,,,,,9.0,False,False,10,9,9.0,0.11893362551927567,0.16378311812877655,0.13623648881912231,0.19142241775989532,0.15341760218143463,0.14360655844211578,0.16345784068107605,0.17980124056339264,0.36782029271125793,,,0.11542816023003621,0.1667234960956185,0.13683134514475537,0.1901633649149693,0.15106060881249422,0.15241910906690542,0.17045569386271417,0.1958813033520117,0.2915174772999976,,
56,Jason Taylor,Edyta Sliwinska,Athlete,Pennsylvania,United States,33,6,2nd Place,2,7.0,8.0,7.0,,9.0,9.0,9.0,,8.0,7.0,8.0,,10.0,9.0,10.0,,9.0,9.0,9.0,,8.0,8.0,8.0,,9.5,8.5,9.5,,9.0,8.0,9.0,,9.0,9.5,9.0,,9.5,9.5,9.5,,,,,,,False,True,10,10,10.0,0.28695982694625854,0.025769421830773354,0.32869797945022583,0.02902756817638874,0.2862663269042969,0.34825438261032104,0.002577998209744692,0.42846986651420593,0.40916430950164795,0.47895848751068115,,0.2925894029717687,0.025034084011172544,0.3238581697081815,0.027754828561466792,0.2836355851793514,0.34413137489901713,0.0023301210275813054,0.4452432715280597,0.446208715822167,0.4741238427022708,
57,Kristi Yamaguchi,Mark Ballas,Athlete,California,United States,36,6,1st Place,1,9.0,9.0,9.0,,9.0,9.0,9.0,,9.0,9.0,9.0,,10.0,9.0,10.0,,9.0,10.0,10.0,,10.0,10.0,10.0,,9.5,8.0,9.5,,8.5,9.5,9.5,,9.5,9.0,10.0,,10.0,10.0,10.0,,,,,,,False,True,10,10,10.0,0.0008240072638727725,0.020852841436862946,0.0014667933573946357,0.02318548411130905,0.0016973695019260049,0.0011473131598904729,0.22857172787189484,0.2279493659734726,0.020432710647583008,0.0022645792923867702,,0.0006423255821523981,0.02060089268710176,0.0019144696981192903,0.021968539921740846,0.0015305346822403032,0.0009021681556658712,0.2305647955787463,0.2441819948355938,0.020313180856219835,0.0026781246356028794,
58,Monica Seles,Jonathan Roberts,Athlete,,Yugoslavia,34,6,Eliminated Week 2,11,5.0,5.0,5.0,,5.0,5.0,5.0,,,,,,,,,,,,,,,,,,,,,,,,,,,,,,,,,,,,,,2.0,False,False,10,2,2.0,0.07115983217954636,0.09799402207136154,,,,,,,,,,0.07059979462735375,0.09551890576337174,,,,,,,,,
59,Penn Jillette,Kym Johnson,Magician,Massachusetts,United States,53,6,Eliminated Week 2,12,5.0,6.0,5.0,,6.0,6.0,5.0,,,,,,,,,,,,,,,,,,,,,,,,,,,,,,,,,,,,,,2.0,False,False,10,2,2.0,0.03981359675526619,0.05482720211148262,,,,,,,,,,0.039452510741136294,0.05466412376800582,,,,,,,,,
60,Adam Carolla,Julianne Hough,Radio Personality,California,United States,43,6,Eliminated Week 4,9,5.0,5.0,5.0,,6.0,7.0,6.0,,7.0,7.0,7.0,,6.0,7.0,6.0,,,,,,,,,,,,,,,,,,,,,,,,,,,,,,4.0,False,False,10,4,4.0,0.018522148951888084,0.025506794452667236,0.021216807886958122,0.02981150709092617,,,,,,,,0.018391585066901944,0.02566224526904591,0.022640985431082894,0.01837234068395249,,,,,,,
61,Mario,Karina Smirnoff,Singer/Rapper,Maryland,United States,21,6,Eliminated Week 8,5,8.0,8.0,8.0,,9.0,8.0,9.0,,7.0,6.0,8.0,,8.0,7.0,9.0,,9.0,9.0,9.0,,9.0,9.0,10.0,,8.5,8.5,8.5,,9.0,8.5,9.0,,,,,,,,,,,,,,8.0,False,False,10,8,8.0,0.11069634556770325,0.1246756985783577,0.1297546625137329,0.1823573112487793,0.1129918172955513,0.11608675867319107,0.16750194132328033,0.16175149381160736,,,,0.11129974757556904,0.12789841872123867,0.13305638660766864,0.1915494471129334,0.11853873544248784,0.11759499564122115,0.17724611569431573,0.1129772289649209,,,
62,Ted McGinley,Inna Brayer,Actor/Actress,California,United States,50,7,Eliminated Week 1,12,6.0,6.0,6.5,,,,,,,,,,,,,,,,,,,,,,,,,,,,,,,,,,,,,,,,,,1.0,False,False,10,1,1.0,0.04829467833042145,,,,,,,,,,,0.04651845535431841,,,,,,,,,,
63,Cloris Leachman,Corky Ballas,Actor/Actress,Iowa,United States,82,7,Eliminated Week 6,7,6.0,5.0,5.0,,5.0,5.0,5.0,,6.0,5.0,5.0,,8.0,7.0,7.0,,7.0,7.0,7.0,,5.0,5.0,5.0,,,,,,,,,,,,,,,,,,,,,,6.0,False,False,10,6,6.0,0.022140739485621452,0.0312667042016983,0.03320927917957306,0.04010848328471184,0.03475449979305267,0.03426559641957283,,,,,,0.021127122420686185,0.028788124789862535,0.031807919428032856,0.04311122211118581,0.03508181540484102,0.022364728665581566,,,,,
64,Susan Lucci,Tony Dovolani,Actor/Actress,New York,United States,61,7,Eliminated Week 7,6,6.0,6.0,6.5,,7.0,7.0,7.0,,7.0,7.0,7.0,,8.0,8.0,8.0,,7.0,7.0,8.0,,8.0,8.0,7.0,,8.0,8.0,8.0,,,,,,,,,,,,,,,,,,7.0,False,False,10,7,7.0,0.053088244050741196,0.07496431469917297,0.07962783426046371,0.0943557396531105,0.08333273977041245,0.08207637816667557,0.07982250303030014,,,,,0.05587169311908138,0.07921775467925544,0.07929316680489994,0.09288987762657469,0.08797764773991368,0.08632530952096353,0.05514867029785041,,,,
65,Cody Linley,Julianne Hough,Actor/Actress,Texas,United States,18,7,Eliminated Week 9,4,7.0,6.5,7.0,,7.0,7.0,7.0,,7.0,7.0,7.0,,7.0,8.0,8.0,,10.0,9.0,9.0,,8.0,8.0,7.0,,8.0,7.0,7.0,,8.0,8.0,8.0,,8.0,7.5,7.5,,,,,,,,,,9.0,False,False,10,9,9.0,0.12048026919364929,0.1701287180185318,0.18071237206459045,0.2179180532693863,0.09786602854728699,0.18626552820205688,0.18184970319271088,0.2516995072364807,0.21208234131336212,,,0.12547874502917217,0.1725929801966196,0.17884679842441642,0.22388233589768922,0.10086296969207818,0.19040942553945991,0.19604039423932335,0.27641957091559255,0.16486871383297702,,
66,Misty May-Treanor,Maksim Chmerkoskiy,Athlete,California,United States,31,7,Withdrew,10,6.5,7.5,7.0,,7.0,7.0,7.0,,,,,,,,,,,,,,,,,,,,,,,,,,,,,,,,,,,,,,,True,False,10,2,2.0,0.08267338573932648,0.11675164103507996,,,,,,,,,,0.08208003646521125,0.11962122487620958,,,,,,,,,
67,Maurice Greene,Cheryl Burke,Athlete,Kansas,United States,34,7,Eliminated Week 8,5,6.5,6.5,6.5,,7.0,6.0,6.0,,8.0,8.0,8.0,,6.0,7.0,7.0,,9.0,9.0,9.0,,7.0,7.0,7.0,,8.0,9.0,8.0,,8.0,8.0,8.0,,,,,,,,,,,,,,8.0,False,False,10,8,8.0,0.08933540433645248,0.12615761160850525,0.13107611238956451,0.16183601319789886,0.12106381356716156,0.1382552534341812,0.1336258053779602,0.18663109838962555,,,,0.09359094304146036,0.1279529601152232,0.12845667268871203,0.16064847483256547,0.12794854762177446,0.14503255997999043,0.14262941340781182,0.13719967134792452,,,
68,Warren Sapp,Kym Johnson,Athlete,Florida,United States,35,7,2nd Place,2,7.0,7.0,7.5,,8.0,8.0,8.0,,9.0,8.0,8.0,,8.0,7.0,7.0,,8.0,8.0,9.0,,8.0,9.0,8.0,,7.0,7.0,7.0,,9.5,8.5,9.0,,8.5,8.0,8.0,,9.0,9.5,9.0,,,,,,,False,True,10,10,10.0,0.21137996017932892,0.01784387044608593,0.24259406328201294,0.38443511724472046,0.3297174572944641,0.2978399097919464,0.3190453350543976,0.157182976603508,0.35036495327949524,0.5242235064506531,,0.21020326496569525,0.015994189706375086,0.24872164001448116,0.3808599357533943,0.32477314734206886,0.294508618000915,0.32135838300806635,0.15896969737664662,0.37625038704969027,0.5160014392690981,
69,Jeffrey Ross,Edyta Sliwinska,Comedian,New Jersey,United States,43,7,Eliminated Week 1,13,4.0,4.0,4.0,,,,,,,,,,,,,,,,,,,,,,,,,,,,,,,,,,,,,,,,,,1.0,False,False,10,1,1.0,0.05887465551495552,,,,,,,,,,,0.059352666843208154,,,,,,,,,,
70,Toni Braxton,Alec Mazo,Singer/Rapper,Maryland,United States,40,7,Eliminated Week 5,8,7.5,7.0,8.0,,7.0,8.0,8.0,,8.0,7.0,7.0,,7.0,7.0,8.0,,7.0,7.0,8.0,,,,,,,,,,,,,,,,,,,,,,,,,,5.0,False,False,10,5,5.0,0.018743500113487244,0.025726359337568283,0.02877025678753853,0.034749165177345276,0.030109023675322533,,,,,,,0.01804180731617642,0.026260157187926222,0.03172678978678987,0.039332553766600525,0.019627735675535937,,,,,,
71,Lance Bass,Lacey Schwimmer,Singer/Rapper,Mississippi,United States,29,7,3rd Place,3,7.5,6.0,8.0,,7.0,6.0,7.0,,8.0,7.0,7.0,,9.0,8.0,9.0,,7.0,7.0,7.0,,9.0,9.0,9.0,,9.0,7.0,9.0,,8.5,7.5,9.0,,10.0,9.0,9.5,,9.0,9.0,9.5,,,,,,,False,True,10,10,10.0,0.19113506376743317,0.26994189620018005,0.28670430183410645,0.0204327329993248,0.30005452036857605,0.0017029823502525687,0.2843012511730194,0.3993127942085266,0.0012705957051366568,0.4731680452823639,,0.18932896450099723,0.2678538992961943,0.2833326566114684,0.021739129561195857,0.30091122499582085,0.0019809174230704337,0.28403792498913266,0.42211723466454115,0.0019722091581488173,0.48108195018890054,
72,Kim Kardashian,Mark Ballas,TV Personality,California,United States,27,7,Eliminated Week 2,11,6.0,6.5,6.0,,6.0,6.0,5.0,,,,,,,,,,,,,,,,,,,,,,,,,,,,,,,,,,,,,,2.0,False,False,10,2,2.0,0.09259043633937836,0.13075430691242218,,,,,,,,,,0.08544358332538189,0.12748335708125577,,,,,,,,,
73,Rocco DiSpirito,Karina Smirnoff,TV Personality,New York,United States,41,7,Eliminated Week 4,9,6.0,5.5,6.0,,5.0,6.0,5.0,,7.0,7.0,6.0,,6.0,6.0,6.0,,,,,,,,,,,,,,,,,,,,,,,,,,,,,,4.0,False,False,10,4,4.0,0.010365682654082775,0.01463820319622755,0.015547659248113632,0.018778005614876747,,,,,,,,0.012214265746304286,0.015132728294297128,0.015280124900233203,0.01152481565885256,,,,,,,
74,Brooke Burke,Derek Hough,TV Personality,Connecticut,United States,37,7,1st Place,1,8.0,8.0,8.5,,8.0,8.0,8.0,,9.0,10.0,9.0,,9.0,8.0,9.0,,10.0,9.0,10.0,,8.0,10.0,8.0,,10.0,10.0,10.0,,9.5,8.5,9.5,,8.0,8.5,8.0,,10.0,10.0,10.0,,,,,,,False,True,10,10,10.0,0.0008979467675089836,0.021826377138495445,0.0017580789281055331,0.027386728674173355,0.0031019507441669703,0.2595944106578827,0.0013554266188293695,0.005173561163246632,0.4362821578979492,0.002608408685773611,,0.0007484518723068634,0.019102623776781114,0.0025342313409665255,0.026011654791941834,0.0028169115279680526,0.2593784408700184,0.0007852140578157659,0.0052938256952943,0.4569086899591845,0.002916610542000855,
75,Gilles Marini,Cheryl Burke,Actor/Actress,,France,33,8,2nd Place,2,8.0,8.0,8.0,,9.0,9.0,9.0,,9.0,9.0,9.0,,10.0,10.0,10.0,,10.0,9.0,10.0,,9.0,8.0,9.0,,9.0,9.0,9.0,,9.0,9.0,9.5,,9.5,9.0,9.5,,10.0,10.0,10.0,,9.5,10.0,9.5,,,False,True,11,11,11.0,0.0009276380878873169,0.0014166184701025486,0.028843220323324203,0.002450142987072468,0.0005280252080410719,0.16431623697280884,0.2026231586933136,0.039959024637937546,0.17322726547718048,0.00091423315461725,0.30358242988586426,0.0007181546210286967,0.0012904798428051713,0.029062224419373332,0.0025672521997930774,0.00035991304251631947,0.16816236099573956,0.20401187375189755,0.041464115373704494,0.19026270005968546,0.001456152889189207,0.3086397435751316
76,Denise Richards,Maksim Chmerkoskiy,Actor/Actress,Illinois,United States,38,8,Eliminated Week 3,12,6.0,6.0,6.0,,7.0,7.0,7.0,,5.0,6.0,5.0,,,,,,,,,,,,,,,,,,,,,,,,,,,,,,,,,,3.0,False,False,11,3,3.0,0.008908472023904324,0.009218567050993443,0.012183229438960552,,,,,,,,,0.008691730766890856,0.009368565852160345,0.006724499956927695,,,,,,,,
77,David Alan Grier,Kym Johnson,Actor/Actress,Michigan,United States,52,8,Eliminated Week 5,9,6.0,7.0,6.0,,6.0,5.0,6.0,,8.0,8.0,8.0,,8.0,7.0,7.0,,7.0,8.0,7.0,,,,,,,,,,,,,,,,,,,,,,,,,,5.0,False,False,11,5,5.0,0.013288398273289204,0.013751060701906681,0.018170669674873352,0.014491183683276176,0.014474794268608093,,,,,,,0.01388084139370802,0.013093313675995926,0.016370821816432977,0.012936481346541665,0.009227499944829715,,,,,,
78,Lawrence Taylor,Edyta Sliwinska,Athlete,Virginia,United States,50,8,Eliminated Week 7,7,6.0,5.0,5.0,,7.0,6.0,7.0,,7.0,6.0,7.0,,7.0,5.0,7.0,,6.0,7.0,7.0,,7.0,7.0,8.0,,7.0,7.0,7.0,,,,,,,,,,,,,,,,,,7.0,False,False,11,7,7.0,0.04099095240235329,0.04241807758808136,0.056059256196022034,0.04470119625329971,0.044650789350271225,0.05505503714084625,0.06140095368027687,,,,,0.04073119569659182,0.043565745087878825,0.054206334548613934,0.04530806625892783,0.0447829774485929,0.056962576030623054,0.04214254249321653,,,,
79,Ty Murray,Chelsie Hightower,Athlete,Arizona,United States,39,8,Eliminated Week 10,4,5.0,4.0,5.0,,7.0,6.0,7.0,,8.0,8.0,7.0,,9.0,8.0,8.0,,7.0,7.0,7.0,,6.0,6.0,6.0,,8.0,8.0,8.0,,9.0,8.0,9.0,,7.5,8.0,7.5,,8.0,8.0,8.0,,,,,,10.0,False,False,11,10,10.0,0.13841024041175842,0.14322908222675323,0.18928630650043488,0.1507292091846466,0.15076805651187897,0.18590442836284637,0.2073228657245636,0.1783571094274521,0.31506675481796265,0.23134258389472961,,0.1379229585957911,0.13742186131644288,0.1899349289478029,0.14561387518004032,0.1473171237828238,0.1871294179961733,0.210451308330921,0.19213646233674003,0.35247117416936014,0.17612197532002202,
80,Shawn Johnson,Mark Ballas,Athlete,Iowa,United States,17,8,1st Place,1,8.0,8.0,7.0,,8.0,8.0,8.0,,9.0,9.0,9.0,,8.0,8.0,9.0,,9.0,8.0,9.0,,8.0,9.0,9.0,,9.0,9.0,10.0,,9.0,8.0,9.0,,9.5,9.0,9.5,,9.5,9.0,9.5,,10.0,10.0,10.0,,,False,True,11,11,11.0,0.15497027337551117,0.23764610290527344,0.04820378124713898,0.25490835309028625,0.253088116645813,0.27476128935813904,0.2288607507944107,0.3013470470905304,0.29117920994758606,0.3533323407173157,0.0031464870553463697,0.15962101455529273,0.2357603950439816,0.046413740956930946,0.257099101662911,0.2565037192381917,0.27741255233609763,0.2301857767041499,0.31165148146124594,0.29727050306501074,0.3813596421769987,0.0036451992263077104
81,Steve Wozniak,Karina Smirnoff,Entrepreneur,California,United States,58,8,Eliminated Week 4,10,5.0,4.0,4.0,,6.0,5.0,6.0,,4.0,3.0,3.0,,4.0,4.0,4.0,,,,,,,,,,,,,,,,,,,,,,,,,,,,,,4.0,False,False,11,4,4.0,0.09173676371574402,0.09493063390254974,0.1254592388868332,0.10004018992185593,,,,,,,,0.09012143189379535,0.09727495222458885,0.12868762870823378,0.09905710877949188,,,,,,,
82,Belinda Carlisle,Jonathan Roberts,Singer/Rapper,California,United States,50,8,Eliminated Week 2,13,6.0,6.0,5.0,,6.0,6.0,6.0,,,,,,,,,,,,,,,,,,,,,,,,,,,,,,,,,,,,,,2.0,False,False,11,2,2.0,0.007574961055070162,0.007838686928153038,,,,,,,,,,0.007360421590679867,0.004971963648535801,,,,,,,,,
83,Chuck Wicks,Julianne Hough,Singer/Rapper,Delaware,United States,29,8,Eliminated Week 8,6,6.0,7.0,7.0,,6.0,7.0,7.0,,8.0,7.0,8.0,,8.0,7.0,7.0,,7.0,8.0,8.0,,8.0,7.0,8.0,,9.0,9.0,9.0,,8.5,8.5,8.5,,,,,,,,,,,,,,8.0,False,False,11,8,8.0,0.10763414204120636,0.11138713359832764,0.1472051441669464,0.11738230288028717,0.11724602431058884,0.14454588294029236,0.15570057928562164,0.14087001979351044,,,,0.10501760976719351,0.11750755230692878,0.14895718394060534,0.12462307420293085,0.11785092032035649,0.1523744540613768,0.16048357092225934,0.09917152544257062,,,
84,Lil' Kim,Derek Hough,Singer/Rapper,New York,United States,34,8,Eliminated Week 9,5,7.0,7.0,7.0,,8.0,7.0,8.0,,8.0,8.0,9.0,,9.0,8.0,10.0,,9.0,8.0,9.0,,10.0,8.0,10.0,,9.0,8.0,9.0,,9.0,9.0,10.0,,8.5,9.0,8.5,,,,,,,,,,9.0,False,False,11,9,9.0,0.09465408325195312,0.0980694442987442,0.1294398009777069,0.10066650807857513,0.10251527279615402,0.0015252713346853852,0.1419316530227661,0.002016024896875024,0.2137286365032196,,,0.09439599020773567,0.09589958172316942,0.13179435628591335,0.1016186524901372,0.10893139759536959,0.0018990647146828559,0.1507864368541772,0.0022575567305421493,0.15346739422228425,,
85,Steve-O,Lacey Schwimmer,TV Personality,,England,34,8,Eliminated Week 6,8,6.0,5.0,6.0,,5.0,4.0,5.0,,5.0,5.0,5.0,,5.0,5.0,5.0,,6.0,6.0,6.0,,7.0,4.0,5.0,,,,,,,,,,,,,,,,,,,,,,6.0,False,False,11,6,6.0,0.03349399194121361,0.03466010466217995,0.0458063967525959,0.036525655537843704,0.03648446872830391,0.04498707130551338,,,,,,0.03310283607299565,0.034019141601496015,0.044788937574199564,0.037118467225250196,0.03910062422300824,0.02877216267773611,,,,,
86,Holly Madison,Dmitry Chaplin,TV Personality,Oregon,United States,30,8,Eliminated Week 4,11,6.0,6.0,6.0,,6.0,6.0,6.0,,5.0,6.0,6.0,,5.0,6.0,5.0,,,,,,,,,,,,,,,,,,,,,,,,,,,,,,4.0,False,False,11,4,4.0,0.10699672251939774,0.1107218787074089,0.14632876217365265,0.11668138951063156,,,,,,,,0.10745295554530551,0.11304928746321696,0.15073826766960585,0.11261626447118124,,,,,,,
87,Melissa Rycroft,Tony Dovolani,TV Personality,Texas,United States,26,8,3rd Place,3,8.0,7.0,8.0,,9.0,8.0,9.0,,9.0,9.0,9.0,,10.0,9.0,10.0,,8.0,8.0,9.0,,9.0,9.0,9.0,,10.0,9.0,10.0,,7.5,7.5,8.0,,9.5,9.5,9.5,,9.0,9.5,9.0,,9.5,9.5,9.5,,,False,True,11,11,11.0,0.20041340589523315,0.09471260756254196,0.05301428958773613,0.061423879116773605,0.2802444100379944,0.12890483438968658,0.002160019939765334,0.33745071291923523,0.006798143498599529,0.41441088914871216,0.6932710409164429,0.2009828592929911,0.09677716021279921,0.052321075175359694,0.06144165618279459,0.27592582440431085,0.12728741118757167,0.0019384909433780165,0.3533188586551978,0.00652822848366063,0.4410622296137903,0.6877150571985602
88,Ashley Hamiliton,Edyta Sliwinska,Actor/Actress,California,United States,34,9,Eliminated Week 1,16,6.3333,7.3333,5.3333,,,,,,,,,,,,,,,,,,,,,,,,,,,,,,,,,,,,,,,,,,1.0,False,False,10,1,1.0,0.06306476145982742,,,,,,,,,,,0.06359873641482387,,,,,,,,,,
89,Debi Mazar,Maksim Chmerkoskiy,Actor/Actress,New York,United States,45,9,Eliminated Week 3,12,8.0,7.0,7.0,,7.0,7.0,7.0,,6.0,5.0,6.0,,,,,,,,,,,,,,,,,,,,,,,,,,,,,,,,,,3.0,False,False,10,3,3.0,0.062406253069639206,0.06497708708047867,0.06353691965341568,,,,,,,,,0.06519166282556052,0.06706159618716047,0.06368359541127444,,,,,,,,
90,Melissa Joan Hart,Mark Ballas,Actor/Actress,New York,United States,33,9,Eliminated Week 6,9,8.0,8.0,8.0,,7.0,6.0,6.0,,6.0,6.0,7.0,,9.0,9.0,10.0,,8.0,8.0,7.0,,8.3333,8.3333,7.3333,,,,,,,,,,,,,,,,,,,,,,6.0,False,False,10,6,6.0,0.0816400796175003,0.08500345051288605,0.0831192210316658,0.0017063355771824718,0.10430514812469482,0.1143026202917099,,,,,,0.0805627098888252,0.08519799054664409,0.08275382586360655,0.0019454724657946914,0.10675397836527468,0.11599118908704424,,,,,
91,Mark Dacascos,Lacey Schwimmer,Actor/Actress,Hawaii,United States,45,9,Eliminated Week 7,6,9.6666,9.6666,9.6666,,7.0,7.0,7.0,,6.0,6.0,6.0,,8.0,7.0,7.0,,9.0,9.0,8.0,,11.0,11.0,10.0,,7.0,7.5,7.0,,,,,,,,,,,,,,,,,,7.0,False,False,10,7,7.0,0.07815618067979813,0.08137866109609604,0.07957495003938675,0.09832170605659485,0.09640802443027496,0.10857169330120087,0.14605925977230072,,,,,0.07851959641026787,0.08175539892007687,0.08075656649130111,0.10015754282479186,0.10067233188549961,0.11132931969282414,0.14522272010250079,,,,
92,Chuck Liddell,Anna Trebunskaya,Athlete,California,United States,39,9,Eliminated Week 4,11,8.0,7.0,7.0,,6.0,7.0,6.0,,6.0,5.0,6.0,,6.0,5.0,6.0,,,,,,,,,,,,,,,,,,,,,,,,,,,,,,4.0,False,False,10,4,4.0,0.010923131369054317,0.011373135261237621,0.011121034622192383,0.013741042464971542,,,,,,,,0.010776649900811059,0.011511923645422067,0.010927730975169457,0.008097443805056056,,,,,,,
93,Natalie Coughlin,Alec Mazo,Athlete,California,United States,27,9,Eliminated Week 5,10,9.6666,8.6666,8.6666,,7.0,7.0,7.0,,9.0,8.0,9.0,,8.0,8.0,8.0,,7.0,8.0,7.0,,,,,,,,,,,,,,,,,,,,,,,,,,5.0,False,False,10,5,5.0,0.020223533734679222,0.021056661382317543,0.0012140682665631175,0.025427883490920067,0.025922700762748718,,,,,,,0.019865507461589618,0.020437034586901045,0.0008536604378839512,0.029122729721998284,0.016714961129739855,,,,,,
94,Louie Vito,Chelsie Hightower,Athlete,Ohio,United States,21,9,Eliminated Week 6,8,8.6666,9.6666,8.6666,,6.0,7.0,6.0,,8.0,5.0,7.0,,5.0,5.0,6.0,,7.0,8.0,7.0,,8.0,8.0,8.0,,,,,,,,,,,,,,,,,,,,,,6.0,False,False,10,6,6.0,0.09772635996341705,0.10175254940986633,0.09949680417776108,0.12293758988380432,0.12485748529434204,0.13617856800556183,,,,,,0.09532379019423493,0.10385229267697571,0.0986658554965184,0.12318538612456027,0.12948197971580822,0.13314099373038946,,,,,
95,Michael Irvin,Anna Demidova,Athlete,Florida,United States,43,9,Eliminated Week 7,7,7.0,6.0,6.0,,7.0,7.0,6.0,,5.0,4.0,5.0,,5.0,6.0,5.0,,7.0,7.0,7.0,,6.6666,8.6666,6.6666,,8.0,8.0,7.5,,,,,,,,,,,,,,,,,,7.0,False,False,10,7,7.0,0.09201040118932724,0.09580101072788239,0.09367743134498596,0.11574693024158478,0.11755453050136566,0.12821343541145325,0.1719360053539276,,,,,0.0914397145951791,0.09793339787750131,0.09410330698732189,0.11896480515292798,0.1221972007864492,0.128850650264026,0.17037204981619145,,,,
96,Joanna Krupa,Derek Hough,Model,,Poland,30,9,Eliminated Week 9,4,11.3333,11.3333,11.3333,,6.0,7.0,7.0,,7.0,8.0,8.0,,9.0,8.0,9.0,,8.0,8.0,8.0,,11.3333,12.3333,12.3333,,9.0,9.0,9.5,,8.5,8.5,9.0,,9.0,9.0,9.0,,,,,,,,,,9.0,False,False,10,9,9.0,0.0006990010151639581,0.20433034002780914,0.19475491344928741,0.22606223821640015,0.24748675525188446,0.000944780302233994,0.0013361318269744515,0.3857859969139099,0.3724488317966461,,,0.0008911093597025578,0.2034396812337025,0.18796500270414673,0.21860270594483425,0.23963516169564986,0.0011211048212164888,0.0015701091568908413,0.3862463331534924,0.2696813007893696,,
97,Kathy Ireland,Tony Dovolani,Model,California,United States,46,9,Eliminated Week 2,14,7.3333,6.3333,6.3333,,6.0,6.0,6.0,,,,,,,,,,,,,,,,,,,,,,,,,,,,,,,,,,,,,,2.0,False,False,10,2,2.0,0.013799186795949936,0.01436767540872097,,,,,,,,,,0.013807690674914769,0.009498616551171766,,,,,,,,,
98,Tom DeLay,Cheryl Burke,Politician,Texas,United States,62,9,Withdrew,13,7.3333,6.3333,6.3333,,6.0,6.0,6.0,,6.0,4.0,5.0,,,,,,,,,,,,,,,,,,,,,,,,,,,,,,,,,,,True,False,10,3,3.0,0.06341266632080078,0.06602511554956436,0.06456156075000763,,,,,,,,,0.06108533729448105,0.06663437717426622,0.0660917726564597,,,,,,,,
99,Macy Gray,Jonathan Roberts,Singer/Rapper,Ohio,United States,42,9,Eliminated Week 1,15,7.3333,5.3333,6.3333,,,,,,,,,,,,,,,,,,,,,,,,,,,,,,,,,,,,,,,,,,1.0,False,False,10,1,1.0,0.05028839781880379,,,,,,,,,,,0.04787383742831865,,,,,,,,,,
100,Aaron Carter,Karina Smirnoff,Singer/Rapper,Florida,United States,21,9,Eliminated Week 8,5,10.3333,11.3333,10.3333,,9.0,9.0,9.0,,8.0,6.0,7.0,,6.0,6.0,6.0,,8.0,8.0,8.0,,10.6666,11.6666,10.6666,,8.5,9.0,9.0,,8.0,8.5,8.5,,,,,,,,,,,,,,8.0,False,False,10,8,8.0,0.045080363750457764,0.0030408145394176245,0.04766825586557388,0.05908936262130737,0.05981912836432457,0.0643361434340477,0.08221535384654999,0.09616231918334961,,,,0.04573185812108586,0.002635629586571831,0.0490181981506136,0.058737036094638755,0.06478870812720196,0.06329304610927237,0.08382056663865002,0.06629368840670782,,,
101,Mya,Dmitry Chaplin,Singer/Rapper,Washington D.C.,United States,29,9,2nd Place,2,11.3333,8.3333,11.3333,,9.0,9.0,9.0,,10.0,7.0,10.0,,10.0,8.0,10.0,,9.0,9.0,9.0,,11.0,10.0,12.0,,8.5,7.5,8.5,,9.5,10.0,10.0,,9.3333,9.6666,10.0,,9.4444,9.4444,9.4444,,,,,,,False,True,10,10,10.0,0.06845209002494812,0.004483046475797892,0.004144280217587948,0.019296415150165558,0.05766133591532707,0.09554757922887802,0.12905728816986084,0.0005058780079707503,0.0007807372021488845,0.29308879375457764,,0.06852698152229747,0.0051579095248331375,0.004050617726221798,0.01858645490835632,0.05401798419924744,0.09725678775872278,0.1331331521300156,0.0007747570798942638,0.000848529816518207,0.2878894494448046,
102,Donny Osmond,Kym Johnson,Singer/Rapper,Utah,United States,51,9,1st Place,1,10.3333,9.3333,10.3333,,8.0,9.0,8.0,,7.0,7.0,7.0,,8.0,8.0,8.0,,10.0,9.0,10.0,,10.3333,10.3333,10.3333,,8.5,8.5,9.0,,8.5,8.0,8.5,,8.0,8.3333,8.3333,,9.6666,9.6666,9.6666,,,,,,,False,True,10,10,10.0,0.12326806783676147,0.1118335872888565,0.1255382001399994,0.1550799310207367,0.0008541313582099974,0.17179825901985168,0.2298937439918518,0.2532709538936615,0.3080175220966339,0.0030776753555983305,,0.12474431031554692,0.10926990847663827,0.12514716651767166,0.1582590325899575,0.0007854006328349715,0.1684321866443058,0.22382967626507683,0.268744695768203,0.36433529455230335,0.0033500997192338704,
103,Kelly Osbourne,Louis van Amstel,TV Personality,,England,24,9,3rd Place,3,9.6666,10.6666,10.6666,,6.0,7.0,6.0,,7.0,6.0,7.0,,8.0,7.0,8.0,,8.0,8.0,8.0,,8.6666,7.6666,8.6666,,8.5,8.5,9.0,,8.0,8.5,9.0,,8.6666,8.6666,8.6666,,8.5,8.5,8.2222,,,,,,,False,True,10,10,10.0,0.1288495659828186,0.13457682728767395,0.13159239292144775,0.1625906527042389,0.16513074934482574,0.1801069676876068,0.23950226604938507,0.26427480578422546,0.3187529146671295,0.7038335800170898,,0.13206050759236063,0.13561424301213426,0.13598270058181064,0.16434139036708387,0.16495229346229398,0.18058472189219876,0.2420517258906745,0.27794052559170246,0.365134874841809,0.7087604508359617,
104,Aiden Turner,Edyta Sliwinska,Actor/Actress,,England,32,10,Eliminated Week 4,9,5.0,5.0,5.0,,7.0,6.0,6.0,,7.0,6.0,7.0,,5.5,5.5,5.5,,,,,,,,,,,,,,,,,,,,,,,,,,,,,,4.0,False,False,10,4,4.0,0.018855806440114975,0.01806565374135971,0.01953033357858658,0.020542185753583908,,,,,,,,0.01742809928834417,0.01859721505348689,0.022125758104442117,0.01291592047224361,,,,,,,
105,Shannen Doherty,Mark Ballas,Actor/Actress,Tennessee,United States,38,10,Eliminated Week 2,11,6.0,6.0,6.0,,7.0,6.0,7.0,,,,,,,,,,,,,,,,,,,,,,,,,,,,,,,,,,,,,,2.0,False,False,10,2,2.0,0.007132404949516058,0.006833517923951149,,,,,,,,,,0.006102535658288064,0.004726718469432319,,,,,,,,,
106,Niecy Nash,Louis van Amstel,Actor/Actress,California,United States,40,10,Eliminated Week 8,5,7.0,5.0,6.0,,7.0,7.0,7.0,,7.0,7.0,7.0,,6.0,6.0,6.0,,6.0,6.0,6.0,,8.6666,8.6666,8.6666,,8.5,8.0,8.0,,7.0,7.0,7.5,,,,,,,,,,,,,,8.0,False,False,10,8,8.0,0.09095167368650436,0.0871385931968689,0.09420213103294373,0.0990859717130661,0.09713868796825409,0.09441489726305008,0.12160995602607727,0.12203190475702286,,,,0.08720883306317091,0.08630871604348535,0.09715325859514712,0.10450005469896201,0.10533385538756915,0.10065249589833573,0.14844841823820784,0.08489188491256273,,,
107,Buzz Aldrin,Ashly DelGrosso,Astronaut,New Jersey,United States,80,10,Eliminated Week 3,10,5.0,4.0,5.0,,4.0,4.0,4.0,,5.0,4.0,4.0,,,,,,,,,,,,,,,,,,,,,,,,,,,,,,,,,,3.0,False,False,10,3,3.0,0.0073762452229857445,0.0070671457797288895,0.007640124298632145,,,,,,,,,0.006575366634428647,0.006615883638635617,0.0044345630443112655,,,,,,,,
108,Chad Ochocinco,Cheryl Burke,Athlete,Florida,United States,32,10,Eliminated Week 9,4,6.0,6.0,6.0,,6.0,5.0,5.0,,7.0,6.0,7.0,,7.5,6.5,8.0,,6.0,6.0,6.0,,10.3333,10.3333,10.3333,,8.5,9.0,8.5,,7.5,7.5,7.5,,8.5,8.5,9.0,,,,,,,,,,9.0,False,False,10,9,9.0,0.15515324473381042,0.1486516147851944,0.16070356965065002,0.16892042756080627,0.16570761799812317,0.1552276909351349,0.2050701081752777,0.2081066370010376,0.32995831966400146,,,0.16488443489590732,0.15721857645212517,0.15855705760212976,0.16841347316546781,0.16822799469021463,0.15977189607502768,0.23611293178951603,0.22548298725281493,0.2670689062241537,,
109,Evan Lysacek,Anna Trebunskaya,Athlete,Illinois,United States,24,10,2nd Place,2,8.0,7.0,8.0,,8.0,8.0,8.0,,9.0,8.0,9.0,,9.0,8.0,9.0,,9.0,9.0,9.0,,9.0,9.0,9.0,,9.0,9.0,9.0,,9.0,8.5,9.0,,10.0,9.5,10.0,,9.3333,8.7777,8.7777,,,,,,,False,True,10,10,10.0,0.1480085849761963,0.18474802374839783,0.0008255637949332595,0.001327773672528565,0.1243499368429184,0.23760844767093658,0.017900867387652397,0.2870170772075653,0.02886517159640789,0.44427546858787537,,0.144380916230644,0.17764910041439236,0.000393675986311659,0.0012394980814377347,0.12290266292979805,0.243128768196016,0.015905163925165194,0.29369993289601415,0.031199739977033732,0.44003530831696447,
110,Pamela Anderson,Damian Whitewood,Model,,Canada,42,10,Eliminated Week 7,6,7.0,6.0,8.0,,7.0,7.0,8.0,,7.0,7.0,7.0,,7.5,7.5,8.5,,7.0,6.0,8.0,,9.6666,9.6666,10.6666,,8.5,8.5,8.5,,,,,,,,,,,,,,,,,,7.0,False,False,10,7,7.0,0.18010875582695007,0.1726744920015335,0.18674466013908386,0.19227273762226105,0.1925499141216278,0.18660534918308258,0.24085503816604614,,,,,0.17636700113497625,0.1724953033719523,0.19008601022462301,0.19176120873360722,0.19350136563413506,0.18995892275413662,0.1621884899323783,,,,
111,Nicole Scherzinger,Derek Hough,Singer/Rapper,Hawaii,United States,31,10,1st Place,1,9.0,7.0,9.0,,10.0,8.0,10.0,,8.0,6.0,9.0,,8.5,8.0,8.5,,10.0,9.0,10.0,,12.3333,10.3333,13.3333,,9.0,9.0,9.0,,10.0,9.5,10.0,,10.0,9.5,10.0,,9.5,9.5,9.7777,,,,,,,False,True,10,10,10.0,0.0006656585610471666,0.0004908600240014493,0.13025569915771484,0.08949357271194458,0.0009034473332576454,0.0005453514750115573,0.009914490394294262,0.0006536070141009986,0.01590748317539692,0.0010022004134953022,,0.0009606439221723726,0.0006326763604334991,0.1323991288650634,0.09275236048056867,0.0016548353586121167,0.0003921829346944065,0.01021018408158019,0.0005685521152523978,0.016827125974756472,0.0010729590803851597,
112,Erin Andrews,Maksim Chmerkoskiy,Sports Broadcaster,Maine,United States,32,10,3rd Place,3,7.0,7.0,7.0,,8.0,7.0,8.0,,8.0,7.0,8.0,,6.5,6.5,6.5,,7.0,7.0,8.0,,12.0,10.0,12.0,,8.5,8.5,8.5,,8.5,9.0,9.0,,9.5,9.0,9.5,,9.2222,8.8888,8.8888,,,,,,,False,True,10,10,10.0,0.3014712333679199,0.28782913088798523,0.3065855801105499,0.329998642206192,0.32320064306259155,0.2665269672870636,0.4046495258808136,0.3821908235549927,0.6252690553665161,0.5547223687171936,,0.3089021837969657,0.2891790986846871,0.2976612371574596,0.324425761507489,0.3228309240017725,0.26660874578810967,0.427134812033152,0.39535664282335575,0.6849042278240557,0.5588917326026492,
113,Kate Gosselin,Tony Dovolani,TV Personality,Pennsylvania,United States,35,10,Eliminated Week 5,8,6.0,5.0,5.0,,5.0,5.0,5.0,,5.0,5.0,5.0,,5.0,5.5,5.5,,5.0,5.0,5.0,,,,,,,,,,,,,,,,,,,,,,,,,,5.0,False,False,10,5,5.0,0.03338008001446724,0.031981296837329865,0.034574221819639206,0.03636544570326805,0.035650793462991714,,,,,,,0.032956512709102465,0.03346435494705202,0.03676128597572535,0.03782496572537672,0.02340050357286021,,,,,,
114,Jake Pavelka,Chelsie Hightower,TV Personality,Texas,United States,32,10,Eliminated Week 6,7,7.0,6.0,7.0,,6.0,7.0,7.0,,7.0,7.0,7.0,,6.5,6.5,6.0,,8.0,7.0,8.0,,8.3333,8.3333,8.3333,,,,,,,,,,,,,,,,,,,,,,6.0,False,False,10,6,6.0,0.05689620599150658,0.05451980605721474,0.058938074856996536,0.061993230134248734,0.06049898639321327,0.05907132849097252,,,,,,0.05423347266600085,0.05311235656431828,0.060428024444786815,0.06616675713484639,0.0621478584250374,0.03948698835367949,,,,,
115,David Hasselhoff,Kym Johnson,Actor/Actress,Maryland,United States,58,11,Eliminated Week 1,12,5.0,5.0,5.0,,,,,,,,,,,,,,,,,,,,,,,,,,,,,,,,,,,,,,,,,,1.0,False,False,10,1,1.0,0.006348807830363512,,,,,,,,,,,0.004186329518936735,,,,,,,,,,
116,Florence Henderson,Corky Ballas,Actor/Actress,Indiana,United States,76,11,Eliminated Week 5,8,6.0,6.0,6.0,,7.0,6.0,6.0,,7.0,6.0,7.0,,6.0,6.0,5.5,,7.0,7.0,7.0,,,,,,,,,,,,,,,,,,,,,,,,,,5.0,False,False,10,5,5.0,0.04042302072048187,0.036362551152706146,0.03439953923225403,0.037662286311388016,0.03764968737959862,,,,,,,0.03789387661896594,0.03379742140824756,0.0354675112431774,0.04148167778048688,0.025181540164392655,,,,,,
117,Kyle Massey,Lacey Schwimmer,Actor/Actress,Georgia,United States,19,11,2nd Place,2,8.0,7.0,8.0,,8.0,7.0,7.0,,8.0,7.0,8.0,,7.0,6.5,6.5,,8.0,5.0,7.0,,10.3333,9.3333,10.3333,,9.0,8.5,8.0,8.0,9.5,9.0,9.5,,10.0,9.0,10.0,,9.3333,8.6666,9.3333,,,,,,,False,True,10,10,10.0,0.1757017821073532,0.23430289328098297,0.22198441624641418,0.24364104866981506,0.24359522759914398,0.2556367814540863,0.30644625425338745,0.24321629106998444,0.29485884308815,0.4583589434623718,,0.17645090719129333,0.22772540087168422,0.22024775525523005,0.24486403146856545,0.23800206262168394,0.26094802669105915,0.31404106581315133,0.26745588589400554,0.32480260745404466,0.4625246505803852,
118,Jennifer Grey,Derek Hough,Actor/Actress,New York,United States,50,11,1st Place,1,8.0,8.0,8.0,,8.0,8.0,8.0,,8.0,8.0,8.0,,9.5,9.0,9.5,,8.0,8.0,9.0,,9.0,10.0,10.0,,9.5,9.0,9.0,9.0,9.5,9.5,9.5,,10.0,10.0,10.0,,10.0,10.0,10.0,,,,,,,False,True,10,10,10.0,0.001206898712553084,0.000563740381039679,0.1265866607427597,0.0005929553299210966,0.13771174848079681,0.1513233333826065,0.0017476619686931372,0.01962919533252716,0.0015265089459717274,0.001169938943348825,,0.0008397876052497296,0.0005517290079193259,0.12886659860356225,0.0006619763720494144,0.14105192076539308,0.15127055872915932,0.0013456587670848108,0.019301006852740575,0.0022260017386652427,0.0013292111945706572,
119,Rick Fox,Cheryl Burke,Athlete,,Canada,41,11,Eliminated Week 7,6,8.0,7.0,7.0,,7.0,7.0,7.0,,8.0,8.0,8.0,,6.0,7.0,6.5,,8.0,8.0,8.0,,10.0,10.0,10.0,,9.0,8.5,8.5,8.5,,,,,,,,,,,,,,,,,7.0,False,False,10,7,7.0,0.10329067707061768,0.09599755704402924,0.08747789263725281,0.09942503273487091,0.09909223765134811,0.10443056374788284,0.12492810189723969,,,,,0.1064930745074778,0.09733914998831732,0.08843986015606707,0.10230149841225404,0.10146299582322735,0.11254939902192833,0.08740778937556105,,,,
120,Kurt Warner,Anna Trebunskaya,Athlete,Iowa,United States,39,11,Eliminated Week 8,5,7.0,5.0,7.0,,7.0,7.0,7.0,,8.0,8.0,7.0,,6.0,5.5,5.5,,8.0,8.0,8.0,,7.3333,7.3333,7.3333,,9.5,8.5,8.5,8.5,8.0,8.0,8.0,,,,,,,,,,,,,,8.0,False,False,10,8,8.0,0.1489291787147522,0.13395780324935913,0.12665081024169922,0.13875877857208252,0.13828077912330627,0.1458337903022766,0.17251279950141907,0.24455010890960693,,,,0.15401570135770964,0.14223784173265455,0.1312130388464782,0.14324160286402668,0.13822834310288193,0.15104406479609975,0.18739643258631788,0.18530272937746434,,,
121,Margaret Cho,Louis van Amstel,Comedian,California,United States,41,11,Eliminated Week 3,10,5.0,5.0,5.0,,6.0,6.0,6.0,,6.0,6.0,6.0,,,,,,,,,,,,,,,,,,,,,,,,,,,,,,,,,,3.0,False,False,10,3,3.0,0.01958003081381321,0.01761321909725666,0.016662372276186943,,,,,,,,,0.020904140434137398,0.01744928324201262,0.010966262444752581,,,,,,,,
122,Michael Bolton,Chelsie Hightower,Singer/Rapper,Connecticut,United States,57,11,Eliminated Week 2,11,6.0,5.0,5.0,,4.0,5.0,3.0,,,,,,,,,,,,,,,,,,,,,,,,,,,,,,,,,,,,,,2.0,False,False,10,2,2.0,0.010797868482768536,0.009713223204016685,,,,,,,,,,0.012037701610050716,0.006314915805447111,,,,,,,,,
123,Brandy,Maksim Chmerkoskiy,Singer/Rapper,Mississippi,United States,31,11,Eliminated Week 9,4,7.0,8.0,8.0,,7.0,7.0,7.0,,8.0,8.0,8.0,,8.0,8.0,8.0,,9.0,9.0,9.0,,11.3333,12.3333,12.3333,,9.0,9.0,9.5,9.0,9.0,9.5,10.0,,9.5,9.5,9.5,,,,,,,,,,9.0,False,False,10,9,9.0,0.08851341903209686,0.11861883848905563,0.10804590582847595,0.10399577766656876,0.00043751130579039454,0.0005775649915449321,0.05524956062436104,0.016946183517575264,0.2066669464111328,,,0.08372132384323168,0.1178525561685132,0.11120828709226661,0.10547298846371649,0.00034219183065212514,0.0006122793693955529,0.05776333414086318,0.016903453416292954,0.16521103439587798,,
124,The Situation,Karina Smirnoff,TV Personality,New York,United States,28,11,Eliminated Week 4,9,5.0,5.0,5.0,,6.0,6.0,6.0,,7.0,6.0,7.0,,5.0,4.5,4.5,,,,,,,,,,,,,,,,,,,,,,,,,,,,,,4.0,False,False,10,4,4.0,0.03718838840723038,0.03345281258225441,0.03164687007665634,0.034648556262254715,,,,,,,,0.037854992267301935,0.03284138560829724,0.035025511999712974,0.02220871913100433,,,,,,,
125,Audrina Patridge,Tony Dovolani,TV Personality,California,United States,25,11,Eliminated Week 6,7,6.0,7.0,6.0,,8.0,8.0,7.0,,8.0,9.0,9.0,,8.0,7.5,7.5,,7.0,8.0,8.0,,10.6666,10.6666,10.6666,,,,,,,,,,,,,,,,,,,,,,6.0,False,False,10,6,6.0,0.078604556620121,0.059866152703762054,0.0002562479639891535,0.07162512838840485,0.0736733004450798,0.05880077928304672,,,,,,0.08302140398960431,0.06054441840164352,0.0003869413464551689,0.0759980955410457,0.07939206791354234,0.03911160149209302,,,,,
126,Bristol Palin,Mark Ballas,TV Personality,Alaska,United States,19,11,3rd Place,3,6.0,6.0,6.0,,7.0,8.0,7.0,,6.0,6.0,7.0,,5.0,5.5,5.5,,6.0,6.0,6.0,,9.6666,8.6666,9.6666,,8.5,8.0,8.0,8.0,7.5,8.0,8.0,,8.5,9.0,9.0,,8.3333,9.0,8.3333,,,,,,,False,True,10,10,10.0,0.2894153594970703,0.25955116748809814,0.24628925323486328,0.26965048909187317,0.26955950260162354,0.2833971679210663,0.3391157388687134,0.47565823793411255,0.4969477355480194,0.540471076965332,,0.2825807610560413,0.2633458977652634,0.23817823301229735,0.26376940996685033,0.276338877778227,0.2844640699002647,0.35204571931702205,0.5110369244594967,0.5077603564114116,0.5361461382250446,
127,Ralph Macchio,Karina Smirnoff,Actor/Actress,New York,United States,49,12,Eliminated Week 9,4,8.0,8.0,8.0,,7.0,7.0,7.0,,7.0,7.0,7.0,,8.0,8.0,9.0,,8.0,7.0,7.0,,8.0,8.0,8.0,,9.0,8.5,7.5,8.0,7.5,7.5,8.0,,8.0,8.0,8.0,,,,,,,,,,9.0,False,False,10,9,9.0,0.0009391166968271136,0.16137993335723877,0.16033264994621277,0.09612720459699631,0.18252886831760406,0.2093987911939621,0.029429499059915543,0.2489844411611557,0.2536099851131439,,,0.0012214958948431052,0.16509697619439928,0.15958723026710844,0.09481569862086615,0.19173853656713008,0.2211590025739946,0.029449438085827485,0.28197133548835207,0.1944511017817695,,
128,Chelsea Kane,Mark Ballas,Actor/Actress,Arizona,United States,22,12,3rd Place,3,7.0,7.0,7.0,,6.0,5.0,7.0,,7.0,8.0,8.0,,9.0,8.0,9.0,,9.0,8.0,9.0,,10.0,9.0,9.0,,8.0,8.5,7.5,8.0,9.0,9.0,9.5,,12.0,12.0,12.5,,10.0,9.6666,10.0,,,,,,,False,True,10,10,10.0,0.1717698723077774,0.20068641006946564,0.19706586003303528,0.0011073049390688539,0.13211560249328613,0.021184677258133888,0.21492144465446472,0.00344108697026968,0.0014331239508464932,0.047051846981048584,,0.17033677811458217,0.20560817619377195,0.1970408228126175,0.0011103603349161308,0.139065446247634,0.01970031849181993,0.22896243305217137,0.0031725812705101337,0.0023844705427507142,0.04693889965030848,
129,Kirstie Alley,Maksim Chmerkoskiy,Actor/Actress,Kansas,United States,60,12,2nd Place,2,8.0,7.0,8.0,,7.0,6.0,7.0,,7.0,7.0,7.0,,7.0,7.0,8.0,,8.0,7.0,8.0,,8.0,9.0,9.0,,8.0,7.0,7.0,8.0,8.5,9.0,9.0,,9.0,9.0,9.0,,9.3333,9.3333,9.3333,,,,,,,False,True,10,10,10.0,0.10088380426168442,0.23080648481845856,0.22915726900100708,0.20997071266174316,0.26218125224113464,0.27863994240760803,0.3250822126865387,0.3122154176235199,0.3588394224643707,0.8784675002098083,,0.10287072032556203,0.23442082043174892,0.23013875576931112,0.20641560486793822,0.27367002944258595,0.28623540672104775,0.3424267522033185,0.3436549591878223,0.39109946423287273,0.8812941781676288,
130,Hines Ward,Kym Johnson,Athlete,,South Korea,35,12,1st Place,1,7.0,7.0,7.0,,8.0,7.0,8.0,,9.0,8.0,8.0,,9.0,8.0,8.0,,9.0,9.0,9.0,,9.0,9.0,9.0,,8.0,8.0,8.0,9.0,9.0,9.0,9.0,,10.0,10.0,10.0,,10.0,9.6666,10.0,,,,,,,False,True,10,10,10.0,0.27300575375556946,0.028956051915884018,0.018903618678450584,0.24971070885658264,0.006402044091373682,0.23714058101177216,0.01564359851181507,0.18113014101982117,0.38611742854118347,0.07448070496320724,,0.27325501832355165,0.025232070439539334,0.01798101192996188,0.24955003991539546,0.005542017105515851,0.23367523795881598,0.015122504615007288,0.1885727598082039,0.4120649634426062,0.07176692218206401,
131,Sugar Ray Leonard,Anna Trebunskaya,Athlete,North Carolina,United States,54,12,Eliminated Week 4,9,6.0,5.0,6.0,,6.0,5.0,6.0,,7.0,6.0,7.0,,7.0,7.0,7.0,,,,,,,,,,,,,,,,,,,,,,,,,,,,,,4.0,False,False,10,4,4.0,0.02227473445236683,0.025906143710017204,0.025733675807714462,0.023597605526447296,,,,,,,,0.02501758190415073,0.026999982433697285,0.024233248497184338,0.015459632152776135,,,,,,,
132,Chris Jericho,Cheryl Burke,Athlete,New York,United States,40,12,Eliminated Week 6,7,7.0,6.0,6.0,,8.0,7.0,8.0,,7.0,7.0,7.0,,8.0,7.0,8.0,,9.0,8.0,9.0,,7.0,8.0,7.0,,,,,,,,,,,,,,,,,,,,,,6.0,False,False,10,6,6.0,0.04768001288175583,0.0050341361202299595,0.05508390814065933,0.05064024403691292,0.03650591894984245,0.07233040034770966,,,,,,0.04704937103846562,0.005874462192708346,0.05884150096136934,0.05032267004135126,0.03870484826252457,0.04982095752739653,,,,,
133,Petra Nemcova,Dmitry Chaplin,Model,,Czechoslovakia,31,12,Eliminated Week 5,8,6.0,6.0,6.0,,6.0,6.0,6.0,,8.0,9.0,8.0,,8.0,7.0,8.0,,7.0,7.0,8.0,,,,,,,,,,,,,,,,,,,,,,,,,,5.0,False,False,10,5,5.0,0.09523484855890274,0.11076082289218903,0.00656433729454875,0.10086745023727417,0.12639029324054718,,,,,,,0.0937673312745104,0.10987983598227738,0.006774502572073783,0.10812000193283293,0.08334816567926853,,,,,,
134,Mike Catherwood,Lacey Schwimmer,Radio Personality,California,United States,32,12,Eliminated Week 2,11,5.0,4.0,4.0,,6.0,5.0,6.0,,,,,,,,,,,,,,,,,,,,,,,,,,,,,,,,,,,,,,2.0,False,False,10,2,2.0,0.019006652757525444,0.022105278447270393,,,,,,,,,,0.020152733699208936,0.014591136969784174,,,,,,,,,
135,Romeo,Chelsie Hightower,Singer/Rapper,Louisiana,United States,21,12,Eliminated Week 8,5,7.0,6.0,6.0,,7.0,8.0,8.0,,7.0,6.0,7.0,,7.0,8.0,8.0,,9.0,8.0,9.0,,10.0,9.0,9.0,,7.5,8.0,7.0,7.5,8.5,9.0,8.5,,,,,,,,,,,,,,8.0,False,False,10,8,8.0,0.14478328824043274,0.06965925544500351,0.16726669669151306,0.1534421294927597,0.11085247993469238,0.017670821398496628,0.2376733124256134,0.2542289197444916,,,,0.142978752815461,0.06752595598544277,0.17449991103936677,0.1576687460296177,0.10864375699925699,0.01652607853667604,0.26454355401836915,0.18262836424511159,,,
136,Wendy Williams,Tony Dovolani,TV Personality,New Jersey,United States,46,12,Eliminated Week 3,10,5.0,4.0,5.0,,6.0,5.0,6.0,,5.0,5.0,5.0,,,,,,,,,,,,,,,,,,,,,,,,,,,,,,,,,,3.0,False,False,10,3,3.0,0.0163063146173954,0.018964704126119614,0.01883845217525959,,,,,,,,,0.014627397134691916,0.019031843606965432,0.010993036257648338,,,,,,,,
137,Kendra Wilkinson,Louis van Amstel,TV Personality,California,United States,25,12,Eliminated Week 7,6,6.0,6.0,6.0,,7.0,6.0,6.0,,8.0,7.0,8.0,,6.0,6.0,6.0,,8.0,7.0,7.0,,8.0,8.0,9.0,,7.5,7.5,7.5,8.0,,,,,,,,,,,,,,,,,7.0,False,False,10,7,7.0,0.10811563581228256,0.12574085593223572,0.12105348706245422,0.11453661322593689,0.1430235058069229,0.163634791970253,0.17724990844726562,,,,,0.10872281947497255,0.1257387395696654,0.11990997989335851,0.1165372461043057,0.15928719969608388,0.17288299819024888,0.11949531802530561,,,,
138,Elisabetta Canalis,Valentin Chmerkovskiy,Actor/Actress,,Italy,33,13,Eliminated Week 2,11,5.0,5.0,5.0,,7.0,7.0,7.0,,,,,,,,,,,,,,,,,,,,,,,,,,,,,,,,,,,,,,2.0,False,False,10,2,2.0,0.0132288271561265,0.0120434844866395,,,,,,,,,,0.013867561651912393,0.007906427718284216,,,,,,,,,
139,David Arquette,Kym Johnson,Actor/Actress,Virginia,United States,40,13,Eliminated Week 7,6,6.0,6.0,6.0,,6.0,6.0,6.0,,8.0,8.0,8.0,,8.0,7.0,8.0,,8.0,9.0,8.0,,8.0,7.0,8.0,,8.0,7.5,8.0,,,,,,,,,,,,,,,,,,7.0,False,False,10,7,7.0,0.07634870707988739,0.07005763798952103,0.06918416172266006,0.0709032192826271,0.0783218964934349,0.09755780547857285,0.08418349176645279,,,,,0.07712827359551507,0.0727497450507232,0.07309363220659283,0.07152215401826922,0.08276565328040449,0.10811629949617044,0.05633722408273653,,,,
140,Ricki Lake,Derek Hough,Actor/Actress,New York,United States,42,13,3rd Place,3,7.0,6.0,7.0,,8.0,7.0,8.0,,9.0,9.0,9.0,,10.0,9.0,10.0,,8.0,8.0,8.0,,10.0,9.0,10.0,,9.0,8.5,9.0,,8.5,8.5,9.0,,10.8333,11.3333,11.3333,,9.3333,9.3333,9.3333,,,,,,,False,True,10,10,10.0,0.14722883701324463,0.0007240878767333925,0.0005985447787679732,0.0005638004513457417,0.15696145594120026,0.011247014626860619,0.0007593256887048483,0.19332458078861237,0.004844263661652803,0.3982076048851013,,0.14601777211375438,0.00036696730973687536,0.000564935685619013,0.0005856645242421533,0.1582904775576822,0.00945711157884185,0.001018398679474609,0.2180744799194364,0.006095403226108511,0.39286893294321384,
141,J.R. Martinez,Karina Smirnoff,Actor/Actress,Louisiana,United States,28,13,1st Place,1,8.0,7.0,7.0,,7.0,7.0,8.0,,9.0,8.0,9.0,,8.0,9.0,9.0,,9.0,9.0,10.0,,10.0,9.0,10.0,,8.5,7.5,8.0,,10.0,10.0,10.0,,9.5,9.0,9.5,,9.3333,9.1666,9.6666,,,,,,,False,True,10,10,10.0,0.019019948318600655,0.20537474751472473,0.22284474968910217,0.22713366150856018,0.0010865560034289956,0.021676955744624138,0.32024022936820984,0.0013770434306934476,0.5655503273010254,0.5963076949119568,,0.016980918285087784,0.2106491716206147,0.2134050618313391,0.23035721076557517,0.0008020342577912834,0.020478344090732563,0.3224162747289134,0.002109388224759912,0.6081249820007174,0.6023531794545205,
142,Metta World Peace (Ron),Peta Murgatroyd,Athlete,New York,United States,31,13,Eliminated Week 1,12,5.0,4.0,5.0,,,,,,,,,,,,,,,,,,,,,,,,,,,,,,,,,,,,,,,,,,1.0,False,False,10,1,1.0,0.012261688709259033,,,,,,,,,,,0.007922059213672682,,,,,,,,,,
143,Hope Solo,Maksim Chmerkoskiy,Athlete,Washington,United States,30,13,Eliminated Week 9,4,7.0,7.0,7.0,,6.0,7.0,6.0,,8.0,8.0,8.0,,8.0,8.0,8.0,,8.0,8.0,8.0,,7.0,6.0,7.0,,8.5,8.0,8.5,,8.5,9.0,8.5,,8.1666,8.1666,8.1666,,,,,,,,,,9.0,False,False,10,9,9.0,0.11994602531194687,0.1376654952764511,0.13591405749320984,0.13885273039340973,0.15710964798927307,0.19190630316734314,0.15947552025318146,0.1940852552652359,0.30162322521209717,,,0.12177656365221,0.13646036675930726,0.14525942725361424,0.14628374031893798,0.15941702295453442,0.1991445274111377,0.1701939107480899,0.21686513368594632,0.2405857249847532,,
144,Chynna Phillips,Tony Dovolani,Singer/Rapper,California,United States,43,13,Eliminated Week 4,9,8.0,7.0,7.0,,7.0,7.0,7.0,,8.0,9.0,9.0,,7.0,7.0,7.0,,,,,,,,,,,,,,,,,,,,,,,,,,,,,,4.0,False,False,10,4,4.0,0.0014585757162421942,0.020283611491322517,0.018225492909550667,0.020564300939440727,,,,,,,,0.0013863786194055296,0.019840343087223086,0.01839828675020724,0.01355934287646626,,,,,,,
145,Kristin Cavallari,Mark Ballas,TV Personality,Colorado,United States,24,13,Eliminated Week 3,10,7.0,6.0,6.0,,8.0,7.0,7.0,,8.0,8.0,8.0,,,,,,,,,,,,,,,,,,,,,,,,,,,,,,,,,,3.0,False,False,10,3,3.0,0.026106469333171844,0.020451925694942474,0.02365948259830475,,,,,,,,,0.025993497255808674,0.021382190593512516,0.015725506287994698,,,,,,,,
146,Carson Kressley,Anna Trebunskaya,TV Personality,Pennsylvania,United States,41,13,Eliminated Week 5,8,6.0,5.0,6.0,,6.0,6.0,6.0,,8.0,7.0,8.0,,7.0,6.0,7.0,,6.0,6.0,7.0,,,,,,,,,,,,,,,,,,,,,,,,,,5.0,False,False,10,5,5.0,0.05366181209683418,0.04923994466662407,0.048628609627485275,0.04984181374311447,0.056329987943172455,,,,,,,0.05590602506428739,0.05207211107889218,0.049965151259625196,0.04932475364842913,0.036898631150261506,,,,,,
147,Chaz Bono,Lacey Schwimmer,TV Personality,California,United States,42,13,Eliminated Week 6,7,6.0,5.0,6.0,,6.0,5.0,6.0,,6.0,6.0,6.0,,7.0,7.0,7.0,,7.0,7.0,7.0,,7.0,6.0,6.0,,,,,,,,,,,,,,,,,,,,,,6.0,False,False,10,6,6.0,0.06776309758424759,0.06217924878001213,0.061407361179590225,0.06293927878141403,0.07113240659236908,0.0867227166891098,,,,,,0.06823846736661558,0.061947014732272244,0.06681135922627365,0.06305466452137898,0.07682718201198503,0.058850808916904813,,,,,
148,Nancy Grace,Tristan MacManus,TV Personality,Georgia,United States,51,13,Eliminated Week 8,5,5.0,5.0,6.0,,6.0,8.0,7.0,,7.0,7.0,7.0,,7.0,7.0,7.0,,7.0,7.0,8.0,,9.0,7.0,8.0,,7.5,7.0,7.5,,7.5,7.0,7.5,,,,,,,,,,,,,,8.0,False,False,10,8,8.0,0.17255042493343353,0.15757712721824646,0.15636631846427917,0.16026803851127625,0.18112769722938538,0.21928194165229797,0.19027917087078094,0.2285284399986267,,,,0.17238616663542863,0.15670598515598896,0.15461304622606073,0.1551482939780453,0.18255642079540993,0.22356044100829314,0.19522368993927128,0.1582359899001942,,,
149,Rob Kardashian,Cheryl Burke,TV Personality,California,United States,24,13,2nd Place,2,6.0,5.0,5.0,,7.0,7.0,7.0,,8.0,8.0,8.0,,8.0,8.0,8.0,,9.0,8.0,8.0,,8.0,7.0,7.0,,9.0,8.0,8.5,,8.5,8.5,8.5,,11.1666,10.6666,10.6666,,9.4444,9.4444,9.4444,,,,,,,False,True,10,10,10.0,0.2904256284236908,0.26440268754959106,0.26317116618156433,0.26893314719200134,0.29793038964271545,0.3716071546077728,0.24506227672100067,0.3826846778392792,0.1279822140932083,0.005484709050506353,,0.29239631654630216,0.2599196768934447,0.26216359327267325,0.2701641753486557,0.302442577991931,0.38039246749791905,0.2548105018215146,0.4047150082696641,0.1451938897884205,0.004777887602266103,
150,William Levy,Cheryl Burke,Actor/Actress,,Cuba,31,14,3rd Place,3,8.0,8.0,8.0,,9.0,7.0,9.0,,9.0,9.0,10.0,,7.0,7.0,8.0,,10.0,9.0,10.0,,12.0,11.0,13.0,,9.0,8.5,9.0,,9.5,9.5,9.5,,9.5,9.5,10.0,,10.0,9.6666,10.0,,,,,,,False,True,10,10,10.0,0.1899152547121048,0.20666177570819855,0.12505042552947998,0.19287137687206268,0.013180568814277649,0.1898375004529953,0.202050119638443,0.0019496650202199817,0.2251429706811905,0.51789391040802,,0.19034661738688213,0.20150662029487174,0.12540815335354522,0.1906247486460696,0.01384266393972121,0.1981756581129376,0.19748461399982228,0.0020609060769544827,0.2314901784553503,0.520069558061718,
151,Jack Wagner,Anna Trebunskaya,Actor/Actress,Missouri,United States,52,14,Eliminated Week 3,11,8.0,7.0,8.0,,7.0,7.0,7.0,,8.0,8.0,8.0,,,,,,,,,,,,,,,,,,,,,,,,,,,,,,,,,,3.0,False,False,10,3,3.0,0.012312029488384724,0.013779119588434696,0.012409020215272903,,,,,,,,,0.01203638066208579,0.014616524107646935,0.007527377482777187,,,,,,,,
152,Sherri Sheperd,Valentin Chmerkovskiy,Actor/Actress,Illinois,United States,44,14,Eliminated Week 4,10,8.0,7.0,8.0,,8.0,7.0,8.0,,8.0,8.0,8.0,,7.0,7.0,7.0,,,,,,,,,,,,,,,,,,,,,,,,,,,,,,4.0,False,False,10,4,4.0,0.02000465616583824,0.02238735742866993,0.020162247121334076,0.020263448357582092,,,,,,,,0.019726222214360694,0.02047437495937019,0.020171452965542673,0.012731472414795301,,,,,,,
153,Jaleel White,Kym Johnson,Actor/Actress,California,United States,35,14,Eliminated Week 7,7,9.0,8.0,9.0,,7.0,7.0,8.0,,9.0,8.0,8.0,,8.0,7.0,7.0,,8.0,8.0,8.0,,12.6666,11.6666,12.6666,,9.0,8.0,8.5,,,,,,,,,,,,,,,,,,7.0,False,False,10,7,7.0,0.005055117886513472,0.0970618948340416,0.08712437748908997,0.08727499842643738,0.10048487782478333,0.07866024225950241,0.09130557626485825,,,,,0.004520278462406929,0.09783537285445668,0.08453134358186203,0.09137856070389652,0.10772803884410255,0.07635783240204981,0.0591241713619934,,,,
154,Roshon Fegan,Chelsie Hightower,Actor/Actress,California,United States,20,14,Eliminated Week 8,6,8.0,7.0,8.0,,9.0,8.0,9.0,,8.0,8.0,9.0,,9.0,8.0,9.0,,9.0,8.0,9.0,,8.6666,9.6666,9.6666,,9.5,8.0,8.5,,9.5,9.0,9.5,,,,,,,,,,,,,,8.0,False,False,10,8,8.0,0.1712888926267624,0.012161056511104107,0.17263810336589813,0.13458721339702606,0.19958044588565826,0.17320431768894196,0.18149180710315704,0.11919587850570679,,,,0.17175720537394273,0.01402547754780021,0.16987434769197857,0.1350806403375788,0.20497475741830626,0.183500996565557,0.18880634647773695,0.11918808865820847,,,
155,Melissa Gilbert,Maksim Chmerkoskiy,Actor/Actress,California,United States,47,14,Eliminated Week 8,5,7.0,6.0,7.0,,7.0,6.0,7.0,,8.0,8.0,8.0,,7.0,8.0,7.0,,7.0,7.0,7.0,,10.0,10.0,10.0,,8.0,7.5,8.0,,8.5,8.5,8.5,,,,,,,,,,,,,,8.0,False,False,10,8,8.0,0.14635571837425232,0.16379061341285706,0.14750441908836365,0.14824466407299042,0.17068587243556976,0.14794348180294037,0.1550929993391037,0.1970939189195633,,,,0.148065585256082,0.17011731912746642,0.1528928025773512,0.15509490982135968,0.1719958718539068,0.15137087451076062,0.16572031086402075,0.19195119083775786,,,
156,Martina Navratilova,Tony Dovolani,Athlete,,Czechoslovakia,55,14,Eliminated Week 2,12,7.0,6.0,7.0,,6.0,5.0,6.0,,,,,,,,,,,,,,,,,,,,,,,,,,,,,,,,,,,,,,2.0,False,False,10,2,2.0,0.007475006394088268,0.008365480229258537,,,,,,,,,,0.007918074227118632,0.005153228034275842,,,,,,,,,
157,Donald Driver,Peta Murgatroyd,Athlete,Texas,United States,37,14,1st Place,1,7.0,7.0,7.0,,8.0,8.0,8.0,,9.0,8.0,9.0,,9.0,9.0,9.0,,10.0,8.0,9.0,,11.3333,11.3333,11.3333,,9.0,8.5,9.0,,9.5,9.0,9.0,,9.5,9.0,10.0,,10.0,9.6666,10.0,,,,,,,False,True,10,10,10.0,0.1695912927389145,0.1890089362859726,0.17089782655239105,0.000980899203568697,0.19551406800746918,0.1721366047859192,0.17937758564949036,0.21635305881500244,0.3563699722290039,0.45871207118034363,,0.16976472940345277,0.1871192862893223,0.17332697271076178,0.0013743370307762737,0.1952156489865842,0.1726392921636034,0.18656941526778473,0.21540105615429705,0.3605651231679627,0.45831661370309473,
158,Gavin DeGraw,Karina Smirnoff,Singer/Rapper,New York,United States,35,14,Eliminated Week 5,9,7.0,6.0,7.0,,7.0,7.0,7.0,,8.0,8.0,8.0,,8.0,8.0,7.0,,6.0,6.0,7.0,,,,,,,,,,,,,,,,,,,,,,,,,,5.0,False,False,10,5,5.0,0.03236407786607742,0.036219511181116104,0.032618094235658646,0.03278077766299248,0.037744276225566864,,,,,,,0.03053782580980041,0.03704981223195662,0.03358322059270381,0.03116271884178365,0.024701065008270608,,,,,,
159,Gladys Knight,Tristan MacManus,Singer/Rapper,Georgia,United States,67,14,Eliminated Week 6,8,8.0,7.0,8.0,,7.0,5.0,7.0,,8.0,8.0,8.0,,7.0,6.0,7.0,,7.0,7.0,8.0,,8.0,8.0,8.0,,,,,,,,,,,,,,,,,,,,,,6.0,False,False,10,6,6.0,0.05799628049135208,0.06490705907344818,0.05845315754413605,0.05874655023217201,0.06763949245214462,0.0586274117231369,,,,,,0.05829639385034385,0.06707793776824743,0.05863123086926261,0.059187469030025926,0.0693150307051641,0.03625159977452372,,,,,
160,Katherine Jenkins,Mark Ballas,Singer/Rapper,,Wales,31,14,2nd Place,2,9.0,8.0,9.0,,9.0,8.0,9.0,,10.0,9.0,10.0,,8.0,8.0,8.0,,10.0,9.0,10.0,,13.3333,12.3333,13.3333,,9.5,8.5,9.0,,9.0,9.0,9.5,,9.5,9.0,9.5,,10.0,10.0,10.0,,,,,,,False,True,10,10,10.0,0.010731407441198826,0.013071475550532341,0.0010027412790805101,0.18566974997520447,0.01273210160434246,0.0007092389860190451,0.19002500176429749,0.2348528951406479,0.4154798984527588,0.02339407429099083,,0.011262914251525662,0.013324813265965577,0.0011673425713391997,0.18702618211566654,0.012107076560408096,0.0008733190996209795,0.20140549707788227,0.2327509908650377,0.40595677008325587,0.021613828235187725,
161,Maria Menounos,Derek Hough,TV Personality,Massachusetts,United States,33,14,Eliminated Week 9,4,7.0,7.0,7.0,,8.0,8.0,9.0,,9.0,9.0,9.0,,9.0,8.0,9.0,,9.0,9.0,9.0,,9.3333,10.3333,10.3333,,10.0,9.0,9.5,,9.5,7.5,9.5,,10.0,9.5,10.0,,,,,,,,,,9.0,False,False,10,9,9.0,0.17691020667552948,0.17258569598197937,0.17213962972164154,0.1385803371667862,0.20243827998638153,0.17888115346431732,0.0006568990647792816,0.23055464029312134,0.003007142571732402,,,0.17576777310199845,0.17169923351862001,0.17288575560287556,0.13633896105804805,0.2001198466835364,0.18083042737094715,0.0008896449507592626,0.23864776740774465,0.001987928293430965,,
162,Gilles Marini,Peta Murgatroyd,Actor/Actress,,France,36,15,Eliminated Week 8,6,8.0,8.0,8.0,,8.5,8.5,8.5,,8.5,8.5,8.5,,10.0,9.5,10.0,10.0,9.5,9.25,9.5,,9.0,9.0,9.5,,11.1666,11.1666,11.1666,,9.5,10.0,9.7777,,,,,,,,,,,,,,8.0,False,False,10,8,8.0,0.02272922731935978,0.05070766806602478,0.1106797531247139,0.008408740162849426,0.12437718361616135,0.14934411644935608,0.15712103247642517,0.14948004484176636,,,,0.02151358579344581,0.05024998183558838,0.10523914788970777,0.008932899316785968,0.11803033159135258,0.1485409813217671,0.15573019378162467,0.15122360937855098,,,
163,Sabrina Bryan,Louis van Amstel,Actor/Actress,California,United States,28,15,Eliminated Week 6,8,7.5,7.5,7.5,,9.0,8.5,8.5,,8.5,8.5,8.5,,9.0,9.0,8.5,9.0,9.75,9.75,9.75,,10.0,10.0,10.0,,,,,,,,,,,,,,,,,,,,,,6.0,False,False,10,6,6.0,0.07966972887516022,0.0005314354784786701,0.08427798748016357,0.11023291945457458,0.0003350616025272757,0.00742272799834609,,,,,,0.08134954869771154,0.000799691173155424,0.07856151533865813,0.11790919687769036,0.000365255548519433,0.0039958563759885804,,,,,
164,Kirstie Alley,Maksim Chmerkoskiy,Actor/Actress,Kansas,United States,61,15,Eliminated Week 8,7,6.5,6.0,6.5,,7.0,7.0,7.0,,8.0,8.0,8.0,,7.5,7.5,7.5,7.5,8.75,8.75,8.75,,9.5,8.5,9.5,,9.3333,9.3333,9.3333,,8.5,8.5,8.5,,,,,,,,,,,,,,8.0,False,False,10,8,8.0,0.10245692729949951,0.09683572500944138,0.10830562561750412,0.14083470404148102,0.12294932454824448,0.14590057730674744,0.15401491522789001,0.14987482130527496,,,,0.10223634497712697,0.10068076631105322,0.10546764740798778,0.14790133885088955,0.12270397643334156,0.14430974037614014,0.15186973366781764,0.1559096319963207,,,
165,Kelly Monaco,Valentin Chmerkovskiy,Actor/Actress,Pennsylvania,United States,36,15,3rd Place,3,7.0,7.0,7.5,,7.5,7.0,7.5,,9.0,9.0,9.0,,9.0,9.5,9.5,9.5,8.5,8.5,8.75,,9.0,9.0,9.0,,12.0,12.0,12.0,,9.5,9.3333,9.5,,8.7777,9.3333,9.0,,9.6666,9.6666,9.7777,,,,,,,False,True,10,10,10.0,0.10979092866182327,0.10376748442649841,0.006844308227300644,0.15052583813667297,0.1321820169687271,0.15635114908218384,0.1628459095954895,0.16058854758739471,0.23964568972587585,0.3869401812553406,,0.11129975153276009,0.10554203623142891,0.007133020441054844,0.149122974214755,0.13345399366076263,0.1574781855535912,0.16296547596255206,0.16193063499329033,0.23222814269874947,0.37885152298764635,
166,Apolo Anton Ohno,Karina Smirnoff,Athlete,Washington,United States,30,15,Eliminated Week 9,5,7.5,7.0,7.5,,8.5,8.0,8.0,,9.0,8.0,8.5,,8.5,9.0,8.5,8.5,9.0,9.75,9.5,,10.0,10.0,10.0,,11.0,11.0,11.0,,9.7777,9.5,10.0,,9.3333,9.5,9.7777,,,,,,,,,,9.0,False,False,10,9,9.0,0.11911437660455704,0.11174668371677399,0.1259009838104248,0.1637371927499771,0.14249581098556519,0.011088659055531025,0.17905910313129425,0.15789812803268433,0.24504396319389343,,,0.11994935319081429,0.11282916861728723,0.12741269950262618,0.16565019853326152,0.15260185611545085,0.01047904322828223,0.1785687830667722,0.1574082218118361,0.24727163183096135,,
167,Emmitt Smith,Cheryl Burke,Athlete,Florida,United States,43,15,Eliminated Week 9,4,8.0,8.5,8.0,,7.5,7.5,7.5,,8.5,8.0,8.5,,9.0,9.0,9.0,9.0,9.25,9.25,9.5,,8.5,8.5,9.5,,10.8333,11.8333,11.8333,,9.5,9.7777,9.7777,,9.0,9.0,9.0,,,,,,,,,,9.0,False,False,10,9,9.0,0.0020375335589051247,0.1230471134185791,0.1369626224040985,0.17724624276161194,0.1545592099428177,0.18363046646118164,0.1938173472881317,0.18767181038856506,0.2814527451992035,,,0.0018763114468458054,0.1222637890617543,0.1422984432713342,0.17510385097570802,0.1516638431295346,0.18007642110614583,0.19127565591885354,0.18094343974331167,0.28518342153617887,,
168,Shawn Johnson,Derek Hough,Athlete,Iowa,United States,20,15,2nd Place,2,8.0,6.5,7.5,,8.5,8.0,8.5,,9.0,8.0,9.5,,10.0,9.5,10.0,10.0,9.25,9.0,10.0,,9.5,8.5,10.0,,12.6666,12.6666,12.6666,,10.0,8.3333,9.5,,9.5,10.0,10.0,,9.6666,9.5,9.7777,,,,,,,False,True,10,10,10.0,0.13247111439704895,0.11849943548440933,0.1373888999223709,0.010648784227669239,0.15762588381767273,0.18898619711399078,0.1522022783756256,0.1937016397714615,0.00136765802744776,0.608549952507019,,0.13481370878954774,0.1176904788173507,0.13658103173550526,0.011499053757764223,0.15884703613696632,0.19562506302229363,0.15848415657344578,0.19154016501791227,0.0014649997926944331,0.6176109460350826,
169,Pamela Anderson,Tristan MacManus,Model,,Canada,45,15,Eliminated Week 1,13,5.5,5.5,6.0,,,,,,,,,,,,,,,,,,,,,,,,,,,,,,,,,,,,,,,,,,1.0,False,False,10,1,1.0,0.013941943645477295,,,,,,,,,,,0.008804232659699152,,,,,,,,,,
170,Helio Castroneves,Chelsie Hightower,Racing Driver,,Brazil,37,15,Eliminated Week 3,10,7.0,7.5,7.0,,8.0,7.5,7.5,,8.5,8.5,8.5,,,,,,,,,,,,,,,,,,,,,,,,,,,,,,,,,,3.0,False,False,10,3,3.0,0.09984919428825378,0.09437108784914017,0.10553554445505142,,,,,,,,,0.0999324978986957,0.09819658426974436,0.10915780337372702,,,,,,,,
171,Joey Fatone,Kym Johnson,Singer/Rapper,New York,United States,35,15,Eliminated Week 2,12,6.5,7.0,7.0,,7.5,7.5,7.5,,,,,,,,,,,,,,,,,,,,,,,,,,,,,,,,,,,,,,2.0,False,False,10,2,2.0,0.013768941164016724,0.013013521209359169,,,,,,,,,,0.013936982347246636,0.007661889917928083,,,,,,,,,
172,Drew Lachey,Anna Trebunskaya,Singer/Rapper,Ohio,United States,36,15,Eliminated Week 3,11,7.0,7.0,7.5,,7.5,7.5,7.5,,8.0,8.0,8.0,,,,,,,,,,,,,,,,,,,,,,,,,,,,,,,,,,3.0,False,False,10,3,3.0,0.1307489573955536,0.12357570230960846,0.13821285963058472,,,,,,,,,0.13320846748090662,0.11915700689245921,0.14134461425213962,,,,,,,,
173,Bristol Palin,Mark Ballas,TV Personality,Alaska,United States,21,15,Eliminated Week 4,9,6.5,6.5,6.5,,6.0,6.0,6.0,,7.5,7.5,7.5,,8.0,8.0,8.0,8.0,,,,,,,,,,,,,,,,,,,,,,,,,,,,,4.0,False,False,10,4,4.0,0.03526576980948448,0.033330947160720825,0.03727889433503151,0.04847543314099312,,,,,,,,0.038034311913518706,0.03214337318126518,0.03736000995059299,0.030494828249913883,,,,,,,
174,Melissa Rycroft,Tony Dovolani,TV Personality,Texas,United States,29,15,1st Place,1,7.0,7.0,7.0,,8.0,8.0,7.5,,9.0,9.0,9.0,,9.0,9.0,9.5,9.5,9.25,9.5,9.5,,9.5,10.0,10.0,,13.3333,12.8333,12.8333,,10.0,10.0,10.0,,9.5,9.7777,9.5,,9.7777,9.7777,9.7777,,,,,,,False,True,10,10,10.0,0.13815540075302124,0.13057321310043335,0.008612521924078465,0.1898900717496872,0.16547554731369019,0.15727612376213074,0.000939316232688725,0.0007850420079194009,0.2324899584054947,0.004509860649704933,,0.1330449032716808,0.1327852336909853,0.009444066836666532,0.19338565922323198,0.1623337073840712,0.15949470901579121,0.00110600102893414,0.0010442970587773224,0.23385180414141574,0.0035375309772714266,
175,Ingo Rademacher,Kym Johnson,Actor/Actress,,Germany,41,16,Eliminated Week 9,5,7.0,6.0,7.0,,6.0,7.0,7.0,,7.0,7.0,7.0,,8.0,7.0,8.0,,7.0,7.0,7.0,,7.5,8.0,7.5,,8.0,9.0,8.0,,8.0,8.0,8.0,,8.5,8.5,8.5,,,,,,,,,,9.0,False,False,10,9,9.0,0.11021292209625244,0.14994031190872192,0.13481788337230682,0.13447004556655884,0.11938829720020294,0.13734513521194458,0.12641604244709015,0.1692851185798645,0.19739563763141632,,,0.11084882949751504,0.15592050313642003,0.13660183932043313,0.1386314448102001,0.1239479279628084,0.1399627206635494,0.1343892626266703,0.19463424909445692,0.14795860511724607,,
176,Zendaya,Valentin Chmerkovskiy,Actor/Actress,California,United States,16,16,2nd Place,2,8.0,8.0,8.0,,9.0,8.0,9.0,,8.6666,8.6666,8.6666,,9.0,8.0,9.0,,10.0,9.0,10.0,,8.5,8.5,8.5,,10.0,10.0,10.0,,9.5,10.0,9.5,,9.0,9.0,9.5,,10.0,10.0,10.0,,,,,,,False,True,10,10,10.0,0.0007800649618729949,0.018682710826396942,0.01745343580842018,0.1514396071434021,0.0010065347887575626,0.24206285178661346,0.17113125324249268,0.003305523656308651,0.40318557620048523,0.04268445819616318,,0.0006980018343309755,0.01733739527023744,0.017074710854415,0.15225753290957444,0.0009499887683017902,0.24223742491121417,0.17792955647848935,0.0023804257196864778,0.42798117523830176,0.03964537476588055,
177,Dorothy Hamill,Tristan MacManus,Athlete,Illinois,United States,56,16,Withdrew,12,7.0,7.0,7.0,,5.0,5.0,5.0,,,,,,,,,,,,,,,,,,,,,,,,,,,,,,,,,,,,,,,True,False,10,2,2.0,0.006128209177404642,0.008346744813024998,,,,,,,,,,0.006815990970493759,0.005627651621656859,,,,,,,,,
178,Victor Ortiz,Lindsay Arnold,Athlete,Kansas,United States,26,16,Eliminated Week 6,8,6.0,6.0,6.0,,6.0,6.0,6.0,,8.0,7.0,8.0,,6.0,6.0,6.0,,7.0,7.0,7.0,,6.5,7.0,6.5,,,,,,,,,,,,,,,,,,,,,,6.0,False,False,10,6,6.0,0.04031011834740639,0.05483974143862724,0.04928096756339073,0.049187518656253815,0.04366546496748924,0.05024006962776184,,,,,,0.03901286060957788,0.05416364398127237,0.04726887670511251,0.048023712779174846,0.043610542312144625,0.033730623794443915,,,,,
179,Alexandra Raisman,Mark Ballas,Athlete,Massachusetts,United States,18,16,Eliminated Week 10,4,7.0,7.0,7.0,,8.0,8.0,8.0,,7.0,8.0,8.0,,9.0,9.0,9.0,,8.0,8.0,9.0,,8.5,9.0,8.5,,11.0,10.0,11.0,,9.0,9.5,9.5,,10.0,9.5,10.0,,9.5,9.5,10.0,,,,,,10.0,False,False,10,10,10.0,0.1590048372745514,0.20568159222602844,0.19465850293636322,0.0022292565554380417,0.17212121188640594,0.1311362087726593,0.0010474021546542645,0.16697454452514648,0.02012104168534279,0.415214866399765,,0.15969289116196866,0.19759484429192267,0.20211094857949882,0.0020891561740447448,0.17728842198697106,0.13548608374595514,0.0011283432087362622,0.17452357809026084,0.019386746988716067,0.4248547012879691,
180,Jacoby Jones,Karina Smirnoff,Athlete,Louisiana,United States,28,16,3rd Place,3,7.0,6.0,7.0,,8.0,7.0,8.0,,8.6666,8.6666,8.6666,,8.0,8.0,8.0,,9.0,8.0,9.0,,7.5,7.5,7.5,,9.0,9.0,9.0,,8.5,9.0,8.5,,10.0,9.5,10.0,,9.3333,9.3333,9.3333,,,,,,,False,True,10,10,10.0,0.1635604202747345,0.2215779721736908,0.012524162419140339,0.1987730860710144,0.1753389686346054,0.20385141670703888,0.18729470670223236,0.24842941761016846,0.020551053807139397,0.4882713854312897,,0.16401224527507066,0.2231992276171643,0.012512488996429897,0.20441943745747915,0.17645182547921312,0.2032039071871143,0.18995992191570674,0.2682065012430972,0.018938245718120094,0.4818244518302375,
181,D. L. Hughley,Cheryl Burke,Comedian,Virginia,United States,50,16,Eliminated Week 5,9,4.0,4.0,4.0,,5.0,5.0,6.0,,6.0,5.0,5.0,,7.0,7.0,7.0,,6.0,6.0,6.0,,,,,,,,,,,,,,,,,,,,,,,,,,5.0,False,False,10,5,5.0,0.02080445922911167,0.028303345665335655,0.025448748841881752,0.025386139750480652,0.022536184638738632,,,,,,,0.019713188813638278,0.029144446847466136,0.025990488237967284,0.02730711401740702,0.013887550546390836,,,,,,
182,Andy Dick,Sharna Burgess,Comedian,South Carolina,United States,47,16,Eliminated Week 7,7,6.0,5.0,6.0,,7.0,6.0,7.0,,6.0,6.0,6.0,,7.0,7.0,7.0,,6.0,6.0,6.0,,7.0,7.5,7.0,,5.0,6.0,6.0,,,,,,,,,,,,,,,,,,7.0,False,False,10,7,7.0,0.07265190035104752,0.09883884340524673,0.08887036144733429,0.08865173161029816,0.07869930565357208,0.09054886549711227,0.08333618938922882,,,,,0.0713428999823228,0.10320364191290088,0.0926680514117175,0.08987319987825673,0.08343802280559924,0.09674960690609026,0.055059823075888914,,,,
183,Wynonna Judd,Tony Dovolani,Singer/Rapper,Kentucky,United States,48,16,Eliminated Week 3,11,6.0,6.0,6.0,,6.0,6.0,6.0,,5.0,5.0,5.0,,,,,,,,,,,,,,,,,,,,,,,,,,,,,,,,,,3.0,False,False,10,3,3.0,0.010496500879526138,0.014279923401772976,0.01283968985080719,,,,,,,,,0.010495412759436532,0.01664602686192243,0.009434082683867587,,,,,,,,
184,Kellie Pickler,Derek Hough,Singer/Rapper,North Carolina,United States,26,16,1st Place,1,7.0,7.0,7.0,,9.0,8.0,9.0,,8.0,9.0,8.0,,9.0,8.0,9.0,,9.0,9.0,9.0,,8.5,9.5,9.0,,9.0,10.0,10.0,,9.5,8.0,10.0,,9.5,10.0,9.5,,10.0,10.0,10.0,,,,,,,False,True,10,10,10.0,0.2865731716156006,0.023362133651971817,0.30572521686553955,0.191870778799057,0.26327577233314514,0.0021659587509930134,0.2994706630706787,0.23612286150455475,0.358746737241745,0.05382928252220154,,0.2875833370062593,0.021004697669941626,0.30034430789600497,0.18487359578971937,0.2544991809320526,0.0019518018880231392,0.2992532477341165,0.23992738319467558,0.3857352269376162,0.05367547211591258,
185,Lisa Vanderpump,Gleb Savchenko,TV Personality,,England,52,16,Eliminated Week 4,10,6.0,6.0,6.0,,6.0,6.0,6.0,,7.0,7.0,7.0,,6.0,6.0,6.0,,,,,,,,,,,,,,,,,,,,,,,,,,,,,,4.0,False,False,10,4,4.0,0.01500642765313387,0.02041543461382389,0.018356366083025932,0.018311256542801857,,,,,,,,0.01464546362229696,0.02059649447071286,0.01955900530231886,0.011313320855032966,,,,,,,
186,Sean Lowe,Peta Murgatroyd,TV Personality,Texas,United States,29,16,Eliminated Week 8,6,7.0,6.0,6.0,,7.0,6.0,7.0,,7.0,7.0,7.0,,6.0,7.0,7.0,,8.0,8.0,8.0,,7.5,8.0,7.5,,8.0,8.0,8.0,,7.0,7.0,7.0,,,,,,,,,,,,,,8.0,False,False,10,8,8.0,0.11447090655565262,0.15573130548000336,0.14002469182014465,0.13968056440353394,0.12396832555532455,0.14264951646327972,0.13130372762680054,0.1758825182914734,,,,0.1151388784670886,0.15556142631838196,0.13643520001223444,0.14121148532911107,0.12592653920651778,0.1466778309036093,0.14227984496039223,0.12032786265782361,,,
187,Valerie Harper,Tristan MacManus,Actor/Actress,New York,United States,74,17,Eliminated Week 4,10,7.0,7.0,7.0,,6.0,6.0,7.0,,6.0,5.0,5.0,,6.0,6.0,6.0,,,,,,,,,,,,,,,,,,,,,,,,,,,,,,4.0,False,False,11,4,4.0,0.01180225145071745,0.012971054762601852,0.011274851858615875,0.015725187957286835,,,,,,,,0.010744010904111477,0.013695201047374742,0.01045757167083655,0.009862189735174234,,,,,,,
188,Brant Daugherty,Peta Murgatroyd,Actor/Actress,Ohio,United States,28,17,Eliminated Week 8,7,7.0,8.0,7.0,,8.0,7.0,8.0,,9.0,9.0,9.0,,7.0,7.0,7.0,,9.0,9.0,9.0,,10.0,11.0,10.0,,9.5,9.5,9.5,,9.0,9.0,9.0,,,,,,,,,,,,,,8.0,False,False,11,8,8.0,0.057551659643650055,0.0632454976439476,0.00022969186829868704,0.07668127864599228,0.06514895707368851,0.039451852440834045,0.07772421091794968,0.09788826107978821,,,,0.05491562839316964,0.062149956589295285,0.0003301162682763184,0.07470613090574353,0.06546334492263993,0.04149445474103888,0.08114739543411131,0.06346858673091531,,,
189,Elizabeth Berkley Lauren,Valentin Chmerkovskiy,Actor/Actress,Michigan,United States,39,17,Eliminated Week 9,6,8.0,8.0,8.0,,8.0,9.0,8.0,,8.0,9.0,8.0,,9.0,9.0,9.0,,8.0,9.0,9.0,,10.6666,10.6666,10.6666,,9.0,9.0,9.0,,8.0,9.0,8.0,,9.5,9.0,9.5,,,,,,,,,,9.0,False,False,11,9,9.0,0.08627698570489883,0.08614610135555267,0.08258859068155289,0.01736067607998848,0.10743819177150726,0.0016779238358139992,0.12454070895910263,0.14795373380184174,0.09560529887676239,,,0.09040970158647582,0.0848367591081494,0.08082877065871102,0.014491081008258399,0.1105942557858536,0.0016258780694195089,0.13377752030975065,0.15307366515528925,0.06241423754093258,,
190,Leah Remini,Tony Dovolani,Actor/Actress,New York,United States,43,17,Eliminated Week 10,5,7.0,7.0,7.0,,8.0,8.0,8.0,,8.0,8.0,8.0,,8.0,8.0,8.0,,7.0,7.0,8.0,,9.3333,9.3333,9.3333,,9.0,8.5,9.0,,9.0,10.0,9.0,,9.0,9.0,9.0,,8.0,8.0,8.0,8.5,,,,,10.0,False,False,11,10,10.0,0.09311578422784805,0.10183364897966385,0.08895299583673477,0.12406068295240402,0.11580399423837662,0.11155738681554794,0.13399559259414673,0.15543940663337708,0.13347484171390533,0.14322976768016815,,0.09358128697948913,0.10066565788960456,0.09010219876861303,0.1282705256869825,0.12195987567709805,0.10867654321767732,0.14100599469095174,0.1656346196866386,0.14002269703008227,0.10495567795843738,
191,Corbin Bleu,Karina Smirnoff,Actor/Actress,New York,United States,24,17,2nd Place,2,8.0,8.0,8.0,,9.0,8.0,9.0,,9.0,8.0,9.0,,9.0,9.0,9.0,,9.0,9.0,10.0,,9.3333,8.3333,9.3333,,10.0,9.5,10.0,,10.0,10.0,10.0,,9.5,9.5,10.0,,9.5,9.0,9.5,9.5,9.8888,9.8888,9.8888,,,False,True,11,11,11.0,0.20891998708248138,0.0010298063280060887,0.18109861016273499,0.042297400534152985,0.009381206706166267,0.2516571581363678,0.00939697865396738,0.021153977140784264,0.001378880231641233,0.24707943201065063,0.29061374068260193,0.21275631157960978,0.0013811342987537826,0.18250280323048687,0.0407750455864918,0.009887584309885218,0.2538825037156555,0.010060685790195837,0.022160129926620593,0.0018419134929358743,0.25338419598013184,0.2927067344767316
192,Amber Riley,Derek Hough,Actor/Actress,California,United States,27,17,1st Place,1,9.0,9.0,9.0,,8.0,8.0,8.0,,8.0,8.0,8.0,,9.0,9.0,9.0,,9.0,7.0,10.0,,11.3333,9.3333,11.3333,,10.0,10.0,9.5,,9.0,9.0,10.0,,8.5,8.5,8.5,,10.0,10.0,9.5,10.0,10.4444,10.4444,10.4444,,,False,True,11,11,11.0,0.00047729240031912923,0.1530822515487671,0.1328454315662384,0.02770925872027874,0.16558562219142914,0.06606879830360413,0.02419615350663662,0.23260226845741272,0.20012179017066956,0.0009516121936030686,0.0011271123075857759,0.0002969058780467765,0.15503121616171955,0.13598628878870167,0.02847268911794423,0.16351979730790933,0.0645873465413301,0.023580825792302605,0.24266110315885864,0.2168244692268528,0.0014815178659632353,0.0021981187550425855
193,Keyshawn Johnson,Sharna Burgess,Athlete,California,United States,41,17,Eliminated Week 2,12,6.0,5.0,6.0,,6.0,6.0,6.0,,,,,,,,,,,,,,,,,,,,,,,,,,,,,,,,,,,,,,2.0,False,False,11,2,2.0,0.007934783585369587,0.008720583282411098,,,,,,,,,,0.007363022377902063,0.005582206609522891,,,,,,,,,
194,Bill Engvall,Emma Slater,Comedian,Texas,United States,56,17,Eliminated Week 11,4,6.0,6.0,6.0,,7.0,7.0,7.0,,8.0,8.0,8.0,,7.0,7.0,7.0,,8.0,8.0,8.0,,8.3333,8.3333,7.3333,,8.5,8.0,8.5,,8.0,8.0,8.0,,7.0,7.0,7.0,,7.5,7.5,7.5,7.5,8.3333,8.8333,8.3333,,11.0,False,False,11,11,11.0,0.19058607518672943,0.2094602733850479,0.18206584453582764,0.253934770822525,0.23702289164066315,0.22835755348205566,0.27425870299339294,0.32426053285598755,0.27541613578796387,0.2931669056415558,0.3433908224105835,0.18817445025251203,0.21338627531295018,0.18096056380187753,0.2545409167344998,0.2388844265263184,0.22514475757435964,0.27815445065691685,0.3334926891829633,0.2821997535216962,0.30501738448407745,0.3437181300649839
195,Christina Milian,Mark Ballas,Singer/Rapper,New Jersey,United States,31,17,Eliminated Week 5,9,7.0,7.0,8.0,,9.0,8.0,8.0,,9.0,8.0,9.0,,8.0,8.0,8.0,,9.0,10.0,9.0,,,,,,,,,,,,,,,,,,,,,,,,,,5.0,False,False,11,5,5.0,0.0768643319606781,0.07174374908208847,0.06641978025436401,0.10242725908756256,0.012727608904242516,,,,,,,0.07899322264148007,0.07035331251890671,0.06566192571071122,0.1080706307036794,0.007776817254395964,,,,,,
196,"Nicole ""Snooki"" Polizzi",Sasha Farber,TV Personality,,Chile,25,17,Eliminated Week 7,8,8.0,8.0,7.0,,6.0,7.0,7.0,,9.0,8.0,8.0,,8.0,8.0,8.0,,9.0,9.0,9.0,,10.0,10.0,10.0,,9.0,9.0,9.0,,,,,,,,,,,,,,,,,,7.0,False,False,11,7,7.0,0.04994684085249901,0.054896365851163864,0.04766450822353363,0.06654898077249527,0.0561867356300354,0.05549277737736702,0.07188484072685242,,,,,0.044861882505547256,0.06056047198497244,0.047384369984450586,0.07033146748613588,0.055107808341552336,0.05708721157448639,0.0473574876930778,,,,
197,Jack Osbourne,Cheryl Burke,TV Personality,,England,27,17,3rd Place,3,8.0,8.0,7.0,,8.0,8.0,8.0,,7.0,7.0,8.0,,8.0,8.0,8.0,,9.0,9.0,9.0,,8.6666,9.6666,8.6666,,10.0,9.0,9.5,,10.0,10.0,10.0,,9.0,9.0,9.0,,9.0,8.5,9.0,9.0,9.3333,9.3333,9.3333,,,False,True,11,11,11.0,0.20508383214473724,0.22429752349853516,0.19593074917793274,0.27325448393821716,0.23070482909679413,0.24573658406734467,0.2840028405189514,0.020701752975583076,0.29400309920310974,0.3155723214149475,0.36486831307411194,0.20613869307935234,0.2190311040901278,0.19877339981663497,0.2704793230350902,0.2268060898743474,0.24750130456603275,0.28491563963269295,0.019509206158714112,0.2966969291875002,0.33516122371139,0.36137701670324207
198,Bill Nye,Tyne Stecklein,TV Personality,Washington D.C.,United States,57,17,Eliminated Week 3,11,5.0,4.0,5.0,,6.0,5.0,6.0,,6.0,5.0,5.0,,,,,,,,,,,,,,,,,,,,,,,,,,,,,,,,,,3.0,False,False,11,3,3.0,0.011440121568739414,0.012573065236210823,0.010928907431662083,,,,,,,,,0.011764883822303744,0.013326704388622296,0.007011991300700748,,,,,,,,
199,Billy Dee Williams,Emma Slater,Actor/Actress,New York,United States,76,18,Withdrew,10,5.0,5.0,5.0,,5.0,5.0,5.0,,,,,,,,,,,,,,,,,,,,,,,,,,,,,,,,,,,,,,,True,False,10,2,2.0,0.019202250987291336,,,,,,,,,,,0.017215204874403436,,,,,,,,,,
200,Danica McKellar,Valentin Chmerkovskiy,Actor/Actress,California,United States,39,18,Eliminated Week 8,6,8.0,8.0,8.0,,8.0,8.0,8.0,,9.0,9.0,9.0,9.0,8.0,8.0,8.0,8.0,10.0,9.0,10.0,10.0,9.0,9.0,9.0,9.0,9.0,9.5,8.5,9.0,10.0,9.0,9.0,10.0,,,,,,,,,,,,,8.0,False,False,10,8,8.0,0.07709166407585144,,0.09898050129413605,0.0990394726395607,0.08099891990423203,0.10241720825433731,0.10329989343881607,0.1155993714928627,,,,0.07656543094015557,,0.10079373201690263,0.10035982855349944,0.0788543356772538,0.10228800326906311,0.1064696637602707,0.0845118414453282,,,
201,James Maslow,Peta Murgatroyd,Actor/Actress,New York,United States,23,18,Eliminated Week 10,4,7.0,7.0,7.0,,9.0,8.0,8.0,,9.0,9.0,9.0,9.0,9.0,8.0,9.0,9.0,10.0,10.0,10.0,10.0,9.0,9.0,8.0,9.0,8.5,9.5,8.0,9.0,8.0,9.0,10.0,9.0,9.5,9.5,9.5,9.5,9.5,9.5,10.0,,,,,,10.0,False,False,10,10,10.0,0.1767110526561737,,0.22645531594753265,0.22711728513240814,0.0008819163776934147,0.2343532294034958,0.23781618475914001,0.2675248980522156,0.2850880026817322,0.4182590842247009,,0.18312181942091643,,0.2248049157707703,0.22296285978851796,0.0006911274587593629,0.2380432630764656,0.23592806972027083,0.27312510342182394,0.2983781180654264,0.4113316219110189,
202,Candace Cameron Bure,Mark Ballas,Actor/Actress,California,United States,37,18,3rd Place,3,9.0,8.0,8.0,,7.0,7.0,7.0,,8.0,8.0,8.0,8.0,7.0,7.0,7.0,7.0,8.0,9.0,9.0,9.0,8.0,8.0,8.0,8.0,9.0,9.5,9.0,9.5,9.0,9.0,9.0,9.0,8.5,9.5,9.5,8.5,8.6666,8.6666,8.6666,,,,,,,False,True,10,10,10.0,0.17074692249298096,,0.22408246994018555,0.22399286925792694,0.21644063293933868,0.23173058032989502,0.23245869576931,0.26455071568489075,0.2820868492126465,0.46649572253227234,,0.16945632350984757,,0.22049818035888386,0.2202737717727293,0.21553640008739108,0.22335896427199825,0.2348927864879786,0.28148583844431,0.29529824088074397,0.470972103859715,
203,Sean Avery,Karina Smirnoff,Athlete,,Canada,33,18,Eliminated Week 2,11,7.0,6.0,7.0,,7.0,7.0,7.0,,,,,,,,,,,,,,,,,,,,,,,,,,,,,,,,,,,,,,2.0,False,False,10,2,2.0,0.06768811494112015,,,,,,,,,,,0.06414238867006378,,,,,,,,,,
204,Diana Nyad,Henry Byalikov,Athlete,New York,United States,64,18,Eliminated Week 2,12,6.0,6.0,6.0,,,,,,,,,,,,,,,,,,,,,,,,,,,,,,,,,,,,,,,,,,2.0,False,False,10,1,2.0,0.026966867968440056,,,,,,,,,,,0.027103279596215026,,,,,,,,,,
205,Charlie White,Sharna Burgess,Athlete,Michigan,United States,26,18,Eliminated Week 9,5,9.0,9.0,9.0,,9.0,7.0,9.0,,9.0,9.0,9.0,9.0,7.0,8.0,9.0,9.0,9.0,10.0,9.0,9.0,9.0,9.0,9.0,9.0,8.5,10.0,8.0,9.0,10.0,10.0,10.0,10.0,9.5,9.5,9.5,9.5,,,,,,,,,9.0,False,False,10,9,9.0,0.00036427713348530233,,0.1329995095729828,0.13227392733097076,0.12770886719226837,0.13672184944152832,0.13787679374217987,0.009171703830361366,0.16634511947631836,,,0.00022946448205448799,,0.13628307506344084,0.13513101310601855,0.13214596810627918,0.14085827816514873,0.14678300633740646,0.008208349114864415,0.11737317673202069,,
206,Amy Purdy,Derek Hough,Athlete,Nevada,United States,34,18,2nd Place,2,8.0,8.0,8.0,,8.0,8.0,8.0,,9.0,9.0,9.0,9.0,9.0,8.0,8.0,9.0,9.0,9.0,10.0,9.0,9.0,10.0,9.0,10.0,9.5,9.5,9.0,9.5,10.0,10.0,10.0,10.0,9.5,9.5,10.0,10.0,10.0,9.6666,10.0,,,,,,,False,True,10,10,10.0,0.17451786994934082,,0.22406914830207825,0.22419792413711548,0.2165650725364685,0.21785475313663483,0.22847624123096466,0.01555423904210329,0.26520997285842896,0.10533933341503143,,0.1768973722952697,,0.22686373778169708,0.22946348334713615,0.21446111984998892,0.22245763174629102,0.23577081839372754,0.01699116325070508,0.28768170228550466,0.1077643259386034,
207,Meryl Davis,Maksim Chmerkoskiy,Athlete,Michigan,United States,27,18,1st Place,1,8.0,8.0,8.0,,8.0,9.0,8.0,,10.0,9.0,10.0,10.0,10.0,9.0,10.0,10.0,9.0,9.0,9.0,9.0,10.0,10.0,10.0,10.0,10.0,10.0,9.0,10.0,9.0,9.0,8.0,10.0,10.0,10.0,10.0,10.0,10.0,10.0,10.0,,,,,,,False,True,10,10,10.0,0.21460352838039398,,0.0009429929777979851,0.0009425422176718712,0.26808544993400574,0.0010422245832160115,0.001008743653073907,0.3275991380214691,0.0012700532097369432,0.009905952028930187,,0.21224190876450072,,0.0010389195078890382,0.001085998279935341,0.27181044381691893,0.000788990846581752,0.0013762995374441967,0.3356777043229693,0.001268762036304021,0.009931948290663227,
208,Drew Carey,Cheryl Burke,Comedian,Ohio,United States,55,18,Eliminated Week 6,8,7.0,7.0,7.0,,7.0,7.0,7.0,,7.0,7.0,8.0,8.0,8.0,8.0,9.0,8.0,7.0,7.0,7.0,7.0,8.0,9.0,7.0,8.0,,,,,,,,,,,,,,,,,,,,,6.0,False,False,10,6,6.0,0.01304816547781229,,0.016732949763536453,0.016726689413189888,0.016162749379873276,0.017304521054029465,,,,,,0.013780934637993196,,0.015579704921366766,0.01642375398563184,0.0175425168013256,0.011126300318061562,,,,,
209,Cody Simpson,Witney Carson,Singer/Rapper,,Australia,17,18,Eliminated Week 5,9,7.0,7.0,8.0,,7.0,7.0,8.0,,9.0,8.0,9.0,9.0,8.0,7.0,8.0,8.0,9.0,8.0,8.0,9.0,,,,,,,,,,,,,,,,,,,,,,,,,5.0,False,False,10,5,5.0,0.014891287311911583,,0.01909618265926838,0.019089458510279655,0.01844583824276924,,,,,,,0.0156698006691927,,0.018354812250473966,0.018432590578474118,0.011836395717312197,,,,,,
210,NeNe Leakes,Tony Dovolani,TV Personality,New York,United States,46,18,Eliminated Week 7,7,7.0,7.0,7.0,,7.0,7.0,7.0,,8.0,7.0,8.0,8.0,8.0,8.0,8.0,8.0,9.0,9.0,9.0,9.0,8.0,9.0,8.0,8.0,8.0,9.0,7.5,8.5,,,,,,,,,,,,,,,,,7.0,False,False,10,7,7.0,0.044167935848236084,,0.05664091184735298,0.05661977827548981,0.054710619151592255,0.05857567861676216,0.059063397347927094,,,,,0.04357607213938717,,0.05578292232857549,0.05586670058805731,0.057121692484770295,0.06107856830639001,0.03877935576290285,,,,
211,Antonio Sabato Jr.,Cheryl Burke,Actor/Actress,,Italy,42,19,Eliminated Week 7,8,6.0,6.0,6.0,7.0,8.0,7.0,8.0,8.0,7.0,7.0,7.0,8.0,7.0,7.0,7.0,8.0,8.0,6.0,7.0,7.0,7.0,7.0,7.0,7.0,7.0,7.5,7.5,7.5,,,,,,,,,,,,,,,,,7.0,False,False,11,7,7.0,0.04018110781908035,0.036405447870492935,0.049080878496170044,0.04227820783853531,0.045790888369083405,0.042481180280447006,0.04590009152889252,,,,,0.04116017114926004,0.03405859586378667,0.04878760906738375,0.04153277398679058,0.042863519595284026,0.04271145936447334,0.030604153680922404,,,,
212,Jonathan Bennett,Allison Holker,Actor/Actress,Ohio,United States,33,19,Eliminated Week 6,9,8.0,7.0,7.0,8.0,7.0,7.0,8.0,8.0,8.0,8.0,8.0,8.0,6.0,6.0,6.0,6.0,6.0,6.0,6.0,6.0,8.0,8.0,8.0,8.0,,,,,,,,,,,,,,,,,,,,,6.0,False,False,11,6,6.0,0.030147956684231758,0.02731512114405632,0.03682544454932213,0.03172141686081886,0.034356988966464996,0.03187365084886551,,,,,,0.029483858378114153,0.02852785962303223,0.037811711912554384,0.033607439777927406,0.03603138921516491,0.020162804273088426,,,,,
213,Lea Thompson,Artem Chigvintsev,Actor/Actress,Minnesota,United States,53,19,Eliminated Week 9,6,8.0,8.0,8.0,8.0,9.0,8.0,9.0,9.0,7.0,8.0,8.0,8.0,10.0,10.0,10.0,9.0,9.0,8.0,8.0,9.0,8.0,8.0,8.0,8.0,8.5,8.5,9.0,9.0,8.0,8.0,8.0,8.0,8.5,9.0,8.5,9.0,,,,,,,,,9.0,False,False,11,9,9.0,0.07158736139535904,0.0002601623418740928,0.087448351085186,0.049301452934741974,0.07855583727359772,0.07572705298662186,0.07991576939821243,0.07729499787092209,0.09762608259916306,,,0.07254251405599287,0.00018086800317759696,0.08922104056460287,0.04856892466479386,0.07752527561061358,0.07975734666020495,0.08642300751337717,0.08372038401048636,0.0682954258771309,,
214,Janel Parrish,Valentin Chmerkovskiy,Actor/Actress,Hawaii,United States,25,19,3rd Place,3,7.0,7.0,7.0,8.0,9.0,8.0,8.0,9.0,10.0,10.0,10.0,10.0,9.0,9.0,9.0,9.0,8.0,8.0,8.0,9.0,8.0,7.0,9.0,9.0,8.5,8.0,8.5,8.5,10.75,10.75,10.75,10.75,9.5,9.5,10.0,9.5,9.5,9.5,10.0,10.0,9.6666,10.0,9.6666,9.6666,,False,True,11,11,11.0,0.13588690757751465,0.10421901941299438,0.00969359464943409,0.14285406470298767,0.15507496893405914,0.14366063475608826,0.1551882028579712,0.0005672950064763427,0.005456531886011362,0.0007168466108851135,0.21817031502723694,0.1403989701481661,0.10748596233054739,0.009565850786022824,0.14724522928546213,0.15499036097904187,0.1447822634840903,0.1563199946764945,0.0004657945798352154,0.005801149182600487,0.0013996015293328465,0.2225897248794765
215,Alfonso Ribeiro,Witney Carson,Actor/Actress,New York,United States,42,19,1st Place,1,9.0,9.0,9.0,9.0,8.0,8.0,8.0,8.0,8.0,8.0,8.0,8.0,10.0,10.0,10.0,10.0,8.0,9.0,9.0,8.0,10.0,10.0,9.0,10.0,8.5,8.5,8.5,8.5,10.75,9.75,9.75,10.75,9.5,9.5,9.5,10.0,9.5,9.0,9.5,9.5,10.0,10.0,10.0,10.0,,False,True,11,11,11.0,0.000695646507665515,0.17901748418807983,0.23983773589134216,0.0010860312031581998,0.21726097166538239,0.0007537382189184427,0.22258666157722473,0.19147710502147675,0.03135614097118378,0.24170427024364471,0.0015683019300922751,0.0005637482596617502,0.17300752803150227,0.2397825961343366,0.0011551595096229268,0.21792821229004375,0.0008512587562662059,0.2282594489397044,0.19435652703884798,0.031003610704758894,0.2592377193445163,0.0028580173778218164
216,Lolo Jones,Keo Motsepe,Athlete,Iowa,United States,32,19,Eliminated Week 1,13,6.0,6.0,5.0,5.0,,,,,,,,,,,,,,,,,,,,,,,,,,,,,,,,,,,,,,,,,1.0,False,False,11,1,1.0,0.010763267055153847,,,,,,,,,,,0.006872941898134604,,,,,,,,,,
217,Randy Couture,Karina Smirnoff,Athlete,Washington,United States,51,19,Eliminated Week 3,11,8.0,7.0,8.0,8.0,7.0,7.0,7.0,7.0,7.0,7.0,6.0,6.0,,,,,,,,,,,,,,,,,,,,,,,,,,,,,,,,,3.0,False,False,11,3,3.0,0.010020993649959564,0.00907939113676548,0.01224057748913765,,,,,,,,,0.009655232982298832,0.009014826054786181,0.007247019931154759,,,,,,,,
218,Tommy Chong,Peta Murgatroyd,Comedian,,Canada,76,19,Eliminated Week 10,5,7.0,6.0,7.0,7.0,7.0,7.0,7.0,7.0,8.0,10.0,8.0,8.0,7.0,7.0,7.0,7.0,6.0,6.0,5.0,6.0,7.0,7.0,7.0,7.0,7.5,7.5,7.5,7.5,6.75,7.75,7.75,6.75,7.0,7.5,7.0,7.0,8.0,7.5,8.0,7.5,,,,,10.0,False,False,11,10,10.0,0.11389146000146866,0.10318971425294876,0.13910655677318573,0.11983560025691986,0.12979215383529663,0.12041090428829193,0.13010165095329285,0.12296529859304428,0.15530790388584137,0.14430014789104462,,0.11388398420689053,0.10718216069599067,0.1445125847262596,0.1215803664341748,0.12944211276699635,0.12062173246589127,0.13718420860880948,0.12635041337216918,0.16862656474696036,0.10196700439008971,
219,Betsey Johnson,Tony Dovolani,Fashion Designer,Connecticut,United States,72,19,Eliminated Week 4,10,5.0,5.0,5.0,5.0,7.0,7.0,7.0,7.0,7.0,9.0,6.0,7.0,8.0,7.0,7.0,7.0,,,,,,,,,,,,,,,,,,,,,,,,,,,,,4.0,False,False,11,4,4.0,0.015893809497356415,0.014400355517864227,0.019414151087403297,0.016723327338695526,,,,,,,,0.014368331368278649,0.014476664486766409,0.021122951734366915,0.009078979299772605,,,,,,,
220,Michael Waltrip,Emma Slater,Racing Driver,Kentucky,United States,51,19,Eliminated Week 8,7,7.0,6.0,6.0,6.0,6.0,6.0,6.0,6.0,7.0,7.0,7.0,7.0,6.0,6.0,6.0,7.0,5.0,5.0,5.0,5.0,8.0,7.0,8.0,7.0,7.0,7.0,7.0,7.0,6.0,7.0,6.0,6.0,,,,,,,,,,,,,8.0,False,False,11,8,8.0,0.04508199542760849,0.04084588959813118,0.0550672709941864,0.04743488132953644,0.05137600749731064,0.047662608325481415,0.05149852856993675,0.04867371916770935,,,,0.04689366867402647,0.04542660489924397,0.055028473484124436,0.050693841260161486,0.04901957703483643,0.04707847328088322,0.05318504288351835,0.03189343614137668,,,
221,Tavis Smiley,Sharna Burgess,Radio Personality,Mississippi,United States,50,19,Eliminated Week 2,12,7.0,7.0,8.0,7.0,7.0,7.0,7.0,7.0,,,,,,,,,,,,,,,,,,,,,,,,,,,,,,,,,,,,,2.0,False,False,11,2,2.0,0.012344766408205032,0.011184796690940857,,,,,,,,,,0.013885992459452013,0.007055950661341127,,,,,,,,,
222,Bethany Mota,Derek Hough,Social Media Personality,California,United States,18,19,Eliminated Week 11,4,8.0,8.0,8.0,8.0,8.0,9.0,8.0,8.0,10.0,10.0,10.0,10.0,8.0,8.0,8.0,9.0,8.0,8.0,8.0,8.0,9.0,9.0,9.0,9.0,9.5,9.0,9.5,9.5,9.75,9.75,9.75,10.75,9.0,9.5,9.5,9.0,9.5,9.5,9.5,9.5,9.5,9.5,9.5,9.5,11.0,False,False,11,11,11.0,0.2507442235946655,0.22677594423294067,0.01788804680109024,0.2638433873653412,0.28666260838508606,0.24907313287258148,0.0010011435952037573,0.26467838883399963,0.3392655849456787,0.26919975876808167,0.42548298835754395,0.25119111254821164,0.22974433173500663,0.016611969036524874,0.2677774667137904,0.29134718752633865,0.25421452297749214,0.0010912406678025978,0.2678193694330291,0.34927621924792573,0.2867534363947738,0.42727923909334226
223,Sadie Robertson,Mark Ballas,TV Personality,Louisiana,United States,17,19,2nd Place,2,8.0,8.0,9.0,9.0,8.0,7.0,8.0,8.0,8.0,8.0,8.0,8.0,9.0,10.0,9.0,9.0,9.0,9.0,9.0,9.0,9.0,10.0,8.0,8.0,7.5,7.5,8.0,8.0,9.0,9.0,10.0,10.0,9.0,9.5,9.0,9.0,9.0,9.5,9.5,9.0,10.0,9.6666,10.0,9.6666,,False,True,11,11,11.0,0.2627604603767395,0.24730664491653442,0.33339741826057434,0.2849215865135193,0.0011295510921627283,0.28835710883140564,0.3138079345226288,0.2943432033061981,0.37098774313926697,0.34407883882522583,0.35477837920188904,0.25909947387151244,0.243838647614819,0.3303081926226685,0.27875981906750275,0.000852364981679938,0.2898201387376106,0.30693290302937104,0.2953940754242555,0.37699703024062337,0.35064223834128705,0.3472730186493598
224,Suzanne Somers,Tony Dovolani,Actor/Actress,California,United States,68,20,Eliminated Week 5,9,6.0,6.0,6.0,7.0,7.0,7.0,7.0,7.0,6.0,6.0,6.0,7.0,7.0,7.0,7.0,7.0,7.0,7.0,7.0,7.0,,,,,,,,,,,,,,,,,,,,,,,,,5.0,False,False,10,5,5.0,0.020296793431043625,0.017320437356829643,0.020256688818335533,0.017468580976128578,0.022693680599331856,,,,,,,0.020260827447191404,0.020549833403988534,0.020007271956767228,0.016433568676284392,0.014275370809040169,,,,,,
225,Willow Shields,Mark Ballas,Actor/Actress,New Mexico,United States,14,20,Eliminated Week 7,7,6.0,6.0,6.0,7.0,8.0,8.0,8.0,8.0,8.0,8.0,8.0,8.0,10.0,9.0,10.0,10.0,8.0,8.0,9.0,9.0,9.5,8.5,9.0,9.5,9.5,9.5,9.5,10.5,,,,,,,,,,,,,,,,,7.0,False,False,10,7,7.0,0.07312760502099991,0.060103632509708405,0.07130295038223267,0.0002166537451557815,0.08169606328010559,0.07142554968595505,0.06932404637336731,,,,,0.07691288538876635,0.061705209870537285,0.07311937911736353,0.00015846162135733737,0.08716555185031519,0.07502807911826596,0.04588792419721998,,,,
226,Riker Lynch,Allison Holker,Actor/Actress,Colorado,United States,23,20,2nd Place,2,8.0,7.0,8.0,8.0,8.0,8.0,8.0,8.0,9.0,7.0,9.0,9.0,8.0,8.0,9.0,9.0,10.0,9.0,9.0,10.0,10.0,8.5,9.5,10.0,9.0,10.0,9.0,9.0,10.0,9.0,10.0,10.0,10.0,10.0,10.0,10.0,10.0,10.0,10.0,10.0,,,,,,False,True,10,10,10.0,0.09060552716255188,0.14633707702159882,0.021818161010742188,0.1530001163482666,0.11314430087804794,0.0006303932168520987,0.17003367841243744,0.11569569259881973,0.027835387736558914,0.049552008509635925,,0.09020561331093788,0.14446424805490843,0.02279453521655572,0.15774497958860048,0.11083916478116486,0.0006137106583785111,0.17048023583963354,0.11032133936716283,0.024745014025314555,0.047610826982246925,
227,Rumer Willis,Valentin Chmerkovskiy,Actor/Actress,Kentucky,United States,26,20,1st Place,1,8.0,8.0,8.0,8.0,8.0,8.0,8.0,8.0,8.0,9.0,8.0,8.0,9.0,8.0,9.0,9.0,10.0,9.0,10.0,10.0,9.0,8.5,8.5,9.5,8.5,9.5,9.5,9.5,10.0,10.0,10.0,10.0,10.0,9.5,9.5,10.0,10.0,10.0,10.0,10.0,,,,,,False,True,10,10,10.0,0.0012789337197318673,0.15469345450401306,0.16825178265571594,0.16002722084522247,0.0031789406202733517,0.184735968708992,0.1787063032388687,0.0016144260298460722,0.4615362882614136,0.05212131515145302,,0.0007703041076100146,0.15434727136131549,0.1721400232892843,0.1585741426857163,0.0031630607421770686,0.18850476843620326,0.1889986216953737,0.0015274589086689127,0.46674072258205596,0.04946265467495047,
228,Nastia Liukin,Derek Hough,Athlete,,Russia,25,20,Eliminated Week 9,4,7.0,7.0,8.0,8.0,9.0,8.0,8.0,9.0,9.0,8.0,9.0,8.0,9.0,8.0,9.0,10.0,9.0,9.0,10.0,10.0,9.5,8.5,9.0,9.5,10.75,9.75,9.75,10.75,9.5,9.5,9.5,9.5,10.0,10.0,10.0,10.0,,,,,,,,,9.0,False,False,10,9,9.0,0.08667389303445816,0.0002863809058908373,0.0027841045521199703,0.07597105950117111,0.039062317460775375,0.08583364635705948,0.00029169279150664806,0.11004321277141571,0.01394157949835062,,,0.08291936552270762,0.000331093080339245,0.002871895722022717,0.07395945259598133,0.037931363413414736,0.09007291342763504,0.0004270955970813919,0.10634986609152194,0.008754962188295027,,
229,Michael Sam,Peta Murgatroyd,Athlete,Texas,United States,25,20,Eliminated Week 4,10,6.0,6.0,7.0,7.0,7.0,7.0,7.0,7.0,6.0,6.0,6.0,6.0,7.0,7.0,8.0,8.0,,,,,,,,,,,,,,,,,,,,,,,,,,,,,4.0,False,False,10,4,4.0,0.027340231463313103,0.023331014439463615,0.027286211028695107,0.023530565202236176,,,,,,,,0.02948618038253585,0.022195015966221105,0.029747029316585297,0.014416752776951376,,,,,,,
230,Robert Herjavec,Kym Johnson,Entrepreneur,,Croatia,52,20,Eliminated Week 8,6,7.0,7.0,7.0,7.0,7.0,7.0,7.0,7.0,7.0,7.0,8.0,7.0,8.0,9.0,8.0,9.0,6.0,6.0,6.0,6.0,8.5,8.0,8.5,8.5,7.0,8.0,8.0,8.0,7.5,7.5,8.5,7.5,,,,,,,,,,,,,8.0,False,False,10,8,8.0,0.20325791835784912,0.17345505952835083,0.20285949110984802,0.1749325394630432,0.22726526856422424,0.20182858407497406,0.19433915615081787,0.25806495547294617,,,,0.20258527520111758,0.17456390308216813,0.20057852248581784,0.18408749766020774,0.22210748157832388,0.2045996675194531,0.20046006530529586,0.25985823774935923,,,
231,Charlotte McKinney,Keo Motsepe,Model,Florida,United States,21,20,Eliminated Week 3,11,6.0,5.0,5.0,6.0,7.0,6.0,7.0,6.0,6.0,5.0,5.0,6.0,,,,,,,,,,,,,,,,,,,,,,,,,,,,,,,,,3.0,False,False,10,3,3.0,0.027638761326670647,0.023585768416523933,0.02758415788412094,,,,,,,,,0.027245372093503386,0.02451228520825139,0.01673214221222955,,,,,,,,
232,Noah Galloway,Sharna Burgess,Motivational Speaker,Alabama,United States,33,20,3rd Place,3,7.0,6.0,6.0,7.0,7.0,6.0,7.0,7.0,7.0,7.0,8.0,8.0,8.0,8.0,8.0,8.0,7.0,7.0,7.0,7.0,8.5,8.0,8.5,9.0,10.5,8.5,9.5,9.5,8.0,7.5,8.0,8.0,9.5,9.5,9.5,9.5,9.0,9.0,9.0,9.0,,,,,,False,True,10,10,10.0,0.1903485506772995,0.16243553161621094,0.18995438516139984,0.16382484138011932,0.21282723546028137,0.189006507396698,0.1817830204963684,0.24166972935199738,0.49668675661087036,0.8983266949653625,,0.18844814813723804,0.16873638135238356,0.1915929935675722,0.16482875601744237,0.2143802295786075,0.19480459230370742,0.1880165307059987,0.245446664252057,0.4997593012043345,0.9029265183428034,
233,Redfoo,Emma Slater,Singer/Rapper,California,United States,39,20,Eliminated Week 2,12,6.0,5.0,5.0,6.0,8.0,7.0,8.0,8.0,,,,,,,,,,,,,,,,,,,,,,,,,,,,,,,,,,,,,2.0,False,False,10,2,2.0,0.010999415069818497,0.009382527321577072,,,,,,,,,,0.009024347843250324,0.0060067426258007435,,,,,,,,,
234,Patti LaBelle,Artem Chigvintsev,Singer/Rapper,Pennsylvania,United States,70,20,Eliminated Week 6,8,7.0,6.0,6.0,6.0,7.0,7.0,7.0,7.0,6.0,5.0,5.0,6.0,8.0,7.0,7.0,8.0,7.0,6.0,7.0,7.0,9.0,8.0,8.5,8.5,,,,,,,,,,,,,,,,,,,,,6.0,False,False,10,6,6.0,0.05347444862127304,0.04563286900520325,0.053368791937828064,0.0460231676697731,0.059789352118968964,0.053097423166036606,,,,,,0.05372127944147418,0.04502963135098358,0.05504864306747883,0.04812640853605487,0.06556094256895939,0.03291076422893203,,,,,
235,Chris Soules,Witney Carson,TV Personality,Iowa,United States,33,20,Eliminated Week 8,5,7.0,6.0,6.0,7.0,5.0,6.0,5.0,5.0,7.0,7.0,7.0,7.0,7.0,6.0,7.0,7.0,7.0,6.0,7.0,7.0,9.0,8.0,9.0,9.0,8.0,7.0,8.0,8.0,8.0,7.5,8.5,8.0,,,,,,,,,,,,,8.0,False,False,10,8,8.0,0.2149580717086792,0.18343627452850342,0.21453329920768738,0.18500520288944244,0.2403428852558136,0.2134418934583664,0.2055220901966095,0.27291199564933777,,,,0.21842040112366737,0.17755838464310233,0.215367564048323,0.1816699798414031,0.24457683467799737,0.21346550430742542,0.2057295266593976,0.27649643363123055,,,
236,Gary Busey,Anna Trebunskaya,Actor/Actress,Texas,United States,71,21,Eliminated Week 4,10,5.0,5.0,5.0,,5.5,5.5,5.5,,6.0,7.0,6.0,6.0,5.0,6.0,5.0,,,,,,,,,,,,,,,,,,,,,,,,,,,,,,4.0,False,False,11,4,4.0,0.005915795918554068,0.0054347631521523,0.006217085290700197,0.006941143423318863,,,,,,,,0.0062214641047092425,0.0056118574916525134,0.005104987140447269,0.004129400756527912,,,,,,,
237,Alexa PenaVega,Mark Ballas,Actor/Actress,Florida,United States,27,21,Eliminated Week 9,6,7.0,7.0,8.0,,7.5,7.5,8.0,,9.0,9.0,9.0,9.0,7.0,7.0,7.0,,10.0,10.0,10.0,10.0,8.0,7.0,7.0,8.0,9.0,9.5,9.0,,9.6666,8.6666,8.6666,,10.0,10.0,10.0,,,,,,,,,,9.0,False,False,11,9,9.0,0.1540399044752121,0.14155946671962738,0.009464683011174202,0.1809077113866806,0.0010183565318584442,0.1917228102684021,0.1550932377576828,0.15235312283039093,0.012091892771422863,,,0.15481914763958818,0.14173688666150774,0.009667507601377183,0.17661761564868989,0.0010531699222529232,0.19255784302296766,0.1553038801420777,0.155959819429795,0.009182778789571919,,
238,Carlos PenaVega,Witney Carson,Actor/Actress,Missouri,United States,26,21,Eliminated Week 11,4,8.0,8.0,7.0,,7.5,7.5,7.5,,7.0,8.0,8.0,8.0,9.0,8.0,8.0,,10.0,10.0,9.0,10.0,10.0,9.0,9.0,10.0,9.0,10.0,9.0,,9.6666,9.6666,9.6666,,9.0,9.0,9.0,,10.0,10.5,11.0,,10.0,10.0,10.0,,11.0,False,False,11,11,11.0,0.14680157601833344,0.14193539321422577,0.16236206889152527,0.18111158907413483,0.07678424566984177,0.18973110616207123,0.15417799353599548,0.1491929143667221,0.20494791865348816,0.02321355976164341,0.08045386523008347,0.14511617916693992,0.14885638628020123,0.1635677877788087,0.18392601347824208,0.07588478814480697,0.19376329529293157,0.154570313344577,0.14854643795669928,0.20908562503603245,0.019280570188985317,0.07568655492122174
239,Victor Espinoza,Karina Smirnoff,Athlete,,Mexico,43,21,Eliminated Week 2,12,5.0,5.0,5.0,,6.5,5.5,6.5,,,,,,,,,,,,,,,,,,,,,,,,,,,,,,,,,,,,,,2.0,False,False,11,2,2.0,0.05251002311706543,0.04824024811387062,,,,,,,,,,0.054459993857327395,0.04606977727780471,,,,,,,,,
240,Alek Skarlatos,Lindsay Arnold,Military,California,United States,22,21,3rd Place,3,8.0,7.0,7.0,,7.5,7.0,8.0,,8.0,8.0,9.0,8.0,8.0,8.0,8.0,,8.0,7.0,7.0,7.0,8.0,8.0,7.0,7.0,9.0,9.0,8.5,,9.0,8.0,8.0,,8.5,8.5,8.5,,9.5,9.5,9.5,,9.3333,9.3333,9.3333,,,False,True,11,11,11.0,0.2055799961090088,0.18903471529483795,0.21620634198188782,0.24142742156982422,0.2012360841035843,0.25587114691734314,0.20584578812122345,0.20335982739925385,0.27413973212242126,0.5047265291213989,0.7075070738792419,0.21020761603323107,0.19052664950354364,0.21753666991889808,0.23733992890433941,0.20002663524706976,0.2592601195629315,0.20761756522973343,0.20592853665244748,0.2719461360231075,0.5025415229638039,0.7122777877377636
241,Chaka Khan,Keo Motsepe,Singer/Rapper,Illinois,United States,62,21,Eliminated Week 2,13,5.0,4.0,4.0,,5.0,5.0,5.0,,,,,,,,,,,,,,,,,,,,,,,,,,,,,,,,,,,,,,2.0,False,False,11,2,2.0,0.029379116371273994,0.026990195736289024,,,,,,,,,,0.030670093155235223,0.02689824488930712,,,,,,,,,
242,Andy Grammer,Allison Holker,Singer/Rapper,California,United States,31,21,Eliminated Week 8,7,7.0,7.0,7.0,,7.5,7.5,7.0,,7.0,7.0,8.0,7.0,7.0,8.0,8.0,,9.0,9.0,9.0,9.0,10.0,10.0,10.0,10.0,9.5,9.5,9.0,,8.6666,7.6666,7.6666,,,,,,,,,,,,,,8.0,False,False,11,8,8.0,0.06874274462461472,0.06315386295318604,0.0722450315952301,0.08065812289714813,0.0672033503651619,0.01358681358397007,0.06781137734651566,0.06808273494243622,,,,0.06437245275723369,0.06099688451833603,0.073533739940262,0.08575709598447613,0.0712368850430358,0.013641903952441144,0.0709916415993298,0.04573253931000685,,,
243,Tamar Braxton,Valentin Chmerkovskiy,Singer/Rapper,Maryland,United States,38,21,Withdrew,5,8.0,7.0,8.0,,8.0,8.0,8.5,,8.0,9.0,8.0,8.0,9.0,9.0,9.0,,7.0,7.0,8.0,7.0,10.0,10.0,10.0,10.0,9.0,9.0,9.0,,9.0,9.0,10.0,,8.5,8.0,8.0,,,,,,,,,,,True,False,11,9,9.0,0.18839725852012634,0.0012165730586275458,0.20832249522209167,0.1354294866323471,0.1938869059085846,0.03920910134911537,0.19832584261894226,0.19597886502742767,0.26413899660110474,,,0.1885569259562042,0.000986023096314501,0.2095837819936448,0.1387513487452078,0.19076150515890591,0.0343153659089598,0.20118686804514946,0.19973215936858663,0.26468112815537653,,
244,Nick Carter,Sharna Burgess,Singer/Rapper,New York,United States,35,21,2nd Place,2,8.0,8.0,8.0,,7.5,7.5,7.5,,9.0,9.0,9.0,9.0,9.0,9.0,9.0,,9.0,9.0,8.0,9.0,9.0,10.0,10.0,10.0,9.0,9.0,9.0,,11.0,11.0,11.0,,9.0,9.0,9.5,,9.0,9.0,9.0,,10.0,10.0,10.0,,,False,True,11,11,11.0,0.010598035529255867,0.15877625346183777,0.010575450956821442,0.1166289895772934,0.16848275065422058,0.18372857570648193,0.17178422212600708,0.0005986721371300519,0.22615791857242584,0.436800092458725,0.08943309634923935,0.009341108407059727,0.16291085800808386,0.01060126634676517,0.11715007133807151,0.1692185786792965,0.18489620610186744,0.1801870699958691,0.0005446996100915733,0.22309324450394447,0.43912879005340866,0.09137728007843764
245,Hayes Grier,Emma Slater,Social Media Personality,North Carolina,United States,15,21,Eliminated Week 7,8,7.0,7.0,7.0,,8.0,7.0,7.5,,7.0,8.0,7.0,8.0,9.0,9.0,9.0,,8.0,8.0,7.0,7.0,8.0,8.0,8.0,8.0,9.0,9.5,9.5,,,,,,,,,,,,,,,,,,7.0,False,False,11,7,7.0,0.04651651158928871,0.04273124411702156,0.048886414617300034,0.03159279376268387,0.04549185931682587,0.05787931755185127,0.04614003002643585,,,,,0.04559007307398661,0.03972218740785289,0.04900221273442252,0.03314830936547888,0.04287576955292177,0.06258121742246338,0.02939991967627967,,,,
246,Bindi Irwin,Derek Hough,TV Personality,,Australia,17,21,1st Place,1,8.0,8.0,8.0,,8.0,8.0,8.0,,8.0,8.0,8.0,8.0,9.0,9.0,10.0,,9.0,9.0,10.0,9.0,10.0,10.0,10.0,10.0,9.5,10.0,9.5,,10.0,9.0,9.0,,10.0,10.0,10.0,,10.5,10.5,10.5,,10.0,10.0,10.0,,,False,True,11,11,11.0,0.01448182575404644,0.11015410721302032,0.24740083515644073,0.0048495191149413586,0.22884896397590637,0.04659523069858551,0.0008215754642151296,0.23043391108512878,0.01852353662252426,0.03525980934500694,0.12260597944259644,0.012844435583596487,0.10638087627107236,0.2437662640411686,0.004422347824490855,0.23269090199048542,0.04455150852921648,0.0007427419669841102,0.24355580767237314,0.02201108749196737,0.03904911679380284,0.12065837726257664
247,Kim Zolciak-Biermann,Tony Dovolani,TV Personality,Florida,United States,37,21,Withdrew,11,4.0,4.0,4.0,,6.5,6.0,6.0,,,,,,,,,,,,,,,,,,,,,,,,,,,,,,,,,,,,,,,True,False,11,2,2.0,0.05960535630583763,0.05475863441824913,,,,,,,,,,0.05925983786049286,0.05147852444204391,,,,,,,,,
248,Paula Deen,Louis van Amstel,TV Personality,Georgia,United States,68,21,Eliminated Week 6,9,5.0,5.0,5.0,,6.5,6.0,6.0,,5.0,5.0,5.0,5.0,6.0,6.0,6.0,,7.0,7.0,6.0,6.0,6.0,6.0,6.0,6.0,,,,,,,,,,,,,,,,,,,,,6.0,False,False,11,6,6.0,0.017431827262043953,0.016014382243156433,0.018319619819521904,0.02045316994190216,0.01704755239188671,0.021675920113921165,,,,,,0.018540672404395633,0.017824844152279567,0.017635782504206,0.018757867954474594,0.016251766261224772,0.014432540206221414,,,,,
249,Mischa Barton,Artem Chigvintsev,Actor/Actress,,England,30,22,Eliminated Week 3,11,5.0,5.0,6.0,,5.0,5.0,5.0,,6.0,6.0,6.0,,,,,,,,,,,,,,,,,,,,,,,,,,,,,,,,,,3.0,False,False,10,3,3.0,0.0177529975771904,0.012549914419651031,0.015233141370117664,,,,,,,,,0.01954023183602768,0.012216937612400723,0.008609243950700418,,,,,,,,
250,Kim Fields,Sasha Farber,Actor/Actress,New York,United States,46,22,Eliminated Week 7,8,7.0,6.0,7.0,,7.0,6.0,6.0,,8.0,7.0,7.0,,8.0,8.0,8.0,8.0,8.0,6.0,6.0,8.0,8.0,8.0,8.0,,8.5,8.5,9.0,,,,,,,,,,,,,,,,,,7.0,False,False,10,7,7.0,0.1384294182062149,0.09785852581262589,0.1187543198466301,0.10466009378433228,0.12033853679895401,0.09696486592292786,0.14676041901111603,,,,,0.14116441383884898,0.09679088274304239,0.12260940334394699,0.10933538723570907,0.11928750989870883,0.10220539515357556,0.14399951575760903,,,,
251,Jodie Sweetin,Keo Motsepe,Actor/Actress,California,United States,34,22,Eliminated Week 8,6,7.0,6.0,7.0,,7.0,7.0,7.0,,8.0,7.0,8.0,,7.0,6.0,7.0,7.0,9.0,8.0,9.0,9.0,9.0,8.0,8.0,,8.0,8.5,9.0,,10.0,10.0,10.0,,,,,,,,,,,,,,8.0,False,False,10,8,8.0,0.11543072015047073,0.08159642666578293,0.09705616533756256,0.087272047996521,0.05098271742463112,0.0808483362197876,0.12247437238693237,0.008189203217625618,,,,0.11424044928519078,0.08275346052749774,0.0965151662468411,0.08931716804901717,0.05125766717448791,0.08501855010788421,0.12072176228307732,0.004524753838037713,,,
252,Doug Flutie,Karina Smirnoff,Athlete,Maryland,United States,53,22,Eliminated Week 6,9,5.0,5.0,5.0,,7.0,6.0,7.0,,7.0,6.0,7.0,,6.0,6.0,6.0,6.0,7.0,7.0,7.0,7.0,7.0,7.0,7.0,,,,,,,,,,,,,,,,,,,,,,6.0,False,False,10,6,6.0,0.03520253300666809,0.02488529309630394,0.030205896124243736,0.02661500684916973,0.030601946637034416,0.024658115580677986,,,,,,0.033904037020384505,0.02528206019891338,0.03309973274705041,0.02893171621908031,0.03014834220916824,0.016165269657828635,,,,,
253,Von Miller,Witney Carson,Athlete,Texas,United States,27,22,Eliminated Week 7,7,8.0,6.0,7.0,,7.0,6.0,7.0,,7.0,6.0,7.0,,8.0,8.0,8.0,8.0,8.0,7.0,7.0,7.0,8.0,8.0,8.0,,8.5,8.5,9.0,,,,,,,,,,,,,,,,,,7.0,False,False,10,7,7.0,0.17216889560222626,0.12173771858215332,0.14776581525802612,0.13019900023937225,0.14970318973064423,0.12062601000070572,0.18257254362106323,,,,,0.16692484964309576,0.12646161437844933,0.1494119716425057,0.13085877756996747,0.14950012658756756,0.12599327529010834,0.18973644950893295,,,,
254,Antonio Brown,Sharna Burgess,Athlete,Florida,United States,27,22,Eliminated Week 9,5,8.0,6.0,7.0,,6.0,6.0,7.0,,7.0,6.0,7.0,,9.0,8.0,9.0,9.0,7.0,6.0,6.0,7.0,9.0,9.0,9.0,,8.5,8.5,9.0,,9.0,9.0,9.0,,9.0,9.0,9.5,,,,,,,,,,9.0,False,False,10,9,9.0,0.18735457956790924,0.132475346326828,0.1607990860939026,0.1303691267967224,0.16290739178657532,0.11943438649177551,0.19867588579654694,0.20220018923282623,0.19627486169338226,,,0.19080173423938607,0.12908762684867398,0.1600126607536722,0.13000929287282864,0.159218387984588,0.11916094661039184,0.19444434077713654,0.21104882376155498,0.19331118526120736,,
255,Paige VanZant,Mark Ballas,Athlete,Oregon,United States,22,22,2nd Place,2,7.0,7.0,7.0,,8.0,8.0,8.0,,8.0,7.0,8.0,,9.0,9.0,9.0,9.0,8.0,8.0,7.0,8.0,9.0,10.0,9.0,,9.0,9.0,9.5,,10.0,9.0,9.0,,10.0,9.5,10.0,,10.0,9.6666,10.0,,,,,,,False,True,10,10,10.0,0.16443592309951782,0.00676803570240736,0.13829255104064941,0.007928033359348774,0.14297999441623688,0.07565378397703171,0.10092572122812271,0.17572902143001556,0.08776848763227463,0.0027159450110048056,,0.1643175780702079,0.006519784492009241,0.13831875693979906,0.007029166033660257,0.14642101086370135,0.07364064493425672,0.1020540777135156,0.1774711906890563,0.0890557498888752,0.002786190300920247,
256,Geraldo Rivera,Edyta Sliwinska,Journalist,New York,United States,72,22,Eliminated Week 2,12,5.0,4.0,4.0,,5.0,4.0,4.0,,,,,,,,,,,,,,,,,,,,,,,,,,,,,,,,,,,,,,2.0,False,False,10,2,2.0,0.007360254880040884,0.005203097127377987,,,,,,,,,,0.006883268301307257,0.00297667242458612,,,,,,,,,
257,Nyle DiMarco,Peta Murgatroyd,Model,New York,United States,26,22,1st Place,1,8.0,7.0,8.0,,7.0,6.0,7.0,,8.0,8.0,9.0,,8.0,8.0,9.0,9.0,9.0,10.0,9.0,9.0,8.0,8.0,9.0,,9.5,9.0,9.5,,10.0,9.0,10.0,,9.5,9.5,9.5,,9.6666,9.6666,9.6666,,,,,,,False,True,10,10,10.0,0.07117145508527756,0.3348800539970398,0.002822302747517824,0.3556980788707733,0.0027687170077115297,0.33034682273864746,0.008846348151564598,0.407309353351593,0.4903850555419922,0.5504584908485413,,0.07310263606857346,0.3363399543667641,0.002662286012956683,0.35535912383286816,0.002892672057017202,0.3298360249958462,0.00928890339734686,0.3950750640566315,0.49064223225611536,0.5426413888092096,
258,Ginger Zee,Valentin Chmerkovskiy,News Anchor,California,United States,35,22,3rd Place,3,8.0,7.0,8.0,,7.0,7.0,7.0,,7.0,7.0,7.0,,9.0,9.0,9.0,9.0,8.0,8.0,8.0,8.0,8.0,8.0,8.0,,9.0,9.0,9.5,,10.0,10.0,10.0,,9.0,9.5,9.5,,9.3333,9.6666,9.3333,,,,,,,False,True,10,10,10.0,0.03237476199865341,0.15232449769973755,0.18449653685092926,0.010307730175554752,0.1864650547504425,0.1507609486579895,0.13165122270584106,0.015220891684293747,0.2243148535490036,0.4468255341053009,,0.031473673722473096,0.14995280677007844,0.18660807036839921,0.009631140814904415,0.19605211237753953,0.14761479152822488,0.13073947448482595,0.014030143944533049,0.2255760692604274,0.45457242088986993,
259,Wanya Morris,Lindsay Arnold,Singer/Rapper,Pennsylvania,United States,42,22,Eliminated Week 9,4,8.0,7.0,8.0,,8.0,8.0,8.0,,8.0,8.0,8.0,,8.0,9.0,9.0,9.0,8.0,7.0,7.0,8.0,10.0,9.0,10.0,,9.0,9.0,9.5,,8.0,8.0,9.0,,10.0,10.0,10.0,,,,,,,,,,9.0,False,False,10,9,9.0,0.026581598445773125,0.007280480116605759,0.07733563333749771,0.12295041233301163,0.1532525271177292,0.0007068064296618104,0.10809344053268433,0.19135130941867828,0.0012567745288833976,,,0.02586996623956276,0.007390110832722828,0.07538167844878058,0.12397973152210173,0.14522217084722122,0.00036510172188378327,0.10901547607755589,0.19785002371018628,0.0014147633333742855,,
260,Marla Maples,Tony Dovolani,TV Personality,Georgia,United States,52,22,Eliminated Week 4,10,7.0,7.0,7.0,,7.0,6.0,7.0,,7.0,7.0,7.0,,7.0,7.0,7.0,7.0,,,,,,,,,,,,,,,,,,,,,,,,,,,,,4.0,False,False,10,4,4.0,0.03173687309026718,0.022440604865550995,0.027238469570875168,0.02400037832558155,,,,,,,,0.03177716173494207,0.02422808880486114,0.02677102954534797,0.01554849584986227,,,,,,,
261,Jake T. Austin,Jenna Johnson,Actor/Actress,New York,United States,21,23,Eliminated Week 2,13,5.0,6.0,5.0,6.0,6.0,6.0,6.0,6.0,,,,,,,,,,,,,,,,,,,,,,,,,,,,,,,,,,,,,2.0,False,False,11,2,2.0,0.015852997079491615,0.014001073315739632,,,,,,,,,,0.014628404952640946,0.008331433104958538,,,,,,,,,
262,Maureen McCormick,Artem Chigvintsev,Actor/Actress,California,United States,60,23,Eliminated Week 7,8,6.0,5.0,5.0,6.0,7.0,6.0,6.0,7.0,7.0,7.0,7.0,7.0,8.0,8.0,8.0,,8.0,8.0,8.0,,8.0,7.0,8.0,8.0,8.5,8.0,8.0,8.5,,,,,,,,,,,,,,,,,7.0,False,False,11,7,7.0,0.021716881543397903,0.019179947674274445,0.0200861357152462,0.02028995379805565,0.026249518617987633,0.02663811482489109,0.032825879752635956,,,,,0.022630435150480428,0.021111707447501016,0.022055541964462407,0.02102857233766393,0.026362423188953755,0.028085512765911317,0.021820964119716502,,,,
263,Marilu Henner,Derek Hough,Actor/Actress,Illinois,United States,64,23,Eliminated Week 9,6,7.0,7.0,6.0,7.0,7.0,6.0,7.0,7.0,7.0,7.0,7.0,7.0,7.0,7.0,7.0,,9.0,9.0,9.0,,8.0,9.0,9.0,8.0,7.5,8.0,8.5,8.0,7.0,8.0,8.0,,9.0,9.0,9.0,9.0,,,,,,,,,9.0,False,False,11,9,9.0,0.08017005771398544,0.07080487161874771,0.07415016740560532,0.07490404695272446,0.08765051513910294,0.09833545237779617,0.12119438499212265,0.10436952114105225,0.13188894093036652,,,0.07991588419973333,0.07010091959005305,0.07726026979652714,0.07369293826540464,0.08781490137812938,0.09848647720694942,0.12181929533030215,0.1092172863353435,0.08962014722680758,,
264,Ryan Lochte,Cheryl Burke,Athlete,New York,United States,32,23,Eliminated Week 8,7,6.0,6.0,6.0,6.0,6.0,6.0,6.0,6.0,6.0,7.0,6.0,6.0,7.0,7.0,8.0,,8.0,8.0,8.0,,7.0,8.0,8.0,7.0,8.5,8.0,8.0,8.5,8.0,9.0,9.0,,,,,,,,,,,,,,8.0,False,False,11,8,8.0,0.05132352188229561,0.045327987521886826,0.047469716519117355,0.04795220494270325,0.06203550100326538,0.0629538744688034,0.07757741957902908,0.066814124584198,,,,0.052617318707944415,0.046866906397115264,0.04552626479377523,0.04602016759989457,0.0594536899919478,0.0650776252792915,0.08075191915944088,0.04471775914548002,,,
265,Calvin Johnson Jr.,Lindsay Arnold,Athlete,Georgia,United States,30,23,3rd Place,3,7.0,6.0,6.0,7.0,7.0,7.0,7.0,7.0,8.0,8.0,8.0,8.0,8.0,7.0,8.0,,8.0,8.0,8.0,,9.0,10.0,9.0,9.0,9.5,9.0,9.0,9.5,10.0,10.0,10.0,,9.0,9.0,10.0,9.0,9.0,9.5,9.5,,9.3333,9.6666,9.6666,9.6666,,False,True,11,11,11.0,0.17927081882953644,0.15832850337028503,0.0006282392423599958,0.16749484837055206,0.21808777749538422,0.21804191172122955,0.015829462558031082,0.2326889932155609,0.295791357755661,0.34820109605789185,0.3931892514228821,0.18146442411654684,0.15915967269582748,0.0007330682344581491,0.1681395366341316,0.21447075046390263,0.22543899227428452,0.013370482080680757,0.23027577560514612,0.30742052256765295,0.3488384259946719,0.3957076472068279
266,Laurie Hernandez,Valentin Chmerkovskiy,Athlete,New Jersey,United States,16,23,1st Place,1,8.0,8.0,7.0,8.0,8.0,8.0,8.0,8.0,7.0,8.0,8.0,8.0,10.0,10.0,10.0,,8.0,9.0,8.0,,9.0,9.0,9.0,10.0,8.0,8.5,9.0,9.0,11.0,11.0,11.0,,10.0,10.0,10.0,10.0,10.0,10.0,10.0,,9.6666,10.0,9.6666,10.0,,False,True,11,11,11.0,0.007788598071783781,0.0004753994580823928,0.11138031631708145,0.0006563300266861916,0.16069211065769196,0.1632092148065567,0.20089101791381836,0.13222436606884003,0.012818769551813602,0.01832289807498455,0.0030864740256220102,0.008319410245045088,0.00025506540544630116,0.10985442214906944,0.0007648071645580384,0.16655221122291144,0.16597889101717753,0.20099229548881906,0.13562764046429954,0.011955069146419386,0.015229890307340378,0.003994470100063413
267,Amber Rose,Maksim Chmerkoskiy,Model,Pennsylvania,United States,32,23,Eliminated Week 6,9,6.0,6.0,6.0,6.0,6.0,6.0,6.0,6.0,7.0,6.0,6.0,6.0,8.0,8.0,8.0,,8.0,8.0,8.0,,7.0,7.0,7.0,7.0,,,,,,,,,,,,,,,,,,,,,6.0,False,False,11,6,6.0,0.02791556902229786,0.024654511362314224,0.025819428265094757,0.026081353425979614,0.03374195843935013,0.03424147516489029,,,,,,0.026969060441441088,0.025035523405079523,0.027344974195263647,0.02540437630566476,0.03348175843749813,0.021628640077310805,,,,,
268,Rick Perry,Emma Slater,Politician,Texas,United States,66,23,Eliminated Week 3,12,5.0,5.0,5.0,5.0,6.0,5.0,6.0,5.0,6.0,5.0,6.0,6.0,,,,,,,,,,,,,,,,,,,,,,,,,,,,,,,,,3.0,False,False,11,3,3.0,0.009018033742904663,0.007964560762047768,0.008340883068740368,,,,,,,,,0.008436569284097004,0.008988783067216734,0.005430475627352943,,,,,,,,
269,James Hinchcliffe,Sharna Burgess,Racing Driver,,Canada,29,23,2nd Place,2,8.0,8.0,7.0,8.0,7.0,7.0,7.0,8.0,7.0,7.0,8.0,7.0,9.0,9.0,10.0,,10.0,9.0,10.0,,10.0,9.0,9.0,10.0,9.5,9.0,9.0,9.5,11.6666,11.6666,11.6666,,9.0,9.0,9.0,9.0,9.5,10.0,10.0,,9.6666,9.6666,9.6666,10.0,,False,True,11,11,11.0,0.010139345191419125,0.15383148193359375,0.16057783365249634,0.10508530586957932,0.0008729143883101642,0.20447200536727905,0.015377670526504517,0.0010117064230144024,0.2856307327747345,0.2365405410528183,0.14304383099079132,0.010057963499736623,0.1527430748283092,0.15883709547849464,0.10280523468564927,0.0011732640038071933,0.20283644362902314,0.016324523305283282,0.0009475570633461322,0.30284035694010303,0.24959315050031392,0.14753471832756443
270,Babyface,Allison Holker,Singer/Rapper,Indiana,United States,57,23,Eliminated Week 4,11,7.0,6.0,6.0,7.0,8.0,7.0,7.0,8.0,7.0,6.0,6.0,6.0,6.0,6.0,6.0,,,,,,,,,,,,,,,,,,,,,,,,,,,,,,4.0,False,False,11,4,4.0,0.11808901280164719,0.10377077758312225,0.10922189056873322,0.1103326752781868,,,,,,,,0.11469793254847452,0.10479519257814184,0.10856656874168276,0.11106319894842007,,,,,,,
271,Vanilla Ice,Witney Carson,Singer/Rapper,Texas,United States,48,23,Eliminated Week 4,10,7.0,5.0,6.0,7.0,6.0,7.0,6.0,7.0,6.0,6.0,5.0,6.0,8.0,7.0,8.0,,,,,,,,,,,,,,,,,,,,,,,,,,,,,,4.0,False,False,11,4,4.0,0.12385114282369614,0.10938303917646408,0.1145513504743576,0.1157156229019165,,,,,,,,0.12409373347444468,0.11216229854982701,0.11489810688036929,0.11491355887223241,,,,,,,
272,Jana Kramer,Gleb Savchenko,Singer/Rapper,Michigan,United States,32,23,Eliminated Week 11,4,7.0,6.0,6.0,8.0,7.0,8.0,7.0,7.0,6.0,7.0,6.0,7.0,8.0,7.0,8.0,,9.0,8.0,9.0,,10.0,10.0,10.0,10.0,8.0,8.5,9.0,9.0,10.0,10.0,10.0,,10.0,10.0,10.0,10.0,9.5,9.5,10.0,,8.5,9.0,9.0,9.0,11.0,False,False,11,11,11.0,0.19896139204502106,0.17571331560611725,0.1840219497680664,0.1858922690153122,0.24022004008293152,0.0008763162768445909,0.3006744682788849,0.25992995500564575,0.019185882061719894,0.37545329332351685,0.46068045496940613,0.20212888626348638,0.1754883071747913,0.18588334431481154,0.19298713914927967,0.2400842572412,0.0009573169174775287,0.3039123442730237,0.26203845148254773,0.017865896488552743,0.37375463054799474,0.45276316436554437
273,Terra Jole,Sasha Farber,TV Personality,Texas,United States,36,23,Eliminated Week 10,5,7.0,6.0,6.0,6.0,8.0,7.0,8.0,8.0,8.0,7.0,8.0,7.0,9.0,8.0,8.0,,9.0,9.0,9.0,,7.0,8.0,8.0,7.0,8.5,8.5,9.0,8.5,8.0,8.0,8.0,,10.0,10.0,9.0,9.0,10.0,10.0,10.0,,,,,,10.0,False,False,11,10,10.0,0.15590253472328186,0.11656445264816284,0.1437520682811737,0.14559535682201385,0.17044958472251892,0.19123156368732452,0.23562976717948914,0.20296134054660797,0.25468435883522034,0.021482177078723907,,0.15403997711592896,0.11496111575573258,0.14360986782373272,0.1431804700371004,0.17060674407164955,0.19151010083257422,0.2410081762427339,0.21717552990383718,0.2702980076304637,0.012583902649679643,
274,Charo,Keo Motsepe,Actor/Actress,,Spain,66,24,Eliminated Week 3,11,6.0,5.0,5.0,5.0,6.0,6.0,7.0,6.0,6.0,6.0,6.0,6.0,,,,,,,,,,,,,,,,,,,,,,,,,,,,,,,,,3.0,False,False,10,3,3.0,0.00865709688514471,0.009658929891884327,0.009021786041557789,,,,,,,,,0.00807837732932705,0.010514634738010729,0.005929099345873076,,,,,,,,
275,Mr. T,Kym Herjavec,Actor/Actress,Illinois,United States,64,24,Eliminated Week 4,10,5.0,5.0,5.0,5.0,6.0,5.0,6.0,5.0,6.0,6.0,6.0,6.0,7.0,7.0,7.0,7.0,,,,,,,,,,,,,,,,,,,,,,,,,,,,,4.0,False,False,10,4,4.0,0.01456712931394577,0.016252893954515457,0.015180785208940506,0.014175769872963428,,,,,,,,0.013970182724168617,0.015181341872302972,0.016545378690891097,0.009025551285932881,,,,,,,
276,Heather Morris,Maksim Chmerkoskiy,Actor/Actress,California,United States,30,24,Eliminated Week 6,8,7.0,7.0,7.0,7.0,8.0,6.0,8.0,8.0,9.0,8.0,8.0,8.0,8.0,9.0,9.0,9.0,8.0,8.0,9.0,9.0,9.0,9.5,9.0,9.5,,,,,,,,,,,,,,,,,,,,,6.0,False,False,10,6,6.0,0.12369008362293243,0.13641995191574097,0.0997733548283577,0.12014847248792648,0.13440009951591492,0.0005075170774944127,,,,,,0.12277024796200972,0.14022448525133493,0.09814791090899133,0.12333242694623718,0.13481607561076547,0.0003354630753840131,,,,,
277,Nancy Kerrigan,Artem Chigvintsev,Athlete,Massachusetts,United States,47,24,Eliminated Week 7,7,7.0,7.0,7.0,7.0,7.0,7.0,7.0,7.0,8.0,9.0,8.0,8.0,8.0,9.0,8.0,8.0,9.0,9.0,9.0,9.0,8.5,8.5,8.0,8.5,9.0,9.0,9.0,9.0,,,,,,,,,,,,,,,,,7.0,False,False,10,7,7.0,0.13366182148456573,0.14913758635520935,0.10781694203615189,0.1300775706768036,0.14457561075687408,0.13538877665996552,0.16335824131965637,,,,,0.13423545349329194,0.15097096215388633,0.11449352339797013,0.13420360182150154,0.14287420578305424,0.13333476968020708,0.16671191084561945,,,,
278,Bonner Bolton,Sharna Burgess,Athlete,Texas,United States,29,24,Eliminated Week 8,5,6.0,5.0,5.0,6.0,8.0,5.0,8.0,7.0,6.0,6.0,6.0,6.0,8.0,8.0,8.0,8.0,7.0,8.0,8.0,7.0,8.0,8.5,7.5,7.5,7.5,7.5,8.5,7.5,7.5,7.0,7.5,7.0,,,,,,,,,,,,,8.0,False,False,10,8,8.0,0.09585797041654587,0.10695035755634308,0.09989609569311142,0.09328264743089676,0.10412242263555527,0.09709332138299942,0.11715245246887207,0.17610469460487366,,,,0.0981264586976751,0.10729296019996726,0.09895990303777925,0.09490769334710712,0.10495979141047776,0.10023579225303061,0.11723199485105798,0.12340392569345106,,,
279,Simone Biles,Sasha Farber,Athlete,Ohio,United States,20,24,Eliminated Week 9,4,8.0,8.0,8.0,8.0,7.0,7.0,7.0,8.0,7.0,8.0,9.0,8.0,9.0,9.0,9.0,9.0,9.0,9.0,10.0,10.0,8.5,8.5,8.5,9.0,10.5,9.5,9.5,9.5,9.0,9.0,9.0,9.0,10.0,10.0,10.0,10.0,,,,,,,,,9.0,False,False,10,9,9.0,0.0008162882295437157,0.17458492517471313,0.1587122082710266,0.14133943617343903,0.08535998314619064,0.15648974478244781,0.17776207625865936,0.2831282615661621,0.0013973833993077278,,,0.0005427198124265302,0.17597990788085677,0.16103679229362416,0.14013941452358267,0.08784770860115423,0.1573368826239514,0.17263977039801248,0.30073865614383405,0.0010288320478793968,,
280,David Ross,Lindsay Arnold,Athlete,Georgia,United States,40,24,2nd Place,2,7.0,7.0,7.0,7.0,7.0,6.0,7.0,7.0,8.0,7.0,8.0,8.0,7.0,8.0,8.0,8.0,7.0,7.0,8.0,7.0,7.5,8.5,7.5,7.5,8.0,8.0,8.0,8.0,8.0,8.0,8.5,8.0,9.0,8.5,9.0,8.5,9.0,9.0,9.3333,9.0,,,,,,False,True,10,10,10.0,0.15032675862312317,0.1677321195602417,0.15639759600162506,0.14629590511322021,0.16329628229141235,0.15227219462394714,0.1837310642004013,0.27617689967155457,0.3299868404865265,0.7831030488014221,,0.15152135836037212,0.1674631468538486,0.15723732016844197,0.14800554936271262,0.1685701560167338,0.15280515531909888,0.18732827773196456,0.2917423228526001,0.33341604432482996,0.7862749393544716,
281,Rashad Jennings,Emma Slater,Athlete,Virginia,United States,32,24,1st Place,1,8.0,7.0,8.0,8.0,8.0,8.0,8.0,8.0,7.0,7.0,7.0,7.0,10.0,9.0,10.0,10.0,7.0,8.0,9.0,8.0,8.5,9.5,8.5,8.5,9.5,9.5,10.5,9.5,9.5,9.0,9.5,9.5,9.5,9.0,10.0,10.0,10.0,9.6666,10.0,10.0,,,,,,False,True,10,10,10.0,0.09922561794519424,0.009978068992495537,0.15910950303077698,0.0005418393411673605,0.16575844585895538,0.15479525923728943,0.1753358095884323,0.2633984088897705,0.2838151454925537,0.01262903306633234,,0.1019473463551117,0.010680903298410658,0.15657039638527975,0.0005504243394019733,0.16776229824551323,0.15313387487501703,0.17391516594424505,0.2830029793894267,0.28670502019550503,0.01152189928287731,
282,Chris Kattan,Witney Carson,Comedian,California,United States,46,24,Eliminated Week 2,12,5.0,4.0,4.0,4.0,6.0,5.0,6.0,5.0,,,,,,,,,,,,,,,,,,,,,,,,,,,,,,,,,,,,,2.0,False,False,10,2,2.0,0.009866553358733654,0.011008350178599358,,,,,,,,,,0.010201748123841888,0.0068140950963202105,,,,,,,,,
283,Erika Jayne,Gleb Savchenko,Singer/Rapper,Georgia,United States,45,24,Eliminated Week 5,9,6.0,6.0,6.0,6.0,7.0,7.0,7.0,7.0,6.0,7.0,7.0,6.0,8.0,7.0,7.0,8.0,8.0,8.0,8.0,8.0,,,,,,,,,,,,,,,,,,,,,,,,,5.0,False,False,10,5,5.0,0.0364409014582634,0.040657974779605865,0.037976011633872986,0.03546188026666641,0.03958267346024513,,,,,,,0.03392964425771888,0.0388878337414919,0.03595372417967913,0.03472626463721174,0.02517557573985637,,,,,,
284,Normani,Valentin Chmerkovskiy,Singer/Rapper,Georgia,United States,20,24,3rd Place,3,7.0,6.0,7.0,7.0,8.0,8.0,8.0,8.0,8.0,8.0,9.0,9.0,8.0,7.0,8.0,9.0,10.0,9.0,10.0,10.0,9.0,9.5,8.0,9.5,10.5,10.5,10.5,10.5,10.0,9.5,10.0,10.0,9.5,9.5,9.5,9.5,10.0,9.6666,9.6666,10.0,,,,,,False,True,10,10,10.0,0.17812208831310272,0.011635171249508858,0.00108105328399688,0.17390559613704681,0.0013117823982611299,0.1527682989835739,0.00084486830746755,0.0011917888186872005,0.38480067253112793,0.2042679488658905,,0.18064613521259718,0.010137498550867628,0.0010386637395788105,0.17259970324626692,0.002335814308927002,0.15259514368029162,0.0005858306489017608,0.0011121159206871774,0.37885010343178627,0.20220316136265065,
285,Nick Viall,Peta Murgatroyd,TV Personality,Wisconsin,United States,36,24,Eliminated Week 7,6,6.0,6.0,6.0,6.0,7.0,5.0,7.0,6.0,7.0,6.0,7.0,6.0,8.0,7.0,8.0,7.0,9.0,8.0,9.0,8.0,7.5,8.0,7.5,7.5,8.0,8.0,9.0,9.0,,,,,,,,,,,,,,,,,7.0,False,False,10,7,7.0,0.14876769483089447,0.1659836769104004,0.15503469109535217,0.14477090537548065,0.16159270703792572,0.1506849080324173,0.18181554973125458,,,,,0.14403032767145968,0.16585223036270202,0.15408728785189124,0.14250937049004583,0.16565837428351785,0.15022291849301891,0.1815870495801987,,,,
286,Sasha Pieterse,Gleb Savchenko,Actor/Actress,,South Africa,21,25,Eliminated Week 5,10,6.0,6.0,6.0,,8.0,7.5,7.0,,7.0,6.0,6.0,,8.0,8.0,8.0,,8.0,8.0,8.0,,,,,,,,,,,,,,,,,,,,,,,,,,5.0,False,False,10,5,5.0,0.015709739178419113,0.015209122560918331,0.015572957694530487,0.014300346374511719,0.014845544472336769,,,,,,,0.013544156720304002,0.014701393225529923,0.014553128186285732,0.012897641446943454,0.009810337578918641,,,,,,
287,Frankie Muniz,Witney Carson,Actor/Actress,New Jersey,United States,31,25,3rd Place,3,7.0,6.0,6.0,,8.0,7.5,8.5,,7.0,7.0,7.0,,8.0,8.0,8.0,,10.0,9.0,10.0,,7.0,8.0,8.0,8.0,10.0,10.0,10.0,,9.0,8.5,9.0,,8.5,8.0,9.0,,9.7777,9.3333,9.7777,10.0,,,,,,False,True,10,10,10.0,0.1620093286037445,0.06175508350133896,0.1606026589870453,0.14763706922531128,0.0996134951710701,0.1706174612045288,0.0006276940112002194,0.21150852739810944,0.30463746190071106,0.4272676110267639,,0.1592535341436448,0.057987337085407896,0.15940743005814478,0.1480464559872903,0.09970017294504596,0.17481004261693556,0.0009075876501648299,0.21539947608009818,0.33654080875130304,0.4225233153768592,
288,Jordan Fisher,Lindsay Arnold,Actor/Actress,Alabama,United States,23,25,1st Place,1,8.0,7.0,7.0,,8.0,8.0,8.0,,9.0,7.0,9.0,,10.0,9.0,10.0,,10.0,10.0,10.0,,10.0,9.0,10.0,10.0,9.0,9.0,9.0,,10.0,10.0,10.0,,9.5,9.5,10.0,,10.0,10.0,10.0,10.0,,,,,,False,True,10,10,10.0,0.0018944548210129142,0.0015451128128916025,0.10081960260868073,0.00042384344851598144,0.0005209931405261159,0.0713687315583229,0.10455906391143799,0.0005150306387804449,0.0022377942223101854,0.01634511724114418,,0.001157545443760743,0.0012453968782495085,0.09954800673612824,0.0005694485965425734,0.0005147094209185298,0.06960535963171464,0.10714546470890485,0.0009162412288190871,0.002529935477520096,0.01641524465098286,
289,Derek Fisher,Sharna Burgess,Athlete,Arkansas,United States,43,25,Eliminated Week 4,11,6.0,6.0,6.0,,6.5,6.0,6.5,,7.0,7.0,7.0,,7.0,8.0,8.0,,,,,,,,,,,,,,,,,,,,,,,,,,,,,,4.0,False,False,10,4,4.0,0.009857305325567722,0.009556589648127556,0.009771479293704033,0.008972949348390102,,,,,,,,0.011454143721367256,0.010216142724956887,0.010520541394816348,0.006076739977263275,,,,,,,
290,Nikki Bella,Artem Chigvintsev,Athlete,California,United States,33,25,Eliminated Week 7,8,7.0,7.0,6.0,,6.5,6.5,6.5,,7.0,7.0,7.0,,8.0,8.0,8.0,,9.0,9.0,9.0,,9.0,9.0,9.0,9.0,8.0,8.0,8.0,,,,,,,,,,,,,,,,,,7.0,False,False,10,7,7.0,0.15181420743465424,0.14738094806671143,0.15069478750228882,0.13837967813014984,0.1435026228427887,0.1600683629512787,0.15251895785331726,,,,,0.16045955857763838,0.14470019692395283,0.14943394451248507,0.13734439397006581,0.14465212928538684,0.16281199764792206,0.152791533690994,,,,
291,Terrell Owens,Cheryl Burke,Athlete,Alabama,United States,43,25,Eliminated Week 8,6,5.0,5.0,5.0,,6.5,6.0,7.0,,7.0,7.0,7.0,,8.0,8.0,8.0,,9.0,8.0,8.0,,9.0,9.0,10.0,9.0,8.0,8.0,8.5,,8.5,8.5,8.5,,,,,,,,,,,,,,8.0,False,False,10,8,8.0,0.06997513771057129,0.06784040480852127,0.06936586648225784,0.06369724124670029,0.06612575799226761,0.07347781211137772,0.07020557671785355,0.09329021722078323,,,,0.07001655118485484,0.06736216437907092,0.06905776947036922,0.06405734196010322,0.07119926259421529,0.07520781221528709,0.06928333577264989,0.06268438928948375,,,
292,Victoria Arlen,Valentin Chmerkovskiy,Athlete,New Hamshire,United States,22,25,Eliminated Week 9,5,7.0,6.0,6.0,,7.5,7.0,7.5,,8.0,7.0,7.0,,9.0,9.0,9.0,,9.0,9.0,9.0,,8.0,8.0,7.0,8.0,9.5,9.5,9.5,,8.0,8.0,8.0,,9.0,9.5,9.5,,,,,,,,,,9.0,False,False,10,9,9.0,0.1168980821967125,0.1132991686463356,0.11588221788406372,0.0812874287366867,0.11035257577896118,0.12314760684967041,0.11026445776224136,0.15614154934883118,0.1751754730939865,,,0.11709806784499052,0.11678562141302729,0.12054380594620458,0.0800727642299551,0.11197961601138663,0.12716459102311972,0.1105435331481533,0.16154347884041123,0.12377544617927087,,
293,Barbara Corcoran,Keo Motsepe,Entrepreneur,New Jersey,United States,68,25,Eliminated Week 2,13,5.0,4.0,5.0,,6.0,5.0,6.0,,,,,,,,,,,,,,,,,,,,,,,,,,,,,,,,,,,,,,2.0,False,False,10,2,2.0,0.02483762614428997,0.024079902097582817,,,,,,,,,,0.025380050894046813,0.025498858433961834,,,,,,,,,
294,Lindsey Stirling,Mark Ballas,Musician,California,United States,31,25,2nd Place,2,7.0,8.0,7.0,,7.5,7.5,7.5,,9.0,9.0,9.0,,9.0,8.0,9.0,,9.0,10.0,9.0,,10.0,10.0,10.0,10.0,8.5,8.5,8.5,,9.5,8.5,9.0,,9.5,9.0,10.0,,10.0,10.0,10.0,10.0,,,,,,False,True,10,10,10.0,0.05033665522933006,0.21292990446090698,0.0007609734311699867,0.199346125125885,0.20599040389060974,0.0012159841135144234,0.22011607885360718,0.2770562171936035,0.15169262886047363,0.03439197316765785,,0.046861329079318774,0.21248400935104655,0.0005005803779877474,0.20356529484259334,0.2045860273694743,0.0012154435026060712,0.21362876925700727,0.2894650818753501,0.15536339063276058,0.03465529179941976,
295,Debbie Gibson,Alan Bersten,Singer/Rapper,New York,United States,47,25,Eliminated Week 2,12,6.0,5.0,6.0,,7.0,6.5,7.0,,,,,,,,,,,,,,,,,,,,,,,,,,,,,,,,,,,,,,2.0,False,False,10,2,2.0,0.0449984185397625,0.043625641614198685,,,,,,,,,,0.04130230239168951,0.04454922988485471,,,,,,,,,
296,Nick Lachey,Peta Murgatroyd,Singer/Rapper,Kentucky,United States,43,25,Eliminated Week 6,9,6.0,6.0,6.0,,7.0,6.0,6.0,,7.0,7.0,7.0,,8.0,7.0,7.0,,7.0,8.0,7.0,,7.0,6.0,7.0,6.0,,,,,,,,,,,,,,,,,,,,,6.0,False,False,10,6,6.0,0.02761872485280037,0.026776162907481194,0.027378255501389503,0.02514088898897171,0.026099419221282005,0.029085494577884674,,,,,,0.029241832326718228,0.026974725051744353,0.030152047580460594,0.025113377597552333,0.025296458376060413,0.01974834892778756,,,,,
297,Drew Scott,Emma Slater,TV Personality,,Canada,39,25,Eliminated Week 10,4,6.0,5.0,5.0,,7.0,6.5,7.0,,8.0,7.0,8.0,,8.0,8.0,8.0,,9.0,8.0,8.0,,7.0,7.0,9.0,7.0,9.5,9.5,9.5,,8.0,7.5,8.0,,8.0,8.0,8.0,,9.0,9.5,9.5,9.5,,,,,10.0,False,False,10,10,10.0,0.19577105343341827,0.18979865312576294,0.19398440420627594,0.17820726335048676,0.1850016564130783,0.20616799592971802,0.18465684354305267,0.2614884078502655,0.3662566840648651,0.5219952464103699,,0.19252395666271552,0.19061615971914708,0.191857842979453,0.17410069684480822,0.18557869955229,0.20432123395690485,0.18576152613248564,0.2699913326858386,0.38179041895914606,0.5264061481727388,
298,Vanessa Lachey,Maksim Chmerkoskiy,TV Personality,,Philippines,36,25,Eliminated Week 7,7,7.0,7.0,7.0,,8.0,8.0,7.5,,7.0,8.0,8.0,,8.0,8.0,8.0,,8.0,8.0,8.0,,9.0,9.0,9.0,9.0,9.0,9.0,9.0,,,,,,,,,,,,,,,,,,7.0,False,False,10,7,7.0,0.12827914953231812,0.08620331436395645,0.15516676008701324,0.14260709285736084,0.1479475498199463,0.16485057771205902,0.15705141425132751,,,,,0.1317069710089503,0.08687876492905075,0.154424902757665,0.14815584454688255,0.14668258686630312,0.16511517047772262,0.15993824963964026,,,,
299,Jamie Anderson,Artem Chigvintsev,Athlete,California,United States,27,26,Eliminated Week 1,10,6.0,7.0,6.0,,,,,,,,,,,,,,,,,,,,,,,,,,,,,,,,,,,,,,,,,,1.0,False,False,4,1,1.0,0.1561005860567093,,,,,,,,,,,0.15621377140497508,,,,,,,,,,
300,Johnny Damon,Emma Slater,Athlete,Kansas,United States,44,26,Eliminated Week 1,9,6.0,6.0,6.0,,,,,,,,,,,,,,,,,,,,,,,,,,,,,,,,,,,,,,,,,,1.0,False,False,4,1,1.0,0.09648879617452621,,,,,,,,,,,0.09339695878669496,,,,,,,,,,
301,Kareem Abdul-Jabbar,Lindsay Arnold,Athlete,New York,United States,71,26,Eliminated Week 2,8,6.0,5.0,6.0,,7.5,8.0,7.0,7.0,,,,,,,,,,,,,,,,,,,,,,,,,,,,,,,,,,,,,2.0,False,False,4,2,2.0,0.04494181275367737,0.05999179556965828,,,,,,,,,,0.04738005229067718,0.0611043768354834,,,,,,,,,
302,Arike Ogunbowale,Gleb Savchenko,Athlete,Wisconsin,United States,21,26,Eliminated Week 2,7,7.0,6.0,7.0,,8.5,9.5,8.5,8.5,,,,,,,,,,,,,,,,,,,,,,,,,,,,,,,,,,,,,2.0,False,False,4,2,2.0,0.1849869191646576,0.24478214979171753,,,,,,,,,,0.1731717732534248,0.24731418741396538,,,,,,,,,
303,Jennie Finch Daigle,Keo Motsepe,Athlete,California,United States,37,26,Eliminated Week 3,6,7.0,7.0,7.0,,7.5,8.5,8.0,7.5,7.0,8.0,7.0,7.0,,,,,,,,,,,,,,,,,,,,,,,,,,,,,,,,,3.0,False,False,4,3,3.0,0.11761778593063354,0.15701723098754883,0.18340730667114258,,,,,,,,,0.11964340371274847,0.15120952758636097,0.1821964342545955,,,,,,,,
304,Chris Mazdzer,Witney Carson,Athlete,Massachusetts,United States,29,26,Eliminated Week 3,5,7.0,7.0,7.0,,8.5,8.5,8.0,8.0,8.0,9.0,7.0,9.0,,,,,,,,,,,,,,,,,,,,,,,,,,,,,,,,,3.0,False,False,4,3,3.0,0.14749997854232788,0.19690832495689392,0.23000305891036987,,,,,,,,,0.15314399887646485,0.19688167369516324,0.22858771043599022,,,,,,,,
305,Mirai Nagasu,Alan Bersten,Athlete,California,United States,25,26,Eliminated Week 3,4,7.0,8.0,8.0,,9.0,10.0,9.0,9.0,9.0,9.0,8.0,9.0,,,,,,,,,,,,,,,,,,,,,,,,,,,,,,,,,3.0,False,False,4,3,3.0,0.15200835466384888,0.006432398688048124,0.2575555145740509,,,,,,,,,0.16260112358551396,0.006105394809708215,0.2587383520644421,,,,,,,,
306,Tonya Harding,Sasha Farber,Athlete,Oregon,United States,47,26,3rd Place,3,8.0,8.0,7.0,,8.0,9.0,8.0,8.0,8.5,9.5,8.5,8.5,9.0,9.5,9.5,,,,,,,,,,,,,,,,,,,,,,,,,,,,,,,False,True,4,4,4.0,0.08156249672174454,0.11833959072828293,0.1381818801164627,0.5646300911903381,,,,,,,,0.0772401856829459,0.12010043928315983,0.13748467374137513,0.5636330141844365,,,,,,,
307,Josh Norman,Sharna Burgess,Athlete,South Carolina,United States,30,26,2nd Place,2,8.0,8.0,8.0,,7.5,8.0,8.0,8.0,9.5,9.5,9.5,9.5,9.5,9.5,9.5,,,,,,,,,,,,,,,,,,,,,,,,,,,,,,,False,True,4,4,4.0,0.009130836464464664,0.1926386058330536,0.18989571928977966,0.4214184582233429,,,,,,,,0.007556159629855465,0.193211209300428,0.19173754207705693,0.4242054606360873,,,,,,,
308,Adam Rippon,Jenna Johnson,Athlete,Pennsylvania,United States,28,26,1st Place,1,8.0,8.0,8.0,,9.0,9.5,9.0,9.5,10.5,10.5,9.5,10.5,9.5,9.5,10.0,,,,,,,,,,,,,,,,,,,,,,,,,,,,,,,False,True,4,4,4.0,0.009662517346441746,0.023889997974038124,0.0009565282380208373,0.013951416127383709,,,,,,,,0.009652572776699222,0.02407319107573055,0.001255287426539963,0.012161525179476605,,,,,,,
309,Juan Pablo Di Pace,Cheryl Burke,Actor/Actress,,Argentina,39,27,Eliminated Week 8,5,7.0,7.0,8.0,,9.0,8.0,9.0,,10.0,10.0,10.0,,8.0,8.0,8.0,,10.0,9.0,10.0,,10.0,10.0,10.0,,9.5,9.0,9.5,,10.0,10.0,10.0,,,,,,,,,,,,,,8.0,False,False,9,8,8.0,0.08913317322731018,0.014945103786885738,0.00030891047208569944,0.09246225655078888,0.006242625880986452,0.0068629710003733635,0.10268139094114304,0.0007192155462689698,,,,0.0890720626551734,0.0160937348432798,0.0004977701953731919,0.09634089884529409,0.007944234849760834,0.006829587724517578,0.10500780220073042,0.0011798529446242505,,,
310,Evanna Lynch,Keo Motsepe,Actor/Actress,,Ireland,27,27,3rd Place,3,7.0,5.0,6.0,,8.0,8.0,8.0,,9.0,9.0,9.0,,8.0,8.0,8.0,,8.0,8.0,8.0,,10.0,9.0,10.0,,10.0,9.5,10.0,,10.0,9.5,9.5,,10.0,10.0,10.0,,,,,,,,,,,False,True,9,9,9.0,0.10654973238706589,0.11133276671171188,0.10211721062660217,0.10483384877443314,0.12017953395843506,0.09531784057617188,0.0006263502291403711,0.13348263502120972,0.016748512163758278,,,0.10655555076376562,0.11040778822342699,0.10299377707986287,0.10796262623584728,0.11972223586447066,0.10139369782618142,0.000493596556336799,0.1300820114232399,0.015953595064732092,,
311,Nancy McKeon,Valentin Chmerkovskiy,Actor/Actress,New York,United States,52,27,Eliminated Week 3,11,6.5,6.5,6.5,,7.0,6.5,7.0,,8.0,7.0,7.0,,,,,,,,,,,,,,,,,,,,,,,,,,,,,,,,,,3.0,False,False,9,3,3.0,0.014043773524463177,0.014715812169015408,0.013485193252563477,,,,,,,,,0.013246585436916005,0.01625218657597497,0.007884998696642217,,,,,,,,
312,John Schneider,Emma Slater,Actor/Actress,New York,United States,58,27,Eliminated Week 7,8,7.0,5.0,6.0,,7.5,6.5,7.5,,7.0,7.0,7.0,,7.0,7.0,7.0,,8.0,8.0,8.0,,6.0,7.0,6.0,,9.0,9.0,9.0,,,,,,,,,,,,,,,,,,7.0,False,False,9,7,7.0,0.10005442053079605,0.10484229028224945,0.09607481211423874,0.09844622761011124,0.11285307258367538,0.11196435242891312,0.1106194332242012,,,,,0.09689938405559437,0.10601794282405735,0.09603278251121614,0.10094256241105434,0.10963074695753204,0.11506246760573843,0.10746626007113151,,,,
313,Milo Manheim,Witney Carson,Actor/Actress,California,United States,17,27,2nd Place,2,7.0,6.0,7.0,,9.0,8.0,9.0,,9.0,9.0,9.0,,10.0,9.0,10.0,,9.0,8.0,10.0,,10.0,10.0,10.0,,10.0,9.0,10.0,,9.0,9.0,9.5,,10.0,10.0,10.0,,,,,,,,,,,False,True,9,9,9.0,0.10436590760946274,0.016631873324513435,0.10002592951059341,0.00035727288923226297,0.11689483374357224,0.007688600104302168,0.07507774978876114,0.15324318408966064,0.016314638778567314,,,0.1109668920459698,0.015875357819566442,0.09702875562925964,0.0003038135662238687,0.10997930460127478,0.006607230614124665,0.07410353888168929,0.15161568024838565,0.01575838637891694,,
314,Danelle Umstead,Artem Chigvintsev,Athlete,New Mexico,United States,46,27,Eliminated Week 2,12,6.0,6.0,6.0,,6.5,6.0,6.0,,,,,,,,,,,,,,,,,,,,,,,,,,,,,,,,,,,,,,2.0,False,False,9,2,2.0,0.008669413626194,0.00908427033573389,,,,,,,,,,0.009042217731692535,0.005686836245720832,,,,,,,,,
315,Mary Lou Retton,Sasha Farber,Athlete,West Virginia,United States,50,27,Eliminated Week 6,9,6.5,7.0,6.5,,8.0,7.5,7.5,,8.0,8.0,8.0,,9.0,8.0,9.0,,9.0,8.0,8.0,,8.0,8.0,8.0,,,,,,,,,,,,,,,,,,,,,,6.0,False,False,9,6,6.0,0.053004372864961624,0.05554035305976868,0.05089633911848068,0.05171046406030655,0.05977769196033478,0.05931416526436806,,,,,,0.055591048124568006,0.0555375989827431,0.054398475566944125,0.05307459809537965,0.05985395332334769,0.03741740172351838,,,,,
316,DeMarcus Ware,Lindsay Arnold,Athlete,Alabama,United States,36,27,Eliminated Week 7,7,8.0,7.0,8.0,,8.0,7.5,8.0,,9.0,8.0,9.0,,7.0,7.0,8.0,,9.0,8.0,9.0,,8.0,9.0,9.0,,9.0,8.5,9.0,,,,,,,,,,,,,,,,,,7.0,False,False,9,7,7.0,0.007945028133690357,0.13369180262088776,0.12212543934583664,0.12475137412548065,0.14287327229976654,0.14185260236263275,0.14018911123275757,,,,,0.007986753974966848,0.1351836426998056,0.1253518255313718,0.1270679984975818,0.14211323257468722,0.1475444997827932,0.14199442715596694,,,,
317,Nikki Glaser,Gleb Savchenko,Comedian,Ohio,United States,34,27,Eliminated Week 1,13,6.0,5.5,6.0,,,,,,,,,,,,,,,,,,,,,,,,,,,,,,,,,,,,,,,,,,1.0,False,False,9,1,1.0,0.009652321226894855,,,,,,,,,,,0.006916627664325057,,,,,,,,,,
318,Bobby Bones,Sharna Burgess,Radio Personality,Arkansas,United States,38,27,1st Place,1,7.0,6.0,7.0,,7.0,6.0,6.5,,8.0,7.0,8.0,,7.0,6.0,7.0,,7.0,7.0,7.0,,8.0,7.0,7.0,,9.0,8.5,9.0,,7.5,7.5,7.5,,9.0,9.0,9.0,,,,,,,,,,,False,True,9,9,9.0,0.23929058015346527,0.25074562430381775,0.22977688908576965,0.2354484647512436,0.2699073553085327,0.2677789628505707,0.264584481716156,0.3512669801712036,0.6287814974784851,,,0.23824701563437423,0.25344977463670826,0.22992081512305423,0.23121628619395468,0.27738255513215154,0.26541585730593903,0.2648376389227616,0.3482267559138001,0.6365954322465441,,
319,Tinashe,Brandon Armstrong,Singer/Rapper,Kentucky,United States,25,27,Eliminated Week 4,10,8.0,7.0,8.0,,9.0,8.0,9.0,,9.0,9.0,9.0,,9.0,8.0,9.0,,,,,,,,,,,,,,,,,,,,,,,,,,,,,,4.0,False,False,9,4,4.0,0.0012732325121760368,0.0032587640453130007,0.019535867497324944,0.019865695387125015,,,,,,,,0.000986708976870656,0.003616989135777512,0.02044408889156993,0.012267974563233747,,,,,,,
320,Alexis Ren,Alan Bersten,Social Media Personality,California,United States,21,27,4th Place,4,7.0,7.5,7.5,,8.0,8.5,8.0,,9.0,8.0,9.0,,8.0,8.0,9.0,,10.0,9.0,10.0,,9.0,9.0,9.0,,9.0,9.0,9.5,,9.5,9.5,10.0,,9.5,9.5,9.5,,,,,,,,,,,False,True,9,9,9.0,0.12194623053073883,0.13424526154994965,0.12731203436851501,0.13036830723285675,0.008768838830292225,0.14799915254116058,0.146922767162323,0.14980548620224,0.3381553590297699,,,0.12087507294791476,0.13613835581771638,0.12428861403090048,0.1370861326368905,0.008736027440997067,0.14728549501612942,0.14784596290440713,0.14984232485184434,0.3316925863098063,,
321,Joe Amabile,Jenna Johnson,TV Personality,Illinois,United States,32,27,Eliminated Week 8,6,5.0,4.0,5.0,,5.5,6.0,6.0,,6.0,6.0,6.0,,5.0,5.0,5.0,,6.0,5.0,6.0,,8.0,7.0,7.0,,8.0,7.5,8.0,,8.0,7.5,7.5,,,,,,,,,,,,,,8.0,False,False,9,8,8.0,0.14407183229923248,0.1509660929441452,0.13834145665168762,0.14175614714622498,0.16250276565551758,0.16122135519981384,0.15929870307445526,0.21148253977298737,,,,0.14361407998786843,0.14573979219522237,0.1411580967438058,0.13373710895454016,0.1646377092557782,0.17244376240105802,0.15825077330697682,0.21905337461810573,,,
322,Kate Flannery,Pasha Pashkov,Actor/Actress,Pennsylvania,United States,55,28,Eliminated Week 8,7,5.0,5.0,5.0,,7.0,7.0,7.0,,8.0,8.0,8.0,,7.0,7.0,6.0,6.0,8.0,8.0,8.0,,9.0,9.0,9.0,,8.0,8.0,8.0,,8.6666,8.6666,8.6666,,,,,,,,,,,,,,8.0,False,False,11,8,8.0,0.021279145032167435,0.019292106851935387,0.01922604627907276,0.0230590607970953,0.02157445251941681,0.020234717056155205,0.022998273372650146,0.02366342581808567,,,,0.02030342144427474,0.01921883881139537,0.01898519385270225,0.023142625919176953,0.023856702513076245,0.02249378769379402,0.025668646475514076,0.014722872351916173,,,
323,James Van Der Beek,Emma Slater,Actor/Actress,Connecticut,United States,42,28,Eliminated Week 10,5,7.0,7.0,7.0,,7.0,6.0,7.0,,8.0,7.0,8.0,,7.0,7.0,7.0,7.0,9.0,8.0,9.0,,9.0,9.0,9.0,,9.0,9.0,9.0,,10.6666,10.6666,10.6666,,9.0,8.5,9.5,9.0,8.5,8.5,8.5,,,,,,10.0,False,False,11,10,10.0,0.06121157482266426,0.0677279382944107,0.0676664188504219,0.07572973519563675,0.0699697807431221,0.06919156014919281,0.07227962464094162,0.06781293451786041,0.07746066898107529,0.09213876724243164,,0.0601900055079007,0.06505301494784999,0.06809523557831186,0.07571878588009782,0.0691929848681603,0.07101451668593961,0.07134173297418685,0.07179769969427141,0.08018233165276255,0.061248046274414346,
324,Kel Mitchell,Witney Carson,Actor/Actress,Illinois,United States,41,28,2nd Place,2,6.0,5.0,5.0,,7.0,6.0,7.0,,7.0,6.0,7.0,,8.0,8.0,8.0,8.0,9.0,8.0,9.0,,9.0,8.0,9.0,,8.5,8.5,8.5,,9.6666,9.6666,10.6666,,9.0,9.0,9.5,9.5,9.5,9.5,9.5,,10.0,9.5,10.0,,,False,True,11,11,11.0,0.1491122841835022,0.1428091675043106,0.15553051233291626,0.14736813306808472,0.14757071435451508,0.14963994920253754,0.15902653336524963,0.15170499682426453,0.15898637473583221,0.17167851328849792,0.1909002810716629,0.1491935952046517,0.14325473794206617,0.1543049948869022,0.14416195813345528,0.14805935884349222,0.15104821490741674,0.1562112736043529,0.15207399236943167,0.16597957416985096,0.18075877754637604,0.19137586833272102
325,Ray Lewis,Cheryl Burke,Athlete,Florida,United States,44,28,Withdrew,11,5.0,5.0,5.0,,5.0,5.0,5.0,,,,,,,,,,,,,,,,,,,,,,,,,,,,,,,,,,,,,,,True,False,11,2,2.0,0.04201839864253998,0.04451820254325867,,,,,,,,,,0.04160828789307196,0.045304145635090595,,,,,,,,,
326,Lamar Odom,Peta Murgatroyd,Athlete,New York,United States,39,28,Eliminated Week 4,10,5.0,3.0,3.0,,4.0,4.0,4.0,,4.0,4.0,4.0,,5.0,7.0,4.0,4.0,,,,,,,,,,,,,,,,,,,,,,,,,,,,,4.0,False,False,11,4,4.0,0.009259398095309734,0.009448522701859474,0.010518418624997139,0.010088091716170311,,,,,,,,0.009377356016759944,0.009502883825347289,0.011268611970064143,0.006051014965593836,,,,,,,
327,Sailor Brinkley-Cook,Valentin Chmerkovskiy,Model,New York,United States,21,28,Eliminated Week 6,9,6.0,6.0,6.0,,6.0,6.0,6.0,,7.0,8.0,8.0,,7.0,8.0,8.0,8.0,8.0,8.0,8.0,,9.0,9.0,9.0,,,,,,,,,,,,,,,,,,,,,,6.0,False,False,11,6,6.0,0.022674301639199257,0.024233195930719376,0.022988036274909973,0.024219531565904617,0.025063013657927513,0.0235101580619812,,,,,,0.02419125074116656,0.024411175305454547,0.022848182702898946,0.024888772611463262,0.025797423311810723,0.015761864894178884,,,,,
328,Sean Spicer,Lindsay Arnold,Politician,New York,United States,48,28,Eliminated Week 9,6,4.0,4.0,4.0,,6.0,5.0,5.0,,5.0,5.0,5.0,,5.0,6.0,5.0,5.0,7.0,6.0,6.0,,7.0,7.0,7.0,,7.0,7.0,7.0,,7.0,7.0,6.0,,6.5,6.0,6.5,6.0,,,,,,,,,9.0,False,False,11,9,9.0,0.07350568473339081,0.06958654522895813,0.07885526120662689,0.08079040050506592,0.07798759639263153,0.07444087415933609,0.07927003502845764,0.08944158256053925,0.09684192389249802,,,0.07087150926207571,0.06405300288560162,0.0760317112017991,0.08433781275294544,0.0766854225166506,0.07631590402091636,0.0843074694216545,0.09383638553190603,0.06506232219157959,,
329,Mary Wilson,Brandon Armstrong,Singer/Rapper,Nevada,United States,75,28,Eliminated Week 2,12,6.0,5.0,6.0,,5.0,5.0,5.0,,,,,,,,,,,,,,,,,,,,,,,,,,,,,,,,,,,,,,2.0,False,False,11,2,2.0,0.01649813912808895,0.01851866953074932,,,,,,,,,,0.016666380717182114,0.018250310532423684,,,,,,,,,
330,Lauren Alaina,Gleb Savchenko,Singer/Rapper,Georgia,United States,24,28,4th Place,4,7.0,6.0,6.0,,6.0,6.0,7.0,,6.0,7.0,7.0,,8.0,8.0,8.0,8.0,8.0,7.0,8.0,,9.0,8.0,9.0,,9.0,9.0,9.0,,8.0,8.0,8.0,,9.0,9.0,8.5,8.5,9.0,9.0,9.0,,9.5,9.5,9.5,,,False,True,11,11,11.0,0.19070251286029816,0.20440560579299927,0.21688531339168549,0.20547626912593842,0.2227395921945572,0.2086501568555832,0.212559312582016,0.2523883879184723,0.23410913348197937,0.25463226437568665,0.27940720319747925,0.1876615701276003,0.20564827010352124,0.22188977329496287,0.20598997093854282,0.22264798126447585,0.21201688295986126,0.212526024253764,0.2570081427845052,0.2431008256236988,0.2641704414844977,0.2809454556465805
331,Ally Brooke,Sasha Farber,Singer/Rapper,Texas,United States,26,28,3rd Place,3,5.0,5.0,6.0,,7.0,6.0,7.0,,8.0,8.0,8.0,,8.0,8.0,8.0,8.0,9.0,9.0,9.0,,8.0,9.0,8.0,,9.0,9.0,9.0,,10.0,10.0,10.0,,10.0,10.0,10.0,10.0,10.0,9.5,10.0,,10.0,10.0,10.0,,,False,True,11,11,11.0,0.21083196997642517,0.20191991329193115,0.19606325030326843,0.20836590230464935,0.20323827862739563,0.2169160544872284,0.2155684232711792,0.21449041366577148,0.20715948939323425,0.23291407525539398,0.2634675204753876,0.2181492437646701,0.20588351269325053,0.19637550740872262,0.20896874225386908,0.20302493360401014,0.2160573106265776,0.216843662058121,0.21601645027419686,0.2155659825616744,0.24132047778480412,0.26159624658473474
332,Karamo Brown,Jenna Johnson,TV Personality,Texas,United States,38,28,Eliminated Week 7,8,6.0,5.0,6.0,,7.0,5.0,7.0,,5.0,5.0,6.0,,7.0,7.0,7.0,7.0,7.0,7.0,7.0,,9.0,8.0,8.0,,8.5,8.0,8.0,,,,,,,,,,,,,,,,,,7.0,False,False,11,7,7.0,0.02202482335269451,0.022282922640442848,0.02652044966816902,0.024282576516270638,0.025599280372262,0.023320427164435387,0.024861393496394157,,,,,0.022703142163810655,0.023509541055897386,0.026159879242742354,0.023416842448695924,0.024892745559847773,0.02335650585581305,0.016889664403536335,,,,
333,Hannah Brown,Alan Bersten,TV Personality,Alabama,United States,24,28,1st Place,1,7.0,7.0,6.0,,8.0,8.0,8.0,,7.0,7.0,7.0,,8.0,8.0,8.0,8.0,9.0,7.0,9.0,,8.0,8.0,8.0,,8.5,9.0,8.5,,10.6666,9.6666,10.6666,,9.0,8.5,9.0,9.0,9.0,9.0,9.0,,10.0,9.5,9.5,,,False,True,11,11,11.0,0.18088187277317047,0.17525722086429596,0.20574630796909332,0.20062027871608734,0.2062571942806244,0.21409611403942108,0.21343643963336945,0.20049823820590973,0.22544248402118683,0.24863645434379578,0.2662249803543091,0.17908423715683555,0.17591056626210164,0.20404090986089388,0.20332347409616006,0.20584244751847555,0.2119350123555027,0.2162115268088701,0.19454445699377207,0.23010896380043336,0.2525022569099076,0.2660824294359633
334,Anne Heche,Keo Motsepe,Actor/Actress,Ohio,United States,51,29,Eliminated Week 4,13,6.0,6.0,6.0,,6.0,6.0,6.0,,5.0,5.0,5.0,,7.0,7.0,7.0,,,,,,,,,,,,,,,,,,,,,,,,,,,,,,4.0,False,False,11,4,4.0,0.006012612022459507,0.005989177618175745,0.0067133065313100815,0.006291309837251902,,,,,,,,0.0054638699434507105,0.0052751390506946124,0.007892198250279526,0.004112419663752067,,,,,,,
335,Jesse Metcalfe,Sharna Burgess,Actor/Actress,California,United States,41,29,Eliminated Week 5,12,6.0,6.0,6.0,,7.0,7.0,6.0,,7.0,6.0,7.0,,7.0,7.0,7.0,,7.0,6.0,6.0,,,,,,,,,,,,,,,,,,,,,,,,,,5.0,False,False,11,5,5.0,0.010446696542203426,0.0099813062697649,0.010542700067162514,0.010931449010968208,0.011808805167675018,,,,,,,0.010430028486053226,0.01129398617769396,0.009584443176209115,0.012691625923040227,0.008281972985973132,,,,,,
336,Chrishell Stause,Gleb Savchenko,Actor/Actress,Kentucky,United States,39,29,Eliminated Week 8,8,4.0,5.0,4.0,,6.0,6.0,6.0,,7.0,7.0,8.0,,7.0,8.0,7.0,,6.0,6.0,7.0,,8.0,8.0,8.0,,9.0,9.0,8.0,,9.0,9.0,9.0,,,,,,,,,,,,,,8.0,False,False,11,8,8.0,0.019119257107377052,0.017071593552827835,0.016612602397799492,0.017601951956748962,0.01937880739569664,0.01748402789235115,0.01758786290884018,0.02289099618792534,,,,0.019861436321073397,0.01721005516323651,0.015431202497803234,0.01775796838792407,0.018838693332828775,0.01622084586479097,0.017275637582224033,0.013502703657766759,,,
337,Skai Jackson,Alan Bersten,Actor/Actress,New York,United States,18,29,Eliminated Week 10,5,7.0,7.0,7.0,,5.0,5.0,5.0,,6.0,6.0,6.0,,10.0,9.0,9.0,,8.0,8.0,8.0,,6.0,6.0,6.0,,9.0,9.0,9.0,,8.6666,9.6666,8.6666,,9.6666,9.6666,9.6666,,9.5,9.5,9.5,,,,,,10.0,False,False,11,10,10.0,0.10516854375600815,0.11907868087291718,0.11800127476453781,0.10294149816036224,0.11495949327945709,0.13006940484046936,0.11272351443767548,0.14991463720798492,0.14486438035964966,0.16174761950969696,,0.10486405065690857,0.11679400540005312,0.12318363814657278,0.10055746212656268,0.11521149214947593,0.13315656759487757,0.11684791041675598,0.15275683492721218,0.15099407536935092,0.16347098890685977,
338,Justina Machado,Sasha Farber,Actor/Actress,Illinois,United States,48,29,4th Place,4,7.0,7.0,7.0,,7.0,7.0,7.0,,7.0,6.0,6.0,,8.0,8.0,8.0,,8.0,8.0,8.0,,9.0,9.0,9.0,,9.0,9.0,8.0,,9.6666,9.6666,9.6666,,8.6666,8.6666,8.6666,,9.5,10.0,9.5,,10.0,10.0,10.0,,,False,True,11,11,11.0,0.09330036491155624,0.09322763234376907,0.10258977115154266,0.09850024431943893,0.10198879987001419,0.0953412875533104,0.1022118553519249,0.1263892650604248,0.14037786424160004,0.1411794275045395,0.20455071330070496,0.08893567706525654,0.09661853846950867,0.10202917050024386,0.09917295965452434,0.1090119910787714,0.09270215663485118,0.0980942130250978,0.12582907078263403,0.14081823429015064,0.1411992064117193,0.20608164442829704
339,Charles Oakley,Emma Slater,Athlete,Ohio,United States,56,29,Eliminated Week 2,15,4.0,4.0,4.0,,5.0,5.0,5.0,,,,,,,,,,,,,,,,,,,,,,,,,,,,,,,,,,,,,,2.0,False,False,11,2,2.0,0.005639491602778435,0.005244284402579069,,,,,,,,,,0.005784864583444809,0.003021052080990454,,,,,,,,,
340,Veron Davis,Peta Murgatroyd,Athlete,Washington D.C.,United States,36,29,Eliminated Week 6,11,5.0,6.0,6.0,,6.0,6.0,6.0,,8.0,7.0,7.0,,8.0,7.0,7.0,,7.0,7.0,7.0,,7.0,7.0,7.0,,,,,,,,,,,,,,,,,,,,,,6.0,False,False,11,6,6.0,0.014440027996897697,0.014072522521018982,0.013692780397832394,0.014506780542433262,0.01535126194357872,0.015355696901679039,,,,,,0.0132150867733845,0.014454738104926607,0.01384456256223697,0.014589635962876773,0.0161358588687197,0.008822287372816656,,,,,
341,Johnny Weir,Britt Stewart,Athlete,Pennsylvania,United States,36,29,Eliminated Week 10,6,6.0,6.0,6.0,,6.0,6.0,6.0,,8.0,8.0,8.0,,8.0,8.0,8.0,,10.0,10.0,9.0,,7.0,8.0,7.0,,9.0,9.0,9.0,,10.0,10.0,10.0,,10.0,10.0,10.0,,9.5,9.5,9.5,,,,,,10.0,False,False,11,10,10.0,0.11592525243759155,0.1154734417796135,0.10790228098630905,0.11462144553661346,0.10751782357692719,0.12335896492004395,0.11639156192541122,0.14335112273693085,0.14522218704223633,0.16700667142868042,,0.11995287428139621,0.11687381701358471,0.10495803698843166,0.11184839168540171,0.11063362258731263,0.1194054870832465,0.11129288652758573,0.1450209898689667,0.1465545191684472,0.16752976096505737,
342,Nev Schulman,Jenna Johnson,Producer,New York,United States,35,29,2nd Place,2,7.0,7.0,6.0,,7.0,7.0,7.0,,8.0,8.0,8.0,,8.0,8.0,8.0,,8.0,9.0,9.0,,9.0,9.0,8.0,,10.0,10.0,10.0,,10.0,10.0,10.0,,9.6666,9.6666,9.6666,,10.0,10.0,10.0,,10.0,10.0,10.0,,,False,True,11,11,11.0,0.11761142313480377,0.11497689038515091,0.1143617108464241,0.12148571014404297,0.12091997265815735,0.12010880559682846,0.11551863700151443,0.15193985402584076,0.15851850807666779,0.16853605210781097,0.25230923295021057,0.11807896506829492,0.1171437622575679,0.11966632516952395,0.1248339839637387,0.11034541349820615,0.11979073203183264,0.11097336145357334,0.1539996363938741,0.1603039028923453,0.16571084861448845,0.25489567644928113
343,AJ McLean,Cheryl Burke,Singer/Rapper,Florida,United States,42,29,Eliminated Week 9,7,6.0,6.0,6.0,,7.0,6.0,6.0,,7.0,7.0,7.0,,8.0,8.0,8.0,,8.0,8.0,8.0,,9.0,9.0,9.0,,9.0,8.0,9.0,,9.0,9.0,9.0,,7.6666,8.6666,8.6666,,,,,,,,,,9.0,False,False,11,9,9.0,0.041672445833683014,0.04065418615937233,0.04121372476220131,0.04120475426316261,0.04266813024878502,0.039885200560092926,0.04275944456458092,0.055650096386671066,0.06048016622662544,,,0.04104522849745515,0.03869963345950748,0.03977285389788334,0.04051557582587105,0.04190353812747475,0.03957652812087668,0.042121662811326246,0.05408279754826856,0.03916434301184397,,
344,Nelly,Daniella Karagach,Singer/Rapper,Texas,United States,45,29,3rd Place,3,5.0,5.0,6.0,,6.0,6.0,6.0,,6.0,6.0,6.0,,7.0,7.0,7.0,,8.0,8.0,8.0,,8.0,8.0,8.0,,9.0,9.0,9.0,,8.0,8.0,8.0,,8.0,8.0,8.0,,9.5,9.0,9.5,,9.5,9.5,9.5,,,False,True,11,11,11.0,0.13506203889846802,0.12877660989761353,0.13585886359214783,0.13528655469417572,0.13237345218658447,0.13186484575271606,0.1297987699508667,0.18642422556877136,0.19325581192970276,0.189297616481781,0.2852728068828583,0.13553329861705068,0.12455131591283855,0.1325873257168232,0.1350929835083991,0.1307773389721849,0.13251378610577605,0.1305900828565174,0.19138037998768478,0.20158052030870793,0.18916620911520426,0.28316297174019733
345,Kaitlyn Bristowe,Artem Chigvintsev,TV Personality,,Canada,35,29,1st Place,1,6.0,7.0,7.0,,7.0,8.0,7.0,,8.0,7.0,8.0,,9.0,8.0,8.0,,9.0,9.0,9.0,,9.0,9.0,9.0,,7.0,9.0,8.0,,9.0,10.0,9.0,,10.0,10.0,10.0,,10.0,10.0,10.0,,10.0,10.0,10.0,,,False,True,11,11,11.0,0.12019815295934677,0.11508297175168991,0.1192639023065567,0.12183926999568939,0.1211545541882515,0.1201784610748291,0.1346001923084259,0.1634397655725479,0.1572810560464859,0.17223264276981354,0.2578672766685486,0.12272941819610451,0.11445092263919578,0.11760405277693942,0.11658354621759873,0.12177226182928022,0.12130386980262617,0.13576846094412431,0.16342758683359235,0.1605844049591535,0.17292298598667127,0.2558597073822243
346,Carole Baskin,Pasha Pashkov,TV Personality,Texas,United States,59,29,Eliminated Week 3,14,4.0,4.0,3.0,,6.0,5.0,5.0,,5.0,4.0,3.0,,,,,,,,,,,,,,,,,,,,,,,,,,,,,,,,,,3.0,False,False,11,3,3.0,0.006716966163367033,0.005985099356621504,0.006838517263531685,,,,,,,,,0.006714575174543414,0.005228406201243852,0.004138033723233129,,,,,,,,
347,Monica Aldama,Valentin Chmerkovskiy,TV Personality,Alabama,United States,48,29,Eliminated Week 7,10,6.0,7.0,6.0,,5.0,6.0,5.0,,7.0,7.0,7.0,,8.0,8.0,8.0,,9.0,9.0,8.0,,9.0,9.0,9.0,,7.0,8.0,7.0,,,,,,,,,,,,,,,,,,7.0,False,False,11,7,7.0,0.09965455532073975,0.10577843338251114,0.10073474049568176,0.10070300102233887,0.10023906826972961,0.09748510271310806,0.11406051367521286,,,,,0.09685260244882263,0.10869928797590765,0.10016257769522072,0.10651164477696086,0.10138361335622577,0.10271953095970611,0.12172364174382812,,,,
348,Jeannie Mai,Brandon Armstrong,TV Personality,California,United States,41,29,Withdrew,9,6.0,6.0,6.0,,6.0,6.0,6.0,,7.0,7.0,8.0,,7.0,7.0,7.0,,8.0,8.0,8.0,,8.0,8.0,9.0,,8.0,9.0,8.0,,,,,,,,,,,,,,,,,,,True,False,11,7,7.0,0.10903219878673553,0.10860724747180939,0.10567384958267212,0.11408606171607971,0.11163989454507828,0.10886821150779724,0.11434759199619293,,,,,0.11053802388676098,0.10968534009305021,0.10914557889859954,0.11573180230334974,0.11570420321354644,0.11378820842859931,0.11531214263896682,,,,
349,Martin Kove,Britt Stewart,Actor/Actress,New York,United States,75,30,Eliminated Week 2,15,4.0,3.0,3.0,3.0,4.0,3.0,4.0,4.0,,,,,,,,,,,,,,,,,,,,,,,,,,,,,,,,,,,,,2.0,False,False,10,2,2.0,0.0038758236914873123,0.0038182924035936594,,,,,,,,,,0.0037711290541658457,0.0027183055954920253,,,,,,,,,
350,Brian Austin Green,Sharna Burgess,Actor/Actress,California,United States,48,30,Eliminated Week 4,13,6.0,6.0,6.0,6.0,6.0,5.0,6.0,6.0,7.0,6.0,6.0,,6.5,6.0,7.0,6.5,,,,,,,,,,,,,,,,,,,,,,,,,,,,,4.0,False,False,10,4,4.0,0.0642542690038681,0.06672950088977814,0.06613960862159729,0.06971084326505661,,,,,,,,0.06430616434336645,0.07080989862171412,0.06478838502717,0.06864060622268779,,,,,,,
351,Melora Hardin,Artem Chigvintsev,Actor/Actress,Texas,United States,54,30,Eliminated Week 9,6,7.0,6.0,7.0,6.0,7.0,6.0,7.0,7.0,8.0,7.0,8.0,,9.0,9.5,9.0,9.0,9.0,9.0,9.0,9.0,8.0,9.0,8.0,9.0,9.5,9.5,9.5,9.5,10.5,10.5,10.5,10.5,8.5,9.5,9.0,9.0,,,,,,,,,9.0,False,False,10,9,9.0,0.07687119394540787,0.0776272714138031,0.07562901824712753,0.0745648667216301,0.09128967672586441,0.09836021065711975,0.09289264678955078,0.0912933349609375,0.1369411051273346,,,0.07683638797966737,0.07625134424282622,0.07463826082570714,0.07572693217274262,0.09605706411258293,0.09902288259222897,0.09435078523796295,0.08711953686450626,0.13847528624680405,,
352,Matt James,Lindsay Arnold,Athlete,North Carolina,United States,29,30,Eliminated Week 4,12,6.0,6.0,6.0,6.0,5.0,5.0,6.0,6.0,7.0,6.0,7.0,,7.0,6.5,7.5,7.5,,,,,,,,,,,,,,,,,,,,,,,,,,,,,4.0,False,False,10,4,4.0,0.08473047614097595,0.08930408954620361,0.08556973189115524,0.08884628862142563,,,,,,,,0.08177916178774451,0.09255931123945925,0.08622782578413497,0.08584839086494914,,,,,,,
353,"Mike ""The Miz"" Mizanin",Witney Carson,Athlete,Ohio,United States,40,30,Eliminated Week 7,9,6.0,6.0,6.0,6.0,7.0,5.0,7.0,7.0,7.0,7.0,8.0,,8.5,7.5,8.5,8.0,8.0,8.0,8.0,8.0,9.0,8.0,9.0,8.0,8.0,8.0,8.0,8.0,,,,,,,,,,,,,,,,,7.0,False,False,10,7,7.0,0.022195182740688324,0.02205096185207367,0.021576492115855217,0.022040516138076782,0.02710654027760029,0.02753092534840107,0.02885693497955799,,,,,0.020478388821363852,0.01793091901557142,0.021346517891574577,0.023735763404840217,0.02741587475752383,0.02618251857622566,0.01976036156119282,,,,
354,Suni Lee,Sasha Farber,Athlete,Minnesota,United States,18,30,Eliminated Week 9,5,7.0,7.0,7.0,7.0,7.0,7.0,7.0,7.0,7.0,7.0,7.0,,8.5,8.0,9.0,8.5,9.0,9.0,9.0,9.0,9.0,9.0,9.0,9.0,8.25,8.25,8.25,9.25,10.5,10.5,10.5,10.5,10.0,9.0,9.5,9.0,,,,,,,,,9.0,False,False,10,9,9.0,0.09954781085252762,0.10217958688735962,0.10495349019765854,0.10305462777614594,0.12193742394447327,0.12734465301036835,0.13301345705986023,0.12195207178592682,0.17614009976387024,,,0.09728256920339821,0.10575643756078976,0.10937350064232661,0.11307351502972512,0.1235373407391518,0.13313284005808376,0.13118917356304383,0.12854446005956016,0.17882125063963142,,
355,Iman Shumpert,Daniella Karagach,Athlete,Illinois,United States,31,30,1st Place,1,7.0,4.0,5.0,5.0,7.0,6.0,6.0,6.0,7.0,6.0,6.0,,8.5,6.5,8.5,8.0,7.0,7.0,7.0,7.0,10.0,10.0,10.0,10.0,9.5,7.5,8.5,8.5,9.0,8.0,9.0,9.0,9.5,9.0,10.0,9.0,10.0,10.0,10.0,10.0,,,,,,False,True,10,10,10.0,0.10418599098920822,0.10026457905769348,0.1023637056350708,0.10011100769042969,0.12883375585079193,0.11233025789260864,0.12487674504518509,0.1302982121706009,0.16538779437541962,0.23071469366550446,,0.10230577049550071,0.09966099124174942,0.10288502779184273,0.09872462748135462,0.12724766167519694,0.11094372412557177,0.12636682082708595,0.13028656705710162,0.1640375925006817,0.22631898178973842,
356,Cody Rigsby,Cheryl Burke,Fitness Instructor,California,United States,34,30,3rd Place,3,6.0,6.0,6.0,6.0,6.0,6.0,6.0,6.0,6.0,6.0,6.0,,7.5,6.5,7.5,7.5,8.0,8.0,8.0,8.0,9.0,9.0,9.0,9.0,8.5,8.5,9.5,9.5,10.0,10.0,9.0,9.0,9.0,9.0,8.5,9.0,9.5,9.5,9.5,9.5,,,,,,False,True,10,10,10.0,0.11089874058961868,0.11348196864128113,0.11634975671768188,0.11550018936395645,0.13542650640010834,0.13332410156726837,0.13450492918491364,0.1374652236700058,0.19394180178642273,0.27659812569618225,,0.11685168299876737,0.11746963669078803,0.1161547354141843,0.11729448667081865,0.1356846834880984,0.12903596627601688,0.13473358795485754,0.13975650109647003,0.19728930139652512,0.2801458097227159,
357,Melanie C,Gleb Savchenko,Singer/Rapper,,England,47,30,Eliminated Week 5,11,7.0,7.0,6.0,7.0,7.0,7.0,8.0,8.0,7.0,7.0,8.0,,8.0,8.0,8.5,8.5,9.0,9.0,9.0,9.0,,,,,,,,,,,,,,,,,,,,,,,,,5.0,False,False,10,5,5.0,0.00838584452867508,0.008228090591728687,0.008540668524801731,0.008665242232382298,0.010114128701388836,,,,,,,0.007787870279637123,0.007507293168226773,0.009144276221312664,0.008714003270169914,0.005965521171934371,,,,,,
358,Jimmie Allen,Emma Slater,Singer/Rapper,Delaware,United States,36,30,Eliminated Week 8,7,6.0,5.0,6.0,5.0,7.0,6.0,7.0,7.0,6.0,6.0,8.0,,8.5,7.5,8.5,8.0,8.0,8.0,9.0,9.0,10.0,9.0,10.0,9.0,9.0,9.0,10.0,10.0,8.0,8.0,8.0,8.0,,,,,,,,,,,,,8.0,False,False,10,8,8.0,0.1123562827706337,0.10662347823381424,0.11000080406665802,0.10816863924264908,0.12915480136871338,0.12693485617637634,0.12760493159294128,0.15082566440105438,,,,0.11273692519725453,0.10570620374549883,0.10845191203500523,0.1084711951732548,0.1308885179511046,0.12615499213889,0.1270732578160752,0.15163540789262384,,,
359,Olivia Jade,Valentin Chmerkovskiy,Social Media Personality,California,United States,21,30,Eliminated Week 8,8,7.0,6.0,6.0,6.0,7.0,6.0,7.0,7.0,8.0,8.0,8.0,,8.0,9.0,9.0,9.0,9.0,9.0,9.0,9.0,9.0,9.0,9.0,9.0,11.0,9.0,11.0,11.0,9.0,9.0,9.0,9.0,,,,,,,,,,,,,8.0,False,False,10,8,8.0,0.0964886024594307,0.09593518078327179,0.09170238673686981,0.09405636787414551,0.11282632499933243,0.11782360821962357,0.1070978194475174,0.12603649497032166,,,,0.09900535160260092,0.0957700663390578,0.0920138088752398,0.08996199297753277,0.11087888984836562,0.1206556338937969,0.1074145148289479,0.12813366925029648,,,
360,JoJo Siwa,Jenna Johnson,Social Media Personality,Nebraska,United States,18,30,2nd Place,2,8.0,7.0,7.0,7.0,8.0,8.0,7.0,8.0,8.0,8.0,8.0,,8.5,8.5,9.0,9.0,10.0,10.0,10.0,10.0,10.0,10.0,10.0,10.0,10.0,9.0,10.0,10.0,10.5,9.5,10.5,10.5,10.0,10.0,10.0,10.0,10.0,10.0,10.0,10.0,,,,,,False,True,10,10,10.0,0.09364648163318634,0.0933954045176506,0.09470219910144806,0.09713283181190491,0.10983110219240189,0.11430583894252777,0.11651811003684998,0.11869266629219055,0.1580529659986496,0.2347894310951233,,0.09316888391480616,0.09239963695408132,0.09301292232844315,0.09586973490989129,0.1108352185193525,0.11510439120526095,0.12317354409976432,0.11528121799949727,0.1538744013329335,0.2396365741011507,
361,Christine Chiu,Pasha Pashkov,TV Personality,,Taiwan China,38,30,Eliminated Week 3,14,6.0,7.0,6.0,6.0,6.0,6.0,6.0,6.0,7.0,7.0,7.0,,,,,,,,,,,,,,,,,,,,,,,,,,,,,,,,,,3.0,False,False,10,3,3.0,0.008840098977088928,0.009187686257064342,0.008896094746887684,,,,,,,,,0.008806353645157671,0.010189406297204141,0.005713032502208443,,,,,,,,
362,Kenya Moore,Brandon Armstrong,TV Personality,Michigan,United States,50,30,Eliminated Week 6,10,7.0,6.0,6.0,7.0,6.0,6.0,6.0,6.0,7.0,7.0,7.0,,7.0,7.0,8.0,7.5,9.0,9.0,9.0,9.0,8.0,8.0,8.0,8.0,,,,,,,,,,,,,,,,,,,,,6.0,False,False,10,6,6.0,0.012967492453753948,0.013688432984054089,0.013253764249384403,0.01383630745112896,0.0153990862891078,0.017116697505116463,,,,,,0.014168589859125533,0.011538470593330123,0.015279255401186508,0.012919719264291366,0.014839728560362047,0.010120692761457778,,,,,
363,Amanda Kloots,Alan Bersten,TV Personality,Ohio,United States,39,30,4th Place,4,7.0,7.0,7.0,7.0,8.0,8.0,8.0,8.0,8.0,8.0,8.0,,8.5,8.5,8.5,8.5,10.0,10.0,9.0,10.0,9.0,9.0,10.0,10.0,8.25,8.25,8.25,9.25,10.5,10.5,10.5,10.5,9.5,10.0,10.0,10.0,9.5,10.0,9.5,10.0,,,,,,False,True,10,10,10.0,0.1007557362318039,0.09748535603284836,0.10032227635383606,0.1043122261762619,0.11808069050312042,0.12492886185646057,0.1346343606710434,0.12343630939722061,0.1695362776517868,0.2578977644443512,,0.10071477081744358,0.09373207869421075,0.10097053925966379,0.10101903255774189,0.116649499176327,0.12964635837246713,0.13593795411107,0.11924263977994423,0.16750216788342387,0.25389863438639426,
364,Jason Lewis,Peta Murgatroyd,Actor/Actress,California,United States,51,31,Eliminated Week 1,16,5.0,4.0,4.0,5.0,,,,,,,,,,,,,,,,,,,,,,,,,,,,,,,,,,,,,,,,,1.0,False,False,10,1,1.0,0.0054492955096066,,,,,,,,,,,0.0031939756297040814,,,,,,,,,,
365,Cheryl Ladd,Louis van Amstel,Actor/Actress,South Dakota,United States,71,31,Eliminated Week 3,14,6.0,5.0,5.0,5.0,5.0,6.0,5.0,5.0,6.0,6.0,6.0,6.0,,,,,,,,,,,,,,,,,,,,,,,,,,,,,,,,,3.0,False,False,10,3,3.0,0.004621721338480711,0.004853973630815744,0.004751869477331638,,,,,,,,,0.004777161567048171,0.003587849780197972,0.0025514139717991305,,,,,,,,
366,Selma Blair,Sasha Farber,Actor/Actress,Michigan,United States,50,31,Withdrew,12,7.0,7.0,7.0,7.0,7.0,7.0,7.0,7.0,7.0,7.0,7.0,7.0,8.0,8.0,8.0,8.0,10.0,10.0,10.0,10.0,,,,,,,,,,,,,,,,,,,,,,,,,,True,False,10,5,5.0,0.06780063360929489,0.071750208735466,0.0731167197227478,0.07173977792263031,0.07012714445590973,,,,,,,0.06705272126787001,0.06908193487420602,0.07599572083136755,0.07095283555230132,0.07201738581207881,,,,,,
367,Joseph Baena,Daniella Karagach,Actor/Actress,California,United States,24,31,Eliminated Week 5,11,6.0,5.0,6.0,6.0,6.0,6.0,6.0,6.0,8.0,7.0,7.0,7.0,7.0,7.0,7.0,7.0,9.0,8.5,9.0,8.5,,,,,,,,,,,,,,,,,,,,,,,,,5.0,False,False,10,5,5.0,0.09035682678222656,0.09379959106445312,0.08919255435466766,0.09381536394357681,0.09244204312562943,,,,,,,0.08937719120515557,0.09610561572606217,0.08412674461428807,0.09532063621062958,0.08953501978830233,,,,,,
368,Trevor Donovan,Emma Slater,Actor/Actress,California,United States,39,31,Eliminated Week 9,6,5.0,5.0,5.0,6.0,7.0,7.0,8.0,8.0,7.0,6.0,7.0,7.0,7.0,7.0,7.0,7.0,9.0,9.0,9.0,9.0,9.0,8.0,8.0,9.0,10.0,9.0,10.0,10.0,9.25,10.25,9.25,10.25,8.5,8.0,8.0,8.0,,,,,,,,,9.0,False,False,10,9,9.0,0.090279221534729,0.08373827487230301,0.08897793292999268,0.09099970757961273,0.08852764219045639,0.1047191396355629,0.1004122868180275,0.10917963832616806,0.1644604355096817,,,0.09328175078916655,0.08341292044624012,0.08251177127386457,0.08665873768773816,0.08665545398308824,0.10731910739035823,0.10318035490417349,0.10994426885618182,0.16344769210697527,,
369,Daniel Durant,Britt Stewart,Actor/Actress,Michigan,United States,32,31,Eliminated Week 9,5,7.0,6.0,7.0,7.0,7.0,7.0,7.0,8.0,8.0,7.0,8.0,8.0,7.0,7.0,7.0,8.0,8.125,8.125,8.625,8.625,9.0,8.0,8.0,9.0,9.0,8.5,9.5,9.5,10.0,9.0,10.0,10.0,9.0,8.0,9.0,8.5,,,,,,,,,9.0,False,False,10,9,9.0,0.0826556384563446,0.08499640226364136,0.0841841921210289,0.08982706815004349,0.09146427363157272,0.10481531172990799,0.10498133301734924,0.10927817970514297,0.15631555020809174,,,0.08538307784871028,0.08665405099561221,0.08471460002446042,0.08822065978414283,0.08871694595996965,0.1053161764008598,0.10055509226839517,0.10912699537852444,0.15562546880721756,,
370,Wayne Brady,Witney Carson,Comedian,Georgia,United States,50,31,3rd Place,3,7.0,7.0,7.0,8.0,8.0,8.0,8.0,8.0,8.0,8.0,8.0,9.0,9.0,9.0,9.0,9.0,10.125,10.125,10.125,10.625,8.0,9.0,8.0,9.0,9.5,9.0,9.5,10.0,11.25,11.25,11.25,11.25,9.5,9.0,9.0,9.0,9.5,9.5,9.5,9.5,,,,,,False,True,10,10,10.0,0.09346044808626175,0.09499534964561462,0.09533645957708359,0.09496482461690903,0.09688706696033478,0.12210435420274734,0.11913732439279556,0.11419501155614853,0.17291946709156036,0.252421498298645,,0.09369114612424692,0.09544075129938104,0.09008444325226718,0.098453676153599,0.09718917828305051,0.12449708515354765,0.12566282145621444,0.11658935864229845,0.17734125638869602,0.24856347266071965,
371,Sam Champion,Cheryl Burke,News Anchor,Kentucky,United States,61,31,Eliminated Week 4,13,5.0,5.0,5.0,5.0,6.0,6.0,7.0,7.0,6.0,6.0,6.0,7.0,7.0,6.0,6.0,6.0,,,,,,,,,,,,,,,,,,,,,,,,,,,,,4.0,False,False,10,4,4.0,0.009685857221484184,0.009353823028504848,0.009674268774688244,0.010026838630437851,,,,,,,,0.009019829668216055,0.009563993110088527,0.007986778871548464,0.005579150578751592,,,,,,,
372,Jessie James Decker,Alan Bersten,Singer/Rapper,,Italy,34,31,Eliminated Week 6,10,5.0,5.0,5.0,5.0,7.0,6.0,6.0,6.0,6.0,6.0,7.0,7.0,8.0,7.0,8.0,8.0,8.875,8.875,9.375,8.875,8.0,8.0,8.0,8.0,,,,,,,,,,,,,,,,,,,,,6.0,False,False,10,6,6.0,0.01609266735613346,0.015757033601403236,0.015848422423005104,0.015329986810684204,0.015547511167824268,0.01900809444487095,,,,,,0.015617815030500871,0.015911480765524965,0.015048888597139794,0.014461859524854253,0.01642452376264797,0.012051924373012668,,,,,
373,Jordin Sparks,Brandon Armstrong,Singer/Rapper,Arizona,United States,32,31,Eliminated Week 7,9,7.0,6.0,6.0,7.0,7.0,6.0,7.0,7.0,7.0,7.0,7.0,8.0,9.0,8.0,8.0,9.0,8.875,8.375,8.875,9.375,9.0,8.0,8.0,9.0,8.5,9.0,8.5,8.5,,,,,,,,,,,,,,,,,7.0,False,False,10,7,7.0,0.027528703212738037,0.028670696541666985,0.0284138023853302,0.027502216398715973,0.029261557385325432,0.03439708426594734,0.03567354753613472,,,,,0.025360399310808173,0.030427334137045476,0.030706436674827593,0.027300392637099585,0.028128865851266487,0.03362134739312465,0.02211580132109909,,,,
374,Heidi D'Amelio,Artem Chigvintsev,Social Media Personality,Louisiana,United States,50,31,Eliminated Week 8,8,6.0,6.0,6.0,6.0,7.0,7.0,7.0,7.0,8.0,8.0,8.0,8.0,9.0,8.0,8.0,9.0,9.625,10.125,9.625,9.625,9.0,9.0,9.0,9.0,8.5,9.0,9.0,8.5,9.0,8.0,9.0,9.0,,,,,,,,,,,,,8.0,False,False,10,8,8.0,0.09086635708808899,0.09059998393058777,0.087269626557827,0.08812306821346283,0.0896974503993988,0.10664339363574982,0.1133166253566742,0.12352542579174042,,,,0.0861676520777018,0.09084633478315346,0.09369320323976454,0.08840515552688506,0.09064198767774066,0.10631930590268722,0.11431834589750345,0.1283246413640563,,,
375,Charli D'Amelio,Mark Ballas,Social Media Personality,Connecticut,United States,18,31,1st Place,1,8.0,8.0,8.0,8.0,8.0,8.0,8.0,8.0,8.0,8.0,8.0,9.0,9.0,9.0,9.0,9.0,10.375,10.375,10.375,10.875,10.0,10.0,10.0,10.0,9.5,9.5,10.0,10.0,11.25,11.25,11.25,11.25,10.0,10.0,10.0,10.0,10.0,10.0,10.0,10.0,,,,,,False,True,10,10,10.0,0.08875010907649994,0.09432822465896606,0.09466207027435303,0.09428820759057999,0.0949859470129013,0.10982920974493027,0.11624358594417572,0.11339432746171951,0.15685425698757172,0.23301833868026733,,0.08802507219302905,0.0964367458135801,0.09778455642321672,0.09669448112885506,0.09337652124599626,0.11354959825821315,0.12095793376513145,0.11154492881426227,0.1495826231247748,0.2355487259499191,
376,Teresa Giudice,Pasha Pashkov,TV Personality,New Jersey,United States,50,31,Eliminated Week 2,15,5.0,5.0,5.0,5.0,6.0,5.0,6.0,6.0,,,,,,,,,,,,,,,,,,,,,,,,,,,,,,,,,,,,,2.0,False,False,10,2,2.0,0.006910732947289944,0.006956023629754782,,,,,,,,,,0.006899110924435357,0.00434365904848877,,,,,,,,,
377,Vinny Guadagnino,Koko Iwasaki,TV Personality,New York,United States,34,31,Eliminated Week 8,7,4.0,4.0,5.0,4.0,7.0,6.0,7.0,7.0,6.0,5.0,6.0,6.0,8.0,7.0,7.0,7.0,7.75,7.75,7.75,7.75,7.0,7.0,7.0,7.0,7.5,8.0,8.0,8.0,8.0,7.0,7.0,7.0,,,,,,,,,,,,,8.0,False,False,10,8,8.0,0.12486240267753601,0.11373372375965118,0.12268177419900894,0.11696094274520874,0.12291215360164642,0.15065376460552216,0.14915652573108673,0.1704922318458557,,,,0.1287891191937962,0.11358094165268479,0.11958618559817577,0.12014123816126314,0.12959726717899672,0.14591195147978028,0.15363254506730842,0.16406811007779637,,,
378,Shangela,Gleb Savchenko,TV Personality,Texas,United States,40,31,4th Place,4,7.0,7.0,7.0,7.0,7.0,7.0,7.0,7.0,8.0,7.0,7.0,8.0,8.0,8.0,8.0,8.0,9.75,9.25,9.75,9.75,9.0,9.0,9.0,9.0,9.0,9.5,9.0,9.0,11.25,10.25,10.25,10.25,9.5,9.0,9.0,9.0,9.5,9.5,9.5,9.5,,,,,,False,True,10,10,10.0,0.09685102105140686,0.10249286890029907,0.10154135525226593,0.10247797518968582,0.10209918022155762,0.12062181532382965,0.1248609647154808,0.12310080230236053,0.17654521763324738,0.25770583748817444,,0.09975522815757086,0.10243751573915079,0.10497768443585472,0.10445470810261355,0.10447168820431008,0.11858861893016097,0.12554058553337205,0.12606640602106842,0.1735862024052376,0.2586628435588788,
379,Gabby Windey,Valentin Chmerkovskiy,TV Personality,Illinois,United States,31,31,2nd Place,2,7.0,7.0,7.0,7.0,8.0,8.0,8.0,8.0,8.0,8.0,8.0,9.0,9.0,9.0,9.0,9.0,10.25,10.25,10.25,10.25,9.0,9.0,9.0,10.0,9.0,9.0,8.5,9.0,10.0,10.0,10.0,10.0,10.0,10.0,10.0,10.0,10.0,10.0,10.0,10.0,,,,,,False,True,10,10,10.0,0.1038283035159111,0.10397385060787201,0.10434900224208832,0.10394404083490372,0.10604801774024963,0.12720786035060883,0.13621783256530762,0.13683444261550903,0.17290513217449188,0.2568543553352356,,0.10360874901204048,0.10216887182858357,0.1102315721914252,0.10335646895126686,0.10324516225255245,0.13282488471825535,0.13403651978680198,0.13433529084581208,0.18041675716709846,0.2572249578304825,
380,Jamie Lynn Spears,Alan Bersten,Actor/Actress,Mississippi,United States,32,32,Eliminated Week 2,13,5.0,5.0,5.0,,6.0,5.0,5.0,,,,,,,,,,,,,,,,,,,,,,,,,,,,,,,,,,,,,,2.0,False,False,11,2,2.0,0.01055220142006874,0.010858923196792603,,,,,,,,,,0.009930056355868279,0.007450873998498466,,,,,,,,,
381,Mira Sorvino,Gleb Savchenko,Actor/Actress,New York,United States,55,32,Eliminated Week 5,10,6.0,5.0,6.0,,6.0,6.0,6.0,,6.0,6.0,7.0,7.0,7.0,7.0,7.0,,7.0,8.0,7.0,,,,,,,,,,,,,,,,,,,,,,,,,,5.0,False,False,11,5,5.0,0.011548151262104511,0.011901045218110085,0.012200034223496914,0.012126019224524498,0.012446582317352295,,,,,,,0.011590779936344352,0.01129125098809907,0.013063432683849378,0.013097941219141467,0.0072277182335899835,,,,,,
382,Barry Williams,Peta Murgatroyd,Actor/Actress,California,United States,68,32,Eliminated Week 8,7,6.0,5.0,5.0,,5.0,5.0,5.0,,6.0,6.0,7.0,6.0,6.0,6.0,6.0,,8.0,8.0,8.0,,8.25,7.25,8.25,8.25,8.0,8.0,8.5,8.0,8.75,8.75,8.75,8.75,,,,,,,,,,,,,8.0,False,False,11,8,8.0,0.03537615016102791,0.038214270025491714,0.03711222857236862,0.03890920430421829,0.035482265055179596,0.03856457769870758,0.038642026484012604,0.03899943083524704,,,,0.036404914055778094,0.03599391428752608,0.03719508827042476,0.03674582508161153,0.03710758283469505,0.03900526347520598,0.041069617568402064,0.02489988252466506,,,
383,Alyson Hannigan,Sasha Farber,Actor/Actress,Washington D.C.,United States,49,32,5th Place,5,5.0,4.0,4.0,,7.0,6.0,6.0,,6.0,6.0,6.0,6.0,6.0,6.0,6.0,,7.0,7.0,7.0,,7.5,7.5,7.5,8.5,8.5,8.5,9.5,8.5,8.75,8.75,9.75,8.75,7.75,7.75,8.75,7.75,8.5,8.5,8.5,,9.0,8.5,9.0,,,False,True,11,11,11.0,0.1345546543598175,0.1226934939622879,0.1334448903799057,0.13749399781227112,0.1345941126346588,0.13868649303913116,0.1298181414604187,0.13473521173000336,0.15760399401187897,0.17883242666721344,0.17553383111953735,0.12688884035802614,0.1245835619620734,0.13655968951869715,0.13941641210471206,0.13903634609154072,0.14573411559692478,0.131900915276678,0.13688967796477475,0.1627216874457888,0.1793447199438666,0.17579801034019574
384,Xochitl Gomez,Valentin Chmerkovskiy,Actor/Actress,California,United States,17,32,1st Place,1,6.0,6.0,6.0,,8.0,8.0,8.0,,8.0,8.0,8.0,8.0,9.0,9.0,9.0,,9.0,10.0,9.0,,10.25,10.25,11.25,10.25,9.5,9.0,9.5,9.0,10.0,10.0,10.0,10.0,9.75,9.75,10.75,10.75,10.0,10.0,10.0,,10.0,10.0,10.0,,,False,True,11,11,11.0,0.13774414360523224,0.12605741620063782,0.13420595228672028,0.12862901389598846,0.13202369213104248,0.13224312663078308,0.144356369972229,0.14258921146392822,0.1447533220052719,0.17301948368549347,0.1772734820842743,0.14826759537468326,0.12393525822133256,0.13451972781990876,0.13352751228548532,0.13302821456004538,0.12692796806646667,0.1458387351162123,0.14800373204732653,0.15633117837681246,0.17461474568161495,0.16941890578042812
385,Adrian Peterson,Britt Stewart,Athlete,Texas,United States,38,32,Eliminated Week 4,11,6.0,6.0,6.0,,5.0,5.0,5.0,,5.0,5.0,6.0,6.0,7.0,7.0,7.0,,,,,,,,,,,,,,,,,,,,,,,,,,,,,,4.0,False,False,11,4,4.0,0.011468843556940556,0.013014285825192928,0.013323009945452213,0.0123412124812603,,,,,,,,0.011171341433617964,0.0129702835946481,0.014569628014532756,0.006941106998590132,,,,,,,
386,Matt Walsh,Koko Iwasaki,Comedian,Illinois,United States,58,32,Eliminated Week 1,14,4.0,4.0,4.0,,,,,,,,,,,,,,,,,,,,,,,,,,,,,,,,,,,,,,,,,,1.0,False,False,11,1,1.0,0.005530547816306353,,,,,,,,,,,0.003359190037849573,,,,,,,,,,
387,Tyson Beckford,Jenna Johnson,Model,New York,United States,52,32,Eliminated Week 3,12,4.0,4.0,4.0,,6.0,6.0,6.0,,5.0,5.0,5.0,5.0,,,,,,,,,,,,,,,,,,,,,,,,,,,,,,,,,3.0,False,False,11,3,3.0,0.013920463621616364,0.0126841701567173,0.014452068135142326,,,,,,,,,0.01573068186684834,0.014853801420659842,0.008761308620985418,,,,,,,,
388,Jason Mraz,Daniella Karagach,Singer/Rapper,Virginia,United States,46,32,2nd Place,2,7.0,7.0,7.0,,8.0,8.0,8.0,,9.0,8.0,9.0,8.0,8.0,8.0,8.0,,9.0,9.0,9.0,,9.75,9.75,9.75,9.75,8.5,8.5,10.0,9.0,8.0,9.0,8.0,8.0,10.75,10.75,10.75,10.75,9.5,9.5,9.5,,10.0,10.0,10.0,,,False,True,11,11,11.0,0.1436430811882019,0.14153335988521576,0.14546160399913788,0.15502268075942993,0.1517629623413086,0.15650929510593414,0.16534432768821716,0.18730048835277557,0.154350146651268,0.206159308552742,0.19901500642299652,0.14246894995953044,0.14316772342283465,0.14947804697444803,0.15537413315423296,0.15259791341597612,0.1521462745386046,0.16887063880628192,0.18452679618573958,0.16606810525244436,0.20797184554498416,0.20387103127166165
389,Lele Pons,Brandon Armstrong,Social Media Personality,,Venezuela,27,32,Eliminated Week 7,8,6.0,7.0,6.0,,7.0,7.0,7.0,,7.0,6.0,7.0,7.0,7.0,7.0,8.0,,8.0,8.0,8.0,,9.0,9.0,9.0,10.0,9.5,9.0,9.0,9.0,,,,,,,,,,,,,,,,,7.0,False,False,11,7,7.0,0.03228176385164261,0.032529737800359726,0.03519885241985321,0.0347740575671196,0.03485621139407158,0.034687794744968414,0.03501993417739868,,,,,0.03420254496984283,0.033472330827997526,0.03428688334259779,0.035086980250716604,0.03573216353358807,0.03826590987407237,0.022014739987983055,,,,
390,Harry Jowsey,Rylee Arnold,TV Personality,,Australia,26,32,Eliminated Week 9,6,4.0,4.0,4.0,,5.0,5.0,5.0,,6.0,5.0,7.0,6.0,7.0,7.0,7.0,,6.0,6.0,6.0,,7.25,7.25,7.25,7.25,8.0,8.0,8.0,8.0,7.0,7.0,7.0,7.0,8.0,7.0,8.0,7.0,,,,,,,,,9.0,False,False,11,9,9.0,0.12520501017570496,0.1225646436214447,0.12115585803985596,0.1162654384970665,0.13119609653949738,0.13045144081115723,0.12519916892051697,0.14639711380004883,0.15063273906707764,,,0.12494425065219028,0.1231622409554402,0.11877836771766673,0.11263681990878904,0.13090241595609972,0.13709843881793543,0.13064642176710897,0.1471739069643165,0.10033246161317791,,
391,Mauricio Umansky,Emma Slater,TV Personality,,Mexico,53,32,Eliminated Week 6,9,5.0,5.0,5.0,,4.0,4.0,4.0,,7.0,5.0,6.0,5.0,7.0,6.0,6.0,,8.0,8.0,8.0,,8.5,8.5,7.5,8.5,,,,,,,,,,,,,,,,,,,,,6.0,False,False,11,6,6.0,0.024806836619973183,0.028088506311178207,0.02630111202597618,0.025997344404459,0.024276509881019592,0.02592572569847107,,,,,,0.025777840217077217,0.028485777417622146,0.027282929809953782,0.025128902753802685,0.022734460614570105,0.015294527373173918,,,,,
392,Charity Lawson,Artem Chigvintsev,TV Personality,Georgia,United States,27,32,4th Place,4,7.0,7.0,8.0,,7.0,7.0,7.0,,8.0,8.0,8.0,8.0,8.0,8.0,8.0,,10.0,9.0,9.0,,9.75,9.75,8.75,9.75,9.0,9.0,9.0,9.0,9.75,9.75,9.75,9.75,9.0,10.0,9.0,10.0,10.0,9.5,10.0,,9.5,10.0,10.0,,,False,True,11,11,11.0,0.15726813673973083,0.1706249713897705,0.16906805336475372,0.17393353581428528,0.16630001366138458,0.17874185740947723,0.1855347454547882,0.1836722046136856,0.1969473659992218,0.2223212569952011,0.22767943143844604,0.1523346562273192,0.17043968491268632,0.1676778072831405,0.1729889444874664,0.16309507066368611,0.18038335073360834,0.18523185010087578,0.1881024032107657,0.20562482002018362,0.2216973634255698,0.22998942163499686
393,Ariana Madix,Pasha Pashkov,TV Personality,Florida,United States,38,32,3rd Place,3,7.0,7.0,7.0,,6.0,7.0,7.0,,9.0,8.0,9.0,8.0,8.0,9.0,8.0,,8.0,8.0,8.0,,10.0,10.0,10.0,11.0,9.0,9.0,10.0,9.0,9.75,10.75,10.75,10.75,9.0,9.0,9.0,10.0,9.5,9.5,10.0,,9.5,10.0,10.0,,,False,True,11,11,11.0,0.1561000794172287,0.16923516988754272,0.15807625651359558,0.16450747847557068,0.177061527967453,0.16418977081775665,0.17608529329299927,0.16630636155605316,0.1957124024629593,0.21966755390167236,0.22049826383590698,0.15692835855502416,0.17019329799058164,0.15782708994379457,0.16905542175545166,0.17853811409620882,0.1651441515240078,0.17442708137645804,0.17040360110241196,0.20892174729159346,0.2163713254039638,0.22092263097271705
394,Tori Spelling,Pasha Pashkov,Actor/Actress,California,United States,51,33,Eliminated Week 2,12,6.0,6.0,5.0,,7.0,6.0,6.0,,,,,,,,,,,,,,,,,,,,,,,,,,,,,,,,,,,,,,2.0,False,False,9,2,2.0,0.03603512793779373,0.03520701453089714,,,,,,,,,,0.035442346715760825,0.03392652635478129,,,,,,,,,
395,Eric Roberts,Britt Stewart,Actor/Actress,California,United States,68,33,Eliminated Week 3,10,5.0,5.0,5.0,,6.0,4.0,5.0,,6.5,5.5,5.5,5.5,,,,,,,,,,,,,,,,,,,,,,,,,,,,,,,,,3.0,False,False,9,3,3.0,0.023321297019720078,0.02376571111381054,0.026238923892378807,,,,,,,,,0.024712662999611498,0.024959781839152866,0.02589855092221186,,,,,,,,
396,Reginald VelJohnson,Emma Slater,Actor/Actress,New York,United States,74,33,Eliminated Week 3,10,6.0,5.0,5.0,,6.0,4.0,5.0,,6.0,5.0,5.0,5.0,,,,,,,,,,,,,,,,,,,,,,,,,,,,,,,,,3.0,False,False,9,3,3.0,0.019232524558901787,0.020055551081895828,0.022947493940591812,,,,,,,,,0.017580533840673405,0.018202838337253457,0.019342677068035018,,,,,,,,
397,Chandler Kinney,Brandon Armstrong,Actor/Actress,California,United States,24,33,3rd Place,3,8.0,7.0,8.0,,8.0,8.0,8.0,,8.5,8.5,9.0,8.5,8.0,8.0,8.0,8.0,9.0,9.0,9.0,,10.0,11.0,11.0,,10.0,10.0,10.0,,9.5,9.5,10.0,,10.0,10.0,10.0,,,,,,,,,,,False,True,9,9,9.0,0.12735193967819214,0.12795013189315796,0.14024440944194794,0.16061632335186005,0.15305927395820618,0.14879177510738373,0.15109336376190186,0.1772269904613495,0.17826688289642334,,,0.1271631218905138,0.13178595840660876,0.13782052950238607,0.16522262194347223,0.15531171397411406,0.15071680851898236,0.15285260912674714,0.1730945190026452,0.17457679245543387,,
398,Dwight Howard,Daniella Karagach,Athlete,Georgia,United States,38,33,Eliminated Week 7,6,8.0,7.0,7.0,,8.0,7.0,7.0,,7.0,6.5,6.0,6.5,7.0,8.0,7.0,7.0,8.0,8.0,8.0,,11.0,10.0,10.0,,8.0,8.0,8.0,,,,,,,,,,,,,,,,,,7.0,False,False,9,7,7.0,0.06569017469882965,0.06740359961986542,0.0822884663939476,0.08579478412866592,0.08393493294715881,0.07709820568561554,0.094241201877594,,,,,0.06546907311779634,0.06823044358605866,0.07831357422777165,0.08485130517204696,0.08630499470103388,0.07849148457661805,0.061584209275950555,,,,
399,Danny Amendola,Witney Carson,Athlete,Texas,United States,39,33,5th Place,5,7.0,6.0,7.0,,7.0,7.0,7.0,,7.5,7.5,8.0,7.0,9.0,9.0,9.0,9.0,8.5,8.5,8.5,,10.0,9.0,9.0,,8.5,8.5,8.5,,9.0,9.0,9.0,,9.0,9.5,9.5,,,,,,,,,,,False,True,9,9,9.0,0.13658353686332703,0.13682155311107635,0.1521337777376175,0.14881634712219238,0.15980911254882812,0.16633592545986176,0.17744986712932587,0.19238965213298798,0.1929147094488144,,,0.13364429802388467,0.1336997179334043,0.15126661350911078,0.14429233638546266,0.16409882093075598,0.16835128557019746,0.18714969800542094,0.19943467840318216,0.1916195906600122,,
400,Stephen Nedoroscik,Rylee Arnold,Athlete,Florida,United States,26,33,4th Place,4,7.0,7.0,7.0,,8.0,7.0,7.0,,8.0,8.0,7.5,7.5,8.0,9.0,8.0,8.0,8.0,8.0,8.0,,10.0,9.0,9.0,,9.5,9.0,8.5,,9.0,8.5,9.0,,10.0,9.5,10.0,,,,,,,,,,,False,True,9,9,9.0,0.14853619039058685,0.14894112944602966,0.1662990152835846,0.17548827826976776,0.18549928069114685,0.18508359789848328,0.1872127652168274,0.21847617626190186,0.20247340202331543,,,0.14991195643072844,0.15357068122755593,0.17253051143416348,0.18089605095961298,0.18372571049945027,0.18929252546574055,0.19448096782955657,0.21379935688402932,0.20714081279721935,,
401,Ilona Maher,Alan Bersten,Athlete,California,United States,28,33,2nd Place,2,6.0,6.0,6.0,,7.0,7.0,7.0,,7.5,7.0,7.0,6.5,8.0,8.0,8.0,8.0,9.0,8.5,8.5,,8.0,8.0,8.0,,9.0,8.5,8.5,,9.5,9.5,9.5,,9.5,9.5,9.5,,,,,,,,,,,False,True,9,9,9.0,0.15690599381923676,0.15010501444339752,0.17298418283462524,0.17640255391597748,0.17288748919963837,0.20377032458782196,0.19127561151981354,0.19859983026981354,0.20757868885993958,,,0.1588001584007012,0.14687912903492864,0.17085843196289666,0.17755558488152953,0.17328823295910178,0.20784469194916566,0.20369560081484356,0.19785634014894188,0.20553884920252388,,
402,Anna Delvey,Ezra Sosa,Con artist,,Russia,33,33,Eliminated Week 2,12,6.0,6.0,6.0,,6.0,5.0,6.0,,,,,,,,,,,,,,,,,,,,,,,,,,,,,,,,,,,,,,2.0,False,False,9,2,2.0,0.06118747964501381,0.06393131613731384,,,,,,,,,,0.06067767958722664,0.06223081160046002,,,,,,,,,
403,Brooks Nader,Gleb Savchenko,Model,New York,United States,27,33,Eliminated Week 4,9,6.0,6.0,6.0,,7.0,6.0,7.0,,7.5,7.5,8.0,7.5,8.0,8.0,8.0,8.0,,,,,,,,,,,,,,,,,,,,,,,,,,,,,4.0,False,False,9,4,4.0,0.016776779666543007,0.01640734262764454,0.017688021063804626,0.018860919401049614,,,,,,,,0.016511068181180553,0.016435018788866027,0.016837556199282653,0.012161632070528918,,,,,,,
404,Phaedra Parks,Val Chmerkovskiy,TV Personality,Georgia,United States,51,33,Eliminated Week 5,8,7.0,6.0,6.0,,7.0,7.0,7.0,,7.5,7.5,6.0,7.0,8.0,8.0,8.0,8.0,8.0,8.0,8.0,,,,,,,,,,,,,,,,,,,,,,,,,,5.0,False,False,9,5,5.0,0.011546250432729721,0.011303079314529896,0.013025561347603798,0.013282609172165394,0.013771136291325092,,,,,,,0.011040932520110364,0.010886861793525118,0.013210573578857287,0.014973526134070887,0.008288267034146923,,,,,,
405,Jenn Tran,Sasha Farber,TV Personality,Florida,United States,26,33,Eliminated Week 6,7,7.0,6.0,6.0,,6.0,6.0,7.0,,8.0,8.0,7.0,8.0,8.0,8.0,8.0,8.0,8.5,8.5,8.5,,11.0,10.0,10.0,,,,,,,,,,,,,,,,,,,,,,6.0,False,False,9,6,6.0,0.03634718433022499,0.037185560911893845,0.03886429965496063,0.041811052709817886,0.041562892496585846,0.039821017533540726,,,,,,0.036458510594793866,0.03741594509459135,0.037530528293640154,0.04175572414139778,0.043298554982692285,0.024892171600434762,,,,,
406,Joey Graziadei,Jenna Johnson,TV Personality,Louisiana,United States,29,33,1st Place,1,7.0,7.0,7.0,,8.0,7.0,7.0,,9.0,9.0,8.5,8.5,9.0,9.0,9.0,9.0,8.5,8.5,9.0,,11.0,10.0,11.0,,9.0,9.5,9.0,,9.5,10.0,9.5,,9.5,10.0,10.0,,,,,,,,,,,False,True,9,9,9.0,0.16048549115657806,0.1609230488538742,0.16728585958480835,0.17892712354660034,0.189475879073143,0.1790992170572281,0.19872717559337616,0.21330735087394714,0.21876630187034607,,,0.16258765769701802,0.1617762860028141,0.17639045330164396,0.1782912183118781,0.18568370491870484,0.18041103231886138,0.20023691494748072,0.21581510556120137,0.2211239548848114,,
407,Corey Feldman,Jenna Johnson,Actor/Actress,California,United States,54,34,Eliminated Week 2,13,4.0,5.0,,,5.0,5.0,5.0,,,,,,,,,,,,,,,,,,,,,,,,,,,,,,,,,,,,,,2.0,False,False,11,2,2.0,0.024683265015482903,0.025090688839554787,,,,,,,,,,0.024315077569054287,0.02418787647214641,,,,,,,,,
408,Danielle Fishel,Pasha Pashkov,Actor/Actress,California,United States,44,34,Eliminated Week 8,8,6.0,6.0,,,7.0,6.0,6.0,,7.0,7.0,7.0,,7.0,7.0,7.0,,7.0,7.0,7.0,8.0,9.0,9.0,9.0,9.0,8.5,8.5,8.5,9.5,9.5,9.0,9.5,9.0,,,,,,,,,,,,,8.0,False,False,11,8,8.0,0.030257461592555046,0.03144749253988266,0.032966408878564835,0.0338686965405941,0.035005271434783936,0.03211970999836922,0.03483159840106964,0.03442353010177612,,,,0.03013988663251668,0.03228704103418932,0.02962804004532263,0.03459133205471138,0.03365811348406704,0.03012812953071456,0.035451826255306,0.021953009150595643,,,
409,Elaine Hendrix,Alan Bersten (Rashad Jennings week 9),Actor/Actress,Georgia,United States,55,34,5th Place,5,6.0,6.0,,,7.0,7.0,7.0,,7.0,7.0,7.0,,8.0,8.0,8.0,,8.0,7.0,7.0,8.0,9.0,9.0,9.0,9.0,8.0,8.0,8.0,8.0,9.0,9.5,10.0,9.0,9.0,9.0,9.0,9.0,9.5,9.5,9.5,,9.6666,9.6666,9.6666,,,False,True,11,11,11.0,0.119139164686203,0.11886058747768402,0.12980566918849945,0.1245075985789299,0.13535460829734802,0.126481831073761,0.1443771868944168,0.13427215814590454,0.1478147655725479,0.14668941497802734,0.1615702509880066,0.12172016820665026,0.12090016937715492,0.13167576406526374,0.13217706912028984,0.12992720346492087,0.12441945204005268,0.1523168935995491,0.14133900251123474,0.14597483437835349,0.15568162392148363,0.1657620986961947
410,Baron Davis,Britt Stewart,Athlete,California,United States,46,34,Eliminated Week 2,13,5.0,5.0,,,6.0,6.0,6.0,,,,,,,,,,,,,,,,,,,,,,,,,,,,,,,,,,,,,,2.0,False,False,11,2,2.0,0.029901640489697456,0.029594501480460167,,,,,,,,,,0.028869391933487202,0.026571150596329127,,,,,,,,,
411,Jordan Chiles,Ezra Sosa (Apolo Anton Ohno week 9),Athlete,Texas,United States,24,34,3rd Place,3,5.0,5.0,,,8.0,7.0,7.0,,8.0,8.0,8.0,,8.0,8.0,8.0,,8.0,8.0,8.0,8.0,10.0,9.0,10.0,10.0,10.0,9.0,9.0,10.0,10.0,9.5,10.0,9.5,9.5,10.5,9.5,9.5,9.5,9.5,9.5,,9.6666,10.0,10.0,,,False,True,11,11,11.0,0.15953905880451202,0.14549319446086884,0.1517813354730606,0.15558423101902008,0.16311761736869812,0.15032047033309937,0.16281266510486603,0.1631157249212265,0.17342646420001984,0.18330417573451996,0.19679388403892517,0.15562795299356708,0.14719449302025142,0.1485050698411194,0.15195561649060163,0.16393044627158565,0.15403042398767977,0.16141299033370402,0.1615779612228078,0.1799823144141888,0.18999214814541826,0.19470778374041509
412,Andy Richter,Emma Slater/Kaitlyn Bristowe (week 9),Comedian,California,United States,59,34,Eliminated Week 9,7,5.0,4.0,,,6.0,5.0,5.0,,6.0,6.0,6.0,,6.0,6.0,6.0,,6.0,6.0,6.0,6.0,7.0,6.0,7.0,7.0,7.25,7.25,7.25,7.25,8.0,8.5,9.5,8.0,8.0,7.0,7.0,7.0,,,,,,,,,9.0,False,False,11,9,9.0,0.0559779517352581,0.05574961379170418,0.05873871594667435,0.06049476936459541,0.0639171302318573,0.06225157529115677,0.06436070799827576,0.06073432043194771,0.07253362983465195,,,0.055596593638830794,0.054480008320215635,0.05970384471038273,0.05999516764960504,0.061257234486023104,0.0664574614921597,0.06591374182828352,0.06046056499555407,0.048453306059376706,,
413,Robert Irwin,Witney Carson (Xoshitl Gomez week 9),Conservationist,,Australia,22,34,1st Place,1,8.0,7.0,,,8.0,7.0,7.0,,8.0,7.0,7.0,,7.0,7.0,8.0,,8.0,9.0,9.0,9.0,9.0,9.0,9.0,9.0,10.75,9.75,9.75,10.75,9.0,9.5,10.0,9.5,10.5,10.5,10.5,10.5,10.0,9.5,10.0,,9.6666,10.0,10.0,,,False,True,11,11,11.0,0.14211852848529816,0.1541461944580078,0.16804343461990356,0.17249585688114166,0.1635866016149521,0.16737127304077148,0.16380904614925385,0.17602330446243286,0.17244243621826172,0.1878170669078827,0.2084297090768814,0.14309637084384694,0.155746161883743,0.17107636345309232,0.16938825588469555,0.17397171964891864,0.17284036491720897,0.15944009179466315,0.17837221756540692,0.18303074554093857,0.18945335876577846,0.19934833214868491
414,Hilaria Baldwin,Gleb Savchenko,Entrepreneur,New York,United States,41,34,Eliminated Week 4,11,7.0,7.0,,,7.0,7.0,7.0,,7.0,8.0,7.0,,8.0,7.0,8.0,,,,,,,,,,,,,,,,,,,,,,,,,,,,,,4.0,False,False,11,4,4.0,0.00847978238016367,0.009067564271390438,0.009685270488262177,0.00971689447760582,,,,,,,,0.008974641962851899,0.009520660427784924,0.009842909415254217,0.005984255270508251,,,,,,,
415,Lauren Jauregui,Brandon Armstrong,Singer/Rapper,Florida,United States,29,34,Eliminated Week 3,12,7.0,6.0,,,7.0,7.0,7.0,,6.0,6.0,6.0,,,,,,,,,,,,,,,,,,,,,,,,,,,,,,,,,,3.0,False,False,11,3,3.0,0.008244793862104416,0.008515779860317707,0.009937174618244171,,,,,,,,,0.008403465908490814,0.008989672490692348,0.0055380975291740965,,,,,,,,
416,Scott Hoying,Rylee Arnold,Singer/Rapper,California,United States,34,34,Eliminated Week 6,10,5.0,5.0,,,6.0,6.0,6.0,,8.0,7.0,7.0,,7.0,7.0,7.0,,7.0,8.0,7.0,8.0,7.0,7.0,7.0,7.0,,,,,,,,,,,,,,,,,,,,,6.0,False,False,11,6,6.0,0.012390143238008022,0.012262875214219093,0.012320478446781635,0.012941331602633,0.013135690242052078,0.014028594829142094,,,,,,0.013118044441009882,0.01279541726123298,0.012631420455612679,0.012367057322181619,0.011156998980703419,0.008192464795749668,,,,,
417,Alix Earle,Val Chmerkovskiy (Joey Graziadei week 9),Social media personality,Florida,United States,24,34,2nd Place,2,7.0,6.0,,,7.0,7.0,7.0,,8.0,7.0,8.0,,8.0,8.0,8.0,,8.0,9.0,9.0,9.0,9.0,9.0,8.0,9.0,11.0,11.0,10.0,11.0,9.5,10.0,9.5,9.5,10.0,10.0,10.0,10.0,9.5,10.0,9.5,,10.0,10.0,10.0,,,False,True,11,11,11.0,0.15561485290527344,0.1607295274734497,0.16793225705623627,0.16835226118564606,0.1671498715877533,0.17390324175357819,0.16174188256263733,0.17816299200057983,0.18377403914928436,0.1951008290052414,0.210239976644516,0.15077984022276344,0.15538745871102214,0.16554540125976192,0.17182518376023093,0.16793002454753658,0.17054689971133025,0.16559971826363074,0.18292862301314014,0.1870029953153659,0.20194689011480857,0.21017434578289915
418,Jen Affleck,Jan Ravnik,TV Personality,Utah,United States,26,34,Eliminated Week 7,9,6.0,6.0,,,8.0,7.0,7.0,,7.0,6.0,6.0,,7.0,8.0,8.0,,8.0,7.0,7.0,7.0,8.0,8.0,8.0,8.0,8.5,8.5,8.5,8.5,,,,,,,,,,,,,,,,,7.0,False,False,11,7,7.0,0.019253335893154144,0.018819332122802734,0.02192527800798416,0.020587613806128502,0.022273309528827667,0.021852141246199608,0.02254645526409149,,,,,0.019804789314422398,0.019680529817008345,0.02304381196478068,0.0199808695924316,0.02246446526867519,0.02081529173377655,0.014411988060563707,,,,
419,Whitney Leavitt,Mark Ballas,TV Personality,Utah,United States,32,34,Eliminated Week 10,6,7.0,8.0,,,7.0,7.0,8.0,,8.0,8.0,8.0,,9.0,8.0,8.0,,9.0,8.0,8.0,8.0,10.0,9.0,10.0,10.0,10.25,10.25,10.25,11.25,9.5,10.0,10.0,10.0,10.5,10.5,10.5,10.5,9.0,10.0,10.0,,,,,,10.0,False,False,11,10,10.0,0.05595993250608444,0.060695894062519073,0.06330646574497223,0.06341031938791275,0.0667976662516594,0.06268627196550369,0.06340373307466507,0.06738250702619553,0.06790147721767426,0.07518787682056427,,0.05893429589507767,0.06291582858431234,0.06310075360259874,0.06442713929890044,0.06647913779656726,0.06408611326528599,0.05962197540166164,0.0715475137444587,0.06709207276548726,0.05061791724368546,
420,Dylan Efron,Daniella Karagach (Rumer Willis week 9),TV Personality,California,United States,33,34,4th Place,4,5.0,5.0,,,7.0,6.0,7.0,,7.0,8.0,8.0,,7.0,8.0,8.0,,9.0,9.0,9.0,9.0,8.0,8.0,8.0,8.0,9.75,9.75,8.75,9.75,9.0,9.5,10.0,9.5,10.5,10.5,10.5,10.5,9.0,9.0,9.5,,9.6666,9.6666,10.0,,,False,True,11,11,11.0,0.17844001948833466,0.16952666640281677,0.1735575646162033,0.17804041504859924,0.16966228187084198,0.1889849305152893,0.18211670219898224,0.1858855038881302,0.18210725486278534,0.21190065145492554,0.22296614944934845,0.18061948043743134,0.16934353200391689,0.17970852365763654,0.17730805355584311,0.16922465605100231,0.18848339852604162,0.18583077446263865,0.18182110779680144,0.18846373152628942,0.2123080618088255,0.2300074396318066
