,season,celebrity_name,week,eligible,season_max_week,eligible_next
0,1,Evander Holyfield,1,True,6,True
1,1,Evander Holyfield,2,True,6,True
2,1,Evander Holyfield,3,True,6,False
3,1,Evander Holyfield,4,False,6,False
4,1,Evander Holyfield,5,False,6,False
5,1,Evander Holyfield,6,False,6,
6,1,Joey McIntyre,1,True,6,True
7,1,Joey McIntyre,2,True,6,True
8,1,Joey McIntyre,3,True,6,True
9,1,Joey McIntyre,4,True,6,True
10,1,Joey McIntyre,5,True,6,True
11,1,Joey McIntyre,6,True,6,
12,1,John O'Hurley,1,True,6,True
13,1,John O'Hurley,2,True,6,True
14,1,John O'Hurley,3,True,6,True
15,1,John O'Hurley,4,True,6,True
16,1,John O'Hurley,5,True,6,True
17,1,John O'Hurley,6,True,6,
18,1,Kelly Monaco,1,True,6,True
19,1,Kelly Monaco,2,True,6,True
20,1,Kelly Monaco,3,True,6,True
21,1,Kelly Monaco,4,True,6,True
22,1,Kelly Monaco,5,True,6,True
23,1,Kelly Monaco,6,True,6,
24,1,Rachel Hunter,1,True,6,True
25,1,Rachel Hunter,2,True,6,True
26,1,Rachel Hunter,3,True,6,True
27,1,Rachel Hunter,4,True,6,False
28,1,Rachel Hunter,5,False,6,False
29,1,Rachel Hunter,6,False,6,
30,1,Trista Sutter,1,True,6,True
31,1,Trista Sutter,2,True,6,False
32,1,Trista Sutter,3,False,6,False
33,1,Trista Sutter,4,False,6,False
34,1,Trista Sutter,5,False,6,False
35,1,Trista Sutter,6,False,6,
36,2,Drew Lachey,1,True,8,True
37,2,Drew Lachey,2,True,8,True
38,2,Drew Lachey,3,True,8,True
39,2,Drew Lachey,4,True,8,True
40,2,Drew Lachey,5,True,8,True
41,2,Drew Lachey,6,True,8,True
42,2,Drew Lachey,7,True,8,True
43,2,Drew Lachey,8,True,8,
44,2,George Hamilton,1,True,8,True
45,2,George Hamilton,2,True,8,True
46,2,George Hamilton,3,True,8,True
47,2,George Hamilton,4,True,8,True
48,2,George Hamilton,5,True,8,True
49,2,George Hamilton,6,True,8,False
50,2,George Hamilton,7,False,8,False
51,2,George Hamilton,8,False,8,
52,2,Giselle Fernandez,1,True,8,True
53,2,Giselle Fernandez,2,True,8,True
54,2,Giselle Fernandez,3,True,8,False
55,2,Giselle Fernandez,4,False,8,False
56,2,Giselle Fernandez,5,False,8,False
57,2,Giselle Fernandez,6,False,8,False
58,2,Giselle Fernandez,7,False,8,False
59,2,Giselle Fernandez,8,False,8,
60,2,Jerry Rice,1,True,8,True
61,2,Jerry Rice,2,True,8,True
62,2,Jerry Rice,3,True,8,True
63,2,Jerry Rice,4,True,8,True
64,2,Jerry Rice,5,True,8,True
65,2,Jerry Rice,6,True,8,True
66,2,Jerry Rice,7,True,8,True
67,2,Jerry Rice,8,True,8,
68,2,Kenny Mayne,1,True,8,False
69,2,Kenny Mayne,2,False,8,False
70,2,Kenny Mayne,3,False,8,False
71,2,Kenny Mayne,4,False,8,False
72,2,Kenny Mayne,5,False,8,False
73,2,Kenny Mayne,6,False,8,False
74,2,Kenny Mayne,7,False,8,False
75,2,Kenny Mayne,8,False,8,
76,2,Lisa Rinna,1,True,8,True
77,2,Lisa Rinna,2,True,8,True
78,2,Lisa Rinna,3,True,8,True
79,2,Lisa Rinna,4,True,8,True
80,2,Lisa Rinna,5,True,8,True
81,2,Lisa Rinna,6,True,8,True
82,2,Lisa Rinna,7,True,8,False
83,2,Lisa Rinna,8,False,8,
84,2,Master P,1,True,8,True
85,2,Master P,2,True,8,True
86,2,Master P,3,True,8,True
87,2,Master P,4,True,8,False
88,2,Master P,5,False,8,False
89,2,Master P,6,False,8,False
90,2,Master P,7,False,8,False
91,2,Master P,8,False,8,
92,2,Stacy Keibler,1,True,8,True
93,2,Stacy Keibler,2,True,8,True
94,2,Stacy Keibler,3,True,8,True
95,2,Stacy Keibler,4,True,8,True
96,2,Stacy Keibler,5,True,8,True
97,2,Stacy Keibler,6,True,8,True
98,2,Stacy Keibler,7,True,8,True
99,2,Stacy Keibler,8,True,8,
100,2,Tatum O'Neal,1,True,8,True
101,2,Tatum O'Neal,2,True,8,False
102,2,Tatum O'Neal,3,False,8,False
103,2,Tatum O'Neal,4,False,8,False
104,2,Tatum O'Neal,5,False,8,False
105,2,Tatum O'Neal,6,False,8,False
106,2,Tatum O'Neal,7,False,8,False
107,2,Tatum O'Neal,8,False,8,
108,2,Tia Carrere,1,True,8,True
109,2,Tia Carrere,2,True,8,True
110,2,Tia Carrere,3,True,8,True
111,2,Tia Carrere,4,True,8,True
112,2,Tia Carrere,5,True,8,False
113,2,Tia Carrere,6,False,8,False
114,2,Tia Carrere,7,False,8,False
115,2,Tia Carrere,8,False,8,
116,3,Emmitt Smith,1,True,10,True
117,3,Emmitt Smith,2,True,10,True
118,3,Emmitt Smith,3,True,10,True
119,3,Emmitt Smith,4,True,10,True
120,3,Emmitt Smith,5,True,10,True
121,3,Emmitt Smith,6,True,10,True
122,3,Emmitt Smith,7,True,10,True
123,3,Emmitt Smith,8,True,10,True
124,3,Emmitt Smith,9,True,10,True
125,3,Emmitt Smith,10,True,10,
126,3,Harry Hamlin,1,True,10,True
127,3,Harry Hamlin,2,True,10,True
128,3,Harry Hamlin,3,True,10,False
129,3,Harry Hamlin,4,False,10,False
130,3,Harry Hamlin,5,False,10,False
131,3,Harry Hamlin,6,False,10,False
132,3,Harry Hamlin,7,False,10,False
133,3,Harry Hamlin,8,False,10,False
134,3,Harry Hamlin,9,False,10,False
135,3,Harry Hamlin,10,False,10,
136,3,Jerry Springer,1,True,10,True
137,3,Jerry Springer,2,True,10,True
138,3,Jerry Springer,3,True,10,True
139,3,Jerry Springer,4,True,10,True
140,3,Jerry Springer,5,True,10,True
141,3,Jerry Springer,6,True,10,True
142,3,Jerry Springer,7,True,10,False
143,3,Jerry Springer,8,False,10,False
144,3,Jerry Springer,9,False,10,False
145,3,Jerry Springer,10,False,10,
146,3,Joey Lawrence,1,True,10,True
147,3,Joey Lawrence,2,True,10,True
148,3,Joey Lawrence,3,True,10,True
149,3,Joey Lawrence,4,True,10,True
150,3,Joey Lawrence,5,True,10,True
151,3,Joey Lawrence,6,True,10,True
152,3,Joey Lawrence,7,True,10,True
153,3,Joey Lawrence,8,True,10,True
154,3,Joey Lawrence,9,True,10,True
155,3,Joey Lawrence,10,True,10,
156,3,Mario Lopez,1,True,10,True
157,3,Mario Lopez,2,True,10,True
158,3,Mario Lopez,3,True,10,True
159,3,Mario Lopez,4,True,10,True
160,3,Mario Lopez,5,True,10,True
161,3,Mario Lopez,6,True,10,True
162,3,Mario Lopez,7,True,10,True
163,3,Mario Lopez,8,True,10,True
164,3,Mario Lopez,9,True,10,True
165,3,Mario Lopez,10,True,10,
166,3,Monique Coleman,1,True,10,True
167,3,Monique Coleman,2,True,10,True
168,3,Monique Coleman,3,True,10,True
169,3,Monique Coleman,4,True,10,True
170,3,Monique Coleman,5,True,10,True
171,3,Monique Coleman,6,True,10,True
172,3,Monique Coleman,7,True,10,True
173,3,Monique Coleman,8,True,10,False
174,3,Monique Coleman,9,False,10,False
175,3,Monique Coleman,10,False,10,
176,3,Sara Evans,1,True,10,True
177,3,Sara Evans,2,True,10,True
178,3,Sara Evans,3,True,10,True
179,3,Sara Evans,4,True,10,True
180,3,Sara Evans,5,True,10,False
181,3,Sara Evans,6,False,10,False
182,3,Sara Evans,7,False,10,False
183,3,Sara Evans,8,False,10,False
184,3,Sara Evans,9,False,10,False
185,3,Sara Evans,10,False,10,
186,3,Shanna Moakler,1,True,10,True
187,3,Shanna Moakler,2,True,10,False
188,3,Shanna Moakler,3,False,10,False
189,3,Shanna Moakler,4,False,10,False
190,3,Shanna Moakler,5,False,10,False
191,3,Shanna Moakler,6,False,10,False
192,3,Shanna Moakler,7,False,10,False
193,3,Shanna Moakler,8,False,10,False
194,3,Shanna Moakler,9,False,10,False
195,3,Shanna Moakler,10,False,10,
196,3,Tucker Carlson,1,True,10,False
197,3,Tucker Carlson,2,False,10,False
198,3,Tucker Carlson,3,False,10,False
199,3,Tucker Carlson,4,False,10,False
200,3,Tucker Carlson,5,False,10,False
201,3,Tucker Carlson,6,False,10,False
202,3,Tucker Carlson,7,False,10,False
203,3,Tucker Carlson,8,False,10,False
204,3,Tucker Carlson,9,False,10,False
205,3,Tucker Carlson,10,False,10,
206,3,Vivica A. Fox,1,True,10,True
207,3,Vivica A. Fox,2,True,10,True
208,3,Vivica A. Fox,3,True,10,True
209,3,Vivica A. Fox,4,True,10,False
210,3,Vivica A. Fox,5,False,10,False
211,3,Vivica A. Fox,6,False,10,False
212,3,Vivica A. Fox,7,False,10,False
213,3,Vivica A. Fox,8,False,10,False
214,3,Vivica A. Fox,9,False,10,False
215,3,Vivica A. Fox,10,False,10,
216,3,Willa Ford,1,True,10,True
217,3,Willa Ford,2,True,10,True
218,3,Willa Ford,3,True,10,True
219,3,Willa Ford,4,True,10,True
220,3,Willa Ford,5,True,10,False
221,3,Willa Ford,6,False,10,False
222,3,Willa Ford,7,False,10,False
223,3,Willa Ford,8,False,10,False
224,3,Willa Ford,9,False,10,False
225,3,Willa Ford,10,False,10,
226,4,Apolo Anton Ohno,1,True,10,True
227,4,Apolo Anton Ohno,2,True,10,True
228,4,Apolo Anton Ohno,3,True,10,True
229,4,Apolo Anton Ohno,4,True,10,True
230,4,Apolo Anton Ohno,5,True,10,True
231,4,Apolo Anton Ohno,6,True,10,True
232,4,Apolo Anton Ohno,7,True,10,True
233,4,Apolo Anton Ohno,8,True,10,True
234,4,Apolo Anton Ohno,9,True,10,True
235,4,Apolo Anton Ohno,10,True,10,
236,4,Billy Ray Cyrus,1,True,10,True
237,4,Billy Ray Cyrus,2,True,10,True
238,4,Billy Ray Cyrus,3,True,10,True
239,4,Billy Ray Cyrus,4,True,10,True
240,4,Billy Ray Cyrus,5,True,10,True
241,4,Billy Ray Cyrus,6,True,10,True
242,4,Billy Ray Cyrus,7,True,10,True
243,4,Billy Ray Cyrus,8,True,10,False
244,4,Billy Ray Cyrus,9,False,10,False
245,4,Billy Ray Cyrus,10,False,10,
246,4,Clyde Drexler,1,True,10,True
247,4,Clyde Drexler,2,True,10,True
248,4,Clyde Drexler,3,True,10,True
249,4,Clyde Drexler,4,True,10,True
250,4,Clyde Drexler,5,True,10,False
251,4,Clyde Drexler,6,False,10,False
252,4,Clyde Drexler,7,False,10,False
253,4,Clyde Drexler,8,False,10,False
254,4,Clyde Drexler,9,False,10,False
255,4,Clyde Drexler,10,False,10,
256,4,Heather Mills,1,True,10,True
257,4,Heather Mills,2,True,10,True
258,4,Heather Mills,3,True,10,True
259,4,Heather Mills,4,True,10,True
260,4,Heather Mills,5,True,10,True
261,4,Heather Mills,6,True,10,False
262,4,Heather Mills,7,False,10,False
263,4,Heather Mills,8,False,10,False
264,4,Heather Mills,9,False,10,False
265,4,Heather Mills,10,False,10,
266,4,Ian Ziering,1,True,10,True
267,4,Ian Ziering,2,True,10,True
268,4,Ian Ziering,3,True,10,True
269,4,Ian Ziering,4,True,10,True
270,4,Ian Ziering,5,True,10,True
271,4,Ian Ziering,6,True,10,True
272,4,Ian Ziering,7,True,10,True
273,4,Ian Ziering,8,True,10,True
274,4,Ian Ziering,9,True,10,False
275,4,Ian Ziering,10,False,10,
276,4,Joey Fatone,1,True,10,True
277,4,Joey Fatone,2,True,10,True
278,4,Joey Fatone,3,True,10,True
279,4,Joey Fatone,4,True,10,True
280,4,Joey Fatone,5,True,10,True
281,4,Joey Fatone,6,True,10,True
282,4,Joey Fatone,7,True,10,True
283,4,Joey Fatone,8,True,10,True
284,4,Joey Fatone,9,True,10,True
285,4,Joey Fatone,10,True,10,
286,4,John Ratzenberger,1,True,10,True
287,4,John Ratzenberger,2,True,10,True
288,4,John Ratzenberger,3,True,10,True
289,4,John Ratzenberger,4,True,10,True
290,4,John Ratzenberger,5,True,10,True
291,4,John Ratzenberger,6,True,10,True
292,4,John Ratzenberger,7,True,10,False
293,4,John Ratzenberger,8,False,10,False
294,4,John Ratzenberger,9,False,10,False
295,4,John Ratzenberger,10,False,10,
296,4,Laila Ali,1,True,10,True
297,4,Laila Ali,2,True,10,True
298,4,Laila Ali,3,True,10,True
299,4,Laila Ali,4,True,10,True
300,4,Laila Ali,5,True,10,True
301,4,Laila Ali,6,True,10,True
302,4,Laila Ali,7,True,10,True
303,4,Laila Ali,8,True,10,True
304,4,Laila Ali,9,True,10,True
305,4,Laila Ali,10,True,10,
306,4,Leeza Gibbons,1,True,10,True
307,4,Leeza Gibbons,2,True,10,True
308,4,Leeza Gibbons,3,True,10,True
309,4,Leeza Gibbons,4,True,10,False
310,4,Leeza Gibbons,5,False,10,False
311,4,Leeza Gibbons,6,False,10,False
312,4,Leeza Gibbons,7,False,10,False
313,4,Leeza Gibbons,8,False,10,False
314,4,Leeza Gibbons,9,False,10,False
315,4,Leeza Gibbons,10,False,10,
316,4,Paulina Porizkova,1,True,10,True
317,4,Paulina Porizkova,2,True,10,False
318,4,Paulina Porizkova,3,False,10,False
319,4,Paulina Porizkova,4,False,10,False
320,4,Paulina Porizkova,5,False,10,False
321,4,Paulina Porizkova,6,False,10,False
322,4,Paulina Porizkova,7,False,10,False
323,4,Paulina Porizkova,8,False,10,False
324,4,Paulina Porizkova,9,False,10,False
325,4,Paulina Porizkova,10,False,10,
326,4,Shandi Finnessey,1,True,10,True
327,4,Shandi Finnessey,2,True,10,True
328,4,Shandi Finnessey,3,True,10,False
329,4,Shandi Finnessey,4,False,10,False
330,4,Shandi Finnessey,5,False,10,False
331,4,Shandi Finnessey,6,False,10,False
332,4,Shandi Finnessey,7,False,10,False
333,4,Shandi Finnessey,8,False,10,False
334,4,Shandi Finnessey,9,False,10,False
335,4,Shandi Finnessey,10,False,10,
336,5,Albert Reed,1,True,10,True
337,5,Albert Reed,2,True,10,False
338,5,Albert Reed,3,False,10,False
339,5,Albert Reed,4,False,10,False
340,5,Albert Reed,5,False,10,False
341,5,Albert Reed,6,False,10,False
342,5,Albert Reed,7,False,10,False
343,5,Albert Reed,8,False,10,False
344,5,Albert Reed,9,False,10,False
345,5,Albert Reed,10,False,10,
346,5,Cameron Mathison,1,True,10,True
347,5,Cameron Mathison,2,True,10,True
348,5,Cameron Mathison,3,True,10,True
349,5,Cameron Mathison,4,True,10,True
350,5,Cameron Mathison,5,True,10,True
351,5,Cameron Mathison,6,True,10,True
352,5,Cameron Mathison,7,True,10,True
353,5,Cameron Mathison,8,True,10,False
354,5,Cameron Mathison,9,False,10,False
355,5,Cameron Mathison,10,False,10,
356,5,Floyd Mayweather Jr.,1,True,10,True
357,5,Floyd Mayweather Jr.,2,True,10,True
358,5,Floyd Mayweather Jr.,3,True,10,True
359,5,Floyd Mayweather Jr.,4,True,10,False
360,5,Floyd Mayweather Jr.,5,False,10,False
361,5,Floyd Mayweather Jr.,6,False,10,False
362,5,Floyd Mayweather Jr.,7,False,10,False
363,5,Floyd Mayweather Jr.,8,False,10,False
364,5,Floyd Mayweather Jr.,9,False,10,False
365,5,Floyd Mayweather Jr.,10,False,10,
366,5,Helio Castroneves,1,True,10,True
367,5,Helio Castroneves,2,True,10,True
368,5,Helio Castroneves,3,True,10,True
369,5,Helio Castroneves,4,True,10,True
370,5,Helio Castroneves,5,True,10,True
371,5,Helio Castroneves,6,True,10,True
372,5,Helio Castroneves,7,True,10,True
373,5,Helio Castroneves,8,True,10,True
374,5,Helio Castroneves,9,True,10,True
375,5,Helio Castroneves,10,True,10,
376,5,Jane Seymour,1,True,10,True
377,5,Jane Seymour,2,True,10,True
378,5,Jane Seymour,3,True,10,True
379,5,Jane Seymour,4,True,10,True
380,5,Jane Seymour,5,True,10,True
381,5,Jane Seymour,6,True,10,True
382,5,Jane Seymour,7,True,10,False
383,5,Jane Seymour,8,False,10,False
384,5,Jane Seymour,9,False,10,False
385,5,Jane Seymour,10,False,10,
386,5,Jennie Garth,1,True,10,True
387,5,Jennie Garth,2,True,10,True
388,5,Jennie Garth,3,True,10,True
389,5,Jennie Garth,4,True,10,True
390,5,Jennie Garth,5,True,10,True
391,5,Jennie Garth,6,True,10,True
392,5,Jennie Garth,7,True,10,True
393,5,Jennie Garth,8,True,10,True
394,5,Jennie Garth,9,True,10,False
395,5,Jennie Garth,10,False,10,
396,5,Josie Maran,1,True,10,False
397,5,Josie Maran,2,False,10,False
398,5,Josie Maran,3,False,10,False
399,5,Josie Maran,4,False,10,False
400,5,Josie Maran,5,False,10,False
401,5,Josie Maran,6,False,10,False
402,5,Josie Maran,7,False,10,False
403,5,Josie Maran,8,False,10,False
404,5,Josie Maran,9,False,10,False
405,5,Josie Maran,10,False,10,
406,5,Marie Osmond,1,True,10,True
407,5,Marie Osmond,2,True,10,True
408,5,Marie Osmond,3,True,10,True
409,5,Marie Osmond,4,True,10,True
410,5,Marie Osmond,5,True,10,True
411,5,Marie Osmond,6,True,10,True
412,5,Marie Osmond,7,True,10,True
413,5,Marie Osmond,8,True,10,True
414,5,Marie Osmond,9,True,10,True
415,5,Marie Osmond,10,True,10,
416,5,Mark Cuban,1,True,10,True
417,5,Mark Cuban,2,True,10,True
418,5,Mark Cuban,3,True,10,True
419,5,Mark Cuban,4,True,10,True
420,5,Mark Cuban,5,True,10,False
421,5,Mark Cuban,6,False,10,False
422,5,Mark Cuban,7,False,10,False
423,5,Mark Cuban,8,False,10,False
424,5,Mark Cuban,9,False,10,False
425,5,Mark Cuban,10,False,10,
426,5,Mel B,1,True,10,True
427,5,Mel B,2,True,10,True
428,5,Mel B,3,True,10,True
429,5,Mel B,4,True,10,True
430,5,Mel B,5,True,10,True
431,5,Mel B,6,True,10,True
432,5,Mel B,7,True,10,True
433,5,Mel B,8,True,10,True
434,5,Mel B,9,True,10,True
435,5,Mel B,10,True,10,
436,5,Sabrina Bryan,1,True,10,True
437,5,Sabrina Bryan,2,True,10,True
438,5,Sabrina Bryan,3,True,10,True
439,5,Sabrina Bryan,4,True,10,True
440,5,Sabrina Bryan,5,True,10,True
441,5,Sabrina Bryan,6,True,10,False
442,5,Sabrina Bryan,7,False,10,False
443,5,Sabrina Bryan,8,False,10,False
444,5,Sabrina Bryan,9,False,10,False
445,5,Sabrina Bryan,10,False,10,
446,5,Wayne Newton,1,True,10,True
447,5,Wayne Newton,2,True,10,True
448,5,Wayne Newton,3,True,10,False
449,5,Wayne Newton,4,False,10,False
450,5,Wayne Newton,5,False,10,False
451,5,Wayne Newton,6,False,10,False
452,5,Wayne Newton,7,False,10,False
453,5,Wayne Newton,8,False,10,False
454,5,Wayne Newton,9,False,10,False
455,5,Wayne Newton,10,False,10,
456,6,Adam Carolla,1,True,10,True
457,6,Adam Carolla,2,True,10,True
458,6,Adam Carolla,3,True,10,True
459,6,Adam Carolla,4,True,10,False
460,6,Adam Carolla,5,False,10,False
461,6,Adam Carolla,6,False,10,False
462,6,Adam Carolla,7,False,10,False
463,6,Adam Carolla,8,False,10,False
464,6,Adam Carolla,9,False,10,False
465,6,Adam Carolla,10,False,10,
466,6,Cristian de la Fuente,1,True,10,True
467,6,Cristian de la Fuente,2,True,10,True
468,6,Cristian de la Fuente,3,True,10,True
469,6,Cristian de la Fuente,4,True,10,True
470,6,Cristian de la Fuente,5,True,10,True
471,6,Cristian de la Fuente,6,True,10,True
472,6,Cristian de la Fuente,7,True,10,True
473,6,Cristian de la Fuente,8,True,10,True
474,6,Cristian de la Fuente,9,True,10,True
475,6,Cristian de la Fuente,10,True,10,
476,6,Jason Taylor,1,True,10,True
477,6,Jason Taylor,2,True,10,True
478,6,Jason Taylor,3,True,10,True
479,6,Jason Taylor,4,True,10,True
480,6,Jason Taylor,5,True,10,True
481,6,Jason Taylor,6,True,10,True
482,6,Jason Taylor,7,True,10,True
483,6,Jason Taylor,8,True,10,True
484,6,Jason Taylor,9,True,10,True
485,6,Jason Taylor,10,True,10,
486,6,Kristi Yamaguchi,1,True,10,True
487,6,Kristi Yamaguchi,2,True,10,True
488,6,Kristi Yamaguchi,3,True,10,True
489,6,Kristi Yamaguchi,4,True,10,True
490,6,Kristi Yamaguchi,5,True,10,True
491,6,Kristi Yamaguchi,6,True,10,True
492,6,Kristi Yamaguchi,7,True,10,True
493,6,Kristi Yamaguchi,8,True,10,True
494,6,Kristi Yamaguchi,9,True,10,True
495,6,Kristi Yamaguchi,10,True,10,
496,6,Mario,1,True,10,True
497,6,Mario,2,True,10,True
498,6,Mario,3,True,10,True
499,6,Mario,4,True,10,True
500,6,Mario,5,True,10,True
501,6,Mario,6,True,10,True
502,6,Mario,7,True,10,True
503,6,Mario,8,True,10,False
504,6,Mario,9,False,10,False
505,6,Mario,10,False,10,
506,6,Marissa Jaret Winokur,1,True,10,True
507,6,Marissa Jaret Winokur,2,True,10,True
508,6,Marissa Jaret Winokur,3,True,10,True
509,6,Marissa Jaret Winokur,4,True,10,True
510,6,Marissa Jaret Winokur,5,True,10,True
511,6,Marissa Jaret Winokur,6,True,10,True
512,6,Marissa Jaret Winokur,7,True,10,True
513,6,Marissa Jaret Winokur,8,True,10,True
514,6,Marissa Jaret Winokur,9,True,10,False
515,6,Marissa Jaret Winokur,10,False,10,
516,6,Marlee Matlin,1,True,10,True
517,6,Marlee Matlin,2,True,10,True
518,6,Marlee Matlin,3,True,10,True
519,6,Marlee Matlin,4,True,10,True
520,6,Marlee Matlin,5,True,10,True
521,6,Marlee Matlin,6,True,10,False
522,6,Marlee Matlin,7,False,10,False
523,6,Marlee Matlin,8,False,10,False
524,6,Marlee Matlin,9,False,10,False
525,6,Marlee Matlin,10,False,10,
526,6,Monica Seles,1,True,10,True
527,6,Monica Seles,2,True,10,False
528,6,Monica Seles,3,False,10,False
529,6,Monica Seles,4,False,10,False
530,6,Monica Seles,5,False,10,False
531,6,Monica Seles,6,False,10,False
532,6,Monica Seles,7,False,10,False
533,6,Monica Seles,8,False,10,False
534,6,Monica Seles,9,False,10,False
535,6,Monica Seles,10,False,10,
536,6,Penn Jillette,1,True,10,True
537,6,Penn Jillette,2,True,10,False
538,6,Penn Jillette,3,False,10,False
539,6,Penn Jillette,4,False,10,False
540,6,Penn Jillette,5,False,10,False
541,6,Penn Jillette,6,False,10,False
542,6,Penn Jillette,7,False,10,False
543,6,Penn Jillette,8,False,10,False
544,6,Penn Jillette,9,False,10,False
545,6,Penn Jillette,10,False,10,
546,6,Priscilla Presley,1,True,10,True
547,6,Priscilla Presley,2,True,10,True
548,6,Priscilla Presley,3,True,10,True
549,6,Priscilla Presley,4,True,10,True
550,6,Priscilla Presley,5,True,10,False
551,6,Priscilla Presley,6,False,10,False
552,6,Priscilla Presley,7,False,10,False
553,6,Priscilla Presley,8,False,10,False
554,6,Priscilla Presley,9,False,10,False
555,6,Priscilla Presley,10,False,10,
556,6,Shannon Elizabeth,1,True,10,True
557,6,Shannon Elizabeth,2,True,10,True
558,6,Shannon Elizabeth,3,True,10,True
559,6,Shannon Elizabeth,4,True,10,True
560,6,Shannon Elizabeth,5,True,10,True
561,6,Shannon Elizabeth,6,True,10,True
562,6,Shannon Elizabeth,7,True,10,False
563,6,Shannon Elizabeth,8,False,10,False
564,6,Shannon Elizabeth,9,False,10,False
565,6,Shannon Elizabeth,10,False,10,
566,6,Steve Guttenberg,1,True,10,True
567,6,Steve Guttenberg,2,True,10,True
568,6,Steve Guttenberg,3,True,10,False
569,6,Steve Guttenberg,4,False,10,False
570,6,Steve Guttenberg,5,False,10,False
571,6,Steve Guttenberg,6,False,10,False
572,6,Steve Guttenberg,7,False,10,False
573,6,Steve Guttenberg,8,False,10,False
574,6,Steve Guttenberg,9,False,10,False
575,6,Steve Guttenberg,10,False,10,
576,7,Brooke Burke,1,True,10,True
577,7,Brooke Burke,2,True,10,True
578,7,Brooke Burke,3,True,10,True
579,7,Brooke Burke,4,True,10,True
580,7,Brooke Burke,5,True,10,True
581,7,Brooke Burke,6,True,10,True
582,7,Brooke Burke,7,True,10,True
583,7,Brooke Burke,8,True,10,True
584,7,Brooke Burke,9,True,10,True
585,7,Brooke Burke,10,True,10,
586,7,Cloris Leachman,1,True,10,True
587,7,Cloris Leachman,2,True,10,True
588,7,Cloris Leachman,3,True,10,True
589,7,Cloris Leachman,4,True,10,True
590,7,Cloris Leachman,5,True,10,True
591,7,Cloris Leachman,6,True,10,False
592,7,Cloris Leachman,7,False,10,False
593,7,Cloris Leachman,8,False,10,False
594,7,Cloris Leachman,9,False,10,False
595,7,Cloris Leachman,10,False,10,
596,7,Cody Linley,1,True,10,True
597,7,Cody Linley,2,True,10,True
598,7,Cody Linley,3,True,10,True
599,7,Cody Linley,4,True,10,True
600,7,Cody Linley,5,True,10,True
601,7,Cody Linley,6,True,10,True
602,7,Cody Linley,7,True,10,True
603,7,Cody Linley,8,True,10,True
604,7,Cody Linley,9,True,10,False
605,7,Cody Linley,10,False,10,
606,7,Jeffrey Ross,1,True,10,False
607,7,Jeffrey Ross,2,False,10,False
608,7,Jeffrey Ross,3,False,10,False
609,7,Jeffrey Ross,4,False,10,False
610,7,Jeffrey Ross,5,False,10,False
611,7,Jeffrey Ross,6,False,10,False
612,7,Jeffrey Ross,7,False,10,False
613,7,Jeffrey Ross,8,False,10,False
614,7,Jeffrey Ross,9,False,10,False
615,7,Jeffrey Ross,10,False,10,
616,7,Kim Kardashian,1,True,10,True
617,7,Kim Kardashian,2,True,10,False
618,7,Kim Kardashian,3,False,10,False
619,7,Kim Kardashian,4,False,10,False
620,7,Kim Kardashian,5,False,10,False
621,7,Kim Kardashian,6,False,10,False
622,7,Kim Kardashian,7,False,10,False
623,7,Kim Kardashian,8,False,10,False
624,7,Kim Kardashian,9,False,10,False
625,7,Kim Kardashian,10,False,10,
626,7,Lance Bass,1,True,10,True
627,7,Lance Bass,2,True,10,True
628,7,Lance Bass,3,True,10,True
629,7,Lance Bass,4,True,10,True
630,7,Lance Bass,5,True,10,True
631,7,Lance Bass,6,True,10,True
632,7,Lance Bass,7,True,10,True
633,7,Lance Bass,8,True,10,True
634,7,Lance Bass,9,True,10,True
635,7,Lance Bass,10,True,10,
636,7,Maurice Greene,1,True,10,True
637,7,Maurice Greene,2,True,10,True
638,7,Maurice Greene,3,True,10,True
639,7,Maurice Greene,4,True,10,True
640,7,Maurice Greene,5,True,10,True
641,7,Maurice Greene,6,True,10,True
642,7,Maurice Greene,7,True,10,True
643,7,Maurice Greene,8,True,10,False
644,7,Maurice Greene,9,False,10,False
645,7,Maurice Greene,10,False,10,
646,7,Misty May-Treanor,1,True,10,True
647,7,Misty May-Treanor,2,True,10,False
648,7,Misty May-Treanor,3,False,10,False
649,7,Misty May-Treanor,4,False,10,False
650,7,Misty May-Treanor,5,False,10,False
651,7,Misty May-Treanor,6,False,10,False
652,7,Misty May-Treanor,7,False,10,False
653,7,Misty May-Treanor,8,False,10,False
654,7,Misty May-Treanor,9,False,10,False
655,7,Misty May-Treanor,10,False,10,
656,7,Rocco DiSpirito,1,True,10,True
657,7,Rocco DiSpirito,2,True,10,True
658,7,Rocco DiSpirito,3,True,10,True
659,7,Rocco DiSpirito,4,True,10,False
660,7,Rocco DiSpirito,5,False,10,False
661,7,Rocco DiSpirito,6,False,10,False
662,7,Rocco DiSpirito,7,False,10,False
663,7,Rocco DiSpirito,8,False,10,False
664,7,Rocco DiSpirito,9,False,10,False
665,7,Rocco DiSpirito,10,False,10,
666,7,Susan Lucci,1,True,10,True
667,7,Susan Lucci,2,True,10,True
668,7,Susan Lucci,3,True,10,True
669,7,Susan Lucci,4,True,10,True
670,7,Susan Lucci,5,True,10,True
671,7,Susan Lucci,6,True,10,True
672,7,Susan Lucci,7,True,10,False
673,7,Susan Lucci,8,False,10,False
674,7,Susan Lucci,9,False,10,False
675,7,Susan Lucci,10,False,10,
676,7,Ted McGinley,1,True,10,False
677,7,Ted McGinley,2,False,10,False
678,7,Ted McGinley,3,False,10,False
679,7,Ted McGinley,4,False,10,False
680,7,Ted McGinley,5,False,10,False
681,7,Ted McGinley,6,False,10,False
682,7,Ted McGinley,7,False,10,False
683,7,Ted McGinley,8,False,10,False
684,7,Ted McGinley,9,False,10,False
685,7,Ted McGinley,10,False,10,
686,7,Toni Braxton,1,True,10,True
687,7,Toni Braxton,2,True,10,True
688,7,Toni Braxton,3,True,10,True
689,7,Toni Braxton,4,True,10,True
690,7,Toni Braxton,5,True,10,False
691,7,Toni Braxton,6,False,10,False
692,7,Toni Braxton,7,False,10,False
693,7,Toni Braxton,8,False,10,False
694,7,Toni Braxton,9,False,10,False
695,7,Toni Braxton,10,False,10,
696,7,Warren Sapp,1,True,10,True
697,7,Warren Sapp,2,True,10,True
698,7,Warren Sapp,3,True,10,True
699,7,Warren Sapp,4,True,10,True
700,7,Warren Sapp,5,True,10,True
701,7,Warren Sapp,6,True,10,True
702,7,Warren Sapp,7,True,10,True
703,7,Warren Sapp,8,True,10,True
704,7,Warren Sapp,9,True,10,True
705,7,Warren Sapp,10,True,10,
706,8,Belinda Carlisle,1,True,11,True
707,8,Belinda Carlisle,2,True,11,False
708,8,Belinda Carlisle,3,False,11,False
709,8,Belinda Carlisle,4,False,11,False
710,8,Belinda Carlisle,5,False,11,False
711,8,Belinda Carlisle,6,False,11,False
712,8,Belinda Carlisle,7,False,11,False
713,8,Belinda Carlisle,8,False,11,False
714,8,Belinda Carlisle,9,False,11,False
715,8,Belinda Carlisle,10,False,11,False
716,8,Belinda Carlisle,11,False,11,
717,8,Chuck Wicks,1,True,11,True
718,8,Chuck Wicks,2,True,11,True
719,8,Chuck Wicks,3,True,11,True
720,8,Chuck Wicks,4,True,11,True
721,8,Chuck Wicks,5,True,11,True
722,8,Chuck Wicks,6,True,11,True
723,8,Chuck Wicks,7,True,11,True
724,8,Chuck Wicks,8,True,11,False
725,8,Chuck Wicks,9,False,11,False
726,8,Chuck Wicks,10,False,11,False
727,8,Chuck Wicks,11,False,11,
728,8,David Alan Grier,1,True,11,True
729,8,David Alan Grier,2,True,11,True
730,8,David Alan Grier,3,True,11,True
731,8,David Alan Grier,4,True,11,True
732,8,David Alan Grier,5,True,11,False
733,8,David Alan Grier,6,False,11,False
734,8,David Alan Grier,7,False,11,False
735,8,David Alan Grier,8,False,11,False
736,8,David Alan Grier,9,False,11,False
737,8,David Alan Grier,10,False,11,False
738,8,David Alan Grier,11,False,11,
739,8,Denise Richards,1,True,11,True
740,8,Denise Richards,2,True,11,True
741,8,Denise Richards,3,True,11,False
742,8,Denise Richards,4,False,11,False
743,8,Denise Richards,5,False,11,False
744,8,Denise Richards,6,False,11,False
745,8,Denise Richards,7,False,11,False
746,8,Denise Richards,8,False,11,False
747,8,Denise Richards,9,False,11,False
748,8,Denise Richards,10,False,11,False
749,8,Denise Richards,11,False,11,
750,8,Gilles Marini,1,True,11,True
751,8,Gilles Marini,2,True,11,True
752,8,Gilles Marini,3,True,11,True
753,8,Gilles Marini,4,True,11,True
754,8,Gilles Marini,5,True,11,True
755,8,Gilles Marini,6,True,11,True
756,8,Gilles Marini,7,True,11,True
757,8,Gilles Marini,8,True,11,True
758,8,Gilles Marini,9,True,11,True
759,8,Gilles Marini,10,True,11,True
760,8,Gilles Marini,11,True,11,
761,8,Holly Madison,1,True,11,True
762,8,Holly Madison,2,True,11,True
763,8,Holly Madison,3,True,11,True
764,8,Holly Madison,4,True,11,False
765,8,Holly Madison,5,False,11,False
766,8,Holly Madison,6,False,11,False
767,8,Holly Madison,7,False,11,False
768,8,Holly Madison,8,False,11,False
769,8,Holly Madison,9,False,11,False
770,8,Holly Madison,10,False,11,False
771,8,Holly Madison,11,False,11,
772,8,Lawrence Taylor,1,True,11,True
773,8,Lawrence Taylor,2,True,11,True
774,8,Lawrence Taylor,3,True,11,True
775,8,Lawrence Taylor,4,True,11,True
776,8,Lawrence Taylor,5,True,11,True
777,8,Lawrence Taylor,6,True,11,True
778,8,Lawrence Taylor,7,True,11,False
779,8,Lawrence Taylor,8,False,11,False
780,8,Lawrence Taylor,9,False,11,False
781,8,Lawrence Taylor,10,False,11,False
782,8,Lawrence Taylor,11,False,11,
783,8,Lil' Kim,1,True,11,True
784,8,Lil' Kim,2,True,11,True
785,8,Lil' Kim,3,True,11,True
786,8,Lil' Kim,4,True,11,True
787,8,Lil' Kim,5,True,11,True
788,8,Lil' Kim,6,True,11,True
789,8,Lil' Kim,7,True,11,True
790,8,Lil' Kim,8,True,11,True
791,8,Lil' Kim,9,True,11,False
792,8,Lil' Kim,10,False,11,False
793,8,Lil' Kim,11,False,11,
794,8,Melissa Rycroft,1,True,11,True
795,8,Melissa Rycroft,2,True,11,True
796,8,Melissa Rycroft,3,True,11,True
797,8,Melissa Rycroft,4,True,11,True
798,8,Melissa Rycroft,5,True,11,True
799,8,Melissa Rycroft,6,True,11,True
800,8,Melissa Rycroft,7,True,11,True
801,8,Melissa Rycroft,8,True,11,True
802,8,Melissa Rycroft,9,True,11,True
803,8,Melissa Rycroft,10,True,11,True
804,8,Melissa Rycroft,11,True,11,
805,8,Shawn Johnson,1,True,11,True
806,8,Shawn Johnson,2,True,11,True
807,8,Shawn Johnson,3,True,11,True
808,8,Shawn Johnson,4,True,11,True
809,8,Shawn Johnson,5,True,11,True
810,8,Shawn Johnson,6,True,11,True
811,8,Shawn Johnson,7,True,11,True
812,8,Shawn Johnson,8,True,11,True
813,8,Shawn Johnson,9,True,11,True
814,8,Shawn Johnson,10,True,11,True
815,8,Shawn Johnson,11,True,11,
816,8,Steve Wozniak,1,True,11,True
817,8,Steve Wozniak,2,True,11,True
818,8,Steve Wozniak,3,True,11,True
819,8,Steve Wozniak,4,True,11,False
820,8,Steve Wozniak,5,False,11,False
821,8,Steve Wozniak,6,False,11,False
822,8,Steve Wozniak,7,False,11,False
823,8,Steve Wozniak,8,False,11,False
824,8,Steve Wozniak,9,False,11,False
825,8,Steve Wozniak,10,False,11,False
826,8,Steve Wozniak,11,False,11,
827,8,Steve-O,1,True,11,True
828,8,Steve-O,2,True,11,True
829,8,Steve-O,3,True,11,True
830,8,Steve-O,4,True,11,True
831,8,Steve-O,5,True,11,True
832,8,Steve-O,6,True,11,False
833,8,Steve-O,7,False,11,False
834,8,Steve-O,8,False,11,False
835,8,Steve-O,9,False,11,False
836,8,Steve-O,10,False,11,False
837,8,Steve-O,11,False,11,
838,8,Ty Murray,1,True,11,True
839,8,Ty Murray,2,True,11,True
840,8,Ty Murray,3,True,11,True
841,8,Ty Murray,4,True,11,True
842,8,Ty Murray,5,True,11,True
843,8,Ty Murray,6,True,11,True
844,8,Ty Murray,7,True,11,True
845,8,Ty Murray,8,True,11,True
846,8,Ty Murray,9,True,11,True
847,8,Ty Murray,10,True,11,False
848,8,Ty Murray,11,False,11,
849,9,Aaron Carter,1,True,10,True
850,9,Aaron Carter,2,True,10,True
851,9,Aaron Carter,3,True,10,True
852,9,Aaron Carter,4,True,10,True
853,9,Aaron Carter,5,True,10,True
854,9,Aaron Carter,6,True,10,True
855,9,Aaron Carter,7,True,10,True
856,9,Aaron Carter,8,True,10,False
857,9,Aaron Carter,9,False,10,False
858,9,Aaron Carter,10,False,10,
859,9,Ashley Hamiliton,1,True,10,False
860,9,Ashley Hamiliton,2,False,10,False
861,9,Ashley Hamiliton,3,False,10,False
862,9,Ashley Hamiliton,4,False,10,False
863,9,Ashley Hamiliton,5,False,10,False
864,9,Ashley Hamiliton,6,False,10,False
865,9,Ashley Hamiliton,7,False,10,False
866,9,Ashley Hamiliton,8,False,10,False
867,9,Ashley Hamiliton,9,False,10,False
868,9,Ashley Hamiliton,10,False,10,
869,9,Chuck Liddell,1,True,10,True
870,9,Chuck Liddell,2,True,10,True
871,9,Chuck Liddell,3,True,10,True
872,9,Chuck Liddell,4,True,10,False
873,9,Chuck Liddell,5,False,10,False
874,9,Chuck Liddell,6,False,10,False
875,9,Chuck Liddell,7,False,10,False
876,9,Chuck Liddell,8,False,10,False
877,9,Chuck Liddell,9,False,10,False
878,9,Chuck Liddell,10,False,10,
879,9,Debi Mazar,1,True,10,True
880,9,Debi Mazar,2,True,10,True
881,9,Debi Mazar,3,True,10,False
882,9,Debi Mazar,4,False,10,False
883,9,Debi Mazar,5,False,10,False
884,9,Debi Mazar,6,False,10,False
885,9,Debi Mazar,7,False,10,False
886,9,Debi Mazar,8,False,10,False
887,9,Debi Mazar,9,False,10,False
888,9,Debi Mazar,10,False,10,
889,9,Donny Osmond,1,True,10,True
890,9,Donny Osmond,2,True,10,True
891,9,Donny Osmond,3,True,10,True
892,9,Donny Osmond,4,True,10,True
893,9,Donny Osmond,5,True,10,True
894,9,Donny Osmond,6,True,10,True
895,9,Donny Osmond,7,True,10,True
896,9,Donny Osmond,8,True,10,True
897,9,Donny Osmond,9,True,10,True
898,9,Donny Osmond,10,True,10,
899,9,Joanna Krupa,1,True,10,True
900,9,Joanna Krupa,2,True,10,True
901,9,Joanna Krupa,3,True,10,True
902,9,Joanna Krupa,4,True,10,True
903,9,Joanna Krupa,5,True,10,True
904,9,Joanna Krupa,6,True,10,True
905,9,Joanna Krupa,7,True,10,True
906,9,Joanna Krupa,8,True,10,True
907,9,Joanna Krupa,9,True,10,False
908,9,Joanna Krupa,10,False,10,
909,9,Kathy Ireland,1,True,10,True
910,9,Kathy Ireland,2,True,10,False
911,9,Kathy Ireland,3,False,10,False
912,9,Kathy Ireland,4,False,10,False
913,9,Kathy Ireland,5,False,10,False
914,9,Kathy Ireland,6,False,10,False
915,9,Kathy Ireland,7,False,10,False
916,9,Kathy Ireland,8,False,10,False
917,9,Kathy Ireland,9,False,10,False
918,9,Kathy Ireland,10,False,10,
919,9,Kelly Osbourne,1,True,10,True
920,9,Kelly Osbourne,2,True,10,True
921,9,Kelly Osbourne,3,True,10,True
922,9,Kelly Osbourne,4,True,10,True
923,9,Kelly Osbourne,5,True,10,True
924,9,Kelly Osbourne,6,True,10,True
925,9,Kelly Osbourne,7,True,10,True
926,9,Kelly Osbourne,8,True,10,True
927,9,Kelly Osbourne,9,True,10,True
928,9,Kelly Osbourne,10,True,10,
929,9,Louie Vito,1,True,10,True
930,9,Louie Vito,2,True,10,True
931,9,Louie Vito,3,True,10,True
932,9,Louie Vito,4,True,10,True
933,9,Louie Vito,5,True,10,True
934,9,Louie Vito,6,True,10,False
935,9,Louie Vito,7,False,10,False
936,9,Louie Vito,8,False,10,False
937,9,Louie Vito,9,False,10,False
938,9,Louie Vito,10,False,10,
939,9,Macy Gray,1,True,10,False
940,9,Macy Gray,2,False,10,False
941,9,Macy Gray,3,False,10,False
942,9,Macy Gray,4,False,10,False
943,9,Macy Gray,5,False,10,False
944,9,Macy Gray,6,False,10,False
945,9,Macy Gray,7,False,10,False
946,9,Macy Gray,8,False,10,False
947,9,Macy Gray,9,False,10,False
948,9,Macy Gray,10,False,10,
949,9,Mark Dacascos,1,True,10,True
950,9,Mark Dacascos,2,True,10,True
951,9,Mark Dacascos,3,True,10,True
952,9,Mark Dacascos,4,True,10,True
953,9,Mark Dacascos,5,True,10,True
954,9,Mark Dacascos,6,True,10,True
955,9,Mark Dacascos,7,True,10,False
956,9,Mark Dacascos,8,False,10,False
957,9,Mark Dacascos,9,False,10,False
958,9,Mark Dacascos,10,False,10,
959,9,Melissa Joan Hart,1,True,10,True
960,9,Melissa Joan Hart,2,True,10,True
961,9,Melissa Joan Hart,3,True,10,True
962,9,Melissa Joan Hart,4,True,10,True
963,9,Melissa Joan Hart,5,True,10,True
964,9,Melissa Joan Hart,6,True,10,False
965,9,Melissa Joan Hart,7,False,10,False
966,9,Melissa Joan Hart,8,False,10,False
967,9,Melissa Joan Hart,9,False,10,False
968,9,Melissa Joan Hart,10,False,10,
969,9,Michael Irvin,1,True,10,True
970,9,Michael Irvin,2,True,10,True
971,9,Michael Irvin,3,True,10,True
972,9,Michael Irvin,4,True,10,True
973,9,Michael Irvin,5,True,10,True
974,9,Michael Irvin,6,True,10,True
975,9,Michael Irvin,7,True,10,False
976,9,Michael Irvin,8,False,10,False
977,9,Michael Irvin,9,False,10,False
978,9,Michael Irvin,10,False,10,
979,9,Mya,1,True,10,True
980,9,Mya,2,True,10,True
981,9,Mya,3,True,10,True
982,9,Mya,4,True,10,True
983,9,Mya,5,True,10,True
984,9,Mya,6,True,10,True
985,9,Mya,7,True,10,True
986,9,Mya,8,True,10,True
987,9,Mya,9,True,10,True
988,9,Mya,10,True,10,
989,9,Natalie Coughlin,1,True,10,True
990,9,Natalie Coughlin,2,True,10,True
991,9,Natalie Coughlin,3,True,10,True
992,9,Natalie Coughlin,4,True,10,True
993,9,Natalie Coughlin,5,True,10,False
994,9,Natalie Coughlin,6,False,10,False
995,9,Natalie Coughlin,7,False,10,False
996,9,Natalie Coughlin,8,False,10,False
997,9,Natalie Coughlin,9,False,10,False
998,9,Natalie Coughlin,10,False,10,
999,9,Tom DeLay,1,True,10,True
1000,9,Tom DeLay,2,True,10,True
1001,9,Tom DeLay,3,True,10,False
1002,9,Tom DeLay,4,False,10,False
1003,9,Tom DeLay,5,False,10,False
1004,9,Tom DeLay,6,False,10,False
1005,9,Tom DeLay,7,False,10,False
1006,9,Tom DeLay,8,False,10,False
1007,9,Tom DeLay,9,False,10,False
1008,9,Tom DeLay,10,False,10,
1009,10,Aiden Turner,1,True,10,True
1010,10,Aiden Turner,2,True,10,True
1011,10,Aiden Turner,3,True,10,True
1012,10,Aiden Turner,4,True,10,False
1013,10,Aiden Turner,5,False,10,False
1014,10,Aiden Turner,6,False,10,False
1015,10,Aiden Turner,7,False,10,False
1016,10,Aiden Turner,8,False,10,False
1017,10,Aiden Turner,9,False,10,False
1018,10,Aiden Turner,10,False,10,
1019,10,Buzz Aldrin,1,True,10,True
1020,10,Buzz Aldrin,2,True,10,True
1021,10,Buzz Aldrin,3,True,10,False
1022,10,Buzz Aldrin,4,False,10,False
1023,10,Buzz Aldrin,5,False,10,False
1024,10,Buzz Aldrin,6,False,10,False
1025,10,Buzz Aldrin,7,False,10,False
1026,10,Buzz Aldrin,8,False,10,False
1027,10,Buzz Aldrin,9,False,10,False
1028,10,Buzz Aldrin,10,False,10,
1029,10,Chad Ochocinco,1,True,10,True
1030,10,Chad Ochocinco,2,True,10,True
1031,10,Chad Ochocinco,3,True,10,True
1032,10,Chad Ochocinco,4,True,10,True
1033,10,Chad Ochocinco,5,True,10,True
1034,10,Chad Ochocinco,6,True,10,True
1035,10,Chad Ochocinco,7,True,10,True
1036,10,Chad Ochocinco,8,True,10,True
1037,10,Chad Ochocinco,9,True,10,False
1038,10,Chad Ochocinco,10,False,10,
1039,10,Erin Andrews,1,True,10,True
1040,10,Erin Andrews,2,True,10,True
1041,10,Erin Andrews,3,True,10,True
1042,10,Erin Andrews,4,True,10,True
1043,10,Erin Andrews,5,True,10,True
1044,10,Erin Andrews,6,True,10,True
1045,10,Erin Andrews,7,True,10,True
1046,10,Erin Andrews,8,True,10,True
1047,10,Erin Andrews,9,True,10,True
1048,10,Erin Andrews,10,True,10,
1049,10,Evan Lysacek,1,True,10,True
1050,10,Evan Lysacek,2,True,10,True
1051,10,Evan Lysacek,3,True,10,True
1052,10,Evan Lysacek,4,True,10,True
1053,10,Evan Lysacek,5,True,10,True
1054,10,Evan Lysacek,6,True,10,True
1055,10,Evan Lysacek,7,True,10,True
1056,10,Evan Lysacek,8,True,10,True
1057,10,Evan Lysacek,9,True,10,True
1058,10,Evan Lysacek,10,True,10,
1059,10,Jake Pavelka,1,True,10,True
1060,10,Jake Pavelka,2,True,10,True
1061,10,Jake Pavelka,3,True,10,True
1062,10,Jake Pavelka,4,True,10,True
1063,10,Jake Pavelka,5,True,10,True
1064,10,Jake Pavelka,6,True,10,False
1065,10,Jake Pavelka,7,False,10,False
1066,10,Jake Pavelka,8,False,10,False
1067,10,Jake Pavelka,9,False,10,False
1068,10,Jake Pavelka,10,False,10,
1069,10,Kate Gosselin,1,True,10,True
1070,10,Kate Gosselin,2,True,10,True
1071,10,Kate Gosselin,3,True,10,True
1072,10,Kate Gosselin,4,True,10,True
1073,10,Kate Gosselin,5,True,10,False
1074,10,Kate Gosselin,6,False,10,False
1075,10,Kate Gosselin,7,False,10,False
1076,10,Kate Gosselin,8,False,10,False
1077,10,Kate Gosselin,9,False,10,False
1078,10,Kate Gosselin,10,False,10,
1079,10,Nicole Scherzinger,1,True,10,True
1080,10,Nicole Scherzinger,2,True,10,True
1081,10,Nicole Scherzinger,3,True,10,True
1082,10,Nicole Scherzinger,4,True,10,True
1083,10,Nicole Scherzinger,5,True,10,True
1084,10,Nicole Scherzinger,6,True,10,True
1085,10,Nicole Scherzinger,7,True,10,True
1086,10,Nicole Scherzinger,8,True,10,True
1087,10,Nicole Scherzinger,9,True,10,True
1088,10,Nicole Scherzinger,10,True,10,
1089,10,Niecy Nash,1,True,10,True
1090,10,Niecy Nash,2,True,10,True
1091,10,Niecy Nash,3,True,10,True
1092,10,Niecy Nash,4,True,10,True
1093,10,Niecy Nash,5,True,10,True
1094,10,Niecy Nash,6,True,10,True
1095,10,Niecy Nash,7,True,10,True
1096,10,Niecy Nash,8,True,10,False
1097,10,Niecy Nash,9,False,10,False
1098,10,Niecy Nash,10,False,10,
1099,10,Pamela Anderson,1,True,10,True
1100,10,Pamela Anderson,2,True,10,True
1101,10,Pamela Anderson,3,True,10,True
1102,10,Pamela Anderson,4,True,10,True
1103,10,Pamela Anderson,5,True,10,True
1104,10,Pamela Anderson,6,True,10,True
1105,10,Pamela Anderson,7,True,10,False
1106,10,Pamela Anderson,8,False,10,False
1107,10,Pamela Anderson,9,False,10,False
1108,10,Pamela Anderson,10,False,10,
1109,10,Shannen Doherty,1,True,10,True
1110,10,Shannen Doherty,2,True,10,False
1111,10,Shannen Doherty,3,False,10,False
1112,10,Shannen Doherty,4,False,10,False
1113,10,Shannen Doherty,5,False,10,False
1114,10,Shannen Doherty,6,False,10,False
1115,10,Shannen Doherty,7,False,10,False
1116,10,Shannen Doherty,8,False,10,False
1117,10,Shannen Doherty,9,False,10,False
1118,10,Shannen Doherty,10,False,10,
1119,11,Audrina Patridge,1,True,10,True
1120,11,Audrina Patridge,2,True,10,True
1121,11,Audrina Patridge,3,True,10,True
1122,11,Audrina Patridge,4,True,10,True
1123,11,Audrina Patridge,5,True,10,True
1124,11,Audrina Patridge,6,True,10,False
1125,11,Audrina Patridge,7,False,10,False
1126,11,Audrina Patridge,8,False,10,False
1127,11,Audrina Patridge,9,False,10,False
1128,11,Audrina Patridge,10,False,10,
1129,11,Brandy,1,True,10,True
1130,11,Brandy,2,True,10,True
1131,11,Brandy,3,True,10,True
1132,11,Brandy,4,True,10,True
1133,11,Brandy,5,True,10,True
1134,11,Brandy,6,True,10,True
1135,11,Brandy,7,True,10,True
1136,11,Brandy,8,True,10,True
1137,11,Brandy,9,True,10,False
1138,11,Brandy,10,False,10,
1139,11,Bristol Palin,1,True,10,True
1140,11,Bristol Palin,2,True,10,True
1141,11,Bristol Palin,3,True,10,True
1142,11,Bristol Palin,4,True,10,True
1143,11,Bristol Palin,5,True,10,True
1144,11,Bristol Palin,6,True,10,True
1145,11,Bristol Palin,7,True,10,True
1146,11,Bristol Palin,8,True,10,True
1147,11,Bristol Palin,9,True,10,True
1148,11,Bristol Palin,10,True,10,
1149,11,David Hasselhoff,1,True,10,False
1150,11,David Hasselhoff,2,False,10,False
1151,11,David Hasselhoff,3,False,10,False
1152,11,David Hasselhoff,4,False,10,False
1153,11,David Hasselhoff,5,False,10,False
1154,11,David Hasselhoff,6,False,10,False
1155,11,David Hasselhoff,7,False,10,False
1156,11,David Hasselhoff,8,False,10,False
1157,11,David Hasselhoff,9,False,10,False
1158,11,David Hasselhoff,10,False,10,
1159,11,Florence Henderson,1,True,10,True
1160,11,Florence Henderson,2,True,10,True
1161,11,Florence Henderson,3,True,10,True
1162,11,Florence Henderson,4,True,10,True
1163,11,Florence Henderson,5,True,10,False
1164,11,Florence Henderson,6,False,10,False
1165,11,Florence Henderson,7,False,10,False
1166,11,Florence Henderson,8,False,10,False
1167,11,Florence Henderson,9,False,10,False
1168,11,Florence Henderson,10,False,10,
1169,11,Jennifer Grey,1,True,10,True
1170,11,Jennifer Grey,2,True,10,True
1171,11,Jennifer Grey,3,True,10,True
1172,11,Jennifer Grey,4,True,10,True
1173,11,Jennifer Grey,5,True,10,True
1174,11,Jennifer Grey,6,True,10,True
1175,11,Jennifer Grey,7,True,10,True
1176,11,Jennifer Grey,8,True,10,True
1177,11,Jennifer Grey,9,True,10,True
1178,11,Jennifer Grey,10,True,10,
1179,11,Kurt Warner,1,True,10,True
1180,11,Kurt Warner,2,True,10,True
1181,11,Kurt Warner,3,True,10,True
1182,11,Kurt Warner,4,True,10,True
1183,11,Kurt Warner,5,True,10,True
1184,11,Kurt Warner,6,True,10,True
1185,11,Kurt Warner,7,True,10,True
1186,11,Kurt Warner,8,True,10,False
1187,11,Kurt Warner,9,False,10,False
1188,11,Kurt Warner,10,False,10,
1189,11,Kyle Massey,1,True,10,True
1190,11,Kyle Massey,2,True,10,True
1191,11,Kyle Massey,3,True,10,True
1192,11,Kyle Massey,4,True,10,True
1193,11,Kyle Massey,5,True,10,True
1194,11,Kyle Massey,6,True,10,True
1195,11,Kyle Massey,7,True,10,True
1196,11,Kyle Massey,8,True,10,True
1197,11,Kyle Massey,9,True,10,True
1198,11,Kyle Massey,10,True,10,
1199,11,Margaret Cho,1,True,10,True
1200,11,Margaret Cho,2,True,10,True
1201,11,Margaret Cho,3,True,10,False
1202,11,Margaret Cho,4,False,10,False
1203,11,Margaret Cho,5,False,10,False
1204,11,Margaret Cho,6,False,10,False
1205,11,Margaret Cho,7,False,10,False
1206,11,Margaret Cho,8,False,10,False
1207,11,Margaret Cho,9,False,10,False
1208,11,Margaret Cho,10,False,10,
1209,11,Michael Bolton,1,True,10,True
1210,11,Michael Bolton,2,True,10,False
1211,11,Michael Bolton,3,False,10,False
1212,11,Michael Bolton,4,False,10,False
1213,11,Michael Bolton,5,False,10,False
1214,11,Michael Bolton,6,False,10,False
1215,11,Michael Bolton,7,False,10,False
1216,11,Michael Bolton,8,False,10,False
1217,11,Michael Bolton,9,False,10,False
1218,11,Michael Bolton,10,False,10,
1219,11,Rick Fox,1,True,10,True
1220,11,Rick Fox,2,True,10,True
1221,11,Rick Fox,3,True,10,True
1222,11,Rick Fox,4,True,10,True
1223,11,Rick Fox,5,True,10,True
1224,11,Rick Fox,6,True,10,True
1225,11,Rick Fox,7,True,10,False
1226,11,Rick Fox,8,False,10,False
1227,11,Rick Fox,9,False,10,False
1228,11,Rick Fox,10,False,10,
1229,11,The Situation,1,True,10,True
1230,11,The Situation,2,True,10,True
1231,11,The Situation,3,True,10,True
1232,11,The Situation,4,True,10,False
1233,11,The Situation,5,False,10,False
1234,11,The Situation,6,False,10,False
1235,11,The Situation,7,False,10,False
1236,11,The Situation,8,False,10,False
1237,11,The Situation,9,False,10,False
1238,11,The Situation,10,False,10,
1239,12,Chelsea Kane,1,True,10,True
1240,12,Chelsea Kane,2,True,10,True
1241,12,Chelsea Kane,3,True,10,True
1242,12,Chelsea Kane,4,True,10,True
1243,12,Chelsea Kane,5,True,10,True
1244,12,Chelsea Kane,6,True,10,True
1245,12,Chelsea Kane,7,True,10,True
1246,12,Chelsea Kane,8,True,10,True
1247,12,Chelsea Kane,9,True,10,True
1248,12,Chelsea Kane,10,True,10,
1249,12,Chris Jericho,1,True,10,True
1250,12,Chris Jericho,2,True,10,True
1251,12,Chris Jericho,3,True,10,True
1252,12,Chris Jericho,4,True,10,True
1253,12,Chris Jericho,5,True,10,True
1254,12,Chris Jericho,6,True,10,False
1255,12,Chris Jericho,7,False,10,False
1256,12,Chris Jericho,8,False,10,False
1257,12,Chris Jericho,9,False,10,False
1258,12,Chris Jericho,10,False,10,
1259,12,Hines Ward,1,True,10,True
1260,12,Hines Ward,2,True,10,True
1261,12,Hines Ward,3,True,10,True
1262,12,Hines Ward,4,True,10,True
1263,12,Hines Ward,5,True,10,True
1264,12,Hines Ward,6,True,10,True
1265,12,Hines Ward,7,True,10,True
1266,12,Hines Ward,8,True,10,True
1267,12,Hines Ward,9,True,10,True
1268,12,Hines Ward,10,True,10,
1269,12,Kendra Wilkinson,1,True,10,True
1270,12,Kendra Wilkinson,2,True,10,True
1271,12,Kendra Wilkinson,3,True,10,True
1272,12,Kendra Wilkinson,4,True,10,True
1273,12,Kendra Wilkinson,5,True,10,True
1274,12,Kendra Wilkinson,6,True,10,True
1275,12,Kendra Wilkinson,7,True,10,False
1276,12,Kendra Wilkinson,8,False,10,False
1277,12,Kendra Wilkinson,9,False,10,False
1278,12,Kendra Wilkinson,10,False,10,
1279,12,Kirstie Alley,1,True,10,True
1280,12,Kirstie Alley,2,True,10,True
1281,12,Kirstie Alley,3,True,10,True
1282,12,Kirstie Alley,4,True,10,True
1283,12,Kirstie Alley,5,True,10,True
1284,12,Kirstie Alley,6,True,10,True
1285,12,Kirstie Alley,7,True,10,True
1286,12,Kirstie Alley,8,True,10,True
1287,12,Kirstie Alley,9,True,10,True
1288,12,Kirstie Alley,10,True,10,
1289,12,Mike Catherwood,1,True,10,True
1290,12,Mike Catherwood,2,True,10,False
1291,12,Mike Catherwood,3,False,10,False
1292,12,Mike Catherwood,4,False,10,False
1293,12,Mike Catherwood,5,False,10,False
1294,12,Mike Catherwood,6,False,10,False
1295,12,Mike Catherwood,7,False,10,False
1296,12,Mike Catherwood,8,False,10,False
1297,12,Mike Catherwood,9,False,10,False
1298,12,Mike Catherwood,10,False,10,
1299,12,Petra Nemcova,1,True,10,True
1300,12,Petra Nemcova,2,True,10,True
1301,12,Petra Nemcova,3,True,10,True
1302,12,Petra Nemcova,4,True,10,True
1303,12,Petra Nemcova,5,True,10,False
1304,12,Petra Nemcova,6,False,10,False
1305,12,Petra Nemcova,7,False,10,False
1306,12,Petra Nemcova,8,False,10,False
1307,12,Petra Nemcova,9,False,10,False
1308,12,Petra Nemcova,10,False,10,
1309,12,Ralph Macchio,1,True,10,True
1310,12,Ralph Macchio,2,True,10,True
1311,12,Ralph Macchio,3,True,10,True
1312,12,Ralph Macchio,4,True,10,True
1313,12,Ralph Macchio,5,True,10,True
1314,12,Ralph Macchio,6,True,10,True
1315,12,Ralph Macchio,7,True,10,True
1316,12,Ralph Macchio,8,True,10,True
1317,12,Ralph Macchio,9,True,10,False
1318,12,Ralph Macchio,10,False,10,
1319,12,Romeo,1,True,10,True
1320,12,Romeo,2,True,10,True
1321,12,Romeo,3,True,10,True
1322,12,Romeo,4,True,10,True
1323,12,Romeo,5,True,10,True
1324,12,Romeo,6,True,10,True
1325,12,Romeo,7,True,10,True
1326,12,Romeo,8,True,10,False
1327,12,Romeo,9,False,10,False
1328,12,Romeo,10,False,10,
1329,12,Sugar Ray Leonard,1,True,10,True
1330,12,Sugar Ray Leonard,2,True,10,True
1331,12,Sugar Ray Leonard,3,True,10,True
1332,12,Sugar Ray Leonard,4,True,10,False
1333,12,Sugar Ray Leonard,5,False,10,False
1334,12,Sugar Ray Leonard,6,False,10,False
1335,12,Sugar Ray Leonard,7,False,10,False
1336,12,Sugar Ray Leonard,8,False,10,False
1337,12,Sugar Ray Leonard,9,False,10,False
1338,12,Sugar Ray Leonard,10,False,10,
1339,12,Wendy Williams,1,True,10,True
1340,12,Wendy Williams,2,True,10,True
1341,12,Wendy Williams,3,True,10,False
1342,12,Wendy Williams,4,False,10,False
1343,12,Wendy Williams,5,False,10,False
1344,12,Wendy Williams,6,False,10,False
1345,12,Wendy Williams,7,False,10,False
1346,12,Wendy Williams,8,False,10,False
1347,12,Wendy Williams,9,False,10,False
1348,12,Wendy Williams,10,False,10,
1349,13,Carson Kressley,1,True,10,True
1350,13,Carson Kressley,2,True,10,True
1351,13,Carson Kressley,3,True,10,True
1352,13,Carson Kressley,4,True,10,True
1353,13,Carson Kressley,5,True,10,False
1354,13,Carson Kressley,6,False,10,False
1355,13,Carson Kressley,7,False,10,False
1356,13,Carson Kressley,8,False,10,False
1357,13,Carson Kressley,9,False,10,False
1358,13,Carson Kressley,10,False,10,
1359,13,Chaz Bono,1,True,10,True
1360,13,Chaz Bono,2,True,10,True
1361,13,Chaz Bono,3,True,10,True
1362,13,Chaz Bono,4,True,10,True
1363,13,Chaz Bono,5,True,10,True
1364,13,Chaz Bono,6,True,10,False
1365,13,Chaz Bono,7,False,10,False
1366,13,Chaz Bono,8,False,10,False
1367,13,Chaz Bono,9,False,10,False
1368,13,Chaz Bono,10,False,10,
1369,13,Chynna Phillips,1,True,10,True
1370,13,Chynna Phillips,2,True,10,True
1371,13,Chynna Phillips,3,True,10,True
1372,13,Chynna Phillips,4,True,10,False
1373,13,Chynna Phillips,5,False,10,False
1374,13,Chynna Phillips,6,False,10,False
1375,13,Chynna Phillips,7,False,10,False
1376,13,Chynna Phillips,8,False,10,False
1377,13,Chynna Phillips,9,False,10,False
1378,13,Chynna Phillips,10,False,10,
1379,13,David Arquette,1,True,10,True
1380,13,David Arquette,2,True,10,True
1381,13,David Arquette,3,True,10,True
1382,13,David Arquette,4,True,10,True
1383,13,David Arquette,5,True,10,True
1384,13,David Arquette,6,True,10,True
1385,13,David Arquette,7,True,10,False
1386,13,David Arquette,8,False,10,False
1387,13,David Arquette,9,False,10,False
1388,13,David Arquette,10,False,10,
1389,13,Elisabetta Canalis,1,True,10,True
1390,13,Elisabetta Canalis,2,True,10,False
1391,13,Elisabetta Canalis,3,False,10,False
1392,13,Elisabetta Canalis,4,False,10,False
1393,13,Elisabetta Canalis,5,False,10,False
1394,13,Elisabetta Canalis,6,False,10,False
1395,13,Elisabetta Canalis,7,False,10,False
1396,13,Elisabetta Canalis,8,False,10,False
1397,13,Elisabetta Canalis,9,False,10,False
1398,13,Elisabetta Canalis,10,False,10,
1399,13,Hope Solo,1,True,10,True
1400,13,Hope Solo,2,True,10,True
1401,13,Hope Solo,3,True,10,True
1402,13,Hope Solo,4,True,10,True
1403,13,Hope Solo,5,True,10,True
1404,13,Hope Solo,6,True,10,True
1405,13,Hope Solo,7,True,10,True
1406,13,Hope Solo,8,True,10,True
1407,13,Hope Solo,9,True,10,False
1408,13,Hope Solo,10,False,10,
1409,13,J.R. Martinez,1,True,10,True
1410,13,J.R. Martinez,2,True,10,True
1411,13,J.R. Martinez,3,True,10,True
1412,13,J.R. Martinez,4,True,10,True
1413,13,J.R. Martinez,5,True,10,True
1414,13,J.R. Martinez,6,True,10,True
1415,13,J.R. Martinez,7,True,10,True
1416,13,J.R. Martinez,8,True,10,True
1417,13,J.R. Martinez,9,True,10,True
1418,13,J.R. Martinez,10,True,10,
1419,13,Kristin Cavallari,1,True,10,True
1420,13,Kristin Cavallari,2,True,10,True
1421,13,Kristin Cavallari,3,True,10,False
1422,13,Kristin Cavallari,4,False,10,False
1423,13,Kristin Cavallari,5,False,10,False
1424,13,Kristin Cavallari,6,False,10,False
1425,13,Kristin Cavallari,7,False,10,False
1426,13,Kristin Cavallari,8,False,10,False
1427,13,Kristin Cavallari,9,False,10,False
1428,13,Kristin Cavallari,10,False,10,
1429,13,Metta World Peace (Ron),1,True,10,False
1430,13,Metta World Peace (Ron),2,False,10,False
1431,13,Metta World Peace (Ron),3,False,10,False
1432,13,Metta World Peace (Ron),4,False,10,False
1433,13,Metta World Peace (Ron),5,False,10,False
1434,13,Metta World Peace (Ron),6,False,10,False
1435,13,Metta World Peace (Ron),7,False,10,False
1436,13,Metta World Peace (Ron),8,False,10,False
1437,13,Metta World Peace (Ron),9,False,10,False
1438,13,Metta World Peace (Ron),10,False,10,
1439,13,Nancy Grace,1,True,10,True
1440,13,Nancy Grace,2,True,10,True
1441,13,Nancy Grace,3,True,10,True
1442,13,Nancy Grace,4,True,10,True
1443,13,Nancy Grace,5,True,10,True
1444,13,Nancy Grace,6,True,10,True
1445,13,Nancy Grace,7,True,10,True
1446,13,Nancy Grace,8,True,10,False
1447,13,Nancy Grace,9,False,10,False
1448,13,Nancy Grace,10,False,10,
1449,13,Ricki Lake,1,True,10,True
1450,13,Ricki Lake,2,True,10,True
1451,13,Ricki Lake,3,True,10,True
1452,13,Ricki Lake,4,True,10,True
1453,13,Ricki Lake,5,True,10,True
1454,13,Ricki Lake,6,True,10,True
1455,13,Ricki Lake,7,True,10,True
1456,13,Ricki Lake,8,True,10,True
1457,13,Ricki Lake,9,True,10,True
1458,13,Ricki Lake,10,True,10,
1459,13,Rob Kardashian,1,True,10,True
1460,13,Rob Kardashian,2,True,10,True
1461,13,Rob Kardashian,3,True,10,True
1462,13,Rob Kardashian,4,True,10,True
1463,13,Rob Kardashian,5,True,10,True
1464,13,Rob Kardashian,6,True,10,True
1465,13,Rob Kardashian,7,True,10,True
1466,13,Rob Kardashian,8,True,10,True
1467,13,Rob Kardashian,9,True,10,True
1468,13,Rob Kardashian,10,True,10,
1469,14,Donald Driver,1,True,10,True
1470,14,Donald Driver,2,True,10,True
1471,14,Donald Driver,3,True,10,True
1472,14,Donald Driver,4,True,10,True
1473,14,Donald Driver,5,True,10,True
1474,14,Donald Driver,6,True,10,True
1475,14,Donald Driver,7,True,10,True
1476,14,Donald Driver,8,True,10,True
1477,14,Donald Driver,9,True,10,True
1478,14,Donald Driver,10,True,10,
1479,14,Gavin DeGraw,1,True,10,True
1480,14,Gavin DeGraw,2,True,10,True
1481,14,Gavin DeGraw,3,True,10,True
1482,14,Gavin DeGraw,4,True,10,True
1483,14,Gavin DeGraw,5,True,10,False
1484,14,Gavin DeGraw,6,False,10,False
1485,14,Gavin DeGraw,7,False,10,False
1486,14,Gavin DeGraw,8,False,10,False
1487,14,Gavin DeGraw,9,False,10,False
1488,14,Gavin DeGraw,10,False,10,
1489,14,Gladys Knight,1,True,10,True
1490,14,Gladys Knight,2,True,10,True
1491,14,Gladys Knight,3,True,10,True
1492,14,Gladys Knight,4,True,10,True
1493,14,Gladys Knight,5,True,10,True
1494,14,Gladys Knight,6,True,10,False
1495,14,Gladys Knight,7,False,10,False
1496,14,Gladys Knight,8,False,10,False
1497,14,Gladys Knight,9,False,10,False
1498,14,Gladys Knight,10,False,10,
1499,14,Jack Wagner,1,True,10,True
1500,14,Jack Wagner,2,True,10,True
1501,14,Jack Wagner,3,True,10,False
1502,14,Jack Wagner,4,False,10,False
1503,14,Jack Wagner,5,False,10,False
1504,14,Jack Wagner,6,False,10,False
1505,14,Jack Wagner,7,False,10,False
1506,14,Jack Wagner,8,False,10,False
1507,14,Jack Wagner,9,False,10,False
1508,14,Jack Wagner,10,False,10,
1509,14,Jaleel White,1,True,10,True
1510,14,Jaleel White,2,True,10,True
1511,14,Jaleel White,3,True,10,True
1512,14,Jaleel White,4,True,10,True
1513,14,Jaleel White,5,True,10,True
1514,14,Jaleel White,6,True,10,True
1515,14,Jaleel White,7,True,10,False
1516,14,Jaleel White,8,False,10,False
1517,14,Jaleel White,9,False,10,False
1518,14,Jaleel White,10,False,10,
1519,14,Katherine Jenkins,1,True,10,True
1520,14,Katherine Jenkins,2,True,10,True
1521,14,Katherine Jenkins,3,True,10,True
1522,14,Katherine Jenkins,4,True,10,True
1523,14,Katherine Jenkins,5,True,10,True
1524,14,Katherine Jenkins,6,True,10,True
1525,14,Katherine Jenkins,7,True,10,True
1526,14,Katherine Jenkins,8,True,10,True
1527,14,Katherine Jenkins,9,True,10,True
1528,14,Katherine Jenkins,10,True,10,
1529,14,Maria Menounos,1,True,10,True
1530,14,Maria Menounos,2,True,10,True
1531,14,Maria Menounos,3,True,10,True
1532,14,Maria Menounos,4,True,10,True
1533,14,Maria Menounos,5,True,10,True
1534,14,Maria Menounos,6,True,10,True
1535,14,Maria Menounos,7,True,10,True
1536,14,Maria Menounos,8,True,10,True
1537,14,Maria Menounos,9,True,10,False
1538,14,Maria Menounos,10,False,10,
1539,14,Martina Navratilova,1,True,10,True
1540,14,Martina Navratilova,2,True,10,False
1541,14,Martina Navratilova,3,False,10,False
1542,14,Martina Navratilova,4,False,10,False
1543,14,Martina Navratilova,5,False,10,False
1544,14,Martina Navratilova,6,False,10,False
1545,14,Martina Navratilova,7,False,10,False
1546,14,Martina Navratilova,8,False,10,False
1547,14,Martina Navratilova,9,False,10,False
1548,14,Martina Navratilova,10,False,10,
1549,14,Melissa Gilbert,1,True,10,True
1550,14,Melissa Gilbert,2,True,10,True
1551,14,Melissa Gilbert,3,True,10,True
1552,14,Melissa Gilbert,4,True,10,True
1553,14,Melissa Gilbert,5,True,10,True
1554,14,Melissa Gilbert,6,True,10,True
1555,14,Melissa Gilbert,7,True,10,True
1556,14,Melissa Gilbert,8,True,10,False
1557,14,Melissa Gilbert,9,False,10,False
1558,14,Melissa Gilbert,10,False,10,
1559,14,Roshon Fegan,1,True,10,True
1560,14,Roshon Fegan,2,True,10,True
1561,14,Roshon Fegan,3,True,10,True
1562,14,Roshon Fegan,4,True,10,True
1563,14,Roshon Fegan,5,True,10,True
1564,14,Roshon Fegan,6,True,10,True
1565,14,Roshon Fegan,7,True,10,True
1566,14,Roshon Fegan,8,True,10,False
1567,14,Roshon Fegan,9,False,10,False
1568,14,Roshon Fegan,10,False,10,
1569,14,Sherri Sheperd,1,True,10,True
1570,14,Sherri Sheperd,2,True,10,True
1571,14,Sherri Sheperd,3,True,10,True
1572,14,Sherri Sheperd,4,True,10,False
1573,14,Sherri Sheperd,5,False,10,False
1574,14,Sherri Sheperd,6,False,10,False
1575,14,Sherri Sheperd,7,False,10,False
1576,14,Sherri Sheperd,8,False,10,False
1577,14,Sherri Sheperd,9,False,10,False
1578,14,Sherri Sheperd,10,False,10,
1579,14,William Levy,1,True,10,True
1580,14,William Levy,2,True,10,True
1581,14,William Levy,3,True,10,True
1582,14,William Levy,4,True,10,True
1583,14,William Levy,5,True,10,True
1584,14,William Levy,6,True,10,True
1585,14,William Levy,7,True,10,True
1586,14,William Levy,8,True,10,True
1587,14,William Levy,9,True,10,True
1588,14,William Levy,10,True,10,
1589,15,Apolo Anton Ohno,1,True,10,True
1590,15,Apolo Anton Ohno,2,True,10,True
1591,15,Apolo Anton Ohno,3,True,10,True
1592,15,Apolo Anton Ohno,4,True,10,True
1593,15,Apolo Anton Ohno,5,True,10,True
1594,15,Apolo Anton Ohno,6,True,10,True
1595,15,Apolo Anton Ohno,7,True,10,True
1596,15,Apolo Anton Ohno,8,True,10,True
1597,15,Apolo Anton Ohno,9,True,10,False
1598,15,Apolo Anton Ohno,10,False,10,
1599,15,Bristol Palin,1,True,10,True
1600,15,Bristol Palin,2,True,10,True
1601,15,Bristol Palin,3,True,10,True
1602,15,Bristol Palin,4,True,10,False
1603,15,Bristol Palin,5,False,10,False
1604,15,Bristol Palin,6,False,10,False
1605,15,Bristol Palin,7,False,10,False
1606,15,Bristol Palin,8,False,10,False
1607,15,Bristol Palin,9,False,10,False
1608,15,Bristol Palin,10,False,10,
1609,15,Drew Lachey,1,True,10,True
1610,15,Drew Lachey,2,True,10,True
1611,15,Drew Lachey,3,True,10,False
1612,15,Drew Lachey,4,False,10,False
1613,15,Drew Lachey,5,False,10,False
1614,15,Drew Lachey,6,False,10,False
1615,15,Drew Lachey,7,False,10,False
1616,15,Drew Lachey,8,False,10,False
1617,15,Drew Lachey,9,False,10,False
1618,15,Drew Lachey,10,False,10,
1619,15,Emmitt Smith,1,True,10,True
1620,15,Emmitt Smith,2,True,10,True
1621,15,Emmitt Smith,3,True,10,True
1622,15,Emmitt Smith,4,True,10,True
1623,15,Emmitt Smith,5,True,10,True
1624,15,Emmitt Smith,6,True,10,True
1625,15,Emmitt Smith,7,True,10,True
1626,15,Emmitt Smith,8,True,10,True
1627,15,Emmitt Smith,9,True,10,False
1628,15,Emmitt Smith,10,False,10,
1629,15,Gilles Marini,1,True,10,True
1630,15,Gilles Marini,2,True,10,True
1631,15,Gilles Marini,3,True,10,True
1632,15,Gilles Marini,4,True,10,True
1633,15,Gilles Marini,5,True,10,True
1634,15,Gilles Marini,6,True,10,True
1635,15,Gilles Marini,7,True,10,True
1636,15,Gilles Marini,8,True,10,False
1637,15,Gilles Marini,9,False,10,False
1638,15,Gilles Marini,10,False,10,
1639,15,Helio Castroneves,1,True,10,True
1640,15,Helio Castroneves,2,True,10,True
1641,15,Helio Castroneves,3,True,10,False
1642,15,Helio Castroneves,4,False,10,False
1643,15,Helio Castroneves,5,False,10,False
1644,15,Helio Castroneves,6,False,10,False
1645,15,Helio Castroneves,7,False,10,False
1646,15,Helio Castroneves,8,False,10,False
1647,15,Helio Castroneves,9,False,10,False
1648,15,Helio Castroneves,10,False,10,
1649,15,Joey Fatone,1,True,10,True
1650,15,Joey Fatone,2,True,10,False
1651,15,Joey Fatone,3,False,10,False
1652,15,Joey Fatone,4,False,10,False
1653,15,Joey Fatone,5,False,10,False
1654,15,Joey Fatone,6,False,10,False
1655,15,Joey Fatone,7,False,10,False
1656,15,Joey Fatone,8,False,10,False
1657,15,Joey Fatone,9,False,10,False
1658,15,Joey Fatone,10,False,10,
1659,15,Kelly Monaco,1,True,10,True
1660,15,Kelly Monaco,2,True,10,True
1661,15,Kelly Monaco,3,True,10,True
1662,15,Kelly Monaco,4,True,10,True
1663,15,Kelly Monaco,5,True,10,True
1664,15,Kelly Monaco,6,True,10,True
1665,15,Kelly Monaco,7,True,10,True
1666,15,Kelly Monaco,8,True,10,True
1667,15,Kelly Monaco,9,True,10,True
1668,15,Kelly Monaco,10,True,10,
1669,15,Kirstie Alley,1,True,10,True
1670,15,Kirstie Alley,2,True,10,True
1671,15,Kirstie Alley,3,True,10,True
1672,15,Kirstie Alley,4,True,10,True
1673,15,Kirstie Alley,5,True,10,True
1674,15,Kirstie Alley,6,True,10,True
1675,15,Kirstie Alley,7,True,10,True
1676,15,Kirstie Alley,8,True,10,False
1677,15,Kirstie Alley,9,False,10,False
1678,15,Kirstie Alley,10,False,10,
1679,15,Melissa Rycroft,1,True,10,True
1680,15,Melissa Rycroft,2,True,10,True
1681,15,Melissa Rycroft,3,True,10,True
1682,15,Melissa Rycroft,4,True,10,True
1683,15,Melissa Rycroft,5,True,10,True
1684,15,Melissa Rycroft,6,True,10,True
1685,15,Melissa Rycroft,7,True,10,True
1686,15,Melissa Rycroft,8,True,10,True
1687,15,Melissa Rycroft,9,True,10,True
1688,15,Melissa Rycroft,10,True,10,
1689,15,Pamela Anderson,1,True,10,False
1690,15,Pamela Anderson,2,False,10,False
1691,15,Pamela Anderson,3,False,10,False
1692,15,Pamela Anderson,4,False,10,False
1693,15,Pamela Anderson,5,False,10,False
1694,15,Pamela Anderson,6,False,10,False
1695,15,Pamela Anderson,7,False,10,False
1696,15,Pamela Anderson,8,False,10,False
1697,15,Pamela Anderson,9,False,10,False
1698,15,Pamela Anderson,10,False,10,
1699,15,Sabrina Bryan,1,True,10,True
1700,15,Sabrina Bryan,2,True,10,True
1701,15,Sabrina Bryan,3,True,10,True
1702,15,Sabrina Bryan,4,True,10,True
1703,15,Sabrina Bryan,5,True,10,True
1704,15,Sabrina Bryan,6,True,10,False
1705,15,Sabrina Bryan,7,False,10,False
1706,15,Sabrina Bryan,8,False,10,False
1707,15,Sabrina Bryan,9,False,10,False
1708,15,Sabrina Bryan,10,False,10,
1709,15,Shawn Johnson,1,True,10,True
1710,15,Shawn Johnson,2,True,10,True
1711,15,Shawn Johnson,3,True,10,True
1712,15,Shawn Johnson,4,True,10,True
1713,15,Shawn Johnson,5,True,10,True
1714,15,Shawn Johnson,6,True,10,True
1715,15,Shawn Johnson,7,True,10,True
1716,15,Shawn Johnson,8,True,10,True
1717,15,Shawn Johnson,9,True,10,True
1718,15,Shawn Johnson,10,True,10,
1719,16,Alexandra Raisman,1,True,10,True
1720,16,Alexandra Raisman,2,True,10,True
1721,16,Alexandra Raisman,3,True,10,True
1722,16,Alexandra Raisman,4,True,10,True
1723,16,Alexandra Raisman,5,True,10,True
1724,16,Alexandra Raisman,6,True,10,True
1725,16,Alexandra Raisman,7,True,10,True
1726,16,Alexandra Raisman,8,True,10,True
1727,16,Alexandra Raisman,9,True,10,True
1728,16,Alexandra Raisman,10,True,10,
1729,16,Andy Dick,1,True,10,True
1730,16,Andy Dick,2,True,10,True
1731,16,Andy Dick,3,True,10,True
1732,16,Andy Dick,4,True,10,True
1733,16,Andy Dick,5,True,10,True
1734,16,Andy Dick,6,True,10,True
1735,16,Andy Dick,7,True,10,False
1736,16,Andy Dick,8,False,10,False
1737,16,Andy Dick,9,False,10,False
1738,16,Andy Dick,10,False,10,
1739,16,D. L. Hughley,1,True,10,True
1740,16,D. L. Hughley,2,True,10,True
1741,16,D. L. Hughley,3,True,10,True
1742,16,D. L. Hughley,4,True,10,True
1743,16,D. L. Hughley,5,True,10,False
1744,16,D. L. Hughley,6,False,10,False
1745,16,D. L. Hughley,7,False,10,False
1746,16,D. L. Hughley,8,False,10,False
1747,16,D. L. Hughley,9,False,10,False
1748,16,D. L. Hughley,10,False,10,
1749,16,Dorothy Hamill,1,True,10,True
1750,16,Dorothy Hamill,2,True,10,False
1751,16,Dorothy Hamill,3,False,10,False
1752,16,Dorothy Hamill,4,False,10,False
1753,16,Dorothy Hamill,5,False,10,False
1754,16,Dorothy Hamill,6,False,10,False
1755,16,Dorothy Hamill,7,False,10,False
1756,16,Dorothy Hamill,8,False,10,False
1757,16,Dorothy Hamill,9,False,10,False
1758,16,Dorothy Hamill,10,False,10,
1759,16,Ingo Rademacher,1,True,10,True
1760,16,Ingo Rademacher,2,True,10,True
1761,16,Ingo Rademacher,3,True,10,True
1762,16,Ingo Rademacher,4,True,10,True
1763,16,Ingo Rademacher,5,True,10,True
1764,16,Ingo Rademacher,6,True,10,True
1765,16,Ingo Rademacher,7,True,10,True
1766,16,Ingo Rademacher,8,True,10,True
1767,16,Ingo Rademacher,9,True,10,False
1768,16,Ingo Rademacher,10,False,10,
1769,16,Jacoby Jones,1,True,10,True
1770,16,Jacoby Jones,2,True,10,True
1771,16,Jacoby Jones,3,True,10,True
1772,16,Jacoby Jones,4,True,10,True
1773,16,Jacoby Jones,5,True,10,True
1774,16,Jacoby Jones,6,True,10,True
1775,16,Jacoby Jones,7,True,10,True
1776,16,Jacoby Jones,8,True,10,True
1777,16,Jacoby Jones,9,True,10,True
1778,16,Jacoby Jones,10,True,10,
1779,16,Kellie Pickler,1,True,10,True
1780,16,Kellie Pickler,2,True,10,True
1781,16,Kellie Pickler,3,True,10,True
1782,16,Kellie Pickler,4,True,10,True
1783,16,Kellie Pickler,5,True,10,True
1784,16,Kellie Pickler,6,True,10,True
1785,16,Kellie Pickler,7,True,10,True
1786,16,Kellie Pickler,8,True,10,True
1787,16,Kellie Pickler,9,True,10,True
1788,16,Kellie Pickler,10,True,10,
1789,16,Lisa Vanderpump,1,True,10,True
1790,16,Lisa Vanderpump,2,True,10,True
1791,16,Lisa Vanderpump,3,True,10,True
1792,16,Lisa Vanderpump,4,True,10,False
1793,16,Lisa Vanderpump,5,False,10,False
1794,16,Lisa Vanderpump,6,False,10,False
1795,16,Lisa Vanderpump,7,False,10,False
1796,16,Lisa Vanderpump,8,False,10,False
1797,16,Lisa Vanderpump,9,False,10,False
1798,16,Lisa Vanderpump,10,False,10,
1799,16,Sean Lowe,1,True,10,True
1800,16,Sean Lowe,2,True,10,True
1801,16,Sean Lowe,3,True,10,True
1802,16,Sean Lowe,4,True,10,True
1803,16,Sean Lowe,5,True,10,True
1804,16,Sean Lowe,6,True,10,True
1805,16,Sean Lowe,7,True,10,True
1806,16,Sean Lowe,8,True,10,False
1807,16,Sean Lowe,9,False,10,False
1808,16,Sean Lowe,10,False,10,
1809,16,Victor Ortiz,1,True,10,True
1810,16,Victor Ortiz,2,True,10,True
1811,16,Victor Ortiz,3,True,10,True
1812,16,Victor Ortiz,4,True,10,True
1813,16,Victor Ortiz,5,True,10,True
1814,16,Victor Ortiz,6,True,10,False
1815,16,Victor Ortiz,7,False,10,False
1816,16,Victor Ortiz,8,False,10,False
1817,16,Victor Ortiz,9,False,10,False
1818,16,Victor Ortiz,10,False,10,
1819,16,Wynonna Judd,1,True,10,True
1820,16,Wynonna Judd,2,True,10,True
1821,16,Wynonna Judd,3,True,10,False
1822,16,Wynonna Judd,4,False,10,False
1823,16,Wynonna Judd,5,False,10,False
1824,16,Wynonna Judd,6,False,10,False
1825,16,Wynonna Judd,7,False,10,False
1826,16,Wynonna Judd,8,False,10,False
1827,16,Wynonna Judd,9,False,10,False
1828,16,Wynonna Judd,10,False,10,
1829,16,Zendaya,1,True,10,True
1830,16,Zendaya,2,True,10,True
1831,16,Zendaya,3,True,10,True
1832,16,Zendaya,4,True,10,True
1833,16,Zendaya,5,True,10,True
1834,16,Zendaya,6,True,10,True
1835,16,Zendaya,7,True,10,True
1836,16,Zendaya,8,True,10,True
1837,16,Zendaya,9,True,10,True
1838,16,Zendaya,10,True,10,
1839,17,Amber Riley,1,True,11,True
1840,17,Amber Riley,2,True,11,True
1841,17,Amber Riley,3,True,11,True
1842,17,Amber Riley,4,True,11,True
1843,17,Amber Riley,5,True,11,True
1844,17,Amber Riley,6,True,11,True
1845,17,Amber Riley,7,True,11,True
1846,17,Amber Riley,8,True,11,True
1847,17,Amber Riley,9,True,11,True
1848,17,Amber Riley,10,True,11,True
1849,17,Amber Riley,11,True,11,
1850,17,Bill Engvall,1,True,11,True
1851,17,Bill Engvall,2,True,11,True
1852,17,Bill Engvall,3,True,11,True
1853,17,Bill Engvall,4,True,11,True
1854,17,Bill Engvall,5,True,11,True
1855,17,Bill Engvall,6,True,11,True
1856,17,Bill Engvall,7,True,11,True
1857,17,Bill Engvall,8,True,11,True
1858,17,Bill Engvall,9,True,11,True
1859,17,Bill Engvall,10,True,11,True
1860,17,Bill Engvall,11,True,11,
1861,17,Bill Nye,1,True,11,True
1862,17,Bill Nye,2,True,11,True
1863,17,Bill Nye,3,True,11,False
1864,17,Bill Nye,4,False,11,False
1865,17,Bill Nye,5,False,11,False
1866,17,Bill Nye,6,False,11,False
1867,17,Bill Nye,7,False,11,False
1868,17,Bill Nye,8,False,11,False
1869,17,Bill Nye,9,False,11,False
1870,17,Bill Nye,10,False,11,False
1871,17,Bill Nye,11,False,11,
1872,17,Brant Daugherty,1,True,11,True
1873,17,Brant Daugherty,2,True,11,True
1874,17,Brant Daugherty,3,True,11,True
1875,17,Brant Daugherty,4,True,11,True
1876,17,Brant Daugherty,5,True,11,True
1877,17,Brant Daugherty,6,True,11,True
1878,17,Brant Daugherty,7,True,11,True
1879,17,Brant Daugherty,8,True,11,False
1880,17,Brant Daugherty,9,False,11,False
1881,17,Brant Daugherty,10,False,11,False
1882,17,Brant Daugherty,11,False,11,
1883,17,Christina Milian,1,True,11,True
1884,17,Christina Milian,2,True,11,True
1885,17,Christina Milian,3,True,11,True
1886,17,Christina Milian,4,True,11,True
1887,17,Christina Milian,5,True,11,False
1888,17,Christina Milian,6,False,11,False
1889,17,Christina Milian,7,False,11,False
1890,17,Christina Milian,8,False,11,False
1891,17,Christina Milian,9,False,11,False
1892,17,Christina Milian,10,False,11,False
1893,17,Christina Milian,11,False,11,
1894,17,Corbin Bleu,1,True,11,True
1895,17,Corbin Bleu,2,True,11,True
1896,17,Corbin Bleu,3,True,11,True
1897,17,Corbin Bleu,4,True,11,True
1898,17,Corbin Bleu,5,True,11,True
1899,17,Corbin Bleu,6,True,11,True
1900,17,Corbin Bleu,7,True,11,True
1901,17,Corbin Bleu,8,True,11,True
1902,17,Corbin Bleu,9,True,11,True
1903,17,Corbin Bleu,10,True,11,True
1904,17,Corbin Bleu,11,True,11,
1905,17,Elizabeth Berkley Lauren,1,True,11,True
1906,17,Elizabeth Berkley Lauren,2,True,11,True
1907,17,Elizabeth Berkley Lauren,3,True,11,True
1908,17,Elizabeth Berkley Lauren,4,True,11,True
1909,17,Elizabeth Berkley Lauren,5,True,11,True
1910,17,Elizabeth Berkley Lauren,6,True,11,True
1911,17,Elizabeth Berkley Lauren,7,True,11,True
1912,17,Elizabeth Berkley Lauren,8,True,11,True
1913,17,Elizabeth Berkley Lauren,9,True,11,False
1914,17,Elizabeth Berkley Lauren,10,False,11,False
1915,17,Elizabeth Berkley Lauren,11,False,11,
1916,17,Jack Osbourne,1,True,11,True
1917,17,Jack Osbourne,2,True,11,True
1918,17,Jack Osbourne,3,True,11,True
1919,17,Jack Osbourne,4,True,11,True
1920,17,Jack Osbourne,5,True,11,True
1921,17,Jack Osbourne,6,True,11,True
1922,17,Jack Osbourne,7,True,11,True
1923,17,Jack Osbourne,8,True,11,True
1924,17,Jack Osbourne,9,True,11,True
1925,17,Jack Osbourne,10,True,11,True
1926,17,Jack Osbourne,11,True,11,
1927,17,Keyshawn Johnson,1,True,11,True
1928,17,Keyshawn Johnson,2,True,11,False
1929,17,Keyshawn Johnson,3,False,11,False
1930,17,Keyshawn Johnson,4,False,11,False
1931,17,Keyshawn Johnson,5,False,11,False
1932,17,Keyshawn Johnson,6,False,11,False
1933,17,Keyshawn Johnson,7,False,11,False
1934,17,Keyshawn Johnson,8,False,11,False
1935,17,Keyshawn Johnson,9,False,11,False
1936,17,Keyshawn Johnson,10,False,11,False
1937,17,Keyshawn Johnson,11,False,11,
1938,17,Leah Remini,1,True,11,True
1939,17,Leah Remini,2,True,11,True
1940,17,Leah Remini,3,True,11,True
1941,17,Leah Remini,4,True,11,True
1942,17,Leah Remini,5,True,11,True
1943,17,Leah Remini,6,True,11,True
1944,17,Leah Remini,7,True,11,True
1945,17,Leah Remini,8,True,11,True
1946,17,Leah Remini,9,True,11,True
1947,17,Leah Remini,10,True,11,False
1948,17,Leah Remini,11,False,11,
1949,17,"Nicole ""Snooki"" Polizzi",1,True,11,True
1950,17,"Nicole ""Snooki"" Polizzi",2,True,11,True
1951,17,"Nicole ""Snooki"" Polizzi",3,True,11,True
1952,17,"Nicole ""Snooki"" Polizzi",4,True,11,True
1953,17,"Nicole ""Snooki"" Polizzi",5,True,11,True
1954,17,"Nicole ""Snooki"" Polizzi",6,True,11,True
1955,17,"Nicole ""Snooki"" Polizzi",7,True,11,False
1956,17,"Nicole ""Snooki"" Polizzi",8,False,11,False
1957,17,"Nicole ""Snooki"" Polizzi",9,False,11,False
1958,17,"Nicole ""Snooki"" Polizzi",10,False,11,False
1959,17,"Nicole ""Snooki"" Polizzi",11,False,11,
1960,17,Valerie Harper,1,True,11,True
1961,17,Valerie Harper,2,True,11,True
1962,17,Valerie Harper,3,True,11,True
1963,17,Valerie Harper,4,True,11,False
1964,17,Valerie Harper,5,False,11,False
1965,17,Valerie Harper,6,False,11,False
1966,17,Valerie Harper,7,False,11,False
1967,17,Valerie Harper,8,False,11,False
1968,17,Valerie Harper,9,False,11,False
1969,17,Valerie Harper,10,False,11,False
1970,17,Valerie Harper,11,False,11,
1971,18,Amy Purdy,1,True,10,True
1972,18,Amy Purdy,2,True,10,True
1973,18,Amy Purdy,3,True,10,True
1974,18,Amy Purdy,4,True,10,True
1975,18,Amy Purdy,5,True,10,True
1976,18,Amy Purdy,6,True,10,True
1977,18,Amy Purdy,7,True,10,True
1978,18,Amy Purdy,8,True,10,True
1979,18,Amy Purdy,9,True,10,True
1980,18,Amy Purdy,10,True,10,
1981,18,Billy Dee Williams,1,True,10,True
1982,18,Billy Dee Williams,2,True,10,False
1983,18,Billy Dee Williams,3,False,10,False
1984,18,Billy Dee Williams,4,False,10,False
1985,18,Billy Dee Williams,5,False,10,False
1986,18,Billy Dee Williams,6,False,10,False
1987,18,Billy Dee Williams,7,False,10,False
1988,18,Billy Dee Williams,8,False,10,False
1989,18,Billy Dee Williams,9,False,10,False
1990,18,Billy Dee Williams,10,False,10,
1991,18,Candace Cameron Bure,1,True,10,True
1992,18,Candace Cameron Bure,2,True,10,True
1993,18,Candace Cameron Bure,3,True,10,True
1994,18,Candace Cameron Bure,4,True,10,True
1995,18,Candace Cameron Bure,5,True,10,True
1996,18,Candace Cameron Bure,6,True,10,True
1997,18,Candace Cameron Bure,7,True,10,True
1998,18,Candace Cameron Bure,8,True,10,True
1999,18,Candace Cameron Bure,9,True,10,True
2000,18,Candace Cameron Bure,10,True,10,
2001,18,Charlie White,1,True,10,True
2002,18,Charlie White,2,True,10,True
2003,18,Charlie White,3,True,10,True
2004,18,Charlie White,4,True,10,True
2005,18,Charlie White,5,True,10,True
2006,18,Charlie White,6,True,10,True
2007,18,Charlie White,7,True,10,True
2008,18,Charlie White,8,True,10,True
2009,18,Charlie White,9,True,10,False
2010,18,Charlie White,10,False,10,
2011,18,Cody Simpson,1,True,10,True
2012,18,Cody Simpson,2,True,10,True
2013,18,Cody Simpson,3,True,10,True
2014,18,Cody Simpson,4,True,10,True
2015,18,Cody Simpson,5,True,10,False
2016,18,Cody Simpson,6,False,10,False
2017,18,Cody Simpson,7,False,10,False
2018,18,Cody Simpson,8,False,10,False
2019,18,Cody Simpson,9,False,10,False
2020,18,Cody Simpson,10,False,10,
2021,18,Danica McKellar,1,True,10,True
2022,18,Danica McKellar,2,True,10,True
2023,18,Danica McKellar,3,True,10,True
2024,18,Danica McKellar,4,True,10,True
2025,18,Danica McKellar,5,True,10,True
2026,18,Danica McKellar,6,True,10,True
2027,18,Danica McKellar,7,True,10,True
2028,18,Danica McKellar,8,True,10,False
2029,18,Danica McKellar,9,False,10,False
2030,18,Danica McKellar,10,False,10,
2031,18,Diana Nyad,1,True,10,True
2032,18,Diana Nyad,2,True,10,False
2033,18,Diana Nyad,3,False,10,False
2034,18,Diana Nyad,4,False,10,False
2035,18,Diana Nyad,5,False,10,False
2036,18,Diana Nyad,6,False,10,False
2037,18,Diana Nyad,7,False,10,False
2038,18,Diana Nyad,8,False,10,False
2039,18,Diana Nyad,9,False,10,False
2040,18,Diana Nyad,10,False,10,
2041,18,Drew Carey,1,True,10,True
2042,18,Drew Carey,2,True,10,True
2043,18,Drew Carey,3,True,10,True
2044,18,Drew Carey,4,True,10,True
2045,18,Drew Carey,5,True,10,True
2046,18,Drew Carey,6,True,10,False
2047,18,Drew Carey,7,False,10,False
2048,18,Drew Carey,8,False,10,False
2049,18,Drew Carey,9,False,10,False
2050,18,Drew Carey,10,False,10,
2051,18,James Maslow,1,True,10,True
2052,18,James Maslow,2,True,10,True
2053,18,James Maslow,3,True,10,True
2054,18,James Maslow,4,True,10,True
2055,18,James Maslow,5,True,10,True
2056,18,James Maslow,6,True,10,True
2057,18,James Maslow,7,True,10,True
2058,18,James Maslow,8,True,10,True
2059,18,James Maslow,9,True,10,True
2060,18,James Maslow,10,True,10,
2061,18,Meryl Davis,1,True,10,True
2062,18,Meryl Davis,2,True,10,True
2063,18,Meryl Davis,3,True,10,True
2064,18,Meryl Davis,4,True,10,True
2065,18,Meryl Davis,5,True,10,True
2066,18,Meryl Davis,6,True,10,True
2067,18,Meryl Davis,7,True,10,True
2068,18,Meryl Davis,8,True,10,True
2069,18,Meryl Davis,9,True,10,True
2070,18,Meryl Davis,10,True,10,
2071,18,NeNe Leakes,1,True,10,True
2072,18,NeNe Leakes,2,True,10,True
2073,18,NeNe Leakes,3,True,10,True
2074,18,NeNe Leakes,4,True,10,True
2075,18,NeNe Leakes,5,True,10,True
2076,18,NeNe Leakes,6,True,10,True
2077,18,NeNe Leakes,7,True,10,False
2078,18,NeNe Leakes,8,False,10,False
2079,18,NeNe Leakes,9,False,10,False
2080,18,NeNe Leakes,10,False,10,
2081,18,Sean Avery,1,True,10,True
2082,18,Sean Avery,2,True,10,False
2083,18,Sean Avery,3,False,10,False
2084,18,Sean Avery,4,False,10,False
2085,18,Sean Avery,5,False,10,False
2086,18,Sean Avery,6,False,10,False
2087,18,Sean Avery,7,False,10,False
2088,18,Sean Avery,8,False,10,False
2089,18,Sean Avery,9,False,10,False
2090,18,Sean Avery,10,False,10,
2091,19,Alfonso Ribeiro,1,True,11,True
2092,19,Alfonso Ribeiro,2,True,11,True
2093,19,Alfonso Ribeiro,3,True,11,True
2094,19,Alfonso Ribeiro,4,True,11,True
2095,19,Alfonso Ribeiro,5,True,11,True
2096,19,Alfonso Ribeiro,6,True,11,True
2097,19,Alfonso Ribeiro,7,True,11,True
2098,19,Alfonso Ribeiro,8,True,11,True
2099,19,Alfonso Ribeiro,9,True,11,True
2100,19,Alfonso Ribeiro,10,True,11,True
2101,19,Alfonso Ribeiro,11,True,11,
2102,19,Antonio Sabato Jr.,1,True,11,True
2103,19,Antonio Sabato Jr.,2,True,11,True
2104,19,Antonio Sabato Jr.,3,True,11,True
2105,19,Antonio Sabato Jr.,4,True,11,True
2106,19,Antonio Sabato Jr.,5,True,11,True
2107,19,Antonio Sabato Jr.,6,True,11,True
2108,19,Antonio Sabato Jr.,7,True,11,False
2109,19,Antonio Sabato Jr.,8,False,11,False
2110,19,Antonio Sabato Jr.,9,False,11,False
2111,19,Antonio Sabato Jr.,10,False,11,False
2112,19,Antonio Sabato Jr.,11,False,11,
2113,19,Bethany Mota,1,True,11,True
2114,19,Bethany Mota,2,True,11,True
2115,19,Bethany Mota,3,True,11,True
2116,19,Bethany Mota,4,True,11,True
2117,19,Bethany Mota,5,True,11,True
2118,19,Bethany Mota,6,True,11,True
2119,19,Bethany Mota,7,True,11,True
2120,19,Bethany Mota,8,True,11,True
2121,19,Bethany Mota,9,True,11,True
2122,19,Bethany Mota,10,True,11,True
2123,19,Bethany Mota,11,True,11,
2124,19,Betsey Johnson,1,True,11,True
2125,19,Betsey Johnson,2,True,11,True
2126,19,Betsey Johnson,3,True,11,True
2127,19,Betsey Johnson,4,True,11,False
2128,19,Betsey Johnson,5,False,11,False
2129,19,Betsey Johnson,6,False,11,False
2130,19,Betsey Johnson,7,False,11,False
2131,19,Betsey Johnson,8,False,11,False
2132,19,Betsey Johnson,9,False,11,False
2133,19,Betsey Johnson,10,False,11,False
2134,19,Betsey Johnson,11,False,11,
2135,19,Janel Parrish,1,True,11,True
2136,19,Janel Parrish,2,True,11,True
2137,19,Janel Parrish,3,True,11,True
2138,19,Janel Parrish,4,True,11,True
2139,19,Janel Parrish,5,True,11,True
2140,19,Janel Parrish,6,True,11,True
2141,19,Janel Parrish,7,True,11,True
2142,19,Janel Parrish,8,True,11,True
2143,19,Janel Parrish,9,True,11,True
2144,19,Janel Parrish,10,True,11,True
2145,19,Janel Parrish,11,True,11,
2146,19,Jonathan Bennett,1,True,11,True
2147,19,Jonathan Bennett,2,True,11,True
2148,19,Jonathan Bennett,3,True,11,True
2149,19,Jonathan Bennett,4,True,11,True
2150,19,Jonathan Bennett,5,True,11,True
2151,19,Jonathan Bennett,6,True,11,False
2152,19,Jonathan Bennett,7,False,11,False
2153,19,Jonathan Bennett,8,False,11,False
2154,19,Jonathan Bennett,9,False,11,False
2155,19,Jonathan Bennett,10,False,11,False
2156,19,Jonathan Bennett,11,False,11,
2157,19,Lea Thompson,1,True,11,True
2158,19,Lea Thompson,2,True,11,True
2159,19,Lea Thompson,3,True,11,True
2160,19,Lea Thompson,4,True,11,True
2161,19,Lea Thompson,5,True,11,True
2162,19,Lea Thompson,6,True,11,True
2163,19,Lea Thompson,7,True,11,True
2164,19,Lea Thompson,8,True,11,True
2165,19,Lea Thompson,9,True,11,False
2166,19,Lea Thompson,10,False,11,False
2167,19,Lea Thompson,11,False,11,
2168,19,Lolo Jones,1,True,11,False
2169,19,Lolo Jones,2,False,11,False
2170,19,Lolo Jones,3,False,11,False
2171,19,Lolo Jones,4,False,11,False
2172,19,Lolo Jones,5,False,11,False
2173,19,Lolo Jones,6,False,11,False
2174,19,Lolo Jones,7,False,11,False
2175,19,Lolo Jones,8,False,11,False
2176,19,Lolo Jones,9,False,11,False
2177,19,Lolo Jones,10,False,11,False
2178,19,Lolo Jones,11,False,11,
2179,19,Michael Waltrip,1,True,11,True
2180,19,Michael Waltrip,2,True,11,True
2181,19,Michael Waltrip,3,True,11,True
2182,19,Michael Waltrip,4,True,11,True
2183,19,Michael Waltrip,5,True,11,True
2184,19,Michael Waltrip,6,True,11,True
2185,19,Michael Waltrip,7,True,11,True
2186,19,Michael Waltrip,8,True,11,False
2187,19,Michael Waltrip,9,False,11,False
2188,19,Michael Waltrip,10,False,11,False
2189,19,Michael Waltrip,11,False,11,
2190,19,Randy Couture,1,True,11,True
2191,19,Randy Couture,2,True,11,True
2192,19,Randy Couture,3,True,11,False
2193,19,Randy Couture,4,False,11,False
2194,19,Randy Couture,5,False,11,False
2195,19,Randy Couture,6,False,11,False
2196,19,Randy Couture,7,False,11,False
2197,19,Randy Couture,8,False,11,False
2198,19,Randy Couture,9,False,11,False
2199,19,Randy Couture,10,False,11,False
2200,19,Randy Couture,11,False,11,
2201,19,Sadie Robertson,1,True,11,True
2202,19,Sadie Robertson,2,True,11,True
2203,19,Sadie Robertson,3,True,11,True
2204,19,Sadie Robertson,4,True,11,True
2205,19,Sadie Robertson,5,True,11,True
2206,19,Sadie Robertson,6,True,11,True
2207,19,Sadie Robertson,7,True,11,True
2208,19,Sadie Robertson,8,True,11,True
2209,19,Sadie Robertson,9,True,11,True
2210,19,Sadie Robertson,10,True,11,True
2211,19,Sadie Robertson,11,True,11,
2212,19,Tavis Smiley,1,True,11,True
2213,19,Tavis Smiley,2,True,11,False
2214,19,Tavis Smiley,3,False,11,False
2215,19,Tavis Smiley,4,False,11,False
2216,19,Tavis Smiley,5,False,11,False
2217,19,Tavis Smiley,6,False,11,False
2218,19,Tavis Smiley,7,False,11,False
2219,19,Tavis Smiley,8,False,11,False
2220,19,Tavis Smiley,9,False,11,False
2221,19,Tavis Smiley,10,False,11,False
2222,19,Tavis Smiley,11,False,11,
2223,19,Tommy Chong,1,True,11,True
2224,19,Tommy Chong,2,True,11,True
2225,19,Tommy Chong,3,True,11,True
2226,19,Tommy Chong,4,True,11,True
2227,19,Tommy Chong,5,True,11,True
2228,19,Tommy Chong,6,True,11,True
2229,19,Tommy Chong,7,True,11,True
2230,19,Tommy Chong,8,True,11,True
2231,19,Tommy Chong,9,True,11,True
2232,19,Tommy Chong,10,True,11,False
2233,19,Tommy Chong,11,False,11,
2234,20,Charlotte McKinney,1,True,10,True
2235,20,Charlotte McKinney,2,True,10,True
2236,20,Charlotte McKinney,3,True,10,False
2237,20,Charlotte McKinney,4,False,10,False
2238,20,Charlotte McKinney,5,False,10,False
2239,20,Charlotte McKinney,6,False,10,False
2240,20,Charlotte McKinney,7,False,10,False
2241,20,Charlotte McKinney,8,False,10,False
2242,20,Charlotte McKinney,9,False,10,False
2243,20,Charlotte McKinney,10,False,10,
2244,20,Chris Soules,1,True,10,True
2245,20,Chris Soules,2,True,10,True
2246,20,Chris Soules,3,True,10,True
2247,20,Chris Soules,4,True,10,True
2248,20,Chris Soules,5,True,10,True
2249,20,Chris Soules,6,True,10,True
2250,20,Chris Soules,7,True,10,True
2251,20,Chris Soules,8,True,10,False
2252,20,Chris Soules,9,False,10,False
2253,20,Chris Soules,10,False,10,
2254,20,Michael Sam,1,True,10,True
2255,20,Michael Sam,2,True,10,True
2256,20,Michael Sam,3,True,10,True
2257,20,Michael Sam,4,True,10,False
2258,20,Michael Sam,5,False,10,False
2259,20,Michael Sam,6,False,10,False
2260,20,Michael Sam,7,False,10,False
2261,20,Michael Sam,8,False,10,False
2262,20,Michael Sam,9,False,10,False
2263,20,Michael Sam,10,False,10,
2264,20,Nastia Liukin,1,True,10,True
2265,20,Nastia Liukin,2,True,10,True
2266,20,Nastia Liukin,3,True,10,True
2267,20,Nastia Liukin,4,True,10,True
2268,20,Nastia Liukin,5,True,10,True
2269,20,Nastia Liukin,6,True,10,True
2270,20,Nastia Liukin,7,True,10,True
2271,20,Nastia Liukin,8,True,10,True
2272,20,Nastia Liukin,9,True,10,False
2273,20,Nastia Liukin,10,False,10,
2274,20,Noah Galloway,1,True,10,True
2275,20,Noah Galloway,2,True,10,True
2276,20,Noah Galloway,3,True,10,True
2277,20,Noah Galloway,4,True,10,True
2278,20,Noah Galloway,5,True,10,True
2279,20,Noah Galloway,6,True,10,True
2280,20,Noah Galloway,7,True,10,True
2281,20,Noah Galloway,8,True,10,True
2282,20,Noah Galloway,9,True,10,True
2283,20,Noah Galloway,10,True,10,
2284,20,Patti LaBelle,1,True,10,True
2285,20,Patti LaBelle,2,True,10,True
2286,20,Patti LaBelle,3,True,10,True
2287,20,Patti LaBelle,4,True,10,True
2288,20,Patti LaBelle,5,True,10,True
2289,20,Patti LaBelle,6,True,10,False
2290,20,Patti LaBelle,7,False,10,False
2291,20,Patti LaBelle,8,False,10,False
2292,20,Patti LaBelle,9,False,10,False
2293,20,Patti LaBelle,10,False,10,
2294,20,Redfoo,1,True,10,True
2295,20,Redfoo,2,True,10,False
2296,20,Redfoo,3,False,10,False
2297,20,Redfoo,4,False,10,False
2298,20,Redfoo,5,False,10,False
2299,20,Redfoo,6,False,10,False
2300,20,Redfoo,7,False,10,False
2301,20,Redfoo,8,False,10,False
2302,20,Redfoo,9,False,10,False
2303,20,Redfoo,10,False,10,
2304,20,Riker Lynch,1,True,10,True
2305,20,Riker Lynch,2,True,10,True
2306,20,Riker Lynch,3,True,10,True
2307,20,Riker Lynch,4,True,10,True
2308,20,Riker Lynch,5,True,10,True
2309,20,Riker Lynch,6,True,10,True
2310,20,Riker Lynch,7,True,10,True
2311,20,Riker Lynch,8,True,10,True
2312,20,Riker Lynch,9,True,10,True
2313,20,Riker Lynch,10,True,10,
2314,20,Robert Herjavec,1,True,10,True
2315,20,Robert Herjavec,2,True,10,True
2316,20,Robert Herjavec,3,True,10,True
2317,20,Robert Herjavec,4,True,10,True
2318,20,Robert Herjavec,5,True,10,True
2319,20,Robert Herjavec,6,True,10,True
2320,20,Robert Herjavec,7,True,10,True
2321,20,Robert Herjavec,8,True,10,False
2322,20,Robert Herjavec,9,False,10,False
2323,20,Robert Herjavec,10,False,10,
2324,20,Rumer Willis,1,True,10,True
2325,20,Rumer Willis,2,True,10,True
2326,20,Rumer Willis,3,True,10,True
2327,20,Rumer Willis,4,True,10,True
2328,20,Rumer Willis,5,True,10,True
2329,20,Rumer Willis,6,True,10,True
2330,20,Rumer Willis,7,True,10,True
2331,20,Rumer Willis,8,True,10,True
2332,20,Rumer Willis,9,True,10,True
2333,20,Rumer Willis,10,True,10,
2334,20,Suzanne Somers,1,True,10,True
2335,20,Suzanne Somers,2,True,10,True
2336,20,Suzanne Somers,3,True,10,True
2337,20,Suzanne Somers,4,True,10,True
2338,20,Suzanne Somers,5,True,10,False
2339,20,Suzanne Somers,6,False,10,False
2340,20,Suzanne Somers,7,False,10,False
2341,20,Suzanne Somers,8,False,10,False
2342,20,Suzanne Somers,9,False,10,False
2343,20,Suzanne Somers,10,False,10,
2344,20,Willow Shields,1,True,10,True
2345,20,Willow Shields,2,True,10,True
2346,20,Willow Shields,3,True,10,True
2347,20,Willow Shields,4,True,10,True
2348,20,Willow Shields,5,True,10,True
2349,20,Willow Shields,6,True,10,True
2350,20,Willow Shields,7,True,10,False
2351,20,Willow Shields,8,False,10,False
2352,20,Willow Shields,9,False,10,False
2353,20,Willow Shields,10,False,10,
2354,21,Alek Skarlatos,1,True,11,True
2355,21,Alek Skarlatos,2,True,11,True
2356,21,Alek Skarlatos,3,True,11,True
2357,21,Alek Skarlatos,4,True,11,True
2358,21,Alek Skarlatos,5,True,11,True
2359,21,Alek Skarlatos,6,True,11,True
2360,21,Alek Skarlatos,7,True,11,True
2361,21,Alek Skarlatos,8,True,11,True
2362,21,Alek Skarlatos,9,True,11,True
2363,21,Alek Skarlatos,10,True,11,True
2364,21,Alek Skarlatos,11,True,11,
2365,21,Alexa PenaVega,1,True,11,True
2366,21,Alexa PenaVega,2,True,11,True
2367,21,Alexa PenaVega,3,True,11,True
2368,21,Alexa PenaVega,4,True,11,True
2369,21,Alexa PenaVega,5,True,11,True
2370,21,Alexa PenaVega,6,True,11,True
2371,21,Alexa PenaVega,7,True,11,True
2372,21,Alexa PenaVega,8,True,11,True
2373,21,Alexa PenaVega,9,True,11,False
2374,21,Alexa PenaVega,10,False,11,False
2375,21,Alexa PenaVega,11,False,11,
2376,21,Andy Grammer,1,True,11,True
2377,21,Andy Grammer,2,True,11,True
2378,21,Andy Grammer,3,True,11,True
2379,21,Andy Grammer,4,True,11,True
2380,21,Andy Grammer,5,True,11,True
2381,21,Andy Grammer,6,True,11,True
2382,21,Andy Grammer,7,True,11,True
2383,21,Andy Grammer,8,True,11,False
2384,21,Andy Grammer,9,False,11,False
2385,21,Andy Grammer,10,False,11,False
2386,21,Andy Grammer,11,False,11,
2387,21,Bindi Irwin,1,True,11,True
2388,21,Bindi Irwin,2,True,11,True
2389,21,Bindi Irwin,3,True,11,True
2390,21,Bindi Irwin,4,True,11,True
2391,21,Bindi Irwin,5,True,11,True
2392,21,Bindi Irwin,6,True,11,True
2393,21,Bindi Irwin,7,True,11,True
2394,21,Bindi Irwin,8,True,11,True
2395,21,Bindi Irwin,9,True,11,True
2396,21,Bindi Irwin,10,True,11,True
2397,21,Bindi Irwin,11,True,11,
2398,21,Carlos PenaVega,1,True,11,True
2399,21,Carlos PenaVega,2,True,11,True
2400,21,Carlos PenaVega,3,True,11,True
2401,21,Carlos PenaVega,4,True,11,True
2402,21,Carlos PenaVega,5,True,11,True
2403,21,Carlos PenaVega,6,True,11,True
2404,21,Carlos PenaVega,7,True,11,True
2405,21,Carlos PenaVega,8,True,11,True
2406,21,Carlos PenaVega,9,True,11,True
2407,21,Carlos PenaVega,10,True,11,True
2408,21,Carlos PenaVega,11,True,11,
2409,21,Chaka Khan,1,True,11,True
2410,21,Chaka Khan,2,True,11,False
2411,21,Chaka Khan,3,False,11,False
2412,21,Chaka Khan,4,False,11,False
2413,21,Chaka Khan,5,False,11,False
2414,21,Chaka Khan,6,False,11,False
2415,21,Chaka Khan,7,False,11,False
2416,21,Chaka Khan,8,False,11,False
2417,21,Chaka Khan,9,False,11,False
2418,21,Chaka Khan,10,False,11,False
2419,21,Chaka Khan,11,False,11,
2420,21,Gary Busey,1,True,11,True
2421,21,Gary Busey,2,True,11,True
2422,21,Gary Busey,3,True,11,True
2423,21,Gary Busey,4,True,11,False
2424,21,Gary Busey,5,False,11,False
2425,21,Gary Busey,6,False,11,False
2426,21,Gary Busey,7,False,11,False
2427,21,Gary Busey,8,False,11,False
2428,21,Gary Busey,9,False,11,False
2429,21,Gary Busey,10,False,11,False
2430,21,Gary Busey,11,False,11,
2431,21,Hayes Grier,1,True,11,True
2432,21,Hayes Grier,2,True,11,True
2433,21,Hayes Grier,3,True,11,True
2434,21,Hayes Grier,4,True,11,True
2435,21,Hayes Grier,5,True,11,True
2436,21,Hayes Grier,6,True,11,True
2437,21,Hayes Grier,7,True,11,False
2438,21,Hayes Grier,8,False,11,False
2439,21,Hayes Grier,9,False,11,False
2440,21,Hayes Grier,10,False,11,False
2441,21,Hayes Grier,11,False,11,
2442,21,Kim Zolciak-Biermann,1,True,11,True
2443,21,Kim Zolciak-Biermann,2,True,11,False
2444,21,Kim Zolciak-Biermann,3,False,11,False
2445,21,Kim Zolciak-Biermann,4,False,11,False
2446,21,Kim Zolciak-Biermann,5,False,11,False
2447,21,Kim Zolciak-Biermann,6,False,11,False
2448,21,Kim Zolciak-Biermann,7,False,11,False
2449,21,Kim Zolciak-Biermann,8,False,11,False
2450,21,Kim Zolciak-Biermann,9,False,11,False
2451,21,Kim Zolciak-Biermann,10,False,11,False
2452,21,Kim Zolciak-Biermann,11,False,11,
2453,21,Nick Carter,1,True,11,True
2454,21,Nick Carter,2,True,11,True
2455,21,Nick Carter,3,True,11,True
2456,21,Nick Carter,4,True,11,True
2457,21,Nick Carter,5,True,11,True
2458,21,Nick Carter,6,True,11,True
2459,21,Nick Carter,7,True,11,True
2460,21,Nick Carter,8,True,11,True
2461,21,Nick Carter,9,True,11,True
2462,21,Nick Carter,10,True,11,True
2463,21,Nick Carter,11,True,11,
2464,21,Paula Deen,1,True,11,True
2465,21,Paula Deen,2,True,11,True
2466,21,Paula Deen,3,True,11,True
2467,21,Paula Deen,4,True,11,True
2468,21,Paula Deen,5,True,11,True
2469,21,Paula Deen,6,True,11,False
2470,21,Paula Deen,7,False,11,False
2471,21,Paula Deen,8,False,11,False
2472,21,Paula Deen,9,False,11,False
2473,21,Paula Deen,10,False,11,False
2474,21,Paula Deen,11,False,11,
2475,21,Tamar Braxton,1,True,11,True
2476,21,Tamar Braxton,2,True,11,True
2477,21,Tamar Braxton,3,True,11,True
2478,21,Tamar Braxton,4,True,11,True
2479,21,Tamar Braxton,5,True,11,True
2480,21,Tamar Braxton,6,True,11,True
2481,21,Tamar Braxton,7,True,11,True
2482,21,Tamar Braxton,8,True,11,True
2483,21,Tamar Braxton,9,True,11,False
2484,21,Tamar Braxton,10,False,11,False
2485,21,Tamar Braxton,11,False,11,
2486,21,Victor Espinoza,1,True,11,True
2487,21,Victor Espinoza,2,True,11,False
2488,21,Victor Espinoza,3,False,11,False
2489,21,Victor Espinoza,4,False,11,False
2490,21,Victor Espinoza,5,False,11,False
2491,21,Victor Espinoza,6,False,11,False
2492,21,Victor Espinoza,7,False,11,False
2493,21,Victor Espinoza,8,False,11,False
2494,21,Victor Espinoza,9,False,11,False
2495,21,Victor Espinoza,10,False,11,False
2496,21,Victor Espinoza,11,False,11,
2497,22,Antonio Brown,1,True,10,True
2498,22,Antonio Brown,2,True,10,True
2499,22,Antonio Brown,3,True,10,True
2500,22,Antonio Brown,4,True,10,True
2501,22,Antonio Brown,5,True,10,True
2502,22,Antonio Brown,6,True,10,True
2503,22,Antonio Brown,7,True,10,True
2504,22,Antonio Brown,8,True,10,True
2505,22,Antonio Brown,9,True,10,False
2506,22,Antonio Brown,10,False,10,
2507,22,Doug Flutie,1,True,10,True
2508,22,Doug Flutie,2,True,10,True
2509,22,Doug Flutie,3,True,10,True
2510,22,Doug Flutie,4,True,10,True
2511,22,Doug Flutie,5,True,10,True
2512,22,Doug Flutie,6,True,10,False
2513,22,Doug Flutie,7,False,10,False
2514,22,Doug Flutie,8,False,10,False
2515,22,Doug Flutie,9,False,10,False
2516,22,Doug Flutie,10,False,10,
2517,22,Geraldo Rivera,1,True,10,True
2518,22,Geraldo Rivera,2,True,10,False
2519,22,Geraldo Rivera,3,False,10,False
2520,22,Geraldo Rivera,4,False,10,False
2521,22,Geraldo Rivera,5,False,10,False
2522,22,Geraldo Rivera,6,False,10,False
2523,22,Geraldo Rivera,7,False,10,False
2524,22,Geraldo Rivera,8,False,10,False
2525,22,Geraldo Rivera,9,False,10,False
2526,22,Geraldo Rivera,10,False,10,
2527,22,Ginger Zee,1,True,10,True
2528,22,Ginger Zee,2,True,10,True
2529,22,Ginger Zee,3,True,10,True
2530,22,Ginger Zee,4,True,10,True
2531,22,Ginger Zee,5,True,10,True
2532,22,Ginger Zee,6,True,10,True
2533,22,Ginger Zee,7,True,10,True
2534,22,Ginger Zee,8,True,10,True
2535,22,Ginger Zee,9,True,10,True
2536,22,Ginger Zee,10,True,10,
2537,22,Jodie Sweetin,1,True,10,True
2538,22,Jodie Sweetin,2,True,10,True
2539,22,Jodie Sweetin,3,True,10,True
2540,22,Jodie Sweetin,4,True,10,True
2541,22,Jodie Sweetin,5,True,10,True
2542,22,Jodie Sweetin,6,True,10,True
2543,22,Jodie Sweetin,7,True,10,True
2544,22,Jodie Sweetin,8,True,10,False
2545,22,Jodie Sweetin,9,False,10,False
2546,22,Jodie Sweetin,10,False,10,
2547,22,Kim Fields,1,True,10,True
2548,22,Kim Fields,2,True,10,True
2549,22,Kim Fields,3,True,10,True
2550,22,Kim Fields,4,True,10,True
2551,22,Kim Fields,5,True,10,True
2552,22,Kim Fields,6,True,10,True
2553,22,Kim Fields,7,True,10,False
2554,22,Kim Fields,8,False,10,False
2555,22,Kim Fields,9,False,10,False
2556,22,Kim Fields,10,False,10,
2557,22,Marla Maples,1,True,10,True
2558,22,Marla Maples,2,True,10,True
2559,22,Marla Maples,3,True,10,True
2560,22,Marla Maples,4,True,10,False
2561,22,Marla Maples,5,False,10,False
2562,22,Marla Maples,6,False,10,False
2563,22,Marla Maples,7,False,10,False
2564,22,Marla Maples,8,False,10,False
2565,22,Marla Maples,9,False,10,False
2566,22,Marla Maples,10,False,10,
2567,22,Mischa Barton,1,True,10,True
2568,22,Mischa Barton,2,True,10,True
2569,22,Mischa Barton,3,True,10,False
2570,22,Mischa Barton,4,False,10,False
2571,22,Mischa Barton,5,False,10,False
2572,22,Mischa Barton,6,False,10,False
2573,22,Mischa Barton,7,False,10,False
2574,22,Mischa Barton,8,False,10,False
2575,22,Mischa Barton,9,False,10,False
2576,22,Mischa Barton,10,False,10,
2577,22,Nyle DiMarco,1,True,10,True
2578,22,Nyle DiMarco,2,True,10,True
2579,22,Nyle DiMarco,3,True,10,True
2580,22,Nyle DiMarco,4,True,10,True
2581,22,Nyle DiMarco,5,True,10,True
2582,22,Nyle DiMarco,6,True,10,True
2583,22,Nyle DiMarco,7,True,10,True
2584,22,Nyle DiMarco,8,True,10,True
2585,22,Nyle DiMarco,9,True,10,True
2586,22,Nyle DiMarco,10,True,10,
2587,22,Paige VanZant,1,True,10,True
2588,22,Paige VanZant,2,True,10,True
2589,22,Paige VanZant,3,True,10,True
2590,22,Paige VanZant,4,True,10,True
2591,22,Paige VanZant,5,True,10,True
2592,22,Paige VanZant,6,True,10,True
2593,22,Paige VanZant,7,True,10,True
2594,22,Paige VanZant,8,True,10,True
2595,22,Paige VanZant,9,True,10,True
2596,22,Paige VanZant,10,True,10,
2597,22,Von Miller,1,True,10,True
2598,22,Von Miller,2,True,10,True
2599,22,Von Miller,3,True,10,True
2600,22,Von Miller,4,True,10,True
2601,22,Von Miller,5,True,10,True
2602,22,Von Miller,6,True,10,True
2603,22,Von Miller,7,True,10,False
2604,22,Von Miller,8,False,10,False
2605,22,Von Miller,9,False,10,False
2606,22,Von Miller,10,False,10,
2607,22,Wanya Morris,1,True,10,True
2608,22,Wanya Morris,2,True,10,True
2609,22,Wanya Morris,3,True,10,True
2610,22,Wanya Morris,4,True,10,True
2611,22,Wanya Morris,5,True,10,True
2612,22,Wanya Morris,6,True,10,True
2613,22,Wanya Morris,7,True,10,True
2614,22,Wanya Morris,8,True,10,True
2615,22,Wanya Morris,9,True,10,False
2616,22,Wanya Morris,10,False,10,
2617,23,Amber Rose,1,True,11,True
2618,23,Amber Rose,2,True,11,True
2619,23,Amber Rose,3,True,11,True
2620,23,Amber Rose,4,True,11,True
2621,23,Amber Rose,5,True,11,True
2622,23,Amber Rose,6,True,11,False
2623,23,Amber Rose,7,False,11,False
2624,23,Amber Rose,8,False,11,False
2625,23,Amber Rose,9,False,11,False
2626,23,Amber Rose,10,False,11,False
2627,23,Amber Rose,11,False,11,
2628,23,Babyface,1,True,11,True
2629,23,Babyface,2,True,11,True
2630,23,Babyface,3,True,11,True
2631,23,Babyface,4,True,11,False
2632,23,Babyface,5,False,11,False
2633,23,Babyface,6,False,11,False
2634,23,Babyface,7,False,11,False
2635,23,Babyface,8,False,11,False
2636,23,Babyface,9,False,11,False
2637,23,Babyface,10,False,11,False
2638,23,Babyface,11,False,11,
2639,23,Calvin Johnson Jr.,1,True,11,True
2640,23,Calvin Johnson Jr.,2,True,11,True
2641,23,Calvin Johnson Jr.,3,True,11,True
2642,23,Calvin Johnson Jr.,4,True,11,True
2643,23,Calvin Johnson Jr.,5,True,11,True
2644,23,Calvin Johnson Jr.,6,True,11,True
2645,23,Calvin Johnson Jr.,7,True,11,True
2646,23,Calvin Johnson Jr.,8,True,11,True
2647,23,Calvin Johnson Jr.,9,True,11,True
2648,23,Calvin Johnson Jr.,10,True,11,True
2649,23,Calvin Johnson Jr.,11,True,11,
2650,23,Jake T. Austin,1,True,11,True
2651,23,Jake T. Austin,2,True,11,False
2652,23,Jake T. Austin,3,False,11,False
2653,23,Jake T. Austin,4,False,11,False
2654,23,Jake T. Austin,5,False,11,False
2655,23,Jake T. Austin,6,False,11,False
2656,23,Jake T. Austin,7,False,11,False
2657,23,Jake T. Austin,8,False,11,False
2658,23,Jake T. Austin,9,False,11,False
2659,23,Jake T. Austin,10,False,11,False
2660,23,Jake T. Austin,11,False,11,
2661,23,James Hinchcliffe,1,True,11,True
2662,23,James Hinchcliffe,2,True,11,True
2663,23,James Hinchcliffe,3,True,11,True
2664,23,James Hinchcliffe,4,True,11,True
2665,23,James Hinchcliffe,5,True,11,True
2666,23,James Hinchcliffe,6,True,11,True
2667,23,James Hinchcliffe,7,True,11,True
2668,23,James Hinchcliffe,8,True,11,True
2669,23,James Hinchcliffe,9,True,11,True
2670,23,James Hinchcliffe,10,True,11,True
2671,23,James Hinchcliffe,11,True,11,
2672,23,Jana Kramer,1,True,11,True
2673,23,Jana Kramer,2,True,11,True
2674,23,Jana Kramer,3,True,11,True
2675,23,Jana Kramer,4,True,11,True
2676,23,Jana Kramer,5,True,11,True
2677,23,Jana Kramer,6,True,11,True
2678,23,Jana Kramer,7,True,11,True
2679,23,Jana Kramer,8,True,11,True
2680,23,Jana Kramer,9,True,11,True
2681,23,Jana Kramer,10,True,11,True
2682,23,Jana Kramer,11,True,11,
2683,23,Laurie Hernandez,1,True,11,True
2684,23,Laurie Hernandez,2,True,11,True
2685,23,Laurie Hernandez,3,True,11,True
2686,23,Laurie Hernandez,4,True,11,True
2687,23,Laurie Hernandez,5,True,11,True
2688,23,Laurie Hernandez,6,True,11,True
2689,23,Laurie Hernandez,7,True,11,True
2690,23,Laurie Hernandez,8,True,11,True
2691,23,Laurie Hernandez,9,True,11,True
2692,23,Laurie Hernandez,10,True,11,True
2693,23,Laurie Hernandez,11,True,11,
2694,23,Marilu Henner,1,True,11,True
2695,23,Marilu Henner,2,True,11,True
2696,23,Marilu Henner,3,True,11,True
2697,23,Marilu Henner,4,True,11,True
2698,23,Marilu Henner,5,True,11,True
2699,23,Marilu Henner,6,True,11,True
2700,23,Marilu Henner,7,True,11,True
2701,23,Marilu Henner,8,True,11,True
2702,23,Marilu Henner,9,True,11,False
2703,23,Marilu Henner,10,False,11,False
2704,23,Marilu Henner,11,False,11,
2705,23,Maureen McCormick,1,True,11,True
2706,23,Maureen McCormick,2,True,11,True
2707,23,Maureen McCormick,3,True,11,True
2708,23,Maureen McCormick,4,True,11,True
2709,23,Maureen McCormick,5,True,11,True
2710,23,Maureen McCormick,6,True,11,True
2711,23,Maureen McCormick,7,True,11,False
2712,23,Maureen McCormick,8,False,11,False
2713,23,Maureen McCormick,9,False,11,False
2714,23,Maureen McCormick,10,False,11,False
2715,23,Maureen McCormick,11,False,11,
2716,23,Rick Perry,1,True,11,True
2717,23,Rick Perry,2,True,11,True
2718,23,Rick Perry,3,True,11,False
2719,23,Rick Perry,4,False,11,False
2720,23,Rick Perry,5,False,11,False
2721,23,Rick Perry,6,False,11,False
2722,23,Rick Perry,7,False,11,False
2723,23,Rick Perry,8,False,11,False
2724,23,Rick Perry,9,False,11,False
2725,23,Rick Perry,10,False,11,False
2726,23,Rick Perry,11,False,11,
2727,23,Ryan Lochte,1,True,11,True
2728,23,Ryan Lochte,2,True,11,True
2729,23,Ryan Lochte,3,True,11,True
2730,23,Ryan Lochte,4,True,11,True
2731,23,Ryan Lochte,5,True,11,True
2732,23,Ryan Lochte,6,True,11,True
2733,23,Ryan Lochte,7,True,11,True
2734,23,Ryan Lochte,8,True,11,False
2735,23,Ryan Lochte,9,False,11,False
2736,23,Ryan Lochte,10,False,11,False
2737,23,Ryan Lochte,11,False,11,
2738,23,Terra Jole,1,True,11,True
2739,23,Terra Jole,2,True,11,True
2740,23,Terra Jole,3,True,11,True
2741,23,Terra Jole,4,True,11,True
2742,23,Terra Jole,5,True,11,True
2743,23,Terra Jole,6,True,11,True
2744,23,Terra Jole,7,True,11,True
2745,23,Terra Jole,8,True,11,True
2746,23,Terra Jole,9,True,11,True
2747,23,Terra Jole,10,True,11,False
2748,23,Terra Jole,11,False,11,
2749,23,Vanilla Ice,1,True,11,True
2750,23,Vanilla Ice,2,True,11,True
2751,23,Vanilla Ice,3,True,11,True
2752,23,Vanilla Ice,4,True,11,False
2753,23,Vanilla Ice,5,False,11,False
2754,23,Vanilla Ice,6,False,11,False
2755,23,Vanilla Ice,7,False,11,False
2756,23,Vanilla Ice,8,False,11,False
2757,23,Vanilla Ice,9,False,11,False
2758,23,Vanilla Ice,10,False,11,False
2759,23,Vanilla Ice,11,False,11,
2760,24,Bonner Bolton,1,True,10,True
2761,24,Bonner Bolton,2,True,10,True
2762,24,Bonner Bolton,3,True,10,True
2763,24,Bonner Bolton,4,True,10,True
2764,24,Bonner Bolton,5,True,10,True
2765,24,Bonner Bolton,6,True,10,True
2766,24,Bonner Bolton,7,True,10,True
2767,24,Bonner Bolton,8,True,10,False
2768,24,Bonner Bolton,9,False,10,False
2769,24,Bonner Bolton,10,False,10,
2770,24,Charo,1,True,10,True
2771,24,Charo,2,True,10,True
2772,24,Charo,3,True,10,False
2773,24,Charo,4,False,10,False
2774,24,Charo,5,False,10,False
2775,24,Charo,6,False,10,False
2776,24,Charo,7,False,10,False
2777,24,Charo,8,False,10,False
2778,24,Charo,9,False,10,False
2779,24,Charo,10,False,10,
2780,24,Chris Kattan,1,True,10,True
2781,24,Chris Kattan,2,True,10,False
2782,24,Chris Kattan,3,False,10,False
2783,24,Chris Kattan,4,False,10,False
2784,24,Chris Kattan,5,False,10,False
2785,24,Chris Kattan,6,False,10,False
2786,24,Chris Kattan,7,False,10,False
2787,24,Chris Kattan,8,False,10,False
2788,24,Chris Kattan,9,False,10,False
2789,24,Chris Kattan,10,False,10,
2790,24,David Ross,1,True,10,True
2791,24,David Ross,2,True,10,True
2792,24,David Ross,3,True,10,True
2793,24,David Ross,4,True,10,True
2794,24,David Ross,5,True,10,True
2795,24,David Ross,6,True,10,True
2796,24,David Ross,7,True,10,True
2797,24,David Ross,8,True,10,True
2798,24,David Ross,9,True,10,True
2799,24,David Ross,10,True,10,
2800,24,Erika Jayne,1,True,10,True
2801,24,Erika Jayne,2,True,10,True
2802,24,Erika Jayne,3,True,10,True
2803,24,Erika Jayne,4,True,10,True
2804,24,Erika Jayne,5,True,10,False
2805,24,Erika Jayne,6,False,10,False
2806,24,Erika Jayne,7,False,10,False
2807,24,Erika Jayne,8,False,10,False
2808,24,Erika Jayne,9,False,10,False
2809,24,Erika Jayne,10,False,10,
2810,24,Heather Morris,1,True,10,True
2811,24,Heather Morris,2,True,10,True
2812,24,Heather Morris,3,True,10,True
2813,24,Heather Morris,4,True,10,True
2814,24,Heather Morris,5,True,10,True
2815,24,Heather Morris,6,True,10,False
2816,24,Heather Morris,7,False,10,False
2817,24,Heather Morris,8,False,10,False
2818,24,Heather Morris,9,False,10,False
2819,24,Heather Morris,10,False,10,
2820,24,Mr. T,1,True,10,True
2821,24,Mr. T,2,True,10,True
2822,24,Mr. T,3,True,10,True
2823,24,Mr. T,4,True,10,False
2824,24,Mr. T,5,False,10,False
2825,24,Mr. T,6,False,10,False
2826,24,Mr. T,7,False,10,False
2827,24,Mr. T,8,False,10,False
2828,24,Mr. T,9,False,10,False
2829,24,Mr. T,10,False,10,
2830,24,Nancy Kerrigan,1,True,10,True
2831,24,Nancy Kerrigan,2,True,10,True
2832,24,Nancy Kerrigan,3,True,10,True
2833,24,Nancy Kerrigan,4,True,10,True
2834,24,Nancy Kerrigan,5,True,10,True
2835,24,Nancy Kerrigan,6,True,10,True
2836,24,Nancy Kerrigan,7,True,10,False
2837,24,Nancy Kerrigan,8,False,10,False
2838,24,Nancy Kerrigan,9,False,10,False
2839,24,Nancy Kerrigan,10,False,10,
2840,24,Nick Viall,1,True,10,True
2841,24,Nick Viall,2,True,10,True
2842,24,Nick Viall,3,True,10,True
2843,24,Nick Viall,4,True,10,True
2844,24,Nick Viall,5,True,10,True
2845,24,Nick Viall,6,True,10,True
2846,24,Nick Viall,7,True,10,False
2847,24,Nick Viall,8,False,10,False
2848,24,Nick Viall,9,False,10,False
2849,24,Nick Viall,10,False,10,
2850,24,Normani,1,True,10,True
2851,24,Normani,2,True,10,True
2852,24,Normani,3,True,10,True
2853,24,Normani,4,True,10,True
2854,24,Normani,5,True,10,True
2855,24,Normani,6,True,10,True
2856,24,Normani,7,True,10,True
2857,24,Normani,8,True,10,True
2858,24,Normani,9,True,10,True
2859,24,Normani,10,True,10,
2860,24,Rashad Jennings,1,True,10,True
2861,24,Rashad Jennings,2,True,10,True
2862,24,Rashad Jennings,3,True,10,True
2863,24,Rashad Jennings,4,True,10,True
2864,24,Rashad Jennings,5,True,10,True
2865,24,Rashad Jennings,6,True,10,True
2866,24,Rashad Jennings,7,True,10,True
2867,24,Rashad Jennings,8,True,10,True
2868,24,Rashad Jennings,9,True,10,True
2869,24,Rashad Jennings,10,True,10,
2870,24,Simone Biles,1,True,10,True
2871,24,Simone Biles,2,True,10,True
2872,24,Simone Biles,3,True,10,True
2873,24,Simone Biles,4,True,10,True
2874,24,Simone Biles,5,True,10,True
2875,24,Simone Biles,6,True,10,True
2876,24,Simone Biles,7,True,10,True
2877,24,Simone Biles,8,True,10,True
2878,24,Simone Biles,9,True,10,False
2879,24,Simone Biles,10,False,10,
2880,25,Barbara Corcoran,1,True,10,True
2881,25,Barbara Corcoran,2,True,10,False
2882,25,Barbara Corcoran,3,False,10,False
2883,25,Barbara Corcoran,4,False,10,False
2884,25,Barbara Corcoran,5,False,10,False
2885,25,Barbara Corcoran,6,False,10,False
2886,25,Barbara Corcoran,7,False,10,False
2887,25,Barbara Corcoran,8,False,10,False
2888,25,Barbara Corcoran,9,False,10,False
2889,25,Barbara Corcoran,10,False,10,
2890,25,Debbie Gibson,1,True,10,True
2891,25,Debbie Gibson,2,True,10,False
2892,25,Debbie Gibson,3,False,10,False
2893,25,Debbie Gibson,4,False,10,False
2894,25,Debbie Gibson,5,False,10,False
2895,25,Debbie Gibson,6,False,10,False
2896,25,Debbie Gibson,7,False,10,False
2897,25,Debbie Gibson,8,False,10,False
2898,25,Debbie Gibson,9,False,10,False
2899,25,Debbie Gibson,10,False,10,
2900,25,Derek Fisher,1,True,10,True
2901,25,Derek Fisher,2,True,10,True
2902,25,Derek Fisher,3,True,10,True
2903,25,Derek Fisher,4,True,10,False
2904,25,Derek Fisher,5,False,10,False
2905,25,Derek Fisher,6,False,10,False
2906,25,Derek Fisher,7,False,10,False
2907,25,Derek Fisher,8,False,10,False
2908,25,Derek Fisher,9,False,10,False
2909,25,Derek Fisher,10,False,10,
2910,25,Drew Scott,1,True,10,True
2911,25,Drew Scott,2,True,10,True
2912,25,Drew Scott,3,True,10,True
2913,25,Drew Scott,4,True,10,True
2914,25,Drew Scott,5,True,10,True
2915,25,Drew Scott,6,True,10,True
2916,25,Drew Scott,7,True,10,True
2917,25,Drew Scott,8,True,10,True
2918,25,Drew Scott,9,True,10,True
2919,25,Drew Scott,10,True,10,
2920,25,Frankie Muniz,1,True,10,True
2921,25,Frankie Muniz,2,True,10,True
2922,25,Frankie Muniz,3,True,10,True
2923,25,Frankie Muniz,4,True,10,True
2924,25,Frankie Muniz,5,True,10,True
2925,25,Frankie Muniz,6,True,10,True
2926,25,Frankie Muniz,7,True,10,True
2927,25,Frankie Muniz,8,True,10,True
2928,25,Frankie Muniz,9,True,10,True
2929,25,Frankie Muniz,10,True,10,
2930,25,Jordan Fisher,1,True,10,True
2931,25,Jordan Fisher,2,True,10,True
2932,25,Jordan Fisher,3,True,10,True
2933,25,Jordan Fisher,4,True,10,True
2934,25,Jordan Fisher,5,True,10,True
2935,25,Jordan Fisher,6,True,10,True
2936,25,Jordan Fisher,7,True,10,True
2937,25,Jordan Fisher,8,True,10,True
2938,25,Jordan Fisher,9,True,10,True
2939,25,Jordan Fisher,10,True,10,
2940,25,Lindsey Stirling,1,True,10,True
2941,25,Lindsey Stirling,2,True,10,True
2942,25,Lindsey Stirling,3,True,10,True
2943,25,Lindsey Stirling,4,True,10,True
2944,25,Lindsey Stirling,5,True,10,True
2945,25,Lindsey Stirling,6,True,10,True
2946,25,Lindsey Stirling,7,True,10,True
2947,25,Lindsey Stirling,8,True,10,True
2948,25,Lindsey Stirling,9,True,10,True
2949,25,Lindsey Stirling,10,True,10,
2950,25,Nick Lachey,1,True,10,True
2951,25,Nick Lachey,2,True,10,True
2952,25,Nick Lachey,3,True,10,True
2953,25,Nick Lachey,4,True,10,True
2954,25,Nick Lachey,5,True,10,True
2955,25,Nick Lachey,6,True,10,False
2956,25,Nick Lachey,7,False,10,False
2957,25,Nick Lachey,8,False,10,False
2958,25,Nick Lachey,9,False,10,False
2959,25,Nick Lachey,10,False,10,
2960,25,Nikki Bella,1,True,10,True
2961,25,Nikki Bella,2,True,10,True
2962,25,Nikki Bella,3,True,10,True
2963,25,Nikki Bella,4,True,10,True
2964,25,Nikki Bella,5,True,10,True
2965,25,Nikki Bella,6,True,10,True
2966,25,Nikki Bella,7,True,10,False
2967,25,Nikki Bella,8,False,10,False
2968,25,Nikki Bella,9,False,10,False
2969,25,Nikki Bella,10,False,10,
2970,25,Sasha Pieterse,1,True,10,True
2971,25,Sasha Pieterse,2,True,10,True
2972,25,Sasha Pieterse,3,True,10,True
2973,25,Sasha Pieterse,4,True,10,True
2974,25,Sasha Pieterse,5,True,10,False
2975,25,Sasha Pieterse,6,False,10,False
2976,25,Sasha Pieterse,7,False,10,False
2977,25,Sasha Pieterse,8,False,10,False
2978,25,Sasha Pieterse,9,False,10,False
2979,25,Sasha Pieterse,10,False,10,
2980,25,Terrell Owens,1,True,10,True
2981,25,Terrell Owens,2,True,10,True
2982,25,Terrell Owens,3,True,10,True
2983,25,Terrell Owens,4,True,10,True
2984,25,Terrell Owens,5,True,10,True
2985,25,Terrell Owens,6,True,10,True
2986,25,Terrell Owens,7,True,10,True
2987,25,Terrell Owens,8,True,10,False
2988,25,Terrell Owens,9,False,10,False
2989,25,Terrell Owens,10,False,10,
2990,25,Vanessa Lachey,1,True,10,True
2991,25,Vanessa Lachey,2,True,10,True
2992,25,Vanessa Lachey,3,True,10,True
2993,25,Vanessa Lachey,4,True,10,True
2994,25,Vanessa Lachey,5,True,10,True
2995,25,Vanessa Lachey,6,True,10,True
2996,25,Vanessa Lachey,7,True,10,False
2997,25,Vanessa Lachey,8,False,10,False
2998,25,Vanessa Lachey,9,False,10,False
2999,25,Vanessa Lachey,10,False,10,
3000,25,Victoria Arlen,1,True,10,True
3001,25,Victoria Arlen,2,True,10,True
3002,25,Victoria Arlen,3,True,10,True
3003,25,Victoria Arlen,4,True,10,True
3004,25,Victoria Arlen,5,True,10,True
3005,25,Victoria Arlen,6,True,10,True
3006,25,Victoria Arlen,7,True,10,True
3007,25,Victoria Arlen,8,True,10,True
3008,25,Victoria Arlen,9,True,10,False
3009,25,Victoria Arlen,10,False,10,
3010,26,Adam Rippon,1,True,4,True
3011,26,Adam Rippon,2,True,4,True
3012,26,Adam Rippon,3,True,4,True
3013,26,Adam Rippon,4,True,4,
3014,26,Arike Ogunbowale,1,True,4,True
3015,26,Arike Ogunbowale,2,True,4,False
3016,26,Arike Ogunbowale,3,False,4,False
3017,26,Arike Ogunbowale,4,False,4,
3018,26,Chris Mazdzer,1,True,4,True
3019,26,Chris Mazdzer,2,True,4,True
3020,26,Chris Mazdzer,3,True,4,False
3021,26,Chris Mazdzer,4,False,4,
3022,26,Jamie Anderson,1,True,4,False
3023,26,Jamie Anderson,2,False,4,False
3024,26,Jamie Anderson,3,False,4,False
3025,26,Jamie Anderson,4,False,4,
3026,26,Jennie Finch Daigle,1,True,4,True
3027,26,Jennie Finch Daigle,2,True,4,True
3028,26,Jennie Finch Daigle,3,True,4,False
3029,26,Jennie Finch Daigle,4,False,4,
3030,26,Johnny Damon,1,True,4,False
3031,26,Johnny Damon,2,False,4,False
3032,26,Johnny Damon,3,False,4,False
3033,26,Johnny Damon,4,False,4,
3034,26,Josh Norman,1,True,4,True
3035,26,Josh Norman,2,True,4,True
3036,26,Josh Norman,3,True,4,True
3037,26,Josh Norman,4,True,4,
3038,26,Kareem Abdul-Jabbar,1,True,4,True
3039,26,Kareem Abdul-Jabbar,2,True,4,False
3040,26,Kareem Abdul-Jabbar,3,False,4,False
3041,26,Kareem Abdul-Jabbar,4,False,4,
3042,26,Mirai Nagasu,1,True,4,True
3043,26,Mirai Nagasu,2,True,4,True
3044,26,Mirai Nagasu,3,True,4,False
3045,26,Mirai Nagasu,4,False,4,
3046,26,Tonya Harding,1,True,4,True
3047,26,Tonya Harding,2,True,4,True
3048,26,Tonya Harding,3,True,4,True
3049,26,Tonya Harding,4,True,4,
3050,27,Alexis Ren,1,True,9,True
3051,27,Alexis Ren,2,True,9,True
3052,27,Alexis Ren,3,True,9,True
3053,27,Alexis Ren,4,True,9,True
3054,27,Alexis Ren,5,True,9,True
3055,27,Alexis Ren,6,True,9,True
3056,27,Alexis Ren,7,True,9,True
3057,27,Alexis Ren,8,True,9,True
3058,27,Alexis Ren,9,True,9,
3059,27,Bobby Bones,1,True,9,True
3060,27,Bobby Bones,2,True,9,True
3061,27,Bobby Bones,3,True,9,True
3062,27,Bobby Bones,4,True,9,True
3063,27,Bobby Bones,5,True,9,True
3064,27,Bobby Bones,6,True,9,True
3065,27,Bobby Bones,7,True,9,True
3066,27,Bobby Bones,8,True,9,True
3067,27,Bobby Bones,9,True,9,
3068,27,Danelle Umstead,1,True,9,True
3069,27,Danelle Umstead,2,True,9,False
3070,27,Danelle Umstead,3,False,9,False
3071,27,Danelle Umstead,4,False,9,False
3072,27,Danelle Umstead,5,False,9,False
3073,27,Danelle Umstead,6,False,9,False
3074,27,Danelle Umstead,7,False,9,False
3075,27,Danelle Umstead,8,False,9,False
3076,27,Danelle Umstead,9,False,9,
3077,27,DeMarcus Ware,1,True,9,True
3078,27,DeMarcus Ware,2,True,9,True
3079,27,DeMarcus Ware,3,True,9,True
3080,27,DeMarcus Ware,4,True,9,True
3081,27,DeMarcus Ware,5,True,9,True
3082,27,DeMarcus Ware,6,True,9,True
3083,27,DeMarcus Ware,7,True,9,False
3084,27,DeMarcus Ware,8,False,9,False
3085,27,DeMarcus Ware,9,False,9,
3086,27,Evanna Lynch,1,True,9,True
3087,27,Evanna Lynch,2,True,9,True
3088,27,Evanna Lynch,3,True,9,True
3089,27,Evanna Lynch,4,True,9,True
3090,27,Evanna Lynch,5,True,9,True
3091,27,Evanna Lynch,6,True,9,True
3092,27,Evanna Lynch,7,True,9,True
3093,27,Evanna Lynch,8,True,9,True
3094,27,Evanna Lynch,9,True,9,
3095,27,Joe Amabile,1,True,9,True
3096,27,Joe Amabile,2,True,9,True
3097,27,Joe Amabile,3,True,9,True
3098,27,Joe Amabile,4,True,9,True
3099,27,Joe Amabile,5,True,9,True
3100,27,Joe Amabile,6,True,9,True
3101,27,Joe Amabile,7,True,9,True
3102,27,Joe Amabile,8,True,9,False
3103,27,Joe Amabile,9,False,9,
3104,27,John Schneider,1,True,9,True
3105,27,John Schneider,2,True,9,True
3106,27,John Schneider,3,True,9,True
3107,27,John Schneider,4,True,9,True
3108,27,John Schneider,5,True,9,True
3109,27,John Schneider,6,True,9,True
3110,27,John Schneider,7,True,9,False
3111,27,John Schneider,8,False,9,False
3112,27,John Schneider,9,False,9,
3113,27,Juan Pablo Di Pace,1,True,9,True
3114,27,Juan Pablo Di Pace,2,True,9,True
3115,27,Juan Pablo Di Pace,3,True,9,True
3116,27,Juan Pablo Di Pace,4,True,9,True
3117,27,Juan Pablo Di Pace,5,True,9,True
3118,27,Juan Pablo Di Pace,6,True,9,True
3119,27,Juan Pablo Di Pace,7,True,9,True
3120,27,Juan Pablo Di Pace,8,True,9,False
3121,27,Juan Pablo Di Pace,9,False,9,
3122,27,Mary Lou Retton,1,True,9,True
3123,27,Mary Lou Retton,2,True,9,True
3124,27,Mary Lou Retton,3,True,9,True
3125,27,Mary Lou Retton,4,True,9,True
3126,27,Mary Lou Retton,5,True,9,True
3127,27,Mary Lou Retton,6,True,9,False
3128,27,Mary Lou Retton,7,False,9,False
3129,27,Mary Lou Retton,8,False,9,False
3130,27,Mary Lou Retton,9,False,9,
3131,27,Milo Manheim,1,True,9,True
3132,27,Milo Manheim,2,True,9,True
3133,27,Milo Manheim,3,True,9,True
3134,27,Milo Manheim,4,True,9,True
3135,27,Milo Manheim,5,True,9,True
3136,27,Milo Manheim,6,True,9,True
3137,27,Milo Manheim,7,True,9,True
3138,27,Milo Manheim,8,True,9,True
3139,27,Milo Manheim,9,True,9,
3140,27,Nancy McKeon,1,True,9,True
3141,27,Nancy McKeon,2,True,9,True
3142,27,Nancy McKeon,3,True,9,False
3143,27,Nancy McKeon,4,False,9,False
3144,27,Nancy McKeon,5,False,9,False
3145,27,Nancy McKeon,6,False,9,False
3146,27,Nancy McKeon,7,False,9,False
3147,27,Nancy McKeon,8,False,9,False
3148,27,Nancy McKeon,9,False,9,
3149,27,Nikki Glaser,1,True,9,False
3150,27,Nikki Glaser,2,False,9,False
3151,27,Nikki Glaser,3,False,9,False
3152,27,Nikki Glaser,4,False,9,False
3153,27,Nikki Glaser,5,False,9,False
3154,27,Nikki Glaser,6,False,9,False
3155,27,Nikki Glaser,7,False,9,False
3156,27,Nikki Glaser,8,False,9,False
3157,27,Nikki Glaser,9,False,9,
3158,27,Tinashe,1,True,9,True
3159,27,Tinashe,2,True,9,True
3160,27,Tinashe,3,True,9,True
3161,27,Tinashe,4,True,9,False
3162,27,Tinashe,5,False,9,False
3163,27,Tinashe,6,False,9,False
3164,27,Tinashe,7,False,9,False
3165,27,Tinashe,8,False,9,False
3166,27,Tinashe,9,False,9,
3167,28,Ally Brooke,1,True,11,True
3168,28,Ally Brooke,2,True,11,True
3169,28,Ally Brooke,3,True,11,True
3170,28,Ally Brooke,4,True,11,True
3171,28,Ally Brooke,5,True,11,True
3172,28,Ally Brooke,6,True,11,True
3173,28,Ally Brooke,7,True,11,True
3174,28,Ally Brooke,8,True,11,True
3175,28,Ally Brooke,9,True,11,True
3176,28,Ally Brooke,10,True,11,True
3177,28,Ally Brooke,11,True,11,
3178,28,Hannah Brown,1,True,11,True
3179,28,Hannah Brown,2,True,11,True
3180,28,Hannah Brown,3,True,11,True
3181,28,Hannah Brown,4,True,11,True
3182,28,Hannah Brown,5,True,11,True
3183,28,Hannah Brown,6,True,11,True
3184,28,Hannah Brown,7,True,11,True
3185,28,Hannah Brown,8,True,11,True
3186,28,Hannah Brown,9,True,11,True
3187,28,Hannah Brown,10,True,11,True
3188,28,Hannah Brown,11,True,11,
3189,28,James Van Der Beek,1,True,11,True
3190,28,James Van Der Beek,2,True,11,True
3191,28,James Van Der Beek,3,True,11,True
3192,28,James Van Der Beek,4,True,11,True
3193,28,James Van Der Beek,5,True,11,True
3194,28,James Van Der Beek,6,True,11,True
3195,28,James Van Der Beek,7,True,11,True
3196,28,James Van Der Beek,8,True,11,True
3197,28,James Van Der Beek,9,True,11,True
3198,28,James Van Der Beek,10,True,11,False
3199,28,James Van Der Beek,11,False,11,
3200,28,Karamo Brown,1,True,11,True
3201,28,Karamo Brown,2,True,11,True
3202,28,Karamo Brown,3,True,11,True
3203,28,Karamo Brown,4,True,11,True
3204,28,Karamo Brown,5,True,11,True
3205,28,Karamo Brown,6,True,11,True
3206,28,Karamo Brown,7,True,11,False
3207,28,Karamo Brown,8,False,11,False
3208,28,Karamo Brown,9,False,11,False
3209,28,Karamo Brown,10,False,11,False
3210,28,Karamo Brown,11,False,11,
3211,28,Kate Flannery,1,True,11,True
3212,28,Kate Flannery,2,True,11,True
3213,28,Kate Flannery,3,True,11,True
3214,28,Kate Flannery,4,True,11,True
3215,28,Kate Flannery,5,True,11,True
3216,28,Kate Flannery,6,True,11,True
3217,28,Kate Flannery,7,True,11,True
3218,28,Kate Flannery,8,True,11,False
3219,28,Kate Flannery,9,False,11,False
3220,28,Kate Flannery,10,False,11,False
3221,28,Kate Flannery,11,False,11,
3222,28,Kel Mitchell,1,True,11,True
3223,28,Kel Mitchell,2,True,11,True
3224,28,Kel Mitchell,3,True,11,True
3225,28,Kel Mitchell,4,True,11,True
3226,28,Kel Mitchell,5,True,11,True
3227,28,Kel Mitchell,6,True,11,True
3228,28,Kel Mitchell,7,True,11,True
3229,28,Kel Mitchell,8,True,11,True
3230,28,Kel Mitchell,9,True,11,True
3231,28,Kel Mitchell,10,True,11,True
3232,28,Kel Mitchell,11,True,11,
3233,28,Lamar Odom,1,True,11,True
3234,28,Lamar Odom,2,True,11,True
3235,28,Lamar Odom,3,True,11,True
3236,28,Lamar Odom,4,True,11,False
3237,28,Lamar Odom,5,False,11,False
3238,28,Lamar Odom,6,False,11,False
3239,28,Lamar Odom,7,False,11,False
3240,28,Lamar Odom,8,False,11,False
3241,28,Lamar Odom,9,False,11,False
3242,28,Lamar Odom,10,False,11,False
3243,28,Lamar Odom,11,False,11,
3244,28,Lauren Alaina,1,True,11,True
3245,28,Lauren Alaina,2,True,11,True
3246,28,Lauren Alaina,3,True,11,True
3247,28,Lauren Alaina,4,True,11,True
3248,28,Lauren Alaina,5,True,11,True
3249,28,Lauren Alaina,6,True,11,True
3250,28,Lauren Alaina,7,True,11,True
3251,28,Lauren Alaina,8,True,11,True
3252,28,Lauren Alaina,9,True,11,True
3253,28,Lauren Alaina,10,True,11,True
3254,28,Lauren Alaina,11,True,11,
3255,28,Mary Wilson,1,True,11,True
3256,28,Mary Wilson,2,True,11,False
3257,28,Mary Wilson,3,False,11,False
3258,28,Mary Wilson,4,False,11,False
3259,28,Mary Wilson,5,False,11,False
3260,28,Mary Wilson,6,False,11,False
3261,28,Mary Wilson,7,False,11,False
3262,28,Mary Wilson,8,False,11,False
3263,28,Mary Wilson,9,False,11,False
3264,28,Mary Wilson,10,False,11,False
3265,28,Mary Wilson,11,False,11,
3266,28,Ray Lewis,1,True,11,True
3267,28,Ray Lewis,2,True,11,False
3268,28,Ray Lewis,3,False,11,False
3269,28,Ray Lewis,4,False,11,False
3270,28,Ray Lewis,5,False,11,False
3271,28,Ray Lewis,6,False,11,False
3272,28,Ray Lewis,7,False,11,False
3273,28,Ray Lewis,8,False,11,False
3274,28,Ray Lewis,9,False,11,False
3275,28,Ray Lewis,10,False,11,False
3276,28,Ray Lewis,11,False,11,
3277,28,Sailor Brinkley-Cook,1,True,11,True
3278,28,Sailor Brinkley-Cook,2,True,11,True
3279,28,Sailor Brinkley-Cook,3,True,11,True
3280,28,Sailor Brinkley-Cook,4,True,11,True
3281,28,Sailor Brinkley-Cook,5,True,11,True
3282,28,Sailor Brinkley-Cook,6,True,11,False
3283,28,Sailor Brinkley-Cook,7,False,11,False
3284,28,Sailor Brinkley-Cook,8,False,11,False
3285,28,Sailor Brinkley-Cook,9,False,11,False
3286,28,Sailor Brinkley-Cook,10,False,11,False
3287,28,Sailor Brinkley-Cook,11,False,11,
3288,28,Sean Spicer,1,True,11,True
3289,28,Sean Spicer,2,True,11,True
3290,28,Sean Spicer,3,True,11,True
3291,28,Sean Spicer,4,True,11,True
3292,28,Sean Spicer,5,True,11,True
3293,28,Sean Spicer,6,True,11,True
3294,28,Sean Spicer,7,True,11,True
3295,28,Sean Spicer,8,True,11,True
3296,28,Sean Spicer,9,True,11,False
3297,28,Sean Spicer,10,False,11,False
3298,28,Sean Spicer,11,False,11,
3299,29,AJ McLean,1,True,11,True
3300,29,AJ McLean,2,True,11,True
3301,29,AJ McLean,3,True,11,True
3302,29,AJ McLean,4,True,11,True
3303,29,AJ McLean,5,True,11,True
3304,29,AJ McLean,6,True,11,True
3305,29,AJ McLean,7,True,11,True
3306,29,AJ McLean,8,True,11,True
3307,29,AJ McLean,9,True,11,False
3308,29,AJ McLean,10,False,11,False
3309,29,AJ McLean,11,False,11,
3310,29,Anne Heche,1,True,11,True
3311,29,Anne Heche,2,True,11,True
3312,29,Anne Heche,3,True,11,True
3313,29,Anne Heche,4,True,11,False
3314,29,Anne Heche,5,False,11,False
3315,29,Anne Heche,6,False,11,False
3316,29,Anne Heche,7,False,11,False
3317,29,Anne Heche,8,False,11,False
3318,29,Anne Heche,9,False,11,False
3319,29,Anne Heche,10,False,11,False
3320,29,Anne Heche,11,False,11,
3321,29,Carole Baskin,1,True,11,True
3322,29,Carole Baskin,2,True,11,True
3323,29,Carole Baskin,3,True,11,False
3324,29,Carole Baskin,4,False,11,False
3325,29,Carole Baskin,5,False,11,False
3326,29,Carole Baskin,6,False,11,False
3327,29,Carole Baskin,7,False,11,False
3328,29,Carole Baskin,8,False,11,False
3329,29,Carole Baskin,9,False,11,False
3330,29,Carole Baskin,10,False,11,False
3331,29,Carole Baskin,11,False,11,
3332,29,Charles Oakley,1,True,11,True
3333,29,Charles Oakley,2,True,11,False
3334,29,Charles Oakley,3,False,11,False
3335,29,Charles Oakley,4,False,11,False
3336,29,Charles Oakley,5,False,11,False
3337,29,Charles Oakley,6,False,11,False
3338,29,Charles Oakley,7,False,11,False
3339,29,Charles Oakley,8,False,11,False
3340,29,Charles Oakley,9,False,11,False
3341,29,Charles Oakley,10,False,11,False
3342,29,Charles Oakley,11,False,11,
3343,29,Chrishell Stause,1,True,11,True
3344,29,Chrishell Stause,2,True,11,True
3345,29,Chrishell Stause,3,True,11,True
3346,29,Chrishell Stause,4,True,11,True
3347,29,Chrishell Stause,5,True,11,True
3348,29,Chrishell Stause,6,True,11,True
3349,29,Chrishell Stause,7,True,11,True
3350,29,Chrishell Stause,8,True,11,False
3351,29,Chrishell Stause,9,False,11,False
3352,29,Chrishell Stause,10,False,11,False
3353,29,Chrishell Stause,11,False,11,
3354,29,Jeannie Mai,1,True,11,True
3355,29,Jeannie Mai,2,True,11,True
3356,29,Jeannie Mai,3,True,11,True
3357,29,Jeannie Mai,4,True,11,True
3358,29,Jeannie Mai,5,True,11,True
3359,29,Jeannie Mai,6,True,11,True
3360,29,Jeannie Mai,7,True,11,False
3361,29,Jeannie Mai,8,False,11,False
3362,29,Jeannie Mai,9,False,11,False
3363,29,Jeannie Mai,10,False,11,False
3364,29,Jeannie Mai,11,False,11,
3365,29,Jesse Metcalfe,1,True,11,True
3366,29,Jesse Metcalfe,2,True,11,True
3367,29,Jesse Metcalfe,3,True,11,True
3368,29,Jesse Metcalfe,4,True,11,True
3369,29,Jesse Metcalfe,5,True,11,False
3370,29,Jesse Metcalfe,6,False,11,False
3371,29,Jesse Metcalfe,7,False,11,False
3372,29,Jesse Metcalfe,8,False,11,False
3373,29,Jesse Metcalfe,9,False,11,False
3374,29,Jesse Metcalfe,10,False,11,False
3375,29,Jesse Metcalfe,11,False,11,
3376,29,Johnny Weir,1,True,11,True
3377,29,Johnny Weir,2,True,11,True
3378,29,Johnny Weir,3,True,11,True
3379,29,Johnny Weir,4,True,11,True
3380,29,Johnny Weir,5,True,11,True
3381,29,Johnny Weir,6,True,11,True
3382,29,Johnny Weir,7,True,11,True
3383,29,Johnny Weir,8,True,11,True
3384,29,Johnny Weir,9,True,11,True
3385,29,Johnny Weir,10,True,11,False
3386,29,Johnny Weir,11,False,11,
3387,29,Justina Machado,1,True,11,True
3388,29,Justina Machado,2,True,11,True
3389,29,Justina Machado,3,True,11,True
3390,29,Justina Machado,4,True,11,True
3391,29,Justina Machado,5,True,11,True
3392,29,Justina Machado,6,True,11,True
3393,29,Justina Machado,7,True,11,True
3394,29,Justina Machado,8,True,11,True
3395,29,Justina Machado,9,True,11,True
3396,29,Justina Machado,10,True,11,True
3397,29,Justina Machado,11,True,11,
3398,29,Kaitlyn Bristowe,1,True,11,True
3399,29,Kaitlyn Bristowe,2,True,11,True
3400,29,Kaitlyn Bristowe,3,True,11,True
3401,29,Kaitlyn Bristowe,4,True,11,True
3402,29,Kaitlyn Bristowe,5,True,11,True
3403,29,Kaitlyn Bristowe,6,True,11,True
3404,29,Kaitlyn Bristowe,7,True,11,True
3405,29,Kaitlyn Bristowe,8,True,11,True
3406,29,Kaitlyn Bristowe,9,True,11,True
3407,29,Kaitlyn Bristowe,10,True,11,True
3408,29,Kaitlyn Bristowe,11,True,11,
3409,29,Monica Aldama,1,True,11,True
3410,29,Monica Aldama,2,True,11,True
3411,29,Monica Aldama,3,True,11,True
3412,29,Monica Aldama,4,True,11,True
3413,29,Monica Aldama,5,True,11,True
3414,29,Monica Aldama,6,True,11,True
3415,29,Monica Aldama,7,True,11,False
3416,29,Monica Aldama,8,False,11,False
3417,29,Monica Aldama,9,False,11,False
3418,29,Monica Aldama,10,False,11,False
3419,29,Monica Aldama,11,False,11,
3420,29,Nelly,1,True,11,True
3421,29,Nelly,2,True,11,True
3422,29,Nelly,3,True,11,True
3423,29,Nelly,4,True,11,True
3424,29,Nelly,5,True,11,True
3425,29,Nelly,6,True,11,True
3426,29,Nelly,7,True,11,True
3427,29,Nelly,8,True,11,True
3428,29,Nelly,9,True,11,True
3429,29,Nelly,10,True,11,True
3430,29,Nelly,11,True,11,
3431,29,Nev Schulman,1,True,11,True
3432,29,Nev Schulman,2,True,11,True
3433,29,Nev Schulman,3,True,11,True
3434,29,Nev Schulman,4,True,11,True
3435,29,Nev Schulman,5,True,11,True
3436,29,Nev Schulman,6,True,11,True
3437,29,Nev Schulman,7,True,11,True
3438,29,Nev Schulman,8,True,11,True
3439,29,Nev Schulman,9,True,11,True
3440,29,Nev Schulman,10,True,11,True
3441,29,Nev Schulman,11,True,11,
3442,29,Skai Jackson,1,True,11,True
3443,29,Skai Jackson,2,True,11,True
3444,29,Skai Jackson,3,True,11,True
3445,29,Skai Jackson,4,True,11,True
3446,29,Skai Jackson,5,True,11,True
3447,29,Skai Jackson,6,True,11,True
3448,29,Skai Jackson,7,True,11,True
3449,29,Skai Jackson,8,True,11,True
3450,29,Skai Jackson,9,True,11,True
3451,29,Skai Jackson,10,True,11,False
3452,29,Skai Jackson,11,False,11,
3453,29,Veron Davis,1,True,11,True
3454,29,Veron Davis,2,True,11,True
3455,29,Veron Davis,3,True,11,True
3456,29,Veron Davis,4,True,11,True
3457,29,Veron Davis,5,True,11,True
3458,29,Veron Davis,6,True,11,False
3459,29,Veron Davis,7,False,11,False
3460,29,Veron Davis,8,False,11,False
3461,29,Veron Davis,9,False,11,False
3462,29,Veron Davis,10,False,11,False
3463,29,Veron Davis,11,False,11,
3464,30,Amanda Kloots,1,True,10,True
3465,30,Amanda Kloots,2,True,10,True
3466,30,Amanda Kloots,3,True,10,True
3467,30,Amanda Kloots,4,True,10,True
3468,30,Amanda Kloots,5,True,10,True
3469,30,Amanda Kloots,6,True,10,True
3470,30,Amanda Kloots,7,True,10,True
3471,30,Amanda Kloots,8,True,10,True
3472,30,Amanda Kloots,9,True,10,True
3473,30,Amanda Kloots,10,True,10,
3474,30,Brian Austin Green,1,True,10,True
3475,30,Brian Austin Green,2,True,10,True
3476,30,Brian Austin Green,3,True,10,True
3477,30,Brian Austin Green,4,True,10,False
3478,30,Brian Austin Green,5,False,10,False
3479,30,Brian Austin Green,6,False,10,False
3480,30,Brian Austin Green,7,False,10,False
3481,30,Brian Austin Green,8,False,10,False
3482,30,Brian Austin Green,9,False,10,False
3483,30,Brian Austin Green,10,False,10,
3484,30,Christine Chiu,1,True,10,True
3485,30,Christine Chiu,2,True,10,True
3486,30,Christine Chiu,3,True,10,False
3487,30,Christine Chiu,4,False,10,False
3488,30,Christine Chiu,5,False,10,False
3489,30,Christine Chiu,6,False,10,False
3490,30,Christine Chiu,7,False,10,False
3491,30,Christine Chiu,8,False,10,False
3492,30,Christine Chiu,9,False,10,False
3493,30,Christine Chiu,10,False,10,
3494,30,Cody Rigsby,1,True,10,True
3495,30,Cody Rigsby,2,True,10,True
3496,30,Cody Rigsby,3,True,10,True
3497,30,Cody Rigsby,4,True,10,True
3498,30,Cody Rigsby,5,True,10,True
3499,30,Cody Rigsby,6,True,10,True
3500,30,Cody Rigsby,7,True,10,True
3501,30,Cody Rigsby,8,True,10,True
3502,30,Cody Rigsby,9,True,10,True
3503,30,Cody Rigsby,10,True,10,
3504,30,Iman Shumpert,1,True,10,True
3505,30,Iman Shumpert,2,True,10,True
3506,30,Iman Shumpert,3,True,10,True
3507,30,Iman Shumpert,4,True,10,True
3508,30,Iman Shumpert,5,True,10,True
3509,30,Iman Shumpert,6,True,10,True
3510,30,Iman Shumpert,7,True,10,True
3511,30,Iman Shumpert,8,True,10,True
3512,30,Iman Shumpert,9,True,10,True
3513,30,Iman Shumpert,10,True,10,
3514,30,Jimmie Allen,1,True,10,True
3515,30,Jimmie Allen,2,True,10,True
3516,30,Jimmie Allen,3,True,10,True
3517,30,Jimmie Allen,4,True,10,True
3518,30,Jimmie Allen,5,True,10,True
3519,30,Jimmie Allen,6,True,10,True
3520,30,Jimmie Allen,7,True,10,True
3521,30,Jimmie Allen,8,True,10,False
3522,30,Jimmie Allen,9,False,10,False
3523,30,Jimmie Allen,10,False,10,
3524,30,JoJo Siwa,1,True,10,True
3525,30,JoJo Siwa,2,True,10,True
3526,30,JoJo Siwa,3,True,10,True
3527,30,JoJo Siwa,4,True,10,True
3528,30,JoJo Siwa,5,True,10,True
3529,30,JoJo Siwa,6,True,10,True
3530,30,JoJo Siwa,7,True,10,True
3531,30,JoJo Siwa,8,True,10,True
3532,30,JoJo Siwa,9,True,10,True
3533,30,JoJo Siwa,10,True,10,
3534,30,Kenya Moore,1,True,10,True
3535,30,Kenya Moore,2,True,10,True
3536,30,Kenya Moore,3,True,10,True
3537,30,Kenya Moore,4,True,10,True
3538,30,Kenya Moore,5,True,10,True
3539,30,Kenya Moore,6,True,10,False
3540,30,Kenya Moore,7,False,10,False
3541,30,Kenya Moore,8,False,10,False
3542,30,Kenya Moore,9,False,10,False
3543,30,Kenya Moore,10,False,10,
3544,30,Martin Kove,1,True,10,True
3545,30,Martin Kove,2,True,10,False
3546,30,Martin Kove,3,False,10,False
3547,30,Martin Kove,4,False,10,False
3548,30,Martin Kove,5,False,10,False
3549,30,Martin Kove,6,False,10,False
3550,30,Martin Kove,7,False,10,False
3551,30,Martin Kove,8,False,10,False
3552,30,Martin Kove,9,False,10,False
3553,30,Martin Kove,10,False,10,
3554,30,Matt James,1,True,10,True
3555,30,Matt James,2,True,10,True
3556,30,Matt James,3,True,10,True
3557,30,Matt James,4,True,10,False
3558,30,Matt James,5,False,10,False
3559,30,Matt James,6,False,10,False
3560,30,Matt James,7,False,10,False
3561,30,Matt James,8,False,10,False
3562,30,Matt James,9,False,10,False
3563,30,Matt James,10,False,10,
3564,30,Melanie C,1,True,10,True
3565,30,Melanie C,2,True,10,True
3566,30,Melanie C,3,True,10,True
3567,30,Melanie C,4,True,10,True
3568,30,Melanie C,5,True,10,False
3569,30,Melanie C,6,False,10,False
3570,30,Melanie C,7,False,10,False
3571,30,Melanie C,8,False,10,False
3572,30,Melanie C,9,False,10,False
3573,30,Melanie C,10,False,10,
3574,30,Melora Hardin,1,True,10,True
3575,30,Melora Hardin,2,True,10,True
3576,30,Melora Hardin,3,True,10,True
3577,30,Melora Hardin,4,True,10,True
3578,30,Melora Hardin,5,True,10,True
3579,30,Melora Hardin,6,True,10,True
3580,30,Melora Hardin,7,True,10,True
3581,30,Melora Hardin,8,True,10,True
3582,30,Melora Hardin,9,True,10,False
3583,30,Melora Hardin,10,False,10,
3584,30,"Mike ""The Miz"" Mizanin",1,True,10,True
3585,30,"Mike ""The Miz"" Mizanin",2,True,10,True
3586,30,"Mike ""The Miz"" Mizanin",3,True,10,True
3587,30,"Mike ""The Miz"" Mizanin",4,True,10,True
3588,30,"Mike ""The Miz"" Mizanin",5,True,10,True
3589,30,"Mike ""The Miz"" Mizanin",6,True,10,True
3590,30,"Mike ""The Miz"" Mizanin",7,True,10,False
3591,30,"Mike ""The Miz"" Mizanin",8,False,10,False
3592,30,"Mike ""The Miz"" Mizanin",9,False,10,False
3593,30,"Mike ""The Miz"" Mizanin",10,False,10,
3594,30,Olivia Jade,1,True,10,True
3595,30,Olivia Jade,2,True,10,True
3596,30,Olivia Jade,3,True,10,True
3597,30,Olivia Jade,4,True,10,True
3598,30,Olivia Jade,5,True,10,True
3599,30,Olivia Jade,6,True,10,True
3600,30,Olivia Jade,7,True,10,True
3601,30,Olivia Jade,8,True,10,False
3602,30,Olivia Jade,9,False,10,False
3603,30,Olivia Jade,10,False,10,
3604,30,Suni Lee,1,True,10,True
3605,30,Suni Lee,2,True,10,True
3606,30,Suni Lee,3,True,10,True
3607,30,Suni Lee,4,True,10,True
3608,30,Suni Lee,5,True,10,True
3609,30,Suni Lee,6,True,10,True
3610,30,Suni Lee,7,True,10,True
3611,30,Suni Lee,8,True,10,True
3612,30,Suni Lee,9,True,10,False
3613,30,Suni Lee,10,False,10,
3614,31,Charli D'Amelio,1,True,10,True
3615,31,Charli D'Amelio,2,True,10,True
3616,31,Charli D'Amelio,3,True,10,True
3617,31,Charli D'Amelio,4,True,10,True
3618,31,Charli D'Amelio,5,True,10,True
3619,31,Charli D'Amelio,6,True,10,True
3620,31,Charli D'Amelio,7,True,10,True
3621,31,Charli D'Amelio,8,True,10,True
3622,31,Charli D'Amelio,9,True,10,True
3623,31,Charli D'Amelio,10,True,10,
3624,31,Cheryl Ladd,1,True,10,True
3625,31,Cheryl Ladd,2,True,10,True
3626,31,Cheryl Ladd,3,True,10,False
3627,31,Cheryl Ladd,4,False,10,False
3628,31,Cheryl Ladd,5,False,10,False
3629,31,Cheryl Ladd,6,False,10,False
3630,31,Cheryl Ladd,7,False,10,False
3631,31,Cheryl Ladd,8,False,10,False
3632,31,Cheryl Ladd,9,False,10,False
3633,31,Cheryl Ladd,10,False,10,
3634,31,Daniel Durant,1,True,10,True
3635,31,Daniel Durant,2,True,10,True
3636,31,Daniel Durant,3,True,10,True
3637,31,Daniel Durant,4,True,10,True
3638,31,Daniel Durant,5,True,10,True
3639,31,Daniel Durant,6,True,10,True
3640,31,Daniel Durant,7,True,10,True
3641,31,Daniel Durant,8,True,10,True
3642,31,Daniel Durant,9,True,10,False
3643,31,Daniel Durant,10,False,10,
3644,31,Gabby Windey,1,True,10,True
3645,31,Gabby Windey,2,True,10,True
3646,31,Gabby Windey,3,True,10,True
3647,31,Gabby Windey,4,True,10,True
3648,31,Gabby Windey,5,True,10,True
3649,31,Gabby Windey,6,True,10,True
3650,31,Gabby Windey,7,True,10,True
3651,31,Gabby Windey,8,True,10,True
3652,31,Gabby Windey,9,True,10,True
3653,31,Gabby Windey,10,True,10,
3654,31,Heidi D'Amelio,1,True,10,True
3655,31,Heidi D'Amelio,2,True,10,True
3656,31,Heidi D'Amelio,3,True,10,True
3657,31,Heidi D'Amelio,4,True,10,True
3658,31,Heidi D'Amelio,5,True,10,True
3659,31,Heidi D'Amelio,6,True,10,True
3660,31,Heidi D'Amelio,7,True,10,True
3661,31,Heidi D'Amelio,8,True,10,False
3662,31,Heidi D'Amelio,9,False,10,False
3663,31,Heidi D'Amelio,10,False,10,
3664,31,Jason Lewis,1,True,10,False
3665,31,Jason Lewis,2,False,10,False
3666,31,Jason Lewis,3,False,10,False
3667,31,Jason Lewis,4,False,10,False
3668,31,Jason Lewis,5,False,10,False
3669,31,Jason Lewis,6,False,10,False
3670,31,Jason Lewis,7,False,10,False
3671,31,Jason Lewis,8,False,10,False
3672,31,Jason Lewis,9,False,10,False
3673,31,Jason Lewis,10,False,10,
3674,31,Jessie James Decker,1,True,10,True
3675,31,Jessie James Decker,2,True,10,True
3676,31,Jessie James Decker,3,True,10,True
3677,31,Jessie James Decker,4,True,10,True
3678,31,Jessie James Decker,5,True,10,True
3679,31,Jessie James Decker,6,True,10,False
3680,31,Jessie James Decker,7,False,10,False
3681,31,Jessie James Decker,8,False,10,False
3682,31,Jessie James Decker,9,False,10,False
3683,31,Jessie James Decker,10,False,10,
3684,31,Jordin Sparks,1,True,10,True
3685,31,Jordin Sparks,2,True,10,True
3686,31,Jordin Sparks,3,True,10,True
3687,31,Jordin Sparks,4,True,10,True
3688,31,Jordin Sparks,5,True,10,True
3689,31,Jordin Sparks,6,True,10,True
3690,31,Jordin Sparks,7,True,10,False
3691,31,Jordin Sparks,8,False,10,False
3692,31,Jordin Sparks,9,False,10,False
3693,31,Jordin Sparks,10,False,10,
3694,31,Joseph Baena,1,True,10,True
3695,31,Joseph Baena,2,True,10,True
3696,31,Joseph Baena,3,True,10,True
3697,31,Joseph Baena,4,True,10,True
3698,31,Joseph Baena,5,True,10,False
3699,31,Joseph Baena,6,False,10,False
3700,31,Joseph Baena,7,False,10,False
3701,31,Joseph Baena,8,False,10,False
3702,31,Joseph Baena,9,False,10,False
3703,31,Joseph Baena,10,False,10,
3704,31,Sam Champion,1,True,10,True
3705,31,Sam Champion,2,True,10,True
3706,31,Sam Champion,3,True,10,True
3707,31,Sam Champion,4,True,10,False
3708,31,Sam Champion,5,False,10,False
3709,31,Sam Champion,6,False,10,False
3710,31,Sam Champion,7,False,10,False
3711,31,Sam Champion,8,False,10,False
3712,31,Sam Champion,9,False,10,False
3713,31,Sam Champion,10,False,10,
3714,31,Selma Blair,1,True,10,True
3715,31,Selma Blair,2,True,10,True
3716,31,Selma Blair,3,True,10,True
3717,31,Selma Blair,4,True,10,True
3718,31,Selma Blair,5,True,10,False
3719,31,Selma Blair,6,False,10,False
3720,31,Selma Blair,7,False,10,False
3721,31,Selma Blair,8,False,10,False
3722,31,Selma Blair,9,False,10,False
3723,31,Selma Blair,10,False,10,
3724,31,Shangela,1,True,10,True
3725,31,Shangela,2,True,10,True
3726,31,Shangela,3,True,10,True
3727,31,Shangela,4,True,10,True
3728,31,Shangela,5,True,10,True
3729,31,Shangela,6,True,10,True
3730,31,Shangela,7,True,10,True
3731,31,Shangela,8,True,10,True
3732,31,Shangela,9,True,10,True
3733,31,Shangela,10,True,10,
3734,31,Teresa Giudice,1,True,10,True
3735,31,Teresa Giudice,2,True,10,False
3736,31,Teresa Giudice,3,False,10,False
3737,31,Teresa Giudice,4,False,10,False
3738,31,Teresa Giudice,5,False,10,False
3739,31,Teresa Giudice,6,False,10,False
3740,31,Teresa Giudice,7,False,10,False
3741,31,Teresa Giudice,8,False,10,False
3742,31,Teresa Giudice,9,False,10,False
3743,31,Teresa Giudice,10,False,10,
3744,31,Trevor Donovan,1,True,10,True
3745,31,Trevor Donovan,2,True,10,True
3746,31,Trevor Donovan,3,True,10,True
3747,31,Trevor Donovan,4,True,10,True
3748,31,Trevor Donovan,5,True,10,True
3749,31,Trevor Donovan,6,True,10,True
3750,31,Trevor Donovan,7,True,10,True
3751,31,Trevor Donovan,8,True,10,True
3752,31,Trevor Donovan,9,True,10,False
3753,31,Trevor Donovan,10,False,10,
3754,31,Vinny Guadagnino,1,True,10,True
3755,31,Vinny Guadagnino,2,True,10,True
3756,31,Vinny Guadagnino,3,True,10,True
3757,31,Vinny Guadagnino,4,True,10,True
3758,31,Vinny Guadagnino,5,True,10,True
3759,31,Vinny Guadagnino,6,True,10,True
3760,31,Vinny Guadagnino,7,True,10,True
3761,31,Vinny Guadagnino,8,True,10,False
3762,31,Vinny Guadagnino,9,False,10,False
3763,31,Vinny Guadagnino,10,False,10,
3764,31,Wayne Brady,1,True,10,True
3765,31,Wayne Brady,2,True,10,True
3766,31,Wayne Brady,3,True,10,True
3767,31,Wayne Brady,4,True,10,True
3768,31,Wayne Brady,5,True,10,True
3769,31,Wayne Brady,6,True,10,True
3770,31,Wayne Brady,7,True,10,True
3771,31,Wayne Brady,8,True,10,True
3772,31,Wayne Brady,9,True,10,True
3773,31,Wayne Brady,10,True,10,
3774,32,Adrian Peterson,1,True,11,True
3775,32,Adrian Peterson,2,True,11,True
3776,32,Adrian Peterson,3,True,11,True
3777,32,Adrian Peterson,4,True,11,False
3778,32,Adrian Peterson,5,False,11,False
3779,32,Adrian Peterson,6,False,11,False
3780,32,Adrian Peterson,7,False,11,False
3781,32,Adrian Peterson,8,False,11,False
3782,32,Adrian Peterson,9,False,11,False
3783,32,Adrian Peterson,10,False,11,False
3784,32,Adrian Peterson,11,False,11,
3785,32,Alyson Hannigan,1,True,11,True
3786,32,Alyson Hannigan,2,True,11,True
3787,32,Alyson Hannigan,3,True,11,True
3788,32,Alyson Hannigan,4,True,11,True
3789,32,Alyson Hannigan,5,True,11,True
3790,32,Alyson Hannigan,6,True,11,True
3791,32,Alyson Hannigan,7,True,11,True
3792,32,Alyson Hannigan,8,True,11,True
3793,32,Alyson Hannigan,9,True,11,True
3794,32,Alyson Hannigan,10,True,11,True
3795,32,Alyson Hannigan,11,True,11,
3796,32,Ariana Madix,1,True,11,True
3797,32,Ariana Madix,2,True,11,True
3798,32,Ariana Madix,3,True,11,True
3799,32,Ariana Madix,4,True,11,True
3800,32,Ariana Madix,5,True,11,True
3801,32,Ariana Madix,6,True,11,True
3802,32,Ariana Madix,7,True,11,True
3803,32,Ariana Madix,8,True,11,True
3804,32,Ariana Madix,9,True,11,True
3805,32,Ariana Madix,10,True,11,True
3806,32,Ariana Madix,11,True,11,
3807,32,Barry Williams,1,True,11,True
3808,32,Barry Williams,2,True,11,True
3809,32,Barry Williams,3,True,11,True
3810,32,Barry Williams,4,True,11,True
3811,32,Barry Williams,5,True,11,True
3812,32,Barry Williams,6,True,11,True
3813,32,Barry Williams,7,True,11,True
3814,32,Barry Williams,8,True,11,False
3815,32,Barry Williams,9,False,11,False
3816,32,Barry Williams,10,False,11,False
3817,32,Barry Williams,11,False,11,
3818,32,Charity Lawson,1,True,11,True
3819,32,Charity Lawson,2,True,11,True
3820,32,Charity Lawson,3,True,11,True
3821,32,Charity Lawson,4,True,11,True
3822,32,Charity Lawson,5,True,11,True
3823,32,Charity Lawson,6,True,11,True
3824,32,Charity Lawson,7,True,11,True
3825,32,Charity Lawson,8,True,11,True
3826,32,Charity Lawson,9,True,11,True
3827,32,Charity Lawson,10,True,11,True
3828,32,Charity Lawson,11,True,11,
3829,32,Harry Jowsey,1,True,11,True
3830,32,Harry Jowsey,2,True,11,True
3831,32,Harry Jowsey,3,True,11,True
3832,32,Harry Jowsey,4,True,11,True
3833,32,Harry Jowsey,5,True,11,True
3834,32,Harry Jowsey,6,True,11,True
3835,32,Harry Jowsey,7,True,11,True
3836,32,Harry Jowsey,8,True,11,True
3837,32,Harry Jowsey,9,True,11,False
3838,32,Harry Jowsey,10,False,11,False
3839,32,Harry Jowsey,11,False,11,
3840,32,Jamie Lynn Spears,1,True,11,True
3841,32,Jamie Lynn Spears,2,True,11,False
3842,32,Jamie Lynn Spears,3,False,11,False
3843,32,Jamie Lynn Spears,4,False,11,False
3844,32,Jamie Lynn Spears,5,False,11,False
3845,32,Jamie Lynn Spears,6,False,11,False
3846,32,Jamie Lynn Spears,7,False,11,False
3847,32,Jamie Lynn Spears,8,False,11,False
3848,32,Jamie Lynn Spears,9,False,11,False
3849,32,Jamie Lynn Spears,10,False,11,False
3850,32,Jamie Lynn Spears,11,False,11,
3851,32,Jason Mraz,1,True,11,True
3852,32,Jason Mraz,2,True,11,True
3853,32,Jason Mraz,3,True,11,True
3854,32,Jason Mraz,4,True,11,True
3855,32,Jason Mraz,5,True,11,True
3856,32,Jason Mraz,6,True,11,True
3857,32,Jason Mraz,7,True,11,True
3858,32,Jason Mraz,8,True,11,True
3859,32,Jason Mraz,9,True,11,True
3860,32,Jason Mraz,10,True,11,True
3861,32,Jason Mraz,11,True,11,
3862,32,Lele Pons,1,True,11,True
3863,32,Lele Pons,2,True,11,True
3864,32,Lele Pons,3,True,11,True
3865,32,Lele Pons,4,True,11,True
3866,32,Lele Pons,5,True,11,True
3867,32,Lele Pons,6,True,11,True
3868,32,Lele Pons,7,True,11,False
3869,32,Lele Pons,8,False,11,False
3870,32,Lele Pons,9,False,11,False
3871,32,Lele Pons,10,False,11,False
3872,32,Lele Pons,11,False,11,
3873,32,Matt Walsh,1,True,11,False
3874,32,Matt Walsh,2,False,11,False
3875,32,Matt Walsh,3,False,11,False
3876,32,Matt Walsh,4,False,11,False
3877,32,Matt Walsh,5,False,11,False
3878,32,Matt Walsh,6,False,11,False
3879,32,Matt Walsh,7,False,11,False
3880,32,Matt Walsh,8,False,11,False
3881,32,Matt Walsh,9,False,11,False
3882,32,Matt Walsh,10,False,11,False
3883,32,Matt Walsh,11,False,11,
3884,32,Mauricio Umansky,1,True,11,True
3885,32,Mauricio Umansky,2,True,11,True
3886,32,Mauricio Umansky,3,True,11,True
3887,32,Mauricio Umansky,4,True,11,True
3888,32,Mauricio Umansky,5,True,11,True
3889,32,Mauricio Umansky,6,True,11,False
3890,32,Mauricio Umansky,7,False,11,False
3891,32,Mauricio Umansky,8,False,11,False
3892,32,Mauricio Umansky,9,False,11,False
3893,32,Mauricio Umansky,10,False,11,False
3894,32,Mauricio Umansky,11,False,11,
3895,32,Mira Sorvino,1,True,11,True
3896,32,Mira Sorvino,2,True,11,True
3897,32,Mira Sorvino,3,True,11,True
3898,32,Mira Sorvino,4,True,11,True
3899,32,Mira Sorvino,5,True,11,False
3900,32,Mira Sorvino,6,False,11,False
3901,32,Mira Sorvino,7,False,11,False
3902,32,Mira Sorvino,8,False,11,False
3903,32,Mira Sorvino,9,False,11,False
3904,32,Mira Sorvino,10,False,11,False
3905,32,Mira Sorvino,11,False,11,
3906,32,Tyson Beckford,1,True,11,True
3907,32,Tyson Beckford,2,True,11,True
3908,32,Tyson Beckford,3,True,11,False
3909,32,Tyson Beckford,4,False,11,False
3910,32,Tyson Beckford,5,False,11,False
3911,32,Tyson Beckford,6,False,11,False
3912,32,Tyson Beckford,7,False,11,False
3913,32,Tyson Beckford,8,False,11,False
3914,32,Tyson Beckford,9,False,11,False
3915,32,Tyson Beckford,10,False,11,False
3916,32,Tyson Beckford,11,False,11,
3917,32,Xochitl Gomez,1,True,11,True
3918,32,Xochitl Gomez,2,True,11,True
3919,32,Xochitl Gomez,3,True,11,True
3920,32,Xochitl Gomez,4,True,11,True
3921,32,Xochitl Gomez,5,True,11,True
3922,32,Xochitl Gomez,6,True,11,True
3923,32,Xochitl Gomez,7,True,11,True
3924,32,Xochitl Gomez,8,True,11,True
3925,32,Xochitl Gomez,9,True,11,True
3926,32,Xochitl Gomez,10,True,11,True
3927,32,Xochitl Gomez,11,True,11,
3928,33,Anna Delvey,1,True,9,True
3929,33,Anna Delvey,2,True,9,False
3930,33,Anna Delvey,3,False,9,False
3931,33,Anna Delvey,4,False,9,False
3932,33,Anna Delvey,5,False,9,False
3933,33,Anna Delvey,6,False,9,False
3934,33,Anna Delvey,7,False,9,False
3935,33,Anna Delvey,8,False,9,False
3936,33,Anna Delvey,9,False,9,
3937,33,Brooks Nader,1,True,9,True
3938,33,Brooks Nader,2,True,9,True
3939,33,Brooks Nader,3,True,9,True
3940,33,Brooks Nader,4,True,9,False
3941,33,Brooks Nader,5,False,9,False
3942,33,Brooks Nader,6,False,9,False
3943,33,Brooks Nader,7,False,9,False
3944,33,Brooks Nader,8,False,9,False
3945,33,Brooks Nader,9,False,9,
3946,33,Chandler Kinney,1,True,9,True
3947,33,Chandler Kinney,2,True,9,True
3948,33,Chandler Kinney,3,True,9,True
3949,33,Chandler Kinney,4,True,9,True
3950,33,Chandler Kinney,5,True,9,True
3951,33,Chandler Kinney,6,True,9,True
3952,33,Chandler Kinney,7,True,9,True
3953,33,Chandler Kinney,8,True,9,True
3954,33,Chandler Kinney,9,True,9,
3955,33,Danny Amendola,1,True,9,True
3956,33,Danny Amendola,2,True,9,True
3957,33,Danny Amendola,3,True,9,True
3958,33,Danny Amendola,4,True,9,True
3959,33,Danny Amendola,5,True,9,True
3960,33,Danny Amendola,6,True,9,True
3961,33,Danny Amendola,7,True,9,True
3962,33,Danny Amendola,8,True,9,True
3963,33,Danny Amendola,9,True,9,
3964,33,Dwight Howard,1,True,9,True
3965,33,Dwight Howard,2,True,9,True
3966,33,Dwight Howard,3,True,9,True
3967,33,Dwight Howard,4,True,9,True
3968,33,Dwight Howard,5,True,9,True
3969,33,Dwight Howard,6,True,9,True
3970,33,Dwight Howard,7,True,9,False
3971,33,Dwight Howard,8,False,9,False
3972,33,Dwight Howard,9,False,9,
3973,33,Eric Roberts,1,True,9,True
3974,33,Eric Roberts,2,True,9,True
3975,33,Eric Roberts,3,True,9,False
3976,33,Eric Roberts,4,False,9,False
3977,33,Eric Roberts,5,False,9,False
3978,33,Eric Roberts,6,False,9,False
3979,33,Eric Roberts,7,False,9,False
3980,33,Eric Roberts,8,False,9,False
3981,33,Eric Roberts,9,False,9,
3982,33,Ilona Maher,1,True,9,True
3983,33,Ilona Maher,2,True,9,True
3984,33,Ilona Maher,3,True,9,True
3985,33,Ilona Maher,4,True,9,True
3986,33,Ilona Maher,5,True,9,True
3987,33,Ilona Maher,6,True,9,True
3988,33,Ilona Maher,7,True,9,True
3989,33,Ilona Maher,8,True,9,True
3990,33,Ilona Maher,9,True,9,
3991,33,Jenn Tran,1,True,9,True
3992,33,Jenn Tran,2,True,9,True
3993,33,Jenn Tran,3,True,9,True
3994,33,Jenn Tran,4,True,9,True
3995,33,Jenn Tran,5,True,9,True
3996,33,Jenn Tran,6,True,9,False
3997,33,Jenn Tran,7,False,9,False
3998,33,Jenn Tran,8,False,9,False
3999,33,Jenn Tran,9,False,9,
4000,33,Joey Graziadei,1,True,9,True
4001,33,Joey Graziadei,2,True,9,True
4002,33,Joey Graziadei,3,True,9,True
4003,33,Joey Graziadei,4,True,9,True
4004,33,Joey Graziadei,5,True,9,True
4005,33,Joey Graziadei,6,True,9,True
4006,33,Joey Graziadei,7,True,9,True
4007,33,Joey Graziadei,8,True,9,True
4008,33,Joey Graziadei,9,True,9,
4009,33,Phaedra Parks,1,True,9,True
4010,33,Phaedra Parks,2,True,9,True
4011,33,Phaedra Parks,3,True,9,True
4012,33,Phaedra Parks,4,True,9,True
4013,33,Phaedra Parks,5,True,9,False
4014,33,Phaedra Parks,6,False,9,False
4015,33,Phaedra Parks,7,False,9,False
4016,33,Phaedra Parks,8,False,9,False
4017,33,Phaedra Parks,9,False,9,
4018,33,Reginald VelJohnson,1,True,9,True
4019,33,Reginald VelJohnson,2,True,9,True
4020,33,Reginald VelJohnson,3,True,9,False
4021,33,Reginald VelJohnson,4,False,9,False
4022,33,Reginald VelJohnson,5,False,9,False
4023,33,Reginald VelJohnson,6,False,9,False
4024,33,Reginald VelJohnson,7,False,9,False
4025,33,Reginald VelJohnson,8,False,9,False
4026,33,Reginald VelJohnson,9,False,9,
4027,33,Stephen Nedoroscik,1,True,9,True
4028,33,Stephen Nedoroscik,2,True,9,True
4029,33,Stephen Nedoroscik,3,True,9,True
4030,33,Stephen Nedoroscik,4,True,9,True
4031,33,Stephen Nedoroscik,5,True,9,True
4032,33,Stephen Nedoroscik,6,True,9,True
4033,33,Stephen Nedoroscik,7,True,9,True
4034,33,Stephen Nedoroscik,8,True,9,True
4035,33,Stephen Nedoroscik,9,True,9,
4036,33,Tori Spelling,1,True,9,True
4037,33,Tori Spelling,2,True,9,False
4038,33,Tori Spelling,3,False,9,False
4039,33,Tori Spelling,4,False,9,False
4040,33,Tori Spelling,5,False,9,False
4041,33,Tori Spelling,6,False,9,False
4042,33,Tori Spelling,7,False,9,False
4043,33,Tori Spelling,8,False,9,False
4044,33,Tori Spelling,9,False,9,
4045,34,Alix Earle,1,True,11,True
4046,34,Alix Earle,2,True,11,True
4047,34,Alix Earle,3,True,11,True
4048,34,Alix Earle,4,True,11,True
4049,34,Alix Earle,5,True,11,True
4050,34,Alix Earle,6,True,11,True
4051,34,Alix Earle,7,True,11,True
4052,34,Alix Earle,8,True,11,True
4053,34,Alix Earle,9,True,11,True
4054,34,Alix Earle,10,True,11,True
4055,34,Alix Earle,11,True,11,
4056,34,Andy Richter,1,True,11,True
4057,34,Andy Richter,2,True,11,True
4058,34,Andy Richter,3,True,11,True
4059,34,Andy Richter,4,True,11,True
4060,34,Andy Richter,5,True,11,True
4061,34,Andy Richter,6,True,11,True
4062,34,Andy Richter,7,True,11,True
4063,34,Andy Richter,8,True,11,True
4064,34,Andy Richter,9,True,11,False
4065,34,Andy Richter,10,False,11,False
4066,34,Andy Richter,11,False,11,
4067,34,Baron Davis,1,True,11,True
4068,34,Baron Davis,2,True,11,False
4069,34,Baron Davis,3,False,11,False
4070,34,Baron Davis,4,False,11,False
4071,34,Baron Davis,5,False,11,False
4072,34,Baron Davis,6,False,11,False
4073,34,Baron Davis,7,False,11,False
4074,34,Baron Davis,8,False,11,False
4075,34,Baron Davis,9,False,11,False
4076,34,Baron Davis,10,False,11,False
4077,34,Baron Davis,11,False,11,
4078,34,Corey Feldman,1,True,11,True
4079,34,Corey Feldman,2,True,11,False
4080,34,Corey Feldman,3,False,11,False
4081,34,Corey Feldman,4,False,11,False
4082,34,Corey Feldman,5,False,11,False
4083,34,Corey Feldman,6,False,11,False
4084,34,Corey Feldman,7,False,11,False
4085,34,Corey Feldman,8,False,11,False
4086,34,Corey Feldman,9,False,11,False
4087,34,Corey Feldman,10,False,11,False
4088,34,Corey Feldman,11,False,11,
4089,34,Danielle Fishel,1,True,11,True
4090,34,Danielle Fishel,2,True,11,True
4091,34,Danielle Fishel,3,True,11,True
4092,34,Danielle Fishel,4,True,11,True
4093,34,Danielle Fishel,5,True,11,True
4094,34,Danielle Fishel,6,True,11,True
4095,34,Danielle Fishel,7,True,11,True
4096,34,Danielle Fishel,8,True,11,False
4097,34,Danielle Fishel,9,False,11,False
4098,34,Danielle Fishel,10,False,11,False
4099,34,Danielle Fishel,11,False,11,
4100,34,Dylan Efron,1,True,11,True
4101,34,Dylan Efron,2,True,11,True
4102,34,Dylan Efron,3,True,11,True
4103,34,Dylan Efron,4,True,11,True
4104,34,Dylan Efron,5,True,11,True
4105,34,Dylan Efron,6,True,11,True
4106,34,Dylan Efron,7,True,11,True
4107,34,Dylan Efron,8,True,11,True
4108,34,Dylan Efron,9,True,11,True
4109,34,Dylan Efron,10,True,11,True
4110,34,Dylan Efron,11,True,11,
4111,34,Elaine Hendrix,1,True,11,True
4112,34,Elaine Hendrix,2,True,11,True
4113,34,Elaine Hendrix,3,True,11,True
4114,34,Elaine Hendrix,4,True,11,True
4115,34,Elaine Hendrix,5,True,11,True
4116,34,Elaine Hendrix,6,True,11,True
4117,34,Elaine Hendrix,7,True,11,True
4118,34,Elaine Hendrix,8,True,11,True
4119,34,Elaine Hendrix,9,True,11,True
4120,34,Elaine Hendrix,10,True,11,True
4121,34,Elaine Hendrix,11,True,11,
4122,34,Hilaria Baldwin,1,True,11,True
4123,34,Hilaria Baldwin,2,True,11,True
4124,34,Hilaria Baldwin,3,True,11,True
4125,34,Hilaria Baldwin,4,True,11,False
4126,34,Hilaria Baldwin,5,False,11,False
4127,34,Hilaria Baldwin,6,False,11,False
4128,34,Hilaria Baldwin,7,False,11,False
4129,34,Hilaria Baldwin,8,False,11,False
4130,34,Hilaria Baldwin,9,False,11,False
4131,34,Hilaria Baldwin,10,False,11,False
4132,34,Hilaria Baldwin,11,False,11,
4133,34,Jen Affleck,1,True,11,True
4134,34,Jen Affleck,2,True,11,True
4135,34,Jen Affleck,3,True,11,True
4136,34,Jen Affleck,4,True,11,True
4137,34,Jen Affleck,5,True,11,True
4138,34,Jen Affleck,6,True,11,True
4139,34,Jen Affleck,7,True,11,False
4140,34,Jen Affleck,8,False,11,False
4141,34,Jen Affleck,9,False,11,False
4142,34,Jen Affleck,10,False,11,False
4143,34,Jen Affleck,11,False,11,
4144,34,Jordan Chiles,1,True,11,True
4145,34,Jordan Chiles,2,True,11,True
4146,34,Jordan Chiles,3,True,11,True
4147,34,Jordan Chiles,4,True,11,True
4148,34,Jordan Chiles,5,True,11,True
4149,34,Jordan Chiles,6,True,11,True
4150,34,Jordan Chiles,7,True,11,True
4151,34,Jordan Chiles,8,True,11,True
4152,34,Jordan Chiles,9,True,11,True
4153,34,Jordan Chiles,10,True,11,True
4154,34,Jordan Chiles,11,True,11,
4155,34,Lauren Jauregui,1,True,11,True
4156,34,Lauren Jauregui,2,True,11,True
4157,34,Lauren Jauregui,3,True,11,False
4158,34,Lauren Jauregui,4,False,11,False
4159,34,Lauren Jauregui,5,False,11,False
4160,34,Lauren Jauregui,6,False,11,False
4161,34,Lauren Jauregui,7,False,11,False
4162,34,Lauren Jauregui,8,False,11,False
4163,34,Lauren Jauregui,9,False,11,False
4164,34,Lauren Jauregui,10,False,11,False
4165,34,Lauren Jauregui,11,False,11,
4166,34,Robert Irwin,1,True,11,True
4167,34,Robert Irwin,2,True,11,True
4168,34,Robert Irwin,3,True,11,True
4169,34,Robert Irwin,4,True,11,True
4170,34,Robert Irwin,5,True,11,True
4171,34,Robert Irwin,6,True,11,True
4172,34,Robert Irwin,7,True,11,True
4173,34,Robert Irwin,8,True,11,True
4174,34,Robert Irwin,9,True,11,True
4175,34,Robert Irwin,10,True,11,True
4176,34,Robert Irwin,11,True,11,
4177,34,Scott Hoying,1,True,11,True
4178,34,Scott Hoying,2,True,11,True
4179,34,Scott Hoying,3,True,11,True
4180,34,Scott Hoying,4,True,11,True
4181,34,Scott Hoying,5,True,11,True
4182,34,Scott Hoying,6,True,11,False
4183,34,Scott Hoying,7,False,11,False
4184,34,Scott Hoying,8,False,11,False
4185,34,Scott Hoying,9,False,11,False
4186,34,Scott Hoying,10,False,11,False
4187,34,Scott Hoying,11,False,11,
4188,34,Whitney Leavitt,1,True,11,True
4189,34,Whitney Leavitt,2,True,11,True
4190,34,Whitney Leavitt,3,True,11,True
4191,34,Whitney Leavitt,4,True,11,True
4192,34,Whitney Leavitt,5,True,11,True
4193,34,Whitney Leavitt,6,True,11,True
4194,34,Whitney Leavitt,7,True,11,True
4195,34,Whitney Leavitt,8,True,11,True
4196,34,Whitney Leavitt,9,True,11,True
4197,34,Whitney Leavitt,10,True,11,False
4198,34,Whitney Leavitt,11,False,11,
